user_index,poi_index,cat_index,POI_catname,latitude,longitude,local_time,week_start,split_week,session_id
0,281,69,Train Station,35.74964694346383,139.80514526367188,2012-04-08 08:33:08,2012-04-02,train,0_0
0,243,236,Subway,35.669687,139.767254,2012-04-08 09:03:35,2012-04-02,train,0_0
0,3468,240,Convention Center,35.668087628929534,139.76731538772583,2012-04-08 09:10:48,2012-04-02,train,0_0
0,3468,240,Convention Center,35.668087628929534,139.76731538772583,2012-04-08 10:18:21,2012-04-02,train,0_0
0,243,236,Subway,35.669687,139.767254,2012-04-08 15:41:07,2012-04-02,train,0_0
0,142,69,Train Station,35.698596195264464,139.77301824864617,2012-04-08 15:55:32,2012-04-02,train,0_0
0,2965,26,Japanese Restaurant,35.700941,139.770555,2012-04-08 16:46:06,2012-04-02,train,0_0
0,3983,56,Electronics Store,35.70128071770129,139.77129310369492,2012-04-08 17:58:02,2012-04-02,train,0_0
0,633,56,Electronics Store,35.69901541704127,139.7746217250824,2012-04-08 18:21:33,2012-04-02,train,0_0
0,6441,121,Café,35.70093221409643,139.77065205574036,2012-04-08 19:05:55,2012-04-02,train,0_0
0,1153,122,Fast Food Restaurant,35.69926155378716,139.77390557527542,2012-04-08 19:45:08,2012-04-02,train,0_0
0,142,69,Train Station,35.698596195264464,139.77301824864617,2012-04-08 21:18:00,2012-04-02,train,0_0
0,140,69,Train Station,35.71341172584363,139.77605844022628,2012-04-08 21:24:53,2012-04-02,train,0_0
2,142,69,Train Station,35.698596195264464,139.77301824864617,2012-04-04 13:59:40,2012-04-02,train,2_0
2,1348,113,Park,35.70179,139.769787,2012-04-04 14:24:44,2012-04-02,train,2_0
2,44,69,Train Station,35.68137872227962,139.76608157157898,2012-04-04 19:28:27,2012-04-02,train,2_0
2,43,69,Train Station,35.69080269423021,139.70027922656513,2012-04-06 22:59:34,2012-04-02,train,2_0
3,6076,189,Ramen /  Noodle House,35.73176670714952,139.7101280093193,2012-04-07 22:52:12,2012-04-02,train,3_0
3,6446,189,Ramen /  Noodle House,35.66355943630304,139.7290188074112,2012-04-08 12:11:11,2012-04-02,train,3_0
4,1548,69,Train Station,35.78825523252428,139.6129198970888,2012-04-04 21:40:28,2012-04-02,train,4_0
4,1548,69,Train Station,35.78827415409564,139.6129149182259,2012-04-05 08:47:45,2012-04-02,train,4_0
5,130,236,Subway,35.68985771889442,139.8356580734253,2012-04-04 08:30:54,2012-04-02,train,5_0
5,258,236,Subway,35.682058469518815,139.78602647781372,2012-04-04 08:47:53,2012-04-02,train,5_0
5,1957,236,Subway,35.65890458756057,139.7025829553604,2012-04-04 10:44:03,2012-04-02,train,5_0
5,204,236,Subway,35.67815420136066,139.70568895339966,2012-04-04 11:05:51,2012-04-02,train,5_0
5,496,236,Subway,35.67983619744879,139.7800612449646,2012-04-04 11:53:36,2012-04-02,train,5_0
5,1103,236,Subway,35.70393800759793,139.73421692848206,2012-04-04 15:15:15,2012-04-02,train,5_0
5,496,236,Subway,35.67983619744879,139.7800612449646,2012-04-04 15:43:43,2012-04-02,train,5_0
5,258,236,Subway,35.682058469518815,139.78602647781372,2012-04-04 18:28:19,2012-04-02,train,5_0
5,130,236,Subway,35.68985771889442,139.8356580734253,2012-04-04 19:19:23,2012-04-02,train,5_0
5,130,236,Subway,35.68985771889442,139.8356580734253,2012-04-05 08:28:55,2012-04-02,train,5_0
5,258,236,Subway,35.682058469518815,139.78602647781372,2012-04-05 19:11:20,2012-04-02,train,5_0
7,189,69,Train Station,35.729864636451765,139.7109555727517,2012-04-04 19:04:10,2012-04-02,train,7_0
7,189,69,Train Station,35.729864636451765,139.7109555727517,2012-04-04 20:28:48,2012-04-02,train,7_0
7,398,236,Subway,35.68239834096679,139.77385997772217,2012-04-05 09:20:02,2012-04-02,train,7_0
7,3812,44,Bar,35.72874018925549,139.7135129570961,2012-04-05 20:56:35,2012-04-02,train,7_0
7,189,69,Train Station,35.729864636451765,139.7109555727517,2012-04-07 22:16:12,2012-04-02,train,7_0
7,189,69,Train Station,35.729864636451765,139.7109555727517,2012-04-08 08:14:26,2012-04-02,train,7_0
7,323,69,Train Station,35.64592362299403,139.8269248008728,2012-04-08 18:43:55,2012-04-02,train,7_0
7,768,69,Train Station,35.63440986098353,139.79161351919174,2012-04-08 18:55:54,2012-04-02,train,7_0
7,2549,240,Convention Center,35.62986667837494,139.79426622390747,2012-04-08 19:03:21,2012-04-02,train,7_0
7,768,69,Train Station,35.63440986098353,139.79161351919174,2012-04-08 21:18:52,2012-04-02,train,7_0
7,323,69,Train Station,35.64592362299403,139.8269248008728,2012-04-08 21:29:27,2012-04-02,train,7_0
8,259,225,Department Store,35.660473668016515,139.70034062862396,2012-04-08 15:12:15,2012-04-02,train,8_0
8,87,69,Train Station,35.65852172695124,139.7013260344949,2012-04-08 15:45:14,2012-04-02,train,8_0
8,43,69,Train Station,35.69080269423021,139.70027922656513,2012-04-08 15:53:21,2012-04-02,train,8_0
8,1330,225,Department Store,35.68770537652939,139.70213770866394,2012-04-08 15:59:10,2012-04-02,train,8_0
10,450,69,Train Station,35.843186474808554,139.80073034763336,2012-04-04 08:58:48,2012-04-02,train,10_0
10,281,69,Train Station,35.74964694346383,139.80514526367188,2012-04-04 09:10:57,2012-04-02,train,10_0
10,269,69,Train Station,35.732117253229084,139.76670384407043,2012-04-04 09:27:19,2012-04-02,train,10_0
10,189,69,Train Station,35.729864636451765,139.7109555727517,2012-04-04 09:41:28,2012-04-02,train,10_0
10,1848,69,Train Station,35.7277712437567,139.77096319198608,2012-04-05 00:19:23,2012-04-02,train,10_0
10,4032,69,Train Station,35.7332058958136,139.77757215499878,2012-04-05 00:30:13,2012-04-02,train,10_0
10,281,69,Train Station,35.74964694346383,139.80514526367188,2012-04-05 00:49:57,2012-04-02,train,10_0
10,450,69,Train Station,35.843186474808554,139.80073034763336,2012-04-05 01:10:17,2012-04-02,train,10_0
10,450,69,Train Station,35.843186474808554,139.80073034763336,2012-04-05 08:54:47,2012-04-02,train,10_0
10,750,69,Train Station,35.82842622855593,139.80346620082855,2012-04-05 08:57:31,2012-04-02,train,10_0
10,1848,69,Train Station,35.7277712437567,139.77096319198608,2012-04-05 09:20:20,2012-04-02,train,10_0
13,7319,24,Italian Restaurant,35.57159368322986,139.53103981883018,2012-04-06 23:04:49,2012-04-02,train,13_0
13,7319,24,Italian Restaurant,35.57159368322986,139.53103981883018,2012-04-08 21:25:54,2012-04-02,train,13_0
14,6376,200,Arcade,35.69776076129072,139.77146744728088,2012-04-04 19:16:30,2012-04-02,train,14_0
14,1547,22,Indian Restaurant,35.6976736316861,139.77464318275452,2012-04-04 20:47:23,2012-04-02,train,14_0
14,142,69,Train Station,35.698596195264464,139.77301824864617,2012-04-04 21:08:05,2012-04-02,train,14_0
14,177,236,Subway,35.67157800991645,139.74125512674627,2012-04-05 09:20:06,2012-04-02,train,14_0
14,4611,56,Electronics Store,35.667300988297605,139.75693255662918,2012-04-05 18:52:32,2012-04-02,train,14_0
14,2552,236,Subway,35.69541694176286,139.75110948085785,2012-04-08 09:11:32,2012-04-02,train,14_0
14,87,69,Train Station,35.65852172695124,139.7013260344949,2012-04-08 09:26:38,2012-04-02,train,14_0
14,2206,122,Fast Food Restaurant,35.66017510924936,139.7009763121605,2012-04-08 09:32:43,2012-04-02,train,14_0
14,1592,26,Japanese Restaurant,35.65824113190005,139.70311124468827,2012-04-08 13:20:01,2012-04-02,train,14_0
16,1096,208,Playground,35.65037435252347,139.6959149837494,2012-04-08 17:41:17,2012-04-02,train,16_0
16,7151,32,Bookstore,35.6491396377691,139.6993750333786,2012-04-08 19:08:52,2012-04-02,train,16_0
17,87,69,Train Station,35.65852172695124,139.7013260344949,2012-04-04 12:17:27,2012-04-02,train,17_0
17,338,69,Train Station,35.695965872216426,139.75806713104248,2012-04-04 13:02:09,2012-04-02,train,17_0
17,7380,26,Japanese Restaurant,35.607289031241194,139.73542745496138,2012-04-07 22:33:56,2012-04-02,train,17_0
17,164,69,Train Station,35.60753807817138,139.6688391408238,2012-04-07 23:21:36,2012-04-02,train,17_0
17,103,69,Train Station,35.536940832577606,139.63486790657043,2012-04-07 23:37:24,2012-04-02,train,17_0
17,164,69,Train Station,35.60753807817138,139.6688391408238,2012-04-08 08:40:04,2012-04-02,train,17_0
17,5817,69,Train Station,35.607041101221995,139.73500836365807,2012-04-08 08:58:44,2012-04-02,train,17_0
17,2549,240,Convention Center,35.62986667837494,139.79426622390747,2012-04-08 09:21:55,2012-04-02,train,17_0
17,545,69,Train Station,35.62752522528485,139.77879524230957,2012-04-08 19:16:58,2012-04-02,train,17_0
17,3831,69,Train Station,35.607295180716946,139.66867446899414,2012-04-08 23:23:04,2012-04-02,train,17_0
20,588,189,Ramen /  Noodle House,35.65858640915274,139.7009575366974,2012-04-04 20:26:10,2012-04-02,train,20_0
20,1347,69,Train Station,35.582599994424406,139.67325476479772,2012-04-08 12:55:02,2012-04-02,train,20_0
20,276,69,Train Station,35.589812720947975,139.66880321502686,2012-04-08 13:03:41,2012-04-02,train,20_0
20,540,69,Train Station,35.575734123306084,139.65965688228607,2012-04-08 13:10:07,2012-04-02,train,20_0
22,5805,167,General College & University,35.655568554680215,139.54370766878128,2012-04-04 08:57:40,2012-04-02,train,22_0
22,2793,225,Department Store,35.65285462210375,139.5437479019165,2012-04-04 15:25:35,2012-04-02,train,22_0
22,824,172,University,35.65617169882302,139.5444291830063,2012-04-05 08:46:16,2012-04-02,train,22_0
25,4576,236,Subway,35.78823,139.6131454,2012-04-04 12:30:42,2012-04-02,train,25_0
25,189,69,Train Station,35.729864636451765,139.7109555727517,2012-04-04 12:57:54,2012-04-02,train,25_0
25,2319,189,Ramen /  Noodle House,35.728228,139.714008,2012-04-04 13:04:31,2012-04-02,train,25_0
25,2347,6,Clothing Store,35.728994943755566,139.71346199512482,2012-04-04 14:33:50,2012-04-02,train,25_0
25,6545,281,Train Station,35.730802153140964,139.7105598449707,2012-04-04 14:51:43,2012-04-02,train,25_0
25,1548,69,Train Station,35.78825523252428,139.6129198970888,2012-04-04 15:13:02,2012-04-02,train,25_0
25,6196,197,Bridge,35.79255329616504,139.63920649907652,2012-04-05 00:53:28,2012-04-02,train,25_0
25,1548,69,Train Station,35.78825523252428,139.6129198970888,2012-04-05 17:19:32,2012-04-02,train,25_0
25,189,69,Train Station,35.729864636451765,139.7109555727517,2012-04-07 21:31:50,2012-04-02,train,25_0
25,1548,69,Train Station,35.78825523252428,139.6129198970888,2012-04-07 21:59:17,2012-04-02,train,25_0
25,1548,69,Train Station,35.78825523252428,139.6129198970888,2012-04-08 12:29:15,2012-04-02,train,25_0
25,5998,114,Plaza,35.70027876573162,139.7714138031006,2012-04-08 14:13:27,2012-04-02,train,25_0
25,1792,56,Electronics Store,35.69981917050721,139.7717759013176,2012-04-08 14:33:06,2012-04-02,train,25_0
25,4144,122,Fast Food Restaurant,35.69807878353967,139.77310627698898,2012-04-08 15:04:31,2012-04-02,train,25_0
25,5273,281,Train Station,35.69834017073988,139.77311432361603,2012-04-08 15:25:40,2012-04-02,train,25_0
25,5450,281,Train Station,35.69836195296789,139.772926568985,2012-04-08 15:26:19,2012-04-02,train,25_0
25,189,69,Train Station,35.729864636451765,139.7109555727517,2012-04-08 15:49:41,2012-04-02,train,25_0
25,1548,69,Train Station,35.78825523252428,139.6129198970888,2012-04-08 16:15:49,2012-04-02,train,25_0
26,719,63,Video Store,35.691720275988864,139.7023442387581,2012-04-04 12:25:48,2012-04-02,train,26_0
26,6047,225,Department Store,35.69160046368351,139.70469117164612,2012-04-04 16:25:58,2012-04-02,train,26_0
26,4922,57,Bar,35.703598227926584,139.59987312555313,2012-04-04 17:21:04,2012-04-02,train,26_0
26,470,113,Park,35.715872938632,139.5893669128418,2012-04-08 12:41:01,2012-04-02,train,26_0
30,7470,39,Food & Drink Shop,35.72411309607774,139.68210697174072,2012-04-08 10:40:33,2012-04-02,train,30_0
30,565,236,Subway,35.72359048983877,139.68326568603516,2012-04-08 10:41:18,2012-04-02,train,30_0
30,38,113,Park,35.71406103497294,139.77407455444336,2012-04-08 11:36:26,2012-04-02,train,30_0
30,142,69,Train Station,35.698596195264464,139.77301824864617,2012-04-08 17:28:56,2012-04-02,train,30_0
31,43,69,Train Station,35.69080269423021,139.70027922656513,2012-04-04 17:14:14,2012-04-02,train,31_0
31,665,200,Arcade,35.68987514653078,139.70226645469666,2012-04-04 17:18:11,2012-04-02,train,31_0
31,2158,71,Train Station,35.745618013200385,139.71957389860265,2012-04-04 18:38:54,2012-04-02,train,31_0
32,3015,236,Subway,35.6594319763759,139.70056056976318,2012-04-04 12:21:52,2012-04-02,train,32_0
32,4417,236,Subway,35.67269836384515,139.7240674495697,2012-04-04 12:29:52,2012-04-02,train,32_0
32,3313,236,Subway,35.67271579522983,139.72404599189758,2012-04-04 12:33:35,2012-04-02,train,32_0
32,351,236,Subway,35.65851667125014,139.77643489837646,2012-04-04 12:55:14,2012-04-02,train,32_0
32,2914,236,Subway,35.65637655975392,139.75460708141327,2012-04-04 15:08:00,2012-04-02,train,32_0
32,216,236,Subway,35.63869992304459,139.74003195762634,2012-04-04 15:09:41,2012-04-02,train,32_0
32,4451,39,Food & Drink Shop,35.67032672621309,139.60903651199118,2012-04-04 22:09:56,2012-04-02,train,32_0
33,503,69,Train Station,35.74953810235406,139.5865398645401,2012-04-08 14:29:30,2012-04-02,train,33_0
33,486,69,Train Station,35.743553244845074,139.6070272475481,2012-04-08 15:16:23,2012-04-02,train,33_0
33,421,69,Train Station,35.74054023732303,139.61697354912758,2012-04-08 15:26:15,2012-04-02,train,33_0
33,751,69,Train Station,35.74830601061255,139.56767320632937,2012-04-08 17:28:25,2012-04-02,train,33_0
34,6369,232,Food & Drink Shop,35.75502786233862,139.87698554992676,2012-04-04 06:53:28,2012-04-02,train,34_0
34,4640,76,Government Building,35.756910662664126,139.8756229877472,2012-04-04 06:57:58,2012-04-02,train,34_0
34,3432,69,Train Station,35.75649928003826,139.87531185150146,2012-04-04 06:58:28,2012-04-02,train,34_0
34,1385,69,Train Station,35.75086595372428,139.86690044403076,2012-04-04 07:09:06,2012-04-02,train,34_0
34,300,69,Train Station,35.74588638274114,139.85629266137698,2012-04-04 07:13:35,2012-04-02,train,34_0
34,2195,69,Train Station,35.74399571629637,139.81157183647156,2012-04-04 07:22:16,2012-04-02,train,34_0
34,2239,69,Train Station,35.71115144964136,139.7735595703125,2012-04-04 07:39:30,2012-04-02,train,34_0
34,141,69,Train Station,35.70735750443432,139.77461636066437,2012-04-04 07:46:07,2012-04-02,train,34_0
34,143,69,Train Station,35.691670172683054,139.7708773612976,2012-04-04 07:54:21,2012-04-02,train,34_0
34,279,69,Train Station,35.699583,139.765222,2012-04-04 07:57:56,2012-04-02,train,34_0
34,420,69,Train Station,35.68600611785052,139.73066568374634,2012-04-04 08:02:29,2012-04-02,train,34_0
34,43,69,Train Station,35.69080269423021,139.70027922656513,2012-04-04 08:07:39,2012-04-02,train,34_0
34,3068,198,Coffee Shop,35.68997971226908,139.6973741054535,2012-04-04 08:18:21,2012-04-02,train,34_0
34,487,125,Post Office,35.69024112601506,139.69679474830627,2012-04-04 13:16:34,2012-04-02,train,34_0
34,142,69,Train Station,35.698596195264464,139.77301824864617,2012-04-04 20:05:54,2012-04-02,train,34_0
34,2239,69,Train Station,35.71115144964136,139.7735595703125,2012-04-04 20:23:10,2012-04-02,train,34_0
34,1385,69,Train Station,35.75086595372428,139.86690044403076,2012-04-04 20:49:05,2012-04-02,train,34_0
34,1544,39,Food & Drink Shop,35.7506831033755,139.86860632896423,2012-04-04 20:55:55,2012-04-02,train,34_0
34,420,69,Train Station,35.68600611785052,139.73066568374634,2012-04-05 07:43:59,2012-04-02,train,34_0
34,43,69,Train Station,35.69080269423021,139.70027922656513,2012-04-05 07:49:44,2012-04-02,train,34_0
34,3068,198,Coffee Shop,35.68997971226908,139.6973741054535,2012-04-05 08:10:10,2012-04-02,train,34_0
34,43,69,Train Station,35.69080269423021,139.70027922656513,2012-04-05 18:46:26,2012-04-02,train,34_0
34,3163,236,Subway,35.67867274797632,139.74021703004837,2012-04-05 18:57:26,2012-04-02,train,34_0
34,1042,88,Temple,35.72176134100471,139.72567677497864,2012-04-07 21:52:18,2012-04-02,train,34_0
34,3511,237,Mall,35.72832866103416,139.76450443267822,2012-04-07 22:06:10,2012-04-02,train,34_0
34,2239,69,Train Station,35.71115144964136,139.7735595703125,2012-04-07 22:20:49,2012-04-02,train,34_0
34,1385,69,Train Station,35.75086595372428,139.86690044403076,2012-04-07 22:48:18,2012-04-02,train,34_0
34,5303,69,Train Station,35.75096173231076,139.86753344535828,2012-04-07 22:51:37,2012-04-02,train,34_0
34,6369,232,Food & Drink Shop,35.75502786233862,139.87698554992676,2012-04-08 09:27:01,2012-04-02,train,34_0
34,2145,79,Library,35.768524,139.870745,2012-04-08 09:48:42,2012-04-02,train,34_0
34,5283,125,Post Office,35.763516436270145,139.865682721138,2012-04-08 10:11:13,2012-04-02,train,34_0
34,2195,69,Train Station,35.74399571629637,139.81157183647156,2012-04-08 10:42:43,2012-04-02,train,34_0
34,1715,69,Train Station,35.728102210735656,139.7712743282318,2012-04-08 10:50:45,2012-04-02,train,34_0
34,2239,69,Train Station,35.71115144964136,139.7735595703125,2012-04-08 10:57:18,2012-04-02,train,34_0
34,6751,238,Bus Station,35.70787586121539,139.7726583480835,2012-04-08 11:06:46,2012-04-02,train,34_0
34,439,69,Train Station,35.731842912950256,139.7280639410019,2012-04-08 11:31:14,2012-04-02,train,34_0
34,189,69,Train Station,35.729864636451765,139.7109555727517,2012-04-08 12:06:00,2012-04-02,train,34_0
34,1035,113,Park,35.730227334361864,139.7089719772339,2012-04-08 12:13:03,2012-04-02,train,34_0
34,134,69,Train Station,35.70230879446056,139.7450315952301,2012-04-08 14:06:32,2012-04-02,train,34_0
34,338,69,Train Station,35.695965872216426,139.75806713104248,2012-04-08 14:30:48,2012-04-02,train,34_0
34,472,269,Shrine,35.702056132756816,139.76794302463531,2012-04-08 15:54:55,2012-04-02,train,34_0
34,142,69,Train Station,35.698596195264464,139.77301824864617,2012-04-08 15:56:00,2012-04-02,train,34_0
34,141,69,Train Station,35.70735750443432,139.77461636066437,2012-04-08 16:22:56,2012-04-02,train,34_0
34,2239,69,Train Station,35.71115144964136,139.7735595703125,2012-04-08 16:42:52,2012-04-02,train,34_0
34,300,69,Train Station,35.74588638274114,139.85629266137698,2012-04-08 17:02:12,2012-04-02,train,34_0
34,1385,69,Train Station,35.75086595372428,139.86690044403076,2012-04-08 17:07:17,2012-04-02,train,34_0
34,5303,69,Train Station,35.75096173231076,139.86753344535828,2012-04-08 17:09:26,2012-04-02,train,34_0
34,3432,69,Train Station,35.75649928003826,139.87531185150146,2012-04-08 17:24:30,2012-04-02,train,34_0
34,4640,76,Government Building,35.756910662664126,139.8756229877472,2012-04-08 17:25:12,2012-04-02,train,34_0
36,3137,56,Electronics Store,35.73284882268592,139.5122855901718,2012-04-06 22:03:12,2012-04-02,train,36_0
36,3431,122,Fast Food Restaurant,35.699064347178286,139.63833251816325,2012-04-08 23:36:29,2012-04-02,train,36_0
37,298,69,Train Station,35.633894296867474,139.53109860420227,2012-04-04 09:10:23,2012-04-02,train,37_0
37,43,69,Train Station,35.69080269423021,139.70027922656513,2012-04-04 20:33:42,2012-04-02,train,37_0
37,298,69,Train Station,35.633894296867474,139.53109860420227,2012-04-04 21:03:04,2012-04-02,train,37_0
37,298,69,Train Station,35.633894296867474,139.53109860420227,2012-04-05 09:05:54,2012-04-02,train,37_0
37,2016,121,Café,35.68920776,139.69809218,2012-04-06 22:02:12,2012-04-02,train,37_0
37,43,69,Train Station,35.69080269423021,139.70027922656513,2012-04-07 00:04:59,2012-04-02,train,37_0
37,298,69,Train Station,35.633894296867474,139.53109860420227,2012-04-07 01:06:30,2012-04-02,train,37_0
39,726,69,Train Station,35.706229304494286,139.6858298778534,2012-04-04 23:37:22,2012-04-02,train,39_0
39,1854,256,Convenience Store,35.71176125177244,139.68491792678833,2012-04-05 01:18:59,2012-04-02,train,39_0
39,4360,34,Bike Shop,35.67210569450093,139.7123220562935,2012-04-08 14:32:52,2012-04-02,train,39_0
40,238,236,Subway,35.68632418697207,139.78227138519287,2012-04-05 09:06:50,2012-04-02,train,40_0
40,407,234,Light Rail,35.63022857282679,139.79136675596237,2012-04-07 09:22:12,2012-04-02,train,40_0
40,345,236,Subway,35.65486406347791,139.79626715183258,2012-04-08 08:40:05,2012-04-02,train,40_0
40,2549,240,Convention Center,35.62986667837494,139.79426622390747,2012-04-08 08:56:01,2012-04-02,train,40_0
40,1548,69,Train Station,35.78825523252428,139.6129198970888,2012-04-08 23:36:30,2012-04-02,train,40_0
42,7198,44,Bar,35.700859899381,139.73983436833805,2012-04-08 02:35:18,2012-04-02,train,42_0
42,5831,189,Ramen /  Noodle House,35.70091805610527,139.74176868796349,2012-04-08 02:56:28,2012-04-02,train,42_0
42,756,69,Train Station,35.701224247754766,139.74499252247443,2012-04-08 03:01:20,2012-04-02,train,42_0
47,4465,197,Bridge,35.65222693374202,139.51171159744263,2012-04-04 08:29:29,2012-04-02,train,47_0
47,6791,229,Road,35.64501495365101,139.52688840865255,2012-04-04 11:02:51,2012-04-02,train,47_0
47,4439,256,Convenience Store,35.66998464164691,139.64214809658736,2012-04-04 11:39:03,2012-04-02,train,47_0
47,255,69,Train Station,35.67612791546994,139.64320957660675,2012-04-04 11:42:33,2012-04-02,train,47_0
47,5175,256,Convenience Store,35.68894963887682,139.65502625119123,2012-04-04 19:07:49,2012-04-02,train,47_0
47,6973,238,Bus Station,35.68897543982729,139.65511858463287,2012-04-04 19:09:14,2012-04-02,train,47_0
47,572,236,Subway,35.697769474245945,139.64807510375977,2012-04-04 19:22:20,2012-04-02,train,47_0
47,1620,236,Subway,35.697002730541755,139.68268632888794,2012-04-04 19:31:59,2012-04-02,train,47_0
47,1964,236,Subway,35.69235854578225,139.70094680786133,2012-04-04 19:35:59,2012-04-02,train,47_0
47,312,236,Subway,35.69085980180074,139.704852104187,2012-04-04 19:38:07,2012-04-02,train,47_0
47,778,269,Shrine,35.69353050909954,139.70513105392456,2012-04-04 19:42:22,2012-04-02,train,47_0
47,6973,238,Bus Station,35.68897543982729,139.65511858463287,2012-04-05 07:46:26,2012-04-02,train,47_0
47,6706,238,Bus Station,35.66364442399634,139.66046422719955,2012-04-05 07:57:03,2012-04-02,train,47_0
47,3547,69,Train Station,35.66140311571781,139.66725558042526,2012-04-05 08:02:41,2012-04-02,train,47_0
47,192,69,Train Station,35.60375363356726,139.50759172439575,2012-04-05 08:22:33,2012-04-02,train,47_0
47,192,69,Train Station,35.60375363356726,139.50759172439575,2012-04-05 18:25:25,2012-04-02,train,47_0
47,668,69,Train Station,35.62716331859532,139.57361698150635,2012-04-05 18:40:05,2012-04-02,train,47_0
47,3547,69,Train Station,35.66140311571781,139.66725558042526,2012-04-05 18:59:37,2012-04-02,train,47_0
47,1084,69,Train Station,35.661628665873394,139.66655015945437,2012-04-05 19:00:41,2012-04-02,train,47_0
47,205,69,Train Station,35.66252408,139.66055,2012-04-05 19:05:24,2012-04-02,train,47_0
47,6706,238,Bus Station,35.66364442399634,139.66046422719955,2012-04-05 19:07:47,2012-04-02,train,47_0
47,3723,229,Road,35.6724979026477,139.66060638427734,2012-04-05 19:14:12,2012-04-02,train,47_0
47,5521,229,Road,35.68739166995915,139.6557891368866,2012-04-05 19:20:31,2012-04-02,train,47_0
47,192,69,Train Station,35.60375363356726,139.50759172439575,2012-04-06 22:28:03,2012-04-02,train,47_0
47,3547,69,Train Station,35.66140311571781,139.66725558042526,2012-04-06 22:55:45,2012-04-02,train,47_0
47,6973,238,Bus Station,35.68897543982729,139.65511858463287,2012-04-08 07:59:53,2012-04-02,train,47_0
47,2927,122,Fast Food Restaurant,35.57734846681688,139.58379596471786,2012-04-08 08:30:46,2012-04-02,train,47_0
47,6235,229,Road,35.63101775866038,139.65651869773865,2012-04-08 19:40:46,2012-04-02,train,47_0
48,2284,26,Japanese Restaurant,35.67966957453742,139.7708264086029,2012-04-08 05:31:57,2012-04-02,train,48_0
48,859,237,Mall,35.678078961154846,139.76706242657212,2012-04-08 11:34:50,2012-04-02,train,48_0
49,106,236,Subway,35.66318884920453,139.73212469669195,2012-04-04 11:11:52,2012-04-02,train,49_0
49,1837,135,Movie Theater,35.65956273339461,139.729346036911,2012-04-04 18:13:22,2012-04-02,train,49_0
49,4572,236,Subway,35.66458473051395,139.85937416553497,2012-04-08 08:49:30,2012-04-02,train,49_0
51,1930,69,Train Station,35.666692051408944,139.7581327376774,2012-04-08 18:19:10,2012-04-02,train,51_0
51,333,69,Train Station,35.65561813580688,139.75674211978912,2012-04-08 18:27:12,2012-04-02,train,51_0
52,3426,233,Hobby Shop,35.72959520837498,139.71595780677555,2012-04-04 18:12:30,2012-04-02,train,52_0
52,1665,233,Hobby Shop,35.729909,139.713527,2012-04-04 18:17:35,2012-04-02,train,52_0
52,2011,63,Video Store,35.72805430770541,139.71920728683472,2012-04-04 21:10:13,2012-04-02,train,52_0
52,1701,237,Mall,35.73087618253065,139.7098034620285,2012-04-08 12:17:12,2012-04-02,train,52_0
52,189,69,Train Station,35.729864636451765,139.7109555727517,2012-04-08 12:19:24,2012-04-02,train,52_0
52,2422,69,Train Station,35.730227334361864,139.71116065979004,2012-04-08 12:19:57,2012-04-02,train,52_0
52,6491,234,Light Rail,35.7286073682101,139.71017360687256,2012-04-08 12:21:07,2012-04-02,train,52_0
52,5472,69,Train Station,35.73002287383088,139.71113004495706,2012-04-08 12:21:37,2012-04-02,train,52_0
52,142,69,Train Station,35.698596195264464,139.77301824864617,2012-04-08 12:42:16,2012-04-02,train,52_0
52,5874,69,Train Station,35.69839680452033,139.77264761924744,2012-04-08 12:43:23,2012-04-02,train,52_0
52,4503,69,Train Station,35.698494824429865,139.7725135087967,2012-04-08 12:45:22,2012-04-02,train,52_0
52,606,121,Café,35.69938571097244,139.77157473564148,2012-04-08 13:12:42,2012-04-02,train,52_0
52,1420,241,Miscellaneous Shop,35.7007492490941,139.7719180583954,2012-04-08 14:19:36,2012-04-02,train,52_0
52,5762,200,Arcade,35.7007383583069,139.7718831896782,2012-04-08 14:21:53,2012-04-02,train,52_0
52,1722,200,Arcade,35.700226,139.771692,2012-04-08 14:25:47,2012-04-02,train,52_0
52,2954,200,Arcade,35.69876710132423,139.7701209783554,2012-04-08 15:00:07,2012-04-02,train,52_0
52,1360,233,Hobby Shop,35.698327101400224,139.77162837982178,2012-04-08 15:51:14,2012-04-02,train,52_0
52,2663,24,Italian Restaurant,35.698314032058406,139.77481484413147,2012-04-08 16:07:47,2012-04-02,train,52_0
52,5659,273,Mobile Phone Shop,35.697394816311565,139.77364540100098,2012-04-08 17:47:41,2012-04-02,train,52_0
52,2954,200,Arcade,35.69876710132423,139.7701209783554,2012-04-08 18:05:05,2012-04-02,train,52_0
52,142,69,Train Station,35.698596195264464,139.77301824864617,2012-04-08 19:19:14,2012-04-02,train,52_0
52,4393,281,Train Station,35.7294860172988,139.7108557521276,2012-04-08 19:45:30,2012-04-02,train,52_0
52,5403,71,Train Station,35.73020989701211,139.71113503211117,2012-04-08 19:45:41,2012-04-02,train,52_0
52,189,69,Train Station,35.729864636451765,139.7109555727517,2012-04-08 19:46:33,2012-04-02,train,52_0
52,1701,237,Mall,35.73087618253065,139.7098034620285,2012-04-08 19:47:08,2012-04-02,train,52_0
53,87,69,Train Station,35.65852172695124,139.7013260344949,2012-04-05 17:55:37,2012-04-02,train,53_0
53,207,69,Train Station,35.60743038445974,139.68562066555023,2012-04-05 18:22:50,2012-04-02,train,53_0
53,87,69,Train Station,35.65852172695124,139.7013260344949,2012-04-07 21:26:09,2012-04-02,train,53_0
53,164,69,Train Station,35.60753807817138,139.6688391408238,2012-04-07 21:39:36,2012-04-02,train,53_0
53,207,69,Train Station,35.60743038445974,139.68562066555023,2012-04-08 15:09:24,2012-04-02,train,53_0
53,5817,69,Train Station,35.607041101221995,139.73500836365807,2012-04-08 15:26:20,2012-04-02,train,53_0
53,768,69,Train Station,35.63440986098353,139.79161351919174,2012-04-08 15:41:24,2012-04-02,train,53_0
53,2549,240,Convention Center,35.62986667837494,139.79426622390747,2012-04-08 15:50:36,2012-04-02,train,53_0
53,5817,69,Train Station,35.607041101221995,139.73500836365807,2012-04-08 20:40:45,2012-04-02,train,53_0
53,1981,39,Food & Drink Shop,35.60727758365833,139.68481369998435,2012-04-08 21:27:53,2012-04-02,train,53_0
54,4251,113,Park,35.67650703093621,139.48282957077026,2012-04-07 09:16:46,2012-04-02,train,54_0
54,7437,235,Laundry Service,35.67977121402511,139.4798116467335,2012-04-07 21:29:35,2012-04-02,train,54_0
54,893,69,Train Station,35.672195030970535,139.48046654462814,2012-04-08 10:14:34,2012-04-02,train,54_0
54,1434,69,Train Station,35.68971829766635,139.69925165176392,2012-04-08 10:48:47,2012-04-02,train,54_0
54,314,236,Subway,35.69938571097244,139.63566720485687,2012-04-08 11:07:56,2012-04-02,train,54_0
54,1434,69,Train Station,35.68971829766635,139.69925165176392,2012-04-08 20:56:46,2012-04-02,train,54_0
57,116,69,Train Station,35.66761259479359,139.6318370103836,2012-04-04 14:47:12,2012-04-02,train,57_0
57,43,69,Train Station,35.69080269423021,139.70027922656513,2012-04-04 15:04:37,2012-04-02,train,57_0
57,982,189,Ramen /  Noodle House,35.69580250045255,139.70195531845093,2012-04-04 15:18:39,2012-04-02,train,57_0
57,665,200,Arcade,35.68987514653078,139.70226645469666,2012-04-04 16:03:07,2012-04-02,train,57_0
57,2108,121,Café,35.692750654385335,139.69821900129318,2012-04-04 18:10:47,2012-04-02,train,57_0
57,1040,69,Train Station,35.668843755416134,139.62346985936165,2012-04-04 22:00:36,2012-04-02,train,57_0
57,169,69,Train Station,35.64734964890964,139.62407939136028,2012-04-05 18:02:13,2012-04-02,train,57_0
57,43,69,Train Station,35.69080269423021,139.70027922656513,2012-04-05 18:26:53,2012-04-02,train,57_0
57,5875,189,Ramen /  Noodle House,35.69258727603499,139.69868034124374,2012-04-05 19:10:41,2012-04-02,train,57_0
58,3361,69,Train Station,35.70318439175557,139.57990407943726,2012-04-04 19:20:17,2012-04-02,train,58_0
58,4168,69,Train Station,35.702230382293344,139.54482078552246,2012-04-04 19:32:23,2012-04-02,train,58_0
58,4723,240,Convention Center,35.70120230452301,139.5436406135559,2012-04-04 19:36:47,2012-04-02,train,58_0
58,3569,39,Food & Drink Shop,35.701587,139.5448,2012-04-04 19:39:57,2012-04-02,train,58_0
58,5238,238,Bus Station,35.70174683889158,139.5447564125061,2012-04-04 20:00:15,2012-04-02,train,58_0
58,753,69,Train Station,35.69749937219126,139.5827043056488,2012-04-05 08:06:05,2012-04-02,train,58_0
58,698,240,Convention Center,35.66233473180664,139.7075128555298,2012-04-05 18:41:50,2012-04-02,train,58_0
58,2312,69,Train Station,35.65874546666904,139.6991221965708,2012-04-05 18:55:52,2012-04-02,train,58_0
58,3361,69,Train Station,35.70318439175557,139.57990407943726,2012-04-05 19:26:12,2012-04-02,train,58_0
58,4168,69,Train Station,35.702230382293344,139.54482078552246,2012-04-05 19:37:34,2012-04-02,train,58_0
58,3569,39,Food & Drink Shop,35.701587,139.5448,2012-04-05 20:00:28,2012-04-02,train,58_0
58,5238,238,Bus Station,35.70174683889158,139.5447564125061,2012-04-05 20:02:03,2012-04-02,train,58_0
58,4168,69,Train Station,35.702230382293344,139.54482078552246,2012-04-08 13:42:34,2012-04-02,train,58_0
59,7483,42,Other Nightlife,35.62869025314029,139.54753898839652,2012-04-04 21:07:13,2012-04-02,train,59_0
59,898,69,Train Station,35.66629207220754,139.4770547747612,2012-04-05 20:51:26,2012-04-02,train,59_0
59,7483,42,Other Nightlife,35.62869025314029,139.54753898839652,2012-04-07 23:28:13,2012-04-02,train,59_0
59,7483,42,Other Nightlife,35.62869025314029,139.54753898839652,2012-04-08 21:49:17,2012-04-02,train,59_0
63,212,69,Train Station,35.64004270002671,139.59873855113983,2012-04-04 11:21:52,2012-04-02,train,63_0
63,313,236,Subway,35.674212701188424,139.74505841732025,2012-04-04 11:46:13,2012-04-02,train,63_0
63,44,69,Train Station,35.68137872227962,139.76608157157898,2012-04-04 11:59:47,2012-04-02,train,63_0
63,5817,69,Train Station,35.60713179761434,139.73477387338818,2012-04-04 15:15:41,2012-04-02,train,63_0
63,79,69,Train Station,35.59974085378926,139.6102237701416,2012-04-04 18:43:02,2012-04-02,train,63_0
63,378,69,Train Station,35.62081442397418,139.56971168518066,2012-04-04 18:55:14,2012-04-02,train,63_0
63,43,69,Train Station,35.69080269423021,139.70027922656513,2012-04-05 08:37:52,2012-04-02,train,63_0
63,333,69,Train Station,35.65561813580688,139.75674211978912,2012-04-05 09:05:56,2012-04-02,train,63_0
63,79,69,Train Station,35.59974085378926,139.6102237701416,2012-04-05 19:10:18,2012-04-02,train,63_0
63,378,69,Train Station,35.62081442397418,139.56971168518066,2012-04-05 19:26:39,2012-04-02,train,63_0
64,212,69,Train Station,35.64004270002671,139.59873855113983,2012-04-04 06:29:59,2012-04-02,train,64_0
64,6844,76,Government Building,35.620576766688515,139.56992357969284,2012-04-04 06:40:28,2012-04-02,train,64_0
64,212,69,Train Station,35.64004270002671,139.59873855113983,2012-04-05 06:33:01,2012-04-02,train,64_0
66,2503,182,Snack Place,35.78193269641314,139.74391469126294,2012-04-04 15:14:49,2012-04-02,train,66_0
66,4805,197,Bridge,35.7896903644686,139.72399234771729,2012-04-04 15:38:17,2012-04-02,train,66_0
66,1856,69,Train Station,35.80191699809086,139.71758723258972,2012-04-08 08:24:08,2012-04-02,train,66_0
66,3633,69,Train Station,35.62850802377022,139.73833131832686,2012-04-08 09:08:22,2012-04-02,train,66_0
66,354,69,Train Station,35.6483652265509,139.70339048812886,2012-04-08 20:32:20,2012-04-02,train,66_0
66,4805,197,Bridge,35.7896903644686,139.72399234771729,2012-04-08 21:22:41,2012-04-02,train,66_0
69,5900,95,Chinese Restaurant,35.562619649115234,139.71857964992523,2012-04-04 13:13:44,2012-04-02,train,69_0
69,5403,71,Train Station,35.73020989701211,139.71113503211117,2012-04-08 12:12:36,2012-04-02,train,69_0
69,5220,241,Miscellaneous Shop,35.72929977712927,139.7124695777893,2012-04-08 12:31:27,2012-04-02,train,69_0
69,2362,69,Train Station,35.71369516481194,139.77750778198242,2012-04-08 21:39:44,2012-04-02,train,69_0
70,234,69,Train Station,35.6443150221341,139.69909071922302,2012-04-08 10:10:38,2012-04-02,train,70_0
70,1269,39,Food & Drink Shop,35.622340646591006,139.68418836593628,2012-04-08 11:48:05,2012-04-02,train,70_0
70,811,237,Mall,35.672863961845884,139.73605692386627,2012-04-08 14:34:32,2012-04-02,train,70_0
70,429,81,Building,35.67317336771606,139.73639756441116,2012-04-08 15:47:04,2012-04-02,train,70_0
71,6139,241,Miscellaneous Shop,35.7134076942214,139.77929949760437,2012-04-04 13:07:02,2012-04-02,train,71_0
71,267,56,Electronics Store,35.71114927176825,139.77445542812347,2012-04-04 18:46:12,2012-04-02,train,71_0
71,3072,229,Road,35.702912129945254,139.7716873884201,2012-04-04 19:02:26,2012-04-02,train,71_0
71,6307,56,Electronics Store,35.700514007759885,139.77104902267456,2012-04-04 19:13:33,2012-04-02,train,71_0
71,3003,189,Ramen /  Noodle House,35.69617280930353,139.77088809013367,2012-04-04 20:24:35,2012-04-02,train,71_0
71,142,69,Train Station,35.698596195264464,139.77301824864617,2012-04-04 21:03:21,2012-04-02,train,71_0
71,38,113,Park,35.71406103497294,139.77407455444336,2012-04-05 19:31:16,2012-04-02,train,71_0
72,212,69,Train Station,35.64004270002671,139.59873855113983,2012-04-05 19:28:51,2012-04-02,train,72_0
72,58,204,Music Venue,35.69533416620789,139.70262050628662,2012-04-08 11:12:40,2012-04-02,train,72_0
72,4846,189,Ramen /  Noodle House,35.693746165900805,139.70451414585114,2012-04-08 13:56:05,2012-04-02,train,72_0
72,1302,201,Art Gallery,35.66994851524441,139.7068691253662,2012-04-08 15:19:02,2012-04-02,train,72_0
72,202,69,Train Station,35.669627,139.688855,2012-04-08 18:03:41,2012-04-02,train,72_0
73,164,69,Train Station,35.60753807817138,139.6688391408238,2012-04-04 06:39:35,2012-04-02,train,73_0
73,87,69,Train Station,35.65852172695124,139.7013260344949,2012-04-04 06:58:36,2012-04-02,train,73_0
73,2805,198,Coffee Shop,35.689683442321254,139.70078587532043,2012-04-04 07:13:21,2012-04-02,train,73_0
73,43,69,Train Station,35.69080269423021,139.70027922656513,2012-04-04 23:29:42,2012-04-02,train,73_0
73,87,69,Train Station,35.65852172695124,139.7013260344949,2012-04-04 23:35:42,2012-04-02,train,73_0
73,164,69,Train Station,35.60753807817138,139.6688391408238,2012-04-04 23:54:46,2012-04-02,train,73_0
73,164,69,Train Station,35.60753807817138,139.6688391408238,2012-04-05 06:27:42,2012-04-02,train,73_0
73,87,69,Train Station,35.65852172695124,139.7013260344949,2012-04-05 06:38:42,2012-04-02,train,73_0
73,158,69,Train Station,35.77806243973507,139.72083806991577,2012-04-06 22:29:27,2012-04-02,train,73_0
73,43,69,Train Station,35.69080269423021,139.70027922656513,2012-04-06 23:29:24,2012-04-02,train,73_0
73,87,69,Train Station,35.65852172695124,139.7013260344949,2012-04-06 23:35:58,2012-04-02,train,73_0
73,164,69,Train Station,35.60753807817138,139.6688391408238,2012-04-07 00:03:59,2012-04-02,train,73_0
74,3227,69,Train Station,35.777226834731394,139.79044675827026,2012-04-08 12:18:19,2012-04-02,train,74_0
74,142,69,Train Station,35.698596195264464,139.77301824864617,2012-04-08 12:38:53,2012-04-02,train,74_0
75,2991,81,Building,35.662055792924754,139.7488296031952,2012-04-04 12:24:16,2012-04-02,train,75_0
75,2434,69,Train Station,35.67067629738875,139.70252394676208,2012-04-08 16:12:08,2012-04-02,train,75_0
75,1719,269,Shrine,35.67135967071495,139.70564941655053,2012-04-08 16:19:11,2012-04-02,train,75_0
76,5159,48,Food & Drink Shop,35.772074,139.698941,2012-04-04 21:59:14,2012-04-02,train,76_0
76,5159,48,Food & Drink Shop,35.772074,139.698941,2012-04-06 22:54:21,2012-04-02,train,76_0
76,6382,236,Subway,35.791879113646445,139.64587569236755,2012-04-08 07:25:01,2012-04-02,train,76_0
76,6382,236,Subway,35.791879113646445,139.64587569236755,2012-04-08 14:08:28,2012-04-02,train,76_0
76,1567,236,Subway,35.76133125918705,139.70552802085876,2012-04-08 14:27:50,2012-04-02,train,76_0
76,171,236,Subway,35.70846826483773,139.7536039352417,2012-04-08 16:28:31,2012-04-02,train,76_0
76,1937,236,Subway,35.69059403321313,139.69256222248077,2012-04-08 16:51:54,2012-04-02,train,76_0
76,195,69,Train Station,35.68417610648677,139.70206260681152,2012-04-08 16:57:35,2012-04-02,train,76_0
76,1693,264,Camera Store,35.689354,139.698007,2012-04-08 18:10:00,2012-04-02,train,76_0
76,2533,236,Subway,35.68892097783667,139.69956278800964,2012-04-08 18:28:33,2012-04-02,train,76_0
76,338,69,Train Station,35.695965872216426,139.75806713104248,2012-04-08 18:46:13,2012-04-02,train,76_0
76,1567,236,Subway,35.76133125918705,139.70552802085876,2012-04-08 19:05:12,2012-04-02,train,76_0
77,862,69,Train Station,35.74660804374419,139.74690914154053,2012-04-05 00:11:23,2012-04-02,train,77_0
77,140,69,Train Station,35.71341172584363,139.77605844022628,2012-04-08 18:07:40,2012-04-02,train,77_0
77,38,113,Park,35.71406103497294,139.77407455444336,2012-04-08 18:29:48,2012-04-02,train,77_0
77,1306,237,Mall,35.7099644999719,139.77458149194717,2012-04-08 18:36:28,2012-04-02,train,77_0
78,1080,69,Train Station,35.70384108341622,139.59936015307903,2012-04-04 23:23:16,2012-04-02,train,78_0
78,4934,281,Train Station,35.69059839008235,139.69956278800964,2012-04-04 23:43:09,2012-04-02,train,78_0
78,108,236,Subway,35.67514525722818,139.75975155830383,2012-04-08 13:23:42,2012-04-02,train,78_0
80,3248,236,Subway,35.73740791660354,139.65474843978882,2012-04-04 11:20:48,2012-04-02,train,80_0
80,1137,236,Subway,35.663315368578374,139.7321167588234,2012-04-04 21:29:56,2012-04-02,train,80_0
80,3248,236,Subway,35.73740791660354,139.65474843978882,2012-04-05 08:56:10,2012-04-02,train,80_0
84,5573,237,Mall,35.68672503940127,139.7742247581482,2012-04-04 15:44:28,2012-04-02,train,84_0
84,1287,233,Hobby Shop,35.68700824914241,139.702330827713,2012-04-04 19:06:45,2012-04-02,train,84_0
84,1152,113,Park,35.71676798641553,139.51858408749104,2012-04-08 14:20:21,2012-04-02,train,84_0
85,189,69,Train Station,35.729864636451765,139.7109555727517,2012-04-08 12:21:18,2012-04-02,train,85_0
85,142,69,Train Station,35.698596195264464,139.77301824864617,2012-04-08 12:42:12,2012-04-02,train,85_0
85,6749,273,Mobile Phone Shop,35.69943363123786,139.77163910865784,2012-04-08 13:40:27,2012-04-02,train,85_0
85,142,69,Train Station,35.698596195264464,139.77301824864617,2012-04-08 16:27:28,2012-04-02,train,85_0
86,311,69,Train Station,35.568403721907565,139.5535111427307,2012-04-04 08:59:31,2012-04-02,train,86_0
86,898,69,Train Station,35.66629207220754,139.4770547747612,2012-04-04 09:43:38,2012-04-02,train,86_0
86,304,69,Train Station,35.70025262768564,139.48025465011597,2012-04-04 09:53:47,2012-04-02,train,86_0
86,4953,69,Train Station,35.6661526098011,139.4771432876587,2012-04-04 20:56:36,2012-04-02,train,86_0
86,939,69,Train Station,35.59902114917961,139.61120009422302,2012-04-04 21:21:03,2012-04-02,train,86_0
86,5698,69,Train Station,35.59995458300269,139.6105992794037,2012-04-04 21:38:41,2012-04-02,train,86_0
86,308,69,Train Station,35.57957795260064,139.57301884889603,2012-04-04 21:45:59,2012-04-02,train,86_0
86,311,69,Train Station,35.568403721907565,139.5535111427307,2012-04-08 12:22:03,2012-04-02,train,86_0
86,308,69,Train Station,35.57957795260064,139.57301884889603,2012-04-08 12:28:07,2012-04-02,train,86_0
86,79,69,Train Station,35.59974085378926,139.6102237701416,2012-04-08 12:30:45,2012-04-02,train,86_0
86,352,236,Subway,35.69550407383317,139.75170493125916,2012-04-08 12:57:43,2012-04-02,train,86_0
86,1351,138,Stadium,35.693203755259184,139.74982738494873,2012-04-08 13:13:58,2012-04-02,train,86_0
86,3109,148,Science Museum,35.69148282960861,139.75314259529114,2012-04-08 13:24:02,2012-04-02,train,86_0
86,352,236,Subway,35.69550407383317,139.75170493125916,2012-04-08 17:06:57,2012-04-02,train,86_0
86,631,69,Train Station,35.631663053994096,139.64477062225342,2012-04-08 17:42:34,2012-04-02,train,86_0
86,2971,203,Bowling Alley,35.602610884166204,139.61943984031677,2012-04-08 20:30:38,2012-04-02,train,86_0
86,939,69,Train Station,35.59902114917961,139.61120009422302,2012-04-08 20:39:00,2012-04-02,train,86_0
86,5698,69,Train Station,35.59995458300269,139.6105992794037,2012-04-08 20:39:22,2012-04-02,train,86_0
89,142,69,Train Station,35.698596195264464,139.77301824864617,2012-04-04 12:53:43,2012-04-02,train,89_0
89,633,56,Electronics Store,35.69901541704127,139.7746217250824,2012-04-04 12:54:46,2012-04-02,train,89_0
91,146,69,Train Station,35.6964320244761,139.81394290924072,2012-04-08 16:07:40,2012-04-02,train,91_0
91,271,236,Subway,35.66511535050908,139.71245884895325,2012-04-08 16:37:38,2012-04-02,train,91_0
91,87,69,Train Station,35.65852172695124,139.7013260344949,2012-04-08 21:45:29,2012-04-02,train,91_0
92,853,236,Subway,35.7098447150784,139.79080080986023,2012-04-04 11:31:46,2012-04-02,train,92_0
92,3691,189,Ramen /  Noodle House,35.701635754182334,139.77131724357605,2012-04-04 19:00:05,2012-04-02,train,92_0
92,1963,69,Train Station,35.69867779460533,139.77422207593918,2012-04-08 21:57:56,2012-04-02,train,92_0
95,6382,236,Subway,35.791879113646445,139.64587569236755,2012-04-04 07:51:43,2012-04-02,train,95_0
95,6382,236,Subway,35.791879113646445,139.64587569236755,2012-04-04 22:39:51,2012-04-02,train,95_0
95,6382,236,Subway,35.791879113646445,139.64587569236755,2012-04-05 07:53:31,2012-04-02,train,95_0
95,2465,236,Subway,35.64812504322375,139.74875450134277,2012-04-06 23:19:38,2012-04-02,train,95_0
95,6382,236,Subway,35.791879113646445,139.64587569236755,2012-04-07 00:12:27,2012-04-02,train,95_0
95,6382,236,Subway,35.791879113646445,139.64587569236755,2012-04-08 09:06:13,2012-04-02,train,95_0
95,6382,236,Subway,35.791879113646445,139.64587569236755,2012-04-08 19:40:22,2012-04-02,train,95_0
96,1100,236,Subway,35.53532512940529,139.58948493003845,2012-04-05 20:03:21,2012-04-02,train,96_0
96,208,69,Train Station,35.53132692901326,139.69690203666687,2012-04-08 07:08:16,2012-04-02,train,96_0
96,1100,236,Subway,35.53532512940529,139.58948493003845,2012-04-08 07:44:23,2012-04-02,train,96_0
96,1100,236,Subway,35.53532512940529,139.58948493003845,2012-04-08 14:34:08,2012-04-02,train,96_0
96,103,69,Train Station,35.536940832577606,139.63486790657043,2012-04-08 20:45:21,2012-04-02,train,96_0
96,6725,52,Bar,35.53701285911433,139.6339264512062,2012-04-08 20:49:37,2012-04-02,train,96_0
97,209,69,Train Station,35.58843420093637,139.7279191017151,2012-04-04 09:15:08,2012-04-02,train,97_0
97,2633,71,Train Station,35.62840530724475,139.7385407973929,2012-04-04 09:23:57,2012-04-02,train,97_0
97,6875,69,Train Station,35.62885074905048,139.73799347877502,2012-04-04 09:24:42,2012-04-02,train,97_0
97,1097,238,Bus Station,35.62893795379086,139.73751068115234,2012-04-04 09:25:09,2012-04-02,train,97_0
97,2077,73,Bus Station,35.624978623284925,139.7307826919107,2012-04-04 09:32:46,2012-04-02,train,97_0
97,4823,59,Office,35.62237989193128,139.7274550795555,2012-04-04 13:11:14,2012-04-02,train,97_0
97,1222,197,Bridge,35.61810203647139,139.73417401313782,2012-04-04 18:58:45,2012-04-02,train,97_0
97,1350,237,Mall,35.60624407285949,139.73497867584229,2012-04-04 19:15:41,2012-04-02,train,97_0
97,273,69,Train Station,35.606248434331405,139.73484992980957,2012-04-04 19:30:21,2012-04-02,train,97_0
97,209,69,Train Station,35.58843420093637,139.7279191017151,2012-04-04 19:34:57,2012-04-02,train,97_0
97,2622,237,Mall,35.58855440418538,139.72815863653634,2012-04-04 19:36:05,2012-04-02,train,97_0
97,209,69,Train Station,35.58843420093637,139.7279191017151,2012-04-05 09:13:45,2012-04-02,train,97_0
97,2633,71,Train Station,35.62862728546136,139.73839610317668,2012-04-05 09:22:50,2012-04-02,train,97_0
97,6875,69,Train Station,35.62885074905048,139.73799347877502,2012-04-05 09:23:44,2012-04-02,train,97_0
97,2633,71,Train Station,35.62840530724475,139.7385407973929,2012-04-05 20:02:38,2012-04-02,train,97_0
97,6232,79,Library,35.586385573075084,139.72803392196803,2012-04-06 23:09:30,2012-04-02,train,97_0
97,7474,208,Playground,35.585255033567705,139.72646752934247,2012-04-06 23:31:29,2012-04-02,train,97_0
98,91,236,Subway,35.697926307277214,139.6829116344452,2012-04-04 08:07:02,2012-04-02,train,98_0
98,1849,236,Subway,35.66278800541137,139.75963354110718,2012-04-04 19:25:23,2012-04-02,train,98_0
98,91,236,Subway,35.697926307277214,139.6829116344452,2012-04-04 20:01:20,2012-04-02,train,98_0
98,4799,256,Convenience Store,35.6976879631129,139.6751636525304,2012-04-04 20:17:35,2012-04-02,train,98_0
98,1849,236,Subway,35.66278800541137,139.75963354110718,2012-04-05 19:16:51,2012-04-02,train,98_0
98,2258,39,Food & Drink Shop,35.69713131545755,139.6814340102503,2012-04-05 19:55:45,2012-04-02,train,98_0
98,4799,256,Convenience Store,35.6976879631129,139.6751636525304,2012-04-05 20:09:18,2012-04-02,train,98_0
98,7007,69,Train Station,35.6342834227343,139.7156721353531,2012-04-06 23:35:07,2012-04-02,train,98_0
98,3768,69,Train Station,35.646552450704014,139.71022725105286,2012-04-06 23:40:07,2012-04-02,train,98_0
98,2090,69,Train Station,35.69034569127357,139.6997880935669,2012-04-06 23:48:45,2012-04-02,train,98_0
98,6047,225,Department Store,35.69160046368351,139.70469117164612,2012-04-08 14:49:09,2012-04-02,train,98_0
98,4799,256,Convenience Store,35.6976879631129,139.6751636525304,2012-04-08 22:35:56,2012-04-02,train,98_0
99,5060,5,Home (private),35.538045019120915,139.7064547728103,2012-04-04 07:25:37,2012-04-02,train,99_0
99,3696,197,Bridge,35.536547959420744,139.70413863658905,2012-04-04 07:25:51,2012-04-02,train,99_0
99,4396,69,Train Station,35.683208797808,139.76889789104462,2012-04-04 07:55:38,2012-04-02,train,99_0
99,1739,81,Building,35.68480354368326,139.76948261260986,2012-04-04 07:56:40,2012-04-02,train,99_0
99,4396,69,Train Station,35.683208797808,139.76889789104462,2012-04-04 13:07:47,2012-04-02,train,99_0
99,44,69,Train Station,35.68137872227962,139.76608157157898,2012-04-04 13:16:46,2012-04-02,train,99_0
99,2487,69,Train Station,35.57490948663387,139.663245677948,2012-04-04 13:41:41,2012-04-02,train,99_0
99,1983,59,Office,35.57288494578371,139.66524124145508,2012-04-04 13:42:16,2012-04-02,train,99_0
99,5984,269,Shrine,35.57302593150363,139.66537535190582,2012-04-04 13:42:59,2012-04-02,train,99_0
99,5906,59,Office,35.573905949073264,139.6658420562744,2012-04-04 13:44:47,2012-04-02,train,99_0
99,7017,268,River,35.53638207906566,139.7035002708435,2012-04-05 07:47:39,2012-04-02,train,99_0
99,5060,5,Home (private),35.538045019120915,139.7064547728103,2012-04-05 07:47:55,2012-04-02,train,99_0
99,3696,197,Bridge,35.536547959420744,139.70413863658905,2012-04-05 07:49:16,2012-04-02,train,99_0
99,5527,116,Sculpture Garden,35.65436596147994,139.75688423249474,2012-04-05 08:10:25,2012-04-02,train,99_0
99,4396,69,Train Station,35.683208797808,139.76889789104462,2012-04-05 08:19:04,2012-04-02,train,99_0
99,1739,81,Building,35.68480354368326,139.76948261260986,2012-04-05 08:19:55,2012-04-02,train,99_0
99,4396,69,Train Station,35.683208797808,139.76889789104462,2012-04-05 17:40:14,2012-04-02,train,99_0
99,3696,197,Bridge,35.536547959420744,139.70413863658905,2012-04-05 18:16:46,2012-04-02,train,99_0
99,5060,5,Home (private),35.538045019120915,139.7064547728103,2012-04-05 18:16:57,2012-04-02,train,99_0
99,7017,268,River,35.53638207906566,139.7035002708435,2012-04-05 18:18:02,2012-04-02,train,99_0
99,7017,268,River,35.53638207906566,139.7035002708435,2012-04-08 11:00:50,2012-04-02,train,99_0
99,5060,5,Home (private),35.538045019120915,139.7064547728103,2012-04-08 11:01:07,2012-04-02,train,99_0
99,3696,197,Bridge,35.536547959420744,139.70413863658905,2012-04-08 11:01:28,2012-04-02,train,99_0
99,140,69,Train Station,35.71341172584363,139.77605844022628,2012-04-08 11:30:17,2012-04-02,train,99_0
99,5535,197,Bridge,35.71006686146555,139.79896008968353,2012-04-08 11:44:31,2012-04-02,train,99_0
99,3102,197,Bridge,35.714143791085945,139.803364276886,2012-04-08 12:01:10,2012-04-02,train,99_0
99,139,69,Train Station,35.72047220136041,139.77882742881775,2012-04-08 13:35:54,2012-04-02,train,99_0
99,2881,88,Temple,35.71210317449733,139.77108925580978,2012-04-08 14:30:47,2012-04-02,train,99_0
99,837,269,Shrine,35.707738649454306,139.76821660995483,2012-04-08 14:40:48,2012-04-02,train,99_0
99,5212,104,Other Great Outdoors,35.7060267495325,139.76783573627472,2012-04-08 14:41:53,2012-04-02,train,99_0
99,2004,197,Bridge,35.69974729044582,139.76551830768585,2012-04-08 14:51:59,2012-04-02,train,99_0
99,3490,26,Japanese Restaurant,35.695541,139.761215,2012-04-08 15:06:45,2012-04-02,train,99_0
99,7475,32,Bookstore,35.69599053739068,139.75856189668357,2012-04-08 15:36:02,2012-04-02,train,99_0
99,6238,32,Bookstore,35.6959326097898,139.75766349722682,2012-04-08 15:36:36,2012-04-02,train,99_0
99,2864,197,Bridge,35.69568705087092,139.75278049707413,2012-04-08 15:43:17,2012-04-02,train,99_0
99,352,236,Subway,35.69550407383317,139.75170493125916,2012-04-08 15:43:40,2012-04-02,train,99_0
100,87,69,Train Station,35.65852172695124,139.7013260344949,2012-04-04 09:49:27,2012-04-02,train,100_0
100,87,69,Train Station,35.65852172695124,139.7013260344949,2012-04-04 21:47:54,2012-04-02,train,100_0
100,1078,122,Fast Food Restaurant,35.73119842730767,139.70959424972534,2012-04-04 22:23:44,2012-04-02,train,100_0
100,3429,69,Train Station,35.644253990569474,139.69905853271484,2012-04-06 22:33:59,2012-04-02,train,100_0
100,1137,236,Subway,35.663315368578374,139.7321167588234,2012-04-06 22:45:31,2012-04-02,train,100_0
103,4821,69,Train Station,35.72770156632276,139.7709846496582,2012-04-08 10:59:09,2012-04-02,train,103_0
103,2830,234,Light Rail,35.72535862712498,139.72043305635452,2012-04-08 11:19:46,2012-04-02,train,103_0
103,6872,46,Bar,35.72420237430072,139.72211346030235,2012-04-08 11:20:46,2012-04-02,train,103_0
103,1368,46,Bar,35.727392371974226,139.71871376037598,2012-04-08 15:57:44,2012-04-02,train,103_0
104,3581,237,Mall,35.73696812999813,139.77051258087158,2012-04-04 13:18:58,2012-04-02,train,104_0
104,5265,224,General Travel,35.734409917180926,139.76874500513077,2012-04-04 13:22:48,2012-04-02,train,104_0
104,5585,197,Bridge,35.738897076971924,139.7610980272293,2012-04-04 13:58:09,2012-04-02,train,104_0
104,6968,229,Road,35.734175,139.770893,2012-04-04 14:33:03,2012-04-02,train,104_0
104,5463,71,Train Station,35.73442515784104,139.7687530517578,2012-04-04 14:38:17,2012-04-02,train,104_0
104,3581,237,Mall,35.73696812999813,139.77051258087158,2012-04-04 15:52:57,2012-04-02,train,104_0
104,734,69,Train Station,35.746783828533495,139.75463591516018,2012-04-04 16:04:53,2012-04-02,train,104_0
104,5585,197,Bridge,35.738897076971924,139.7610980272293,2012-04-04 16:58:15,2012-04-02,train,104_0
104,7384,69,Train Station,35.73469718313031,139.76706741843276,2012-04-04 17:01:54,2012-04-02,train,104_0
104,5265,224,General Travel,35.734409917180926,139.76874500513077,2012-04-04 17:21:12,2012-04-02,train,104_0
104,5463,71,Train Station,35.73442515784104,139.7687530517578,2012-04-04 17:21:25,2012-04-02,train,104_0
104,3581,237,Mall,35.73696812999813,139.77051258087158,2012-04-04 17:26:04,2012-04-02,train,104_0
104,6853,256,Convenience Store,35.737503532886734,139.77349229081085,2012-04-04 17:28:42,2012-04-02,train,104_0
104,3581,237,Mall,35.73696812999813,139.77051258087158,2012-04-04 19:35:45,2012-04-02,train,104_0
104,7384,69,Train Station,35.73469718313031,139.76706741843276,2012-04-08 11:12:17,2012-04-02,train,104_0
104,1476,69,Train Station,35.737242452621174,139.77401286363602,2012-04-08 11:12:31,2012-04-02,train,104_0
104,1848,69,Train Station,35.7277712437567,139.77096319198608,2012-04-08 11:23:31,2012-04-02,train,104_0
104,189,69,Train Station,35.729864636451765,139.7109555727517,2012-04-08 11:38:38,2012-04-02,train,104_0
104,3353,69,Train Station,35.73035579800958,139.7105571627617,2012-04-08 11:41:22,2012-04-02,train,104_0
104,5628,90,High School,35.740299126482874,139.70968544483185,2012-04-08 11:52:49,2012-04-02,train,104_0
104,866,69,Train Station,35.740912,139.716762,2012-04-08 15:57:55,2012-04-02,train,104_0
104,189,69,Train Station,35.729864636451765,139.7109555727517,2012-04-08 16:12:41,2012-04-02,train,104_0
104,1848,69,Train Station,35.7277712437567,139.77096319198608,2012-04-08 16:29:14,2012-04-02,train,104_0
104,1476,69,Train Station,35.737242452621174,139.77401286363602,2012-04-08 16:36:25,2012-04-02,train,104_0
104,6853,256,Convenience Store,35.737503532886734,139.77349229081085,2012-04-08 16:38:41,2012-04-02,train,104_0
108,142,69,Train Station,35.698596195264464,139.77301824864617,2012-04-04 12:10:55,2012-04-02,train,108_0
108,1921,105,Garden,35.68525668970075,139.70946550369263,2012-04-04 14:32:35,2012-04-02,train,108_0
108,420,69,Train Station,35.68600611785052,139.73066568374634,2012-04-04 15:06:41,2012-04-02,train,108_0
108,2921,69,Train Station,35.699847486877246,139.7637802362442,2012-04-04 15:15:56,2012-04-02,train,108_0
108,142,69,Train Station,35.698596195264464,139.77301824864617,2012-04-04 15:21:21,2012-04-02,train,108_0
108,633,56,Electronics Store,35.69901541704127,139.7746217250824,2012-04-04 15:29:17,2012-04-02,train,108_0
108,101,32,Bookstore,35.700426881163665,139.77175176143646,2012-04-04 16:09:23,2012-04-02,train,108_0
108,371,69,Train Station,35.681167389425845,139.7114396095276,2012-04-04 18:17:18,2012-04-02,train,108_0
108,134,69,Train Station,35.70230879446056,139.7450315952301,2012-04-05 17:32:46,2012-04-02,train,108_0
108,69,237,Mall,35.687417812220446,139.70212697982788,2012-04-08 19:04:13,2012-04-02,train,108_0
109,587,81,Building,35.729352034161906,139.718177318573,2012-04-04 09:17:10,2012-04-02,train,109_0
109,37,81,Building,35.7293476794105,139.71816658973694,2012-04-04 20:38:59,2012-04-02,train,109_0
109,5340,39,Food & Drink Shop,35.73139003169213,139.7199583053589,2012-04-08 18:31:59,2012-04-02,train,109_0
110,43,69,Train Station,35.69080269423021,139.70027922656513,2012-04-04 19:08:24,2012-04-02,train,110_0
110,43,69,Train Station,35.69080269423021,139.70027922656513,2012-04-04 22:45:46,2012-04-02,train,110_0
110,192,69,Train Station,35.60375363356726,139.50759172439575,2012-04-04 23:16:32,2012-04-02,train,110_0
110,7093,69,Train Station,35.6282272323851,139.73871231079102,2012-04-05 18:58:27,2012-04-02,train,110_0
112,1473,200,Arcade,35.65999640930724,139.69946086406708,2012-04-04 20:03:21,2012-04-02,train,112_0
112,2030,20,Record Shop,35.66194683215934,139.67004507780075,2012-04-05 20:07:40,2012-04-02,train,112_0
114,1249,122,Fast Food Restaurant,35.57454188792135,139.65832650661469,2012-04-04 07:27:54,2012-04-02,train,114_0
114,3699,69,Train Station,35.70087122580895,139.6972131729126,2012-04-04 18:06:48,2012-04-02,train,114_0
114,4651,204,Music Venue,35.701159904333885,139.69716766118074,2012-04-04 18:09:00,2012-04-02,train,114_0
114,2487,69,Train Station,35.57490948663387,139.663245677948,2012-04-05 07:54:41,2012-04-02,train,114_0
115,289,69,Train Station,35.55319972801149,139.64681446552277,2012-04-08 13:08:22,2012-04-02,train,115_0
115,164,69,Train Station,35.60753807817138,139.6688391408238,2012-04-08 16:19:51,2012-04-02,train,115_0
115,383,69,Train Station,35.61783384524961,139.676393866539,2012-04-08 16:21:11,2012-04-02,train,115_0
115,3702,69,Train Station,35.63764486815911,139.69114065170288,2012-04-08 16:35:30,2012-04-02,train,115_0
118,333,69,Train Station,35.65561813580688,139.75674211978912,2012-04-04 18:25:25,2012-04-02,train,118_0
118,87,69,Train Station,35.65852172695124,139.7013260344949,2012-04-04 18:51:39,2012-04-02,train,118_0
118,413,63,Video Store,35.659817708965214,139.70037549734116,2012-04-04 22:19:17,2012-04-02,train,118_0
118,333,69,Train Station,35.65561813580688,139.75674211978912,2012-04-05 17:43:19,2012-04-02,train,118_0
118,43,69,Train Station,35.69080269423021,139.70027922656513,2012-04-05 18:08:23,2012-04-02,train,118_0
118,333,69,Train Station,35.65561813580688,139.75674211978912,2012-04-07 00:14:02,2012-04-02,train,118_0
118,3423,121,Café,35.660652366890595,139.7574770450592,2012-04-08 12:54:24,2012-04-02,train,118_0
120,151,236,Subway,35.68691239365025,139.76361393928528,2012-04-04 11:22:12,2012-04-02,train,120_0
120,44,69,Train Station,35.68137872227962,139.76608157157898,2012-04-04 11:32:30,2012-04-02,train,120_0
120,208,69,Train Station,35.53132692901326,139.69690203666687,2012-04-04 14:21:08,2012-04-02,train,120_0
120,5425,69,Train Station,35.53278501016141,139.7009038925171,2012-04-04 15:20:06,2012-04-02,train,120_0
120,1505,69,Train Station,35.53473417006644,139.7480021417141,2012-04-04 15:36:24,2012-04-02,train,120_0
120,748,69,Train Station,35.53275445184632,139.7007429599762,2012-04-04 16:57:36,2012-04-02,train,120_0
120,7193,69,Train Station,35.68855063531451,139.69866156578064,2012-04-05 19:20:25,2012-04-02,train,120_0
120,1608,241,Miscellaneous Shop,35.66057770998464,139.52343326769193,2012-04-08 11:46:36,2012-04-02,train,120_0
120,87,69,Train Station,35.65852172695124,139.7013260344949,2012-04-08 15:50:57,2012-04-02,train,120_0
122,923,108,Pool,35.56407061569543,139.59436655044556,2012-04-04 08:52:42,2012-04-02,train,122_0
122,3383,172,University,35.62111967082788,139.64974880218506,2012-04-04 18:51:09,2012-04-02,train,122_0
122,923,108,Pool,35.56407061569543,139.59436655044556,2012-04-05 08:53:14,2012-04-02,train,122_0
122,2740,228,Furniture / Home Store,35.569128065242275,139.69536244869232,2012-04-08 14:58:48,2012-04-02,train,122_0
122,6529,9,Gym / Fitness Center,35.66662473930853,139.70021417175656,2012-04-08 20:10:34,2012-04-02,train,122_0
124,207,69,Train Station,35.60743038445974,139.68562066555023,2012-04-05 08:40:58,2012-04-02,train,124_0
124,285,69,Train Station,35.608468006000365,139.64779202361206,2012-04-05 08:50:23,2012-04-02,train,124_0
124,5845,60,Automotive Shop,35.79315058889314,139.63818806900167,2012-04-05 18:37:53,2012-04-02,train,124_0
124,237,236,Subway,35.66953450447677,139.75550293922424,2012-04-08 09:32:40,2012-04-02,train,124_0
124,2420,256,Convenience Store,35.666366897548244,139.76424209239076,2012-04-08 13:28:02,2012-04-02,train,124_0
124,237,236,Subway,35.66953450447677,139.75550293922424,2012-04-08 21:32:03,2012-04-02,train,124_0
125,4030,69,Train Station,35.71373000966154,139.77722883224487,2012-04-05 07:48:16,2012-04-02,train,125_0
125,4859,122,Fast Food Restaurant,35.70826845241412,139.7738667220495,2012-04-05 08:03:06,2012-04-02,train,125_0
125,4030,69,Train Station,35.71373000966154,139.77722883224487,2012-04-05 18:12:26,2012-04-02,train,125_0
125,4030,69,Train Station,35.71373000966154,139.77722883224487,2012-04-07 09:16:23,2012-04-02,train,125_0
125,5779,69,Train Station,35.71166954105827,139.77564405451045,2012-04-07 09:20:48,2012-04-02,train,125_0
125,4030,69,Train Station,35.71373000966154,139.77722883224487,2012-04-08 09:15:53,2012-04-02,train,125_0
125,5779,69,Train Station,35.71166954105827,139.77564405451045,2012-04-08 09:19:46,2012-04-02,train,125_0
125,5677,256,Convenience Store,35.71069845,139.7763035,2012-04-08 09:25:42,2012-04-02,train,125_0
125,5779,69,Train Station,35.71166954105827,139.77564405451045,2012-04-08 20:16:27,2012-04-02,train,125_0
125,4030,69,Train Station,35.71373000966154,139.77722883224487,2012-04-08 20:16:57,2012-04-02,train,125_0
126,4035,35,Bar,35.628914,139.686763,2012-04-06 22:24:37,2012-04-02,train,126_0
126,4035,35,Bar,35.628914,139.686763,2012-04-07 22:08:29,2012-04-02,train,126_0
130,302,69,Train Station,35.70270629939949,139.56082955002785,2012-04-08 11:53:11,2012-04-02,train,130_0
130,43,69,Train Station,35.69080269423021,139.70027922656513,2012-04-08 15:52:22,2012-04-02,train,130_0
131,2497,73,Bus Station,35.64778066663586,139.67901438474655,2012-04-04 21:20:29,2012-04-02,train,131_0
131,412,238,Bus Station,35.65795004853385,139.70075368881226,2012-04-04 21:29:11,2012-04-02,train,131_0
131,2631,69,Train Station,35.65850795400803,139.70132499933243,2012-04-04 21:31:25,2012-04-02,train,131_0
131,2524,69,Train Station,35.619881167618004,139.7283731462078,2012-04-04 21:46:12,2012-04-02,train,131_0
131,2497,73,Bus Station,35.64778066663586,139.67901438474655,2012-04-08 21:04:33,2012-04-02,train,131_0
131,412,238,Bus Station,35.65795004853385,139.70075368881226,2012-04-08 21:14:51,2012-04-02,train,131_0
131,2631,69,Train Station,35.65850795400803,139.70132499933243,2012-04-08 21:15:09,2012-04-02,train,131_0
131,2524,69,Train Station,35.619881167618004,139.7283731462078,2012-04-08 21:23:42,2012-04-02,train,131_0
134,423,69,Train Station,35.62051789734346,139.75081980228424,2012-04-04 14:48:33,2012-04-02,train,134_0
134,6877,5,Home (private),35.67968102369372,139.62480813301005,2012-04-08 01:37:48,2012-04-02,train,134_0
134,6877,5,Home (private),35.67968102369372,139.62480813301005,2012-04-08 03:38:54,2012-04-02,train,134_0
134,7192,132,Casino,35.66155146193036,139.70226354945905,2012-04-08 15:57:14,2012-04-02,train,134_0
136,216,236,Subway,35.63869992304459,139.74003195762634,2012-04-04 13:06:55,2012-04-02,train,136_0
136,243,236,Subway,35.669687,139.767254,2012-04-04 13:18:58,2012-04-02,train,136_0
136,7067,83,Spiritual Center,35.67034182348476,139.7653292119503,2012-04-04 13:23:04,2012-04-02,train,136_0
136,66,225,Department Store,35.670136,139.76401168,2012-04-04 13:27:30,2012-04-02,train,136_0
136,4294,89,School,35.53489132311334,139.70199957489967,2012-04-08 18:29:36,2012-04-02,train,136_0
137,295,69,Train Station,35.6622998644997,139.58487153053284,2012-04-05 19:30:02,2012-04-02,train,137_0
137,295,69,Train Station,35.6622998644997,139.58487153053284,2012-04-05 20:52:31,2012-04-02,train,137_0
143,4836,203,Bowling Alley,35.830792227716785,139.67422127723694,2012-04-04 16:37:54,2012-04-02,train,143_0
143,1831,69,Train Station,35.65819631197759,139.70203042030334,2012-04-08 13:53:52,2012-04-02,train,143_0
144,2183,225,Department Store,35.69236725932771,139.7047045826912,2012-04-05 09:15:11,2012-04-02,train,144_0
144,2135,69,Train Station,35.7292369712458,139.710850764997,2012-04-08 08:39:31,2012-04-02,train,144_0
144,5729,69,Train Station,35.68957996542578,139.7014577686787,2012-04-08 08:53:56,2012-04-02,train,144_0
144,2711,69,Train Station,35.729025427145416,139.71109628677368,2012-04-08 23:51:16,2012-04-02,train,144_0
146,333,69,Train Station,35.65561813580688,139.75674211978912,2012-04-04 07:30:12,2012-04-02,train,146_0
146,43,69,Train Station,35.69080269423021,139.70027922656513,2012-04-04 07:56:53,2012-04-02,train,146_0
146,1063,69,Train Station,35.64318157118457,139.60929036140442,2012-04-04 08:24:32,2012-04-02,train,146_0
146,343,69,Train Station,35.6366920413755,139.58709682221513,2012-04-04 08:49:12,2012-04-02,train,146_0
146,4267,122,Fast Food Restaurant,35.63658016886914,139.58766754518055,2012-04-04 08:51:22,2012-04-02,train,146_0
146,343,69,Train Station,35.6366920413755,139.58709682221513,2012-04-04 19:53:36,2012-04-02,train,146_0
146,43,69,Train Station,35.69080269423021,139.70027922656513,2012-04-04 20:18:56,2012-04-02,train,146_0
146,333,69,Train Station,35.65561813580688,139.75674211978912,2012-04-04 20:45:56,2012-04-02,train,146_0
146,43,69,Train Station,35.69080269423021,139.70027922656513,2012-04-05 08:05:02,2012-04-02,train,146_0
146,6667,26,Japanese Restaurant,35.68900376004768,139.69741702079773,2012-04-05 08:14:15,2012-04-02,train,146_0
146,43,69,Train Station,35.69080269423021,139.70027922656513,2012-04-05 08:34:45,2012-04-02,train,146_0
146,1818,69,Train Station,35.68910050262402,139.70005959870196,2012-04-05 08:35:21,2012-04-02,train,146_0
146,212,69,Train Station,35.64004270002671,139.59873855113983,2012-04-05 08:56:02,2012-04-02,train,146_0
146,343,69,Train Station,35.6366920413755,139.58709682221513,2012-04-05 08:57:41,2012-04-02,train,146_0
146,170,69,Train Station,35.6513682132017,139.63663816452026,2012-04-05 17:15:18,2012-04-02,train,146_0
146,43,69,Train Station,35.69080269423021,139.70027922656513,2012-04-05 17:29:22,2012-04-02,train,146_0
146,333,69,Train Station,35.65561813580688,139.75674211978912,2012-04-05 17:56:55,2012-04-02,train,146_0
146,212,69,Train Station,35.64004270002671,139.59873855113983,2012-04-07 09:19:50,2012-04-02,train,146_0
146,4905,69,Train Station,35.56247782390475,139.7160503268242,2012-04-08 08:42:10,2012-04-02,train,146_0
146,1347,69,Train Station,35.582599994424406,139.67325476479772,2012-04-08 09:02:52,2012-04-02,train,146_0
146,3962,112,Other Great Outdoors,35.58534553196226,139.67483818531036,2012-04-08 09:07:44,2012-04-02,train,146_0
146,276,69,Train Station,35.589812720947975,139.66880321502686,2012-04-08 09:24:28,2012-04-02,train,146_0
146,87,69,Train Station,35.65852172695124,139.7013260344949,2012-04-08 09:47:24,2012-04-02,train,146_0
146,2312,69,Train Station,35.65874546666904,139.6991221965708,2012-04-08 10:23:45,2012-04-02,train,146_0
146,131,69,Train Station,35.66158508135192,139.66747283935547,2012-04-08 10:33:52,2012-04-02,train,146_0
146,170,69,Train Station,35.6513682132017,139.63663816452026,2012-04-08 10:42:08,2012-04-02,train,146_0
146,343,69,Train Station,35.6366920413755,139.58709682221513,2012-04-08 11:07:06,2012-04-02,train,146_0
146,731,39,Food & Drink Shop,35.636580666335995,139.58770735900072,2012-04-08 11:10:17,2012-04-02,train,146_0
149,4286,69,Train Station,35.575729760171434,139.65965151786804,2012-04-04 07:35:41,2012-04-02,train,149_0
149,227,236,Subway,35.653864625193144,139.74980257458688,2012-04-04 08:18:12,2012-04-02,train,149_0
149,4286,69,Train Station,35.575729760171434,139.65965151786804,2012-04-04 18:06:42,2012-04-02,train,149_0
149,227,236,Subway,35.653864625193144,139.74980257458688,2012-04-05 21:04:17,2012-04-02,train,149_0
149,4286,69,Train Station,35.575729760171434,139.65965151786804,2012-04-07 23:05:59,2012-04-02,train,149_0
150,4843,76,Government Building,35.684054104236665,139.77446615695953,2012-04-05 19:54:10,2012-04-02,train,150_0
150,5573,237,Mall,35.68672503940127,139.7742247581482,2012-04-05 19:54:40,2012-04-02,train,150_0
150,869,32,Bookstore,35.69766927520336,139.77349519729614,2012-04-05 20:41:33,2012-04-02,train,150_0
150,4779,69,Train Station,35.698409873848554,139.77390825748444,2012-04-08 13:21:51,2012-04-02,train,150_0
150,2771,69,Train Station,35.67505156634274,139.7633135318756,2012-04-08 13:32:06,2012-04-02,train,150_0
150,3416,234,Light Rail,35.65375255660129,139.79543566703796,2012-04-08 14:10:58,2012-04-02,train,150_0
150,2549,240,Convention Center,35.62986667837494,139.79426622390747,2012-04-08 14:22:54,2012-04-02,train,150_0
150,4661,114,Plaza,35.63019805167121,139.794899225235,2012-04-08 15:16:31,2012-04-02,train,150_0
150,6712,240,Convention Center,35.63066240799236,139.79702353477478,2012-04-08 16:41:33,2012-04-02,train,150_0
150,6712,240,Convention Center,35.63066240799236,139.79702353477478,2012-04-08 17:06:46,2012-04-02,train,150_0
150,773,69,Train Station,35.640661764932425,139.80342864990234,2012-04-08 20:48:41,2012-04-02,train,150_0
150,4184,69,Train Station,35.646150306690494,139.82742369174957,2012-04-08 20:52:03,2012-04-02,train,150_0
150,368,69,Train Station,35.65867358144536,139.81738686561584,2012-04-08 21:02:41,2012-04-02,train,150_0
151,1868,198,Coffee Shop,35.64406435648192,139.69905853271484,2012-04-04 13:36:44,2012-04-02,train,151_0
151,4134,236,Subway,35.64430194394561,139.6991577744484,2012-04-04 14:55:27,2012-04-02,train,151_0
151,5823,237,Mall,35.77971621541425,139.69405889511108,2012-04-08 12:45:20,2012-04-02,train,151_0
152,142,69,Train Station,35.698596195264464,139.77301824864617,2012-04-04 20:46:27,2012-04-02,train,152_0
152,4152,69,Train Station,35.696906887060386,139.81450080871582,2012-04-04 20:54:57,2012-04-02,train,152_0
152,142,69,Train Station,35.698596195264464,139.77301824864617,2012-04-05 20:52:57,2012-04-02,train,152_0
152,5522,69,Train Station,35.6964363810264,139.81394827365875,2012-04-05 21:04:10,2012-04-02,train,152_0
152,5522,69,Train Station,35.6964363810264,139.81394827365875,2012-04-08 11:16:20,2012-04-02,train,152_0
152,142,69,Train Station,35.698596195264464,139.77301824864617,2012-04-08 20:26:55,2012-04-02,train,152_0
152,44,69,Train Station,35.68137872227962,139.76608157157898,2012-04-08 20:33:31,2012-04-02,train,152_0
153,3778,69,Train Station,35.63002364484439,139.7403860092163,2012-04-05 18:35:50,2012-04-02,train,153_0
153,5357,281,Train Station,35.628419084184706,139.73987102508545,2012-04-05 18:35:54,2012-04-02,train,153_0
153,3633,69,Train Station,35.62850802377022,139.73833131832686,2012-04-05 18:43:27,2012-04-02,train,153_0
153,4533,281,Train Station,35.65851721607773,139.70133304595947,2012-04-05 18:57:19,2012-04-02,train,153_0
153,2312,69,Train Station,35.65874546666904,139.6991221965708,2012-04-05 19:01:39,2012-04-02,train,153_0
153,5293,281,Train Station,35.658364119375875,139.69900488853455,2012-04-05 19:01:43,2012-04-02,train,153_0
153,1084,69,Train Station,35.661628665873394,139.66655015945437,2012-04-05 19:09:28,2012-04-02,train,153_0
153,3547,69,Train Station,35.66140311571781,139.66725558042526,2012-04-05 19:09:46,2012-04-02,train,153_0
153,212,69,Train Station,35.64004270002671,139.59873855113983,2012-04-05 19:19:52,2012-04-02,train,153_0
153,212,69,Train Station,35.64004270002671,139.59873855113983,2012-04-07 00:40:49,2012-04-02,train,153_0
153,2575,198,Coffee Shop,35.661579,139.585705,2012-04-08 15:05:29,2012-04-02,train,153_0
157,5040,256,Convenience Store,35.71454217399564,139.4800649934587,2012-04-04 04:12:07,2012-04-02,train,157_0
157,304,69,Train Station,35.70025262768564,139.48025465011597,2012-04-04 04:35:36,2012-04-02,train,157_0
157,44,69,Train Station,35.68137872227962,139.76608157157898,2012-04-04 05:43:04,2012-04-02,train,157_0
157,304,69,Train Station,35.70025262768564,139.48025465011597,2012-04-04 21:37:58,2012-04-02,train,157_0
157,304,69,Train Station,35.70025262768564,139.48025465011597,2012-04-08 10:41:09,2012-04-02,train,157_0
157,142,69,Train Station,35.698596195264464,139.77301824864617,2012-04-08 11:12:33,2012-04-02,train,157_0
157,5167,56,Electronics Store,35.701115178678904,139.77211117744446,2012-04-08 11:18:43,2012-04-02,train,157_0
160,5113,128,Gym / Fitness Center,35.56002093504092,139.71802711486816,2012-04-05 18:52:42,2012-04-02,train,160_0
160,664,113,Park,35.579182422248614,139.74059150166107,2012-04-08 15:00:33,2012-04-02,train,160_0
161,761,69,Train Station,35.77209985763748,139.51989769935608,2012-04-04 06:18:21,2012-04-02,train,161_0
161,2711,69,Train Station,35.729025427145416,139.71109628677368,2012-04-04 06:51:29,2012-04-02,train,161_0
161,2988,236,Subway,35.730273058734824,139.71137791872025,2012-04-04 06:52:17,2012-04-02,train,161_0
161,6046,256,Convenience Store,35.673203327727826,139.76046837866306,2012-04-04 07:21:12,2012-04-02,train,161_0
161,5520,59,Office,35.67304699081541,139.7599232196808,2012-04-04 07:23:37,2012-04-02,train,161_0
161,956,81,Building,35.67882526104555,139.76315259933472,2012-04-04 08:27:33,2012-04-02,train,161_0
161,5594,229,Road,35.679557319720246,139.7627019882202,2012-04-04 10:00:12,2012-04-02,train,161_0
161,5520,59,Office,35.67304699081541,139.7599232196808,2012-04-04 10:08:15,2012-04-02,train,161_0
161,5594,229,Road,35.679557319720246,139.7627019882202,2012-04-04 13:46:01,2012-04-02,train,161_0
161,956,81,Building,35.67882526104555,139.76315259933472,2012-04-04 14:17:36,2012-04-02,train,161_0
161,5594,229,Road,35.679557319720246,139.7627019882202,2012-04-04 15:05:11,2012-04-02,train,161_0
161,5520,59,Office,35.67304699081541,139.7599232196808,2012-04-04 15:35:48,2012-04-02,train,161_0
161,2771,69,Train Station,35.67505156634274,139.7633135318756,2012-04-04 16:38:01,2012-04-02,train,161_0
161,174,69,Train Station,35.619699172885795,139.72855277359486,2012-04-04 16:50:44,2012-04-02,train,161_0
161,189,69,Train Station,35.729864636451765,139.7109555727517,2012-04-04 23:40:25,2012-04-02,train,161_0
161,761,69,Train Station,35.77209985763748,139.51989769935608,2012-04-05 00:25:33,2012-04-02,train,161_0
161,6562,256,Convenience Store,35.77323582928666,139.5206218957901,2012-04-05 00:29:41,2012-04-02,train,161_0
161,2210,39,Food & Drink Shop,35.77395712567318,139.5214994720315,2012-04-05 00:36:48,2012-04-02,train,161_0
161,2988,236,Subway,35.730273058734824,139.71137791872025,2012-04-05 08:04:51,2012-04-02,train,161_0
161,3009,236,Subway,35.672868,139.763171,2012-04-05 08:31:22,2012-04-02,train,161_0
161,6046,256,Convenience Store,35.673203327727826,139.76046837866306,2012-04-05 08:38:33,2012-04-02,train,161_0
161,5520,59,Office,35.67304699081541,139.7599232196808,2012-04-05 08:41:41,2012-04-02,train,161_0
161,1732,241,Miscellaneous Shop,35.77325759103725,139.5205521583557,2012-04-08 14:39:05,2012-04-02,train,161_0
161,876,69,Train Station,35.75136215528522,139.54591770690126,2012-04-08 16:27:52,2012-04-02,train,161_0
165,661,236,Subway,35.7019167328534,139.7449779510498,2012-04-04 08:55:05,2012-04-02,train,165_0
165,6555,5,Home (private),35.706488097132905,139.73710135513124,2012-04-04 09:03:56,2012-04-02,train,165_0
165,3344,126,Office,35.708582004492364,139.73760278599076,2012-04-04 11:03:03,2012-04-02,train,165_0
165,3344,126,Office,35.708582004492364,139.73760278599076,2012-04-04 13:02:03,2012-04-02,train,165_0
165,176,236,Subway,35.709470113886056,139.73347127437592,2012-04-04 19:26:49,2012-04-02,train,165_0
168,751,69,Train Station,35.74830601061255,139.56767320632937,2012-04-04 08:24:02,2012-04-02,train,168_0
168,761,69,Train Station,35.77209985763748,139.51989769935608,2012-04-04 18:44:12,2012-04-02,train,168_0
168,2717,39,Food & Drink Shop,35.74791417531939,139.56754446029663,2012-04-04 19:14:07,2012-04-02,train,168_0
168,2718,198,Coffee Shop,35.74808825539848,139.56782371436438,2012-04-04 19:14:54,2012-04-02,train,168_0
168,566,69,Train Station,35.72863349695783,139.55260455608368,2012-04-05 08:17:55,2012-04-02,train,168_0
169,2829,175,College Academic Building,35.728601678810264,139.7095092421263,2012-04-05 19:11:03,2012-04-02,train,169_0
169,705,69,Train Station,35.817647861960594,139.6695864200592,2012-04-07 00:07:35,2012-04-02,train,169_0
169,772,69,Train Station,35.82801739067087,139.69051837921145,2012-04-08 09:02:36,2012-04-02,train,169_0
169,772,69,Train Station,35.82801739067087,139.69051837921145,2012-04-08 19:04:45,2012-04-02,train,169_0
170,340,236,Subway,35.677012515423044,139.73704397678375,2012-04-04 07:47:13,2012-04-02,train,170_0
170,5233,26,Japanese Restaurant,35.69365576438339,139.7024904191494,2012-04-07 01:33:18,2012-04-02,train,170_0
171,2933,236,Subway,35.67170476862561,139.74148035049438,2012-04-04 18:26:22,2012-04-02,train,171_0
171,5094,85,Hotel,35.66907255308563,139.757798910141,2012-04-04 18:35:02,2012-04-02,train,171_0
171,237,236,Subway,35.66953450447677,139.75550293922424,2012-04-04 21:14:56,2012-04-02,train,171_0
172,158,69,Train Station,35.77806243973507,139.72083806991577,2012-04-06 23:33:36,2012-04-02,train,172_0
172,140,69,Train Station,35.71362076736724,139.77651776270966,2012-04-06 23:42:05,2012-04-02,train,172_0
173,3095,231,Hotel,35.63141016860563,139.87343430519104,2012-04-04 20:26:22,2012-04-02,train,173_0
173,264,69,Train Station,35.63626717221624,139.88343089818954,2012-04-04 20:42:08,2012-04-02,train,173_0
173,264,69,Train Station,35.63626717221624,139.88343089818954,2012-04-05 07:54:35,2012-04-02,train,173_0
173,264,69,Train Station,35.63626717221624,139.88343089818954,2012-04-05 20:40:51,2012-04-02,train,173_0
173,3095,231,Hotel,35.63141016860563,139.87343430519104,2012-04-06 22:06:15,2012-04-02,train,173_0
173,264,69,Train Station,35.63626717221624,139.88343089818954,2012-04-06 22:23:14,2012-04-02,train,173_0
175,3555,31,Gas Station / Garage,35.66689904257768,139.61368166807353,2012-04-05 01:33:21,2012-04-02,train,175_0
175,1084,69,Train Station,35.661628665873394,139.66655015945437,2012-04-05 18:25:04,2012-04-02,train,175_0
175,3959,69,Train Station,35.61160218760743,139.62633946248215,2012-04-08 19:00:49,2012-04-02,train,175_0
176,898,69,Train Station,35.66629207220754,139.4770547747612,2012-04-05 20:51:20,2012-04-02,train,176_0
176,898,69,Train Station,35.66629207220754,139.4770547747612,2012-04-08 13:43:55,2012-04-02,train,176_0
176,893,69,Train Station,35.672195030970535,139.48046654462814,2012-04-08 13:58:12,2012-04-02,train,176_0
176,893,69,Train Station,35.672195030970535,139.48046654462814,2012-04-08 19:08:09,2012-04-02,train,176_0
177,2182,197,Bridge,35.6824949368018,139.791647432552,2012-04-04 08:24:16,2012-04-02,train,177_0
177,1531,113,Park,35.67639373224993,139.80841755867004,2012-04-08 09:16:12,2012-04-02,train,177_0
177,2825,269,Shrine,35.6718921581441,139.7996038198471,2012-04-08 09:31:28,2012-04-02,train,177_0
177,362,197,Bridge,35.667442627764764,139.7888481616974,2012-04-08 09:52:27,2012-04-02,train,177_0
177,48,237,Mall,35.655134309871,139.79300022125244,2012-04-08 13:43:59,2012-04-02,train,177_0
179,5817,69,Train Station,35.60713179761434,139.73477387338818,2012-04-04 07:14:48,2012-04-02,train,179_0
179,5817,69,Train Station,35.60713179761434,139.73477387338818,2012-04-04 19:05:22,2012-04-02,train,179_0
179,341,69,Train Station,35.60879494815474,139.71805527806282,2012-04-04 19:11:23,2012-04-02,train,179_0
179,4070,256,Convenience Store,35.61264159961342,139.71919980989856,2012-04-04 19:19:48,2012-04-02,train,179_0
179,4070,256,Convenience Store,35.61264159961342,139.71919980989856,2012-04-08 10:56:42,2012-04-02,train,179_0
179,341,69,Train Station,35.60879494815474,139.71805527806282,2012-04-08 11:09:59,2012-04-02,train,179_0
179,164,69,Train Station,35.60753807817138,139.6688391408238,2012-04-08 11:31:01,2012-04-02,train,179_0
179,4286,69,Train Station,35.575729760171434,139.65965151786804,2012-04-08 11:41:51,2012-04-02,train,179_0
179,641,140,Stadium,35.58580305947766,139.65271532535553,2012-04-08 12:45:30,2012-04-02,train,179_0
179,4986,256,Convenience Store,35.577082320531986,139.65879321098328,2012-04-08 18:47:07,2012-04-02,train,179_0
179,4286,69,Train Station,35.575729760171434,139.65965151786804,2012-04-08 18:49:05,2012-04-02,train,179_0
179,341,69,Train Station,35.60879494815474,139.71805527806282,2012-04-08 19:11:41,2012-04-02,train,179_0
179,2372,39,Food & Drink Shop,35.6149054874566,139.71961230039597,2012-04-08 19:21:58,2012-04-02,train,179_0
180,6509,229,Road,35.68943945447914,139.77554440498352,2012-04-04 23:14:56,2012-04-02,train,180_0
180,1189,69,Train Station,35.688672630688174,139.77317333221436,2012-04-04 23:15:17,2012-04-02,train,180_0
180,6923,111,Other Great Outdoors,35.69304691294028,139.74799275398254,2012-04-08 16:19:04,2012-04-02,train,180_0
180,6256,269,Shrine,35.695065498441,139.7478319030744,2012-04-08 16:24:37,2012-04-02,train,180_0
180,1001,269,Shrine,35.69442362943279,139.74307894706726,2012-04-08 17:05:50,2012-04-02,train,180_0
181,3632,69,Train Station,35.72270232024691,139.63859153133942,2012-04-04 09:43:44,2012-04-02,train,181_0
181,907,69,Train Station,35.71942693768768,139.6638035774231,2012-04-04 09:54:38,2012-04-02,train,181_0
181,1398,113,Park,35.716639500855365,139.66197967529297,2012-04-05 09:09:40,2012-04-02,train,181_0
182,4603,225,Department Store,35.75899801580445,139.52879190444946,2012-04-04 12:53:15,2012-04-02,train,182_0
182,875,208,Playground,35.7381479183512,139.59905539687924,2012-04-04 13:59:33,2012-04-02,train,182_0
182,488,69,Train Station,35.76031917974254,139.53393504023552,2012-04-04 16:48:26,2012-04-02,train,182_0
182,189,69,Train Station,35.729864636451765,139.7109555727517,2012-04-05 08:50:00,2012-04-02,train,182_0
182,2711,69,Train Station,35.729025427145416,139.71109628677368,2012-04-06 23:17:15,2012-04-02,train,182_0
182,3319,237,Mall,35.75939621531338,139.51170719469482,2012-04-08 12:54:23,2012-04-02,train,182_0
182,4603,225,Department Store,35.75899801580445,139.52879190444946,2012-04-08 14:09:28,2012-04-02,train,182_0
185,876,69,Train Station,35.75136215528522,139.54591770690126,2012-04-08 10:15:26,2012-04-02,train,185_0
185,142,69,Train Station,35.698596195264464,139.77301824864617,2012-04-08 11:06:56,2012-04-02,train,185_0
185,4315,61,Office,35.69988237126696,139.77241394202727,2012-04-08 11:15:35,2012-04-02,train,185_0
186,5247,39,Food & Drink Shop,35.59056377172603,139.7302606701851,2012-04-04 20:48:59,2012-04-02,train,186_0
186,3526,113,Park,35.590571250105086,139.729764983638,2012-04-05 18:21:02,2012-04-02,train,186_0
188,7461,5,Home (private),35.7320101759778,139.48219861389168,2012-04-04 14:59:03,2012-04-02,train,188_0
188,7461,5,Home (private),35.7320101759778,139.48219861389168,2012-04-06 22:50:29,2012-04-02,train,188_0
190,4154,210,Music Venue,35.65693905642321,139.7025178567526,2012-04-07 01:27:46,2012-04-02,train,190_0
190,1930,69,Train Station,35.666692051408944,139.7581327376774,2012-04-08 11:25:42,2012-04-02,train,190_0
190,99,69,Train Station,35.67497849562972,139.76321881841366,2012-04-08 11:30:27,2012-04-02,train,190_0
190,4435,256,Convenience Store,35.67617330858438,139.76386273022536,2012-04-08 11:45:34,2012-04-02,train,190_0
190,359,240,Convention Center,35.67664647525239,139.7636514902115,2012-04-08 11:55:11,2012-04-02,train,190_0
190,99,69,Train Station,35.67497849562972,139.76321881841366,2012-04-08 13:54:40,2012-04-02,train,190_0
190,1930,69,Train Station,35.666692051408944,139.7581327376774,2012-04-08 13:55:13,2012-04-02,train,190_0
190,1930,69,Train Station,35.666692051408944,139.7581327376774,2012-04-08 17:11:05,2012-04-02,train,190_0
190,99,69,Train Station,35.67497849562972,139.76321881841366,2012-04-08 17:16:09,2012-04-02,train,190_0
190,359,240,Convention Center,35.67664647525239,139.7636514902115,2012-04-08 17:21:03,2012-04-02,train,190_0
190,4434,124,Event Space,35.677570287692724,139.76365685462952,2012-04-08 17:33:13,2012-04-02,train,190_0
190,99,69,Train Station,35.67497849562972,139.76321881841366,2012-04-08 21:38:23,2012-04-02,train,190_0
190,1930,69,Train Station,35.666692051408944,139.7581327376774,2012-04-08 21:40:47,2012-04-02,train,190_0
196,7352,205,Other Great Outdoors,35.66128870597505,139.6116828918457,2012-04-04 22:59:54,2012-04-02,train,196_0
196,7011,194,Tea Room,35.65961500019428,139.61054004864084,2012-04-04 23:03:32,2012-04-02,train,196_0
196,7313,189,Ramen /  Noodle House,35.658861,139.611315,2012-04-04 23:07:48,2012-04-02,train,196_0
196,6736,30,Korean Restaurant,35.659564844664835,139.61063464329067,2012-04-04 23:11:36,2012-04-02,train,196_0
196,3627,23,Drugstore / Pharmacy,35.65954245278648,139.61065953664487,2012-04-04 23:16:32,2012-04-02,train,196_0
196,5876,208,Playground,35.65618041632016,139.60821747779846,2012-04-04 23:20:39,2012-04-02,train,196_0
196,5652,208,Playground,35.655866585824135,139.60779905319214,2012-04-04 23:26:15,2012-04-02,train,196_0
196,5632,213,Spa / Massage,35.65946567334007,139.61051017667776,2012-04-04 23:31:09,2012-04-02,train,196_0
201,142,69,Train Station,35.698596195264464,139.77301824864617,2012-04-04 14:06:18,2012-04-02,train,201_0
201,5796,198,Coffee Shop,35.698492646210966,139.7721916437149,2012-04-04 14:17:56,2012-04-02,train,201_0
201,3349,236,Subway,35.68635577595945,139.78224858641624,2012-04-04 15:33:29,2012-04-02,train,201_0
201,304,69,Train Station,35.70025262768564,139.48025465011597,2012-04-04 23:28:52,2012-04-02,train,201_0
201,304,69,Train Station,35.70025262768564,139.48025465011597,2012-04-05 18:15:30,2012-04-02,train,201_0
201,304,69,Train Station,35.70025262768564,139.48025465011597,2012-04-08 12:36:22,2012-04-02,train,201_0
201,931,69,Train Station,35.701341705675524,139.50644373893738,2012-04-08 12:52:33,2012-04-02,train,201_0
201,931,69,Train Station,35.701341705675524,139.50644373893738,2012-04-08 13:25:45,2012-04-02,train,201_0
201,302,69,Train Station,35.70270629939949,139.56082955002785,2012-04-08 13:37:43,2012-04-02,train,201_0
201,87,69,Train Station,35.65852172695124,139.7013260344949,2012-04-08 14:49:09,2012-04-02,train,201_0
201,87,69,Train Station,35.65852172695124,139.7013260344949,2012-04-08 15:31:30,2012-04-02,train,201_0
201,481,236,Subway,35.70300578811289,139.77166056632996,2012-04-08 16:14:22,2012-04-02,train,201_0
201,142,69,Train Station,35.698596195264464,139.77301824864617,2012-04-08 16:55:45,2012-04-02,train,201_0
201,3085,44,Bar,35.700104511929894,139.77396726608276,2012-04-08 17:12:19,2012-04-02,train,201_0
201,142,69,Train Station,35.698596195264464,139.77301824864617,2012-04-08 23:22:16,2012-04-02,train,201_0
201,44,69,Train Station,35.68137872227962,139.76608157157898,2012-04-08 23:26:20,2012-04-02,train,201_0
201,279,69,Train Station,35.699583,139.765222,2012-04-08 23:38:14,2012-04-02,train,201_0
201,134,69,Train Station,35.70230879446056,139.7450315952301,2012-04-08 23:43:07,2012-04-02,train,201_0
201,420,69,Train Station,35.68600611785052,139.73066568374634,2012-04-08 23:46:51,2012-04-02,train,201_0
201,521,69,Train Station,35.68008021466177,139.72023725509644,2012-04-08 23:49:24,2012-04-02,train,201_0
201,371,69,Train Station,35.681167389425845,139.7114396095276,2012-04-08 23:50:42,2012-04-02,train,201_0
201,195,69,Train Station,35.68417610648677,139.70206260681152,2012-04-08 23:53:00,2012-04-02,train,201_0
201,43,69,Train Station,35.69080269423021,139.70027922656513,2012-04-08 23:54:23,2012-04-02,train,201_0
201,726,69,Train Station,35.706229304494286,139.6858298778534,2012-04-08 23:58:51,2012-04-02,train,201_0
202,1813,46,Bar,35.6916932,139.7061492,2012-04-04 20:16:08,2012-04-02,train,202_0
202,5145,32,Bookstore,35.72961451158467,139.71097544338778,2012-04-05 18:42:31,2012-04-02,train,202_0
202,3705,63,Video Store,35.74777,139.567397,2012-04-08 16:39:20,2012-04-02,train,202_0
204,419,69,Train Station,35.6805882195558,139.47176970135368,2012-04-04 20:35:45,2012-04-02,train,204_0
204,1676,69,Train Station,35.815446772620184,139.58718359470367,2012-04-04 21:08:51,2012-04-02,train,204_0
204,3998,69,Train Station,35.81474644203188,139.5868364378428,2012-04-04 21:09:06,2012-04-02,train,204_0
204,3998,69,Train Station,35.81481660855734,139.58692601770932,2012-04-05 07:45:37,2012-04-02,train,204_0
204,1676,69,Train Station,35.815446772620184,139.58718359470367,2012-04-05 07:46:00,2012-04-02,train,204_0
204,419,69,Train Station,35.6805882195558,139.47176970135368,2012-04-06 22:15:04,2012-04-02,train,204_0
209,2097,236,Subway,35.66287517311728,139.73145961761475,2012-04-04 11:31:03,2012-04-02,train,209_0
209,75,236,Subway,35.67278116288847,139.7240298986435,2012-04-04 12:28:58,2012-04-02,train,209_0
209,386,69,Train Station,35.62643513993051,139.63392779231071,2012-04-04 12:48:06,2012-04-02,train,209_0
209,386,69,Train Station,35.62643513993051,139.63392779231071,2012-04-04 16:25:53,2012-04-02,train,209_0
209,44,69,Train Station,35.68137872227962,139.76608157157898,2012-04-05 07:54:16,2012-04-02,train,209_0
209,3206,236,Subway,35.68173602603758,139.76484775543213,2012-04-05 07:59:39,2012-04-02,train,209_0
209,236,236,Subway,35.67204468417157,139.76417183876038,2012-04-05 08:03:49,2012-04-02,train,209_0
209,2097,236,Subway,35.66287517311728,139.73145961761475,2012-04-05 08:15:22,2012-04-02,train,209_0
211,3216,95,Chinese Restaurant,35.70195141044026,139.77055183951504,2012-04-04 12:56:24,2012-04-02,train,211_0
211,2747,189,Ramen /  Noodle House,35.70831798639441,139.6653190255165,2012-04-04 20:13:13,2012-04-02,train,211_0
211,2122,20,Record Shop,35.68994485703822,139.70154762268066,2012-04-04 21:08:56,2012-04-02,train,211_0
211,1990,24,Italian Restaurant,35.6976736316861,139.66931819915771,2012-04-07 23:26:00,2012-04-02,train,211_0
211,7260,26,Japanese Restaurant,35.65746623672497,139.69509154558182,2012-04-08 19:28:38,2012-04-02,train,211_0
211,1947,189,Ramen /  Noodle House,35.659078931355985,139.6988707780838,2012-04-08 21:58:47,2012-04-02,train,211_0
212,2738,39,Food & Drink Shop,35.63366856812633,139.53097021192275,2012-04-04 17:10:06,2012-04-02,train,212_0
212,4110,39,Food & Drink Shop,35.633093149411884,139.53499853610992,2012-04-04 17:16:32,2012-04-02,train,212_0
212,2738,39,Food & Drink Shop,35.63366856812633,139.53097021192275,2012-04-06 22:35:58,2012-04-02,train,212_0
212,2738,39,Food & Drink Shop,35.63366856812633,139.53097021192275,2012-04-08 17:07:19,2012-04-02,train,212_0
212,4110,39,Food & Drink Shop,35.633093149411884,139.53499853610992,2012-04-08 17:16:58,2012-04-02,train,212_0
212,2516,198,Coffee Shop,35.632440235546866,139.534203261137,2012-04-08 20:08:08,2012-04-02,train,212_0
212,4110,39,Food & Drink Shop,35.633093149411884,139.53499853610992,2012-04-08 20:12:31,2012-04-02,train,212_0
213,655,69,Train Station,35.71678758588956,139.8582637310028,2012-04-04 08:52:06,2012-04-02,train,213_0
213,6956,69,Train Station,35.71696180322454,139.85816717147827,2012-04-04 21:37:48,2012-04-02,train,213_0
213,7493,256,Convenience Store,35.7154584767959,139.8583336850996,2012-04-04 22:18:08,2012-04-02,train,213_0
213,655,69,Train Station,35.71678758588956,139.8582637310028,2012-04-05 08:47:04,2012-04-02,train,213_0
213,6956,69,Train Station,35.71696180322454,139.85816717147827,2012-04-06 23:59:06,2012-04-02,train,213_0
213,6614,58,Smoke Shop,35.71650403676137,139.858803,2012-04-08 11:17:08,2012-04-02,train,213_0
213,6956,69,Train Station,35.71696180322454,139.85816717147827,2012-04-08 11:20:09,2012-04-02,train,213_0
213,279,69,Train Station,35.699583,139.765222,2012-04-08 11:37:59,2012-04-02,train,213_0
213,6956,69,Train Station,35.71696180322454,139.85816717147827,2012-04-08 19:44:55,2012-04-02,train,213_0
214,300,69,Train Station,35.74588638274114,139.85629266137698,2012-04-08 16:12:20,2012-04-02,train,214_0
214,2239,69,Train Station,35.71115144964136,139.7735595703125,2012-04-08 16:38:54,2012-04-02,train,214_0
214,142,69,Train Station,35.698596195264464,139.77301824864617,2012-04-08 16:57:21,2012-04-02,train,214_0
214,1779,76,Government Building,35.71185707739743,139.77401554584503,2012-04-08 18:51:54,2012-04-02,train,214_0
214,2239,69,Train Station,35.71115144964136,139.7735595703125,2012-04-08 22:53:11,2012-04-02,train,214_0
214,2196,69,Train Station,35.74233248982313,139.79707717895508,2012-04-08 23:07:31,2012-04-02,train,214_0
218,261,69,Train Station,35.70320181647976,139.57990407943726,2012-04-04 19:07:16,2012-04-02,train,218_0
218,1069,172,University,35.71087654638685,139.57288355291328,2012-04-04 19:22:26,2012-04-02,train,218_0
218,455,69,Train Station,35.70173812637094,139.52482223510742,2012-04-08 16:03:59,2012-04-02,train,218_0
218,279,69,Train Station,35.699583,139.765222,2012-04-08 16:30:38,2012-04-02,train,218_0
218,142,69,Train Station,35.698596195264464,139.77301824864617,2012-04-08 16:39:11,2012-04-02,train,218_0
218,1600,46,Bar,35.69729679504986,139.77144330739975,2012-04-08 19:18:34,2012-04-02,train,218_0
218,142,69,Train Station,35.698596195264464,139.77301824864617,2012-04-08 21:45:04,2012-04-02,train,218_0
218,44,69,Train Station,35.68137872227962,139.76608157157898,2012-04-08 21:53:32,2012-04-02,train,218_0
218,304,69,Train Station,35.70025262768564,139.48025465011597,2012-04-08 22:38:27,2012-04-02,train,218_0
218,455,69,Train Station,35.70173812637094,139.52482223510742,2012-04-08 22:43:27,2012-04-02,train,218_0
219,189,69,Train Station,35.729864636451765,139.7109555727517,2012-04-07 22:01:58,2012-04-02,train,219_0
219,142,69,Train Station,35.698596195264464,139.77301824864617,2012-04-07 22:33:00,2012-04-02,train,219_0
219,5762,200,Arcade,35.7007383583069,139.7718831896782,2012-04-07 22:37:15,2012-04-02,train,219_0
219,44,69,Train Station,35.68137872227962,139.76608157157898,2012-04-08 00:11:17,2012-04-02,train,219_0
219,304,69,Train Station,35.70025262768564,139.48025465011597,2012-04-08 01:05:27,2012-04-02,train,219_0
219,5009,256,Convenience Store,35.70345831261179,139.48054685202794,2012-04-08 01:12:44,2012-04-02,train,219_0
219,43,69,Train Station,35.69080269423021,139.70027922656513,2012-04-08 12:27:12,2012-04-02,train,219_0
219,2434,69,Train Station,35.67067629738875,139.70252394676208,2012-04-08 12:39:57,2012-04-02,train,219_0
219,1479,269,Shrine,35.67620199564515,139.69936966896057,2012-04-08 12:55:44,2012-04-02,train,219_0
219,3803,190,Sushi Restaurant,35.679953848698204,139.72021579742432,2012-04-08 18:33:28,2012-04-02,train,219_0
219,521,69,Train Station,35.68008021466177,139.72023725509644,2012-04-08 21:41:37,2012-04-02,train,219_0
219,43,69,Train Station,35.69080269423021,139.70027922656513,2012-04-08 21:56:48,2012-04-02,train,219_0
219,304,69,Train Station,35.70025262768564,139.48025465011597,2012-04-08 22:30:20,2012-04-02,train,219_0
223,2362,69,Train Station,35.71369516481194,139.77750778198242,2012-04-08 15:22:41,2012-04-02,train,223_0
223,140,69,Train Station,35.71341172584363,139.77605844022628,2012-04-08 15:22:54,2012-04-02,train,223_0
223,142,69,Train Station,35.698596195264464,139.77301824864617,2012-04-08 15:29:24,2012-04-02,train,223_0
223,3167,189,Ramen /  Noodle House,35.70185138906477,139.77138563990593,2012-04-08 15:37:09,2012-04-02,train,223_0
223,1930,69,Train Station,35.666692051408944,139.7581327376774,2012-04-08 16:29:38,2012-04-02,train,223_0
223,2036,81,Building,35.66641845980295,139.75728392601013,2012-04-08 16:29:54,2012-04-02,train,223_0
223,87,69,Train Station,35.65852172695124,139.7013260344949,2012-04-08 17:00:26,2012-04-02,train,223_0
223,2635,116,Sculpture Garden,35.65906803487992,139.70057398080826,2012-04-08 17:00:39,2012-04-02,train,223_0
223,5552,69,Train Station,35.65913341371401,139.7010024636984,2012-04-08 17:00:57,2012-04-02,train,223_0
223,1342,20,Record Shop,35.66188145562874,139.70105677843094,2012-04-08 17:10:14,2012-04-02,train,223_0
223,142,69,Train Station,35.698596195264464,139.77301824864617,2012-04-08 18:11:49,2012-04-02,train,223_0
230,3872,256,Convenience Store,35.62188679416732,139.75092094421746,2012-04-04 07:57:23,2012-04-02,train,230_0
230,3872,256,Convenience Store,35.62188679416732,139.75092094421746,2012-04-05 07:55:44,2012-04-02,train,230_0
230,6735,281,Train Station,35.654688617992164,139.75707455385017,2012-04-05 17:21:33,2012-04-02,train,230_0
230,6784,281,Train Station,35.69844472538004,139.77333962917328,2012-04-05 17:34:27,2012-04-02,train,230_0
230,191,56,Electronics Store,35.69642331137472,139.81417894363403,2012-04-05 20:52:44,2012-04-02,train,230_0
230,3264,236,Subway,35.66092259369664,139.7514581680298,2012-04-06 21:55:59,2012-04-02,train,230_0
230,4742,256,Convenience Store,35.66118846111334,139.75444078445437,2012-04-06 22:01:51,2012-04-02,train,230_0
230,3264,236,Subway,35.66092259369664,139.7514581680298,2012-04-08 10:23:24,2012-04-02,train,230_0
230,162,69,Train Station,35.63367738834909,139.71551656723022,2012-04-08 10:35:48,2012-04-02,train,230_0
230,4865,189,Ramen /  Noodle House,35.706447,139.617853,2012-04-08 13:48:58,2012-04-02,train,230_0
230,193,69,Train Station,35.704621918699345,139.6199870109558,2012-04-08 15:22:41,2012-04-02,train,230_0
230,4594,281,Train Station,35.6915656091609,139.69995975494385,2012-04-08 15:31:07,2012-04-02,train,230_0
230,482,237,Mall,35.69114641313136,139.70151999517282,2012-04-08 15:42:13,2012-04-02,train,230_0
230,4244,56,Electronics Store,35.69330395991252,139.7008180618286,2012-04-08 16:05:26,2012-04-02,train,230_0
230,2119,225,Department Store,35.69441946445042,139.70042359395867,2012-04-08 16:29:14,2012-04-02,train,230_0
230,4594,281,Train Station,35.6915656091609,139.69995975494385,2012-04-08 21:41:21,2012-04-02,train,230_0
230,1930,69,Train Station,35.666692051408944,139.7581327376774,2012-04-08 22:09:55,2012-04-02,train,230_0
230,4742,256,Convenience Store,35.66118846111334,139.75444078445437,2012-04-08 22:22:07,2012-04-02,train,230_0
231,4549,256,Convenience Store,35.64405781736745,139.82475757598877,2012-04-04 06:07:03,2012-04-02,train,231_0
231,323,69,Train Station,35.64592362299403,139.8269248008728,2012-04-04 12:11:52,2012-04-02,train,231_0
231,3163,236,Subway,35.67867274797632,139.74021703004837,2012-04-04 12:34:52,2012-04-02,train,231_0
231,75,236,Subway,35.67278116288847,139.7240298986435,2012-04-04 12:43:05,2012-04-02,train,231_0
231,6991,69,Train Station,35.626116832203465,139.72364902496338,2012-04-04 16:11:36,2012-04-02,train,231_0
231,4184,69,Train Station,35.646150306690494,139.82742369174957,2012-04-04 16:47:55,2012-04-02,train,231_0
231,4184,69,Train Station,35.646150306690494,139.82742369174957,2012-04-04 20:42:15,2012-04-02,train,231_0
231,4184,69,Train Station,35.646150306690494,139.82742369174957,2012-04-05 20:57:10,2012-04-02,train,231_0
231,507,236,Subway,35.68401924641666,139.7376823425293,2012-04-06 23:17:24,2012-04-02,train,231_0
231,4184,69,Train Station,35.646150306690494,139.82742369174957,2012-04-06 23:39:54,2012-04-02,train,231_0
237,1118,233,Hobby Shop,35.72980928173501,139.71642315387726,2012-04-08 14:45:13,2012-04-02,train,237_0
237,1564,225,Department Store,35.7294779855176,139.71199699788025,2012-04-08 15:35:35,2012-04-02,train,237_0
242,508,236,Subway,35.6955607096278,139.77587163448334,2012-04-04 08:00:09,2012-04-02,train,242_0
242,189,69,Train Station,35.729864636451765,139.7109555727517,2012-04-04 08:25:16,2012-04-02,train,242_0
242,338,69,Train Station,35.695965872216426,139.75806713104248,2012-04-04 13:10:33,2012-04-02,train,242_0
242,508,236,Subway,35.6955607096278,139.77587163448334,2012-04-04 13:19:13,2012-04-02,train,242_0
242,1524,32,Bookstore,35.69735560782134,139.77514743804932,2012-04-04 13:23:26,2012-04-02,train,242_0
242,338,69,Train Station,35.695965872216426,139.75806713104248,2012-04-05 07:58:29,2012-04-02,train,242_0
242,3227,69,Train Station,35.777226834731394,139.79044675827026,2012-04-08 14:32:37,2012-04-02,train,242_0
243,3419,236,Subway,35.679648826582344,139.7799700498581,2012-04-04 08:45:40,2012-04-02,train,243_0
243,496,236,Subway,35.67983619744879,139.7800612449646,2012-04-04 18:25:27,2012-04-02,train,243_0
243,3115,236,Subway,35.74977976281568,139.80546722986332,2012-04-04 18:50:07,2012-04-02,train,243_0
243,3419,236,Subway,35.679648826582344,139.7799700498581,2012-04-05 08:44:52,2012-04-02,train,243_0
243,633,56,Electronics Store,35.69901541704127,139.7746217250824,2012-04-05 19:52:32,2012-04-02,train,243_0
243,3115,236,Subway,35.74977976281568,139.80546722986332,2012-04-05 20:48:26,2012-04-02,train,243_0
245,2065,69,Train Station,35.607406475335026,139.73393071391146,2012-04-07 23:16:49,2012-04-02,train,245_0
245,43,69,Train Station,35.69080269423021,139.70027922656513,2012-04-07 23:50:35,2012-04-02,train,245_0
247,5265,224,General Travel,35.734409917180926,139.76874500513077,2012-04-04 17:04:18,2012-04-02,train,247_0
247,7384,69,Train Station,35.73469718313031,139.76706741843276,2012-04-04 17:06:11,2012-04-02,train,247_0
247,269,69,Train Station,35.732117253229084,139.76670384407043,2012-04-04 17:08:33,2012-04-02,train,247_0
247,7384,69,Train Station,35.73469718313031,139.76706741843276,2012-04-04 17:20:19,2012-04-02,train,247_0
247,5265,224,General Travel,35.734409917180926,139.76874500513077,2012-04-04 17:21:06,2012-04-02,train,247_0
247,3581,237,Mall,35.73696812999813,139.77051258087158,2012-04-04 17:28:35,2012-04-02,train,247_0
247,269,69,Train Station,35.732117253229084,139.76670384407043,2012-04-05 07:55:16,2012-04-02,train,247_0
247,763,69,Train Station,35.752433225195475,139.7381329536438,2012-04-05 08:03:33,2012-04-02,train,247_0
247,5265,224,General Travel,35.734409917180926,139.76874500513077,2012-04-08 16:22:07,2012-04-02,train,247_0
247,7384,69,Train Station,35.73469718313031,139.76706741843276,2012-04-08 16:23:09,2012-04-02,train,247_0
247,269,69,Train Station,35.732117253229084,139.76670384407043,2012-04-08 16:33:46,2012-04-02,train,247_0
247,5463,71,Train Station,35.73442515784104,139.7687530517578,2012-04-08 16:53:09,2012-04-02,train,247_0
247,269,69,Train Station,35.732117253229084,139.76670384407043,2012-04-08 20:00:46,2012-04-02,train,247_0
247,4580,256,Convenience Store,35.73261585337984,139.7679966688156,2012-04-08 20:03:10,2012-04-02,train,247_0
250,6858,250,Outdoors & Recreation,35.623465672040936,139.70727682113647,2012-04-04 15:59:12,2012-04-02,train,250_0
250,6398,113,Park,35.62555870052708,139.70705151557922,2012-04-04 15:59:30,2012-04-02,train,250_0
250,4870,113,Park,35.62536942665382,139.70725515320206,2012-04-04 15:59:46,2012-04-02,train,250_0
250,6305,104,Other Great Outdoors,35.62587265007445,139.70744848251343,2012-04-04 16:00:05,2012-04-02,train,250_0
250,3425,208,Playground,35.63951217035276,139.71165868563168,2012-04-04 16:31:31,2012-04-02,train,250_0
250,6059,197,Bridge,35.640770754736224,139.71269488334656,2012-04-04 16:31:53,2012-04-02,train,250_0
250,6858,250,Outdoors & Recreation,35.623465672040936,139.70727682113647,2012-04-08 07:56:21,2012-04-02,train,250_0
250,4870,113,Park,35.62536942665382,139.70725515320206,2012-04-08 07:56:36,2012-04-02,train,250_0
250,6398,113,Park,35.62555870052708,139.70705151557922,2012-04-08 07:56:52,2012-04-02,train,250_0
250,6305,104,Other Great Outdoors,35.62587265007445,139.70744848251343,2012-04-08 07:57:06,2012-04-02,train,250_0
250,3425,208,Playground,35.63951217035276,139.71165868563168,2012-04-08 08:17:55,2012-04-02,train,250_0
250,6059,197,Bridge,35.640770754736224,139.71269488334656,2012-04-08 08:18:15,2012-04-02,train,250_0
251,192,69,Train Station,35.60375363356726,139.50759172439575,2012-04-04 08:18:30,2012-04-02,train,251_0
251,192,69,Train Station,35.60375363356726,139.50759172439575,2012-04-04 18:16:02,2012-04-02,train,251_0
251,192,69,Train Station,35.60375363356726,139.50759172439575,2012-04-05 08:16:08,2012-04-02,train,251_0
251,192,69,Train Station,35.60375363356726,139.50759172439575,2012-04-05 18:36:51,2012-04-02,train,251_0
253,323,69,Train Station,35.64592362299403,139.8269248008728,2012-04-04 09:19:28,2012-04-02,train,253_0
253,2044,198,Coffee Shop,35.70194069222913,139.74363148212433,2012-04-04 09:49:33,2012-04-02,train,253_0
253,1121,198,Coffee Shop,35.73078316015707,139.71543234453816,2012-04-04 14:34:22,2012-04-02,train,253_0
253,323,69,Train Station,35.64592362299403,139.8269248008728,2012-04-04 20:42:55,2012-04-02,train,253_0
253,323,69,Train Station,35.64592362299403,139.8269248008728,2012-04-05 09:18:19,2012-04-02,train,253_0
253,2044,198,Coffee Shop,35.70194069222913,139.74363148212433,2012-04-05 19:35:01,2012-04-02,train,253_0
253,323,69,Train Station,35.64592362299403,139.8269248008728,2012-04-05 19:59:53,2012-04-02,train,253_0
257,7397,35,Bar,35.579903,139.663456,2012-04-04 18:54:00,2012-04-02,train,257_0
257,142,69,Train Station,35.698596195264464,139.77301824864617,2012-04-08 12:04:53,2012-04-02,train,257_0
257,4315,61,Office,35.69988237126696,139.77241394202727,2012-04-08 12:20:28,2012-04-02,train,257_0
257,1282,22,Indian Restaurant,35.69939224555577,139.77111607789993,2012-04-08 15:41:38,2012-04-02,train,257_0
257,142,69,Train Station,35.698596195264464,139.77301824864617,2012-04-08 15:54:28,2012-04-02,train,257_0
259,4551,208,Playground,35.56248218776114,139.63268995285034,2012-04-04 10:07:45,2012-04-02,train,259_0
259,4550,208,Playground,35.561823242757804,139.63371992111206,2012-04-04 10:08:36,2012-04-02,train,259_0
259,3698,56,Electronics Store,35.55446101860587,139.64733481407166,2012-04-04 11:29:20,2012-04-02,train,259_0
259,3112,120,Burger Joint,35.56354477971432,139.65515613555908,2012-04-04 12:34:34,2012-04-02,train,259_0
259,4550,208,Playground,35.561823242757804,139.63371992111206,2012-04-04 13:54:17,2012-04-02,train,259_0
259,4551,208,Playground,35.56248218776114,139.63268995285034,2012-04-04 13:55:48,2012-04-02,train,259_0
259,6772,256,Convenience Store,35.56301457645573,139.62772250175476,2012-04-04 14:32:15,2012-04-02,train,259_0
259,4550,208,Playground,35.561823242757804,139.63371992111206,2012-04-05 18:12:51,2012-04-02,train,259_0
259,4551,208,Playground,35.56248218776114,139.63268995285034,2012-04-05 18:15:07,2012-04-02,train,259_0
259,4807,238,Bus Station,35.599060405961566,139.60994482040405,2012-04-08 12:06:55,2012-04-02,train,259_0
259,4807,238,Bus Station,35.599060405961566,139.60994482040405,2012-04-08 14:05:20,2012-04-02,train,259_0
259,3598,95,Chinese Restaurant,35.600092,139.61316648,2012-04-08 16:32:44,2012-04-02,train,259_0
259,377,241,Miscellaneous Shop,35.5998977675615,139.61359386999814,2012-04-08 16:58:08,2012-04-02,train,259_0
259,6772,256,Convenience Store,35.56301457645573,139.62772250175476,2012-04-08 17:38:18,2012-04-02,train,259_0
261,2303,234,Light Rail,35.75110975353587,139.74745631217957,2012-04-04 06:30:06,2012-04-02,train,261_0
261,457,234,Light Rail,35.750091013649204,139.76496577262878,2012-04-04 18:39:57,2012-04-02,train,261_0
261,879,234,Light Rail,35.75283156844172,139.73818391561508,2012-04-05 06:26:54,2012-04-02,train,261_0
261,2303,234,Light Rail,35.75110975353587,139.74745631217957,2012-04-05 06:29:28,2012-04-02,train,261_0
261,457,234,Light Rail,35.750091013649204,139.76496577262878,2012-04-05 06:43:27,2012-04-02,train,261_0
261,457,234,Light Rail,35.750091013649204,139.76496577262878,2012-04-05 18:26:54,2012-04-02,train,261_0
261,763,69,Train Station,35.752433225195475,139.7381329536438,2012-04-05 18:39:27,2012-04-02,train,261_0
261,158,69,Train Station,35.77806243973507,139.72083806991577,2012-04-05 18:45:52,2012-04-02,train,261_0
267,2580,189,Ramen /  Noodle House,35.65173654877729,139.54628393054008,2012-04-04 21:42:29,2012-04-02,train,267_0
267,3345,200,Arcade,35.651043466226184,139.54433262348175,2012-04-06 22:43:14,2012-04-02,train,267_0
267,6971,189,Ramen /  Noodle House,35.651631932928524,139.54625576734543,2012-04-06 23:46:45,2012-04-02,train,267_0
267,3345,200,Arcade,35.651043466226184,139.54433262348175,2012-04-08 19:18:58,2012-04-02,train,267_0
269,5082,256,Convenience Store,35.57877735,139.7340694,2012-04-04 05:55:16,2012-04-02,train,269_0
269,5082,256,Convenience Store,35.57877735,139.7340694,2012-04-04 16:43:09,2012-04-02,train,269_0
269,5634,200,Arcade,35.56234445997731,139.7137882576681,2012-04-04 22:20:04,2012-04-02,train,269_0
269,1195,200,Arcade,35.69903719908481,139.77086260914805,2012-04-07 21:38:31,2012-04-02,train,269_0
269,5762,200,Arcade,35.7007383583069,139.7718831896782,2012-04-07 22:05:32,2012-04-02,train,269_0
269,142,69,Train Station,35.698596195264464,139.77301824864617,2012-04-07 22:15:38,2012-04-02,train,269_0
269,5273,281,Train Station,35.69834017073988,139.77311432361603,2012-04-07 22:16:51,2012-04-02,train,269_0
269,4403,256,Convenience Store,35.58782273899095,139.72628295714242,2012-04-08 15:42:45,2012-04-02,train,269_0
269,5450,281,Train Station,35.69836195296789,139.772926568985,2012-04-08 16:08:15,2012-04-02,train,269_0
269,142,69,Train Station,35.698596195264464,139.77301824864617,2012-04-08 16:08:40,2012-04-02,train,269_0
269,869,32,Bookstore,35.69766927520336,139.77349519729614,2012-04-08 16:14:26,2012-04-02,train,269_0
269,5763,233,Hobby Shop,35.70154138323032,139.7710560491782,2012-04-08 17:47:37,2012-04-02,train,269_0
269,6005,189,Ramen /  Noodle House,35.69904656408795,139.7752227790985,2012-04-08 18:17:20,2012-04-02,train,269_0
269,3085,44,Bar,35.700104511929894,139.77396726608276,2012-04-08 18:43:26,2012-04-02,train,269_0
269,5273,281,Train Station,35.69834017073988,139.77311432361603,2012-04-08 18:52:35,2012-04-02,train,269_0
269,142,69,Train Station,35.698596195264464,139.77301824864617,2012-04-08 18:53:20,2012-04-02,train,269_0
269,209,69,Train Station,35.58843420093637,139.7279191017151,2012-04-08 19:18:46,2012-04-02,train,269_0
270,3160,236,Subway,35.69055482137934,139.70592498779297,2012-04-04 07:44:43,2012-04-02,train,270_0
270,204,236,Subway,35.67815420136066,139.70568895339966,2012-04-04 07:47:13,2012-04-02,train,270_0
270,2811,236,Subway,35.66862803129855,139.70489501953125,2012-04-04 07:49:17,2012-04-02,train,270_0
270,3015,236,Subway,35.6594319763759,139.70056056976318,2012-04-04 07:53:54,2012-04-02,train,270_0
270,6960,189,Ramen /  Noodle House,35.691266350899056,139.7086564683012,2012-04-04 19:26:22,2012-04-02,train,270_0
270,6708,229,Road,35.690397973851404,139.70913290977478,2012-04-04 20:00:48,2012-04-02,train,270_0
270,1157,236,Subway,35.69686767833025,139.7974580526352,2012-04-05 17:30:11,2012-04-02,train,270_0
270,133,236,Subway,35.687564,139.79738,2012-04-05 17:39:05,2012-04-02,train,270_0
270,6708,229,Road,35.690397973851404,139.70913290977478,2012-04-05 18:32:04,2012-04-02,train,270_0
270,3160,236,Subway,35.69055482137934,139.70592498779297,2012-04-06 22:58:38,2012-04-02,train,270_0
270,7038,35,Bar,35.690232,139.70743,2012-04-07 22:54:55,2012-04-02,train,270_0
270,7039,35,Bar,35.69103843264887,139.70660895109177,2012-04-07 23:56:15,2012-04-02,train,270_0
270,6708,229,Road,35.690397973851404,139.70913290977478,2012-04-08 01:39:41,2012-04-02,train,270_0
270,487,125,Post Office,35.69024112601506,139.69679474830627,2012-04-08 07:13:13,2012-04-02,train,270_0
270,543,46,Bar,35.69309102487367,139.69950310885906,2012-04-08 07:31:06,2012-04-02,train,270_0
270,1930,69,Train Station,35.666692051408944,139.7581327376774,2012-04-08 21:15:56,2012-04-02,train,270_0
270,395,236,Subway,35.67020563664028,139.74981665611267,2012-04-08 21:19:49,2012-04-02,train,270_0
270,420,69,Train Station,35.68600611785052,139.73066568374634,2012-04-08 21:22:27,2012-04-02,train,270_0
270,203,236,Subway,35.68859747284611,139.71069127321243,2012-04-08 21:29:00,2012-04-02,train,270_0
270,6708,229,Road,35.690397973851404,139.70913290977478,2012-04-08 21:39:47,2012-04-02,train,270_0
270,3160,236,Subway,35.69055482137934,139.70592498779297,2012-04-08 22:52:14,2012-04-02,train,270_0
270,189,69,Train Station,35.729864636451765,139.7109555727517,2012-04-08 23:00:19,2012-04-02,train,270_0
270,4196,238,Bus Station,35.72963509249287,139.7131884098053,2012-04-08 23:13:44,2012-04-02,train,270_0
270,2873,122,Fast Food Restaurant,35.729898846440975,139.71362866179237,2012-04-08 23:15:34,2012-04-02,train,270_0
272,189,69,Train Station,35.729864636451765,139.7109555727517,2012-04-04 21:33:29,2012-04-02,train,272_0
272,2336,241,Miscellaneous Shop,35.72875741059328,139.71126968543118,2012-04-05 20:58:52,2012-04-02,train,272_0
272,189,69,Train Station,35.729864636451765,139.7109555727517,2012-04-05 21:09:37,2012-04-02,train,272_0
272,172,236,Subway,35.70734443657273,139.75144743919373,2012-04-06 22:52:43,2012-04-02,train,272_0
272,189,69,Train Station,35.729864636451765,139.7109555727517,2012-04-06 23:09:31,2012-04-02,train,272_0
272,189,69,Train Station,35.729864636451765,139.7109555727517,2012-04-07 21:40:49,2012-04-02,train,272_0
272,323,69,Train Station,35.64592362299403,139.8269248008728,2012-04-08 06:59:59,2012-04-02,train,272_0
272,3405,137,Park,35.63203802051134,139.88083720207214,2012-04-08 16:54:58,2012-04-02,train,272_0
272,768,69,Train Station,35.63440986098353,139.79161351919174,2012-04-08 17:16:34,2012-04-02,train,272_0
272,2549,240,Convention Center,35.62986667837494,139.79426622390747,2012-04-08 17:29:27,2012-04-02,train,272_0
272,189,69,Train Station,35.729864636451765,139.7109555727517,2012-04-08 21:56:20,2012-04-02,train,272_0
273,3516,236,Subway,35.703206172660224,139.79095369577408,2012-04-04 18:30:04,2012-04-02,train,273_0
273,3516,236,Subway,35.703206172660224,139.79095369577408,2012-04-05 19:22:10,2012-04-02,train,273_0
274,4079,281,Train Station,35.68113470903764,139.76781964302063,2012-04-08 21:24:46,2012-04-02,train,274_0
274,142,69,Train Station,35.698596195264464,139.77301824864617,2012-04-08 21:36:10,2012-04-02,train,274_0
274,2107,256,Convenience Store,35.69807007061826,139.7726583480835,2012-04-08 21:41:23,2012-04-02,train,274_0
274,633,56,Electronics Store,35.69901541704127,139.7746217250824,2012-04-08 21:44:11,2012-04-02,train,274_0
274,1963,69,Train Station,35.69867779460533,139.77422207593918,2012-04-08 21:56:59,2012-04-02,train,274_0
275,2558,198,Coffee Shop,35.64438477243659,139.73431885242462,2012-04-04 12:31:36,2012-04-02,train,275_0
275,2958,236,Subway,35.7109162390011,139.79788720607758,2012-04-08 11:00:36,2012-04-02,train,275_0
275,87,69,Train Station,35.65852172695124,139.7013260344949,2012-04-08 15:08:40,2012-04-02,train,275_0
275,2434,69,Train Station,35.67067629738875,139.70252394676208,2012-04-08 16:23:31,2012-04-02,train,275_0
276,87,69,Train Station,35.65852172695124,139.7013260344949,2012-04-07 22:45:51,2012-04-02,train,276_0
276,142,69,Train Station,35.698596195264464,139.77301824864617,2012-04-07 23:21:16,2012-04-02,train,276_0
276,142,69,Train Station,35.698596195264464,139.77301824864617,2012-04-08 10:27:02,2012-04-02,train,276_0
276,5147,221,Toy / Game Store,35.69775204833454,139.77241694927216,2012-04-08 10:27:53,2012-04-02,train,276_0
276,4315,61,Office,35.69988237126696,139.77241394202727,2012-04-08 10:48:29,2012-04-02,train,276_0
276,5771,124,Event Space,35.70033539813519,139.77259397506714,2012-04-08 10:49:28,2012-04-02,train,276_0
276,142,69,Train Station,35.698596195264464,139.77301824864617,2012-04-08 18:39:55,2012-04-02,train,276_0
276,87,69,Train Station,35.65852172695124,139.7013260344949,2012-04-08 19:06:49,2012-04-02,train,276_0
276,7103,35,Bar,35.66007268372168,139.69527930021286,2012-04-08 22:09:11,2012-04-02,train,276_0
277,2925,26,Japanese Restaurant,35.652505906956215,139.54460620880127,2012-04-04 07:23:00,2012-04-02,train,277_0
277,930,172,University,35.67112080776967,139.64828968048096,2012-04-04 13:59:22,2012-04-02,train,277_0
277,5379,26,Japanese Restaurant,35.69653875989049,139.69789445400238,2012-04-05 19:29:32,2012-04-02,train,277_0
281,2306,79,Library,35.61213620461363,139.7107046842575,2012-04-04 16:22:25,2012-04-02,train,281_0
281,6324,229,Road,35.60352317497905,139.73238911013922,2012-04-05 08:49:36,2012-04-02,train,281_0
281,2476,69,Train Station,35.607648454531194,139.73473727703094,2012-04-05 08:59:09,2012-04-02,train,281_0
281,2622,237,Mall,35.58855440418538,139.72815863653634,2012-04-05 18:20:41,2012-04-02,train,281_0
281,3526,113,Park,35.590571250105086,139.729764983638,2012-04-08 15:51:57,2012-04-02,train,281_0
284,6780,256,Convenience Store,35.81014389772532,139.76281464099884,2012-04-04 21:01:12,2012-04-02,train,284_0
284,6585,95,Chinese Restaurant,35.74274442235457,139.78058691582305,2012-04-05 02:01:23,2012-04-02,train,284_0
284,7149,42,Other Nightlife,35.74544631806885,139.7823544629772,2012-04-08 01:25:02,2012-04-02,train,284_0
291,172,236,Subway,35.70734443657273,139.75144743919373,2012-04-04 18:26:15,2012-04-02,train,291_0
291,172,236,Subway,35.70734443657273,139.75144743919373,2012-04-08 22:04:20,2012-04-02,train,291_0
296,1725,121,Café,35.61846834497975,139.72796201705933,2012-04-04 09:36:52,2012-04-02,train,296_0
296,7150,35,Bar,35.66795187145325,139.75905504733905,2012-04-04 18:56:39,2012-04-02,train,296_0
298,669,124,Event Space,35.66029496874254,139.7292709350586,2012-04-04 08:42:07,2012-04-02,train,298_0
298,669,124,Event Space,35.66029496874254,139.7292709350586,2012-04-05 08:57:45,2012-04-02,train,298_0
299,4547,230,Food & Drink Shop,35.688515779459195,139.78062987327576,2012-04-04 20:52:36,2012-04-02,train,299_0
299,3049,256,Convenience Store,35.634863293060086,139.60299789905548,2012-04-08 23:10:18,2012-04-02,train,299_0
305,350,69,Train Station,35.71034998831642,139.8090398311615,2012-04-04 20:30:54,2012-04-02,train,305_0
305,3227,69,Train Station,35.777226834731394,139.79044675827026,2012-04-04 20:58:22,2012-04-02,train,305_0
305,5203,225,Department Store,35.77390255406499,139.784787,2012-04-04 21:04:00,2012-04-02,train,305_0
305,350,69,Train Station,35.71034998831642,139.8090398311615,2012-04-05 08:07:43,2012-04-02,train,305_0
305,350,69,Train Station,35.71034998831642,139.8090398311615,2012-04-05 21:02:40,2012-04-02,train,305_0
311,5817,69,Train Station,35.607041101221995,139.73500836365807,2012-04-07 23:22:47,2012-04-02,train,311_0
311,1930,69,Train Station,35.666692051408944,139.7581327376774,2012-04-07 23:39:09,2012-04-02,train,311_0
311,275,69,Train Station,35.71048066190842,139.8133099079132,2012-04-08 13:42:43,2012-04-02,train,311_0
311,2511,236,Subway,35.70895612333854,139.79656219482422,2012-04-08 13:47:14,2012-04-02,train,311_0
311,1930,69,Train Station,35.666692051408944,139.7581327376774,2012-04-08 14:02:00,2012-04-02,train,311_0
311,1740,234,Light Rail,35.66549724218351,139.75963957607746,2012-04-08 14:07:40,2012-04-02,train,311_0
311,407,234,Light Rail,35.63022857282679,139.79136675596237,2012-04-08 14:33:52,2012-04-02,train,311_0
311,2549,240,Convention Center,35.62986667837494,139.79426622390747,2012-04-08 14:38:16,2012-04-02,train,311_0
311,1930,69,Train Station,35.666692051408944,139.7581327376774,2012-04-08 23:49:50,2012-04-02,train,311_0
312,3242,256,Convenience Store,35.836049,139.793406,2012-04-04 18:38:08,2012-04-02,train,312_0
312,3243,241,Miscellaneous Shop,35.83639162298758,139.79447275400162,2012-04-04 18:46:44,2012-04-02,train,312_0
312,3195,230,Food & Drink Shop,35.83957277327426,139.79762971401215,2012-04-08 18:33:24,2012-04-02,train,312_0
312,3197,56,Electronics Store,35.83962930657544,139.79784965515137,2012-04-08 18:39:26,2012-04-02,train,312_0
312,3200,32,Bookstore,35.83962930657544,139.7977638244629,2012-04-08 18:40:35,2012-04-02,train,312_0
312,3196,241,Miscellaneous Shop,35.83970323467779,139.79748487472534,2012-04-08 18:55:49,2012-04-02,train,312_0
314,43,69,Train Station,35.69080269423021,139.70027922656513,2012-04-07 22:27:36,2012-04-02,train,314_0
314,43,69,Train Station,35.69080269423021,139.70027922656513,2012-04-08 14:10:06,2012-04-02,train,314_0
314,283,56,Electronics Store,35.69256767061045,139.69870448112488,2012-04-08 15:00:04,2012-04-02,train,314_0
314,5875,189,Ramen /  Noodle House,35.69258727603499,139.69868034124374,2012-04-08 15:05:38,2012-04-02,train,314_0
314,142,69,Train Station,35.698596195264464,139.77301824864617,2012-04-08 17:28:10,2012-04-02,train,314_0
314,43,69,Train Station,35.69080269423021,139.70027922656513,2012-04-08 17:49:04,2012-04-02,train,314_0
316,714,189,Ramen /  Noodle House,35.689851183529804,139.69734460115433,2012-04-04 20:13:27,2012-04-02,train,316_0
316,714,189,Ramen /  Noodle House,35.689851183529804,139.69734460115433,2012-04-08 18:07:50,2012-04-02,train,316_0
316,4602,113,Park,35.688504887001265,139.7072446346283,2012-04-08 18:09:17,2012-04-02,train,316_0
317,3018,34,Bike Shop,35.70532593341408,139.77229327672853,2012-04-04 12:50:43,2012-04-02,train,317_0
317,87,69,Train Station,35.65852172695124,139.7013260344949,2012-04-04 21:28:58,2012-04-02,train,317_0
317,316,69,Train Station,35.6604344413809,139.67309474945068,2012-04-04 21:39:52,2012-04-02,train,317_0
318,7000,217,General Entertainment,35.699518580728515,139.77044820785522,2012-04-04 22:35:54,2012-04-02,train,318_0
318,7000,217,General Entertainment,35.699518580728515,139.77044820785522,2012-04-05 21:04:24,2012-04-02,train,318_0
318,5631,204,Music Venue,35.66155021371762,139.69875007867813,2012-04-08 11:49:24,2012-04-02,train,318_0
319,5113,128,Gym / Fitness Center,35.56002093504092,139.71802711486816,2012-04-05 20:05:35,2012-04-02,train,319_0
319,1396,128,Gym / Fitness Center,35.58650174433296,139.5901224913805,2012-04-08 15:50:07,2012-04-02,train,319_0
329,5817,69,Train Station,35.607041101221995,139.73500836365807,2012-04-08 08:30:47,2012-04-02,train,329_0
329,768,69,Train Station,35.63440986098353,139.79161351919174,2012-04-08 08:52:45,2012-04-02,train,329_0
329,2549,240,Convention Center,35.62986667837494,139.79426622390747,2012-04-08 08:57:09,2012-04-02,train,329_0
330,519,172,University,35.71389464412125,139.76130209900091,2012-04-04 09:07:50,2012-04-02,train,330_0
330,1734,166,College Academic Building,35.710802989186,139.7633457183838,2012-04-04 17:08:08,2012-04-02,train,330_0
330,3176,172,University,35.70986213834684,139.76232647895813,2012-04-04 17:08:16,2012-04-02,train,330_0
330,2495,151,Medical Center,35.71206615108838,139.76523399353027,2012-04-04 17:08:22,2012-04-02,train,330_0
330,142,69,Train Station,35.698596195264464,139.77301824864617,2012-04-08 16:27:09,2012-04-02,train,330_0
332,75,236,Subway,35.67278116288847,139.7240298986435,2012-04-04 23:02:36,2012-04-02,train,332_0
332,85,236,Subway,35.69793937668257,139.70742970705032,2012-04-04 23:19:22,2012-04-02,train,332_0
332,5920,26,Japanese Restaurant,35.7010803283146,139.7076979279518,2012-04-04 23:28:02,2012-04-02,train,332_0
332,85,236,Subway,35.69793937668257,139.70742970705032,2012-04-05 09:10:16,2012-04-02,train,332_0
333,251,236,Subway,35.6630059244977,139.74504232406616,2012-04-04 18:16:28,2012-04-02,train,333_0
333,135,236,Subway,35.67231923028651,139.7945612668991,2012-04-05 08:32:45,2012-04-02,train,333_0
333,251,236,Subway,35.6630059244977,139.74504232406616,2012-04-05 18:45:06,2012-04-02,train,333_0
333,2304,97,Diner,35.67490449321935,139.76351469755173,2012-04-05 21:06:01,2012-04-02,train,333_0
333,44,69,Train Station,35.68137872227962,139.76608157157898,2012-04-07 22:05:02,2012-04-02,train,333_0
334,5529,229,Road,35.701637932315386,139.68831360340118,2012-04-04 06:53:59,2012-04-02,train,334_0
334,6239,229,Road,35.70205956123433,139.6951683180788,2012-04-04 06:56:38,2012-04-02,train,334_0
334,7104,229,Road,35.7092915243258,139.70330715179443,2012-04-04 07:04:36,2012-04-02,train,334_0
334,1245,26,Japanese Restaurant,35.714148146668464,139.70387041568756,2012-04-04 13:23:37,2012-04-02,train,334_0
334,1010,32,Bookstore,35.712832749929525,139.7050130367279,2012-04-04 13:54:32,2012-04-02,train,334_0
334,149,69,Train Station,35.712902440367635,139.7038972377777,2012-04-04 19:05:26,2012-04-02,train,334_0
334,43,69,Train Station,35.69080269423021,139.70027922656513,2012-04-04 19:15:00,2012-04-02,train,334_0
334,43,69,Train Station,35.69080269423021,139.70027922656513,2012-04-04 20:27:57,2012-04-02,train,334_0
334,149,69,Train Station,35.712902440367635,139.7038972377777,2012-04-04 20:33:22,2012-04-02,train,334_0
334,4111,229,Road,35.70103676533783,139.68279898166656,2012-04-04 23:21:06,2012-04-02,train,334_0
334,7104,229,Road,35.7092915243258,139.70330715179443,2012-04-05 07:48:09,2012-04-02,train,334_0
334,6239,229,Road,35.70205956123433,139.6951683180788,2012-04-05 20:47:31,2012-04-02,train,334_0
334,6026,256,Convenience Store,35.70224998534236,139.674773812294,2012-04-07 21:31:05,2012-04-02,train,334_0
334,5529,229,Road,35.701637932315386,139.68831360340118,2012-04-08 06:59:08,2012-04-02,train,334_0
334,6239,229,Road,35.70205956123433,139.6951683180788,2012-04-08 17:10:01,2012-04-02,train,334_0
334,4111,229,Road,35.70103676533783,139.68279898166656,2012-04-08 17:13:48,2012-04-02,train,334_0
334,129,69,Train Station,35.70582855009322,139.66579914093018,2012-04-08 18:08:03,2012-04-02,train,334_0
334,43,69,Train Station,35.69080269423021,139.70027922656513,2012-04-08 18:20:32,2012-04-02,train,334_0
334,674,32,Bookstore,35.686118964441164,139.7021688078056,2012-04-08 18:23:33,2012-04-02,train,334_0
334,2623,228,Furniture / Home Store,35.68657254143188,139.7008502483368,2012-04-08 18:50:48,2012-04-02,train,334_0
334,283,56,Electronics Store,35.69256767061045,139.69870448112488,2012-04-08 19:04:24,2012-04-02,train,334_0
334,2623,228,Furniture / Home Store,35.68657254143188,139.7008502483368,2012-04-08 20:13:20,2012-04-02,train,334_0
334,43,69,Train Station,35.69080269423021,139.70027922656513,2012-04-08 20:39:38,2012-04-02,train,334_0
334,129,69,Train Station,35.70582855009322,139.66579914093018,2012-04-08 20:47:42,2012-04-02,train,334_0
334,2328,39,Food & Drink Shop,35.70162196727638,139.67810435747018,2012-04-08 21:10:45,2012-04-02,train,334_0
337,5762,200,Arcade,35.7007383583069,139.7718831896782,2012-04-04 13:08:41,2012-04-02,train,337_0
337,633,56,Electronics Store,35.69901541704127,139.7746217250824,2012-04-04 14:22:53,2012-04-02,train,337_0
337,2096,200,Arcade,35.69822577187811,139.77536946315806,2012-04-04 14:28:11,2012-04-02,train,337_0
337,4368,39,Food & Drink Shop,35.70000657571289,139.7802823437972,2012-04-04 15:10:18,2012-04-02,train,337_0
337,2096,200,Arcade,35.69822577187811,139.77536946315806,2012-04-05 00:01:31,2012-04-02,train,337_0
337,4368,39,Food & Drink Shop,35.70000657571289,139.7802823437972,2012-04-07 21:59:52,2012-04-02,train,337_0
337,5762,200,Arcade,35.7007383583069,139.7718831896782,2012-04-08 12:23:06,2012-04-02,train,337_0
337,4368,39,Food & Drink Shop,35.70000657571289,139.7802823437972,2012-04-08 13:23:48,2012-04-02,train,337_0
338,371,69,Train Station,35.681167389425845,139.7114396095276,2012-04-05 18:00:50,2012-04-02,train,338_0
338,420,69,Train Station,35.68600611785052,139.73066568374634,2012-04-05 18:05:25,2012-04-02,train,338_0
338,44,69,Train Station,35.68137872227962,139.76608157157898,2012-04-05 18:22:39,2012-04-02,train,338_0
338,204,236,Subway,35.67815420136066,139.70568895339966,2012-04-08 14:43:18,2012-04-02,train,338_0
338,312,236,Subway,35.69085980180074,139.704852104187,2012-04-08 14:54:24,2012-04-02,train,338_0
338,3251,225,Department Store,35.69167888630371,139.70466434955597,2012-04-08 15:58:25,2012-04-02,train,338_0
338,1929,230,Food & Drink Shop,35.6882543600588,139.70004558563232,2012-04-08 17:05:09,2012-04-02,train,338_0
338,371,69,Train Station,35.681167389425845,139.7114396095276,2012-04-08 17:48:52,2012-04-02,train,338_0
338,3159,256,Convenience Store,35.67895599,139.7102165,2012-04-08 23:02:16,2012-04-02,train,338_0
339,6271,69,Train Station,35.58974292303684,139.66878175735474,2012-04-04 08:23:04,2012-04-02,train,339_0
339,6271,69,Train Station,35.58974292303684,139.66878175735474,2012-04-05 08:29:22,2012-04-02,train,339_0
339,2908,39,Food & Drink Shop,35.57035419776967,139.68004703521729,2012-04-08 13:14:04,2012-04-02,train,339_0
339,6011,112,Other Great Outdoors,35.56501395041171,139.680970439564,2012-04-08 13:15:12,2012-04-02,train,339_0
339,3962,112,Other Great Outdoors,35.58534553196226,139.67483818531036,2012-04-08 13:27:27,2012-04-02,train,339_0
339,6271,69,Train Station,35.58974292303684,139.66878175735474,2012-04-08 13:30:16,2012-04-02,train,339_0
339,1487,197,Bridge,35.5853280815166,139.6688461303711,2012-04-08 13:36:28,2012-04-02,train,339_0
340,939,69,Train Station,35.59902114917961,139.61120009422302,2012-04-04 12:35:41,2012-04-02,train,340_0
340,939,69,Train Station,35.59902114917961,139.61120009422302,2012-04-05 08:47:49,2012-04-02,train,340_0
340,378,69,Train Station,35.62081442397418,139.56971168518066,2012-04-05 09:04:20,2012-04-02,train,340_0
340,192,69,Train Station,35.60375363356726,139.50759172439575,2012-04-05 09:14:41,2012-04-02,train,340_0
340,192,69,Train Station,35.60375363356726,139.50759172439575,2012-04-07 22:26:01,2012-04-02,train,340_0
340,378,69,Train Station,35.62081442397418,139.56971168518066,2012-04-07 22:40:28,2012-04-02,train,340_0
340,2955,200,Arcade,35.59997911820752,139.6123393625021,2012-04-07 23:08:35,2012-04-02,train,340_0
340,79,69,Train Station,35.59974085378926,139.6102237701416,2012-04-08 10:50:25,2012-04-02,train,340_0
340,939,69,Train Station,35.59902114917961,139.61120009422302,2012-04-08 10:52:16,2012-04-02,train,340_0
340,938,69,Train Station,35.610559633051565,139.5925386250019,2012-04-08 11:12:56,2012-04-02,train,340_0
340,378,69,Train Station,35.62081442397418,139.56971168518066,2012-04-08 11:16:43,2012-04-02,train,340_0
340,630,69,Train Station,35.61718625786023,139.56456184387207,2012-04-08 11:26:45,2012-04-02,train,340_0
340,192,69,Train Station,35.60375363356726,139.50759172439575,2012-04-08 11:33:50,2012-04-02,train,340_0
340,2854,225,Department Store,35.60311683629587,139.50886845588684,2012-04-08 11:34:19,2012-04-02,train,340_0
340,1376,237,Mall,35.60359661553269,139.50849294662476,2012-04-08 17:26:52,2012-04-02,train,340_0
340,3573,233,Hobby Shop,35.60364459329816,139.5086431503296,2012-04-08 17:30:06,2012-04-02,train,340_0
340,2854,225,Department Store,35.60311683629587,139.50886845588684,2012-04-08 17:48:34,2012-04-02,train,340_0
340,192,69,Train Station,35.60375363356726,139.50759172439575,2012-04-08 22:21:48,2012-04-02,train,340_0
340,1095,69,Train Station,35.61501015138457,139.54221904277802,2012-04-08 22:27:46,2012-04-02,train,340_0
340,5354,39,Food & Drink Shop,35.62089291613358,139.56942200660706,2012-04-08 22:38:20,2012-04-02,train,340_0
340,939,69,Train Station,35.59902114917961,139.61120009422302,2012-04-08 22:57:48,2012-04-02,train,340_0
340,2955,200,Arcade,35.59997911820752,139.6123393625021,2012-04-08 23:23:10,2012-04-02,train,340_0
344,5148,234,Light Rail,35.65370460889782,139.53829765319824,2012-04-04 09:15:40,2012-04-02,train,344_0
344,5805,167,General College & University,35.655568554680215,139.54370766878128,2012-04-04 16:44:10,2012-04-02,train,344_0
344,5148,234,Light Rail,35.65370460889782,139.53829765319824,2012-04-04 16:45:56,2012-04-02,train,344_0
344,5148,234,Light Rail,35.65370460889782,139.53829765319824,2012-04-04 22:17:06,2012-04-02,train,344_0
344,5148,234,Light Rail,35.65370460889782,139.53829765319824,2012-04-08 12:42:24,2012-04-02,train,344_0
344,2781,169,College Academic Building,35.65712625910575,139.543479681015,2012-04-08 12:48:16,2012-04-02,train,344_0
344,546,39,Food & Drink Shop,35.653595636737414,139.54398930072784,2012-04-08 21:23:27,2012-04-02,train,344_0
344,5148,234,Light Rail,35.65370460889782,139.53829765319824,2012-04-08 21:40:54,2012-04-02,train,344_0
345,422,69,Train Station,35.73792607790286,139.76102828979492,2012-04-04 08:43:34,2012-04-02,train,345_0
345,109,69,Train Station,35.63014572966312,139.74042892456055,2012-04-04 09:09:45,2012-04-02,train,345_0
345,109,69,Train Station,35.63014572966312,139.74042892456055,2012-04-04 12:33:22,2012-04-02,train,345_0
345,43,69,Train Station,35.69080269423021,139.70027922656513,2012-04-04 13:03:02,2012-04-02,train,345_0
345,1638,59,Office,35.694153,139.687614,2012-04-04 13:11:27,2012-04-02,train,345_0
345,3237,198,Coffee Shop,35.694142624357525,139.6876698732376,2012-04-04 13:11:39,2012-04-02,train,345_0
345,99,69,Train Station,35.67497849562972,139.76321881841366,2012-04-05 00:37:07,2012-04-02,train,345_0
345,189,69,Train Station,35.729864636451765,139.7109555727517,2012-04-05 07:53:02,2012-04-02,train,345_0
345,1638,59,Office,35.694153,139.687614,2012-04-05 08:27:28,2012-04-02,train,345_0
345,3237,198,Coffee Shop,35.694142624357525,139.6876698732376,2012-04-05 08:27:46,2012-04-02,train,345_0
345,43,69,Train Station,35.69080269423021,139.70027922656513,2012-04-05 20:48:48,2012-04-02,train,345_0
345,422,69,Train Station,35.73792607790286,139.76102828979492,2012-04-05 21:05:37,2012-04-02,train,345_0
345,43,69,Train Station,35.69080269423021,139.70027922656513,2012-04-06 23:56:51,2012-04-02,train,345_0
345,422,69,Train Station,35.73792607790286,139.76102828979492,2012-04-07 00:17:20,2012-04-02,train,345_0
345,142,69,Train Station,35.698596195264464,139.77301824864617,2012-04-08 12:10:31,2012-04-02,train,345_0
345,422,69,Train Station,35.73792607790286,139.76102828979492,2012-04-08 12:22:42,2012-04-02,train,345_0
345,422,69,Train Station,35.73792607790286,139.76102828979492,2012-04-08 16:29:54,2012-04-02,train,345_0
345,43,69,Train Station,35.69080269423021,139.70027922656513,2012-04-08 16:48:59,2012-04-02,train,345_0
345,283,56,Electronics Store,35.69256767061045,139.69870448112488,2012-04-08 16:54:09,2012-04-02,train,345_0
345,43,69,Train Station,35.69080269423021,139.70027922656513,2012-04-08 18:25:04,2012-04-02,train,345_0
345,422,69,Train Station,35.73792607790286,139.76102828979492,2012-04-08 18:43:03,2012-04-02,train,345_0
351,6319,35,Bar,35.67180500028323,139.70937430858612,2012-04-08 02:20:21,2012-04-02,train,351_0
351,3008,113,Park,35.67611347143822,139.71349526063457,2012-04-08 15:44:30,2012-04-02,train,351_0
351,6319,35,Bar,35.67180500028323,139.70937430858612,2012-04-08 18:29:08,2012-04-02,train,351_0
351,6319,35,Bar,35.67180500028323,139.70937430858612,2012-04-08 20:10:38,2012-04-02,train,351_0
354,1656,256,Convenience Store,35.55243051,139.6474917,2012-04-04 06:37:28,2012-04-02,train,354_0
354,799,172,University,35.552718483413095,139.64730400276795,2012-04-04 06:38:05,2012-04-02,train,354_0
354,4730,5,Home (private),35.559399020563525,139.6452092058366,2012-04-04 22:41:45,2012-04-02,train,354_0
355,79,69,Train Station,35.59974085378926,139.6102237701416,2012-04-04 17:03:28,2012-04-02,train,355_0
355,1532,225,Department Store,35.599008063581344,139.6120128035545,2012-04-04 17:20:46,2012-04-02,train,355_0
355,1532,225,Department Store,35.599008063581344,139.6120128035545,2012-04-08 13:36:56,2012-04-02,train,355_0
355,79,69,Train Station,35.59974085378926,139.6102237701416,2012-04-08 13:39:57,2012-04-02,train,355_0
355,309,69,Train Station,35.57742263857478,139.55844104290009,2012-04-08 13:54:24,2012-04-02,train,355_0
355,5133,237,Mall,35.577789133311484,139.5585536956787,2012-04-08 13:55:09,2012-04-02,train,355_0
355,1340,225,Department Store,35.57854306006805,139.5577597618103,2012-04-08 14:06:59,2012-04-02,train,355_0
355,310,198,Coffee Shop,35.5774544366469,139.55874993418402,2012-04-08 15:26:42,2012-04-02,train,355_0
358,46,237,Mall,35.660512894632895,139.72921192646027,2012-04-04 16:03:30,2012-04-02,train,358_0
358,183,237,Mall,35.61344815013038,139.62703666632507,2012-04-08 17:26:01,2012-04-02,train,358_0
359,146,69,Train Station,35.6964320244761,139.81394290924072,2012-04-04 08:35:57,2012-04-02,train,359_0
359,5522,69,Train Station,35.6964363810264,139.81394827365875,2012-04-04 08:36:15,2012-04-02,train,359_0
359,4152,69,Train Station,35.696906887060386,139.81450080871582,2012-04-04 08:36:34,2012-04-02,train,359_0
359,5615,281,Train Station,35.69687639138304,139.81423527002335,2012-04-04 08:36:59,2012-04-02,train,359_0
359,145,69,Train Station,35.6961052825236,139.79252815246582,2012-04-04 08:42:16,2012-04-02,train,359_0
359,5268,69,Train Station,35.69612270879486,139.79251205921173,2012-04-04 08:42:42,2012-04-02,train,359_0
359,3887,256,Convenience Store,35.69521418,139.793895,2012-04-04 14:19:06,2012-04-02,train,359_0
359,145,69,Train Station,35.6961052825236,139.79252815246582,2012-04-04 19:17:59,2012-04-02,train,359_0
359,5268,69,Train Station,35.69612270879486,139.79251205921173,2012-04-04 19:18:16,2012-04-02,train,359_0
359,146,69,Train Station,35.6964320244761,139.81394290924072,2012-04-04 19:21:53,2012-04-02,train,359_0
359,5522,69,Train Station,35.6964363810264,139.81394827365875,2012-04-04 19:22:26,2012-04-02,train,359_0
359,4152,69,Train Station,35.696906887060386,139.81450080871582,2012-04-04 19:32:05,2012-04-02,train,359_0
359,5615,281,Train Station,35.69687639138304,139.81423527002335,2012-04-04 19:32:17,2012-04-02,train,359_0
359,145,69,Train Station,35.6961052825236,139.79252815246582,2012-04-05 19:08:01,2012-04-02,train,359_0
359,5268,69,Train Station,35.69612270879486,139.79251205921173,2012-04-05 19:08:17,2012-04-02,train,359_0
359,146,69,Train Station,35.6964320244761,139.81394290924072,2012-04-05 19:13:54,2012-04-02,train,359_0
359,5522,69,Train Station,35.6964363810264,139.81394827365875,2012-04-05 19:14:26,2012-04-02,train,359_0
359,4152,69,Train Station,35.696906887060386,139.81450080871582,2012-04-05 19:59:40,2012-04-02,train,359_0
359,5615,281,Train Station,35.69687639138304,139.81423527002335,2012-04-05 20:00:06,2012-04-02,train,359_0
360,601,59,Office,35.70931542638444,139.77297807575522,2012-04-04 08:27:32,2012-04-02,train,360_0
360,1951,39,Food & Drink Shop,35.73057570987474,139.7890466451645,2012-04-08 13:54:13,2012-04-02,train,360_0
361,3589,256,Convenience Store,35.55375400002482,139.5781660079956,2012-04-04 08:42:10,2012-04-02,train,361_0
361,4384,113,Park,35.55438682559082,139.57902431488037,2012-04-04 08:42:20,2012-04-02,train,361_0
361,5947,269,Shrine,35.55456139728163,139.57631796598434,2012-04-04 08:43:33,2012-04-02,train,361_0
361,3589,256,Convenience Store,35.55375400002482,139.5781660079956,2012-04-04 21:03:43,2012-04-02,train,361_0
361,4384,113,Park,35.55438682559082,139.57902431488037,2012-04-04 21:06:19,2012-04-02,train,361_0
361,4649,238,Bus Station,35.553422310146594,139.5771199464798,2012-04-04 21:08:07,2012-04-02,train,361_0
361,5947,269,Shrine,35.55456139728163,139.57631796598434,2012-04-04 21:08:16,2012-04-02,train,361_0
361,1249,122,Fast Food Restaurant,35.57454188792135,139.65832650661469,2012-04-04 21:21:09,2012-04-02,train,361_0
361,3589,256,Convenience Store,35.55375400002482,139.5781660079956,2012-04-05 08:44:04,2012-04-02,train,361_0
361,4384,113,Park,35.55438682559082,139.57902431488037,2012-04-05 08:44:19,2012-04-02,train,361_0
361,4649,238,Bus Station,35.553422310146594,139.5771199464798,2012-04-05 08:44:33,2012-04-02,train,361_0
361,5947,269,Shrine,35.55456139728163,139.57631796598434,2012-04-05 08:44:43,2012-04-02,train,361_0
361,3589,256,Convenience Store,35.55375400002482,139.5781660079956,2012-04-06 22:12:42,2012-04-02,train,361_0
361,4384,113,Park,35.55438682559082,139.57902431488037,2012-04-06 22:12:50,2012-04-02,train,361_0
361,4649,238,Bus Station,35.553422310146594,139.5771199464798,2012-04-06 22:13:26,2012-04-02,train,361_0
361,5947,269,Shrine,35.55456139728163,139.57631796598434,2012-04-06 22:13:34,2012-04-02,train,361_0
361,1249,122,Fast Food Restaurant,35.57454188792135,139.65832650661469,2012-04-07 00:36:50,2012-04-02,train,361_0
361,3589,256,Convenience Store,35.55375400002482,139.5781660079956,2012-04-08 10:11:24,2012-04-02,train,361_0
361,4384,113,Park,35.55438682559082,139.57902431488037,2012-04-08 10:11:32,2012-04-02,train,361_0
361,4649,238,Bus Station,35.553422310146594,139.5771199464798,2012-04-08 10:15:19,2012-04-02,train,361_0
361,5947,269,Shrine,35.55456139728163,139.57631796598434,2012-04-08 10:15:30,2012-04-02,train,361_0
362,6448,39,Food & Drink Shop,35.57869227389735,139.57364916801453,2012-04-04 07:01:13,2012-04-02,train,362_0
362,6402,237,Mall,35.57874899253146,139.5736598968506,2012-04-04 07:01:27,2012-04-02,train,362_0
362,6654,229,Road,35.57844358402742,139.5749473571777,2012-04-04 10:17:50,2012-04-02,train,362_0
362,6980,5,Home (private),35.576574415912106,139.57383636382426,2012-04-04 12:10:34,2012-04-02,train,362_0
362,756,69,Train Station,35.701224247754766,139.74499252247443,2012-04-06 21:52:34,2012-04-02,train,362_0
362,1143,237,Mall,35.70144444141334,139.74426470800404,2012-04-06 22:02:15,2012-04-02,train,362_0
362,1001,269,Shrine,35.69442362943279,139.74307894706726,2012-04-06 23:31:55,2012-04-02,train,362_0
362,352,236,Subway,35.69550407383317,139.75170493125916,2012-04-06 23:32:06,2012-04-02,train,362_0
362,2552,236,Subway,35.69541694176286,139.75110948085785,2012-04-06 23:32:19,2012-04-02,train,362_0
362,6980,5,Home (private),35.576574415912106,139.57383636382426,2012-04-07 00:55:08,2012-04-02,train,362_0
362,6980,5,Home (private),35.576574415912106,139.57383636382426,2012-04-08 00:35:36,2012-04-02,train,362_0
362,6448,39,Food & Drink Shop,35.57869227389735,139.57364916801453,2012-04-08 09:26:13,2012-04-02,train,362_0
362,308,69,Train Station,35.57957795260064,139.57301884889603,2012-04-08 18:14:29,2012-04-02,train,362_0
362,6689,69,Train Station,35.57970646062489,139.57355027015117,2012-04-08 18:14:48,2012-04-02,train,362_0
362,134,69,Train Station,35.70230879446056,139.7450315952301,2012-04-08 21:49:45,2012-04-02,train,362_0
362,1409,236,Subway,35.70222166982555,139.74514961242676,2012-04-08 21:50:17,2012-04-02,train,362_0
362,352,236,Subway,35.69550407383317,139.75170493125916,2012-04-08 21:59:04,2012-04-02,train,362_0
363,1827,211,Airport,35.54896343042385,139.7846114074895,2012-04-04 12:36:42,2012-04-02,train,363_0
363,309,69,Train Station,35.57742263857478,139.55844104290009,2012-04-04 13:50:07,2012-04-02,train,363_0
363,5133,237,Mall,35.577789133311484,139.5585536956787,2012-04-04 13:50:37,2012-04-02,train,363_0
363,784,122,Fast Food Restaurant,35.65605946096253,139.704310297966,2012-04-07 21:32:25,2012-04-02,train,363_0
363,309,69,Train Station,35.57742263857478,139.55844104290009,2012-04-07 22:35:10,2012-04-02,train,363_0
363,309,69,Train Station,35.57742263857478,139.55844104290009,2012-04-08 20:13:24,2012-04-02,train,363_0
365,3313,236,Subway,35.67271579522983,139.72404599189758,2012-04-04 07:47:11,2012-04-02,train,365_0
365,1831,69,Train Station,35.65819631197759,139.70203042030334,2012-04-04 07:54:16,2012-04-02,train,365_0
365,3313,236,Subway,35.67271579522983,139.72404599189758,2012-04-04 22:05:04,2012-04-02,train,365_0
365,724,236,Subway,35.75849305114015,139.62884902954102,2012-04-04 22:43:13,2012-04-02,train,365_0
365,724,236,Subway,35.75849305114015,139.62884902954102,2012-04-06 23:36:35,2012-04-02,train,365_0
365,2479,39,Food & Drink Shop,35.74711714033008,139.62303781636228,2012-04-08 10:30:04,2012-04-02,train,365_0
366,760,69,Train Station,35.73294462295052,139.8816740512848,2012-04-04 11:30:14,2012-04-02,train,366_0
366,134,69,Train Station,35.70230879446056,139.7450315952301,2012-04-04 11:55:59,2012-04-02,train,366_0
366,352,236,Subway,35.69550407383317,139.75170493125916,2012-04-04 12:11:07,2012-04-02,train,366_0
366,4036,172,University,35.69573497335906,139.74919438362122,2012-04-04 15:40:17,2012-04-02,train,366_0
366,5553,200,Arcade,35.732354315017744,139.88056567317938,2012-04-04 16:48:08,2012-04-02,train,366_0
366,2244,39,Food & Drink Shop,35.73364788045551,139.8814594745636,2012-04-04 17:12:54,2012-04-02,train,366_0
366,760,69,Train Station,35.73294462295052,139.8816740512848,2012-04-08 06:48:06,2012-04-02,train,366_0
366,142,69,Train Station,35.698596195264464,139.77301824864617,2012-04-08 07:05:29,2012-04-02,train,366_0
366,140,69,Train Station,35.71341172584363,139.77605844022628,2012-04-08 07:22:40,2012-04-02,train,366_0
366,2239,69,Train Station,35.71115144964136,139.7735595703125,2012-04-08 20:28:29,2012-04-02,train,366_0
367,4439,256,Convenience Store,35.66998464164691,139.64214809658736,2012-04-04 14:10:29,2012-04-02,train,367_0
367,255,69,Train Station,35.67612791546994,139.64320957660675,2012-04-06 22:28:54,2012-04-02,train,367_0
367,87,69,Train Station,35.65852172695124,139.7013260344949,2012-04-06 22:47:52,2012-04-02,train,367_0
367,2326,197,Bridge,35.6581853412536,139.70290181297264,2012-04-06 22:48:46,2012-04-02,train,367_0
367,7076,59,Office,35.65747560504385,139.70298159639594,2012-04-06 22:50:10,2012-04-02,train,367_0
367,6596,256,Convenience Store,35.65463250082087,139.70844626426697,2012-04-06 23:04:51,2012-04-02,train,367_0
369,1623,59,Office,35.6827948558263,139.6868732571602,2012-04-04 16:30:56,2012-04-02,train,369_0
369,1896,13,Clothing Store,35.669273,139.703911,2012-04-04 19:51:45,2012-04-02,train,369_0
369,2700,243,Athletic & Sport,35.65903098685019,139.7011587023735,2012-04-04 23:40:09,2012-04-02,train,369_0
369,2179,113,Park,35.62575055873029,139.66177582740784,2012-04-08 13:52:55,2012-04-02,train,369_0
371,4314,256,Convenience Store,35.6279067516475,139.74077224731445,2012-04-04 09:01:18,2012-04-02,train,371_0
371,4314,256,Convenience Store,35.6279067516475,139.74077224731445,2012-04-04 12:28:35,2012-04-02,train,371_0
371,2606,180,Restaurant,35.62856733298724,139.7420221567154,2012-04-04 19:47:07,2012-04-02,train,371_0
371,4314,256,Convenience Store,35.6279067516475,139.74077224731445,2012-04-04 19:52:23,2012-04-02,train,371_0
371,4314,256,Convenience Store,35.6279067516475,139.74077224731445,2012-04-05 00:07:22,2012-04-02,train,371_0
371,3709,236,Subway,35.654912010485326,139.79620680212977,2012-04-08 23:08:01,2012-04-02,train,371_0
371,6511,69,Train Station,35.65640707091144,139.79525327682495,2012-04-08 23:10:24,2012-04-02,train,371_0
371,2692,256,Convenience Store,35.65966733885541,139.79377269744873,2012-04-08 23:15:43,2012-04-02,train,371_0
372,142,69,Train Station,35.698596195264464,139.77301824864617,2012-04-04 18:16:09,2012-04-02,train,372_0
372,2954,200,Arcade,35.69876710132423,139.7701209783554,2012-04-04 18:36:54,2012-04-02,train,372_0
375,43,69,Train Station,35.69080269423021,139.70027922656513,2012-04-04 07:41:05,2012-04-02,train,375_0
375,43,69,Train Station,35.69080269423021,139.70027922656513,2012-04-04 18:29:46,2012-04-02,train,375_0
375,1831,69,Train Station,35.65819631197759,139.70203042030334,2012-04-04 18:41:28,2012-04-02,train,375_0
375,913,69,Train Station,35.522015757591234,139.62984681129456,2012-04-04 19:20:34,2012-04-02,train,375_0
375,7492,46,Bar,35.522139677161235,139.62822691195385,2012-04-04 20:13:37,2012-04-02,train,375_0
375,1831,69,Train Station,35.65819631197759,139.70203042030334,2012-04-05 18:28:33,2012-04-02,train,375_0
375,913,69,Train Station,35.522015757591234,139.62984681129456,2012-04-05 19:07:48,2012-04-02,train,375_0
375,7492,46,Bar,35.522139677161235,139.62822691195385,2012-04-05 19:09:01,2012-04-02,train,375_0
379,564,236,Subway,35.66360737808987,139.872704744339,2012-04-08 12:31:22,2012-04-02,train,379_0
379,481,236,Subway,35.70300578811289,139.77166056632996,2012-04-08 13:01:55,2012-04-02,train,379_0
379,4315,61,Office,35.69988237126696,139.77241394202727,2012-04-08 13:06:48,2012-04-02,train,379_0
379,6307,56,Electronics Store,35.700514007759885,139.77104902267456,2012-04-08 14:25:18,2012-04-02,train,379_0
379,7349,273,Mobile Phone Shop,35.69940749291482,139.77112412452698,2012-04-08 15:02:30,2012-04-02,train,379_0
379,1792,56,Electronics Store,35.69980827959299,139.77182149887085,2012-04-08 15:10:14,2012-04-02,train,379_0
379,2862,56,Electronics Store,35.70104547793508,139.77180004119873,2012-04-08 15:19:12,2012-04-02,train,379_0
379,2007,56,Electronics Store,35.67211441025849,139.76322770118713,2012-04-08 18:15:53,2012-04-02,train,379_0
380,5810,256,Convenience Store,35.59943989,139.6097946,2012-04-04 16:21:21,2012-04-02,train,380_0
380,6696,97,Diner,35.60012033179566,139.6076112985611,2012-04-04 19:09:44,2012-04-02,train,380_0
380,6465,238,Bus Station,35.594087,139.605313,2012-04-08 10:06:22,2012-04-02,train,380_0
380,2499,26,Japanese Restaurant,35.58144526279752,139.64092433452606,2012-04-08 13:27:11,2012-04-02,train,380_0
380,3766,113,Park,35.585087888619974,139.65060700852948,2012-04-08 14:25:10,2012-04-02,train,380_0
380,641,140,Stadium,35.58580305947766,139.65271532535553,2012-04-08 14:25:47,2012-04-02,train,380_0
380,5372,138,Stadium,35.58668047978237,139.6526724100113,2012-04-08 14:42:22,2012-04-02,train,380_0
381,572,236,Subway,35.697769474245945,139.64807510375977,2012-04-04 07:37:35,2012-04-02,train,381_0
381,1620,236,Subway,35.697002730541755,139.68268632888794,2012-04-04 07:47:19,2012-04-02,train,381_0
381,3278,236,Subway,35.65495995746399,139.74364757537842,2012-04-04 08:15:08,2012-04-02,train,381_0
381,91,236,Subway,35.697926307277214,139.6829116344452,2012-04-04 18:07:57,2012-04-02,train,381_0
381,1620,236,Subway,35.697002730541755,139.68268632888794,2012-04-04 18:18:16,2012-04-02,train,381_0
381,3413,256,Convenience Store,35.6974901102678,139.6486291683813,2012-04-04 18:27:28,2012-04-02,train,381_0
381,3561,256,Convenience Store,35.69153184382758,139.642623513937,2012-04-04 18:44:13,2012-04-02,train,381_0
381,1620,236,Subway,35.697002730541755,139.68268632888794,2012-04-05 07:51:18,2012-04-02,train,381_0
381,91,236,Subway,35.697926307277214,139.6829116344452,2012-04-05 07:51:52,2012-04-02,train,381_0
381,3278,236,Subway,35.65495995746399,139.74364757537842,2012-04-05 17:48:41,2012-04-02,train,381_0
381,91,236,Subway,35.697926307277214,139.6829116344452,2012-04-05 18:15:57,2012-04-02,train,381_0
381,1620,236,Subway,35.697002730541755,139.68268632888794,2012-04-05 18:16:14,2012-04-02,train,381_0
381,3413,256,Convenience Store,35.6974901102678,139.6486291683813,2012-04-05 18:48:41,2012-04-02,train,381_0
381,3413,256,Convenience Store,35.6974901102678,139.6486291683813,2012-04-07 22:15:07,2012-04-02,train,381_0
381,572,236,Subway,35.697769474245945,139.64807510375977,2012-04-08 11:11:52,2012-04-02,train,381_0
383,1833,39,Food & Drink Shop,35.728063017349406,139.71919655799866,2012-04-04 21:15:03,2012-04-02,train,383_0
383,1035,113,Park,35.730227334361864,139.7089719772339,2012-04-08 14:33:35,2012-04-02,train,383_0
383,1171,56,Electronics Store,35.73099375847875,139.71370339393616,2012-04-08 16:21:13,2012-04-02,train,383_0
383,1118,233,Hobby Shop,35.72980928173501,139.71642315387726,2012-04-08 17:34:52,2012-04-02,train,383_0
387,87,69,Train Station,35.65852172695124,139.7013260344949,2012-04-08 20:27:32,2012-04-02,train,387_0
387,6259,189,Ramen /  Noodle House,35.627941,139.738602,2012-04-08 20:45:43,2012-04-02,train,387_0
387,7093,69,Train Station,35.6282272323851,139.73871231079102,2012-04-08 21:30:48,2012-04-02,train,387_0
389,6155,269,Shrine,35.75349396276371,139.87022872003527,2012-04-04 06:39:57,2012-04-02,train,389_0
389,1385,69,Train Station,35.75086595372428,139.86690044403076,2012-04-04 06:47:40,2012-04-02,train,389_0
389,2399,236,Subway,35.64693933531064,139.74735975265503,2012-04-04 07:29:34,2012-04-02,train,389_0
389,1385,69,Train Station,35.75086595372428,139.86690044403076,2012-04-04 21:16:19,2012-04-02,train,389_0
389,5992,256,Convenience Store,35.75200191,139.86847281,2012-04-04 21:16:46,2012-04-02,train,389_0
389,6155,269,Shrine,35.75349396276371,139.87022872003527,2012-04-04 21:52:40,2012-04-02,train,389_0
389,6155,269,Shrine,35.75349396276371,139.87022872003527,2012-04-05 06:42:40,2012-04-02,train,389_0
389,300,69,Train Station,35.74588638274114,139.85629266137698,2012-04-06 22:17:59,2012-04-02,train,389_0
389,1385,69,Train Station,35.75086595372428,139.86690044403076,2012-04-06 22:30:05,2012-04-02,train,389_0
389,6155,269,Shrine,35.75349396276371,139.87022872003527,2012-04-06 22:30:27,2012-04-02,train,389_0
389,7278,31,Gas Station / Garage,35.75245834278534,139.8703737350733,2012-04-07 21:41:34,2012-04-02,train,389_0
389,6155,269,Shrine,35.75349396276371,139.87022872003527,2012-04-07 21:41:56,2012-04-02,train,389_0
390,3623,229,Road,35.73627386178998,139.63842715746105,2012-04-04 07:22:09,2012-04-02,train,390_0
390,3208,69,Train Station,35.736793956413635,139.63776469230652,2012-04-04 07:23:39,2012-04-02,train,390_0
390,194,236,Subway,35.725682527331706,139.71950568258762,2012-04-04 07:45:17,2012-04-02,train,390_0
390,3722,236,Subway,35.6460326056207,139.82698917388916,2012-04-04 08:17:36,2012-04-02,train,390_0
390,323,69,Train Station,35.64592362299403,139.8269248008728,2012-04-04 08:19:48,2012-04-02,train,390_0
390,4184,69,Train Station,35.646150306690494,139.82742369174957,2012-04-04 08:20:06,2012-04-02,train,390_0
390,3722,236,Subway,35.6460326056207,139.82698917388916,2012-04-04 16:56:37,2012-04-02,train,390_0
390,3208,69,Train Station,35.736793956413635,139.63776469230652,2012-04-05 09:15:24,2012-04-02,train,390_0
390,5692,229,Road,35.65356512450584,139.7598910331726,2012-04-05 17:18:12,2012-04-02,train,390_0
390,333,69,Train Station,35.65561813580688,139.75674211978912,2012-04-05 17:27:22,2012-04-02,train,390_0
390,189,69,Train Station,35.729864636451765,139.7109555727517,2012-04-05 18:00:13,2012-04-02,train,390_0
390,2711,69,Train Station,35.729025427145416,139.71109628677368,2012-04-05 18:01:36,2012-04-02,train,390_0
390,3208,69,Train Station,35.736793956413635,139.63776469230652,2012-04-05 18:16:04,2012-04-02,train,390_0
390,3623,229,Road,35.73627386178998,139.63842715746105,2012-04-05 18:16:48,2012-04-02,train,390_0
390,3240,230,Food & Drink Shop,35.735895,139.638486,2012-04-05 18:18:12,2012-04-02,train,390_0
390,73,69,Train Station,35.70537552095303,139.64986145496368,2012-04-08 15:47:46,2012-04-02,train,390_0
390,137,69,Train Station,35.70477438215786,139.63537216186523,2012-04-08 15:49:08,2012-04-02,train,390_0
391,80,69,Train Station,35.6114994740578,139.62661743164062,2012-04-04 10:54:20,2012-04-02,train,391_0
391,207,69,Train Station,35.60743038445974,139.68562066555023,2012-04-04 11:10:29,2012-04-02,train,391_0
393,218,118,Bakery,35.69103407580367,139.6994984149933,2012-04-04 08:47:45,2012-04-02,train,393_0
393,5730,256,Convenience Store,35.63107335018641,139.64256316423416,2012-04-08 21:35:06,2012-04-02,train,393_0
397,4096,217,General Entertainment,35.65750764415663,139.68693763017654,2012-04-08 13:45:33,2012-04-02,train,397_0
397,3503,238,Bus Station,35.689975,139.698249,2012-04-08 21:20:04,2012-04-02,train,397_0
398,6273,59,Office,35.658232529147256,139.70853678173,2012-04-04 09:46:35,2012-04-02,train,398_0
398,435,269,Shrine,35.657394849519015,139.70668167082513,2012-04-04 14:12:03,2012-04-02,train,398_0
399,1601,236,Subway,35.681387437024455,139.77555513381958,2012-04-04 22:25:31,2012-04-02,train,399_0
399,4133,236,Subway,35.71014091012367,139.81340646743774,2012-04-08 10:26:38,2012-04-02,train,399_0
399,386,69,Train Station,35.62643513993051,139.63392779231071,2012-04-08 11:12:45,2012-04-02,train,399_0
399,1502,113,Park,35.6300585262402,139.6223258972168,2012-04-08 11:25:04,2012-04-02,train,399_0
401,87,69,Train Station,35.65852172695124,139.7013260344949,2012-04-04 18:09:33,2012-04-02,train,401_0
401,315,69,Train Station,35.65866050560753,139.6844780445099,2012-04-05 17:48:40,2012-04-02,train,401_0
402,354,69,Train Station,35.6483652265509,139.70339048812886,2012-04-04 09:51:33,2012-04-02,train,402_0
402,4996,78,Government Building,35.653628292401805,139.56759983777758,2012-04-08 14:47:57,2012-04-02,train,402_0
402,7264,189,Ramen /  Noodle House,35.64923228744081,139.55816745758057,2012-04-08 19:47:35,2012-04-02,train,402_0
404,7128,168,College Academic Building,35.61332804488734,139.54830488543064,2012-04-04 08:50:42,2012-04-02,train,404_0
404,529,172,University,35.61279037456386,139.5486080646515,2012-04-05 17:43:13,2012-04-02,train,404_0
404,7128,168,College Academic Building,35.61332804488734,139.54830488543064,2012-04-05 17:47:29,2012-04-02,train,404_0
408,142,69,Train Station,35.698596195264464,139.77301824864617,2012-04-05 18:02:53,2012-04-02,train,408_0
408,4473,287,Concert Hall,35.70074053646446,139.77187514305115,2012-04-05 18:03:09,2012-04-02,train,408_0
410,215,59,Office,35.66490615372471,139.69607591629028,2012-04-04 16:15:07,2012-04-02,train,410_0
410,1831,69,Train Station,35.65819631197759,139.70203042030334,2012-04-04 22:02:12,2012-04-02,train,410_0
411,363,69,Train Station,35.6881863003593,139.59936899218158,2012-04-06 22:48:38,2012-04-02,train,411_0
411,2422,69,Train Station,35.730227334361864,139.71116065979004,2012-04-08 21:12:26,2012-04-02,train,411_0
413,4329,59,Office,35.626666239267095,139.74036991596222,2012-04-04 13:38:54,2012-04-02,train,413_0
413,1605,69,Train Station,35.62567861195804,139.71341103315353,2012-04-05 08:34:36,2012-04-02,train,413_0
413,236,236,Subway,35.67204468417157,139.76417183876038,2012-04-08 10:54:23,2012-04-02,train,413_0
415,2964,109,Other Great Outdoors,35.703498036208586,139.5803788304329,2012-04-04 12:42:10,2012-04-02,train,415_0
415,7033,122,Fast Food Restaurant,35.70275312861798,139.57933276891708,2012-04-04 12:49:30,2012-04-02,train,415_0
415,261,69,Train Station,35.70320181647976,139.57990407943726,2012-04-04 13:03:35,2012-04-02,train,415_0
415,299,69,Train Station,35.668361407560894,139.6504027448891,2012-04-04 13:24:33,2012-04-02,train,415_0
415,5532,198,Coffee Shop,35.70321488502044,139.58071947097778,2012-04-04 19:26:13,2012-04-02,train,415_0
415,43,69,Train Station,35.69080269423021,139.70027922656513,2012-04-05 08:17:38,2012-04-02,train,415_0
417,4745,44,Bar,35.689252,139.697016,2012-04-04 22:33:40,2012-04-02,train,417_0
417,302,69,Train Station,35.70270629939949,139.56082955002785,2012-04-05 00:58:55,2012-04-02,train,417_0
422,750,69,Train Station,35.82842622855593,139.80346620082855,2012-04-04 07:10:42,2012-04-02,train,422_0
422,6017,59,Office,35.74225411703782,139.81056332588196,2012-04-04 07:56:05,2012-04-02,train,422_0
422,7390,82,Taxi,35.664562,139.739891,2012-04-04 09:58:39,2012-04-02,train,422_0
422,7390,82,Taxi,35.664562,139.739891,2012-04-04 13:30:07,2012-04-02,train,422_0
422,1969,189,Ramen /  Noodle House,35.68340433018149,139.73831668496132,2012-04-04 15:44:58,2012-04-02,train,422_0
422,330,269,Shrine,35.66475797233748,139.74845945835114,2012-04-04 17:25:50,2012-04-02,train,422_0
422,7390,82,Taxi,35.664562,139.739891,2012-04-04 20:23:09,2012-04-02,train,422_0
422,7248,31,Gas Station / Garage,35.74170931903211,139.8149836285535,2012-04-05 03:53:21,2012-04-02,train,422_0
422,6017,59,Office,35.74225411703782,139.81056332588196,2012-04-05 04:43:04,2012-04-02,train,422_0
422,1261,69,Train Station,35.744401176905974,139.81128215789795,2012-04-05 07:51:34,2012-04-02,train,422_0
422,3141,135,Movie Theater,35.77465903523311,139.7858440876007,2012-04-05 18:05:18,2012-04-02,train,422_0
423,43,69,Train Station,35.69080269423021,139.70027922656513,2012-04-04 13:09:43,2012-04-02,train,423_0
423,4561,111,Other Great Outdoors,35.60176471569719,139.6904754638672,2012-04-08 11:29:46,2012-04-02,train,423_0
425,5792,236,Subway,35.684742543061255,139.77445006370544,2012-04-04 08:00:18,2012-04-02,train,425_0
425,43,69,Train Station,35.69080269423021,139.70027922656513,2012-04-04 18:53:58,2012-04-02,train,425_0
425,1000,237,Mall,35.68994485703822,139.70154225826263,2012-04-04 18:54:17,2012-04-02,train,425_0
425,5792,236,Subway,35.684742543061255,139.77445006370544,2012-04-05 08:00:20,2012-04-02,train,425_0
425,5792,236,Subway,35.684742543061255,139.77445006370544,2012-04-05 18:37:47,2012-04-02,train,425_0
427,331,69,Train Station,35.64687830575068,139.7099483013153,2012-04-04 09:30:52,2012-04-02,train,427_0
427,189,69,Train Station,35.729864636451765,139.7109555727517,2012-04-05 00:42:11,2012-04-02,train,427_0
427,158,69,Train Station,35.77806243973507,139.72083806991577,2012-04-05 00:54:02,2012-04-02,train,427_0
427,331,69,Train Station,35.64687830575068,139.7099483013153,2012-04-05 20:12:02,2012-04-02,train,427_0
427,142,69,Train Station,35.698596195264464,139.77301824864617,2012-04-05 20:41:41,2012-04-02,train,427_0
427,1082,51,Bar,35.70185131953517,139.77498004487046,2012-04-05 20:50:27,2012-04-02,train,427_0
427,4841,189,Ramen /  Noodle House,35.701263,139.772092,2012-04-07 21:30:50,2012-04-02,train,427_0
427,1782,198,Coffee Shop,35.70072311120234,139.77241694927216,2012-04-07 22:20:53,2012-04-02,train,427_0
427,1082,51,Bar,35.70185131953517,139.77498004487046,2012-04-07 23:11:58,2012-04-02,train,427_0
427,142,69,Train Station,35.698596195264464,139.77301824864617,2012-04-08 05:17:31,2012-04-02,train,427_0
427,158,69,Train Station,35.77806243973507,139.72083806991577,2012-04-08 05:55:53,2012-04-02,train,427_0
428,2487,69,Train Station,35.57490948663387,139.663245677948,2012-04-04 07:36:21,2012-04-02,train,428_0
428,352,236,Subway,35.69550407383317,139.75170493125916,2012-04-04 18:35:09,2012-04-02,train,428_0
428,352,236,Subway,35.69550407383317,139.75170493125916,2012-04-04 22:26:06,2012-04-02,train,428_0
428,3635,236,Subway,35.678738110755965,139.7403645515442,2012-04-04 22:37:18,2012-04-02,train,428_0
428,291,69,Train Station,35.58049,139.661864,2012-04-04 23:20:29,2012-04-02,train,428_0
430,2279,122,Fast Food Restaurant,35.57741391248918,139.66046154499054,2012-04-04 06:33:17,2012-04-02,train,430_0
430,540,69,Train Station,35.575734123306084,139.65965688228607,2012-04-04 16:00:10,2012-04-02,train,430_0
430,540,69,Train Station,35.575734123306084,139.65965688228607,2012-04-07 21:49:24,2012-04-02,train,430_0
430,2638,26,Japanese Restaurant,35.57739209727102,139.66004580259323,2012-04-07 21:53:17,2012-04-02,train,430_0
430,2279,122,Fast Food Restaurant,35.57741391248918,139.66046154499054,2012-04-07 21:53:32,2012-04-02,train,430_0
430,2638,26,Japanese Restaurant,35.57739209727102,139.66004580259323,2012-04-08 07:26:38,2012-04-02,train,430_0
430,4986,256,Convenience Store,35.577082320531986,139.65879321098328,2012-04-08 07:26:57,2012-04-02,train,430_0
430,3673,121,Café,35.57716521864997,139.65875566005707,2012-04-08 07:27:13,2012-04-02,train,430_0
430,540,69,Train Station,35.575734123306084,139.65965688228607,2012-04-08 07:27:47,2012-04-02,train,430_0
430,3673,121,Café,35.57716521864997,139.65875566005707,2012-04-08 22:01:04,2012-04-02,train,430_0
430,4986,256,Convenience Store,35.577082320531986,139.65879321098328,2012-04-08 22:02:17,2012-04-02,train,430_0
430,2638,26,Japanese Restaurant,35.57739209727102,139.66004580259323,2012-04-08 22:03:09,2012-04-02,train,430_0
430,2279,122,Fast Food Restaurant,35.57741391248918,139.66046154499054,2012-04-08 22:03:31,2012-04-02,train,430_0
431,103,69,Train Station,35.536940832577606,139.63486790657043,2012-04-04 09:06:59,2012-04-02,train,431_0
431,536,69,Train Station,35.67096773523412,139.65878918766975,2012-04-04 10:03:55,2012-04-02,train,431_0
431,117,69,Train Station,35.67374424018757,139.66725826263428,2012-04-04 15:25:10,2012-04-02,train,431_0
431,507,236,Subway,35.68401924641666,139.7376823425293,2012-04-04 15:45:37,2012-04-02,train,431_0
431,117,69,Train Station,35.67374424018757,139.66725826263428,2012-04-04 16:56:51,2012-04-02,train,431_0
431,536,69,Train Station,35.67096773523412,139.65878918766975,2012-04-04 23:58:35,2012-04-02,train,431_0
431,103,69,Train Station,35.536940832577606,139.63486790657043,2012-04-05 01:08:21,2012-04-02,train,431_0
432,338,69,Train Station,35.695965872216426,139.75806713104248,2012-04-04 08:29:14,2012-04-02,train,432_0
432,335,236,Subway,35.68848092358864,139.78815078735352,2012-04-04 08:39:18,2012-04-02,train,432_0
432,5093,189,Ramen /  Noodle House,35.78682000852472,139.67450076807577,2012-04-05 20:01:39,2012-04-02,train,432_0
432,2362,69,Train Station,35.71369516481194,139.77750778198242,2012-04-06 23:25:35,2012-04-02,train,432_0
432,44,69,Train Station,35.68137872227962,139.76608157157898,2012-04-08 07:13:35,2012-04-02,train,432_0
432,279,69,Train Station,35.699583,139.765222,2012-04-08 23:29:17,2012-04-02,train,432_0
432,1162,69,Train Station,35.7021955324165,139.7551703453064,2012-04-08 23:36:40,2012-04-02,train,432_0
432,4130,189,Ramen /  Noodle House,35.70327587151515,139.75542783737183,2012-04-08 23:41:00,2012-04-02,train,432_0
433,360,236,Subway,35.66937761562483,139.8065185546875,2012-04-04 09:06:43,2012-04-02,train,433_0
433,1513,237,Mall,35.66735110690702,139.80394899845123,2012-04-04 09:13:10,2012-04-02,train,433_0
433,146,69,Train Station,35.6964320244761,139.81394290924072,2012-04-04 18:45:11,2012-04-02,train,433_0
433,191,56,Electronics Store,35.69642331137472,139.81417894363403,2012-04-04 18:48:22,2012-04-02,train,433_0
433,275,69,Train Station,35.71048066190842,139.8133099079132,2012-04-04 19:24:47,2012-04-02,train,433_0
433,360,236,Subway,35.66937761562483,139.8065185546875,2012-04-05 09:06:34,2012-04-02,train,433_0
433,360,236,Subway,35.66937761562483,139.8065185546875,2012-04-05 18:17:02,2012-04-02,train,433_0
434,208,69,Train Station,35.53132692901326,139.69690203666687,2012-04-07 22:10:25,2012-04-02,train,434_0
434,26,210,Music Venue,35.52780821687605,139.697288274765,2012-04-08 00:46:25,2012-04-02,train,434_0
434,289,69,Train Station,35.55319972801149,139.64681446552277,2012-04-08 15:57:58,2012-04-02,train,434_0
434,4830,69,Train Station,35.68822423465891,139.7013061670985,2012-04-08 21:57:28,2012-04-02,train,434_0
435,6839,238,Bus Station,35.683897243926694,139.5684188604355,2012-04-04 05:40:53,2012-04-02,train,435_0
435,43,69,Train Station,35.69080269423021,139.70027922656513,2012-04-04 06:29:59,2012-04-02,train,435_0
435,423,69,Train Station,35.62051789734346,139.75081980228424,2012-04-04 07:03:22,2012-04-02,train,435_0
435,878,256,Convenience Store,35.62137029221397,139.74931901427578,2012-04-04 07:15:24,2012-04-02,train,435_0
435,2768,59,Office,35.62312386788276,139.74916930340703,2012-04-04 07:16:07,2012-04-02,train,435_0
435,423,69,Train Station,35.62051789734346,139.75081980228424,2012-04-04 16:40:20,2012-04-02,train,435_0
435,331,69,Train Station,35.64687830575068,139.7099483013153,2012-04-04 17:00:05,2012-04-02,train,435_0
435,7256,89,School,35.64648813336054,139.70800816893555,2012-04-04 17:04:42,2012-04-02,train,435_0
435,331,69,Train Station,35.64687830575068,139.7099483013153,2012-04-04 20:02:09,2012-04-02,train,435_0
435,302,69,Train Station,35.70270629939949,139.56082955002785,2012-04-04 20:41:49,2012-04-02,train,435_0
435,3274,39,Food & Drink Shop,35.702236123340974,139.5616002633321,2012-04-04 20:42:25,2012-04-02,train,435_0
435,3272,237,Mall,35.7019002935107,139.56101327323375,2012-04-04 20:47:03,2012-04-02,train,435_0
435,43,69,Train Station,35.69080269423021,139.70027922656513,2012-04-05 06:36:31,2012-04-02,train,435_0
435,302,69,Train Station,35.70270629939949,139.56082955002785,2012-04-05 17:24:40,2012-04-02,train,435_0
435,3274,39,Food & Drink Shop,35.702236123340974,139.5616002633321,2012-04-05 17:25:58,2012-04-02,train,435_0
435,3272,237,Mall,35.7019002935107,139.56101327323375,2012-04-05 17:32:33,2012-04-02,train,435_0
435,5997,127,Gym / Fitness Center,35.68613797298327,139.5677242135537,2012-04-05 20:48:43,2012-04-02,train,435_0
435,848,113,Park,35.699756003183985,139.57340240478516,2012-04-08 11:04:18,2012-04-02,train,435_0
435,261,69,Train Station,35.70320181647976,139.57990407943726,2012-04-08 11:21:07,2012-04-02,train,435_0
435,1080,69,Train Station,35.70384108341622,139.59936015307903,2012-04-08 11:24:40,2012-04-02,train,435_0
435,193,69,Train Station,35.704621918699345,139.6199870109558,2012-04-08 11:32:22,2012-04-02,train,435_0
435,193,69,Train Station,35.704621918699345,139.6199870109558,2012-04-08 12:09:42,2012-04-02,train,435_0
435,261,69,Train Station,35.70320181647976,139.57990407943726,2012-04-08 12:22:39,2012-04-02,train,435_0
435,5532,198,Coffee Shop,35.70321488502044,139.58071947097778,2012-04-08 12:23:06,2012-04-02,train,435_0
435,2331,39,Food & Drink Shop,35.70284119050148,139.58081001712915,2012-04-08 16:07:50,2012-04-02,train,435_0
435,5997,127,Gym / Fitness Center,35.68613797298327,139.5677242135537,2012-04-08 17:20:06,2012-04-02,train,435_0
438,5663,121,Café,35.705222199853914,139.61965170491746,2012-04-04 18:24:54,2012-04-02,train,438_0
438,7491,5,Home (private),35.698968044275674,139.60441412421105,2012-04-04 20:02:00,2012-04-02,train,438_0
438,363,69,Train Station,35.6881863003593,139.59936899218158,2012-04-05 17:18:26,2012-04-02,train,438_0
438,7491,5,Home (private),35.698968044275674,139.60441412421105,2012-04-08 19:32:58,2012-04-02,train,438_0
440,140,69,Train Station,35.71362076736724,139.77651776270966,2012-04-04 19:18:28,2012-04-02,train,440_0
440,140,69,Train Station,35.71362076736724,139.77651776270966,2012-04-05 19:25:18,2012-04-02,train,440_0
441,1513,237,Mall,35.66735110690702,139.80394899845123,2012-04-04 08:30:48,2012-04-02,train,441_0
441,2444,238,Bus Station,35.68217176016234,139.7877323627472,2012-04-04 16:00:27,2012-04-02,train,441_0
441,1513,237,Mall,35.66735110690702,139.80394899845123,2012-04-04 18:16:27,2012-04-02,train,441_0
441,5793,229,Road,35.700888651038724,139.80947971343994,2012-04-04 21:53:39,2012-04-02,train,441_0
441,1513,237,Mall,35.66735110690702,139.80394899845123,2012-04-05 08:58:05,2012-04-02,train,441_0
441,4577,229,Road,35.669403763788246,139.8057782649994,2012-04-05 19:38:00,2012-04-02,train,441_0
441,146,69,Train Station,35.6964320244761,139.81394290924072,2012-04-05 20:05:54,2012-04-02,train,441_0
441,4381,197,Bridge,35.702456499009216,139.80822442952456,2012-04-08 08:49:06,2012-04-02,train,441_0
441,5793,229,Road,35.700888651038724,139.80947971343994,2012-04-08 20:10:32,2012-04-02,train,441_0
443,6811,237,Mall,35.62520986625084,139.77561950683594,2012-04-04 20:07:50,2012-04-02,train,443_0
443,4818,69,Train Station,35.67751799670805,139.76539492607117,2012-04-05 09:21:24,2012-04-02,train,443_0
443,2422,69,Train Station,35.730227334361864,139.71116065979004,2012-04-05 19:19:36,2012-04-02,train,443_0
443,43,69,Train Station,35.69080269423021,139.70027922656513,2012-04-05 19:27:33,2012-04-02,train,443_0
443,719,63,Video Store,35.691720275988864,139.7023442387581,2012-04-05 19:35:22,2012-04-02,train,443_0
443,4152,69,Train Station,35.696906887060386,139.81450080871582,2012-04-05 20:55:20,2012-04-02,train,443_0
443,146,69,Train Station,35.6964320244761,139.81394290924072,2012-04-07 21:37:32,2012-04-02,train,443_0
444,1811,287,Concert Hall,35.68340923210112,139.74340617656708,2012-04-04 21:04:35,2012-04-02,train,444_0
444,5728,189,Ramen /  Noodle House,35.60767462289984,139.73311185836792,2012-04-05 18:47:02,2012-04-02,train,444_0
445,6307,56,Electronics Store,35.700514007759885,139.77104902267456,2012-04-04 18:40:40,2012-04-02,train,445_0
445,3958,26,Japanese Restaurant,35.69957085729317,139.7746592760086,2012-04-04 22:22:52,2012-04-02,train,445_0
445,1653,189,Ramen /  Noodle House,35.70077756513382,139.77066278457642,2012-04-07 22:28:52,2012-04-02,train,445_0
445,3775,56,Electronics Store,35.70098666788508,139.77104634046557,2012-04-07 22:55:03,2012-04-02,train,445_0
445,1723,95,Chinese Restaurant,35.70084932905884,139.77087133821084,2012-04-08 18:27:07,2012-04-02,train,445_0
445,6307,56,Electronics Store,35.700514007759885,139.77104902267456,2012-04-08 21:58:09,2012-04-02,train,445_0
445,142,69,Train Station,35.698596195264464,139.77301824864617,2012-04-08 22:02:50,2012-04-02,train,445_0
447,3435,39,Food & Drink Shop,35.608828087855976,139.67552251037625,2012-04-04 20:29:32,2012-04-02,train,447_0
447,214,69,Train Station,35.606370555448706,139.67936038970947,2012-04-08 09:59:38,2012-04-02,train,447_0
447,1252,69,Train Station,35.628121197991504,139.73798198030258,2012-04-08 10:24:52,2012-04-02,train,447_0
449,94,69,Train Station,35.66898975019524,139.67971444129944,2012-04-04 09:30:13,2012-04-02,train,449_0
449,5211,95,Chinese Restaurant,35.671232,139.7974013,2012-04-04 12:53:59,2012-04-02,train,449_0
449,151,236,Subway,35.68691239365025,139.76361393928528,2012-04-04 19:39:57,2012-04-02,train,449_0
449,1434,69,Train Station,35.68971829766635,139.69925165176392,2012-04-04 20:08:45,2012-04-02,train,449_0
449,1372,39,Food & Drink Shop,35.667161815844686,139.60113610808077,2012-04-04 21:35:05,2012-04-02,train,449_0
452,4905,69,Train Station,35.56247782390475,139.7160503268242,2012-04-04 12:24:05,2012-04-02,train,452_0
452,601,59,Office,35.70931542638444,139.77297807575522,2012-04-04 22:15:32,2012-04-02,train,452_0
455,208,69,Train Station,35.53132692901326,139.69690203666687,2012-04-08 11:28:58,2012-04-02,train,455_0
455,2486,144,Gaming Cafe,35.527088997148944,139.6944104800042,2012-04-08 12:53:25,2012-04-02,train,455_0
457,3702,69,Train Station,35.63764486815911,139.69114065170288,2012-04-04 16:25:01,2012-04-02,train,457_0
457,3160,236,Subway,35.69055482137934,139.70592498779297,2012-04-04 16:55:54,2012-04-02,train,457_0
457,3251,225,Department Store,35.69167888630371,139.70466434955597,2012-04-04 16:59:56,2012-04-02,train,457_0
457,744,135,Movie Theater,35.69268748146288,139.7036612033844,2012-04-04 17:15:07,2012-04-02,train,457_0
457,3004,134,Movie Theater,35.691918510498844,139.70568627119064,2012-04-04 19:43:52,2012-04-02,train,457_0
457,3702,69,Train Station,35.63764486815911,139.69114065170288,2012-04-04 23:13:45,2012-04-02,train,457_0
457,6165,45,Flower Shop,35.63656742135682,139.69511347420794,2012-04-04 23:55:34,2012-04-02,train,457_0
457,559,59,Office,35.5804195675889,139.75525785007932,2012-04-06 22:24:58,2012-04-02,train,457_0
458,3207,121,Café,35.681797028958286,139.78696525096893,2012-04-08 13:58:42,2012-04-02,train,458_0
458,4200,121,Café,35.67250624910523,139.79488857862518,2012-04-08 17:33:54,2012-04-02,train,458_0
459,759,69,Train Station,35.735961,139.629695,2012-04-04 10:35:05,2012-04-02,train,459_0
459,503,69,Train Station,35.74953810235406,139.5865398645401,2012-04-04 10:44:05,2012-04-02,train,459_0
460,351,236,Subway,35.65851667125014,139.77643489837646,2012-04-04 08:02:11,2012-04-02,train,460_0
460,140,69,Train Station,35.71362076736724,139.77651776270966,2012-04-05 00:21:36,2012-04-02,train,460_0
460,2913,236,Subway,35.65688048559283,139.75433801683195,2012-04-05 00:41:06,2012-04-02,train,460_0
460,351,236,Subway,35.65851667125014,139.77643489837646,2012-04-07 00:52:25,2012-04-02,train,460_0
460,351,236,Subway,35.65851667125014,139.77643489837646,2012-04-08 08:55:38,2012-04-02,train,460_0
460,351,236,Subway,35.65851667125014,139.77643489837646,2012-04-08 22:07:21,2012-04-02,train,460_0
464,5817,69,Train Station,35.60713179761434,139.73477387338818,2012-04-04 09:36:35,2012-04-02,train,464_0
464,2490,189,Ramen /  Noodle House,35.68022262243583,139.76833037265803,2012-04-04 12:29:10,2012-04-02,train,464_0
464,331,69,Train Station,35.64687830575068,139.7099483013153,2012-04-08 10:10:19,2012-04-02,train,464_0
464,768,69,Train Station,35.63440986098353,139.79161351919174,2012-04-08 10:29:41,2012-04-02,train,464_0
464,6712,240,Convention Center,35.63066240799236,139.79702353477478,2012-04-08 10:38:33,2012-04-02,train,464_0
464,6474,81,Building,35.63078231176859,139.7905969619751,2012-04-08 11:32:53,2012-04-02,train,464_0
464,2549,240,Convention Center,35.62986667837494,139.79426622390747,2012-04-08 16:01:23,2012-04-02,train,464_0
464,2549,240,Convention Center,35.62986667837494,139.79426622390747,2012-04-08 17:34:53,2012-04-02,train,464_0
466,109,69,Train Station,35.63014572966312,139.74042892456055,2012-04-04 10:51:15,2012-04-02,train,466_0
466,3896,189,Ramen /  Noodle House,35.62934947009267,139.742113359673,2012-04-04 11:50:38,2012-04-02,train,466_0
466,6219,198,Coffee Shop,35.63083689409756,139.74298158468977,2012-04-04 11:51:48,2012-04-02,train,466_0
466,109,69,Train Station,35.63014572966312,139.74042892456055,2012-04-04 23:12:55,2012-04-02,train,466_0
466,2520,81,Building,35.692494694821235,139.7011285275221,2012-04-06 23:48:50,2012-04-02,train,466_0
467,724,236,Subway,35.75849305114015,139.62884902954102,2012-04-08 14:53:32,2012-04-02,train,467_0
467,724,236,Subway,35.75849305114015,139.62884902954102,2012-04-08 23:54:38,2012-04-02,train,467_0
468,3245,224,General Travel,35.69071716814829,139.70013439206505,2012-04-04 16:52:26,2012-04-02,train,468_0
468,58,204,Music Venue,35.69533416620789,139.70262050628662,2012-04-04 19:11:25,2012-04-02,train,468_0
468,3325,46,Bar,35.696202216109185,139.7025279700756,2012-04-04 19:22:55,2012-04-02,train,468_0
468,1281,135,Movie Theater,35.531370584522264,139.70021724700928,2012-04-08 09:56:52,2012-04-02,train,468_0
469,44,69,Train Station,35.68137872227962,139.76608157157898,2012-04-08 22:34:23,2012-04-02,train,469_0
469,302,69,Train Station,35.70270629939949,139.56082955002785,2012-04-08 23:06:24,2012-04-02,train,469_0
476,172,236,Subway,35.70734443657273,139.75144743919373,2012-04-04 18:27:07,2012-04-02,train,476_0
476,172,236,Subway,35.70734443657273,139.75144743919373,2012-04-05 18:18:19,2012-04-02,train,476_0
477,2875,69,Train Station,35.68304104263214,139.70215916633606,2012-04-04 09:12:49,2012-04-02,train,477_0
477,756,69,Train Station,35.70124523837918,139.74470310291082,2012-04-05 09:08:14,2012-04-02,train,477_0
478,1073,225,Department Store,35.85869177733273,139.65911507606506,2012-04-04 17:13:22,2012-04-02,train,478_0
478,5358,20,Record Shop,35.85856569484078,139.65908288955688,2012-04-04 17:19:53,2012-04-02,train,478_0
479,3535,189,Ramen /  Noodle House,35.614762,139.542034,2012-04-04 22:23:32,2012-04-02,train,479_0
479,6620,5,Home (private),35.619287507503074,139.5432745174086,2012-04-04 23:03:06,2012-04-02,train,479_0
484,109,69,Train Station,35.63014572966312,139.74042892456055,2012-04-04 22:01:47,2012-04-02,train,484_0
484,426,69,Train Station,35.70129378655684,139.70004089176655,2012-04-04 22:29:00,2012-04-02,train,484_0
484,142,69,Train Station,35.698596195264464,139.77301824864617,2012-04-08 17:55:45,2012-04-02,train,484_0
484,633,56,Electronics Store,35.69901541704127,139.7746217250824,2012-04-08 18:53:58,2012-04-02,train,484_0
487,3259,269,Shrine,35.61702054441969,139.74338471889496,2012-04-04 07:40:52,2012-04-02,train,487_0
487,4658,240,Convention Center,35.631732815339795,139.79763507843018,2012-04-04 15:39:11,2012-04-02,train,487_0
487,77,35,Bar,35.64326004138373,139.6986722946167,2012-04-06 22:16:33,2012-04-02,train,487_0
487,142,69,Train Station,35.698596195264464,139.77301824864617,2012-04-08 10:39:28,2012-04-02,train,487_0
487,4315,61,Office,35.69988237126696,139.77241394202727,2012-04-08 10:47:24,2012-04-02,train,487_0
490,413,63,Video Store,35.659817708965214,139.70037549734116,2012-04-04 12:46:07,2012-04-02,train,490_0
490,2624,112,Other Great Outdoors,35.692349,139.701094,2012-04-08 08:06:11,2012-04-02,train,490_0
490,5048,198,Coffee Shop,35.69366838339692,139.70096709789405,2012-04-08 18:29:34,2012-04-02,train,490_0
492,2434,69,Train Station,35.67067629738875,139.70252394676208,2012-04-04 21:49:05,2012-04-02,train,492_0
492,5419,69,Train Station,35.66616568441206,139.7586625814438,2012-04-05 18:17:35,2012-04-02,train,492_0
492,5954,57,Bar,35.629396,139.698016,2012-04-06 22:26:22,2012-04-02,train,492_0
492,5954,57,Bar,35.629396,139.698016,2012-04-08 20:42:38,2012-04-02,train,492_0
496,3634,121,Café,35.661660449696384,139.70215384861103,2012-04-04 14:54:28,2012-04-02,train,496_0
496,2464,14,Dumpling Restaurant,35.62928677180121,139.68319326639175,2012-04-05 00:19:16,2012-04-02,train,496_0
496,3903,122,Fast Food Restaurant,35.62934999490266,139.68518614768982,2012-04-08 23:05:57,2012-04-02,train,496_0
504,2222,127,Gym / Fitness Center,35.73759409652858,139.65380058814765,2012-04-04 22:08:56,2012-04-02,train,504_0
504,4560,128,Gym / Fitness Center,35.67906056635195,139.76271271705627,2012-04-05 19:27:02,2012-04-02,train,504_0
504,2222,127,Gym / Fitness Center,35.73759409652858,139.65380058814765,2012-04-08 18:39:49,2012-04-02,train,504_0
505,479,236,Subway,35.665876065677715,139.893045411523,2012-04-04 11:38:12,2012-04-02,train,505_0
505,1856,69,Train Station,35.80191699809086,139.71758723258972,2012-04-04 12:40:21,2012-04-02,train,505_0
505,2048,81,Building,35.67193137915044,139.7595477104187,2012-04-04 15:46:31,2012-04-02,train,505_0
506,43,69,Train Station,35.69080269423021,139.70027922656513,2012-04-04 09:23:52,2012-04-02,train,506_0
506,1964,236,Subway,35.69235854578225,139.70094680786133,2012-04-04 09:27:21,2012-04-02,train,506_0
506,340,236,Subway,35.677012515423044,139.73704397678375,2012-04-04 09:38:11,2012-04-02,train,506_0
506,177,236,Subway,35.671976,139.741176,2012-04-04 09:42:45,2012-04-02,train,506_0
506,340,236,Subway,35.677012515423044,139.73704397678375,2012-04-04 12:03:10,2012-04-02,train,506_0
506,312,236,Subway,35.69085980180074,139.704852104187,2012-04-04 12:12:32,2012-04-02,train,506_0
506,4244,56,Electronics Store,35.69330395991252,139.7008180618286,2012-04-04 12:56:49,2012-04-02,train,506_0
506,1434,69,Train Station,35.68971829766635,139.69925165176392,2012-04-04 13:08:41,2012-04-02,train,506_0
508,1718,69,Train Station,35.72205552208182,139.48005009067978,2012-04-08 10:42:04,2012-04-02,train,508_0
508,43,69,Train Station,35.69080269423021,139.70027922656513,2012-04-08 11:21:13,2012-04-02,train,508_0
508,1831,69,Train Station,35.65819631197759,139.70203042030334,2012-04-08 11:33:16,2012-04-02,train,508_0
508,234,69,Train Station,35.6443150221341,139.69909071922302,2012-04-08 11:44:12,2012-04-02,train,508_0
512,282,236,Subway,35.5534752278672,139.57850262522695,2012-04-04 08:38:33,2012-04-02,train,512_0
512,4363,236,Subway,35.56292402698885,139.56981293857098,2012-04-04 08:46:24,2012-04-02,train,512_0
512,3055,172,University,35.56135630493911,139.5750868320465,2012-04-04 08:56:46,2012-04-02,train,512_0
512,4363,236,Subway,35.56292402698885,139.56981293857098,2012-04-04 18:10:22,2012-04-02,train,512_0
512,282,236,Subway,35.5534752278672,139.57850262522695,2012-04-04 18:17:10,2012-04-02,train,512_0
512,292,236,Subway,35.54961759816317,139.62014861404896,2012-04-04 18:27:40,2012-04-02,train,512_0
512,292,236,Subway,35.54961759816317,139.62014861404896,2012-04-05 08:24:28,2012-04-02,train,512_0
512,282,236,Subway,35.5534752278672,139.57850262522695,2012-04-05 08:35:19,2012-04-02,train,512_0
512,4363,236,Subway,35.56292402698885,139.56981293857098,2012-04-05 08:42:13,2012-04-02,train,512_0
512,292,236,Subway,35.54961759816317,139.62014861404896,2012-04-08 13:40:31,2012-04-02,train,512_0
512,289,69,Train Station,35.55319972801149,139.64681446552277,2012-04-08 13:49:51,2012-04-02,train,512_0
512,289,69,Train Station,35.55319972801149,139.64681446552277,2012-04-08 19:05:51,2012-04-02,train,512_0
512,289,69,Train Station,35.55319972801149,139.64681446552277,2012-04-08 21:56:39,2012-04-02,train,512_0
512,292,236,Subway,35.54961759816317,139.62014861404896,2012-04-08 22:03:51,2012-04-02,train,512_0
513,2859,122,Fast Food Restaurant,35.66166353347342,139.70053106546402,2012-04-08 14:12:32,2012-04-02,train,513_0
513,6167,14,Dumpling Restaurant,35.65794152,139.696585,2012-04-08 21:24:49,2012-04-02,train,513_0
515,142,69,Train Station,35.698596195264464,139.77301824864617,2012-04-04 08:50:14,2012-04-02,train,515_0
515,142,69,Train Station,35.698596195264464,139.77301824864617,2012-04-04 14:29:37,2012-04-02,train,515_0
515,209,69,Train Station,35.58843420093637,139.7279191017151,2012-04-04 14:47:49,2012-04-02,train,515_0
515,142,69,Train Station,35.698596195264464,139.77301824864617,2012-04-04 18:44:01,2012-04-02,train,515_0
515,4315,61,Office,35.69988237126696,139.77241394202727,2012-04-04 19:35:00,2012-04-02,train,515_0
515,1930,69,Train Station,35.666692051408944,139.7581327376774,2012-04-04 19:49:38,2012-04-02,train,515_0
515,382,69,Train Station,35.53105189876034,139.68438684940338,2012-04-05 08:32:50,2012-04-02,train,515_0
515,209,69,Train Station,35.58843420093637,139.7279191017151,2012-04-05 08:48:17,2012-04-02,train,515_0
515,209,69,Train Station,35.58843420093637,139.7279191017151,2012-04-05 17:35:22,2012-04-02,train,515_0
515,735,69,Train Station,35.63364359852691,139.53526139259338,2012-04-08 08:20:21,2012-04-02,train,515_0
515,378,69,Train Station,35.62081442397418,139.56971168518066,2012-04-08 08:24:48,2012-04-02,train,515_0
515,2054,32,Bookstore,35.62089509647022,139.56972509622574,2012-04-08 15:19:06,2012-04-02,train,515_0
515,378,69,Train Station,35.62081442397418,139.56971168518066,2012-04-08 16:53:46,2012-04-02,train,515_0
515,735,69,Train Station,35.63364359852691,139.53526139259338,2012-04-08 17:01:22,2012-04-02,train,515_0
516,486,69,Train Station,35.743553244845074,139.6070272475481,2012-04-04 07:35:56,2012-04-02,train,516_0
516,7179,126,Office,35.67985792107745,139.63636007054322,2012-04-04 11:59:37,2012-04-02,train,516_0
516,2021,121,Café,35.67964446911511,139.78023290634155,2012-04-04 16:00:12,2012-04-02,train,516_0
516,134,69,Train Station,35.70230879446056,139.7450315952301,2012-04-04 23:11:34,2012-04-02,train,516_0
516,134,69,Train Station,35.70230879446056,139.7450315952301,2012-04-05 08:23:46,2012-04-02,train,516_0
516,1957,236,Subway,35.65890458756057,139.7025829553604,2012-04-05 18:41:50,2012-04-02,train,516_0
516,2621,236,Subway,35.690855444945775,139.73592281341553,2012-04-07 00:02:35,2012-04-02,train,516_0
519,540,69,Train Station,35.575734123306084,139.65965688228607,2012-04-04 08:04:43,2012-04-02,train,519_0
519,540,69,Train Station,35.575734123306084,139.65965688228607,2012-04-04 20:09:38,2012-04-02,train,519_0
521,1826,211,Airport,35.55137976854632,139.78840827941897,2012-04-04 14:25:36,2012-04-02,train,521_0
521,5077,69,Train Station,35.550004406063394,139.78646233677864,2012-04-04 15:23:55,2012-04-02,train,521_0
521,208,69,Train Station,35.53132692901326,139.69690203666687,2012-04-04 15:55:08,2012-04-02,train,521_0
523,1072,39,Food & Drink Shop,35.66575601225133,139.89448964595795,2012-04-05 20:03:58,2012-04-02,train,523_0
523,151,236,Subway,35.68691239365025,139.76361393928528,2012-04-05 20:46:56,2012-04-02,train,523_0
523,269,69,Train Station,35.732117253229084,139.76670384407043,2012-04-05 21:05:08,2012-04-02,train,523_0
523,700,69,Train Station,35.79123348242127,139.69139009714127,2012-04-08 16:49:46,2012-04-02,train,523_0
523,700,69,Train Station,35.79123348242127,139.69139009714127,2012-04-08 22:14:17,2012-04-02,train,523_0
524,5762,200,Arcade,35.7007383583069,139.7718831896782,2012-04-06 23:09:21,2012-04-02,train,524_0
524,7377,189,Ramen /  Noodle House,35.702364715464775,139.77052687875178,2012-04-07 21:28:36,2012-04-02,train,524_0
524,5762,200,Arcade,35.7007383583069,139.7718831896782,2012-04-07 23:10:40,2012-04-02,train,524_0
525,109,69,Train Station,35.63014572966312,139.74042892456055,2012-04-04 09:05:07,2012-04-02,train,525_0
525,1848,69,Train Station,35.7277712437567,139.77096319198608,2012-04-04 18:49:11,2012-04-02,train,525_0
525,1848,69,Train Station,35.7277712437567,139.77096319198608,2012-04-05 08:28:09,2012-04-02,train,525_0
525,1848,69,Train Station,35.7277712437567,139.77096319198608,2012-04-05 18:42:00,2012-04-02,train,525_0
528,135,236,Subway,35.67231923028651,139.7945612668991,2012-04-04 07:51:06,2012-04-02,train,528_0
528,323,69,Train Station,35.64592362299403,139.8269248008728,2012-04-04 08:16:09,2012-04-02,train,528_0
528,135,236,Subway,35.67231923028651,139.7945612668991,2012-04-04 18:06:47,2012-04-02,train,528_0
528,4200,121,Café,35.67250624910523,139.79488857862518,2012-04-04 18:09:29,2012-04-02,train,528_0
528,323,69,Train Station,35.64592362299403,139.8269248008728,2012-04-05 08:05:12,2012-04-02,train,528_0
528,142,69,Train Station,35.698596195264464,139.77301824864617,2012-04-05 18:20:56,2012-04-02,train,528_0
528,5326,69,Train Station,35.69737293969355,139.78513071658193,2012-04-05 19:07:50,2012-04-02,train,528_0
528,135,236,Subway,35.67231923028651,139.7945612668991,2012-04-06 21:59:38,2012-04-02,train,528_0
528,6100,288,Brewery,35.671843,139.797202,2012-04-06 22:37:01,2012-04-02,train,528_0
528,7133,233,Hobby Shop,35.6705233337229,139.70554469610835,2012-04-08 13:50:56,2012-04-02,train,528_0
528,198,35,Bar,35.6916854215186,139.7011372447014,2012-04-08 15:13:42,2012-04-02,train,528_0
528,359,240,Convention Center,35.67664647525239,139.7636514902115,2012-04-08 16:39:06,2012-04-02,train,528_0
535,142,69,Train Station,35.698596195264464,139.77301824864617,2012-04-04 08:31:39,2012-04-02,train,535_0
535,1930,69,Train Station,35.666692051408944,139.7581327376774,2012-04-04 08:39:08,2012-04-02,train,535_0
535,104,198,Coffee Shop,35.67218849415906,139.76749375462532,2012-04-04 20:13:23,2012-04-02,train,535_0
535,2771,69,Train Station,35.67505156634274,139.7633135318756,2012-04-04 21:54:41,2012-04-02,train,535_0
535,142,69,Train Station,35.698596195264464,139.77301824864617,2012-04-04 22:04:29,2012-04-02,train,535_0
535,142,69,Train Station,35.698596195264464,139.77301824864617,2012-04-05 08:32:09,2012-04-02,train,535_0
535,1930,69,Train Station,35.666692051408944,139.7581327376774,2012-04-05 08:39:42,2012-04-02,train,535_0
535,881,114,Plaza,35.66708090185773,139.75739657878876,2012-04-05 21:01:46,2012-04-02,train,535_0
535,1930,69,Train Station,35.666692051408944,139.7581327376774,2012-04-05 21:02:05,2012-04-02,train,535_0
536,6480,152,College Academic Building,35.657419380921134,139.54024761915207,2012-04-04 08:07:17,2012-04-02,train,536_0
536,6600,172,University,35.658347,139.540827,2012-04-04 08:07:31,2012-04-02,train,536_0
536,6340,153,College Academic Building,35.657600265965534,139.54279839992523,2012-04-04 08:15:36,2012-04-02,train,536_0
536,2786,170,Student Center,35.65916174452547,139.5436406135559,2012-04-04 08:15:55,2012-04-02,train,536_0
536,5826,125,Post Office,35.65439766835833,139.54309344291687,2012-04-04 18:52:40,2012-04-02,train,536_0
536,841,141,Stadium,35.66413037753068,139.52701091766355,2012-04-04 19:16:46,2012-04-02,train,536_0
536,7008,31,Gas Station / Garage,35.65274842787962,139.5615505181808,2012-04-07 22:43:29,2012-04-02,train,536_0
536,613,228,Furniture / Home Store,35.646995361426754,139.51757739371118,2012-04-08 20:58:21,2012-04-02,train,536_0
541,304,69,Train Station,35.70025262768564,139.48025465011597,2012-04-04 08:28:31,2012-04-02,train,541_0
541,302,69,Train Station,35.70270629939949,139.56082955002785,2012-04-04 08:44:28,2012-04-02,train,541_0
541,302,69,Train Station,35.70270629939949,139.56082955002785,2012-04-05 08:42:15,2012-04-02,train,541_0
541,302,69,Train Station,35.70270629939949,139.56082955002785,2012-04-05 18:17:01,2012-04-02,train,541_0
541,304,69,Train Station,35.70025262768564,139.48025465011597,2012-04-05 18:29:42,2012-04-02,train,541_0
541,304,69,Train Station,35.70025262768564,139.48025465011597,2012-04-07 22:05:48,2012-04-02,train,541_0
541,304,69,Train Station,35.70025262768564,139.48025465011597,2012-04-07 23:40:28,2012-04-02,train,541_0
541,304,69,Train Station,35.70025262768564,139.48025465011597,2012-04-08 16:41:52,2012-04-02,train,541_0
541,304,69,Train Station,35.70025262768564,139.48025465011597,2012-04-08 19:02:01,2012-04-02,train,541_0
545,1727,69,Train Station,35.60910078604585,139.51630353927612,2012-04-04 08:20:50,2012-04-02,train,545_0
545,2415,238,Bus Station,35.68295607559028,139.76636052131653,2012-04-04 13:33:37,2012-04-02,train,545_0
545,268,236,Subway,35.717336369204936,139.765727519989,2012-04-04 18:44:17,2012-04-02,train,545_0
545,268,236,Subway,35.717336369204936,139.765727519989,2012-04-07 21:38:53,2012-04-02,train,545_0
545,1727,69,Train Station,35.60910078604585,139.51630353927612,2012-04-08 07:43:01,2012-04-02,train,545_0
545,311,69,Train Station,35.568403721907565,139.5535111427307,2012-04-08 16:09:43,2012-04-02,train,545_0
546,3972,269,Shrine,35.785347498778435,139.640012383461,2012-04-05 01:29:39,2012-04-02,train,546_0
546,3972,269,Shrine,35.785347498778435,139.640012383461,2012-04-08 00:47:59,2012-04-02,train,546_0
546,1523,213,Spa / Massage,35.77156359088422,139.63649455351143,2012-04-08 15:53:56,2012-04-02,train,546_0
547,44,69,Train Station,35.68137872227962,139.76608157157898,2012-04-04 09:58:19,2012-04-02,train,547_0
547,3244,122,Fast Food Restaurant,35.70666054882758,139.84330236911774,2012-04-08 08:05:37,2012-04-02,train,547_0
548,38,113,Park,35.71406103497294,139.77407455444336,2012-04-04 12:47:22,2012-04-02,train,548_0
548,5535,197,Bridge,35.71006686146555,139.79896008968353,2012-04-07 09:13:37,2012-04-02,train,548_0
548,763,69,Train Station,35.752433225195475,139.7381329536438,2012-04-08 13:08:44,2012-04-02,train,548_0
548,2272,113,Park,35.75044800945261,139.7388732433319,2012-04-08 14:08:32,2012-04-02,train,548_0
548,2541,236,Subway,35.64561138694559,139.81054186820984,2012-04-08 15:59:07,2012-04-02,train,548_0
548,1845,9,Gym / Fitness Center,35.64762809425529,139.81903910636902,2012-04-08 16:14:09,2012-04-02,train,548_0
549,444,198,Coffee Shop,35.639635073685035,139.63187992572784,2012-04-04 20:47:21,2012-04-02,train,549_0
549,2655,189,Ramen /  Noodle House,35.634137364507765,139.70714271068573,2012-04-08 19:26:35,2012-04-02,train,549_0
549,7462,112,Other Great Outdoors,35.64388072184869,139.69950114457984,2012-04-08 20:01:13,2012-04-02,train,549_0
553,4818,69,Train Station,35.67751799670805,139.76539492607117,2012-04-04 07:38:22,2012-04-02,train,553_0
553,4818,69,Train Station,35.67751799670805,139.76539492607117,2012-04-04 20:56:59,2012-04-02,train,553_0
553,4818,69,Train Station,35.67751799670805,139.76539492607117,2012-04-05 07:53:11,2012-04-02,train,553_0
553,4818,69,Train Station,35.67751799670805,139.76539492607117,2012-04-08 11:27:46,2012-04-02,train,553_0
553,1277,87,Theater,35.66146118711868,139.66865474835856,2012-04-08 13:44:20,2012-04-02,train,553_0
553,131,69,Train Station,35.66158508135192,139.66747283935547,2012-04-08 18:36:57,2012-04-02,train,553_0
553,3367,236,Subway,35.674236929560095,139.75907399825647,2012-04-08 19:06:03,2012-04-02,train,553_0
553,643,56,Electronics Store,35.67543940231658,139.7628951072693,2012-04-08 19:12:40,2012-04-02,train,553_0
553,6757,241,Miscellaneous Shop,35.67549605235727,139.76484775543213,2012-04-08 19:26:11,2012-04-02,train,553_0
553,4362,121,Café,35.675997,139.765105,2012-04-08 19:47:52,2012-04-02,train,553_0
553,2397,32,Bookstore,35.674890330607965,139.76385533809662,2012-04-08 20:25:02,2012-04-02,train,553_0
553,4818,69,Train Station,35.67751799670805,139.76539492607117,2012-04-08 20:30:20,2012-04-02,train,553_0
554,482,237,Mall,35.69114641313136,139.70151999517282,2012-04-04 21:32:37,2012-04-02,train,554_0
554,3769,69,Train Station,35.66864546357213,139.6504783630371,2012-04-04 22:16:45,2012-04-02,train,554_0
554,107,236,Subway,35.673892404894445,139.75096464157104,2012-04-05 08:34:36,2012-04-02,train,554_0
554,220,69,Train Station,35.651889113311164,139.5443956553936,2012-04-05 20:58:49,2012-04-02,train,554_0
554,3345,200,Arcade,35.651043466226184,139.54433262348175,2012-04-05 21:06:23,2012-04-02,train,554_0
554,909,69,Train Station,35.64990793118754,139.5513278245926,2012-04-08 11:45:41,2012-04-02,train,554_0
554,43,69,Train Station,35.69080269423021,139.70027922656513,2012-04-08 12:16:40,2012-04-02,train,554_0
554,129,69,Train Station,35.70582855009322,139.66579914093018,2012-04-08 12:26:14,2012-04-02,train,554_0
554,3556,26,Japanese Restaurant,35.708339,139.665612,2012-04-08 12:35:44,2012-04-02,train,554_0
554,24,51,Bar,35.709988662063665,139.66780754713488,2012-04-08 13:50:08,2012-04-02,train,554_0
554,43,69,Train Station,35.69080269423021,139.70027922656513,2012-04-08 21:52:56,2012-04-02,train,554_0
554,7362,132,Casino,35.65073157043799,139.5514978886431,2012-04-08 22:37:33,2012-04-02,train,554_0
555,3948,69,Train Station,35.65859948500268,139.7020947933197,2012-04-04 12:33:52,2012-04-02,train,555_0
555,3615,237,Mall,35.66903115165117,139.70548510551453,2012-04-04 13:23:32,2012-04-02,train,555_0
555,5815,79,Library,35.65573320748989,139.7000938653946,2012-04-04 16:36:39,2012-04-02,train,555_0
555,354,69,Train Station,35.6483652265509,139.70339048812886,2012-04-04 22:06:02,2012-04-02,train,555_0
555,2316,112,Other Great Outdoors,35.60724345712024,139.66904346828213,2012-04-08 12:27:37,2012-04-02,train,555_0
555,1018,39,Food & Drink Shop,35.61198792534785,139.62863445281982,2012-04-08 21:33:13,2012-04-02,train,555_0
557,112,69,Train Station,35.62645040122807,139.72343981266022,2012-04-08 19:07:26,2012-04-02,train,557_0
557,112,69,Train Station,35.62645040122807,139.72343981266022,2012-04-08 21:29:01,2012-04-02,train,557_0
559,4363,236,Subway,35.56292402698885,139.56981293857098,2012-04-05 17:40:25,2012-04-02,train,559_0
559,722,236,Subway,35.54549625962947,139.5745188742876,2012-04-05 17:52:25,2012-04-02,train,559_0
559,276,69,Train Station,35.589812720947975,139.66880321502686,2012-04-08 14:36:13,2012-04-02,train,559_0
559,162,69,Train Station,35.63367738834909,139.71551656723022,2012-04-08 14:56:35,2012-04-02,train,559_0
559,1615,69,Train Station,35.645731813210055,139.7475689649582,2012-04-08 15:07:50,2012-04-02,train,559_0
559,142,69,Train Station,35.698596195264464,139.77301824864617,2012-04-08 15:16:33,2012-04-02,train,559_0
559,6749,273,Mobile Phone Shop,35.69943363123786,139.77163910865784,2012-04-08 16:11:07,2012-04-02,train,559_0
559,3117,233,Hobby Shop,35.70035282348203,139.77175042033195,2012-04-08 17:37:00,2012-04-02,train,559_0
559,5763,233,Hobby Shop,35.70154138323032,139.7710560491782,2012-04-08 17:50:14,2012-04-02,train,559_0
559,6005,189,Ramen /  Noodle House,35.69904656408795,139.7752227790985,2012-04-08 18:19:11,2012-04-02,train,559_0
559,3085,44,Bar,35.700104511929894,139.77396726608276,2012-04-08 19:10:54,2012-04-02,train,559_0
559,142,69,Train Station,35.698596195264464,139.77301824864617,2012-04-08 20:02:08,2012-04-02,train,559_0
559,162,69,Train Station,35.63367738834909,139.71551656723022,2012-04-08 20:32:00,2012-04-02,train,559_0
559,4286,69,Train Station,35.575729760171434,139.65965151786804,2012-04-08 20:51:20,2012-04-02,train,559_0
560,189,69,Train Station,35.729864636451765,139.7109555727517,2012-04-08 11:31:33,2012-04-02,train,560_0
560,2217,189,Ramen /  Noodle House,35.72755,139.71303112,2012-04-08 12:16:14,2012-04-02,train,560_0
560,142,69,Train Station,35.698596195264464,139.77301824864617,2012-04-08 16:01:56,2012-04-02,train,560_0
560,1792,56,Electronics Store,35.69980827959299,139.77182149887085,2012-04-08 16:07:40,2012-04-02,train,560_0
560,1360,233,Hobby Shop,35.698327101400224,139.77162837982178,2012-04-08 16:16:44,2012-04-02,train,560_0
560,1519,225,Department Store,35.68076,139.773452,2012-04-08 16:50:10,2012-04-02,train,560_0
560,3468,240,Convention Center,35.668087628929534,139.76731538772583,2012-04-08 17:11:32,2012-04-02,train,560_0
561,7148,46,Bar,35.592033173320075,139.67963457878614,2012-04-04 19:04:03,2012-04-02,train,561_0
561,1099,69,Train Station,35.592065501244115,139.68127450164678,2012-04-08 11:04:35,2012-04-02,train,561_0
561,5255,69,Train Station,35.60509963891517,139.70248295176523,2012-04-08 11:18:31,2012-04-02,train,561_0
561,571,236,Subway,35.64294616012469,139.7341525554657,2012-04-08 11:51:45,2012-04-02,train,561_0
561,571,236,Subway,35.64294616012469,139.7341525554657,2012-04-08 20:08:51,2012-04-02,train,561_0
561,207,69,Train Station,35.60743038445974,139.68562066555023,2012-04-08 20:29:18,2012-04-02,train,561_0
561,5698,69,Train Station,35.59995458300269,139.6105992794037,2012-04-08 20:46:38,2012-04-02,train,561_0
561,685,69,Train Station,35.58732177033097,139.5913463830948,2012-04-08 20:53:58,2012-04-02,train,561_0
563,4655,256,Convenience Store,35.67882308228945,139.66568380594254,2012-04-04 11:10:14,2012-04-02,train,563_0
563,117,69,Train Station,35.67374424018757,139.66725826263428,2012-04-04 11:22:16,2012-04-02,train,563_0
563,1434,69,Train Station,35.68971829766635,139.69925165176392,2012-04-04 11:31:41,2012-04-02,train,563_0
563,2090,69,Train Station,35.69034569127357,139.6997880935669,2012-04-04 11:45:10,2012-04-02,train,563_0
563,1111,71,Train Station,35.72707446667437,139.77145671844482,2012-04-04 12:06:57,2012-04-02,train,563_0
563,3235,69,Train Station,35.74933348066473,139.80510234832764,2012-04-04 12:23:22,2012-04-02,train,563_0
563,2932,69,Train Station,35.74870655136291,139.80480194091797,2012-04-04 12:24:21,2012-04-02,train,563_0
563,750,69,Train Station,35.82842622855593,139.80346620082855,2012-04-04 12:56:11,2012-04-02,train,563_0
563,2932,69,Train Station,35.74870655136291,139.80480194091797,2012-04-04 16:38:26,2012-04-02,train,563_0
563,275,69,Train Station,35.71048066190842,139.8133099079132,2012-04-04 16:49:30,2012-04-02,train,563_0
563,338,69,Train Station,35.695965872216426,139.75806713104248,2012-04-04 17:16:24,2012-04-02,train,563_0
563,4655,256,Convenience Store,35.67882308228945,139.66568380594254,2012-04-05 08:36:12,2012-04-02,train,563_0
563,117,69,Train Station,35.67374424018757,139.66725826263428,2012-04-05 08:41:04,2012-04-02,train,563_0
563,1434,69,Train Station,35.68971829766635,139.69925165176392,2012-04-05 08:54:13,2012-04-02,train,563_0
563,2090,69,Train Station,35.69034569127357,139.6997880935669,2012-04-05 08:54:28,2012-04-02,train,563_0
563,1111,71,Train Station,35.72707446667437,139.77145671844482,2012-04-05 09:13:29,2012-04-02,train,563_0
563,3235,69,Train Station,35.74933348066473,139.80510234832764,2012-04-05 09:21:56,2012-04-02,train,563_0
563,2932,69,Train Station,35.74870655136291,139.80480194091797,2012-04-05 17:18:42,2012-04-02,train,563_0
563,275,69,Train Station,35.71048066190842,139.8133099079132,2012-04-05 17:28:10,2012-04-02,train,563_0
563,349,236,Subway,35.68211947219301,139.8003387451172,2012-04-05 17:44:04,2012-04-02,train,563_0
563,338,69,Train Station,35.695965872216426,139.75806713104248,2012-04-05 18:00:51,2012-04-02,train,563_0
563,117,69,Train Station,35.67374424018757,139.66725826263428,2012-04-05 18:16:20,2012-04-02,train,563_0
563,926,39,Food & Drink Shop,35.675016704589865,139.66781079769137,2012-04-05 18:17:02,2012-04-02,train,563_0
563,7467,261,Military Base,35.673535066015496,139.66668963432312,2012-04-05 18:17:28,2012-04-02,train,563_0
563,4655,256,Convenience Store,35.67882308228945,139.66568380594254,2012-04-05 18:24:57,2012-04-02,train,563_0
563,158,69,Train Station,35.77806243973507,139.72083806991577,2012-04-06 23:52:11,2012-04-02,train,563_0
563,189,69,Train Station,35.729864636451765,139.7109555727517,2012-04-07 00:16:55,2012-04-02,train,563_0
563,117,69,Train Station,35.67374424018757,139.66725826263428,2012-04-07 01:07:58,2012-04-02,train,563_0
563,117,69,Train Station,35.67374424018757,139.66725826263428,2012-04-08 00:03:07,2012-04-02,train,563_0
563,117,69,Train Station,35.67374424018757,139.66725826263428,2012-04-08 06:27:53,2012-04-02,train,563_0
563,1343,39,Food & Drink Shop,35.701150029027964,139.54567909240723,2012-04-08 13:42:14,2012-04-02,train,563_0
563,3569,39,Food & Drink Shop,35.701587,139.5448,2012-04-08 15:06:00,2012-04-02,train,563_0
563,2154,241,Miscellaneous Shop,35.67589327189662,139.61944256912457,2012-04-08 17:21:39,2012-04-02,train,563_0
563,3487,229,Road,35.68335476631043,139.65678960084915,2012-04-08 18:30:39,2012-04-02,train,563_0
566,1943,236,Subway,35.665055972471954,139.71245806745912,2012-04-08 09:15:52,2012-04-02,train,566_0
566,271,236,Subway,35.66511535050908,139.71245884895325,2012-04-08 09:16:05,2012-04-02,train,566_0
566,3704,236,Subway,35.66524609822095,139.7123622894287,2012-04-08 09:16:20,2012-04-02,train,566_0
566,400,69,Train Station,35.63346919921755,139.6616443991661,2012-04-08 09:26:59,2012-04-02,train,566_0
566,2179,113,Park,35.62575055873029,139.66177582740784,2012-04-08 09:32:46,2012-04-02,train,566_0
566,87,69,Train Station,35.65852172695124,139.7013260344949,2012-04-08 12:04:34,2012-04-02,train,566_0
566,553,69,Train Station,35.81565557422877,139.70435857772827,2012-04-08 12:42:47,2012-04-02,train,566_0
566,553,69,Train Station,35.81565557422877,139.70435857772827,2012-04-08 16:10:06,2012-04-02,train,566_0
566,5368,69,Train Station,35.7774139761985,139.72126185894012,2012-04-08 16:23:49,2012-04-02,train,566_0
567,109,69,Train Station,35.63014572966312,139.74042892456055,2012-04-04 08:17:58,2012-04-02,train,567_0
567,5817,69,Train Station,35.60713179761434,139.73477387338818,2012-04-04 08:20:48,2012-04-02,train,567_0
567,514,69,Train Station,35.60978987105579,139.74969863891602,2012-04-04 08:31:43,2012-04-02,train,567_0
567,5817,69,Train Station,35.607041101221995,139.73500836365807,2012-04-04 22:18:13,2012-04-02,train,567_0
567,1930,69,Train Station,35.666692051408944,139.7581327376774,2012-04-05 08:53:31,2012-04-02,train,567_0
567,340,236,Subway,35.677012515423044,139.73704397678375,2012-04-05 09:01:11,2012-04-02,train,567_0
567,203,236,Subway,35.68859747284611,139.71069127321243,2012-04-05 09:09:35,2012-04-02,train,567_0
567,109,69,Train Station,35.63014572966312,139.74042892456055,2012-04-08 12:18:23,2012-04-02,train,567_0
567,209,69,Train Station,35.58843420093637,139.7279191017151,2012-04-08 12:28:33,2012-04-02,train,567_0
568,43,69,Train Station,35.69080269423021,139.70027922656513,2012-04-04 11:35:18,2012-04-02,train,568_0
568,303,69,Train Station,35.7021955324165,139.54482078552246,2012-04-05 18:08:16,2012-04-02,train,568_0
568,140,69,Train Station,35.71332091731415,139.77627811575366,2012-04-05 18:59:24,2012-04-02,train,568_0
568,158,69,Train Station,35.77806243973507,139.72083806991577,2012-04-08 09:24:17,2012-04-02,train,568_0
568,43,69,Train Station,35.69080269423021,139.70027922656513,2012-04-08 09:42:37,2012-04-02,train,568_0
568,363,69,Train Station,35.6881863003593,139.59936899218158,2012-04-08 10:05:46,2012-04-02,train,568_0
568,848,113,Park,35.699756003183985,139.57340240478516,2012-04-08 12:55:43,2012-04-02,train,568_0
568,753,69,Train Station,35.69749937219126,139.5827043056488,2012-04-08 17:23:13,2012-04-02,train,568_0
568,87,69,Train Station,35.65852172695124,139.7013260344949,2012-04-08 18:41:25,2012-04-02,train,568_0
568,699,198,Coffee Shop,35.659235840446435,139.699085354805,2012-04-08 18:47:44,2012-04-02,train,568_0
571,4819,229,Road,35.63785468131973,139.75280329585075,2012-04-08 07:12:48,2012-04-02,train,571_0
571,2407,39,Food & Drink Shop,35.61068909460226,139.7484756479787,2012-04-08 09:29:46,2012-04-02,train,571_0
571,1031,225,Department Store,35.675766228921105,139.76512670516968,2012-04-08 14:23:34,2012-04-02,train,571_0
571,6757,241,Miscellaneous Shop,35.67549605235727,139.76484775543213,2012-04-08 14:26:30,2012-04-02,train,571_0
571,274,198,Coffee Shop,35.65560464532727,139.7359513232568,2012-04-08 16:26:29,2012-04-02,train,571_0
571,4246,242,Parking,35.65704780252656,139.73448246717453,2012-04-08 17:02:27,2012-04-02,train,571_0
573,759,69,Train Station,35.735961,139.629695,2012-04-04 11:06:08,2012-04-02,train,573_0
573,485,69,Train Station,35.73787382649612,139.65452313423157,2012-04-04 11:14:02,2012-04-02,train,573_0
573,43,69,Train Station,35.69080269423021,139.70027922656513,2012-04-04 11:38:11,2012-04-02,train,573_0
573,471,34,Bike Shop,35.69126934510364,139.70772206783295,2012-04-04 13:59:39,2012-04-02,train,573_0
573,759,69,Train Station,35.735961,139.629695,2012-04-04 15:36:51,2012-04-02,train,573_0
573,331,69,Train Station,35.64687830575068,139.7099483013153,2012-04-05 18:57:18,2012-04-02,train,573_0
573,87,69,Train Station,35.65852172695124,139.7013260344949,2012-04-05 19:04:37,2012-04-02,train,573_0
573,486,69,Train Station,35.743553244845074,139.6070272475481,2012-04-08 15:55:24,2012-04-02,train,573_0
573,2893,122,Fast Food Restaurant,35.737958735014644,139.65396523475647,2012-04-08 19:28:34,2012-04-02,train,573_0
574,1195,200,Arcade,35.69903719908481,139.77086260914805,2012-04-08 14:30:31,2012-04-02,train,574_0
574,4849,200,Arcade,35.69842076495379,139.77677822113037,2012-04-08 15:22:08,2012-04-02,train,574_0
574,1698,121,Café,35.698894,139.776132,2012-04-08 18:34:36,2012-04-02,train,574_0
575,1103,236,Subway,35.70393800759793,139.73421692848206,2012-04-04 09:11:07,2012-04-02,train,575_0
575,915,69,Train Station,35.758941425096346,139.8128405213356,2012-04-04 22:09:49,2012-04-02,train,575_0
575,496,236,Subway,35.67983619744879,139.7800612449646,2012-04-04 22:36:19,2012-04-02,train,575_0
575,134,69,Train Station,35.70230879446056,139.7450315952301,2012-04-05 09:14:53,2012-04-02,train,575_0
575,915,69,Train Station,35.758941425096346,139.8128405213356,2012-04-06 23:56:39,2012-04-02,train,575_0
575,44,69,Train Station,35.68137872227962,139.76608157157898,2012-04-07 21:52:47,2012-04-02,train,575_0
575,915,69,Train Station,35.758941425096346,139.8128405213356,2012-04-08 19:12:41,2012-04-02,train,575_0
576,909,69,Train Station,35.64990793118754,139.5513278245926,2012-04-04 18:22:08,2012-04-02,train,576_0
576,43,69,Train Station,35.69080269423021,139.70027922656513,2012-04-04 18:57:44,2012-04-02,train,576_0
576,142,69,Train Station,35.698596195264464,139.77301824864617,2012-04-04 19:19:56,2012-04-02,train,576_0
576,1722,200,Arcade,35.700226,139.771692,2012-04-04 19:26:34,2012-04-02,train,576_0
576,4320,35,Bar,35.697898,139.775885,2012-04-04 19:51:11,2012-04-02,train,576_0
576,142,69,Train Station,35.698596195264464,139.77301824864617,2012-04-04 22:41:04,2012-04-02,train,576_0
576,87,69,Train Station,35.65852172695124,139.7013260344949,2012-04-05 06:28:04,2012-04-02,train,576_0
576,2384,26,Japanese Restaurant,35.65334717965574,139.54310148954391,2012-04-05 17:32:13,2012-04-02,train,576_0
576,3345,200,Arcade,35.651043466226184,139.54433262348175,2012-04-05 19:03:14,2012-04-02,train,576_0
576,352,236,Subway,35.69550407383317,139.75170493125916,2012-04-06 23:22:00,2012-04-02,train,576_0
576,909,69,Train Station,35.64990793118754,139.5513278245926,2012-04-08 11:45:41,2012-04-02,train,576_0
576,43,69,Train Station,35.69080269423021,139.70027922656513,2012-04-08 12:15:43,2012-04-02,train,576_0
576,129,69,Train Station,35.70582855009322,139.66579914093018,2012-04-08 12:25:34,2012-04-02,train,576_0
576,24,51,Bar,35.709988662063665,139.66780754713488,2012-04-08 13:28:47,2012-04-02,train,576_0
576,129,69,Train Station,35.70582855009322,139.66579914093018,2012-04-08 22:46:35,2012-04-02,train,576_0
576,909,69,Train Station,35.64990793118754,139.5513278245926,2012-04-08 23:27:24,2012-04-02,train,576_0
577,587,81,Building,35.729352034161906,139.718177318573,2012-04-04 08:40:35,2012-04-02,train,577_0
577,6407,196,BBQ Joint,35.62167362237834,139.56982869163667,2012-04-04 18:27:15,2012-04-02,train,577_0
577,5719,197,Bridge,35.623404624554475,139.57097232341766,2012-04-04 18:27:37,2012-04-02,train,577_0
577,6270,268,River,35.623256366178964,139.5710849761963,2012-04-04 18:27:51,2012-04-02,train,577_0
577,6407,196,BBQ Joint,35.621441959289044,139.5695500802765,2012-04-05 07:53:37,2012-04-02,train,577_0
577,5719,197,Bridge,35.623404624554475,139.57097232341766,2012-04-05 07:53:51,2012-04-02,train,577_0
577,6270,268,River,35.623256366178964,139.5710849761963,2012-04-05 07:54:03,2012-04-02,train,577_0
577,212,69,Train Station,35.64004270002671,139.59873855113983,2012-04-05 08:00:16,2012-04-02,train,577_0
577,4615,281,Train Station,35.690498549862845,139.69999976407956,2012-04-05 08:24:56,2012-04-02,train,577_0
577,3552,69,Train Station,35.69086851550992,139.70030307769775,2012-04-05 08:25:13,2012-04-02,train,577_0
577,4795,229,Road,35.72966557563774,139.7147011756897,2012-04-05 08:40:45,2012-04-02,train,577_0
577,657,233,Hobby Shop,35.730107579927385,139.71763014793396,2012-04-05 17:50:11,2012-04-02,train,577_0
577,902,189,Ramen /  Noodle House,35.6889209265825,139.69792596197135,2012-04-05 18:55:16,2012-04-02,train,577_0
578,117,69,Train Station,35.67374424018757,139.66725826263428,2012-04-04 08:18:24,2012-04-02,train,578_0
578,508,236,Subway,35.6955607096278,139.77587163448334,2012-04-04 08:49:32,2012-04-02,train,578_0
578,117,69,Train Station,35.67374424018757,139.66725826263428,2012-04-05 08:18:55,2012-04-02,train,578_0
578,508,236,Subway,35.6955607096278,139.77587163448334,2012-04-05 08:46:08,2012-04-02,train,578_0
578,508,236,Subway,35.6955607096278,139.77587163448334,2012-04-05 17:59:39,2012-04-02,train,578_0
578,117,69,Train Station,35.67374424018757,139.66725826263428,2012-04-08 04:41:42,2012-04-02,train,578_0
578,43,69,Train Station,35.69080269423021,139.70027922656513,2012-04-08 04:59:08,2012-04-02,train,578_0
578,109,69,Train Station,35.63014572966312,139.74042892456055,2012-04-08 05:26:26,2012-04-02,train,578_0
578,44,69,Train Station,35.68137872227962,139.76608157157898,2012-04-08 23:16:32,2012-04-02,train,578_0
578,117,69,Train Station,35.67374424018757,139.66725826263428,2012-04-08 23:50:39,2012-04-02,train,578_0
586,158,69,Train Station,35.77806243973507,139.72083806991577,2012-04-08 21:56:36,2012-04-02,train,586_0
586,140,69,Train Station,35.71341172584363,139.77605844022628,2012-04-08 22:06:02,2012-04-02,train,586_0
586,142,69,Train Station,35.698596195264464,139.77301824864617,2012-04-08 22:15:33,2012-04-02,train,586_0
587,734,69,Train Station,35.746783828533495,139.75463591516018,2012-04-04 08:08:57,2012-04-02,train,587_0
587,145,69,Train Station,35.6961052825236,139.79252815246582,2012-04-04 19:23:58,2012-04-02,train,587_0
587,7234,5,Home (private),35.751396065518655,139.7575412161298,2012-04-04 20:31:46,2012-04-02,train,587_0
587,734,69,Train Station,35.746783828533495,139.75463591516018,2012-04-05 08:15:27,2012-04-02,train,587_0
587,7282,35,Bar,35.69839354666491,139.77385673718584,2012-04-05 18:29:13,2012-04-02,train,587_0
587,142,69,Train Station,35.698596195264464,139.77301824864617,2012-04-05 18:53:44,2012-04-02,train,587_0
587,734,69,Train Station,35.746783828533495,139.75463591516018,2012-04-05 19:23:39,2012-04-02,train,587_0
587,734,69,Train Station,35.746783828533495,139.75463591516018,2012-04-08 10:37:36,2012-04-02,train,587_0
587,142,69,Train Station,35.698596195264464,139.77301824864617,2012-04-08 10:47:56,2012-04-02,train,587_0
587,4315,61,Office,35.69988237126696,139.77241394202727,2012-04-08 11:12:51,2012-04-02,train,587_0
587,5771,124,Event Space,35.70033539813519,139.77259397506714,2012-04-08 11:54:11,2012-04-02,train,587_0
587,38,113,Park,35.71406103497294,139.77407455444336,2012-04-08 16:41:39,2012-04-02,train,587_0
587,774,69,Train Station,35.69746615393185,139.78597551584244,2012-04-08 18:22:21,2012-04-02,train,587_0
588,676,69,Train Station,35.61462638297911,139.52824473381042,2012-04-04 10:47:25,2012-04-02,train,588_0
588,1351,138,Stadium,35.693203755259184,139.74982738494873,2012-04-04 13:04:11,2012-04-02,train,588_0
588,676,69,Train Station,35.61462638297911,139.52824473381042,2012-04-05 09:11:28,2012-04-02,train,588_0
588,3371,39,Food & Drink Shop,35.605855900906306,139.54075455665588,2012-04-08 17:55:31,2012-04-02,train,588_0
589,1593,32,Bookstore,35.67216670478368,139.47986841201782,2012-04-04 11:22:22,2012-04-02,train,589_0
589,893,69,Train Station,35.672195030970535,139.48046654462814,2012-04-04 11:23:09,2012-04-02,train,589_0
589,116,69,Train Station,35.66761259479359,139.6318370103836,2012-04-04 12:06:11,2012-04-02,train,589_0
589,6926,59,Office,35.670381118243085,139.63077182742597,2012-04-04 12:20:46,2012-04-02,train,589_0
589,116,69,Train Station,35.66761259479359,139.6318370103836,2012-04-04 16:33:10,2012-04-02,train,589_0
589,605,225,Department Store,35.69001962960003,139.69919925291745,2012-04-04 20:05:12,2012-04-02,train,589_0
589,5668,281,Train Station,35.69017141576657,139.69916582107544,2012-04-04 20:09:29,2012-04-02,train,589_0
589,893,69,Train Station,35.672195030970535,139.48046654462814,2012-04-06 21:54:46,2012-04-02,train,589_0
589,117,69,Train Station,35.67374424018757,139.66725826263428,2012-04-07 23:08:32,2012-04-02,train,589_0
589,284,69,Train Station,35.65797184178961,139.5750331878662,2012-04-07 23:38:33,2012-04-02,train,589_0
592,106,236,Subway,35.66318884920453,139.73212469669195,2012-04-04 10:05:43,2012-04-02,train,592_0
592,4,231,Hotel,35.690062,139.694569,2012-04-04 18:13:42,2012-04-02,train,592_0
592,2343,238,Bus Station,35.691713740776834,139.6986347436905,2012-04-04 19:57:19,2012-04-02,train,592_0
592,478,236,Subway,35.73841974314698,139.68915782868862,2012-04-05 17:12:10,2012-04-02,train,592_0
592,1121,198,Coffee Shop,35.73078316015707,139.71543234453816,2012-04-05 17:28:26,2012-04-02,train,592_0
593,5972,26,Japanese Restaurant,35.65350518973135,139.54443588852882,2012-04-04 20:10:52,2012-04-02,train,593_0
593,6042,256,Convenience Store,35.642824094857644,139.55108642578125,2012-04-07 23:41:42,2012-04-02,train,593_0
593,6042,256,Convenience Store,35.642824094857644,139.55108642578125,2012-04-08 18:35:27,2012-04-02,train,593_0
595,1427,135,Movie Theater,35.691156003915324,139.70210632489056,2012-04-04 21:05:51,2012-04-02,train,595_0
595,74,204,Music Venue,35.658509,139.695591,2012-04-05 20:04:56,2012-04-02,train,595_0
595,55,133,Movie Theater,35.66066980090567,139.69528198242188,2012-04-08 20:49:48,2012-04-02,train,595_0
595,2457,134,Movie Theater,35.662062330565945,139.70264464616776,2012-04-08 21:10:41,2012-04-02,train,595_0
596,6838,241,Miscellaneous Shop,35.688768484065186,139.787335395813,2012-04-04 12:22:41,2012-04-02,train,596_0
596,2533,236,Subway,35.68892097783667,139.69956278800964,2012-04-05 18:29:55,2012-04-02,train,596_0
596,2090,69,Train Station,35.69034569127357,139.6997880935669,2012-04-05 18:30:07,2012-04-02,train,596_0
600,331,69,Train Station,35.64687830575068,139.7099483013153,2012-04-08 13:25:10,2012-04-02,train,600_0
600,162,69,Train Station,35.63367738834909,139.71551656723022,2012-04-08 13:32:27,2012-04-02,train,600_0
602,1026,198,Coffee Shop,35.691016648420515,139.70391869544983,2012-04-04 07:23:18,2012-04-02,train,602_0
602,556,135,Movie Theater,35.690010210583566,139.7058928012848,2012-04-04 08:37:22,2012-04-02,train,602_0
602,2287,241,Miscellaneous Shop,35.691574322792974,139.70375508069992,2012-04-04 11:29:21,2012-04-02,train,602_0
602,5252,228,Furniture / Home Store,35.692750654385335,139.7035351395607,2012-04-04 11:40:30,2012-04-02,train,602_0
602,1906,121,Café,35.69272451387176,139.70367193222046,2012-04-04 11:52:11,2012-04-02,train,602_0
602,1041,32,Bookstore,35.69218209628195,139.70295310020447,2012-04-04 12:54:21,2012-04-02,train,602_0
602,986,122,Fast Food Restaurant,35.6908162332405,139.70273852348328,2012-04-05 08:32:00,2012-04-02,train,602_0
602,744,135,Movie Theater,35.69268748146288,139.7036612033844,2012-04-05 09:17:50,2012-04-02,train,602_0
603,7431,59,Office,35.7097118351891,139.61245188581762,2012-04-04 09:02:58,2012-04-02,train,603_0
603,5598,63,Video Store,35.705155539528526,139.61874783039093,2012-04-04 12:26:03,2012-04-02,train,603_0
603,1562,151,Medical Center,35.644419647564995,139.56626772880554,2012-04-04 16:34:16,2012-04-02,train,603_0
603,1452,121,Café,35.70606159773463,139.6181845664978,2012-04-04 18:24:46,2012-04-02,train,603_0
603,883,128,Gym / Fitness Center,35.704780732834706,139.62138457291988,2012-04-04 22:08:03,2012-04-02,train,603_0
603,1452,121,Café,35.70606159773463,139.6181845664978,2012-04-05 00:39:25,2012-04-02,train,603_0
603,7431,59,Office,35.7097118351891,139.61245188581762,2012-04-05 09:20:50,2012-04-02,train,603_0
603,6264,81,Building,35.70692234,139.616922,2012-04-05 18:32:00,2012-04-02,train,603_0
603,6035,16,Bank,35.706152745024504,139.6182773975912,2012-04-06 22:50:52,2012-04-02,train,603_0
603,4303,24,Italian Restaurant,35.705223587177414,139.62020442451728,2012-04-06 23:24:11,2012-04-02,train,603_0
603,7431,59,Office,35.7097118351891,139.61245188581762,2012-04-08 09:47:19,2012-04-02,train,603_0
603,6264,81,Building,35.70692234,139.616922,2012-04-08 12:18:23,2012-04-02,train,603_0
603,883,128,Gym / Fitness Center,35.704780732834706,139.62138457291988,2012-04-08 12:35:42,2012-04-02,train,603_0
603,43,69,Train Station,35.69080269423021,139.70027922656513,2012-04-08 19:26:07,2012-04-02,train,603_0
604,4344,197,Bridge,35.73938039496452,139.79743123054504,2012-04-04 20:25:49,2012-04-02,train,604_0
604,2430,257,Rest Area,35.80072052447541,139.61927890777588,2012-04-07 22:27:24,2012-04-02,train,604_0
604,2293,234,Light Rail,35.732134671627584,139.79153037071228,2012-04-08 11:16:33,2012-04-02,train,604_0
604,647,122,Fast Food Restaurant,35.75338345299628,139.73835618759298,2012-04-08 14:45:38,2012-04-02,train,604_0
605,4934,281,Train Station,35.69059839008235,139.69956278800964,2012-04-04 23:16:14,2012-04-02,train,605_0
605,778,269,Shrine,35.69353050909954,139.70513105392456,2012-04-08 15:15:33,2012-04-02,train,605_0
605,4226,113,Park,35.71041214901122,139.72878720195567,2012-04-08 16:02:29,2012-04-02,train,605_0
605,1042,88,Temple,35.72176134100471,139.72567677497864,2012-04-08 16:21:32,2012-04-02,train,605_0
606,5509,198,Coffee Shop,35.62042632272058,139.70448464155197,2012-04-04 20:52:48,2012-04-02,train,606_0
606,924,236,Subway,35.7085815179701,139.80461955070496,2012-04-06 22:22:31,2012-04-02,train,606_0
606,4877,189,Ramen /  Noodle House,35.62150013759644,139.7045262157917,2012-04-07 01:41:55,2012-04-02,train,606_0
606,5509,198,Coffee Shop,35.62042632272058,139.70448464155197,2012-04-07 21:34:26,2012-04-02,train,606_0
606,662,69,Train Station,35.73651527788601,139.74682331085205,2012-04-08 18:01:18,2012-04-02,train,606_0
606,798,105,Garden,35.73313785608805,139.74651217460632,2012-04-08 18:05:53,2012-04-02,train,606_0
606,662,69,Train Station,35.73651527788601,139.74682331085205,2012-04-08 18:51:45,2012-04-02,train,606_0
606,571,236,Subway,35.64294616012469,139.7341525554657,2012-04-08 19:19:51,2012-04-02,train,606_0
607,174,69,Train Station,35.619699172885795,139.72855277359486,2012-04-04 09:32:21,2012-04-02,train,607_0
607,5095,114,Plaza,35.689626802353,139.70172464847565,2012-04-04 09:49:12,2012-04-02,train,607_0
607,3045,236,Subway,35.69086524786908,139.70487020909786,2012-04-04 09:53:45,2012-04-02,train,607_0
607,5308,59,Office,35.69329524646942,139.6651393175125,2012-04-04 10:12:43,2012-04-02,train,607_0
607,434,236,Subway,35.69051560952628,139.66692835092545,2012-04-04 18:14:32,2012-04-02,train,607_0
607,1930,69,Train Station,35.666692051408944,139.7581327376774,2012-04-04 22:56:42,2012-04-02,train,607_0
607,1864,229,Road,35.809426090072854,139.53237533569336,2012-04-05 08:01:09,2012-04-02,train,607_0
607,574,69,Train Station,35.601842487535315,139.72176859992527,2012-04-08 11:26:20,2012-04-02,train,607_0
607,970,59,Office,35.6717657792148,139.73459780216217,2012-04-08 13:46:12,2012-04-02,train,607_0
607,574,69,Train Station,35.601842487535315,139.72176859992527,2012-04-08 19:26:51,2012-04-02,train,607_0
607,2820,230,Food & Drink Shop,35.601367798538696,139.7186440229416,2012-04-08 23:23:09,2012-04-02,train,607_0
608,763,69,Train Station,35.752433225195475,139.7381329536438,2012-04-08 14:42:51,2012-04-02,train,608_0
608,2272,113,Park,35.75044800945261,139.7388732433319,2012-04-08 15:04:32,2012-04-02,train,608_0
609,2569,69,Train Station,35.65948427920908,139.70020651817322,2012-04-04 13:34:51,2012-04-02,train,609_0
609,3407,210,Music Venue,35.66582254716848,139.69967897206772,2012-04-04 13:50:36,2012-04-02,train,609_0
609,4571,241,Miscellaneous Shop,35.659750151414684,139.700887799263,2012-04-04 18:31:43,2012-04-02,train,609_0
609,322,236,Subway,35.68569676173495,139.7416439652443,2012-04-04 19:01:09,2012-04-02,train,609_0
609,1811,287,Concert Hall,35.68340923210112,139.74340617656708,2012-04-04 19:19:06,2012-04-02,train,609_0
609,2569,69,Train Station,35.65948427920908,139.70020651817322,2012-04-06 23:53:05,2012-04-02,train,609_0
609,3818,236,Subway,35.66719421376396,139.75854456424713,2012-04-07 23:36:45,2012-04-02,train,609_0
609,2569,69,Train Station,35.65948427920908,139.70020651817322,2012-04-08 10:28:18,2012-04-02,train,609_0
609,3407,210,Music Venue,35.66582254716848,139.69967897206772,2012-04-08 10:38:47,2012-04-02,train,609_0
609,5631,204,Music Venue,35.66155021371762,139.69875007867813,2012-04-08 12:28:56,2012-04-02,train,609_0
609,3407,210,Music Venue,35.66582254716848,139.69967897206772,2012-04-08 15:24:30,2012-04-02,train,609_0
609,2674,26,Japanese Restaurant,35.66245240885516,139.70002681016922,2012-04-08 20:34:43,2012-04-02,train,609_0
609,2569,69,Train Station,35.65948427920908,139.70020651817322,2012-04-08 23:42:10,2012-04-02,train,609_0
611,1308,137,Park,35.745049365349225,139.6453070640564,2012-04-08 19:08:18,2012-04-02,train,611_0
611,458,135,Movie Theater,35.742362968107706,139.64863300323486,2012-04-08 19:45:13,2012-04-02,train,611_0
612,4142,59,Office,35.700361536154034,139.75042819976807,2012-04-04 08:53:25,2012-04-02,train,612_0
612,1621,69,Train Station,35.57668091790503,139.65947449207306,2012-04-08 12:41:01,2012-04-02,train,612_0
612,378,69,Train Station,35.62081442397418,139.56971168518066,2012-04-08 15:50:10,2012-04-02,train,612_0
613,6427,281,Train Station,35.68145715494892,139.76643562316897,2012-04-04 09:47:18,2012-04-02,train,613_0
613,43,69,Train Station,35.69080269423021,139.70027922656513,2012-04-04 10:06:31,2012-04-02,train,613_0
613,3925,113,Park,35.615655575914,139.77611303329468,2012-04-08 16:28:05,2012-04-02,train,613_0
615,5976,238,Bus Station,35.6828885376207,139.5673218369484,2012-04-04 06:32:28,2012-04-02,train,615_0
615,1736,236,Subway,35.696048647115695,139.75123822689056,2012-04-04 07:21:13,2012-04-02,train,615_0
615,4000,121,Café,35.69678599341387,139.75114837288857,2012-04-04 07:35:08,2012-04-02,train,615_0
615,850,241,Miscellaneous Shop,35.697679110950894,139.75402511847457,2012-04-04 07:54:24,2012-04-02,train,615_0
615,3453,236,Subway,35.69520782440573,139.75824415683746,2012-04-04 09:12:06,2012-04-02,train,615_0
615,769,59,Office,35.64935432475902,139.7481107711792,2012-04-04 11:03:53,2012-04-02,train,615_0
615,227,236,Subway,35.653864625193144,139.74980257458688,2012-04-04 11:29:30,2012-04-02,train,615_0
615,3453,236,Subway,35.69520782440573,139.75824415683746,2012-04-04 11:42:36,2012-04-02,train,615_0
615,4844,81,Building,35.6981528433334,139.7539472579956,2012-04-04 12:38:56,2012-04-02,train,615_0
615,1162,69,Train Station,35.7021955324165,139.7551703453064,2012-04-04 18:15:53,2012-04-02,train,615_0
615,3361,69,Train Station,35.70318439175557,139.57990407943726,2012-04-04 18:53:33,2012-04-02,train,615_0
615,3932,73,Bus Station,35.702265232154964,139.57905650138855,2012-04-04 18:57:54,2012-04-02,train,615_0
615,6839,238,Bus Station,35.683897243926694,139.5684188604355,2012-04-04 19:08:41,2012-04-02,train,615_0
615,3932,73,Bus Station,35.702265232154964,139.57905650138855,2012-04-05 06:29:40,2012-04-02,train,615_0
615,1831,69,Train Station,35.65819631197759,139.70203042030334,2012-04-05 20:01:55,2012-04-02,train,615_0
615,2312,69,Train Station,35.65874546666904,139.6991221965708,2012-04-05 20:05:32,2012-04-02,train,615_0
615,3932,73,Bus Station,35.702265232154964,139.57905650138855,2012-04-05 20:41:15,2012-04-02,train,615_0
615,6839,238,Bus Station,35.683897243926694,139.5684188604355,2012-04-05 20:57:35,2012-04-02,train,615_0
616,3742,281,Train Station,35.68137000753384,139.76645708084106,2012-04-05 08:50:00,2012-04-02,train,616_0
616,5842,210,Music Venue,35.702777,139.738852,2012-04-06 22:14:48,2012-04-02,train,616_0
616,3742,281,Train Station,35.68137000753384,139.76645708084106,2012-04-08 09:31:44,2012-04-02,train,616_0
618,1479,269,Shrine,35.67620199564515,139.69936966896057,2012-04-04 06:23:50,2012-04-02,train,618_0
618,7155,277,Neighborhood,35.670074061003966,139.70214387581677,2012-04-08 06:35:23,2012-04-02,train,618_0
618,806,78,Government Building,35.68855499229535,139.5150375366211,2012-04-08 08:18:56,2012-04-02,train,618_0
620,303,69,Train Station,35.7021955324165,139.54482078552246,2012-04-04 08:17:04,2012-04-02,train,620_0
620,303,69,Train Station,35.7021955324165,139.54482078552246,2012-04-04 16:02:11,2012-04-02,train,620_0
620,2594,56,Electronics Store,35.70470468461301,139.58154559135437,2012-04-04 18:44:41,2012-04-02,train,620_0
620,261,69,Train Station,35.70320181647976,139.57990407943726,2012-04-04 19:38:52,2012-04-02,train,620_0
620,303,69,Train Station,35.7021955324165,139.54482078552246,2012-04-04 20:38:42,2012-04-02,train,620_0
620,303,69,Train Station,35.7021955324165,139.54482078552246,2012-04-05 19:54:54,2012-04-02,train,620_0
620,5720,200,Arcade,35.7046349870072,139.57995772361755,2012-04-06 21:57:52,2012-04-02,train,620_0
620,303,69,Train Station,35.7021955324165,139.54482078552246,2012-04-06 22:28:15,2012-04-02,train,620_0
620,303,69,Train Station,35.7021955324165,139.54482078552246,2012-04-08 06:35:21,2012-04-02,train,620_0
620,302,69,Train Station,35.70270629939949,139.56082955002785,2012-04-08 06:42:58,2012-04-02,train,620_0
620,43,69,Train Station,35.69080269423021,139.70027922656513,2012-04-08 07:03:06,2012-04-02,train,620_0
620,2434,69,Train Station,35.67067629738875,139.70252394676208,2012-04-08 07:10:17,2012-04-02,train,620_0
620,3803,190,Sushi Restaurant,35.679953848698204,139.72021579742432,2012-04-08 18:58:16,2012-04-02,train,620_0
620,521,69,Train Station,35.68008021466177,139.72023725509644,2012-04-08 21:41:10,2012-04-02,train,620_0
620,303,69,Train Station,35.7021955324165,139.54482078552246,2012-04-08 22:18:44,2012-04-02,train,620_0
623,423,69,Train Station,35.62051789734346,139.75081980228424,2012-04-04 09:04:30,2012-04-02,train,623_0
623,1661,122,Fast Food Restaurant,35.6224191372523,139.75009560585022,2012-04-04 11:23:36,2012-04-02,train,623_0
623,4672,59,Office,35.57876644441082,139.7493553161621,2012-04-04 13:57:25,2012-04-02,train,623_0
623,423,69,Train Station,35.62051789734346,139.75081980228424,2012-04-04 18:28:38,2012-04-02,train,623_0
623,69,237,Mall,35.687417812220446,139.70212697982788,2012-04-05 19:55:04,2012-04-02,train,623_0
624,2539,198,Coffee Shop,35.6604387998969,139.72922533750534,2012-04-04 13:33:49,2012-04-02,train,624_0
624,16,231,Hotel,35.65957251713777,139.72859383897185,2012-04-04 15:06:02,2012-04-02,train,624_0
624,4433,189,Ramen /  Noodle House,35.57665473940299,139.6593564748764,2012-04-04 18:15:35,2012-04-02,train,624_0
624,3613,198,Coffee Shop,35.57743790922228,139.6589756011963,2012-04-04 19:33:27,2012-04-02,train,624_0
624,2333,257,Rest Area,35.5437939769771,139.6025875210762,2012-04-08 17:26:19,2012-04-02,train,624_0
625,87,69,Train Station,35.65852172695124,139.7013260344949,2012-04-04 09:44:43,2012-04-02,train,625_0
625,4460,287,Concert Hall,35.67254148121173,139.73526298999786,2012-04-04 15:43:35,2012-04-02,train,625_0
625,768,69,Train Station,35.63440986098353,139.79161351919174,2012-04-08 17:55:00,2012-04-02,train,625_0
625,2549,240,Convention Center,35.62986667837494,139.79426622390747,2012-04-08 18:04:59,2012-04-02,train,625_0
625,87,69,Train Station,35.65852172695124,139.7013260344949,2012-04-08 22:02:31,2012-04-02,train,625_0
628,669,124,Event Space,35.66029496874254,139.7292709350586,2012-04-04 17:04:47,2012-04-02,train,628_0
628,669,124,Event Space,35.66029496874254,139.7292709350586,2012-04-05 19:28:52,2012-04-02,train,628_0
629,1866,236,Subway,35.68600611785052,139.88292932510376,2012-04-04 18:43:06,2012-04-02,train,629_0
629,4856,197,Bridge,35.69234983223584,139.88606750965118,2012-04-04 18:50:18,2012-04-02,train,629_0
629,1866,236,Subway,35.68600611785052,139.88292932510376,2012-04-05 18:13:52,2012-04-02,train,629_0
629,4856,197,Bridge,35.69234983223584,139.88606750965118,2012-04-05 18:19:33,2012-04-02,train,629_0
635,797,114,Plaza,35.65906803487992,139.7005793452263,2012-04-08 10:41:00,2012-04-02,train,635_0
635,3407,210,Music Venue,35.66582254716848,139.69967897206772,2012-04-08 11:02:40,2012-04-02,train,635_0
635,6328,113,Park,35.66559706142247,139.69844907122473,2012-04-08 13:22:22,2012-04-02,train,635_0
635,3407,210,Music Venue,35.66582254716848,139.69967897206772,2012-04-08 15:10:32,2012-04-02,train,635_0
638,142,69,Train Station,35.698596195264464,139.77301824864617,2012-04-04 16:50:39,2012-04-02,train,638_0
638,385,22,Indian Restaurant,35.70214777465637,139.77175,2012-04-04 23:15:59,2012-04-02,train,638_0
638,116,69,Train Station,35.66761259479359,139.6318370103836,2012-04-06 21:53:38,2012-04-02,train,638_0
638,117,69,Train Station,35.67374424018757,139.66725826263428,2012-04-08 00:17:14,2012-04-02,train,638_0
638,116,69,Train Station,35.66761259479359,139.6318370103836,2012-04-08 11:01:11,2012-04-02,train,638_0
638,279,69,Train Station,35.699583,139.765222,2012-04-08 11:30:50,2012-04-02,train,638_0
638,3691,189,Ramen /  Noodle House,35.701635754182334,139.77131724357605,2012-04-08 13:17:17,2012-04-02,train,638_0
638,7323,59,Office,35.70023955865944,139.77022022008896,2012-04-08 14:39:21,2012-04-02,train,638_0
638,7349,273,Mobile Phone Shop,35.69940749291482,139.77112412452698,2012-04-08 18:35:55,2012-04-02,train,638_0
638,7349,273,Mobile Phone Shop,35.69940749291482,139.77112412452698,2012-04-08 18:36:32,2012-04-02,train,638_0
638,633,56,Electronics Store,35.69901541704127,139.7746217250824,2012-04-08 18:39:18,2012-04-02,train,638_0
638,7349,273,Mobile Phone Shop,35.69940749291482,139.77112412452698,2012-04-08 19:11:55,2012-04-02,train,638_0
638,142,69,Train Station,35.698596195264464,139.77301824864617,2012-04-08 23:30:25,2012-04-02,train,638_0
638,43,69,Train Station,35.69080269423021,139.70027922656513,2012-04-08 23:44:46,2012-04-02,train,638_0
639,207,69,Train Station,35.60743038445974,139.68562066555023,2012-04-05 20:49:55,2012-04-02,train,639_0
639,1826,211,Airport,35.55137976854632,139.78840827941897,2012-04-08 15:54:58,2012-04-02,train,639_0
643,681,69,Train Station,35.58105260772628,139.64142322540283,2012-04-05 09:03:46,2012-04-02,train,643_0
643,540,69,Train Station,35.575734123306084,139.65965688228607,2012-04-08 06:19:42,2012-04-02,train,643_0
643,681,69,Train Station,35.58105260772628,139.64142322540283,2012-04-08 06:26:27,2012-04-02,train,643_0
646,2858,228,Furniture / Home Store,35.59714116296935,139.74459171295166,2012-04-04 18:06:49,2012-04-02,train,646_0
646,2449,225,Department Store,35.59758923467027,139.74461827330634,2012-04-04 18:07:01,2012-04-02,train,646_0
646,4909,56,Electronics Store,35.59833376533418,139.73910959876844,2012-04-04 18:07:16,2012-04-02,train,646_0
646,4601,286,Aquarium,35.58854162601469,139.73738260567188,2012-04-04 18:08:18,2012-04-02,train,646_0
646,5353,121,Café,35.578338872272205,139.73563849925995,2012-04-08 05:38:44,2012-04-02,train,646_0
646,1773,195,Soup Place,35.628007367637,139.73794705440926,2012-04-08 05:45:51,2012-04-02,train,646_0
646,446,39,Food & Drink Shop,35.628604437424066,139.7379570332338,2012-04-08 05:47:07,2012-04-02,train,646_0
646,754,237,Mall,35.6286812445642,139.73937816917896,2012-04-08 05:56:46,2012-04-02,train,646_0
647,3826,69,Train Station,35.57209627728355,139.70288336277008,2012-04-04 14:21:59,2012-04-02,train,647_0
647,1770,69,Train Station,35.56192592389763,139.71474085449836,2012-04-04 14:29:41,2012-04-02,train,647_0
647,4905,69,Train Station,35.56247782390475,139.7160503268242,2012-04-04 14:38:00,2012-04-02,train,647_0
647,209,69,Train Station,35.58843420093637,139.7279191017151,2012-04-04 15:10:39,2012-04-02,train,647_0
647,209,69,Train Station,35.58843420093637,139.7279191017151,2012-04-04 16:57:25,2012-04-02,train,647_0
647,3633,69,Train Station,35.62850802377022,139.73833131832686,2012-04-04 17:10:59,2012-04-02,train,647_0
647,6506,39,Food & Drink Shop,35.57227587896387,139.69935654571103,2012-04-05 18:15:20,2012-04-02,train,647_0
647,3826,69,Train Station,35.57209627728355,139.70288336277008,2012-04-08 11:06:16,2012-04-02,train,647_0
647,1770,69,Train Station,35.56192592389763,139.71474085449836,2012-04-08 11:10:20,2012-04-02,train,647_0
647,4905,69,Train Station,35.56247782390475,139.7160503268242,2012-04-08 11:17:36,2012-04-02,train,647_0
647,142,69,Train Station,35.698596195264464,139.77301824864617,2012-04-08 11:41:51,2012-04-02,train,647_0
647,4652,273,Mobile Phone Shop,35.700811851407245,139.77194466672427,2012-04-08 12:24:04,2012-04-02,train,647_0
647,633,56,Electronics Store,35.69901541704127,139.7746217250824,2012-04-08 13:09:28,2012-04-02,train,647_0
647,4764,180,Restaurant,35.69728372553919,139.77377146482468,2012-04-08 13:33:30,2012-04-02,train,647_0
647,4652,273,Mobile Phone Shop,35.700811851407245,139.77194466672427,2012-04-08 14:56:46,2012-04-02,train,647_0
647,3173,198,Coffee Shop,35.69924630640018,139.7721540927887,2012-04-08 17:29:35,2012-04-02,train,647_0
647,2213,241,Miscellaneous Shop,35.69802650599684,139.77375268936157,2012-04-08 18:36:12,2012-04-02,train,647_0
647,1160,6,Clothing Store,35.697962248136776,139.7737580537796,2012-04-08 18:58:29,2012-04-02,train,647_0
647,2576,236,Subway,35.69807224884871,139.77548003196716,2012-04-08 19:37:00,2012-04-02,train,647_0
647,2438,236,Subway,35.68598868936885,139.78244304656982,2012-04-08 19:44:43,2012-04-02,train,647_0
647,3349,236,Subway,35.68635577595945,139.78224858641624,2012-04-08 19:58:24,2012-04-02,train,647_0
647,3275,236,Subway,35.626535428403905,139.7233486175537,2012-04-08 20:35:50,2012-04-02,train,647_0
647,1123,69,Train Station,35.62541865,139.72402158,2012-04-08 20:48:50,2012-04-02,train,647_0
647,3826,69,Train Station,35.57209627728355,139.70288336277008,2012-04-08 21:06:45,2012-04-02,train,647_0
647,6506,39,Food & Drink Shop,35.57227587896387,139.69935654571103,2012-04-08 21:22:14,2012-04-02,train,647_0
652,7489,46,Bar,35.71210099665022,139.6654987335205,2012-04-05 17:11:36,2012-04-02,train,652_0
652,7489,46,Bar,35.71210099665022,139.6654987335205,2012-04-08 13:57:02,2012-04-02,train,652_0
653,1921,105,Garden,35.68525668970075,139.70946550369263,2012-04-04 14:49:43,2012-04-02,train,653_0
653,1930,69,Train Station,35.666692051408944,139.7581327376774,2012-04-04 22:57:28,2012-04-02,train,653_0
653,2487,69,Train Station,35.57490948663387,139.663245677948,2012-04-04 23:25:54,2012-04-02,train,653_0
653,1615,69,Train Station,35.645731813210055,139.7475689649582,2012-04-05 08:50:06,2012-04-02,train,653_0
653,7457,198,Coffee Shop,35.5807114444608,139.64134610725597,2012-04-08 12:43:47,2012-04-02,train,653_0
653,3273,237,Mall,35.68355302160991,139.7665348649025,2012-04-08 16:27:16,2012-04-02,train,653_0
656,189,69,Train Station,35.729864636451765,139.7109555727517,2012-04-04 05:33:55,2012-04-02,train,656_0
656,557,236,Subway,35.76993232648272,139.64404106140137,2012-04-05 17:20:36,2012-04-02,train,656_0
656,189,69,Train Station,35.729864636451765,139.7109555727517,2012-04-05 17:38:59,2012-04-02,train,656_0
656,557,236,Subway,35.76993232648272,139.64404106140137,2012-04-08 17:06:03,2012-04-02,train,656_0
656,189,69,Train Station,35.729864636451765,139.7109555727517,2012-04-08 17:35:54,2012-04-02,train,656_0
656,4218,203,Bowling Alley,35.730963,139.716429,2012-04-08 17:47:35,2012-04-02,train,656_0
657,91,236,Subway,35.697926307277214,139.6829116344452,2012-04-04 18:19:40,2012-04-02,train,657_0
657,817,54,Paper / Office Supplies Store,35.697973,139.78663036,2012-04-08 14:37:08,2012-04-02,train,657_0
657,142,69,Train Station,35.698596195264464,139.77301824864617,2012-04-08 15:43:14,2012-04-02,train,657_0
660,2157,189,Ramen /  Noodle House,35.68227197867443,139.69822704792023,2012-04-04 21:20:33,2012-04-02,train,660_0
660,320,236,Subway,35.67834593327503,139.7400963306427,2012-04-05 08:35:11,2012-04-02,train,660_0
661,873,237,Mall,35.66724651151257,139.70892369747162,2012-04-08 14:13:24,2012-04-02,train,661_0
661,6746,121,Café,35.688982,139.796265,2012-04-08 19:43:01,2012-04-02,train,661_0
662,1830,124,Event Space,35.6635768696834,139.71175611019137,2012-04-04 13:34:55,2012-04-02,train,662_0
662,3012,134,Movie Theater,35.663257,139.733813,2012-04-04 18:29:15,2012-04-02,train,662_0
662,852,26,Japanese Restaurant,35.700590243453455,139.57817137241364,2012-04-08 14:13:43,2012-04-02,train,662_0
664,5734,188,Dessert Shop,35.730434182506414,139.71602886915207,2012-04-05 19:32:26,2012-04-02,train,664_0
664,142,69,Train Station,35.698596195264464,139.77301824864617,2012-04-08 10:43:12,2012-04-02,train,664_0
664,5734,188,Dessert Shop,35.730434182506414,139.71602886915207,2012-04-08 15:22:02,2012-04-02,train,664_0
666,1533,59,Office,35.6601764264737,139.7302888018898,2012-04-04 23:06:13,2012-04-02,train,666_0
666,6053,124,Event Space,35.665350696236274,139.72926020622253,2012-04-04 23:14:44,2012-04-02,train,666_0
666,2877,281,Train Station,35.69017141576657,139.69892978668213,2012-04-04 23:49:08,2012-04-02,train,666_0
669,3484,236,Subway,35.64742757011199,139.70905780792236,2012-04-04 10:58:52,2012-04-02,train,669_0
669,331,69,Train Station,35.64687830575068,139.7099483013153,2012-04-04 13:28:35,2012-04-02,train,669_0
669,87,69,Train Station,35.65852172695124,139.7013260344949,2012-04-04 13:33:42,2012-04-02,train,669_0
669,2569,69,Train Station,35.65948427920908,139.70020651817322,2012-04-04 13:34:19,2012-04-02,train,669_0
669,400,69,Train Station,35.63346919921755,139.6616443991661,2012-04-04 13:45:09,2012-04-02,train,669_0
669,2930,236,Subway,35.70357209096882,139.75510597229004,2012-04-04 16:07:30,2012-04-02,train,669_0
669,1665,233,Hobby Shop,35.729909,139.713527,2012-04-05 21:08:46,2012-04-02,train,669_0
669,3468,240,Convention Center,35.668087628929534,139.76731538772583,2012-04-08 13:09:26,2012-04-02,train,669_0
669,1235,120,Burger Joint,35.6978130390078,139.7752010822296,2012-04-08 17:14:19,2012-04-02,train,669_0
669,1293,277,Neighborhood,35.69961659925912,139.77139234542847,2012-04-08 17:52:18,2012-04-02,train,669_0
669,101,32,Bookstore,35.700426881163665,139.77175176143646,2012-04-08 17:59:19,2012-04-02,train,669_0
673,5602,189,Ramen /  Noodle House,35.7083288761462,139.7708760201931,2012-04-04 20:32:04,2012-04-02,train,673_0
673,2881,88,Temple,35.71210317449733,139.77108925580978,2012-04-04 21:13:20,2012-04-02,train,673_0
673,140,69,Train Station,35.71362076736724,139.77651776270966,2012-04-04 21:32:05,2012-04-02,train,673_0
676,302,69,Train Station,35.70270629939949,139.56082955002785,2012-04-04 12:33:24,2012-04-02,train,676_0
676,4011,69,Train Station,35.70025480585646,139.48025733232498,2012-04-04 22:22:15,2012-04-02,train,676_0
676,4168,69,Train Station,35.702230382293344,139.54482078552246,2012-04-04 22:31:50,2012-04-02,train,676_0
676,1343,39,Food & Drink Shop,35.701150029027964,139.54567909240723,2012-04-04 22:34:16,2012-04-02,train,676_0
676,4168,69,Train Station,35.702230382293344,139.54482078552246,2012-04-04 22:56:46,2012-04-02,train,676_0
676,4583,281,Train Station,35.702844608872404,139.56162214279175,2012-04-04 23:05:54,2012-04-02,train,676_0
676,302,69,Train Station,35.70270629939949,139.56082955002785,2012-04-04 23:06:20,2012-04-02,train,676_0
676,4584,281,Train Station,35.7026028394007,139.56089794635773,2012-04-06 23:42:25,2012-04-02,train,676_0
676,302,69,Train Station,35.70270629939949,139.56082955002785,2012-04-06 23:42:48,2012-04-02,train,676_0
676,3029,39,Food & Drink Shop,35.70483536745964,139.56023275852203,2012-04-06 23:48:53,2012-04-02,train,676_0
676,302,69,Train Station,35.70270629939949,139.56082955002785,2012-04-08 12:13:00,2012-04-02,train,676_0
676,4583,281,Train Station,35.702844608872404,139.56162214279175,2012-04-08 12:13:25,2012-04-02,train,676_0
676,2090,69,Train Station,35.69034569127357,139.6997880935669,2012-04-08 12:30:43,2012-04-02,train,676_0
676,1583,237,Mall,35.68923903533626,139.6997880935669,2012-04-08 12:58:31,2012-04-02,train,676_0
676,4602,113,Park,35.688504887001265,139.7072446346283,2012-04-08 14:12:29,2012-04-02,train,676_0
676,43,69,Train Station,35.69080269423021,139.70027922656513,2012-04-08 20:58:02,2012-04-02,train,676_0
676,4584,281,Train Station,35.7026028394007,139.56089794635773,2012-04-08 21:25:41,2012-04-02,train,676_0
676,302,69,Train Station,35.70270629939949,139.56082955002785,2012-04-08 21:25:58,2012-04-02,train,676_0
676,7357,229,Road,35.707899849104535,139.55939161924488,2012-04-08 21:34:54,2012-04-02,train,676_0
676,1089,39,Food & Drink Shop,35.70818513130278,139.55787777900696,2012-04-08 21:36:19,2012-04-02,train,676_0
676,7357,229,Road,35.707899849104535,139.55939161924488,2012-04-08 21:58:32,2012-04-02,train,676_0
677,1248,113,Park,35.67070244512674,139.69663381576538,2012-04-04 14:36:03,2012-04-02,train,677_0
677,43,69,Train Station,35.69080269423021,139.70027922656513,2012-04-04 18:35:09,2012-04-02,train,677_0
677,2312,69,Train Station,35.65874546666904,139.6991221965708,2012-04-04 22:12:33,2012-04-02,train,677_0
677,2020,59,Office,35.65524110053235,139.69375848770142,2012-04-06 23:34:07,2012-04-02,train,677_0
677,367,69,Train Station,35.69129548609415,139.73547220230105,2012-04-07 21:33:58,2012-04-02,train,677_0
677,43,69,Train Station,35.69080269423021,139.70027922656513,2012-04-07 22:01:46,2012-04-02,train,677_0
677,1001,269,Shrine,35.69442362943279,139.74307894706726,2012-04-08 16:01:10,2012-04-02,train,677_0
677,2434,69,Train Station,35.67067629738875,139.70252394676208,2012-04-08 17:38:15,2012-04-02,train,677_0
679,1107,69,Train Station,35.605143883973426,139.74254719913006,2012-04-04 08:09:53,2012-04-02,train,679_0
679,109,69,Train Station,35.63014572966312,139.74042892456055,2012-04-04 08:25:53,2012-04-02,train,679_0
679,174,69,Train Station,35.619699172885795,139.72855277359486,2012-04-04 08:29:56,2012-04-02,train,679_0
679,7255,81,Building,35.62411832972584,139.7289667933001,2012-04-04 08:35:59,2012-04-02,train,679_0
679,7255,81,Building,35.62411832972584,139.7289667933001,2012-04-04 13:12:24,2012-04-02,train,679_0
679,3964,39,Food & Drink Shop,35.610643,139.744139,2012-04-04 20:13:46,2012-04-02,train,679_0
679,1107,69,Train Station,35.605143883973426,139.74254719913006,2012-04-05 08:00:09,2012-04-02,train,679_0
679,1252,69,Train Station,35.6279829235156,139.73796701206007,2012-04-05 08:10:45,2012-04-02,train,679_0
679,7255,81,Building,35.62412064679081,139.72885205432283,2012-04-05 08:30:56,2012-04-02,train,679_0
679,1107,69,Train Station,35.605143883973426,139.74254719913006,2012-04-05 19:57:38,2012-04-02,train,679_0
679,5685,23,Drugstore / Pharmacy,35.602734,139.7421669960022,2012-04-05 20:03:36,2012-04-02,train,679_0
679,2083,122,Fast Food Restaurant,35.605553,139.74239169999998,2012-04-07 22:20:37,2012-04-02,train,679_0
679,109,69,Train Station,35.63014572966312,139.74042892456055,2012-04-08 12:29:09,2012-04-02,train,679_0
679,4286,69,Train Station,35.575729760171434,139.65965151786804,2012-04-08 12:54:08,2012-04-02,train,679_0
679,641,140,Stadium,35.58580305947766,139.65271532535553,2012-04-08 13:57:34,2012-04-02,train,679_0
679,4286,69,Train Station,35.575729760171434,139.65965151786804,2012-04-08 18:45:41,2012-04-02,train,679_0
679,109,69,Train Station,35.63014572966312,139.74042892456055,2012-04-08 19:07:00,2012-04-02,train,679_0
679,516,69,Train Station,35.60935047101518,139.7429046034813,2012-04-08 19:15:29,2012-04-02,train,679_0
679,516,69,Train Station,35.60935047101518,139.7429046034813,2012-04-08 20:39:51,2012-04-02,train,679_0
679,4902,83,Spiritual Center,35.604660842845114,139.74230110645294,2012-04-08 20:45:33,2012-04-02,train,679_0
681,3886,256,Convenience Store,35.61022491,139.7358236,2012-04-04 07:51:13,2012-04-02,train,681_0
681,109,69,Train Station,35.63014572966312,139.74042892456055,2012-04-05 07:44:35,2012-04-02,train,681_0
681,5817,69,Train Station,35.60717873735968,139.7347289711019,2012-04-05 07:50:22,2012-04-02,train,681_0
681,6218,112,Other Great Outdoors,35.609035751384546,139.73555717429855,2012-04-05 07:57:08,2012-04-02,train,681_0
681,3886,256,Convenience Store,35.61022491,139.7358236,2012-04-05 07:59:40,2012-04-02,train,681_0
681,109,69,Train Station,35.63014572966312,139.74042892456055,2012-04-05 17:56:10,2012-04-02,train,681_0
683,2086,139,Food & Drink Shop,35.65733111758806,139.69962179660797,2012-04-05 19:18:43,2012-04-02,train,683_0
683,87,69,Train Station,35.65852172695124,139.7013260344949,2012-04-05 19:32:27,2012-04-02,train,683_0
686,189,69,Train Station,35.729864636451765,139.7109555727517,2012-04-04 08:02:16,2012-04-02,train,686_0
686,142,69,Train Station,35.698596195264464,139.77301824864617,2012-04-08 15:38:06,2012-04-02,train,686_0
687,210,69,Train Station,35.562387290697124,139.71595281921518,2012-04-04 08:21:35,2012-04-02,train,687_0
687,99,69,Train Station,35.674963187966185,139.7634733873651,2012-04-04 08:46:29,2012-04-02,train,687_0
687,1568,237,Mall,35.673097105817185,139.7599419951439,2012-04-04 08:48:47,2012-04-02,train,687_0
687,99,69,Train Station,35.67497849562972,139.76321881841366,2012-04-04 19:00:45,2012-04-02,train,687_0
687,5817,69,Train Station,35.60713179761434,139.73477387338818,2012-04-04 19:16:53,2012-04-02,train,687_0
687,210,69,Train Station,35.562387290697124,139.71595281921518,2012-04-04 20:00:56,2012-04-02,train,687_0
687,99,69,Train Station,35.67497849562972,139.76321881841366,2012-04-05 08:43:39,2012-04-02,train,687_0
687,1568,237,Mall,35.673097105817185,139.7599419951439,2012-04-05 08:47:12,2012-04-02,train,687_0
687,643,56,Electronics Store,35.67543940231658,139.7628951072693,2012-04-05 19:04:02,2012-04-02,train,687_0
687,99,69,Train Station,35.67497849562972,139.76321881841366,2012-04-05 21:08:42,2012-04-02,train,687_0
688,3027,69,Train Station,35.5586331741205,139.55151557922363,2012-04-04 07:00:46,2012-04-02,train,688_0
688,3027,69,Train Station,35.5586331741205,139.55151557922363,2012-04-05 07:55:47,2012-04-02,train,688_0
688,5827,256,Convenience Store,35.55884265,139.5514137,2012-04-05 08:00:32,2012-04-02,train,688_0
692,790,236,Subway,35.725785413004125,139.72987174987793,2012-04-04 07:25:09,2012-04-02,train,692_0
692,3498,236,Subway,35.700585887130075,139.76403504610062,2012-04-04 07:35:47,2012-04-02,train,692_0
692,3743,69,Train Station,35.73037539414103,139.71240520477295,2012-04-05 18:27:18,2012-04-02,train,692_0
692,1833,39,Food & Drink Shop,35.728063017349406,139.71919655799866,2012-04-05 19:08:00,2012-04-02,train,692_0
692,37,81,Building,35.7293476794105,139.71816658973694,2012-04-05 19:17:18,2012-04-02,train,692_0
692,4805,197,Bridge,35.7896903644686,139.72399234771729,2012-04-08 07:55:27,2012-04-02,train,692_0
692,6403,268,River,35.65449296919775,139.8424123473592,2012-04-08 09:44:52,2012-04-02,train,692_0
695,234,69,Train Station,35.6443150221341,139.69909071922302,2012-04-08 12:57:21,2012-04-02,train,695_0
695,1096,208,Playground,35.65037435252347,139.6959149837494,2012-04-08 14:22:13,2012-04-02,train,695_0
695,234,69,Train Station,35.6443150221341,139.69909071922302,2012-04-08 18:47:47,2012-04-02,train,695_0
695,3826,69,Train Station,35.57209627728355,139.70288336277008,2012-04-08 19:27:27,2012-04-02,train,695_0
700,75,236,Subway,35.67278116288847,139.7240298986435,2012-04-04 19:04:44,2012-04-02,train,700_0
700,4818,69,Train Station,35.67751799670805,139.76539492607117,2012-04-04 23:52:59,2012-04-02,train,700_0
700,4818,69,Train Station,35.67751799670805,139.76539492607117,2012-04-06 23:56:19,2012-04-02,train,700_0
700,1289,81,Building,35.66713335106043,139.74038692700458,2012-04-08 00:16:23,2012-04-02,train,700_0
700,1289,81,Building,35.66713335106043,139.74038692700458,2012-04-08 20:49:47,2012-04-02,train,700_0
700,96,237,Mall,35.6657865198251,139.73096072673798,2012-04-08 21:18:59,2012-04-02,train,700_0
700,6112,197,Bridge,35.609929431854006,139.82565879821777,2012-04-08 22:34:52,2012-04-02,train,700_0
704,6794,197,Bridge,35.619026526147245,139.72904160618782,2012-04-08 15:04:38,2012-04-02,train,704_0
704,6532,35,Bar,35.694226490316964,139.704534932971,2012-04-08 20:31:26,2012-04-02,train,704_0
704,6532,35,Bar,35.694226490316964,139.704534932971,2012-04-08 20:33:03,2012-04-02,train,704_0
704,6532,35,Bar,35.694226490316964,139.704534932971,2012-04-08 20:35:36,2012-04-02,train,704_0
705,931,69,Train Station,35.701341705675524,139.50644373893738,2012-04-04 20:54:20,2012-04-02,train,705_0
705,933,39,Food & Drink Shop,35.70043559382758,139.504936337471,2012-04-04 20:55:09,2012-04-02,train,705_0
705,1718,69,Train Station,35.72205552208182,139.48005009067978,2012-04-08 11:42:10,2012-04-02,train,705_0
705,304,69,Train Station,35.70025262768564,139.48025465011597,2012-04-08 17:56:39,2012-04-02,train,705_0
705,933,39,Food & Drink Shop,35.70043559382758,139.504936337471,2012-04-08 22:07:37,2012-04-02,train,705_0
706,87,69,Train Station,35.65852172695124,139.7013260344949,2012-04-04 14:26:34,2012-04-02,train,706_0
706,1342,20,Record Shop,35.66188145562874,139.70105677843094,2012-04-04 14:34:41,2012-04-02,train,706_0
706,6855,217,General Entertainment,35.66491487026835,139.69607591629028,2012-04-04 14:40:57,2012-04-02,train,706_0
707,5711,112,Other Great Outdoors,35.755759221282624,139.73357319831848,2012-04-04 04:51:50,2012-04-02,train,707_0
707,3203,269,Shrine,35.756094425218826,139.7333264350891,2012-04-04 17:13:50,2012-04-02,train,707_0
707,6463,5,Home (private),35.76153638146606,139.73710135513124,2012-04-04 17:14:19,2012-04-02,train,707_0
707,1192,236,Subway,35.724399,139.753634,2012-04-04 18:18:22,2012-04-02,train,707_0
707,1945,236,Subway,35.754418391417154,139.73732560873032,2012-04-04 18:57:21,2012-04-02,train,707_0
707,5711,112,Other Great Outdoors,35.755759221282624,139.73357319831848,2012-04-05 04:03:54,2012-04-02,train,707_0
707,3203,269,Shrine,35.756094425218826,139.7333264350891,2012-04-05 04:04:02,2012-04-02,train,707_0
707,5711,112,Other Great Outdoors,35.755759221282624,139.73357319831848,2012-04-08 04:30:27,2012-04-02,train,707_0
707,3203,269,Shrine,35.756094425218826,139.7333264350891,2012-04-08 04:31:01,2012-04-02,train,707_0
707,650,256,Convenience Store,35.75447005439652,139.73456931880384,2012-04-08 16:06:44,2012-04-02,train,707_0
710,6778,221,Toy / Game Store,35.69989455176754,139.76935872676313,2012-04-04 07:40:11,2012-04-02,train,710_0
710,4078,81,Building,35.70154377941831,139.76943859967173,2012-04-04 07:40:25,2012-04-02,train,710_0
710,957,197,Bridge,35.69834234896295,139.76886570453644,2012-04-04 07:41:09,2012-04-02,train,710_0
710,2555,263,Airport,35.551733548966745,139.78849396912628,2012-04-04 11:38:20,2012-04-02,train,710_0
710,6454,212,Airport,35.55310568264516,139.78479616116604,2012-04-04 11:39:07,2012-04-02,train,710_0
710,7117,258,Historic Site,35.69729947407328,139.76787111346894,2012-04-05 17:57:59,2012-04-02,train,710_0
710,1348,113,Park,35.70179,139.769787,2012-04-05 17:58:16,2012-04-02,train,710_0
710,4078,81,Building,35.70154377941831,139.76943859967173,2012-04-05 17:58:31,2012-04-02,train,710_0
710,6778,221,Toy / Game Store,35.69989455176754,139.76935872676313,2012-04-05 17:59:06,2012-04-02,train,710_0
710,7115,78,Government Building,35.69813323927706,139.6388080716133,2012-04-07 21:50:38,2012-04-02,train,710_0
710,5478,88,Temple,35.69716174333635,139.63695466518402,2012-04-07 21:50:49,2012-04-02,train,710_0
710,1787,79,Library,35.6950640559046,139.637493789196,2012-04-07 21:51:02,2012-04-02,train,710_0
710,1569,237,Mall,35.699281157566105,139.6379792690277,2012-04-07 21:51:22,2012-04-02,train,710_0
710,947,269,Shrine,35.68241925608553,139.639652967453,2012-04-08 14:13:33,2012-04-02,train,710_0
710,651,113,Park,35.69708114784994,139.6560949087143,2012-04-08 16:39:45,2012-04-02,train,710_0
712,893,69,Train Station,35.672195030970535,139.48046654462814,2012-04-06 22:43:02,2012-04-02,train,712_0
712,43,69,Train Station,35.69080269423021,139.70027922656513,2012-04-06 23:08:50,2012-04-02,train,712_0
712,312,236,Subway,35.69085980180074,139.704852104187,2012-04-06 23:13:30,2012-04-02,train,712_0
712,189,69,Train Station,35.729864636451765,139.7109555727517,2012-04-08 10:11:38,2012-04-02,train,712_0
712,142,69,Train Station,35.698596195264464,139.77301824864617,2012-04-08 10:36:35,2012-04-02,train,712_0
712,5771,124,Event Space,35.70033539813519,139.77259397506714,2012-04-08 10:44:39,2012-04-02,train,712_0
712,189,69,Train Station,35.729864636451765,139.7109555727517,2012-04-08 16:52:37,2012-04-02,train,712_0
713,827,236,Subway,35.67254956451001,139.9021505101476,2012-04-04 08:01:02,2012-04-02,train,713_0
713,5214,189,Ramen /  Noodle House,35.671129315514335,139.90108343551253,2012-04-04 12:15:40,2012-04-02,train,713_0
713,479,236,Subway,35.665876065677715,139.893045411523,2012-04-04 19:30:40,2012-04-02,train,713_0
713,479,236,Subway,35.665876065677715,139.893045411523,2012-04-08 16:18:19,2012-04-02,train,713_0
715,198,35,Bar,35.6916854215186,139.7011372447014,2012-04-07 21:43:10,2012-04-02,train,715_0
715,3131,69,Train Station,35.84421489286455,139.62791830301285,2012-04-08 14:57:34,2012-04-02,train,715_0
715,1676,69,Train Station,35.815446772620184,139.58718359470367,2012-04-08 15:50:17,2012-04-02,train,715_0
715,1586,69,Train Station,35.79465086257439,139.51377153396606,2012-04-08 16:00:21,2012-04-02,train,715_0
715,898,69,Train Station,35.66629207220754,139.4770547747612,2012-04-08 16:27:59,2012-04-02,train,715_0
715,44,69,Train Station,35.68137872227962,139.76608157157898,2012-04-08 20:13:53,2012-04-02,train,715_0
715,43,69,Train Station,35.69080269423021,139.70027922656513,2012-04-08 22:45:14,2012-04-02,train,715_0
715,189,69,Train Station,35.729864636451765,139.7109555727517,2012-04-08 22:54:33,2012-04-02,train,715_0
716,1074,236,Subway,35.70710485873095,139.78127092123032,2012-04-04 11:23:34,2012-04-02,train,716_0
716,2719,236,Subway,35.693312673354704,139.69913095235825,2012-04-04 11:43:20,2012-04-02,train,716_0
716,6640,56,Electronics Store,35.68856588474642,139.69790518283844,2012-04-04 22:28:24,2012-04-02,train,716_0
716,43,69,Train Station,35.69080269423021,139.70027922656513,2012-04-04 22:32:25,2012-04-02,train,716_0
716,279,69,Train Station,35.699583,139.765222,2012-04-04 22:46:15,2012-04-02,train,716_0
716,5656,189,Ramen /  Noodle House,35.697677988168586,139.77511793375015,2012-04-04 23:28:04,2012-04-02,train,716_0
716,142,69,Train Station,35.698596195264464,139.77301824864617,2012-04-04 23:44:11,2012-04-02,train,716_0
716,43,69,Train Station,35.69080269423021,139.70027922656513,2012-04-06 23:30:31,2012-04-02,train,716_0
716,271,236,Subway,35.66511535050908,139.71245884895325,2012-04-07 21:37:16,2012-04-02,train,716_0
716,281,69,Train Station,35.74964694346383,139.80514526367188,2012-04-07 22:28:11,2012-04-02,train,716_0
716,1074,236,Subway,35.70710485873095,139.78127092123032,2012-04-08 12:23:37,2012-04-02,train,716_0
716,133,236,Subway,35.687564,139.79738,2012-04-08 12:34:40,2012-04-02,train,716_0
716,83,69,Train Station,35.677054094802386,139.6761605356562,2012-04-08 13:03:13,2012-04-02,train,716_0
716,83,69,Train Station,35.677054094802386,139.6761605356562,2012-04-08 17:30:27,2012-04-02,train,716_0
716,43,69,Train Station,35.69080269423021,139.70027922656513,2012-04-08 18:13:25,2012-04-02,train,716_0
716,279,69,Train Station,35.699583,139.765222,2012-04-08 18:24:31,2012-04-02,train,716_0
716,655,69,Train Station,35.71678758588956,139.8582637310028,2012-04-08 18:43:51,2012-04-02,train,716_0
716,4598,124,Event Space,35.72394760447299,139.85883235931396,2012-04-08 19:36:09,2012-04-02,train,716_0
719,2721,256,Convenience Store,35.66919239922221,139.6237286925316,2012-04-04 08:30:00,2012-04-02,train,719_0
719,1040,69,Train Station,35.668843755416134,139.62346985936165,2012-04-04 08:30:24,2012-04-02,train,719_0
719,1434,69,Train Station,35.68971829766635,139.69925165176392,2012-04-04 08:54:08,2012-04-02,train,719_0
719,1934,236,Subway,35.68860291906892,139.69895124435425,2012-04-04 08:56:49,2012-04-02,train,719_0
719,46,237,Mall,35.660512894632895,139.72921192646027,2012-04-04 09:15:04,2012-04-02,train,719_0
719,1137,236,Subway,35.663315368578374,139.7321167588234,2012-04-04 19:28:30,2012-04-02,train,719_0
719,1934,236,Subway,35.68860291906892,139.69895124435425,2012-04-04 19:45:07,2012-04-02,train,719_0
719,1434,69,Train Station,35.68971829766635,139.69925165176392,2012-04-04 19:48:31,2012-04-02,train,719_0
719,1040,69,Train Station,35.668843755416134,139.62346985936165,2012-04-04 20:10:50,2012-04-02,train,719_0
719,1040,69,Train Station,35.668843755416134,139.62346985936165,2012-04-05 08:30:09,2012-04-02,train,719_0
719,1434,69,Train Station,35.68971829766635,139.69925165176392,2012-04-05 08:55:44,2012-04-02,train,719_0
719,46,237,Mall,35.660512894632895,139.72921192646027,2012-04-05 09:15:16,2012-04-02,train,719_0
719,1137,236,Subway,35.663315368578374,139.7321167588234,2012-04-05 18:54:18,2012-04-02,train,719_0
719,1934,236,Subway,35.68860291906892,139.69895124435425,2012-04-05 19:08:55,2012-04-02,train,719_0
719,1434,69,Train Station,35.68971829766635,139.69925165176392,2012-04-05 19:12:27,2012-04-02,train,719_0
720,372,120,Burger Joint,35.654807398795626,139.7973132133484,2012-04-04 16:29:47,2012-04-02,train,720_0
720,43,69,Train Station,35.69080269423021,139.70027922656513,2012-04-06 22:54:02,2012-04-02,train,720_0
720,44,69,Train Station,35.68137872227962,139.76608157157898,2012-04-06 23:13:43,2012-04-02,train,720_0
721,87,69,Train Station,35.65852172695124,139.7013260344949,2012-04-04 12:29:41,2012-04-02,train,721_0
721,5078,238,Bus Station,35.65836847800488,139.7024166584015,2012-04-04 12:47:43,2012-04-02,train,721_0
721,6503,166,College Academic Building,35.656149884223154,139.71120485231296,2012-04-04 13:44:46,2012-04-02,train,721_0
721,6159,238,Bus Station,35.655666041281776,139.71107019914044,2012-04-04 15:04:57,2012-04-02,train,721_0
721,87,69,Train Station,35.65852172695124,139.7013260344949,2012-04-04 15:14:33,2012-04-02,train,721_0
721,5792,236,Subway,35.684742543061255,139.77445006370544,2012-04-04 15:38:35,2012-04-02,train,721_0
721,2694,236,Subway,35.68490811606959,139.77315187454224,2012-04-04 15:39:07,2012-04-02,train,721_0
721,87,69,Train Station,35.65852172695124,139.7013260344949,2012-04-04 16:27:43,2012-04-02,train,721_0
721,1342,20,Record Shop,35.66188145562874,139.70105677843094,2012-04-04 16:44:55,2012-04-02,train,721_0
721,311,69,Train Station,35.568403721907565,139.5535111427307,2012-04-05 08:11:20,2012-04-02,train,721_0
721,1925,236,Subway,35.56806772910134,139.55346822738647,2012-04-05 08:12:49,2012-04-02,train,721_0
721,282,236,Subway,35.5534752278672,139.57850262522695,2012-04-05 08:23:16,2012-04-02,train,721_0
721,282,236,Subway,35.5534752278672,139.57850262522695,2012-04-05 17:54:50,2012-04-02,train,721_0
721,311,69,Train Station,35.568403721907565,139.5535111427307,2012-04-05 18:06:30,2012-04-02,train,721_0
724,921,236,Subway,35.692393399958355,139.72286581993103,2012-04-04 09:48:43,2012-04-02,train,724_0
724,3410,236,Subway,35.690785735234165,139.70635414123535,2012-04-04 22:58:57,2012-04-02,train,724_0
724,921,236,Subway,35.692393399958355,139.72286581993103,2012-04-04 23:04:31,2012-04-02,train,724_0
724,1802,69,Train Station,35.54990456724946,139.71519470214844,2012-04-07 23:20:34,2012-04-02,train,724_0
724,943,236,Subway,35.69213199326626,139.78275418281555,2012-04-07 23:55:25,2012-04-02,train,724_0
724,921,236,Subway,35.692393399958355,139.72286581993103,2012-04-08 00:12:51,2012-04-02,train,724_0
724,921,236,Subway,35.692393399958355,139.72286581993103,2012-04-08 11:42:24,2012-04-02,train,724_0
724,338,69,Train Station,35.695965872216426,139.75806713104248,2012-04-08 11:57:11,2012-04-02,train,724_0
724,921,236,Subway,35.692393399958355,139.72286581993103,2012-04-08 14:38:50,2012-04-02,train,724_0
724,921,236,Subway,35.692393399958355,139.72286581993103,2012-04-08 15:59:12,2012-04-02,train,724_0
724,440,69,Train Station,35.66987442926479,139.6157169342041,2012-04-08 16:22:38,2012-04-02,train,724_0
724,116,69,Train Station,35.66761259479359,139.6318370103836,2012-04-08 19:00:42,2012-04-02,train,724_0
724,921,236,Subway,35.692393399958355,139.72286581993103,2012-04-08 19:25:18,2012-04-02,train,724_0
726,168,236,Subway,35.66558604126973,139.73904490470886,2012-04-06 22:18:21,2012-04-02,train,726_0
726,43,69,Train Station,35.69080269423021,139.70027922656513,2012-04-08 21:26:18,2012-04-02,train,726_0
727,5022,95,Chinese Restaurant,35.58738938910309,139.62978780269623,2012-04-04 21:10:20,2012-04-02,train,727_0
727,1059,39,Food & Drink Shop,35.58787580632915,139.62950348854065,2012-04-04 21:28:18,2012-04-02,train,727_0
727,3278,236,Subway,35.65495995746399,139.74364757537842,2012-04-05 20:40:51,2012-04-02,train,727_0
727,2843,236,Subway,35.6829952911593,139.70172733068466,2012-04-05 21:00:21,2012-04-02,train,727_0
727,7122,122,Fast Food Restaurant,35.682490933898784,139.7023469209671,2012-04-05 21:02:35,2012-04-02,train,727_0
727,4458,26,Japanese Restaurant,35.587017485149815,139.63061191141605,2012-04-08 21:39:30,2012-04-02,train,727_0
727,5409,256,Convenience Store,35.587382845353424,139.63076680898666,2012-04-08 21:54:48,2012-04-02,train,727_0
732,158,69,Train Station,35.77806243973507,139.72083806991577,2012-04-04 08:27:15,2012-04-02,train,732_0
732,174,69,Train Station,35.619699172885795,139.72855277359486,2012-04-04 09:09:02,2012-04-02,train,732_0
732,174,69,Train Station,35.619699172885795,139.72855277359486,2012-04-04 19:28:50,2012-04-02,train,732_0
732,174,69,Train Station,35.619699172885795,139.72855277359486,2012-04-05 09:09:08,2012-04-02,train,732_0
732,158,69,Train Station,35.77806243973507,139.72083806991577,2012-04-05 20:51:26,2012-04-02,train,732_0
732,4627,39,Food & Drink Shop,35.77626065549851,139.7301185131073,2012-04-08 16:25:24,2012-04-02,train,732_0
733,1693,264,Camera Store,35.689354,139.698007,2012-04-04 21:20:10,2012-04-02,train,733_0
733,142,69,Train Station,35.698596195264464,139.77301824864617,2012-04-07 00:01:56,2012-04-02,train,733_0
733,87,69,Train Station,35.65852172695124,139.7013260344949,2012-04-08 19:13:56,2012-04-02,train,733_0
733,5471,53,Food & Drink Shop,35.66110272937975,139.6985737234887,2012-04-08 19:30:21,2012-04-02,train,733_0
738,109,69,Train Station,35.63014572966312,139.74042892456055,2012-04-04 07:53:03,2012-04-02,train,738_0
738,1615,69,Train Station,35.645731813210055,139.7475689649582,2012-04-04 07:59:53,2012-04-02,train,738_0
738,1615,69,Train Station,35.645731813210055,139.7475689649582,2012-04-04 22:14:55,2012-04-02,train,738_0
738,109,69,Train Station,35.63014572966312,139.74042892456055,2012-04-05 07:46:51,2012-04-02,train,738_0
738,1615,69,Train Station,35.645731813210055,139.7475689649582,2012-04-05 07:52:52,2012-04-02,train,738_0
738,289,69,Train Station,35.55319972801149,139.64681446552277,2012-04-06 22:01:40,2012-04-02,train,738_0
740,109,69,Train Station,35.63014572966312,139.74042892456055,2012-04-04 19:36:47,2012-04-02,train,740_0
740,99,69,Train Station,35.67497849562972,139.76321881841366,2012-04-05 20:40:07,2012-04-02,train,740_0
742,583,81,Building,35.64374620546484,139.66972622613693,2012-04-04 08:50:53,2012-04-02,train,742_0
742,4915,128,Gym / Fitness Center,35.65118729109137,139.55789933922313,2012-04-04 18:22:20,2012-04-02,train,742_0
742,552,63,Video Store,35.65247975325875,139.55582857131958,2012-04-04 20:41:08,2012-04-02,train,742_0
742,4915,128,Gym / Fitness Center,35.65118729109137,139.55789933922313,2012-04-08 09:47:49,2012-04-02,train,742_0
747,1772,231,Hotel,35.66410422764,139.76044356822968,2012-04-05 18:35:19,2012-04-02,train,747_0
747,6547,35,Bar,35.70502921328757,139.66449290513992,2012-04-06 23:08:54,2012-04-02,train,747_0
748,321,236,Subway,35.72129098165948,139.75205898284912,2012-04-04 08:32:39,2012-04-02,train,748_0
748,2930,236,Subway,35.70357209096882,139.75510597229004,2012-04-04 08:40:20,2012-04-02,train,748_0
748,1162,69,Train Station,35.7021955324165,139.7551703453064,2012-04-04 08:44:29,2012-04-02,train,748_0
748,142,69,Train Station,35.698596195264464,139.77301824864617,2012-04-04 08:52:13,2012-04-02,train,748_0
748,142,69,Train Station,35.698596195264464,139.77301824864617,2012-04-04 16:24:40,2012-04-02,train,748_0
748,1162,69,Train Station,35.7021955324165,139.7551703453064,2012-04-04 16:31:40,2012-04-02,train,748_0
748,2930,236,Subway,35.70357209096882,139.75510597229004,2012-04-04 16:34:25,2012-04-02,train,748_0
748,321,236,Subway,35.72129098165948,139.75205898284912,2012-04-04 16:40:38,2012-04-02,train,748_0
748,6078,39,Food & Drink Shop,35.7230267,139.752457,2012-04-08 10:06:54,2012-04-02,train,748_0
748,798,105,Garden,35.73313785608805,139.74651217460632,2012-04-08 14:27:41,2012-04-02,train,748_0
748,846,59,Office,35.72989637621322,139.7474241256714,2012-04-08 15:23:43,2012-04-02,train,748_0
748,6078,39,Food & Drink Shop,35.7230267,139.752457,2012-04-08 18:44:08,2012-04-02,train,748_0
748,1180,39,Food & Drink Shop,35.72265546,139.752651,2012-04-08 18:47:24,2012-04-02,train,748_0
752,5817,69,Train Station,35.60713179761434,139.73477387338818,2012-04-04 07:53:43,2012-04-02,train,752_0
752,174,69,Train Station,35.619699172885795,139.72855277359486,2012-04-04 08:08:11,2012-04-02,train,752_0
752,7410,197,Bridge,35.62035783395502,139.7289618046443,2012-04-04 08:26:38,2012-04-02,train,752_0
752,771,189,Ramen /  Noodle House,35.62585738866663,139.72616225481033,2012-04-04 18:53:25,2012-04-02,train,752_0
752,174,69,Train Station,35.619699172885795,139.72855277359486,2012-04-04 19:27:32,2012-04-02,train,752_0
752,5817,69,Train Station,35.607041101221995,139.73500836365807,2012-04-04 19:36:33,2012-04-02,train,752_0
752,5817,69,Train Station,35.60717873735968,139.7347289711019,2012-04-05 07:50:46,2012-04-02,train,752_0
752,174,69,Train Station,35.619699172885795,139.72855277359486,2012-04-05 08:03:55,2012-04-02,train,752_0
752,7410,197,Bridge,35.62019836272115,139.72873232693124,2012-04-05 08:24:19,2012-04-02,train,752_0
752,4905,69,Train Station,35.56247782390475,139.7160503268242,2012-04-05 17:22:02,2012-04-02,train,752_0
752,109,69,Train Station,35.63014572966312,139.74042892456055,2012-04-05 17:35:39,2012-04-02,train,752_0
752,5817,69,Train Station,35.607041101221995,139.73500836365807,2012-04-08 09:04:07,2012-04-02,train,752_0
752,4905,69,Train Station,35.56247782390475,139.7160503268242,2012-04-08 09:13:54,2012-04-02,train,752_0
752,845,69,Train Station,35.57130736409298,139.68561739384836,2012-04-08 09:24:20,2012-04-02,train,752_0
752,845,69,Train Station,35.57130736409298,139.68561739384836,2012-04-08 19:21:54,2012-04-02,train,752_0
752,4905,69,Train Station,35.56247782390475,139.7160503268242,2012-04-08 19:30:40,2012-04-02,train,752_0
752,208,69,Train Station,35.53132692901326,139.69690203666687,2012-04-08 19:41:42,2012-04-02,train,752_0
752,306,56,Electronics Store,35.52956759223309,139.69642460346222,2012-04-08 19:45:45,2012-04-02,train,752_0
752,93,237,Mall,35.532942167026505,139.69576478004456,2012-04-08 20:58:51,2012-04-02,train,752_0
752,208,69,Train Station,35.53132692901326,139.69690203666687,2012-04-08 21:35:00,2012-04-02,train,752_0
752,4863,118,Bakery,35.53107809215837,139.69699323177338,2012-04-08 21:37:43,2012-04-02,train,752_0
752,4905,69,Train Station,35.56247782390475,139.7160503268242,2012-04-08 21:47:35,2012-04-02,train,752_0
752,845,69,Train Station,35.57130736409298,139.68561739384836,2012-04-08 21:53:44,2012-04-02,train,752_0
753,149,69,Train Station,35.712902440367635,139.7038972377777,2012-04-04 09:49:07,2012-04-02,train,753_0
753,6432,121,Café,35.69150461370964,139.70119893550873,2012-04-04 09:54:32,2012-04-02,train,753_0
753,4677,4,Gym / Fitness Center,35.69091208404159,139.7019526362419,2012-04-04 10:11:39,2012-04-02,train,753_0
753,4677,4,Gym / Fitness Center,35.69091208404159,139.7019526362419,2012-04-04 12:40:36,2012-04-02,train,753_0
753,4677,4,Gym / Fitness Center,35.69091208404159,139.7019526362419,2012-04-04 14:45:32,2012-04-02,train,753_0
753,2237,198,Coffee Shop,35.690422,139.701652,2012-04-04 16:18:20,2012-04-02,train,753_0
753,4677,4,Gym / Fitness Center,35.69091208404159,139.7019526362419,2012-04-04 16:30:40,2012-04-02,train,753_0
753,149,69,Train Station,35.712902440367635,139.7038972377777,2012-04-04 18:10:29,2012-04-02,train,753_0
753,6085,39,Food & Drink Shop,35.78833094162589,139.6614589083918,2012-04-04 18:24:24,2012-04-02,train,753_0
753,4874,207,Music Venue,35.7116557857134,139.6975116946144,2012-04-04 21:23:49,2012-04-02,train,753_0
753,149,69,Train Station,35.712902440367635,139.7038972377777,2012-04-05 09:07:41,2012-04-02,train,753_0
753,4874,207,Music Venue,35.7116557857134,139.6975116946144,2012-04-06 23:54:57,2012-04-02,train,753_0
753,4874,207,Music Venue,35.7116557857134,139.6975116946144,2012-04-08 00:18:51,2012-04-02,train,753_0
753,149,69,Train Station,35.712902440367635,139.7038972377777,2012-04-08 11:39:34,2012-04-02,train,753_0
753,2986,69,Train Station,35.71295470815622,139.70370411872864,2012-04-08 13:49:01,2012-04-02,train,753_0
753,43,69,Train Station,35.69080269423021,139.70027922656513,2012-04-08 13:56:26,2012-04-02,train,753_0
753,331,69,Train Station,35.64687830575068,139.7099483013153,2012-04-08 14:04:35,2012-04-02,train,753_0
753,162,69,Train Station,35.63367738834909,139.71551656723022,2012-04-08 14:07:43,2012-04-02,train,753_0
753,6098,268,River,35.644207891503186,139.7008224954421,2012-04-08 14:30:26,2012-04-02,train,753_0
753,6098,268,River,35.644207891503186,139.7008224954421,2012-04-08 14:49:35,2012-04-02,train,753_0
753,6098,268,River,35.644207891503186,139.7008224954421,2012-04-08 14:52:22,2012-04-02,train,753_0
753,6098,268,River,35.644207891503186,139.7008224954421,2012-04-08 15:08:12,2012-04-02,train,753_0
753,6398,113,Park,35.62555870052708,139.70705151557922,2012-04-08 15:30:56,2012-04-02,train,753_0
753,87,69,Train Station,35.65852172695124,139.7013260344949,2012-04-08 16:12:01,2012-04-02,train,753_0
753,426,69,Train Station,35.70129378655684,139.70004089176655,2012-04-08 16:35:39,2012-04-02,train,753_0
753,4874,207,Music Venue,35.7116557857134,139.6975116946144,2012-04-08 22:33:00,2012-04-02,train,753_0
754,3550,97,Diner,35.705515500000004,139.731228,2012-04-04 21:22:22,2012-04-02,train,754_0
754,5694,237,Mall,35.70351981702754,139.77423012256622,2012-04-08 17:25:37,2012-04-02,train,754_0
755,164,69,Train Station,35.60753807817138,139.6688391408238,2012-04-04 19:09:40,2012-04-02,train,755_0
755,3435,39,Food & Drink Shop,35.608828087855976,139.67552251037625,2012-04-04 19:29:21,2012-04-02,train,755_0
755,164,69,Train Station,35.60753807817138,139.6688391408238,2012-04-05 20:58:30,2012-04-02,train,755_0
755,164,69,Train Station,35.60753807817138,139.6688391408238,2012-04-08 13:17:28,2012-04-02,train,755_0
755,164,69,Train Station,35.60753807817138,139.6688391408238,2012-04-08 19:03:03,2012-04-02,train,755_0
755,3435,39,Food & Drink Shop,35.608828087855976,139.67552251037625,2012-04-08 19:39:54,2012-04-02,train,755_0
756,767,69,Train Station,35.81416567573125,139.80131775140762,2012-04-04 07:40:55,2012-04-02,train,756_0
756,3227,69,Train Station,35.777226834731394,139.79044675827026,2012-04-04 07:44:36,2012-04-02,train,756_0
756,4483,236,Subway,35.68891662087583,139.81557369232178,2012-04-04 08:09:38,2012-04-02,train,756_0
756,4482,236,Subway,35.68902118787065,139.8157024383545,2012-04-04 08:09:48,2012-04-02,train,756_0
756,1866,236,Subway,35.68600611785052,139.88292932510376,2012-04-04 08:26:25,2012-04-02,train,756_0
756,508,236,Subway,35.6955607096278,139.77587163448334,2012-04-04 18:26:37,2012-04-02,train,756_0
756,6623,189,Ramen /  Noodle House,35.697932841980155,139.77510452270508,2012-04-04 18:44:24,2012-04-02,train,756_0
756,2576,236,Subway,35.69807224884871,139.77548003196716,2012-04-04 20:36:15,2012-04-02,train,756_0
756,767,69,Train Station,35.81416567573125,139.80131775140762,2012-04-04 21:06:02,2012-04-02,train,756_0
756,3227,69,Train Station,35.777226834731394,139.79044675827026,2012-04-05 07:43:55,2012-04-02,train,756_0
756,4483,236,Subway,35.68891662087583,139.81557369232178,2012-04-05 08:10:10,2012-04-02,train,756_0
756,4482,236,Subway,35.68902118787065,139.8157024383545,2012-04-05 08:10:18,2012-04-02,train,756_0
756,1866,236,Subway,35.68600611785052,139.88292932510376,2012-04-05 08:23:50,2012-04-02,train,756_0
756,1866,236,Subway,35.68600611785052,139.88292932510376,2012-04-05 18:16:59,2012-04-02,train,756_0
756,508,236,Subway,35.6955607096278,139.77587163448334,2012-04-05 18:36:22,2012-04-02,train,756_0
756,5801,237,Mall,35.698253041768346,139.77315187454224,2012-04-05 18:52:45,2012-04-02,train,756_0
756,5804,32,Bookstore,35.698357,139.772203,2012-04-05 19:37:46,2012-04-02,train,756_0
756,2576,236,Subway,35.69807224884871,139.77548003196716,2012-04-05 19:53:14,2012-04-02,train,756_0
756,767,69,Train Station,35.81416567573125,139.80131775140762,2012-04-08 12:09:57,2012-04-02,train,756_0
756,3227,69,Train Station,35.777226834731394,139.79044675827026,2012-04-08 12:16:52,2012-04-02,train,756_0
756,2932,69,Train Station,35.74870655136291,139.80480194091797,2012-04-08 12:21:35,2012-04-02,train,756_0
756,3017,236,Subway,35.749564224233985,139.8045927286148,2012-04-08 12:21:55,2012-04-02,train,756_0
756,201,236,Subway,35.6689505277435,139.69131231307983,2012-04-08 13:01:43,2012-04-02,train,756_0
756,3015,236,Subway,35.6594319763759,139.70056056976318,2012-04-08 23:39:24,2012-04-02,train,756_0
757,2576,236,Subway,35.69807224884871,139.77548003196716,2012-04-08 21:43:21,2012-04-02,train,757_0
757,633,56,Electronics Store,35.69901541704127,139.7746217250824,2012-04-08 21:43:43,2012-04-02,train,757_0
758,6231,242,Parking,35.701949749453554,139.58155146742058,2012-04-05 08:50:12,2012-04-02,train,758_0
758,5548,39,Food & Drink Shop,35.703062418579506,139.58107352256775,2012-04-05 08:50:33,2012-04-02,train,758_0
758,6421,32,Bookstore,35.70310658756382,139.58097423014533,2012-04-05 08:50:56,2012-04-02,train,758_0
758,4248,237,Mall,35.70304063763557,139.57986652851105,2012-04-05 08:51:18,2012-04-02,train,758_0
758,3361,69,Train Station,35.70318439175557,139.57990407943726,2012-04-05 08:52:03,2012-04-02,train,758_0
758,6406,69,Train Station,35.70193314924272,139.75468390302936,2012-04-05 19:07:30,2012-04-02,train,758_0
758,43,69,Train Station,35.69080269423021,139.70027922656513,2012-04-05 19:20:47,2012-04-02,train,758_0
758,6231,242,Parking,35.7019366532678,139.58167587274863,2012-04-08 15:34:56,2012-04-02,train,758_0
758,5548,39,Food & Drink Shop,35.703062418579506,139.58107352256775,2012-04-08 15:36:32,2012-04-02,train,758_0
758,6421,32,Bookstore,35.703112677342766,139.58104887257716,2012-04-08 15:38:18,2012-04-02,train,758_0
758,4248,237,Mall,35.70304063763557,139.57986652851105,2012-04-08 15:38:56,2012-04-02,train,758_0
758,3361,69,Train Station,35.70318439175557,139.57990407943726,2012-04-08 15:39:17,2012-04-02,train,758_0
758,261,69,Train Station,35.70320181647976,139.57990407943726,2012-04-08 15:40:24,2012-04-02,train,758_0
758,142,69,Train Station,35.698596195264464,139.77301824864617,2012-04-08 16:07:47,2012-04-02,train,758_0
758,5224,113,Park,35.69776613756137,139.77944353054806,2012-04-08 18:22:37,2012-04-02,train,758_0
762,6737,59,Office,35.655953,139.696695,2012-04-04 13:40:51,2012-04-02,train,762_0
762,6737,59,Office,35.655953,139.696695,2012-04-08 13:40:50,2012-04-02,train,762_0
762,468,121,Café,35.65603003936137,139.69787031412125,2012-04-08 16:26:43,2012-04-02,train,762_0
764,1727,69,Train Station,35.60910078604585,139.51630353927612,2012-04-04 20:15:42,2012-04-02,train,764_0
764,2533,236,Subway,35.68892097783667,139.69956278800964,2012-04-05 19:56:22,2012-04-02,train,764_0
764,209,69,Train Station,35.58843420093637,139.7279191017151,2012-04-08 17:52:52,2012-04-02,train,764_0
764,87,69,Train Station,35.65852172695124,139.7013260344949,2012-04-08 21:55:37,2012-04-02,train,764_0
766,1615,69,Train Station,35.645731813210055,139.7475689649582,2012-04-04 19:55:58,2012-04-02,train,766_0
766,1615,69,Train Station,35.645731813210055,139.7475689649582,2012-04-05 08:27:41,2012-04-02,train,766_0
766,142,69,Train Station,35.698596195264464,139.77301824864617,2012-04-05 18:28:53,2012-04-02,train,766_0
768,208,69,Train Station,35.53132692901326,139.69690203666687,2012-04-04 07:44:21,2012-04-02,train,768_0
768,79,69,Train Station,35.59974085378926,139.6102237701416,2012-04-04 08:13:12,2012-04-02,train,768_0
768,5698,69,Train Station,35.59995458300269,139.6105992794037,2012-04-04 08:14:15,2012-04-02,train,768_0
768,5198,59,Office,35.62678832921297,139.63292598724365,2012-04-04 20:33:43,2012-04-02,train,768_0
768,5752,281,Train Station,35.53072011497832,139.6962583065033,2012-04-04 21:12:16,2012-04-02,train,768_0
768,5698,69,Train Station,35.59995458300269,139.6105992794037,2012-04-08 10:00:53,2012-04-02,train,768_0
768,5198,59,Office,35.62678832921297,139.63292598724365,2012-04-08 17:50:27,2012-04-02,train,768_0
768,5752,281,Train Station,35.53072011497832,139.6962583065033,2012-04-08 18:39:09,2012-04-02,train,768_0
769,2337,189,Ramen /  Noodle House,35.784584200009704,139.810793,2012-04-06 22:32:46,2012-04-02,train,769_0
769,881,114,Plaza,35.66708090185773,139.75739657878876,2012-04-08 10:57:23,2012-04-02,train,769_0
769,141,69,Train Station,35.70735750443432,139.77461636066437,2012-04-08 18:37:45,2012-04-02,train,769_0
770,44,69,Train Station,35.68137872227962,139.76608157157898,2012-04-08 07:25:03,2012-04-02,train,770_0
770,44,69,Train Station,35.68137872227962,139.76608157157898,2012-04-08 19:39:28,2012-04-02,train,770_0
770,1974,236,Subway,35.690310836202634,139.84593629837036,2012-04-08 20:41:48,2012-04-02,train,770_0
771,5887,59,Office,35.70305806239121,139.77466195821762,2012-04-04 08:32:09,2012-04-02,train,771_0
771,2605,256,Convenience Store,35.70265889,139.7754049,2012-04-04 12:37:15,2012-04-02,train,771_0
771,5887,59,Office,35.70305806239121,139.77466195821762,2012-04-04 12:38:12,2012-04-02,train,771_0
771,5887,59,Office,35.70305806239121,139.77466195821762,2012-04-05 08:42:53,2012-04-02,train,771_0
771,3421,115,Scenic Lookout,35.673264881898525,139.7203016281128,2012-04-07 09:14:50,2012-04-02,train,771_0
771,46,237,Mall,35.660512894632895,139.72921192646027,2012-04-08 11:47:49,2012-04-02,train,771_0
771,47,146,Art Museum,35.660473668016515,139.72926020622253,2012-04-08 14:19:19,2012-04-02,train,771_0
771,3771,115,Scenic Lookout,35.66030005059014,139.72963028826445,2012-04-08 15:06:13,2012-04-02,train,771_0
771,1814,70,Government Building,35.675809805700595,139.74489212036133,2012-04-08 16:37:50,2012-04-02,train,771_0
771,1001,269,Shrine,35.69442362943279,139.74307894706726,2012-04-08 18:38:51,2012-04-02,train,771_0
771,1032,113,Park,35.68383188537317,139.74459171295166,2012-04-08 21:18:28,2012-04-02,train,771_0
775,3832,189,Ramen /  Noodle House,35.619728607865056,139.7283911705017,2012-04-04 13:54:55,2012-04-02,train,775_0
775,4242,71,Train Station,35.62023881245132,139.72804248332977,2012-04-04 20:43:50,2012-04-02,train,775_0
775,511,189,Ramen /  Noodle House,35.618573004245405,139.72798347473145,2012-04-05 17:39:24,2012-04-02,train,775_0
777,43,69,Train Station,35.69080269423021,139.70027922656513,2012-04-04 08:26:06,2012-04-02,train,777_0
777,299,69,Train Station,35.668361407560894,139.6504027448891,2012-04-04 16:09:42,2012-04-02,train,777_0
777,2312,69,Train Station,35.65874546666904,139.6991221965708,2012-04-04 16:23:39,2012-04-02,train,777_0
777,1167,233,Hobby Shop,35.66202092549599,139.69796419143677,2012-04-04 16:40:38,2012-04-02,train,777_0
778,1615,69,Train Station,35.645731813210055,139.7475689649582,2012-04-08 17:58:04,2012-04-02,train,778_0
778,4634,69,Train Station,35.561930582855666,139.7148954659007,2012-04-08 19:43:16,2012-04-02,train,778_0
781,5764,71,Train Station,35.56077516428476,139.67096717120884,2012-04-04 07:27:30,2012-04-02,train,781_0
781,329,69,Train Station,35.561035556356615,139.67103749513626,2012-04-04 07:31:57,2012-04-02,train,781_0
781,3853,69,Train Station,35.53153647523985,139.69675183296204,2012-04-04 07:43:59,2012-04-02,train,781_0
781,208,69,Train Station,35.53132692901326,139.69690203666687,2012-04-04 07:44:12,2012-04-02,train,781_0
781,307,237,Mall,35.53095149065529,139.69767451286316,2012-04-04 18:56:20,2012-04-02,train,781_0
781,3853,69,Train Station,35.53153647523985,139.69675183296204,2012-04-04 19:06:42,2012-04-02,train,781_0
781,329,69,Train Station,35.561035556356615,139.67103749513626,2012-04-04 19:29:03,2012-04-02,train,781_0
781,6785,81,Building,35.5605425050915,139.67131105216816,2012-04-04 19:29:19,2012-04-02,train,781_0
781,5803,56,Electronics Store,35.55964310569964,139.67115157089458,2012-04-04 19:29:30,2012-04-02,train,781_0
781,5576,122,Fast Food Restaurant,35.561258116733875,139.67138350009918,2012-04-04 19:29:44,2012-04-02,train,781_0
781,4916,96,Deli / Bodega,35.56654742,139.65734152,2012-04-04 19:41:45,2012-04-02,train,781_0
781,2962,208,Playground,35.56707283304888,139.65833187103271,2012-04-04 19:42:19,2012-04-02,train,781_0
781,325,241,Miscellaneous Shop,35.5654233729025,139.6584552526474,2012-04-04 19:42:45,2012-04-02,train,781_0
781,5115,39,Food & Drink Shop,35.56525755227938,139.65901851654053,2012-04-04 19:43:12,2012-04-02,train,781_0
781,208,69,Train Station,35.53132692901326,139.69690203666687,2012-04-06 23:30:07,2012-04-02,train,781_0
781,3853,69,Train Station,35.53153647523985,139.69675183296204,2012-04-06 23:30:43,2012-04-02,train,781_0
781,329,69,Train Station,35.561035556356615,139.67103749513626,2012-04-06 23:48:04,2012-04-02,train,781_0
781,6785,81,Building,35.5605425050915,139.67131105216816,2012-04-06 23:48:17,2012-04-02,train,781_0
781,5803,56,Electronics Store,35.55964310569964,139.67115157089458,2012-04-06 23:48:31,2012-04-02,train,781_0
781,3292,229,Road,35.56020858640292,139.65349316596985,2012-04-07 21:54:08,2012-04-02,train,781_0
781,6466,252,Travel & Transport,35.56497391094437,139.65574622154236,2012-04-07 21:57:18,2012-04-02,train,781_0
781,3112,120,Burger Joint,35.56354477971432,139.65515613555908,2012-04-07 21:57:30,2012-04-02,train,781_0
781,3382,241,Miscellaneous Shop,35.56364296511802,139.65518295764923,2012-04-07 21:57:40,2012-04-02,train,781_0
781,3112,120,Burger Joint,35.56354477971432,139.65515613555908,2012-04-08 15:46:08,2012-04-02,train,781_0
781,3382,241,Miscellaneous Shop,35.56364296511802,139.65518295764923,2012-04-08 16:41:59,2012-04-02,train,781_0
781,6466,252,Travel & Transport,35.56497391094437,139.65574622154236,2012-04-08 16:42:16,2012-04-02,train,781_0
781,2962,208,Playground,35.56707283304888,139.65833187103271,2012-04-08 20:51:58,2012-04-02,train,781_0
781,4916,96,Deli / Bodega,35.56654742,139.65734152,2012-04-08 20:52:12,2012-04-02,train,781_0
781,325,241,Miscellaneous Shop,35.5654233729025,139.6584552526474,2012-04-08 20:52:29,2012-04-02,train,781_0
781,5115,39,Food & Drink Shop,35.56525755227938,139.65901851654053,2012-04-08 20:52:44,2012-04-02,train,781_0
783,63,32,Bookstore,35.6781683633928,139.76818710565567,2012-04-04 16:50:55,2012-04-02,train,783_0
783,4913,287,Concert Hall,35.650919233812566,139.5417845249176,2012-04-08 13:22:37,2012-04-02,train,783_0
786,87,69,Train Station,35.65852172695124,139.7013260344949,2012-04-04 13:27:57,2012-04-02,train,786_0
786,530,172,University,35.66050417760869,139.6849822998047,2012-04-04 13:34:56,2012-04-02,train,786_0
786,4869,153,College Academic Building,35.66120109528565,139.67773551526304,2012-04-04 13:44:13,2012-04-02,train,786_0
786,4869,153,College Academic Building,35.66120109528565,139.67773551526304,2012-04-05 18:43:29,2012-04-02,train,786_0
787,4753,69,Train Station,35.68337899281701,139.70220371260766,2012-04-04 09:02:32,2012-04-02,train,787_0
787,1731,59,Office,35.61907458251699,139.7305631847266,2012-04-04 09:16:06,2012-04-02,train,787_0
787,2524,69,Train Station,35.619881167618004,139.7283731462078,2012-04-04 18:56:11,2012-04-02,train,787_0
787,43,69,Train Station,35.69080269423021,139.70027922656513,2012-04-04 19:21:26,2012-04-02,train,787_0
787,4753,69,Train Station,35.68359265756563,139.70224360383517,2012-04-05 09:02:07,2012-04-02,train,787_0
787,1731,59,Office,35.61918406917053,139.73130153030488,2012-04-05 09:18:00,2012-04-02,train,787_0
787,2524,69,Train Station,35.619881167618004,139.7283731462078,2012-04-05 18:29:38,2012-04-02,train,787_0
790,2829,175,College Academic Building,35.728601678810264,139.7095092421263,2012-04-04 16:30:12,2012-04-02,train,790_0
790,2012,198,Coffee Shop,35.72841289870793,139.7120427011573,2012-04-04 16:44:00,2012-04-02,train,790_0
791,107,236,Subway,35.673892404894445,139.75096464157104,2012-04-04 08:48:32,2012-04-02,train,791_0
791,107,236,Subway,35.673892404894445,139.75096464157104,2012-04-05 08:47:00,2012-04-02,train,791_0
791,765,113,Park,35.67377038692052,139.7560715675354,2012-04-08 17:48:08,2012-04-02,train,791_0
792,3218,159,College Academic Building,35.714365925490675,139.76004123687744,2012-04-04 08:27:01,2012-04-02,train,792_0
792,2425,230,Food & Drink Shop,35.717957,139.765206,2012-04-04 10:11:29,2012-04-02,train,792_0
792,1757,241,Miscellaneous Shop,35.71311368913581,139.76214408874512,2012-04-04 10:25:21,2012-04-02,train,792_0
792,3218,159,College Academic Building,35.714365925490675,139.76004123687744,2012-04-04 10:41:49,2012-04-02,train,792_0
792,3218,159,College Academic Building,35.714365925490675,139.76004123687744,2012-04-05 09:08:04,2012-04-02,train,792_0
792,129,69,Train Station,35.70582855009322,139.66579914093018,2012-04-06 22:19:35,2012-04-02,train,792_0
792,134,69,Train Station,35.70230879446056,139.7450315952301,2012-04-06 22:35:33,2012-04-02,train,792_0
792,1472,234,Light Rail,35.742759184745275,139.7808873653412,2012-04-08 14:12:58,2012-04-02,train,792_0
794,261,69,Train Station,35.70320181647976,139.57990407943726,2012-04-04 08:26:15,2012-04-02,train,794_0
794,43,69,Train Station,35.69080269423021,139.70027922656513,2012-04-04 08:45:20,2012-04-02,train,794_0
794,43,69,Train Station,35.69080269423021,139.70027922656513,2012-04-04 18:32:00,2012-04-02,train,794_0
794,261,69,Train Station,35.70320181647976,139.57990407943726,2012-04-04 18:49:10,2012-04-02,train,794_0
794,43,69,Train Station,35.69080269423021,139.70027922656513,2012-04-05 08:49:45,2012-04-02,train,794_0
794,43,69,Train Station,35.69080269423021,139.70027922656513,2012-04-05 18:15:49,2012-04-02,train,794_0
794,261,69,Train Station,35.70320181647976,139.57990407943726,2012-04-05 18:31:18,2012-04-02,train,794_0
795,693,69,Train Station,35.858739601673754,139.6572858095169,2012-04-04 07:36:11,2012-04-02,train,795_0
795,2362,69,Train Station,35.71369516481194,139.77750778198242,2012-04-04 07:55:53,2012-04-02,train,795_0
795,2362,69,Train Station,35.71369516481194,139.77750778198242,2012-04-04 23:08:26,2012-04-02,train,795_0
795,693,69,Train Station,35.858739601673754,139.6572858095169,2012-04-04 23:08:52,2012-04-02,train,795_0
795,693,69,Train Station,35.858739601673754,139.6572858095169,2012-04-05 09:06:03,2012-04-02,train,795_0
795,2362,69,Train Station,35.71369516481194,139.77750778198242,2012-04-06 22:05:50,2012-04-02,train,795_0
795,693,69,Train Station,35.858739601673754,139.6572858095169,2012-04-08 06:01:00,2012-04-02,train,795_0
795,1962,63,Video Store,35.85976129661263,139.65505957603455,2012-04-08 16:24:00,2012-04-02,train,795_0
795,3281,39,Food & Drink Shop,35.860335179057806,139.655499458313,2012-04-08 16:28:11,2012-04-02,train,795_0
795,3733,198,Coffee Shop,35.859382,139.654771,2012-04-08 16:36:50,2012-04-02,train,795_0
795,2496,225,Department Store,35.85851676408551,139.6561572717904,2012-04-08 16:45:11,2012-04-02,train,795_0
795,1073,225,Department Store,35.85869177733273,139.65911507606506,2012-04-08 17:20:58,2012-04-02,train,795_0
796,413,63,Video Store,35.659817708965214,139.70037549734116,2012-04-06 22:35:32,2012-04-02,train,796_0
796,3775,56,Electronics Store,35.70098666788508,139.77104634046557,2012-04-07 23:58:17,2012-04-02,train,796_0
796,2434,69,Train Station,35.67067629738875,139.70252394676208,2012-04-08 15:51:57,2012-04-02,train,796_0
796,3494,190,Sushi Restaurant,35.624903,139.739363,2012-04-08 20:05:59,2012-04-02,train,796_0
797,4706,69,Train Station,35.681283949368016,139.76607084274292,2012-04-05 17:17:50,2012-04-02,train,797_0
797,1623,59,Office,35.6827948558263,139.6868732571602,2012-04-05 17:58:25,2012-04-02,train,797_0
797,3199,197,Bridge,35.68402796087309,139.77445006370544,2012-04-06 22:23:20,2012-04-02,train,797_0
799,43,69,Train Station,35.69080269423021,139.70027922656513,2012-04-08 09:41:53,2012-04-02,train,799_0
799,43,69,Train Station,35.69080269423021,139.70027922656513,2012-04-08 10:57:34,2012-04-02,train,799_0
799,117,69,Train Station,35.67374424018757,139.66725826263428,2012-04-08 11:09:38,2012-04-02,train,799_0
799,117,69,Train Station,35.67374424018757,139.66725826263428,2012-04-08 14:14:54,2012-04-02,train,799_0
799,299,69,Train Station,35.668361407560894,139.6504027448891,2012-04-08 14:22:57,2012-04-02,train,799_0
799,893,69,Train Station,35.672195030970535,139.48046654462814,2012-04-08 14:44:17,2012-04-02,train,799_0
799,1594,135,Movie Theater,35.671626326370976,139.4809627532959,2012-04-08 14:45:07,2012-04-02,train,799_0
799,893,69,Train Station,35.672195030970535,139.48046654462814,2012-04-08 21:34:18,2012-04-02,train,799_0
799,299,69,Train Station,35.668361407560894,139.6504027448891,2012-04-08 21:56:14,2012-04-02,train,799_0
799,536,69,Train Station,35.67096773523412,139.65878918766975,2012-04-08 22:03:56,2012-04-02,train,799_0
801,631,69,Train Station,35.631663053994096,139.64477062225342,2012-04-04 09:00:53,2012-04-02,train,801_0
801,631,69,Train Station,35.631663053994096,139.64477062225342,2012-04-05 08:57:28,2012-04-02,train,801_0
801,631,69,Train Station,35.631663053994096,139.64477062225342,2012-04-08 10:51:29,2012-04-02,train,801_0
804,5530,97,Diner,35.7082504699001,139.77701425552368,2012-04-04 12:56:11,2012-04-02,train,804_0
804,4271,198,Coffee Shop,35.70848523988004,139.77625315258464,2012-04-04 13:11:00,2012-04-02,train,804_0
804,1132,198,Coffee Shop,35.708421124620415,139.7729680910409,2012-04-04 17:09:58,2012-04-02,train,804_0
805,189,69,Train Station,35.729864636451765,139.7109555727517,2012-04-04 14:23:42,2012-04-02,train,805_0
805,2631,69,Train Station,35.65850795400803,139.70132499933243,2012-04-04 14:36:16,2012-04-02,train,805_0
805,2631,69,Train Station,35.65850795400803,139.70132499933243,2012-04-04 19:39:43,2012-04-02,train,805_0
805,2422,69,Train Station,35.730227334361864,139.71116065979004,2012-04-04 19:58:11,2012-04-02,train,805_0
805,5606,59,Office,35.70293391092428,139.74075615406036,2012-04-05 18:34:52,2012-04-02,train,805_0
805,1409,236,Subway,35.70222166982555,139.74514961242676,2012-04-05 19:32:32,2012-04-02,train,805_0
805,3151,69,Train Station,35.720315412683675,139.7152805328369,2012-04-08 12:23:10,2012-04-02,train,805_0
805,5433,16,Bank,35.72892943929135,139.71423712337503,2012-04-08 13:52:20,2012-04-02,train,805_0
805,1952,56,Electronics Store,35.73156421709618,139.71359074115753,2012-04-08 14:22:30,2012-04-02,train,805_0
805,5433,16,Bank,35.72892943929135,139.71423712337503,2012-04-08 17:24:42,2012-04-02,train,805_0
805,1952,56,Electronics Store,35.73156421709618,139.71359074115753,2012-04-08 17:55:53,2012-04-02,train,805_0
807,6454,212,Airport,35.55310568264516,139.78479616116604,2012-04-08 18:36:06,2012-04-02,train,807_0
807,90,69,Train Station,35.71966060920786,139.65317281937612,2012-04-08 20:06:23,2012-04-02,train,807_0
808,6944,5,Home (private),35.706238655053525,139.6452092058366,2012-04-04 07:09:00,2012-04-02,train,808_0
808,3332,42,Other Nightlife,35.706188884812455,139.64696524340494,2012-04-04 07:09:16,2012-04-02,train,808_0
808,3882,39,Food & Drink Shop,35.706055063697875,139.64821726083755,2012-04-04 07:09:29,2012-04-02,train,808_0
808,5154,113,Park,35.70581548198101,139.65005457401276,2012-04-04 07:29:14,2012-04-02,train,808_0
808,2323,112,Other Great Outdoors,35.70585468631122,139.6498990058899,2012-04-04 07:29:30,2012-04-02,train,808_0
808,73,69,Train Station,35.70537552095303,139.64986145496368,2012-04-04 07:30:00,2012-04-02,train,808_0
808,4584,281,Train Station,35.7026028394007,139.56089794635773,2012-04-04 07:50:21,2012-04-02,train,808_0
808,4696,230,Food & Drink Shop,35.70270085413975,139.56133782863617,2012-04-04 07:50:56,2012-04-02,train,808_0
808,5545,256,Convenience Store,35.70509238,139.5614129,2012-04-04 07:55:23,2012-04-02,train,808_0
808,948,63,Video Store,35.70452608437617,139.5615416765213,2012-04-04 07:55:38,2012-04-02,train,808_0
808,4233,32,Bookstore,35.70609208989897,139.6501323580742,2012-04-04 20:44:29,2012-04-02,train,808_0
808,4584,281,Train Station,35.7026028394007,139.56089794635773,2012-04-05 07:49:40,2012-04-02,train,808_0
808,302,69,Train Station,35.70270629939949,139.56082955002785,2012-04-05 07:49:54,2012-04-02,train,808_0
808,4696,230,Food & Drink Shop,35.70270085413975,139.56133782863617,2012-04-05 07:50:07,2012-04-02,train,808_0
808,5545,256,Convenience Store,35.70509238,139.5614129,2012-04-05 08:09:55,2012-04-02,train,808_0
808,4233,32,Bookstore,35.70609208989897,139.6501323580742,2012-04-05 20:51:13,2012-04-02,train,808_0
808,6944,5,Home (private),35.706238655053525,139.6452092058366,2012-04-08 07:04:41,2012-04-02,train,808_0
808,3332,42,Other Nightlife,35.706188884812455,139.64696524340494,2012-04-08 07:04:55,2012-04-02,train,808_0
808,5154,113,Park,35.70581548198101,139.65005457401276,2012-04-08 07:18:30,2012-04-02,train,808_0
808,2323,112,Other Great Outdoors,35.70585468631122,139.6498990058899,2012-04-08 07:18:41,2012-04-02,train,808_0
808,73,69,Train Station,35.70537552095303,139.64986145496368,2012-04-08 07:18:52,2012-04-02,train,808_0
808,195,69,Train Station,35.68417610648677,139.70206260681152,2012-04-08 11:04:40,2012-04-02,train,808_0
808,1356,122,Fast Food Restaurant,35.68394081626595,139.70113456249237,2012-04-08 11:04:55,2012-04-02,train,808_0
808,4233,32,Bookstore,35.70609208989897,139.6501323580742,2012-04-08 18:17:59,2012-04-02,train,808_0
810,1202,128,Gym / Fitness Center,35.67964446911511,139.71238374710083,2012-04-05 20:49:31,2012-04-02,train,810_0
810,641,140,Stadium,35.58580305947766,139.65271532535553,2012-04-08 15:11:26,2012-04-02,train,810_0
811,7254,129,Medical Center,35.66949535936955,139.49431875834514,2012-04-04 12:03:50,2012-04-02,train,811_0
811,5374,56,Electronics Store,35.67440226369569,139.47313606739044,2012-04-05 20:01:54,2012-04-02,train,811_0
812,1930,69,Train Station,35.666692051408944,139.7581327376774,2012-04-04 16:11:16,2012-04-02,train,812_0
812,279,69,Train Station,35.699583,139.765222,2012-04-04 18:16:47,2012-04-02,train,812_0
812,1237,190,Sushi Restaurant,35.69901541704127,139.77463245391846,2012-04-08 11:17:35,2012-04-02,train,812_0
817,536,69,Train Station,35.67096773523412,139.65878918766975,2012-04-04 09:23:07,2012-04-02,train,817_0
817,2221,69,Train Station,35.688927513277505,139.69956278800964,2012-04-04 09:35:50,2012-04-02,train,817_0
817,6773,97,Diner,35.687687912001834,139.69575166057945,2012-04-04 14:22:30,2012-04-02,train,817_0
817,5892,121,Café,35.688207767271784,139.69623030487722,2012-04-04 14:33:54,2012-04-02,train,817_0
817,4745,44,Bar,35.689252,139.697016,2012-04-04 22:31:49,2012-04-02,train,817_0
817,2221,69,Train Station,35.688927513277505,139.69956278800964,2012-04-05 00:26:19,2012-04-02,train,817_0
818,308,69,Train Station,35.57957795260064,139.57301884889603,2012-04-04 10:19:28,2012-04-02,train,818_0
818,271,236,Subway,35.66511535050908,139.71245884895325,2012-04-04 20:27:25,2012-04-02,train,818_0
818,4127,238,Bus Station,35.579180925427565,139.57341313362122,2012-04-04 21:03:05,2012-04-02,train,818_0
819,2092,233,Hobby Shop,35.655849150760424,139.70116138458252,2012-04-04 15:08:03,2012-04-02,train,819_0
819,3570,48,Food & Drink Shop,35.70256254441745,139.77378487586975,2012-04-08 02:13:31,2012-04-02,train,819_0
819,3669,221,Toy / Game Store,35.6988270021162,139.77188855409622,2012-04-08 15:34:53,2012-04-02,train,819_0
820,1077,121,Café,35.693128,139.777862,2012-04-04 19:32:16,2012-04-02,train,820_0
820,3185,69,Train Station,35.68082969143581,139.76808786392212,2012-04-06 22:18:23,2012-04-02,train,820_0
820,1077,121,Café,35.693128,139.777862,2012-04-06 23:00:30,2012-04-02,train,820_0
823,879,234,Light Rail,35.75283156844172,139.73818391561508,2012-04-04 22:56:21,2012-04-02,train,823_0
823,1076,234,Light Rail,35.75090078231451,139.75264370441437,2012-04-04 23:00:36,2012-04-02,train,823_0
823,1076,234,Light Rail,35.75090078231451,139.75264370441437,2012-04-05 08:22:30,2012-04-02,train,823_0
823,879,234,Light Rail,35.75283156844172,139.73818391561508,2012-04-05 08:29:17,2012-04-02,train,823_0
823,3820,238,Bus Station,35.75385244995318,139.73835825920105,2012-04-05 19:03:08,2012-04-02,train,823_0
823,763,69,Train Station,35.752433225195475,139.7381329536438,2012-04-05 19:03:46,2012-04-02,train,823_0
823,7026,69,Train Station,35.73767352911937,139.7613501548767,2012-04-05 19:08:53,2012-04-02,train,823_0
823,1848,69,Train Station,35.7277712437567,139.77096319198608,2012-04-05 19:12:41,2012-04-02,train,823_0
823,140,69,Train Station,35.71362076736724,139.77651776270966,2012-04-05 19:17:34,2012-04-02,train,823_0
823,879,234,Light Rail,35.75283156844172,139.73818391561508,2012-04-06 23:26:33,2012-04-02,train,823_0
823,1076,234,Light Rail,35.75090078231451,139.75264370441437,2012-04-06 23:37:44,2012-04-02,train,823_0
823,1076,234,Light Rail,35.75090078231451,139.75264370441437,2012-04-08 13:03:56,2012-04-02,train,823_0
823,2026,234,Light Rail,35.73158599024489,139.72934067249298,2012-04-08 18:24:40,2012-04-02,train,823_0
823,2711,69,Train Station,35.729025427145416,139.71109628677368,2012-04-08 18:33:41,2012-04-02,train,823_0
824,643,56,Electronics Store,35.67543940231658,139.7628951072693,2012-04-04 18:15:02,2012-04-02,train,824_0
824,1031,225,Department Store,35.675766228921105,139.76512670516968,2012-04-04 18:27:28,2012-04-02,train,824_0
824,507,236,Subway,35.68401924641666,139.7376823425293,2012-04-05 17:44:57,2012-04-02,train,824_0
824,2739,128,Gym / Fitness Center,35.76328534580632,139.73150108474283,2012-04-06 22:43:14,2012-04-02,train,824_0
824,2739,128,Gym / Fitness Center,35.76328534580632,139.73150108474283,2012-04-08 10:53:25,2012-04-02,train,824_0
824,44,69,Train Station,35.68137872227962,139.76608157157898,2012-04-08 11:40:48,2012-04-02,train,824_0
825,189,69,Train Station,35.729864636451765,139.7109555727517,2012-04-05 21:00:53,2012-04-02,train,825_0
825,158,69,Train Station,35.77806243973507,139.72083806991577,2012-04-07 21:43:21,2012-04-02,train,825_0
826,3550,97,Diner,35.705515500000004,139.731228,2012-04-04 20:12:01,2012-04-02,train,826_0
826,3345,200,Arcade,35.651043466226184,139.54433262348175,2012-04-05 20:54:53,2012-04-02,train,826_0
826,504,69,Train Station,35.66903442018625,139.49523746967316,2012-04-06 23:54:39,2012-04-02,train,826_0
827,6487,200,Arcade,35.67428338035488,139.76278954775168,2012-04-08 12:17:53,2012-04-02,train,827_0
827,7238,5,Home (private),35.75839154522286,139.7064547728103,2012-04-08 23:35:35,2012-04-02,train,827_0
829,1467,198,Coffee Shop,35.514993736606186,139.66550946235657,2012-04-04 09:16:16,2012-04-02,train,829_0
829,1467,198,Coffee Shop,35.514993736606186,139.66550946235657,2012-04-05 09:19:05,2012-04-02,train,829_0
830,2487,69,Train Station,35.57490948663387,139.663245677948,2012-04-04 07:13:36,2012-04-02,train,830_0
830,1930,69,Train Station,35.666692051408944,139.7581327376774,2012-04-04 07:33:02,2012-04-02,train,830_0
830,177,236,Subway,35.671976,139.741176,2012-04-04 16:49:05,2012-04-02,train,830_0
830,1930,69,Train Station,35.666692051408944,139.7581327376774,2012-04-04 19:34:49,2012-04-02,train,830_0
830,2487,69,Train Station,35.57490948663387,139.663245677948,2012-04-04 19:57:25,2012-04-02,train,830_0
830,1930,69,Train Station,35.666692051408944,139.7581327376774,2012-04-05 18:55:25,2012-04-02,train,830_0
830,2487,69,Train Station,35.57490948663387,139.663245677948,2012-04-05 19:16:43,2012-04-02,train,830_0
830,6860,69,Train Station,35.70220544,139.58035302996075,2012-04-07 22:28:28,2012-04-02,train,830_0
830,87,69,Train Station,35.65852172695124,139.7013260344949,2012-04-07 23:00:52,2012-04-02,train,830_0
834,3719,236,Subway,35.67051941078094,139.77372586727142,2012-04-04 13:34:48,2012-04-02,train,834_0
834,1930,69,Train Station,35.666692051408944,139.7581327376774,2012-04-04 18:51:15,2012-04-02,train,834_0
834,1930,69,Train Station,35.666692051408944,139.7581327376774,2012-04-05 19:07:16,2012-04-02,train,834_0
836,281,69,Train Station,35.74964694346383,139.80514526367188,2012-04-04 14:45:17,2012-04-02,train,836_0
836,142,69,Train Station,35.698596195264464,139.77301824864617,2012-04-04 14:57:07,2012-04-02,train,836_0
836,4293,56,Electronics Store,35.70205177651353,139.77113485336304,2012-04-04 15:35:48,2012-04-02,train,836_0
836,2612,56,Electronics Store,35.70065341011579,139.77077275514603,2012-04-04 15:36:27,2012-04-02,train,836_0
836,2930,236,Subway,35.70357209096882,139.75510597229004,2012-04-04 16:05:50,2012-04-02,train,836_0
836,321,236,Subway,35.72129098165948,139.75205898284912,2012-04-04 16:20:48,2012-04-02,train,836_0
836,3485,236,Subway,35.733634297541506,139.73874536568033,2012-04-08 17:10:02,2012-04-02,train,836_0
836,184,69,Train Station,35.73345382441255,139.7394838131754,2012-04-08 17:12:38,2012-04-02,train,836_0
836,43,69,Train Station,35.69080269423021,139.70027922656513,2012-04-08 17:29:32,2012-04-02,train,836_0
836,129,69,Train Station,35.70582855009322,139.66579914093018,2012-04-08 17:37:38,2012-04-02,train,836_0
838,189,69,Train Station,35.729864636451765,139.7109555727517,2012-04-04 08:59:56,2012-04-02,train,838_0
838,43,69,Train Station,35.69080269423021,139.70027922656513,2012-04-04 09:16:37,2012-04-02,train,838_0
838,43,69,Train Station,35.69080269423021,139.70027922656513,2012-04-05 00:02:14,2012-04-02,train,838_0
838,189,69,Train Station,35.729864636451765,139.7109555727517,2012-04-05 00:10:09,2012-04-02,train,838_0
838,43,69,Train Station,35.69080269423021,139.70027922656513,2012-04-05 09:15:16,2012-04-02,train,838_0
838,43,69,Train Station,35.69080269423021,139.70027922656513,2012-04-05 19:37:46,2012-04-02,train,838_0
838,189,69,Train Station,35.729864636451765,139.7109555727517,2012-04-05 19:52:02,2012-04-02,train,838_0
838,43,69,Train Station,35.69080269423021,139.70027922656513,2012-04-06 22:55:01,2012-04-02,train,838_0
838,189,69,Train Station,35.729864636451765,139.7109555727517,2012-04-06 23:15:03,2012-04-02,train,838_0
840,794,200,Arcade,35.68950589767082,139.697378128767,2012-04-07 00:21:33,2012-04-02,train,840_0
840,485,69,Train Station,35.73787382649612,139.65452313423157,2012-04-07 00:22:22,2012-04-02,train,840_0
840,124,56,Electronics Store,35.689809792874755,139.69790518283844,2012-04-08 21:40:20,2012-04-02,train,840_0
841,93,237,Mall,35.532942167026505,139.69576478004456,2012-04-08 13:01:29,2012-04-02,train,841_0
841,208,69,Train Station,35.53132692901326,139.69690203666687,2012-04-08 14:41:31,2012-04-02,train,841_0
841,99,69,Train Station,35.67497849562972,139.76321881841366,2012-04-08 15:17:18,2012-04-02,train,841_0
841,5341,7,Medical Center,35.674949159900294,139.76439714431763,2012-04-08 15:19:05,2012-04-02,train,841_0
843,7462,112,Other Great Outdoors,35.64388072184869,139.69950114457984,2012-04-06 22:12:06,2012-04-02,train,843_0
843,7462,112,Other Great Outdoors,35.64388072184869,139.69950114457984,2012-04-07 09:19:57,2012-04-02,train,843_0
843,7462,112,Other Great Outdoors,35.64388072184869,139.69950114457984,2012-04-08 07:52:35,2012-04-02,train,843_0
843,146,69,Train Station,35.6964320244761,139.81394290924072,2012-04-08 09:57:41,2012-04-02,train,843_0
843,1492,39,Food & Drink Shop,35.696482124790435,139.8157238960266,2012-04-08 10:01:49,2012-04-02,train,843_0
843,544,113,Park,35.69898927858116,139.81646418571472,2012-04-08 10:25:56,2012-04-02,train,843_0
843,819,76,Government Building,35.710036,139.810697,2012-04-08 14:05:51,2012-04-02,train,843_0
843,7472,197,Bridge,35.70953980726445,139.81181859970093,2012-04-08 14:10:57,2012-04-02,train,843_0
843,275,69,Train Station,35.71048066190842,139.8133099079132,2012-04-08 14:19:41,2012-04-02,train,843_0
846,208,69,Train Station,35.53132692901326,139.69690203666687,2012-04-05 08:29:03,2012-04-02,train,846_0
846,2528,120,Burger Joint,35.53080306105245,139.69978272914886,2012-04-05 08:29:36,2012-04-02,train,846_0
846,208,69,Train Station,35.53132692901326,139.69690203666687,2012-04-05 17:56:33,2012-04-02,train,846_0
846,3810,69,Train Station,35.53098641522781,139.69662576913834,2012-04-05 17:57:04,2012-04-02,train,846_0
847,6309,61,Office,35.647793222954526,139.6800732163084,2012-04-04 08:39:14,2012-04-02,train,847_0
847,6309,61,Office,35.647793222954526,139.6800732163084,2012-04-05 08:39:21,2012-04-02,train,847_0
847,234,69,Train Station,35.6443150221341,139.69909071922302,2012-04-06 23:23:18,2012-04-02,train,847_0
847,87,69,Train Station,35.65852172695124,139.7013260344949,2012-04-06 23:28:28,2012-04-02,train,847_0
849,654,69,Train Station,35.69589616697144,139.69995975494385,2012-04-04 18:49:05,2012-04-02,train,849_0
849,6821,5,Home (private),35.68693795789694,139.6656173391297,2012-04-04 19:26:41,2012-04-02,train,849_0
849,654,69,Train Station,35.69589616697144,139.69995975494385,2012-04-05 19:06:29,2012-04-02,train,849_0
851,461,81,Building,35.68810445187723,139.6934551693115,2012-04-04 08:45:39,2012-04-02,train,851_0
851,4190,32,Bookstore,35.73357603090236,139.73931849002838,2012-04-04 18:21:34,2012-04-02,train,851_0
851,4190,32,Bookstore,35.73357603090236,139.73931849002838,2012-04-08 17:11:44,2012-04-02,train,851_0
853,4260,62,Government Building,35.69244436336738,139.75851198524592,2012-04-04 13:20:24,2012-04-02,train,853_0
853,215,59,Office,35.66490615372471,139.69607591629028,2012-04-04 17:12:19,2012-04-02,train,853_0
854,1827,211,Airport,35.54896343042385,139.7846114074895,2012-04-04 10:22:49,2012-04-02,train,854_0
854,2444,238,Bus Station,35.68217176016234,139.7877323627472,2012-04-04 11:31:30,2012-04-02,train,854_0
856,277,236,Subway,35.65227052337097,139.72222208976746,2012-04-04 10:05:23,2012-04-02,train,856_0
856,496,236,Subway,35.67983619744879,139.7800612449646,2012-04-04 11:37:50,2012-04-02,train,856_0
856,142,69,Train Station,35.698596195264464,139.77301824864617,2012-04-04 18:05:51,2012-04-02,train,856_0
856,4772,69,Train Station,35.69737085556982,139.81356739997864,2012-04-04 18:59:20,2012-04-02,train,856_0
856,3238,92,Asian Restaurant,35.645546,139.715894,2012-04-05 20:00:44,2012-04-02,train,856_0
856,3238,92,Asian Restaurant,35.645546,139.715894,2012-04-06 22:22:08,2012-04-02,train,856_0
856,3541,190,Sushi Restaurant,35.647678,139.710587,2012-04-07 00:20:29,2012-04-02,train,856_0
856,3238,92,Asian Restaurant,35.645546,139.715894,2012-04-07 22:46:48,2012-04-02,train,856_0
857,5122,137,Park,35.626404617326685,139.88771438598633,2012-04-04 21:31:32,2012-04-02,train,857_0
857,5122,137,Park,35.626404617326685,139.88771438598633,2012-04-05 17:13:53,2012-04-02,train,857_0
857,1240,137,Park,35.632814108412646,139.88031148910522,2012-04-08 15:26:47,2012-04-02,train,857_0
857,5122,137,Park,35.626404617326685,139.88771438598633,2012-04-08 17:12:42,2012-04-02,train,857_0
859,174,69,Train Station,35.619699172885795,139.72855277359486,2012-04-04 12:32:05,2012-04-02,train,859_0
859,545,69,Train Station,35.62752522528485,139.77879524230957,2012-04-04 12:51:08,2012-04-02,train,859_0
859,4945,59,Office,35.62791765237398,139.77646708488464,2012-04-04 13:00:00,2012-04-02,train,859_0
859,1591,121,Café,35.643056,139.671172,2012-04-04 18:12:40,2012-04-02,train,859_0
859,322,236,Subway,35.68569676173495,139.7416439652443,2012-04-08 15:10:01,2012-04-02,train,859_0
859,3289,258,Historic Site,35.69405549079976,139.7494813799858,2012-04-08 16:08:03,2012-04-02,train,859_0
859,633,56,Electronics Store,35.69901541704127,139.7746217250824,2012-04-08 16:59:59,2012-04-02,train,859_0
859,1160,6,Clothing Store,35.697962248136776,139.7737580537796,2012-04-08 17:48:45,2012-04-02,train,859_0
859,3988,44,Bar,35.69801343660576,139.77373123168945,2012-04-08 17:54:40,2012-04-02,train,859_0
859,5560,190,Sushi Restaurant,35.70030054743006,139.7726583480835,2012-04-08 18:57:27,2012-04-02,train,859_0
859,3085,44,Bar,35.700104511929894,139.77396726608276,2012-04-08 20:57:08,2012-04-02,train,859_0
863,3085,44,Bar,35.700104511929894,139.77396726608276,2012-04-07 21:39:19,2012-04-02,train,863_0
863,633,56,Electronics Store,35.69901541704127,139.7746217250824,2012-04-08 14:53:07,2012-04-02,train,863_0
866,80,69,Train Station,35.6114994740578,139.62661743164062,2012-04-06 23:18:55,2012-04-02,train,866_0
866,386,69,Train Station,35.62643513993051,139.63392779231071,2012-04-06 23:28:38,2012-04-02,train,866_0
866,1502,113,Park,35.6300585262402,139.6223258972168,2012-04-08 10:58:07,2012-04-02,train,866_0
871,1108,151,Medical Center,35.66916843000927,139.74622249603271,2012-04-04 11:28:11,2012-04-02,train,871_0
871,2300,237,Mall,35.55492363232725,139.57813918590546,2012-04-05 18:14:39,2012-04-02,train,871_0
871,1004,122,Fast Food Restaurant,35.53654795942072,139.57845836877823,2012-04-08 09:49:34,2012-04-02,train,871_0
872,142,69,Train Station,35.698596195264464,139.77301824864617,2012-04-04 09:29:02,2012-04-02,train,872_0
872,428,39,Food & Drink Shop,35.58831205244881,139.73032236099243,2012-04-04 15:17:35,2012-04-02,train,872_0
872,142,69,Train Station,35.698596195264464,139.77301824864617,2012-04-04 18:20:27,2012-04-02,train,872_0
872,4161,17,Video Game Store,35.70204088590424,139.77045893669128,2012-04-04 18:49:31,2012-04-02,train,872_0
872,142,69,Train Station,35.698596195264464,139.77301824864617,2012-04-04 23:10:12,2012-04-02,train,872_0
872,145,69,Train Station,35.6961052825236,139.79252815246582,2012-04-04 23:23:46,2012-04-02,train,872_0
876,132,56,Electronics Store,35.66184658812384,139.699809551239,2012-04-04 09:05:53,2012-04-02,train,876_0
876,132,56,Electronics Store,35.66184658812384,139.699809551239,2012-04-04 13:47:10,2012-04-02,train,876_0
876,2762,198,Coffee Shop,35.66151534606809,139.72946405410767,2012-04-04 14:28:17,2012-04-02,train,876_0
876,1200,69,Train Station,35.71202259411466,139.79840755462646,2012-04-04 18:42:15,2012-04-02,train,876_0
876,4947,59,Office,35.68377741987099,139.78212922811508,2012-04-05 08:34:27,2012-04-02,train,876_0
876,5005,60,Automotive Shop,35.6420350255968,139.80347156524658,2012-04-08 13:07:52,2012-04-02,train,876_0
877,389,69,Train Station,35.70642532493498,139.84250843524933,2012-04-04 08:44:46,2012-04-02,train,877_0
877,813,69,Train Station,35.68120442718294,139.68636095523834,2012-04-04 09:20:03,2012-04-02,train,877_0
877,813,69,Train Station,35.68120442718294,139.68636095523834,2012-04-04 22:26:25,2012-04-02,train,877_0
877,3846,69,Train Station,35.68931963874774,139.70046132802963,2012-04-04 22:40:06,2012-04-02,train,877_0
877,389,69,Train Station,35.70642532493498,139.84250843524933,2012-04-04 23:13:50,2012-04-02,train,877_0
877,6240,5,Home (private),35.70564422297707,139.84960766617235,2012-04-04 23:32:07,2012-04-02,train,877_0
877,3846,69,Train Station,35.68931963874774,139.70046132802963,2012-04-05 09:18:52,2012-04-02,train,877_0
877,6240,5,Home (private),35.70564422297707,139.84960766617235,2012-04-07 21:37:29,2012-04-02,train,877_0
877,2434,69,Train Station,35.67067629738875,139.70252394676208,2012-04-08 12:22:05,2012-04-02,train,877_0
877,7155,277,Neighborhood,35.670074061003966,139.70214387581677,2012-04-08 12:22:18,2012-04-02,train,877_0
877,389,69,Train Station,35.70642532493498,139.84250843524933,2012-04-08 21:11:49,2012-04-02,train,877_0
877,6240,5,Home (private),35.70564422297707,139.84960766617235,2012-04-08 21:25:04,2012-04-02,train,877_0
878,4065,16,Bank,35.57183114615997,139.68633910997497,2012-04-04 13:17:34,2012-04-02,train,878_0
878,208,69,Train Station,35.53132692901326,139.69690203666687,2012-04-07 22:11:54,2012-04-02,train,878_0
879,5004,71,Train Station,35.65455022780931,139.75674211978912,2012-04-04 07:27:25,2012-04-02,train,879_0
879,4582,229,Road,35.654689710480945,139.754376411438,2012-04-04 07:30:05,2012-04-02,train,879_0
879,3708,229,Road,35.65261421434919,139.74952361974067,2012-04-04 07:36:31,2012-04-02,train,879_0
879,6946,238,Bus Station,35.65081917203662,139.74741771430962,2012-04-04 08:49:09,2012-04-02,train,879_0
879,2452,256,Convenience Store,35.65024338625813,139.74707838109114,2012-04-04 08:51:50,2012-04-02,train,879_0
879,4725,240,Convention Center,35.676820780304936,139.76416110992432,2012-04-04 15:37:19,2012-04-02,train,879_0
879,643,56,Electronics Store,35.67543940231658,139.7628951072693,2012-04-04 15:38:08,2012-04-02,train,879_0
879,140,69,Train Station,35.71362076736724,139.77651776270966,2012-04-04 17:09:26,2012-04-02,train,879_0
879,6946,238,Bus Station,35.65102422467993,139.74741771430962,2012-04-05 08:49:16,2012-04-02,train,879_0
879,6684,258,Historic Site,35.6499558811701,139.74834948778152,2012-04-05 08:50:01,2012-04-02,train,879_0
879,2949,269,Shrine,35.654980045425006,139.74988791902223,2012-04-05 18:55:16,2012-04-02,train,879_0
879,4357,229,Road,35.65714141,139.75030654,2012-04-05 18:59:16,2012-04-02,train,879_0
879,6068,197,Bridge,35.65950936169954,139.75081115324593,2012-04-05 19:02:09,2012-04-02,train,879_0
879,6679,113,Park,35.66087910216599,139.75129024261253,2012-04-05 19:04:24,2012-04-02,train,879_0
879,4812,59,Office,35.66086,139.75160332,2012-04-05 19:05:38,2012-04-02,train,879_0
879,6282,258,Historic Site,35.66476668889729,139.7534215450287,2012-04-05 19:09:50,2012-04-02,train,879_0
879,3849,256,Convenience Store,35.66629163820402,139.75383546973106,2012-04-05 19:12:39,2012-04-02,train,879_0
879,2057,287,Concert Hall,35.67167862121598,139.75570678710938,2012-04-05 19:19:24,2012-04-02,train,879_0
879,3463,258,Historic Site,35.67532610211462,139.75921511650083,2012-04-05 19:24:31,2012-04-02,train,879_0
881,605,225,Department Store,35.69001962960003,139.69919925291745,2012-04-04 16:40:33,2012-04-02,train,881_0
881,2307,225,Department Store,35.6713658633698,139.48062136659462,2012-04-04 18:30:46,2012-04-02,train,881_0
881,1593,32,Bookstore,35.67216670478368,139.47986841201782,2012-04-04 21:37:59,2012-04-02,train,881_0
881,893,69,Train Station,35.672195030970535,139.48046654462814,2012-04-04 21:53:29,2012-04-02,train,881_0
881,434,236,Subway,35.69051560952628,139.66692835092545,2012-04-04 22:35:32,2012-04-02,train,881_0
881,1434,69,Train Station,35.68971829766635,139.69925165176392,2012-04-08 15:37:34,2012-04-02,train,881_0
881,1115,69,Train Station,35.67058042227619,139.6089470386505,2012-04-08 18:29:44,2012-04-02,train,881_0
881,1434,69,Train Station,35.68971829766635,139.69925165176392,2012-04-08 18:59:08,2012-04-02,train,881_0
881,5398,223,Food & Drink Shop,35.69035865740192,139.69812996262587,2012-04-08 19:04:41,2012-04-02,train,881_0
881,605,225,Department Store,35.69001962960003,139.69919925291745,2012-04-08 19:16:10,2012-04-02,train,881_0
881,1379,198,Coffee Shop,35.68911262062212,139.69934657338828,2012-04-08 19:21:49,2012-04-02,train,881_0
882,4982,189,Ramen /  Noodle House,35.62536139132654,139.72389578819275,2012-04-04 08:42:40,2012-04-02,train,882_0
882,4982,189,Ramen /  Noodle House,35.62536139132654,139.72389578819275,2012-04-05 08:49:45,2012-04-02,train,882_0
883,142,69,Train Station,35.698596195264464,139.77301824864617,2012-04-04 20:00:39,2012-04-02,train,883_0
883,2938,32,Bookstore,35.6989849221703,139.77105975151062,2012-04-04 20:04:15,2012-04-02,train,883_0
883,101,32,Bookstore,35.700426881163665,139.77175176143646,2012-04-04 20:17:03,2012-04-02,train,883_0
883,5762,200,Arcade,35.7007383583069,139.7718831896782,2012-04-04 20:32:20,2012-04-02,train,883_0
883,44,69,Train Station,35.68137872227962,139.76608157157898,2012-04-04 21:22:50,2012-04-02,train,883_0
885,1189,69,Train Station,35.688672630688174,139.77317333221436,2012-04-04 08:31:00,2012-04-02,train,885_0
885,4905,69,Train Station,35.56247782390475,139.7160503268242,2012-04-04 19:31:56,2012-04-02,train,885_0
885,4905,69,Train Station,35.56247782390475,139.7160503268242,2012-04-05 00:33:11,2012-04-02,train,885_0
885,208,69,Train Station,35.53132692901326,139.69690203666687,2012-04-08 12:27:02,2012-04-02,train,885_0
885,4235,44,Bar,35.530157005118475,139.69869338990927,2012-04-08 20:04:01,2012-04-02,train,885_0
885,208,69,Train Station,35.53132692901326,139.69690203666687,2012-04-08 23:45:02,2012-04-02,train,885_0
887,189,69,Train Station,35.729864636451765,139.7109555727517,2012-04-04 16:20:15,2012-04-02,train,887_0
887,2422,69,Train Station,35.730227334361864,139.71116065979004,2012-04-04 19:11:19,2012-04-02,train,887_0
888,189,69,Train Station,35.729864636451765,139.7109555727517,2012-04-04 08:46:13,2012-04-02,train,888_0
888,189,69,Train Station,35.729864636451765,139.7109555727517,2012-04-04 20:02:35,2012-04-02,train,888_0
888,189,69,Train Station,35.729864636451765,139.7109555727517,2012-04-05 08:41:59,2012-04-02,train,888_0
888,189,69,Train Station,35.729864636451765,139.7109555727517,2012-04-06 21:54:59,2012-04-02,train,888_0
888,615,69,Train Station,35.822215145141776,139.5751941204071,2012-04-06 22:26:04,2012-04-02,train,888_0
888,615,69,Train Station,35.822215145141776,139.5751941204071,2012-04-08 18:49:17,2012-04-02,train,888_0
888,1508,225,Department Store,35.82289027248513,139.57496333767835,2012-04-08 20:00:36,2012-04-02,train,888_0
888,1512,63,Video Store,35.812075,139.576382,2012-04-08 20:13:07,2012-04-02,train,888_0
889,129,69,Train Station,35.70582855009322,139.66579914093018,2012-04-04 09:04:57,2012-04-02,train,889_0
889,1930,69,Train Station,35.666692051408944,139.7581327376774,2012-04-04 09:40:29,2012-04-02,train,889_0
889,4121,53,Food & Drink Shop,35.66232601498133,139.76133406162262,2012-04-04 12:10:33,2012-04-02,train,889_0
889,1849,236,Subway,35.66278800541137,139.75963354110718,2012-04-04 15:34:27,2012-04-02,train,889_0
889,1937,236,Subway,35.69059403321313,139.69256222248077,2012-04-04 15:57:26,2012-04-02,train,889_0
889,43,69,Train Station,35.69080269423021,139.70027922656513,2012-04-04 21:32:52,2012-04-02,train,889_0
889,129,69,Train Station,35.70582855009322,139.66579914093018,2012-04-04 21:42:22,2012-04-02,train,889_0
889,129,69,Train Station,35.70582855009322,139.66579914093018,2012-04-05 09:07:08,2012-04-02,train,889_0
889,129,69,Train Station,35.70582855009322,139.66579914093018,2012-04-06 22:31:19,2012-04-02,train,889_0
889,129,69,Train Station,35.70582855009322,139.66579914093018,2012-04-08 10:23:10,2012-04-02,train,889_0
889,44,69,Train Station,35.68137872227962,139.76608157157898,2012-04-08 10:42:31,2012-04-02,train,889_0
889,129,69,Train Station,35.70582855009322,139.66579914093018,2012-04-08 16:44:47,2012-04-02,train,889_0
891,7305,24,Italian Restaurant,35.65354994153411,139.7051357894896,2012-04-04 11:51:06,2012-04-02,train,891_0
891,6799,189,Ramen /  Noodle House,35.68359659413717,139.7013920545578,2012-04-06 22:05:49,2012-04-02,train,891_0
891,189,69,Train Station,35.729864636451765,139.7109555727517,2012-04-06 22:35:17,2012-04-02,train,891_0
891,189,69,Train Station,35.729864636451765,139.7109555727517,2012-04-08 17:02:03,2012-04-02,train,891_0
891,194,236,Subway,35.725682527331706,139.71950568258762,2012-04-08 20:18:08,2012-04-02,train,891_0
894,6934,76,Government Building,35.61463728551607,139.5661818981171,2012-04-04 23:39:18,2012-04-02,train,894_0
894,6933,76,Government Building,35.61444431039276,139.56638306379318,2012-04-04 23:39:29,2012-04-02,train,894_0
894,6932,76,Government Building,35.61396132541625,139.56733256578443,2012-04-04 23:40:44,2012-04-02,train,894_0
894,6939,76,Government Building,35.61311091588655,139.5693415403366,2012-04-04 23:41:04,2012-04-02,train,894_0
894,6994,229,Road,35.613084518168264,139.5694903780142,2012-04-04 23:41:17,2012-04-02,train,894_0
894,655,69,Train Station,35.71678758588956,139.8582637310028,2012-04-05 19:55:19,2012-04-02,train,894_0
894,2090,69,Train Station,35.69034569127357,139.6997880935669,2012-04-06 23:49:23,2012-04-02,train,894_0
894,3919,138,Stadium,35.74890097371724,139.62129992013735,2012-04-08 09:36:35,2012-04-02,train,894_0
894,6934,76,Government Building,35.61463728551607,139.5661818981171,2012-04-08 15:46:16,2012-04-02,train,894_0
894,6933,76,Government Building,35.61444431039276,139.56638306379318,2012-04-08 15:46:32,2012-04-02,train,894_0
894,6932,76,Government Building,35.61396132541625,139.56733256578443,2012-04-08 15:46:55,2012-04-02,train,894_0
894,6939,76,Government Building,35.61311091588655,139.5693415403366,2012-04-08 15:50:01,2012-04-02,train,894_0
894,6994,229,Road,35.613084518168264,139.5694903780142,2012-04-08 15:50:15,2012-04-02,train,894_0
898,5052,88,Temple,35.63655492079931,139.7346031665802,2012-04-04 09:00:26,2012-04-02,train,898_0
898,3591,229,Road,35.63435754173225,139.7366201877594,2012-04-04 09:01:52,2012-04-02,train,898_0
898,5917,237,Mall,35.636277941830464,139.73320852882375,2012-04-04 09:03:09,2012-04-02,train,898_0
898,5863,229,Road,35.632269103651744,139.73070859909058,2012-04-04 09:09:49,2012-04-02,train,898_0
898,3799,83,Spiritual Center,35.63038771866346,139.72910195589066,2012-04-04 09:13:23,2012-04-02,train,898_0
898,1885,197,Bridge,35.62200706042094,139.72876399755478,2012-04-04 12:46:20,2012-04-02,train,898_0
898,755,181,Sandwich Place,35.62006002318045,139.7292333841324,2012-04-04 12:47:16,2012-04-02,train,898_0
898,5897,197,Bridge,35.623586,139.738081,2012-04-04 13:14:03,2012-04-02,train,898_0
898,1879,197,Bridge,35.623656,139.726675,2012-04-04 18:39:09,2012-04-02,train,898_0
898,4610,229,Road,35.62929572698719,139.73672466110602,2012-04-04 19:02:20,2012-04-02,train,898_0
898,6492,229,Road,35.628950816433736,139.73749800904275,2012-04-04 19:06:29,2012-04-02,train,898_0
898,1953,208,Playground,35.632985165061115,139.7357758650818,2012-04-04 19:10:29,2012-04-02,train,898_0
898,7114,229,Road,35.633939276521666,139.7379720014738,2012-04-04 19:13:02,2012-04-02,train,898_0
898,5917,237,Mall,35.636277941830464,139.73320852882375,2012-04-05 09:06:01,2012-04-02,train,898_0
898,2032,26,Japanese Restaurant,35.626402437140264,139.7380954027176,2012-04-05 20:41:26,2012-04-02,train,898_0
898,4610,229,Road,35.62929572698719,139.73672466110602,2012-04-05 21:04:45,2012-04-02,train,898_0
898,5917,237,Mall,35.636277941830464,139.73320852882375,2012-04-08 02:32:20,2012-04-02,train,898_0
898,5014,229,Road,35.6358355473991,139.7313603758812,2012-04-08 02:34:18,2012-04-02,train,898_0
898,5863,229,Road,35.632269103651744,139.73070859909058,2012-04-08 02:36:00,2012-04-02,train,898_0
898,5014,229,Road,35.6358355473991,139.7313603758812,2012-04-08 13:21:50,2012-04-02,train,898_0
898,5863,229,Road,35.632269103651744,139.73070859909058,2012-04-08 13:22:51,2012-04-02,train,898_0
898,1885,197,Bridge,35.62200706042094,139.72876399755478,2012-04-08 13:28:26,2012-04-02,train,898_0
898,1222,197,Bridge,35.61810203647139,139.73417401313782,2012-04-08 13:32:03,2012-04-02,train,898_0
898,5897,197,Bridge,35.623586,139.738081,2012-04-08 13:40:53,2012-04-02,train,898_0
898,6492,229,Road,35.628950816433736,139.73749800904275,2012-04-08 13:43:17,2012-04-02,train,898_0
898,1953,208,Playground,35.632985165061115,139.7357758650818,2012-04-08 13:47:08,2012-04-02,train,898_0
898,7114,229,Road,35.633939276521666,139.7379720014738,2012-04-08 13:48:25,2012-04-02,train,898_0
898,832,228,Furniture / Home Store,35.64613316069925,139.74032909083803,2012-04-08 13:55:32,2012-04-02,train,898_0
898,5917,237,Mall,35.636277941830464,139.73320852882375,2012-04-08 14:47:20,2012-04-02,train,898_0
898,571,236,Subway,35.64294616012469,139.7341525554657,2012-04-08 14:54:45,2012-04-02,train,898_0
898,320,236,Subway,35.67834593327503,139.7400963306427,2012-04-08 15:11:14,2012-04-02,train,898_0
898,2696,134,Movie Theater,35.6545763808288,139.79242086410522,2012-04-08 15:39:22,2012-04-02,train,898_0
898,345,236,Subway,35.65486406347791,139.79626715183258,2012-04-08 18:45:44,2012-04-02,train,898_0
898,320,236,Subway,35.67834593327503,139.7400963306427,2012-04-08 19:06:24,2012-04-02,train,898_0
898,5052,88,Temple,35.63655492079931,139.7346031665802,2012-04-08 19:34:25,2012-04-02,train,898_0
899,103,69,Train Station,35.536940832577606,139.63486790657043,2012-04-04 07:18:09,2012-04-02,train,899_0
899,103,69,Train Station,35.536940832577606,139.63486790657043,2012-04-04 18:58:46,2012-04-02,train,899_0
899,3324,200,Arcade,35.5363558873993,139.63290989398956,2012-04-04 19:06:47,2012-04-02,train,899_0
899,103,69,Train Station,35.536940832577606,139.63486790657043,2012-04-05 07:47:29,2012-04-02,train,899_0
899,103,69,Train Station,35.536940832577606,139.63486790657043,2012-04-07 22:23:22,2012-04-02,train,899_0
899,289,69,Train Station,35.55319972801149,139.64681446552277,2012-04-08 14:13:35,2012-04-02,train,899_0
900,289,69,Train Station,35.55319972801149,139.64681446552277,2012-04-04 08:24:01,2012-04-02,train,900_0
900,162,69,Train Station,35.63367738834909,139.71551656723022,2012-04-04 08:55:03,2012-04-02,train,900_0
900,162,69,Train Station,35.63367738834909,139.71551656723022,2012-04-04 16:46:39,2012-04-02,train,900_0
900,289,69,Train Station,35.55319972801149,139.64681446552277,2012-04-04 17:16:03,2012-04-02,train,900_0
900,2370,32,Bookstore,35.55334375181653,139.64691638946533,2012-04-04 17:16:37,2012-04-02,train,900_0
900,2320,32,Bookstore,35.55365143816956,139.64509516954422,2012-04-04 17:24:24,2012-04-02,train,900_0
900,162,69,Train Station,35.63367738834909,139.71551656723022,2012-04-05 08:55:31,2012-04-02,train,900_0
900,289,69,Train Station,35.55319972801149,139.64681446552277,2012-04-08 09:51:37,2012-04-02,train,900_0
900,1162,69,Train Station,35.7021955324165,139.7551703453064,2012-04-08 11:59:13,2012-04-02,train,900_0
900,1162,69,Train Station,35.7021955324165,139.7551703453064,2012-04-08 15:51:17,2012-04-02,train,900_0
900,289,69,Train Station,35.55319972801149,139.64681446552277,2012-04-08 17:17:31,2012-04-02,train,900_0
901,4830,69,Train Station,35.68822423465891,139.7013061670985,2012-04-04 19:42:50,2012-04-02,train,901_0
901,2487,69,Train Station,35.57490948663387,139.663245677948,2012-04-04 20:03:36,2012-04-02,train,901_0
904,7033,122,Fast Food Restaurant,35.70275312861798,139.57933276891708,2012-04-04 18:49:17,2012-04-02,train,904_0
904,1433,198,Coffee Shop,35.70419828655895,139.5801655948162,2012-04-04 20:21:48,2012-04-02,train,904_0
904,2594,56,Electronics Store,35.70470468461301,139.58154559135437,2012-04-05 21:09:54,2012-04-02,train,904_0
907,1191,236,Subway,35.69543436818453,139.7674548625946,2012-04-05 17:29:26,2012-04-02,train,907_0
907,633,56,Electronics Store,35.69901541704127,139.7746217250824,2012-04-05 20:02:00,2012-04-02,train,907_0
907,3962,112,Other Great Outdoors,35.58534553196226,139.67483818531036,2012-04-08 16:16:18,2012-04-02,train,907_0
907,3568,78,Government Building,35.58911473909843,139.67735677957535,2012-04-08 16:44:17,2012-04-02,train,907_0
911,2702,113,Park,35.69061146068863,139.74007219076157,2012-04-04 19:17:23,2012-04-02,train,911_0
911,2702,113,Park,35.69061146068863,139.74007219076157,2012-04-05 19:21:41,2012-04-02,train,911_0
911,2533,236,Subway,35.68892097783667,139.69956278800964,2012-04-06 22:58:34,2012-04-02,train,911_0
911,1330,225,Department Store,35.68770537652939,139.70213770866394,2012-04-08 12:23:08,2012-04-02,train,911_0
912,6427,281,Train Station,35.68145715494892,139.76643562316897,2012-04-04 23:34:47,2012-04-02,train,912_0
912,1615,69,Train Station,35.645731813210055,139.7475689649582,2012-04-06 22:58:44,2012-04-02,train,912_0
912,1200,69,Train Station,35.71202259411466,139.79840755462646,2012-04-08 10:33:55,2012-04-02,train,912_0
914,1598,76,Government Building,35.730688931588325,139.71237301826477,2012-04-08 11:35:16,2012-04-02,train,914_0
914,4748,180,Restaurant,35.72752472,139.713256,2012-04-08 12:09:39,2012-04-02,train,914_0
914,2207,200,Arcade,35.72991814981789,139.7159966826439,2012-04-08 15:32:25,2012-04-02,train,914_0
914,189,69,Train Station,35.729864636451765,139.7109555727517,2012-04-08 22:12:02,2012-04-02,train,914_0
915,1252,69,Train Station,35.628121197991504,139.73798198030258,2012-04-07 00:23:44,2012-04-02,train,915_0
915,281,69,Train Station,35.74964694346383,139.80514526367188,2012-04-07 21:53:05,2012-04-02,train,915_0
915,140,69,Train Station,35.71341172584363,139.77605844022628,2012-04-08 00:33:15,2012-04-02,train,915_0
915,7007,69,Train Station,35.6342834227343,139.7156721353531,2012-04-08 13:21:38,2012-04-02,train,915_0
915,7462,112,Other Great Outdoors,35.64388072184869,139.69950114457984,2012-04-08 16:22:23,2012-04-02,train,915_0
915,234,69,Train Station,35.6443150221341,139.69909071922302,2012-04-08 17:11:59,2012-04-02,train,915_0
915,2039,95,Chinese Restaurant,35.65943633494666,139.6976825594902,2012-04-08 20:14:45,2012-04-02,train,915_0
916,7298,89,School,35.692021015567626,139.89602692865677,2012-04-04 16:44:32,2012-04-02,train,916_0
916,895,236,Subway,35.69807878353967,139.76599842309952,2012-04-05 20:58:32,2012-04-02,train,916_0
916,5762,200,Arcade,35.7007383583069,139.7718831896782,2012-04-05 21:10:28,2012-04-02,train,916_0
916,142,69,Train Station,35.698596195264464,139.77301824864617,2012-04-06 22:06:45,2012-04-02,train,916_0
916,281,69,Train Station,35.74964694346383,139.80514526367188,2012-04-08 15:28:01,2012-04-02,train,916_0
916,895,236,Subway,35.69807878353967,139.76599842309952,2012-04-08 17:04:30,2012-04-02,train,916_0
916,957,197,Bridge,35.69834234896295,139.76886570453644,2012-04-08 17:09:27,2012-04-02,train,916_0
916,2954,200,Arcade,35.69876710132423,139.7701209783554,2012-04-08 17:14:10,2012-04-02,train,916_0
916,2431,200,Arcade,35.7012393329779,139.77203339338303,2012-04-08 17:55:50,2012-04-02,train,916_0
916,5762,200,Arcade,35.7007383583069,139.7718831896782,2012-04-08 18:38:42,2012-04-02,train,916_0
916,4889,24,Italian Restaurant,35.701500709817566,139.77119654417038,2012-04-08 21:43:07,2012-04-02,train,916_0
919,189,69,Train Station,35.729864636451765,139.7109555727517,2012-04-04 08:40:49,2012-04-02,train,919_0
919,158,69,Train Station,35.77806243973507,139.72083806991577,2012-04-05 00:43:10,2012-04-02,train,919_0
919,633,56,Electronics Store,35.69901541704127,139.7746217250824,2012-04-05 20:45:25,2012-04-02,train,919_0
919,1457,20,Record Shop,35.69884333868803,139.77475315332413,2012-04-05 20:46:33,2012-04-02,train,919_0
919,623,236,Subway,35.706686684772805,139.75992858409882,2012-04-06 22:56:22,2012-04-02,train,919_0
919,189,69,Train Station,35.729864636451765,139.7109555727517,2012-04-06 23:13:26,2012-04-02,train,919_0
919,189,69,Train Station,35.729864636451765,139.7109555727517,2012-04-07 23:12:42,2012-04-02,train,919_0
919,189,69,Train Station,35.729864636451765,139.7109555727517,2012-04-08 08:46:52,2012-04-02,train,919_0
919,142,69,Train Station,35.698596195264464,139.77301824864617,2012-04-08 09:15:15,2012-04-02,train,919_0
919,633,56,Electronics Store,35.69901541704127,139.7746217250824,2012-04-08 20:38:52,2012-04-02,train,919_0
921,5477,237,Mall,35.733353950055545,139.88201469182968,2012-04-04 08:56:25,2012-04-02,train,921_0
921,760,69,Train Station,35.73294462295052,139.8816740512848,2012-04-04 08:58:11,2012-04-02,train,921_0
921,4215,59,Office,35.68877719800285,139.73506450653076,2012-04-04 13:14:23,2012-04-02,train,921_0
921,3901,236,Subway,35.684437539251654,139.72997903823853,2012-04-04 15:28:41,2012-04-02,train,921_0
921,5477,237,Mall,35.733353950055545,139.88201469182968,2012-04-05 09:09:27,2012-04-02,train,921_0
921,4892,238,Bus Station,35.732751445581755,139.88167098778118,2012-04-05 09:09:43,2012-04-02,train,921_0
921,760,69,Train Station,35.73294462295052,139.8816740512848,2012-04-05 09:10:20,2012-04-02,train,921_0
921,760,69,Train Station,35.73294462295052,139.8816740512848,2012-04-08 08:23:10,2012-04-02,train,921_0
923,197,69,Train Station,35.55137976854632,139.67172145843506,2012-04-04 08:38:07,2012-04-02,train,923_0
923,1085,69,Train Station,35.762915736201656,139.72768306732178,2012-04-04 09:30:10,2012-04-02,train,923_0
923,5885,79,Library,35.76513640935547,139.72871736102428,2012-04-04 12:57:50,2012-04-02,train,923_0
923,1085,69,Train Station,35.762915736201656,139.72768306732178,2012-04-04 20:09:15,2012-04-02,train,923_0
923,158,69,Train Station,35.77806243973507,139.72083806991577,2012-04-04 20:15:35,2012-04-02,train,923_0
923,197,69,Train Station,35.55137976854632,139.67172145843506,2012-04-04 21:07:39,2012-04-02,train,923_0
923,6049,197,Bridge,35.551510702261176,139.6705198287964,2012-04-04 21:08:05,2012-04-02,train,923_0
923,197,69,Train Station,35.55137976854632,139.67172145843506,2012-04-05 08:13:18,2012-04-02,train,923_0
923,1085,69,Train Station,35.762915736201656,139.72768306732178,2012-04-05 09:06:58,2012-04-02,train,923_0
923,1085,69,Train Station,35.762915736201656,139.72768306732178,2012-04-06 22:12:04,2012-04-02,train,923_0
923,7093,69,Train Station,35.6282272323851,139.73871231079102,2012-04-06 22:49:26,2012-04-02,train,923_0
923,5118,281,Train Station,35.629038239124746,139.73976373672485,2012-04-06 22:52:02,2012-04-02,train,923_0
923,197,69,Train Station,35.55137976854632,139.67172145843506,2012-04-06 23:13:19,2012-04-02,train,923_0
923,6049,197,Bridge,35.551510702261176,139.6705198287964,2012-04-06 23:14:54,2012-04-02,train,923_0
923,2728,228,Furniture / Home Store,35.535961,139.67533813333333,2012-04-08 14:12:07,2012-04-02,train,923_0
924,479,236,Subway,35.665876065677715,139.893045411523,2012-04-04 08:11:55,2012-04-02,train,924_0
924,6928,124,Event Space,35.68168809513858,139.764646589756,2012-04-04 08:47:53,2012-04-02,train,924_0
924,6928,124,Event Space,35.68168809513858,139.764646589756,2012-04-04 18:34:45,2012-04-02,train,924_0
924,3845,236,Subway,35.68468154239262,139.7660493850708,2012-04-04 18:39:10,2012-04-02,train,924_0
924,479,236,Subway,35.665876065677715,139.893045411523,2012-04-04 18:58:12,2012-04-02,train,924_0
924,3451,236,Subway,35.67221899927465,139.79570388793945,2012-04-05 18:06:18,2012-04-02,train,924_0
924,351,236,Subway,35.65851667125014,139.77643489837646,2012-04-05 18:13:18,2012-04-02,train,924_0
924,1358,39,Food & Drink Shop,35.67211876813688,139.8866468667984,2012-04-08 13:02:02,2012-04-02,train,924_0
926,1289,81,Building,35.66713335106043,139.74038692700458,2012-04-08 16:20:36,2012-04-02,train,926_0
926,189,69,Train Station,35.729864636451765,139.7109555727517,2012-04-08 20:31:26,2012-04-02,train,926_0
927,3003,189,Ramen /  Noodle House,35.69617280930353,139.77088809013367,2012-04-04 11:37:01,2012-04-02,train,927_0
927,922,39,Food & Drink Shop,35.70572836117816,139.5812451839447,2012-04-05 18:30:24,2012-04-02,train,927_0
927,2693,63,Video Store,35.70404908909947,139.57750886678696,2012-04-05 18:48:37,2012-04-02,train,927_0
927,7126,77,Ferry,35.69918870752729,139.57746116696848,2012-04-05 19:03:14,2012-04-02,train,927_0
927,2535,122,Fast Food Restaurant,35.70754555072831,139.66552044907382,2012-04-08 14:34:22,2012-04-02,train,927_0
930,140,69,Train Station,35.71362076736724,139.77651776270966,2012-04-04 13:07:00,2012-04-02,train,930_0
930,142,69,Train Station,35.698596195264464,139.77301824864617,2012-04-04 13:14:47,2012-04-02,train,930_0
930,134,69,Train Station,35.70230879446056,139.7450315952301,2012-04-04 13:26:56,2012-04-02,train,930_0
930,142,69,Train Station,35.698596195264464,139.77301824864617,2012-04-04 15:40:20,2012-04-02,train,930_0
930,633,56,Electronics Store,35.69901541704127,139.7746217250824,2012-04-04 15:43:59,2012-04-02,train,930_0
930,1936,26,Japanese Restaurant,35.69897185293632,139.7751326858997,2012-04-04 19:37:09,2012-04-02,train,930_0
930,3975,26,Japanese Restaurant,35.69877581416949,139.77099537849426,2012-04-04 19:43:24,2012-04-02,train,930_0
930,6441,121,Café,35.70093221409643,139.77065205574036,2012-04-04 20:19:03,2012-04-02,train,930_0
930,142,69,Train Station,35.698596195264464,139.77301824864617,2012-04-04 22:05:44,2012-04-02,train,930_0
930,1848,69,Train Station,35.7277712437567,139.77096319198608,2012-04-04 22:19:00,2012-04-02,train,930_0
930,1848,69,Train Station,35.7277712437567,139.77096319198608,2012-04-05 09:12:41,2012-04-02,train,930_0
930,1848,69,Train Station,35.7277712437567,139.77096319198608,2012-04-05 20:05:55,2012-04-02,train,930_0
931,1981,39,Food & Drink Shop,35.60727758365833,139.68481369998435,2012-04-04 19:02:23,2012-04-02,train,931_0
931,5525,185,Food Truck,35.609247,139.684922,2012-04-04 19:18:39,2012-04-02,train,931_0
931,6168,69,Train Station,35.71711630812804,139.85811870626273,2012-04-08 09:06:44,2012-04-02,train,931_0
931,655,69,Train Station,35.71678758588956,139.8582637310028,2012-04-08 10:38:46,2012-04-02,train,931_0
931,7093,69,Train Station,35.6282272323851,139.73871231079102,2012-04-08 11:01:35,2012-04-02,train,931_0
931,5817,69,Train Station,35.607041101221995,139.73500836365807,2012-04-08 11:10:19,2012-04-02,train,931_0
931,1269,39,Food & Drink Shop,35.622340646591006,139.68418836593628,2012-04-08 16:54:43,2012-04-02,train,931_0
933,555,197,Bridge,35.67626736044854,139.78765189647677,2012-04-04 21:11:11,2012-04-02,train,933_0
933,4430,197,Bridge,35.657336842271995,139.7796886944427,2012-04-05 20:01:24,2012-04-02,train,933_0
933,5455,213,Spa / Massage,35.70218681994492,139.77041602134705,2012-04-08 19:23:24,2012-04-02,train,933_0
934,1189,69,Train Station,35.688672630688174,139.77317333221436,2012-04-04 21:50:10,2012-04-02,train,934_0
934,4152,69,Train Station,35.696906887060386,139.81450080871582,2012-04-04 21:58:24,2012-04-02,train,934_0
934,7462,112,Other Great Outdoors,35.64388072184869,139.69950114457984,2012-04-08 16:08:33,2012-04-02,train,934_0
937,394,69,Train Station,35.56068371332292,139.72373016178608,2012-04-04 05:58:06,2012-04-02,train,937_0
937,3778,69,Train Station,35.63002364484439,139.7403860092163,2012-04-04 19:36:02,2012-04-02,train,937_0
937,6130,175,College Academic Building,35.67525202112636,139.69282507896423,2012-04-08 17:55:43,2012-04-02,train,937_0
939,6365,121,Café,35.589393896677244,139.72850783872397,2012-04-04 07:32:52,2012-04-02,train,939_0
939,1601,236,Subway,35.681387437024455,139.77555513381958,2012-04-04 14:12:35,2012-04-02,train,939_0
939,5218,236,Subway,35.639196927544624,139.74023580551147,2012-04-04 16:39:34,2012-04-02,train,939_0
939,3009,236,Subway,35.672868,139.763171,2012-04-05 19:33:02,2012-04-02,train,939_0
939,1842,236,Subway,35.59634728082161,139.71177220344543,2012-04-08 10:32:56,2012-04-02,train,939_0
940,3498,236,Subway,35.700585887130075,139.76403504610062,2012-04-04 21:49:03,2012-04-02,train,940_0
940,87,69,Train Station,35.65852172695124,139.7013260344949,2012-04-06 22:24:40,2012-04-02,train,940_0
940,572,236,Subway,35.697769474245945,139.64807510375977,2012-04-06 23:00:52,2012-04-02,train,940_0
940,4398,7,Medical Center,35.69896314011248,139.64746356010437,2012-04-08 15:30:40,2012-04-02,train,940_0
940,572,236,Subway,35.697769474245945,139.64807510375977,2012-04-08 16:33:49,2012-04-02,train,940_0
940,43,69,Train Station,35.69080269423021,139.70027922656513,2012-04-08 16:45:56,2012-04-02,train,940_0
940,124,56,Electronics Store,35.689809792874755,139.69790518283844,2012-04-08 16:52:24,2012-04-02,train,940_0
940,2800,56,Electronics Store,35.68958541158154,139.6977925300598,2012-04-08 16:53:26,2012-04-02,train,940_0
940,642,264,Camera Store,35.68947920362562,139.69737208660297,2012-04-08 17:13:29,2012-04-02,train,940_0
940,2339,65,Arts & Crafts Store,35.687707136133554,139.70214091667174,2012-04-08 17:48:02,2012-04-02,train,940_0
940,64,6,Clothing Store,35.68979,139.70171,2012-04-08 19:14:52,2012-04-02,train,940_0
940,572,236,Subway,35.697769474245945,139.64807510375977,2012-04-08 22:08:45,2012-04-02,train,940_0
942,44,69,Train Station,35.68137872227962,139.76608157157898,2012-04-04 10:57:41,2012-04-02,train,942_0
942,142,69,Train Station,35.698596195264464,139.77301824864617,2012-04-04 13:00:47,2012-04-02,train,942_0
942,420,69,Train Station,35.68600611785052,139.73066568374634,2012-04-04 14:16:42,2012-04-02,train,942_0
942,43,69,Train Station,35.69080269423021,139.70027922656513,2012-04-04 21:48:04,2012-04-02,train,942_0
942,352,236,Subway,35.69550407383317,139.75170493125916,2012-04-05 21:02:19,2012-04-02,train,942_0
944,184,69,Train Station,35.73343623069648,139.7393690538395,2012-04-05 08:45:19,2012-04-02,train,944_0
944,184,69,Train Station,35.73345382441255,139.7394838131754,2012-04-08 08:38:35,2012-04-02,train,944_0
944,184,69,Train Station,35.73345382441255,139.7394838131754,2012-04-08 19:59:00,2012-04-02,train,944_0
947,5001,229,Road,35.69888861093347,139.76860992346823,2012-04-04 12:17:23,2012-04-02,train,947_0
947,957,197,Bridge,35.69834234896295,139.76886570453644,2012-04-04 12:17:49,2012-04-02,train,947_0
947,5185,196,BBQ Joint,35.697244215621815,139.75748381896705,2012-04-04 12:31:51,2012-04-02,train,947_0
947,3643,229,Road,35.695491004028696,139.76133942604065,2012-04-04 13:41:53,2012-04-02,train,947_0
947,2948,229,Road,35.69461096559956,139.7652930021286,2012-04-04 13:42:16,2012-04-02,train,947_0
947,4359,229,Road,35.695378008884106,139.76739688216338,2012-04-04 13:46:17,2012-04-02,train,947_0
947,7035,197,Bridge,35.69666019847902,139.77078683674335,2012-04-04 13:48:28,2012-04-02,train,947_0
947,1486,197,Bridge,35.69710946519229,139.77097392082214,2012-04-04 13:48:41,2012-04-02,train,947_0
947,3695,229,Road,35.69762135387762,139.77111876010895,2012-04-04 13:48:52,2012-04-02,train,947_0
947,2160,280,Recycling Facility,35.70054885837171,139.7711992263794,2012-04-04 14:24:56,2012-04-02,train,947_0
947,3775,56,Electronics Store,35.70098666788508,139.77104634046557,2012-04-04 14:46:47,2012-04-02,train,947_0
947,5655,229,Road,35.70554776914454,139.77596857319915,2012-04-05 00:18:34,2012-04-02,train,947_0
947,4071,197,Bridge,35.74086951844211,139.81205463409424,2012-04-05 00:36:19,2012-04-02,train,947_0
947,1680,225,Department Store,35.707337902641136,139.7765502333641,2012-04-05 18:41:07,2012-04-02,train,947_0
947,5905,229,Road,35.7114989762912,139.7766900874242,2012-04-07 00:02:21,2012-04-02,train,947_0
947,7021,229,Road,35.71369440372563,139.77919184788516,2012-04-07 00:03:56,2012-04-02,train,947_0
947,6677,229,Road,35.71616911127426,139.78091955184937,2012-04-07 00:05:16,2012-04-02,train,947_0
947,7106,229,Road,35.73002048568011,139.7917865216732,2012-04-07 00:13:29,2012-04-02,train,947_0
947,6650,229,Road,35.73438004036546,139.794239336454,2012-04-07 00:19:43,2012-04-02,train,947_0
947,7107,229,Road,35.736698160779774,139.79658365249634,2012-04-07 00:20:05,2012-04-02,train,947_0
947,4071,197,Bridge,35.74086951844211,139.81205463409424,2012-04-07 00:25:09,2012-04-02,train,947_0
947,4624,197,Bridge,35.74571115431782,139.8190712928772,2012-04-07 00:33:40,2012-04-02,train,947_0
947,5298,69,Train Station,35.71210099665022,139.77635711431503,2012-04-07 22:12:33,2012-04-02,train,947_0
947,1091,69,Train Station,35.747644243217515,139.82751488685608,2012-04-08 09:16:09,2012-04-02,train,947_0
947,1715,69,Train Station,35.728102210735656,139.7712743282318,2012-04-08 09:33:44,2012-04-02,train,947_0
947,1848,69,Train Station,35.7277712437567,139.77096319198608,2012-04-08 09:33:58,2012-04-02,train,947_0
947,143,69,Train Station,35.691670172683054,139.7708773612976,2012-04-08 22:55:11,2012-04-02,train,947_0
947,2239,69,Train Station,35.71115144964136,139.7735595703125,2012-04-08 23:16:27,2012-04-02,train,947_0
947,6205,258,Historic Site,35.72251478120624,139.7739028930664,2012-04-08 23:17:05,2012-04-02,train,947_0
947,7370,71,Train Station,35.744457233713675,139.79297876358032,2012-04-08 23:22:45,2012-04-02,train,947_0
947,6961,197,Bridge,35.7460420467389,139.8192858695984,2012-04-08 23:26:15,2012-04-02,train,947_0
947,1091,69,Train Station,35.747644243217515,139.82751488685608,2012-04-08 23:31:44,2012-04-02,train,947_0
949,250,236,Subway,35.67232358815374,139.73654508590698,2012-04-04 10:55:01,2012-04-02,train,949_0
949,1763,225,Department Store,35.75092690374719,139.8046624660492,2012-04-04 11:15:03,2012-04-02,train,949_0
949,3115,236,Subway,35.74977976281568,139.80546722986332,2012-04-04 11:43:31,2012-04-02,train,949_0
949,916,71,Train Station,35.766125794924406,139.80922365279923,2012-04-05 08:46:36,2012-04-02,train,949_0
949,3115,236,Subway,35.74977976281568,139.80546722986332,2012-04-05 08:50:12,2012-04-02,train,949_0
949,3017,236,Subway,35.749564224233985,139.8045927286148,2012-04-05 08:50:21,2012-04-02,train,949_0
949,250,236,Subway,35.67232358815374,139.73654508590698,2012-04-05 18:53:58,2012-04-02,train,949_0
949,3017,236,Subway,35.749564224233985,139.8045927286148,2012-04-05 19:22:58,2012-04-02,train,949_0
949,1763,225,Department Store,35.75092690374719,139.8046624660492,2012-04-05 19:28:01,2012-04-02,train,949_0
949,916,71,Train Station,35.766125794924406,139.80922365279923,2012-04-05 19:59:04,2012-04-02,train,949_0
949,250,236,Subway,35.67232358815374,139.73654508590698,2012-04-07 22:27:31,2012-04-02,train,949_0
949,3017,236,Subway,35.749564224233985,139.8045927286148,2012-04-07 22:57:35,2012-04-02,train,949_0
949,3115,236,Subway,35.74977976281568,139.80546722986332,2012-04-07 22:57:44,2012-04-02,train,949_0
950,87,69,Train Station,35.65852172695124,139.7013260344949,2012-04-08 08:43:02,2012-04-02,train,950_0
950,2434,69,Train Station,35.67067629738875,139.70252394676208,2012-04-08 08:50:07,2012-04-02,train,950_0
950,1248,113,Park,35.67070244512674,139.69663381576538,2012-04-08 09:15:50,2012-04-02,train,950_0
950,3803,190,Sushi Restaurant,35.679953848698204,139.72021579742432,2012-04-08 18:59:00,2012-04-02,train,950_0
950,521,69,Train Station,35.68008021466177,139.72023725509644,2012-04-08 21:42:01,2012-04-02,train,950_0
950,195,69,Train Station,35.68417610648677,139.70206260681152,2012-04-08 21:51:00,2012-04-02,train,950_0
950,87,69,Train Station,35.65852172695124,139.7013260344949,2012-04-08 21:59:02,2012-04-02,train,950_0
951,1947,189,Ramen /  Noodle House,35.659078931355985,139.6988707780838,2012-04-04 19:27:22,2012-04-02,train,951_0
951,2140,120,Burger Joint,35.51721622411518,139.6324110031128,2012-04-05 19:04:49,2012-04-02,train,951_0
951,6468,189,Ramen /  Noodle House,35.6830127202949,139.73939895629883,2012-04-08 11:13:08,2012-04-02,train,951_0
951,5190,256,Convenience Store,35.68719050727342,139.73630556063245,2012-04-08 11:38:38,2012-04-02,train,951_0
952,2000,256,Convenience Store,35.640727,139.694432,2012-04-05 09:06:03,2012-04-02,train,952_0
952,4079,281,Train Station,35.68113470903764,139.76781964302063,2012-04-08 13:48:26,2012-04-02,train,952_0
955,1292,122,Fast Food Restaurant,35.634140634470995,139.71671417355537,2012-04-08 06:30:05,2012-04-02,train,955_0
955,2166,172,University,35.637354091305525,139.7314112851626,2012-04-08 13:33:57,2012-04-02,train,955_0
955,2166,172,University,35.637354091305525,139.7314112851626,2012-04-08 13:34:27,2012-04-02,train,955_0
955,162,69,Train Station,35.63367738834909,139.71551656723022,2012-04-08 20:17:46,2012-04-02,train,955_0
955,109,69,Train Station,35.63014572966312,139.74042892456055,2012-04-08 20:29:07,2012-04-02,train,955_0
956,4969,69,Train Station,35.681295932156175,139.76703107357025,2012-04-05 18:31:46,2012-04-02,train,956_0
956,4969,69,Train Station,35.681295932156175,139.76703107357025,2012-04-06 23:07:28,2012-04-02,train,956_0
957,4037,189,Ramen /  Noodle House,35.60660649741801,139.68532715058598,2012-04-04 11:43:28,2012-04-02,train,957_0
957,207,69,Train Station,35.60743038445974,139.68562066555023,2012-04-04 12:06:22,2012-04-02,train,957_0
957,257,69,Train Station,35.60350065991548,139.61753010749817,2012-04-04 12:47:23,2012-04-02,train,957_0
957,212,69,Train Station,35.64004270002671,139.59873855113983,2012-04-05 08:58:08,2012-04-02,train,957_0
958,4286,69,Train Station,35.575729760171434,139.65965151786804,2012-04-04 10:02:46,2012-04-02,train,958_0
958,2486,144,Gaming Cafe,35.527088997148944,139.6944104800042,2012-04-04 21:18:34,2012-04-02,train,958_0
959,1637,26,Japanese Restaurant,35.65874331921091,139.69904243946075,2012-04-06 22:09:15,2012-04-02,train,959_0
959,4873,121,Café,35.655809921853155,139.70389254391193,2012-04-06 23:00:57,2012-04-02,train,959_0
961,2362,69,Train Station,35.71369516481194,139.77750778198242,2012-04-08 09:46:09,2012-04-02,train,961_0
961,38,113,Park,35.71406103497294,139.77407455444336,2012-04-08 12:49:07,2012-04-02,train,961_0
961,176,236,Subway,35.709470113886056,139.73347127437592,2012-04-08 16:28:58,2012-04-02,train,961_0
961,6983,197,Bridge,35.709156492929225,139.73605424165726,2012-04-08 16:29:19,2012-04-02,train,961_0
962,2576,236,Subway,35.69807224884871,139.77548003196716,2012-04-04 10:00:50,2012-04-02,train,962_0
962,2438,236,Subway,35.68598868936885,139.78244304656982,2012-04-04 10:06:24,2012-04-02,train,962_0
962,2438,236,Subway,35.68598868936885,139.78244304656982,2012-04-04 19:36:57,2012-04-02,train,962_0
962,2576,236,Subway,35.69807224884871,139.77548003196716,2012-04-04 19:41:10,2012-04-02,train,962_0
962,142,69,Train Station,35.698596195264464,139.77301824864617,2012-04-04 19:43:36,2012-04-02,train,962_0
962,2619,189,Ramen /  Noodle House,35.68626100895982,139.78190660476685,2012-04-05 18:55:57,2012-04-02,train,962_0
962,2438,236,Subway,35.68598868936885,139.78244304656982,2012-04-05 18:57:44,2012-04-02,train,962_0
962,2576,236,Subway,35.69807224884871,139.77548003196716,2012-04-05 19:03:55,2012-04-02,train,962_0
962,6101,118,Bakery,35.69806,139.775137,2012-04-05 19:05:24,2012-04-02,train,962_0
963,921,236,Subway,35.692393399958355,139.72286581993103,2012-04-04 19:17:54,2012-04-02,train,963_0
963,338,69,Train Station,35.695965872216426,139.75806713104248,2012-04-04 19:32:24,2012-04-02,train,963_0
963,184,69,Train Station,35.73345382441255,139.7394838131754,2012-04-04 19:43:34,2012-04-02,train,963_0
963,1388,39,Food & Drink Shop,35.73418130692895,139.7400265932083,2012-04-04 20:04:05,2012-04-02,train,963_0
963,921,236,Subway,35.692393399958355,139.72286581993103,2012-04-05 19:05:51,2012-04-02,train,963_0
963,338,69,Train Station,35.695965872216426,139.75806713104248,2012-04-05 19:18:38,2012-04-02,train,963_0
963,184,69,Train Station,35.73345382441255,139.7394838131754,2012-04-05 19:33:32,2012-04-02,train,963_0
963,189,69,Train Station,35.729864636451765,139.7109555727517,2012-04-08 17:23:37,2012-04-02,train,963_0
963,633,56,Electronics Store,35.69901541704127,139.7746217250824,2012-04-08 18:07:21,2012-04-02,train,963_0
963,1237,190,Sushi Restaurant,35.69901541704127,139.77463245391846,2012-04-08 19:49:53,2012-04-02,train,963_0
964,3434,122,Fast Food Restaurant,35.778985076724794,139.72400307655334,2012-04-05 18:48:00,2012-04-02,train,964_0
964,1020,236,Subway,35.7779362291257,139.732583463192,2012-04-06 22:26:25,2012-04-02,train,964_0
964,6688,122,Fast Food Restaurant,35.77941592712333,139.72217112779617,2012-04-08 11:45:18,2012-04-02,train,964_0
964,1020,236,Subway,35.7779362291257,139.732583463192,2012-04-08 21:05:50,2012-04-02,train,964_0
965,1827,211,Airport,35.54923011124212,139.78421693534497,2012-04-08 19:07:19,2012-04-02,train,965_0
965,5901,263,Airport,35.546357,139.784993,2012-04-08 19:16:14,2012-04-02,train,965_0
965,3674,238,Bus Station,35.548198013545345,139.78504478931427,2012-04-08 19:32:26,2012-04-02,train,965_0
965,5,231,Hotel,35.6926940165951,139.69108700752258,2012-04-08 20:14:34,2012-04-02,train,965_0
965,1937,236,Subway,35.69059403321313,139.69256222248077,2012-04-08 22:26:26,2012-04-02,train,965_0
967,192,69,Train Station,35.60375363356726,139.50759172439575,2012-04-04 07:15:43,2012-04-02,train,967_0
967,43,69,Train Station,35.69080269423021,139.70027922656513,2012-04-04 07:54:36,2012-04-02,train,967_0
967,3975,26,Japanese Restaurant,35.69877581416949,139.77099537849426,2012-04-04 21:59:35,2012-04-02,train,967_0
967,142,69,Train Station,35.698596195264464,139.77301824864617,2012-04-04 22:26:42,2012-04-02,train,967_0
967,43,69,Train Station,35.69080269423021,139.70027922656513,2012-04-04 22:46:33,2012-04-02,train,967_0
967,192,69,Train Station,35.60375363356726,139.50759172439575,2012-04-04 23:17:44,2012-04-02,train,967_0
967,43,69,Train Station,35.69080269423021,139.70027922656513,2012-04-05 08:07:31,2012-04-02,train,967_0
967,156,59,Office,35.69917443,139.772559,2012-04-05 08:26:36,2012-04-02,train,967_0
969,3998,69,Train Station,35.81474644203188,139.5868364378428,2012-04-04 07:56:41,2012-04-02,train,969_0
969,1676,69,Train Station,35.815446772620184,139.58718359470367,2012-04-04 07:59:36,2012-04-02,train,969_0
969,3998,69,Train Station,35.81481660855734,139.58692601770932,2012-04-05 07:57:06,2012-04-02,train,969_0
969,1676,69,Train Station,35.815446772620184,139.58718359470367,2012-04-05 07:58:43,2012-04-02,train,969_0
970,2097,236,Subway,35.66287517311728,139.73145961761475,2012-04-04 09:40:08,2012-04-02,train,970_0
970,3467,59,Office,35.66560390145875,139.73130153030488,2012-04-04 09:57:18,2012-04-02,train,970_0
970,567,256,Convenience Store,35.66532236405982,139.73140130743988,2012-04-04 10:54:48,2012-04-02,train,970_0
970,153,198,Coffee Shop,35.66566448946006,139.7307300567627,2012-04-04 16:14:54,2012-04-02,train,970_0
970,106,236,Subway,35.66318884920453,139.73212469669195,2012-04-04 22:18:05,2012-04-02,train,970_0
970,106,236,Subway,35.66318884920453,139.73212469669195,2012-04-05 20:02:01,2012-04-02,train,970_0
971,73,69,Train Station,35.70537552095303,139.64986145496368,2012-04-08 12:55:03,2012-04-02,train,971_0
971,3699,69,Train Station,35.70087122580895,139.6972131729126,2012-04-08 13:02:35,2012-04-02,train,971_0
971,5658,210,Music Venue,35.69951204615552,139.69713270664215,2012-04-08 13:08:01,2012-04-02,train,971_0
971,3699,69,Train Station,35.70087122580895,139.6972131729126,2012-04-08 19:27:32,2012-04-02,train,971_0
973,261,69,Train Station,35.70320181647976,139.57990407943726,2012-04-04 18:31:20,2012-04-02,train,973_0
973,261,69,Train Station,35.70320181647976,139.57990407943726,2012-04-05 20:04:56,2012-04-02,train,973_0
973,1248,113,Park,35.67070244512674,139.69663381576538,2012-04-08 06:56:38,2012-04-02,train,973_0
973,3004,134,Movie Theater,35.691918510498844,139.70568627119064,2012-04-08 16:31:45,2012-04-02,train,973_0
974,1714,236,Subway,35.74880450939185,139.7195988893509,2012-04-04 05:59:52,2012-04-02,train,974_0
974,496,236,Subway,35.67983619744879,139.7800612449646,2012-04-04 18:39:17,2012-04-02,train,974_0
974,1490,198,Coffee Shop,35.67966429961661,139.7809214475515,2012-04-05 06:41:45,2012-04-02,train,974_0
974,496,236,Subway,35.67983619744879,139.7800612449646,2012-04-05 19:05:39,2012-04-02,train,974_0
976,87,69,Train Station,35.65852172695124,139.7013260344949,2012-04-08 11:07:49,2012-04-02,train,976_0
976,87,69,Train Station,35.65852172695124,139.7013260344949,2012-04-08 18:30:35,2012-04-02,train,976_0
977,6477,127,Gym / Fitness Center,35.68271219534015,139.7650507408847,2012-04-04 20:15:15,2012-04-02,train,977_0
977,106,236,Subway,35.66318884920453,139.73212469669195,2012-04-08 12:18:57,2012-04-02,train,977_0
977,1837,135,Movie Theater,35.65956273339461,139.729346036911,2012-04-08 12:29:01,2012-04-02,train,977_0
977,283,56,Electronics Store,35.69256767061045,139.69870448112488,2012-04-08 17:05:43,2012-04-02,train,977_0
977,4109,213,Spa / Massage,35.56200870795893,139.6627441048622,2012-04-08 17:47:17,2012-04-02,train,977_0
977,7429,198,Coffee Shop,35.564496,139.653855,2012-04-08 18:38:50,2012-04-02,train,977_0
979,669,124,Event Space,35.66029496874254,139.7292709350586,2012-04-04 09:28:26,2012-04-02,train,979_0
979,106,236,Subway,35.66318884920453,139.73212469669195,2012-04-05 17:10:30,2012-04-02,train,979_0
979,3709,236,Subway,35.654912010485326,139.79620680212977,2012-04-05 19:23:56,2012-04-02,train,979_0
980,2354,189,Ramen /  Noodle House,35.72675983887166,139.702746,2012-04-04 13:26:47,2012-04-02,train,980_0
980,7158,26,Japanese Restaurant,35.7309254210221,139.7160725207801,2012-04-05 19:17:00,2012-04-02,train,980_0
981,4332,35,Bar,35.561828,139.713611,2012-04-06 22:39:40,2012-04-02,train,981_0
981,641,140,Stadium,35.58580305947766,139.65271532535553,2012-04-08 16:01:12,2012-04-02,train,981_0
981,4332,35,Bar,35.561828,139.713611,2012-04-08 23:38:07,2012-04-02,train,981_0
982,1137,236,Subway,35.663315368578374,139.7321167588234,2012-04-04 08:29:05,2012-04-02,train,982_0
982,1602,54,Paper / Office Supplies Store,35.65822900175815,139.70120429992676,2012-04-04 18:59:54,2012-04-02,train,982_0
982,2569,69,Train Station,35.65948427920908,139.70020651817322,2012-04-04 19:07:00,2012-04-02,train,982_0
982,271,236,Subway,35.66511535050908,139.71245884895325,2012-04-05 18:54:06,2012-04-02,train,982_0
982,934,88,Temple,35.71109046917164,139.7963583469391,2012-04-08 13:08:56,2012-04-02,train,982_0
983,143,69,Train Station,35.691670172683054,139.7708773612976,2012-04-04 08:12:04,2012-04-02,train,983_0
983,1232,122,Fast Food Restaurant,35.691911975303064,139.77050185203552,2012-04-04 08:21:15,2012-04-02,train,983_0
985,234,69,Train Station,35.6443150221341,139.69909071922302,2012-04-08 13:28:37,2012-04-02,train,985_0
985,554,113,Park,35.64355648366286,139.68133449554443,2012-04-08 14:20:27,2012-04-02,train,985_0
986,3221,121,Café,35.64876755182998,139.74458334350447,2012-04-04 08:05:04,2012-04-02,train,986_0
986,142,69,Train Station,35.698596195264464,139.77301824864617,2012-04-04 18:51:09,2012-04-02,train,986_0
986,3221,121,Café,35.6489772885783,139.74466318308183,2012-04-05 08:09:10,2012-04-02,train,986_0
986,5008,200,Arcade,35.73315364130956,139.73995685577393,2012-04-08 17:37:06,2012-04-02,train,986_0
987,2499,26,Japanese Restaurant,35.58144526279752,139.64092433452606,2012-04-08 09:44:41,2012-04-02,train,987_0
987,140,69,Train Station,35.71341172584363,139.77605844022628,2012-04-08 10:53:22,2012-04-02,train,987_0
987,5998,114,Plaza,35.70027876573162,139.7714138031006,2012-04-08 12:16:07,2012-04-02,train,987_0
987,3173,198,Coffee Shop,35.69924630640018,139.7721540927887,2012-04-08 12:32:22,2012-04-02,train,987_0
987,3775,56,Electronics Store,35.70098666788508,139.77104634046557,2012-04-08 15:52:03,2012-04-02,train,987_0
987,1792,56,Electronics Store,35.69980827959299,139.77182149887085,2012-04-08 16:28:14,2012-04-02,train,987_0
987,142,69,Train Station,35.698596195264464,139.77301824864617,2012-04-08 16:50:40,2012-04-02,train,987_0
987,1700,122,Fast Food Restaurant,35.5800927761141,139.64179873466492,2012-04-08 17:48:13,2012-04-02,train,987_0
988,6546,189,Ramen /  Noodle House,35.69833581429357,139.77152109146118,2012-04-05 17:53:13,2012-04-02,train,988_0
988,43,69,Train Station,35.69080269423021,139.70027922656513,2012-04-06 22:47:12,2012-04-02,train,988_0
988,299,69,Train Station,35.668361407560894,139.6504027448891,2012-04-06 22:47:26,2012-04-02,train,988_0
988,116,69,Train Station,35.66761259479359,139.6318370103836,2012-04-06 22:51:50,2012-04-02,train,988_0
988,5328,39,Food & Drink Shop,35.66733367435081,139.63145077228546,2012-04-06 22:56:44,2012-04-02,train,988_0
988,1191,236,Subway,35.69543436818453,139.7674548625946,2012-04-07 22:12:10,2012-04-02,train,988_0
988,3901,236,Subway,35.684437539251654,139.72997903823853,2012-04-07 22:31:14,2012-04-02,train,988_0
988,43,69,Train Station,35.69080269423021,139.70027922656513,2012-04-07 22:39:24,2012-04-02,train,988_0
988,116,69,Train Station,35.66761259479359,139.6318370103836,2012-04-08 11:44:06,2012-04-02,train,988_0
988,142,69,Train Station,35.698596195264464,139.77301824864617,2012-04-08 12:18:27,2012-04-02,train,988_0
988,6546,189,Ramen /  Noodle House,35.69833581429357,139.77152109146118,2012-04-08 15:50:25,2012-04-02,train,988_0
988,4144,122,Fast Food Restaurant,35.69807878353967,139.77310627698898,2012-04-08 22:51:10,2012-04-02,train,988_0
988,142,69,Train Station,35.698596195264464,139.77301824864617,2012-04-08 22:51:53,2012-04-02,train,988_0
988,43,69,Train Station,35.69080269423021,139.70027922656513,2012-04-08 23:25:12,2012-04-02,train,988_0
988,708,69,Train Station,35.66614389339263,139.6414339542389,2012-04-08 23:46:36,2012-04-02,train,988_0
990,6270,268,River,35.623256366178964,139.5710849761963,2012-04-07 22:27:52,2012-04-02,train,990_0
990,1818,69,Train Station,35.688958355514494,139.70000973651244,2012-04-07 22:49:28,2012-04-02,train,990_0
990,43,69,Train Station,35.69080269423021,139.70027922656513,2012-04-07 22:51:58,2012-04-02,train,990_0
990,5168,69,Train Station,35.691522040986186,139.701247215271,2012-04-07 22:54:08,2012-04-02,train,990_0
990,4101,42,Other Nightlife,35.69374398755221,139.70152616500854,2012-04-07 23:01:46,2012-04-02,train,990_0
990,58,204,Music Venue,35.69533416620789,139.70262050628662,2012-04-07 23:59:51,2012-04-02,train,990_0
990,4455,189,Ramen /  Noodle House,35.69439313280583,139.70208406448364,2012-04-08 04:42:23,2012-04-02,train,990_0
990,43,69,Train Station,35.69080269423021,139.70027922656513,2012-04-08 05:06:36,2012-04-02,train,990_0
990,1818,69,Train Station,35.68924064561194,139.70000973651244,2012-04-08 05:10:37,2012-04-02,train,990_0
990,6270,268,River,35.623256366178964,139.5710849761963,2012-04-08 05:41:02,2012-04-02,train,990_0
991,4160,256,Convenience Store,35.56659719855399,139.73632514476776,2012-04-04 22:11:22,2012-04-02,train,991_0
991,4187,256,Convenience Store,35.558577,139.708808,2012-04-04 23:09:15,2012-04-02,train,991_0
991,4348,256,Convenience Store,35.56851,139.741378,2012-04-07 22:30:14,2012-04-02,train,991_0
991,4511,256,Convenience Store,35.55717119873384,139.7053375840187,2012-04-07 23:21:22,2012-04-02,train,991_0
991,4446,39,Food & Drink Shop,35.55690280334045,139.7067967057228,2012-04-08 16:19:18,2012-04-02,train,991_0
991,4160,256,Convenience Store,35.56659719855399,139.73632514476776,2012-04-08 17:07:12,2012-04-02,train,991_0
991,2977,256,Convenience Store,35.5813231,139.748733,2012-04-08 18:16:48,2012-04-02,train,991_0
991,4672,59,Office,35.57876644441082,139.7493553161621,2012-04-08 18:22:47,2012-04-02,train,991_0
993,1893,230,Food & Drink Shop,35.67187472657955,139.76290047168732,2012-04-04 15:29:57,2012-04-02,train,993_0
993,180,69,Train Station,35.72056,139.70635088,2012-04-05 18:32:27,2012-04-02,train,993_0
993,331,69,Train Station,35.64687830575068,139.7099483013153,2012-04-05 18:49:29,2012-04-02,train,993_0
994,220,69,Train Station,35.651889113311164,139.5443956553936,2012-04-04 20:35:05,2012-04-02,train,994_0
994,131,69,Train Station,35.66158508135192,139.66747283935547,2012-04-04 21:57:04,2012-04-02,train,994_0
994,140,69,Train Station,35.71341172584363,139.77605844022628,2012-04-07 22:41:25,2012-04-02,train,994_0
994,87,69,Train Station,35.65852172695124,139.7013260344949,2012-04-08 12:17:32,2012-04-02,train,994_0
994,1957,236,Subway,35.65890458756057,139.7025829553604,2012-04-08 12:18:56,2012-04-02,train,994_0
994,1921,105,Garden,35.68525668970075,139.70946550369263,2012-04-08 13:02:02,2012-04-02,train,994_0
994,1921,105,Garden,35.68525668970075,139.70946550369263,2012-04-08 13:39:47,2012-04-02,train,994_0
995,5953,113,Park,35.61667167289628,139.6390575170517,2012-04-04 06:27:25,2012-04-02,train,995_0
995,3620,39,Food & Drink Shop,35.62630868906738,139.6344119310379,2012-04-04 18:07:25,2012-04-02,train,995_0
995,3620,39,Food & Drink Shop,35.62630868906738,139.6344119310379,2012-04-05 17:59:40,2012-04-02,train,995_0
995,5953,113,Park,35.61667167289628,139.6390575170517,2012-04-07 09:23:02,2012-04-02,train,995_0
996,2332,229,Road,35.65946194154495,139.70051229000092,2012-04-05 17:58:05,2012-04-02,train,996_0
996,38,113,Park,35.71406103497294,139.77407455444336,2012-04-06 22:19:29,2012-04-02,train,996_0
997,1680,225,Department Store,35.707337902641136,139.7765502333641,2012-04-08 10:39:05,2012-04-02,train,997_0
997,1373,237,Mall,35.66582138560944,139.8038685321808,2012-04-08 11:53:56,2012-04-02,train,997_0
997,3618,213,Spa / Massage,35.81440495904201,139.81250573033185,2012-04-08 16:56:53,2012-04-02,train,997_0
999,27,51,Bar,35.662015,139.73477,2012-04-08 03:22:15,2012-04-02,train,999_0
999,1134,189,Ramen /  Noodle House,35.66251233691509,139.73413445055485,2012-04-08 06:18:56,2012-04-02,train,999_0
999,6776,51,Bar,35.66163956200003,139.73522275686264,2012-04-08 08:10:16,2012-04-02,train,999_0
1005,290,69,Train Station,35.564323713941725,139.65404570102692,2012-04-04 08:43:30,2012-04-02,train,1005_0
1005,5833,269,Shrine,35.5657637404749,139.65446949005127,2012-04-04 20:54:42,2012-04-02,train,1005_0
1005,290,69,Train Station,35.564323713941725,139.65404570102692,2012-04-05 08:41:12,2012-04-02,train,1005_0
1005,2487,69,Train Station,35.57490948663387,139.663245677948,2012-04-05 08:59:47,2012-04-02,train,1005_0
1005,641,140,Stadium,35.58580305947766,139.65271532535553,2012-04-08 14:43:04,2012-04-02,train,1005_0
1006,1932,124,Event Space,35.63847142893108,139.72861623895756,2012-04-08 09:18:26,2012-04-02,train,1006_0
1006,5447,236,Subway,35.637437779304584,139.72521007061005,2012-04-08 15:13:05,2012-04-02,train,1006_0
1006,4286,69,Train Station,35.575729760171434,139.65965151786804,2012-04-08 15:28:36,2012-04-02,train,1006_0
1006,641,140,Stadium,35.58580305947766,139.65271532535553,2012-04-08 18:20:41,2012-04-02,train,1006_0
1006,2640,225,Department Store,35.64900559433054,139.8024308681488,2012-04-08 20:04:42,2012-04-02,train,1006_0
1007,43,69,Train Station,35.69080269423021,139.70027922656513,2012-04-04 12:17:21,2012-04-02,train,1007_0
1007,420,69,Train Station,35.68600611785052,139.73066568374634,2012-04-04 12:23:31,2012-04-02,train,1007_0
1007,243,236,Subway,35.669687,139.767254,2012-04-04 12:35:55,2012-04-02,train,1007_0
1007,1748,237,Mall,35.67431510857585,139.76400017738342,2012-04-04 19:21:42,2012-04-02,train,1007_0
1007,99,69,Train Station,35.67497849562972,139.76321881841366,2012-04-04 19:53:40,2012-04-02,train,1007_0
1007,420,69,Train Station,35.68600611785052,139.73066568374634,2012-04-04 20:22:34,2012-04-02,train,1007_0
1007,2635,116,Sculpture Garden,35.65906803487992,139.70057398080826,2012-04-07 21:33:18,2012-04-02,train,1007_0
1007,87,69,Train Station,35.65852172695124,139.7013260344949,2012-04-07 21:33:44,2012-04-02,train,1007_0
1008,1727,69,Train Station,35.60910078604585,139.51630353927612,2012-04-04 06:32:09,2012-04-02,train,1008_0
1008,43,69,Train Station,35.69080269423021,139.70027922656513,2012-04-04 07:18:28,2012-04-02,train,1008_0
1008,2063,69,Train Station,35.61919223543136,139.72830533981323,2012-04-04 07:37:38,2012-04-02,train,1008_0
1008,1727,69,Train Station,35.60910078604585,139.51630353927612,2012-04-05 06:32:34,2012-04-02,train,1008_0
1008,4164,256,Convenience Store,35.59700157986555,139.5287275314331,2012-04-08 12:24:23,2012-04-02,train,1008_0
1009,193,69,Train Station,35.704621918699345,139.6199870109558,2012-04-04 07:23:53,2012-04-02,train,1009_0
1009,6140,198,Coffee Shop,35.656782,139.795761,2012-04-04 09:16:10,2012-04-02,train,1009_0
1009,6140,198,Coffee Shop,35.656782,139.795761,2012-04-04 13:30:32,2012-04-02,train,1009_0
1009,4757,241,Miscellaneous Shop,35.678389508645864,139.7400426864624,2012-04-05 08:05:56,2012-04-02,train,1009_0
1009,5313,59,Office,35.656404459281575,139.79600229515904,2012-04-05 19:58:45,2012-04-02,train,1009_0
1010,2814,128,Gym / Fitness Center,35.65777570227388,139.6912533044815,2012-04-07 09:21:52,2012-04-02,train,1010_0
1010,2814,128,Gym / Fitness Center,35.65777570227388,139.6912533044815,2012-04-08 11:08:42,2012-04-02,train,1010_0
1010,554,113,Park,35.64355648366286,139.68133449554443,2012-04-08 14:59:12,2012-04-02,train,1010_0
1011,295,69,Train Station,35.6622998644997,139.58487153053284,2012-04-05 07:54:06,2012-04-02,train,1011_0
1011,749,69,Train Station,35.66020343969126,139.52329605817795,2012-04-05 08:14:22,2012-04-02,train,1011_0
1012,6767,81,Building,35.678530806974315,139.78059190882007,2012-04-04 09:05:36,2012-04-02,train,1012_0
1012,6508,59,Office,35.649069918730426,139.75262273025314,2012-04-04 10:04:54,2012-04-02,train,1012_0
1012,967,59,Office,35.67125154564592,139.74705934524536,2012-04-04 11:04:24,2012-04-02,train,1012_0
1012,6767,81,Building,35.678530806974315,139.78059190882007,2012-04-04 13:07:08,2012-04-02,train,1012_0
1012,359,240,Convention Center,35.67664647525239,139.7636514902115,2012-04-04 13:49:06,2012-04-02,train,1012_0
1012,6508,59,Office,35.649069918730426,139.75262273025314,2012-04-04 15:23:26,2012-04-02,train,1012_0
1012,6767,81,Building,35.678530806974315,139.78059190882007,2012-04-04 16:03:38,2012-04-02,train,1012_0
1012,6769,163,Community College,35.69825848733186,139.75453734397888,2012-04-04 18:11:01,2012-04-02,train,1012_0
1012,3419,236,Subway,35.679648826582344,139.7799700498581,2012-04-04 20:15:30,2012-04-02,train,1012_0
1012,2576,236,Subway,35.69807224884871,139.77548003196716,2012-04-04 20:32:04,2012-04-02,train,1012_0
1012,633,56,Electronics Store,35.69901541704127,139.7746217250824,2012-04-04 20:33:36,2012-04-02,train,1012_0
1012,2369,236,Subway,35.711412793983136,139.7771805524826,2012-04-04 21:32:22,2012-04-02,train,1012_0
1012,5482,69,Train Station,35.71365596433794,139.77710008621216,2012-04-04 21:32:46,2012-04-02,train,1012_0
1012,633,56,Electronics Store,35.69901541704127,139.7746217250824,2012-04-05 19:29:33,2012-04-02,train,1012_0
1012,5482,69,Train Station,35.71365596433794,139.77710008621216,2012-04-07 21:54:05,2012-04-02,train,1012_0
1015,6911,229,Road,35.58782159072442,139.5664655428602,2012-04-04 09:13:13,2012-04-02,train,1015_0
1015,6387,229,Road,35.581920809139405,139.59547698497772,2012-04-05 08:05:15,2012-04-02,train,1015_0
1015,6911,229,Road,35.58771652993675,139.56620684708898,2012-04-05 08:15:02,2012-04-02,train,1015_0
1015,5386,229,Road,35.59119121722382,139.55368280410767,2012-04-05 08:17:47,2012-04-02,train,1015_0
1016,422,69,Train Station,35.73792607790286,139.76102828979492,2012-04-04 08:41:15,2012-04-02,train,1016_0
1016,1193,256,Convenience Store,35.73900203861051,139.7618411700819,2012-04-04 08:50:27,2012-04-02,train,1016_0
1016,422,69,Train Station,35.73792607790286,139.76102828979492,2012-04-04 21:19:41,2012-04-02,train,1016_0
1016,541,69,Train Station,35.84768054178072,139.66914921998978,2012-04-04 21:42:19,2012-04-02,train,1016_0
1016,541,69,Train Station,35.84768054178072,139.66914921998978,2012-04-05 08:15:42,2012-04-02,train,1016_0
1016,5709,113,Park,35.763580585928615,139.72707612283236,2012-04-05 08:33:51,2012-04-02,train,1016_0
1016,1867,189,Ramen /  Noodle House,35.73911225153296,139.76192602430902,2012-04-05 08:45:20,2012-04-02,train,1016_0
1016,1193,256,Convenience Store,35.73883743255698,139.76140691799446,2012-04-05 08:45:41,2012-04-02,train,1016_0
1016,422,69,Train Station,35.73792607790286,139.76102828979492,2012-04-05 18:03:14,2012-04-02,train,1016_0
1016,142,69,Train Station,35.698596195264464,139.77301824864617,2012-04-05 18:13:28,2012-04-02,train,1016_0
1016,114,32,Bookstore,35.69949897700794,139.77110266685486,2012-04-05 18:14:49,2012-04-02,train,1016_0
1016,6307,56,Electronics Store,35.700514007759885,139.77104902267456,2012-04-05 18:39:30,2012-04-02,train,1016_0
1016,3603,56,Electronics Store,35.7022151354741,139.77072447538376,2012-04-05 18:39:49,2012-04-02,train,1016_0
1016,4153,56,Electronics Store,35.70244383745659,139.77044820785522,2012-04-05 18:40:07,2012-04-02,train,1016_0
1016,6067,26,Japanese Restaurant,35.70121700699981,139.77118648588657,2012-04-05 18:51:58,2012-04-02,train,1016_0
1016,6054,192,Bar,35.70128071770129,139.7709310054779,2012-04-05 18:52:23,2012-04-02,train,1016_0
1016,919,26,Japanese Restaurant,35.70127853955849,139.77104365825653,2012-04-05 18:52:54,2012-04-02,train,1016_0
1016,6749,273,Mobile Phone Shop,35.69943363123786,139.77163910865784,2012-04-05 18:56:31,2012-04-02,train,1016_0
1016,7349,273,Mobile Phone Shop,35.69940749291482,139.77112412452698,2012-04-05 18:56:52,2012-04-02,train,1016_0
1016,633,56,Electronics Store,35.69901541704127,139.7746217250824,2012-04-05 19:03:52,2012-04-02,train,1016_0
1016,5450,281,Train Station,35.69836195296789,139.772926568985,2012-04-05 20:01:05,2012-04-02,train,1016_0
1016,142,69,Train Station,35.698596195264464,139.77301824864617,2012-04-07 22:40:27,2012-04-02,train,1016_0
1016,541,69,Train Station,35.84768054178072,139.66914921998978,2012-04-07 23:13:33,2012-04-02,train,1016_0
1016,541,69,Train Station,35.84768054178072,139.66914921998978,2012-04-08 08:34:33,2012-04-02,train,1016_0
1016,5709,113,Park,35.76329259259476,139.72910647583316,2012-04-08 08:48:16,2012-04-02,train,1016_0
1016,142,69,Train Station,35.698596195264464,139.77301824864617,2012-04-08 09:05:28,2012-04-02,train,1016_0
1016,4503,69,Train Station,35.698494824429865,139.7725135087967,2012-04-08 09:51:09,2012-04-02,train,1016_0
1016,6749,273,Mobile Phone Shop,35.69943363123786,139.77163910865784,2012-04-08 10:15:29,2012-04-02,train,1016_0
1016,7349,273,Mobile Phone Shop,35.69940749291482,139.77112412452698,2012-04-08 10:15:58,2012-04-02,train,1016_0
1016,6054,192,Bar,35.70128071770129,139.7709310054779,2012-04-08 11:17:46,2012-04-02,train,1016_0
1016,6067,26,Japanese Restaurant,35.70121700699981,139.77118648588657,2012-04-08 11:18:06,2012-04-02,train,1016_0
1016,919,26,Japanese Restaurant,35.70127853955849,139.77104365825653,2012-04-08 11:18:38,2012-04-02,train,1016_0
1016,633,56,Electronics Store,35.69901541704127,139.7746217250824,2012-04-08 11:29:49,2012-04-02,train,1016_0
1016,142,69,Train Station,35.698596195264464,139.77301824864617,2012-04-08 12:16:51,2012-04-02,train,1016_0
1016,1498,197,Bridge,35.69694173924875,139.77328062057495,2012-04-08 14:15:57,2012-04-02,train,1016_0
1016,6176,195,Soup Place,35.69548664742672,139.77280721068382,2012-04-08 14:16:57,2012-04-02,train,1016_0
1016,5224,113,Park,35.69776613756137,139.77944353054806,2012-04-08 15:05:12,2012-04-02,train,1016_0
1016,5450,281,Train Station,35.69836195296789,139.772926568985,2012-04-08 18:58:54,2012-04-02,train,1016_0
1016,541,69,Train Station,35.84768054178072,139.66914921998978,2012-04-08 19:33:03,2012-04-02,train,1016_0
1019,4839,198,Coffee Shop,35.67946799149171,139.74145084619522,2012-04-04 08:30:02,2012-04-02,train,1019_0
1019,5509,198,Coffee Shop,35.62042632272058,139.70448464155197,2012-04-04 20:37:23,2012-04-02,train,1019_0
1019,2306,79,Library,35.61213620461363,139.7107046842575,2012-04-08 09:19:34,2012-04-02,train,1019_0
1020,6409,197,Bridge,35.75723902622814,139.70831735697806,2012-04-07 21:36:09,2012-04-02,train,1020_0
1020,7208,281,Train Station,35.669917777663755,139.70319601487915,2012-04-08 14:07:03,2012-04-02,train,1020_0
1020,1248,113,Park,35.67070244512674,139.69663381576538,2012-04-08 17:42:33,2012-04-02,train,1020_0
1021,345,236,Subway,35.65486406347791,139.79626715183258,2012-04-04 09:13:36,2012-04-02,train,1021_0
1021,3842,189,Ramen /  Noodle House,35.670317,139.765829,2012-04-04 12:44:00,2012-04-02,train,1021_0
1021,2805,198,Coffee Shop,35.689683442321254,139.70078587532043,2012-04-08 06:08:19,2012-04-02,train,1021_0
1022,2907,236,Subway,35.68658996978597,139.76590991020203,2012-04-04 09:07:44,2012-04-02,train,1022_0
1022,2904,236,Subway,35.678668390455776,139.74017143249512,2012-04-04 09:18:14,2012-04-02,train,1022_0
1022,189,69,Train Station,35.729864636451765,139.7109555727517,2012-04-04 11:04:07,2012-04-02,train,1022_0
1022,3052,56,Electronics Store,35.73090666520053,139.708993434906,2012-04-04 11:50:52,2012-04-02,train,1022_0
1022,1310,225,Department Store,35.73134866260269,139.70748871564865,2012-04-04 11:54:47,2012-04-02,train,1022_0
1022,3262,16,Bank,35.730008039999994,139.71282,2012-04-04 12:18:21,2012-04-02,train,1022_0
1022,189,69,Train Station,35.729864636451765,139.7109555727517,2012-04-04 12:22:16,2012-04-02,train,1022_0
1022,2902,236,Subway,35.67702994586546,139.73703861236572,2012-04-04 12:50:18,2012-04-02,train,1022_0
1022,5484,197,Bridge,35.67884269109204,139.73627150058746,2012-04-04 12:55:12,2012-04-02,train,1022_0
1022,2904,236,Subway,35.678668390455776,139.74017143249512,2012-04-04 14:59:29,2012-04-02,train,1022_0
1022,338,69,Train Station,35.695965872216426,139.75806713104248,2012-04-04 15:10:05,2012-04-02,train,1022_0
1022,3264,236,Subway,35.66092259369664,139.7514581680298,2012-04-04 15:29:39,2012-04-02,train,1022_0
1022,1918,236,Subway,35.64244045994719,139.7339916229248,2012-04-04 16:29:58,2012-04-02,train,1022_0
1022,2770,236,Subway,35.64285897066725,139.73403453826904,2012-04-04 16:31:09,2012-04-02,train,1022_0
1022,3635,236,Subway,35.678738110755965,139.7403645515442,2012-04-04 16:46:05,2012-04-02,train,1022_0
1022,2902,236,Subway,35.67702994586546,139.73703861236572,2012-04-04 20:01:10,2012-04-02,train,1022_0
1022,2844,236,Subway,35.67420616454221,139.74505841732025,2012-04-04 20:06:20,2012-04-02,train,1022_0
1022,2690,236,Subway,35.68598868936885,139.7634315490723,2012-04-05 08:53:06,2012-04-02,train,1022_0
1022,2907,236,Subway,35.68658996978597,139.76590991020203,2012-04-05 08:55:09,2012-04-02,train,1022_0
1022,2904,236,Subway,35.678668390455776,139.74017143249512,2012-04-05 09:07:11,2012-04-02,train,1022_0
1022,2904,236,Subway,35.678668390455776,139.74017143249512,2012-04-05 17:54:35,2012-04-02,train,1022_0
1022,3704,236,Subway,35.66524609822095,139.7123622894287,2012-04-05 18:02:17,2012-04-02,train,1022_0
1022,3190,236,Subway,35.6650369017792,139.71249103546145,2012-04-05 18:04:13,2012-04-02,train,1022_0
1023,5676,95,Chinese Restaurant,35.69578071752542,139.77447152137756,2012-04-04 12:00:22,2012-04-02,train,1023_0
1023,3409,198,Coffee Shop,35.69591141499899,139.77502942085266,2012-04-04 12:24:43,2012-04-02,train,1023_0
1023,1524,32,Bookstore,35.69735560782134,139.77514743804932,2012-04-04 18:24:21,2012-04-02,train,1023_0
1023,6623,189,Ramen /  Noodle House,35.697932841980155,139.77510452270508,2012-04-04 18:43:47,2012-04-02,train,1023_0
1023,633,56,Electronics Store,35.69901541704127,139.7746217250824,2012-04-04 21:20:05,2012-04-02,train,1023_0
1023,142,69,Train Station,35.698596195264464,139.77301824864617,2012-04-04 21:20:19,2012-04-02,train,1023_0
1023,439,69,Train Station,35.731842912950256,139.7280639410019,2012-04-04 21:39:59,2012-04-02,train,1023_0
1023,630,69,Train Station,35.61718625786023,139.56456184387207,2012-04-08 15:04:51,2012-04-02,train,1023_0
1023,94,69,Train Station,35.66898975019524,139.67971444129944,2012-04-08 15:24:06,2012-04-02,train,1023_0
1023,4854,236,Subway,35.669066,139.679844,2012-04-08 15:24:15,2012-04-02,train,1023_0
1023,201,236,Subway,35.6689505277435,139.69131231307983,2012-04-08 15:28:54,2012-04-02,train,1023_0
1023,439,69,Train Station,35.731842912950256,139.7280639410019,2012-04-08 23:52:43,2012-04-02,train,1023_0
1025,1723,95,Chinese Restaurant,35.70084932905884,139.77087133821084,2012-04-04 20:33:24,2012-04-02,train,1025_0
1025,798,105,Garden,35.73313785608805,139.74651217460632,2012-04-05 18:39:02,2012-04-02,train,1025_0
1026,1185,122,Fast Food Restaurant,35.68800165382408,139.69898343086243,2012-04-04 08:46:47,2012-04-02,train,1026_0
1026,4752,26,Japanese Restaurant,35.68957451926966,139.69690471887589,2012-04-04 15:55:31,2012-04-02,train,1026_0
1027,1200,69,Train Station,35.71202259411466,139.79840755462646,2012-04-05 20:00:32,2012-04-02,train,1027_0
1027,276,69,Train Station,35.589812720947975,139.66880321502686,2012-04-08 12:28:20,2012-04-02,train,1027_0
1027,4905,69,Train Station,35.56247782390475,139.7160503268242,2012-04-08 12:43:45,2012-04-02,train,1027_0
1027,394,69,Train Station,35.56068371332292,139.72373016178608,2012-04-08 13:00:24,2012-04-02,train,1027_0
1027,87,69,Train Station,35.65852172695124,139.7013260344949,2012-04-08 17:00:25,2012-04-02,train,1027_0
1027,189,69,Train Station,35.729864636451765,139.7109555727517,2012-04-08 17:15:56,2012-04-02,train,1027_0
1027,3645,200,Arcade,35.72983105536349,139.71479773521423,2012-04-08 20:29:25,2012-04-02,train,1027_0
1028,3401,69,Train Station,35.56866645812988,139.553412,2012-04-04 07:32:11,2012-04-02,train,1028_0
1028,2907,236,Subway,35.68658996978597,139.76590991020203,2012-04-04 08:25:05,2012-04-02,train,1028_0
1028,5249,256,Convenience Store,35.68708231921653,139.76545929908752,2012-04-04 08:28:31,2012-04-02,train,1028_0
1028,2907,236,Subway,35.68658996978597,139.76590991020203,2012-04-04 18:36:39,2012-04-02,train,1028_0
1028,3401,69,Train Station,35.56866645812988,139.553412,2012-04-04 19:24:33,2012-04-02,train,1028_0
1028,2907,236,Subway,35.68658996978597,139.76590991020203,2012-04-05 08:22:30,2012-04-02,train,1028_0
1028,5249,256,Convenience Store,35.68708231921653,139.76545929908752,2012-04-05 08:24:23,2012-04-02,train,1028_0
1029,38,113,Park,35.71406103497294,139.77407455444336,2012-04-05 18:27:31,2012-04-02,train,1029_0
1029,140,69,Train Station,35.71332091731415,139.77627811575366,2012-04-05 18:35:56,2012-04-02,train,1029_0
1029,7007,69,Train Station,35.6342834227343,139.7156721353531,2012-04-08 16:24:13,2012-04-02,train,1029_0
1032,4256,237,Mall,35.71572485189807,139.85946536064148,2012-04-04 07:09:09,2012-04-02,train,1032_0
1032,655,69,Train Station,35.71678758588956,139.8582637310028,2012-04-04 07:16:39,2012-04-02,train,1032_0
1032,142,69,Train Station,35.698596195264464,139.77301824864617,2012-04-04 07:31:16,2012-04-02,train,1032_0
1032,2576,236,Subway,35.69807224884871,139.77548003196716,2012-04-04 07:37:25,2012-04-02,train,1032_0
1032,147,236,Subway,35.72949574082487,139.79130506515503,2012-04-04 07:54:46,2012-04-02,train,1032_0
1032,2239,69,Train Station,35.71115144964136,139.7735595703125,2012-04-04 18:29:59,2012-04-02,train,1032_0
1032,7169,69,Train Station,35.71252019623984,139.77614830738932,2012-04-04 18:54:56,2012-04-02,train,1032_0
1032,142,69,Train Station,35.698596195264464,139.77301824864617,2012-04-04 19:21:55,2012-04-02,train,1032_0
1032,147,236,Subway,35.72949574082487,139.79130506515503,2012-04-05 07:46:12,2012-04-02,train,1032_0
1032,147,236,Subway,35.72949574082487,139.79130506515503,2012-04-05 17:48:38,2012-04-02,train,1032_0
1032,2576,236,Subway,35.69807224884871,139.77548003196716,2012-04-05 17:59:19,2012-04-02,train,1032_0
1032,142,69,Train Station,35.698596195264464,139.77301824864617,2012-04-05 17:59:50,2012-04-02,train,1032_0
1032,6784,281,Train Station,35.69844472538004,139.77333962917328,2012-04-05 18:01:04,2012-04-02,train,1032_0
1032,6784,281,Train Station,35.69844472538004,139.77333962917328,2012-04-05 18:01:13,2012-04-02,train,1032_0
1032,655,69,Train Station,35.71678758588956,139.8582637310028,2012-04-05 18:37:06,2012-04-02,train,1032_0
1032,4256,237,Mall,35.71572485189807,139.85946536064148,2012-04-05 18:37:21,2012-04-02,train,1032_0
1032,6956,69,Train Station,35.71696180322454,139.85816717147827,2012-04-07 21:34:14,2012-04-02,train,1032_0
1032,655,69,Train Station,35.71678758588956,139.8582637310028,2012-04-07 21:34:38,2012-04-02,train,1032_0
1032,4256,237,Mall,35.71572485189807,139.85946536064148,2012-04-07 21:39:57,2012-04-02,train,1032_0
1032,2726,200,Arcade,35.71628670892985,139.85816448926926,2012-04-08 09:20:47,2012-04-02,train,1032_0
1032,655,69,Train Station,35.71678758588956,139.8582637310028,2012-04-08 09:23:50,2012-04-02,train,1032_0
1032,142,69,Train Station,35.698596195264464,139.77301824864617,2012-04-08 09:44:33,2012-04-02,train,1032_0
1032,2151,134,Movie Theater,35.729729,139.71484884,2012-04-08 13:49:49,2012-04-02,train,1032_0
1032,3645,200,Arcade,35.72983105536349,139.71479773521423,2012-04-08 13:54:53,2012-04-02,train,1032_0
1032,2873,122,Fast Food Restaurant,35.729898846440975,139.71362866179237,2012-04-08 14:20:16,2012-04-02,train,1032_0
1032,189,69,Train Station,35.729864636451765,139.7109555727517,2012-04-08 14:47:06,2012-04-02,train,1032_0
1032,142,69,Train Station,35.698596195264464,139.77301824864617,2012-04-08 15:12:10,2012-04-02,train,1032_0
1032,4315,61,Office,35.69988237126696,139.77241394202727,2012-04-08 15:16:19,2012-04-02,train,1032_0
1032,2003,233,Hobby Shop,35.700487869791004,139.77178394794464,2012-04-08 15:16:33,2012-04-02,train,1032_0
1032,142,69,Train Station,35.698596195264464,139.77301824864617,2012-04-08 15:33:25,2012-04-02,train,1032_0
1035,258,236,Subway,35.682058469518815,139.78602647781372,2012-04-04 08:58:14,2012-04-02,train,1035_0
1035,2444,238,Bus Station,35.68217176016234,139.7877323627472,2012-04-04 09:10:09,2012-04-02,train,1035_0
1037,1720,256,Convenience Store,35.60837695970801,139.67065319469037,2012-04-04 07:49:20,2012-04-02,train,1037_0
1037,2316,112,Other Great Outdoors,35.60724345712024,139.66904346828213,2012-04-08 00:14:31,2012-04-02,train,1037_0
1038,4466,59,Office,35.79710924029055,139.6017050743103,2012-04-04 19:38:42,2012-04-02,train,1038_0
1038,4466,59,Office,35.79710924029055,139.6017050743103,2012-04-05 19:32:42,2012-04-02,train,1038_0
1038,615,69,Train Station,35.822215145141776,139.5751941204071,2012-04-08 15:51:45,2012-04-02,train,1038_0
1042,4704,238,Bus Station,35.72577234816419,139.65385258197784,2012-04-04 08:09:39,2012-04-02,train,1042_0
1042,43,69,Train Station,35.69080269423021,139.70027922656513,2012-04-04 08:51:04,2012-04-02,train,1042_0
1042,43,69,Train Station,35.69080269423021,139.70027922656513,2012-04-04 13:19:40,2012-04-02,train,1042_0
1042,73,69,Train Station,35.70537552095303,139.64986145496368,2012-04-04 13:44:45,2012-04-02,train,1042_0
1042,3031,46,Bar,35.71944000356822,139.6531417965889,2012-04-04 20:40:13,2012-04-02,train,1042_0
1042,3031,46,Bar,35.71944000356822,139.6531417965889,2012-04-08 20:00:28,2012-04-02,train,1042_0
1044,933,39,Food & Drink Shop,35.70043559382758,139.504936337471,2012-04-04 19:31:45,2012-04-02,train,1044_0
1044,1152,113,Park,35.71676798641553,139.51858408749104,2012-04-04 20:34:44,2012-04-02,train,1044_0
1044,4678,189,Ramen /  Noodle House,35.708426,139.4960950762662,2012-04-04 20:52:54,2012-04-02,train,1044_0
1045,2248,237,Mall,35.76439571369829,139.85263109207153,2012-04-05 17:51:15,2012-04-02,train,1045_0
1045,683,69,Train Station,35.69336059726962,139.78237867355347,2012-04-08 08:59:56,2012-04-02,train,1045_0
1046,6948,81,Building,35.67888,139.583794,2012-04-04 18:53:36,2012-04-02,train,1046_0
1046,259,225,Department Store,35.660473668016515,139.70034062862396,2012-04-08 15:40:05,2012-04-02,train,1046_0
1046,132,56,Electronics Store,35.66184658812384,139.699809551239,2012-04-08 15:49:10,2012-04-02,train,1046_0
1046,1538,241,Miscellaneous Shop,35.6611143670042,139.69965934753418,2012-04-08 16:23:56,2012-04-02,train,1046_0
1047,763,69,Train Station,35.752433225195475,139.7381329536438,2012-04-04 08:33:38,2012-04-02,train,1047_0
1047,1192,236,Subway,35.724399,139.753634,2012-04-04 08:45:24,2012-04-02,train,1047_0
1047,6869,256,Convenience Store,35.72493075208767,139.75357096065355,2012-04-04 12:28:09,2012-04-02,train,1047_0
1047,1192,236,Subway,35.724399,139.753634,2012-04-04 18:37:05,2012-04-02,train,1047_0
1047,763,69,Train Station,35.752433225195475,139.7381329536438,2012-04-04 18:55:24,2012-04-02,train,1047_0
1047,1856,69,Train Station,35.80191699809086,139.71758723258972,2012-04-04 19:12:23,2012-04-02,train,1047_0
1047,6204,113,Park,35.802450818504376,139.71605257050248,2012-04-04 19:15:58,2012-04-02,train,1047_0
1047,6908,39,Food & Drink Shop,35.80070964735989,139.71377849578855,2012-04-04 20:11:41,2012-04-02,train,1047_0
1047,1856,69,Train Station,35.80191699809086,139.71758723258972,2012-04-05 08:25:48,2012-04-02,train,1047_0
1047,763,69,Train Station,35.752433225195475,139.7381329536438,2012-04-05 08:38:14,2012-04-02,train,1047_0
1047,1192,236,Subway,35.724399,139.753634,2012-04-05 08:50:18,2012-04-02,train,1047_0
1047,1192,236,Subway,35.724399,139.753634,2012-04-05 18:12:29,2012-04-02,train,1047_0
1047,763,69,Train Station,35.752433225195475,139.7381329536438,2012-04-05 18:27:08,2012-04-02,train,1047_0
1047,1856,69,Train Station,35.80191699809086,139.71758723258972,2012-04-05 18:48:11,2012-04-02,train,1047_0
1048,75,236,Subway,35.67278116288847,139.7240298986435,2012-04-04 18:16:23,2012-04-02,train,1048_0
1048,75,236,Subway,35.67278116288847,139.7240298986435,2012-04-04 18:16:51,2012-04-02,train,1048_0
1048,322,236,Subway,35.68569676173495,139.7416439652443,2012-04-04 18:26:04,2012-04-02,train,1048_0
1048,1811,287,Concert Hall,35.68340923210112,139.74340617656708,2012-04-04 18:30:12,2012-04-02,train,1048_0
1048,507,236,Subway,35.68401924641666,139.7376823425293,2012-04-04 23:18:25,2012-04-02,train,1048_0
1048,1930,69,Train Station,35.666692051408944,139.7581327376774,2012-04-07 23:29:48,2012-04-02,train,1048_0
1050,3965,114,Plaza,35.713224757851165,139.70470190048218,2012-04-04 10:26:09,2012-04-02,train,1050_0
1050,6283,26,Japanese Restaurant,35.71569436341869,139.7055172920227,2012-04-04 16:24:33,2012-04-02,train,1050_0
1050,3965,114,Plaza,35.713224757851165,139.70470190048218,2012-04-04 16:37:45,2012-04-02,train,1050_0
1050,1010,32,Bookstore,35.712832749929525,139.7050130367279,2012-04-04 16:43:36,2012-04-02,train,1050_0
1050,4075,63,Video Store,35.71246251845528,139.70716953277588,2012-04-04 17:02:13,2012-04-02,train,1050_0
1050,426,69,Train Station,35.70129378655684,139.70004089176655,2012-04-04 20:19:42,2012-04-02,train,1050_0
1050,3768,69,Train Station,35.646552450704014,139.71022725105286,2012-04-04 20:31:39,2012-04-02,train,1050_0
1050,162,69,Train Station,35.63367738834909,139.71551656723022,2012-04-04 20:33:24,2012-04-02,train,1050_0
1050,112,69,Train Station,35.62645040122807,139.72343981266022,2012-04-04 20:35:36,2012-04-02,train,1050_0
1050,2524,69,Train Station,35.619881167618004,139.7283731462078,2012-04-04 20:37:13,2012-04-02,train,1050_0
1050,1803,69,Train Station,35.622285,139.739242,2012-04-04 20:45:26,2012-04-02,train,1050_0
1050,1803,69,Train Station,35.622285,139.739242,2012-04-05 20:47:05,2012-04-02,train,1050_0
1050,3965,114,Plaza,35.713224757851165,139.70470190048218,2012-04-08 10:27:53,2012-04-02,train,1050_0
1050,4075,63,Video Store,35.71246251845528,139.70716953277588,2012-04-08 10:34:53,2012-04-02,train,1050_0
1050,4268,78,Government Building,35.71334235985167,139.711155295372,2012-04-08 10:40:14,2012-04-02,train,1050_0
1050,4207,189,Ramen /  Noodle House,35.7128567060245,139.70624953508377,2012-04-08 16:21:01,2012-04-02,train,1050_0
1050,3965,114,Plaza,35.713224757851165,139.70470190048218,2012-04-08 16:36:21,2012-04-02,train,1050_0
1050,1010,32,Bookstore,35.712832749929525,139.7050130367279,2012-04-08 16:40:21,2012-04-02,train,1050_0
1050,426,69,Train Station,35.70129378655684,139.70004089176655,2012-04-08 20:22:24,2012-04-02,train,1050_0
1050,3768,69,Train Station,35.646552450704014,139.71022725105286,2012-04-08 20:32:47,2012-04-02,train,1050_0
1050,162,69,Train Station,35.63367738834909,139.71551656723022,2012-04-08 20:34:55,2012-04-02,train,1050_0
1050,112,69,Train Station,35.62645040122807,139.72343981266022,2012-04-08 20:37:16,2012-04-02,train,1050_0
1050,2524,69,Train Station,35.619881167618004,139.7283731462078,2012-04-08 20:39:16,2012-04-02,train,1050_0
1050,1803,69,Train Station,35.622285,139.739242,2012-04-08 20:53:46,2012-04-02,train,1050_0
1051,5137,69,Train Station,35.697584868303494,139.8260772228241,2012-04-04 18:29:17,2012-04-02,train,1051_0
1051,142,69,Train Station,35.698596195264464,139.77301824864617,2012-04-04 18:37:13,2012-04-02,train,1051_0
1051,1471,32,Bookstore,35.69880630912043,139.7747826576233,2012-04-04 19:19:36,2012-04-02,train,1051_0
1051,87,69,Train Station,35.65852172695124,139.7013260344949,2012-04-04 19:45:21,2012-04-02,train,1051_0
1051,5552,69,Train Station,35.65913341371401,139.7010024636984,2012-04-04 19:45:33,2012-04-02,train,1051_0
1051,7142,69,Train Station,35.65907021417525,139.70113456249237,2012-04-04 19:46:36,2012-04-02,train,1051_0
1051,4753,69,Train Station,35.68337899281701,139.70220371260766,2012-04-04 22:29:43,2012-04-02,train,1051_0
1051,5373,69,Train Station,35.68387954666423,139.7021339030242,2012-04-04 22:30:06,2012-04-02,train,1051_0
1054,2646,287,Concert Hall,35.703206172660224,139.75456953048706,2012-04-04 19:12:51,2012-04-02,train,1054_0
1054,3034,143,Stadium,35.705584611645335,139.7519087791443,2012-04-04 19:13:12,2012-04-02,train,1054_0
1054,1162,69,Train Station,35.7021955324165,139.7551703453064,2012-04-04 19:20:59,2012-04-02,train,1054_0
1054,6580,5,Home (private),35.704528485059896,139.77798811779195,2012-04-04 19:27:13,2012-04-02,train,1054_0
1054,1360,233,Hobby Shop,35.698327101400224,139.77162837982178,2012-04-04 19:30:11,2012-04-02,train,1054_0
1054,142,69,Train Station,35.698596195264464,139.77301824864617,2012-04-04 22:34:33,2012-04-02,train,1054_0
1054,189,69,Train Station,35.729864636451765,139.7109555727517,2012-04-04 22:59:07,2012-04-02,train,1054_0
1054,189,69,Train Station,35.729864636451765,139.7109555727517,2012-04-05 09:09:20,2012-04-02,train,1054_0
1054,189,69,Train Station,35.729864636451765,139.7109555727517,2012-04-06 23:47:26,2012-04-02,train,1054_0
1054,189,69,Train Station,35.729864636451765,139.7109555727517,2012-04-08 10:50:23,2012-04-02,train,1054_0
1054,6580,5,Home (private),35.704528485059896,139.77798811779195,2012-04-08 11:10:11,2012-04-02,train,1054_0
1054,1360,233,Hobby Shop,35.698327101400224,139.77162837982178,2012-04-08 11:13:03,2012-04-02,train,1054_0
1054,5998,114,Plaza,35.70027876573162,139.7714138031006,2012-04-08 13:41:14,2012-04-02,train,1054_0
1054,7377,189,Ramen /  Noodle House,35.702364715464775,139.77052687875178,2012-04-08 14:11:59,2012-04-02,train,1054_0
1054,142,69,Train Station,35.698596195264464,139.77301824864617,2012-04-08 15:34:03,2012-04-02,train,1054_0
1054,2961,287,Concert Hall,35.6277563214705,139.73502159118652,2012-04-08 19:32:05,2012-04-02,train,1054_0
1054,3633,69,Train Station,35.62850802377022,139.73833131832686,2012-04-08 19:34:19,2012-04-02,train,1054_0
1054,195,69,Train Station,35.68417610648677,139.70206260681152,2012-04-08 19:51:49,2012-04-02,train,1054_0
1054,521,69,Train Station,35.68008021466177,139.72023725509644,2012-04-08 19:59:29,2012-04-02,train,1054_0
1054,3803,190,Sushi Restaurant,35.679953848698204,139.72021579742432,2012-04-08 20:09:59,2012-04-02,train,1054_0
1054,43,69,Train Station,35.69080269423021,139.70027922656513,2012-04-08 22:53:02,2012-04-02,train,1054_0
1054,189,69,Train Station,35.729864636451765,139.7109555727517,2012-04-08 23:05:02,2012-04-02,train,1054_0
1055,6636,221,Toy / Game Store,35.69920492062089,139.7704267501831,2012-04-05 17:21:05,2012-04-02,train,1055_0
1055,6636,221,Toy / Game Store,35.69920492062089,139.7704267501831,2012-04-05 17:21:16,2012-04-02,train,1055_0
1055,6636,221,Toy / Game Store,35.69920492062089,139.7704267501831,2012-04-05 17:21:33,2012-04-02,train,1055_0
1055,633,56,Electronics Store,35.69901541704127,139.7746217250824,2012-04-05 17:38:20,2012-04-02,train,1055_0
1055,2576,236,Subway,35.69807224884871,139.77548003196716,2012-04-05 17:59:04,2012-04-02,train,1055_0
1056,142,69,Train Station,35.698596195264464,139.77301824864617,2012-04-08 16:13:32,2012-04-02,train,1056_0
1056,3797,56,Electronics Store,35.70008922311151,139.77015746068204,2012-04-08 16:27:38,2012-04-02,train,1056_0
1056,6307,56,Electronics Store,35.700514007759885,139.77104902267456,2012-04-08 16:53:59,2012-04-02,train,1056_0
1056,481,236,Subway,35.70300578811289,139.77166056632996,2012-04-08 17:16:56,2012-04-02,train,1056_0
1056,358,236,Subway,35.670545558570325,139.7178554534912,2012-04-08 17:37:08,2012-04-02,train,1056_0
1056,3006,113,Park,35.67713452844016,139.71837043762207,2012-04-08 17:57:04,2012-04-02,train,1056_0
1056,371,69,Train Station,35.681167389425845,139.7114396095276,2012-04-08 18:29:36,2012-04-02,train,1056_0
1056,1183,56,Electronics Store,35.659920134819934,139.70194458961487,2012-04-08 19:31:27,2012-04-02,train,1056_0
1056,87,69,Train Station,35.65852172695124,139.7013260344949,2012-04-08 19:31:47,2012-04-02,train,1056_0
1056,4533,281,Train Station,35.65851721607773,139.70133304595947,2012-04-08 19:32:10,2012-04-02,train,1056_0
1056,1831,69,Train Station,35.65819631197759,139.70203042030334,2012-04-08 19:32:27,2012-04-02,train,1056_0
1057,541,69,Train Station,35.84768054178072,139.66914921998978,2012-04-04 13:07:19,2012-04-02,train,1057_0
1057,140,69,Train Station,35.71362076736724,139.77651776270966,2012-04-04 13:33:29,2012-04-02,train,1057_0
1057,3339,172,University,35.71363247772418,139.76267474333318,2012-04-04 13:51:16,2012-04-02,train,1057_0
1057,140,69,Train Station,35.71362076736724,139.77651776270966,2012-04-04 16:11:08,2012-04-02,train,1057_0
1057,43,69,Train Station,35.69080269423021,139.70027922656513,2012-04-04 16:39:29,2012-04-02,train,1057_0
1057,43,69,Train Station,35.69080269423021,139.70027922656513,2012-04-04 19:06:20,2012-04-02,train,1057_0
1057,158,69,Train Station,35.77806243973507,139.72083806991577,2012-04-04 23:53:14,2012-04-02,train,1057_0
1057,541,69,Train Station,35.84768054178072,139.66914921998978,2012-04-05 00:13:52,2012-04-02,train,1057_0
1057,143,69,Train Station,35.691670172683054,139.7708773612976,2012-04-05 20:50:03,2012-04-02,train,1057_0
1057,43,69,Train Station,35.69080269423021,139.70027922656513,2012-04-05 21:07:21,2012-04-02,train,1057_0
1057,269,69,Train Station,35.732117253229084,139.76670384407043,2012-04-06 22:34:27,2012-04-02,train,1057_0
1057,541,69,Train Station,35.84768054178072,139.66914921998978,2012-04-06 23:03:13,2012-04-02,train,1057_0
1057,38,113,Park,35.71406103497294,139.77407455444336,2012-04-08 10:15:11,2012-04-02,train,1057_0
1058,1848,69,Train Station,35.7277712437567,139.77096319198608,2012-04-08 12:17:36,2012-04-02,train,1058_0
1058,4402,69,Train Station,35.72899831313688,139.77136556614076,2012-04-08 12:27:08,2012-04-02,train,1058_0
1059,1246,39,Food & Drink Shop,35.699009922821006,139.51148353237346,2012-04-05 18:23:10,2012-04-02,train,1059_0
1059,3040,44,Bar,35.702382,139.770578,2012-04-08 22:04:23,2012-04-02,train,1059_0
1059,279,69,Train Station,35.699583,139.765222,2012-04-08 23:26:56,2012-04-02,train,1059_0
1060,141,69,Train Station,35.70735750443432,139.77461636066437,2012-04-04 20:02:44,2012-04-02,train,1060_0
1060,333,69,Train Station,35.65561813580688,139.75674211978912,2012-04-08 17:04:48,2012-04-02,train,1060_0
1060,178,236,Subway,35.65686825257085,139.754547162523,2012-04-08 17:05:12,2012-04-02,train,1060_0
1060,1137,236,Subway,35.663315368578374,139.7321167588234,2012-04-08 17:20:27,2012-04-02,train,1060_0
1060,6554,219,Performing Arts Venue,35.663816578277306,139.73087221384048,2012-04-08 18:16:07,2012-04-02,train,1060_0
1060,1137,236,Subway,35.663315368578374,139.7321167588234,2012-04-08 20:18:24,2012-04-02,train,1060_0
1060,2914,236,Subway,35.65637655975392,139.75460708141327,2012-04-08 20:34:03,2012-04-02,train,1060_0
1060,1549,69,Train Station,35.65563992969896,139.7567367553711,2012-04-08 20:34:19,2012-04-02,train,1060_0
1061,7341,221,Toy / Game Store,35.553286634387135,139.57770498468147,2012-04-08 17:33:02,2012-04-02,train,1061_0
1061,1541,56,Electronics Store,35.5491975084849,139.57818746566772,2012-04-08 17:40:50,2012-04-02,train,1061_0
1062,267,56,Electronics Store,35.71114927176825,139.77445542812347,2012-04-05 21:04:43,2012-04-02,train,1062_0
1062,619,69,Train Station,35.78669651052231,139.7061824798584,2012-04-08 10:37:20,2012-04-02,train,1062_0
1065,4560,128,Gym / Fitness Center,35.67906056635195,139.76271271705627,2012-04-06 22:47:46,2012-04-02,train,1065_0
1065,2309,56,Electronics Store,35.691192224876474,139.6953478074662,2012-04-08 17:35:40,2012-04-02,train,1065_0
1065,1310,225,Department Store,35.73134866260269,139.70748871564865,2012-04-08 19:18:38,2012-04-02,train,1065_0
1065,1564,225,Department Store,35.7294779855176,139.71199699788025,2012-04-08 19:26:32,2012-04-02,train,1065_0
1065,2723,56,Electronics Store,35.729813636461195,139.71428275108337,2012-04-08 19:50:44,2012-04-02,train,1065_0
1068,4160,256,Convenience Store,35.56659719855399,139.73632514476776,2012-04-04 08:34:53,2012-04-02,train,1068_0
1068,5402,59,Office,35.55480815243382,139.74032206201693,2012-04-04 08:56:07,2012-04-02,train,1068_0
1068,3478,97,Diner,35.55256689307466,139.74059522151947,2012-04-04 12:43:12,2012-04-02,train,1068_0
1068,5402,59,Office,35.55480815243382,139.74032206201693,2012-04-04 13:28:59,2012-04-02,train,1068_0
1068,4160,256,Convenience Store,35.56659719855399,139.73632514476776,2012-04-05 08:32:16,2012-04-02,train,1068_0
1068,5402,59,Office,35.55474172998587,139.7402322490743,2012-04-05 08:54:05,2012-04-02,train,1068_0
1068,3802,39,Food & Drink Shop,35.57725684278584,139.73624467849731,2012-04-06 23:35:22,2012-04-02,train,1068_0
1068,3047,122,Fast Food Restaurant,35.578701,139.734786,2012-04-07 22:36:34,2012-04-02,train,1068_0
1069,1848,69,Train Station,35.7277712437567,139.77096319198608,2012-04-04 07:29:03,2012-04-02,train,1069_0
1069,275,69,Train Station,35.71048066190842,139.8133099079132,2012-04-05 19:24:47,2012-04-02,train,1069_0
1069,178,236,Subway,35.65686825257085,139.754547162523,2012-04-05 19:54:46,2012-04-02,train,1069_0
1069,6157,237,Mall,35.61223214987442,139.627765417099,2012-04-08 12:16:23,2012-04-02,train,1069_0
1069,164,69,Train Station,35.60753807817138,139.6688391408238,2012-04-08 13:14:11,2012-04-02,train,1069_0
1069,291,69,Train Station,35.58049,139.661864,2012-04-08 14:55:50,2012-04-02,train,1069_0
1069,924,236,Subway,35.7085815179701,139.80461955070496,2012-04-08 16:02:57,2012-04-02,train,1069_0
1069,275,69,Train Station,35.71048066190842,139.8133099079132,2012-04-08 16:58:54,2012-04-02,train,1069_0
1069,528,69,Train Station,35.664592357520384,139.78460490703583,2012-04-08 17:41:49,2012-04-02,train,1069_0
1069,643,56,Electronics Store,35.67543940231658,139.7628951072693,2012-04-08 19:49:12,2012-04-02,train,1069_0
1070,3527,198,Coffee Shop,35.61307820764718,139.6268105506897,2012-04-04 16:13:01,2012-04-02,train,1070_0
1070,87,69,Train Station,35.65852172695124,139.7013260344949,2012-04-05 20:06:03,2012-04-02,train,1070_0
1070,87,69,Train Station,35.65852172695124,139.7013260344949,2012-04-08 16:30:14,2012-04-02,train,1070_0
1071,6429,73,Bus Station,35.83330167547013,139.6693879365921,2012-04-04 19:20:35,2012-04-02,train,1071_0
1071,706,69,Train Station,35.82746937062757,139.6603274345398,2012-04-05 18:35:16,2012-04-02,train,1071_0
1071,702,69,Train Station,35.808033959768906,139.67804074287417,2012-04-05 18:41:22,2012-04-02,train,1071_0
1071,6213,237,Mall,35.7778317788147,139.72088634967804,2012-04-05 19:24:51,2012-04-02,train,1071_0
1071,158,69,Train Station,35.77806243973507,139.72083806991577,2012-04-05 19:25:12,2012-04-02,train,1071_0
1071,6429,73,Bus Station,35.83330167547013,139.6693879365921,2012-04-06 22:06:47,2012-04-02,train,1071_0
1072,2986,69,Train Station,35.71295470815622,139.70370411872864,2012-04-04 06:54:01,2012-04-02,train,1072_0
1072,1615,69,Train Station,35.645731813210055,139.7475689649582,2012-04-04 07:21:53,2012-04-02,train,1072_0
1072,1745,122,Fast Food Restaurant,35.646719821283135,139.74569405216698,2012-04-04 07:25:30,2012-04-02,train,1072_0
1072,658,69,Train Station,35.72623397120851,139.59207594394684,2012-04-04 18:22:15,2012-04-02,train,1072_0
1072,1525,122,Fast Food Restaurant,35.72680228647113,139.59130346775055,2012-04-04 18:25:53,2012-04-02,train,1072_0
1072,1615,69,Train Station,35.645731813210055,139.7475689649582,2012-04-05 17:36:01,2012-04-02,train,1072_0
1072,952,69,Train Station,35.727622687673325,139.57712778520306,2012-04-05 18:44:02,2012-04-02,train,1072_0
1073,203,236,Subway,35.68859747284611,139.71069127321243,2012-04-04 06:56:43,2012-04-02,train,1073_0
1073,464,113,Park,35.690694241145245,139.71149325370789,2012-04-04 06:59:06,2012-04-02,train,1073_0
1073,599,39,Food & Drink Shop,35.691278058768084,139.71125185489657,2012-04-04 07:05:31,2012-04-02,train,1073_0
1075,87,69,Train Station,35.65852172695124,139.7013260344949,2012-04-04 06:53:51,2012-04-02,train,1075_0
1075,2326,197,Bridge,35.6581853412536,139.70290181297264,2012-04-04 06:54:13,2012-04-02,train,1075_0
1075,2155,229,Road,35.65857769191824,139.71078515052795,2012-04-04 07:02:40,2012-04-02,train,1075_0
1075,5260,229,Road,35.65972101615581,139.7234745375759,2012-04-04 07:15:42,2012-04-02,train,1075_0
1075,46,237,Mall,35.660512894632895,139.72921192646027,2012-04-04 07:20:59,2012-04-02,train,1075_0
1075,2224,112,Other Great Outdoors,35.66214296143002,139.7328007221222,2012-04-04 07:25:28,2012-04-02,train,1075_0
1075,3415,113,Park,35.664391,139.733684,2012-04-04 07:27:30,2012-04-02,train,1075_0
1075,7185,39,Food & Drink Shop,35.66443545895572,139.7351610660553,2012-04-04 07:31:19,2012-04-02,train,1075_0
1075,4083,112,Other Great Outdoors,35.66529713170683,139.73672466110602,2012-04-04 07:33:53,2012-04-02,train,1075_0
1075,5143,197,Bridge,35.66650998172986,139.73862648010254,2012-04-04 07:36:54,2012-04-02,train,1075_0
1075,2985,256,Convenience Store,35.667268302231044,139.73871231079102,2012-04-04 07:45:07,2012-04-02,train,1075_0
1075,331,69,Train Station,35.64687830575068,139.7099483013153,2012-04-04 15:25:21,2012-04-02,train,1075_0
1075,354,69,Train Station,35.6483652265509,139.70339048812886,2012-04-04 15:31:36,2012-04-02,train,1075_0
1075,3831,69,Train Station,35.607295180716946,139.66867446899414,2012-04-04 15:43:53,2012-04-02,train,1075_0
1075,2985,256,Convenience Store,35.667268302231044,139.73871231079102,2012-04-05 08:14:06,2012-04-02,train,1075_0
1077,158,69,Train Station,35.77806243973507,139.72083806991577,2012-04-06 22:27:23,2012-04-02,train,1077_0
1077,3682,122,Fast Food Restaurant,35.81539457213226,139.7049593925476,2012-04-06 22:41:39,2012-04-02,train,1077_0
1078,6455,26,Japanese Restaurant,35.67110724187532,139.72071613073382,2012-04-04 12:23:56,2012-04-02,train,1078_0
1078,227,236,Subway,35.653864625193144,139.74980257458688,2012-04-08 14:56:20,2012-04-02,train,1078_0
1078,4272,113,Park,35.65495995746399,139.74836826324463,2012-04-08 15:23:45,2012-04-02,train,1078_0
1080,103,69,Train Station,35.536940832577606,139.63486790657043,2012-04-08 13:06:53,2012-04-02,train,1080_0
1080,289,69,Train Station,35.55319972801149,139.64681446552277,2012-04-08 13:19:10,2012-04-02,train,1080_0
1080,5817,69,Train Station,35.607041101221995,139.73500836365807,2012-04-08 13:58:09,2012-04-02,train,1080_0
1080,972,68,Government Building,35.69406638249968,139.75363612174988,2012-04-08 16:13:31,2012-04-02,train,1080_0
1080,142,69,Train Station,35.698596195264464,139.77301824864617,2012-04-08 20:08:13,2012-04-02,train,1080_0
1082,5280,197,Bridge,35.51790643453024,139.6312997492947,2012-04-04 08:42:21,2012-04-02,train,1082_0
1082,5280,197,Bridge,35.51790643453024,139.6312997492947,2012-04-04 19:36:59,2012-04-02,train,1082_0
1082,5280,197,Bridge,35.517956486436894,139.63097104266978,2012-04-05 08:49:04,2012-04-02,train,1082_0
1082,5280,197,Bridge,35.51790643453024,139.6312997492947,2012-04-08 08:49:18,2012-04-02,train,1082_0
1086,4503,69,Train Station,35.698494824429865,139.7725135087967,2012-04-08 13:46:30,2012-04-02,train,1086_0
1086,633,56,Electronics Store,35.69901541704127,139.7746217250824,2012-04-08 14:04:29,2012-04-02,train,1086_0
1086,2938,32,Bookstore,35.6989849221703,139.77105975151062,2012-04-08 14:17:30,2012-04-02,train,1086_0
1086,6588,32,Bookstore,35.699507689773235,139.77045357227323,2012-04-08 14:31:28,2012-04-02,train,1086_0
1086,3576,32,Bookstore,35.700371337908884,139.77054342627525,2012-04-08 14:47:45,2012-04-02,train,1086_0
1086,5763,233,Hobby Shop,35.70154138323032,139.7710560491782,2012-04-08 15:06:03,2012-04-02,train,1086_0
1086,1792,56,Electronics Store,35.69980827959299,139.77182149887085,2012-04-08 15:22:53,2012-04-02,train,1086_0
1086,101,32,Bookstore,35.700426881163665,139.77175176143646,2012-04-08 15:46:12,2012-04-02,train,1086_0
1086,388,122,Fast Food Restaurant,35.69980392322686,139.77180004119873,2012-04-08 16:06:41,2012-04-02,train,1086_0
1086,1360,233,Hobby Shop,35.698327101400224,139.77162837982178,2012-04-08 18:07:35,2012-04-02,train,1086_0
1086,4503,69,Train Station,35.698494824429865,139.7725135087967,2012-04-08 18:16:03,2012-04-02,train,1086_0
1086,142,69,Train Station,35.698596195264464,139.77301824864617,2012-04-08 18:16:27,2012-04-02,train,1086_0
1086,189,69,Train Station,35.729864636451765,139.7109555727517,2012-04-08 18:38:42,2012-04-02,train,1086_0
1087,1922,39,Food & Drink Shop,35.72019459,139.78428863,2012-04-04 22:27:03,2012-04-02,train,1087_0
1087,4379,256,Convenience Store,35.71914384308318,139.78679895401,2012-04-04 22:46:37,2012-04-02,train,1087_0
1087,3235,69,Train Station,35.74933348066473,139.80510234832764,2012-04-08 09:55:19,2012-04-02,train,1087_0
1087,281,69,Train Station,35.74964694346383,139.80514526367188,2012-04-08 21:26:13,2012-04-02,train,1087_0
1087,4379,256,Convenience Store,35.71914384308318,139.78679895401,2012-04-08 21:50:18,2012-04-02,train,1087_0
1088,189,69,Train Station,35.729864636451765,139.7109555727517,2012-04-04 07:05:27,2012-04-02,train,1088_0
1088,323,69,Train Station,35.64592362299403,139.8269248008728,2012-04-04 19:36:35,2012-04-02,train,1088_0
1088,3645,200,Arcade,35.72983105536349,139.71479773521423,2012-04-04 20:37:27,2012-04-02,train,1088_0
1088,323,69,Train Station,35.64592362299403,139.8269248008728,2012-04-05 20:05:15,2012-04-02,train,1088_0
1088,189,69,Train Station,35.729864636451765,139.7109555727517,2012-04-08 10:24:18,2012-04-02,train,1088_0
1090,1129,189,Ramen /  Noodle House,35.639743,139.66841799,2012-04-04 20:12:04,2012-04-02,train,1090_0
1090,285,69,Train Station,35.608468006000365,139.64779202361206,2012-04-04 20:38:03,2012-04-02,train,1090_0
1090,5817,69,Train Station,35.607041101221995,139.73500836365807,2012-04-04 21:06:53,2012-04-02,train,1090_0
1090,6157,237,Mall,35.61223214987442,139.627765417099,2012-04-04 22:32:52,2012-04-02,train,1090_0
1090,2179,113,Park,35.62575055873029,139.66177582740784,2012-04-05 01:36:24,2012-04-02,train,1090_0
1090,4273,140,Stadium,35.62558976850599,139.66365538537502,2012-04-05 01:36:39,2012-04-02,train,1090_0
1090,2531,39,Food & Drink Shop,35.643716215726734,139.66965147124245,2012-04-07 21:37:56,2012-04-02,train,1090_0
1090,6368,32,Bookstore,35.64554199991932,139.6694272071268,2012-04-07 21:38:11,2012-04-02,train,1090_0
1090,7069,113,Park,35.625378389184434,139.6616931082101,2012-04-08 17:18:36,2012-04-02,train,1090_0
1090,2179,113,Park,35.62575055873029,139.66177582740784,2012-04-08 17:18:48,2012-04-02,train,1090_0
1090,4273,140,Stadium,35.62558976850599,139.66365538537502,2012-04-08 17:19:06,2012-04-02,train,1090_0
1092,1252,69,Train Station,35.628121197991504,139.73798198030258,2012-04-04 06:42:44,2012-04-02,train,1092_0
1092,1252,69,Train Station,35.628121197991504,139.73798198030258,2012-04-04 22:06:24,2012-04-02,train,1092_0
1092,4234,26,Japanese Restaurant,35.64691994149861,139.7462469333316,2012-04-05 20:02:52,2012-04-02,train,1092_0
1092,3973,229,Road,35.646869587238285,139.8504638671875,2012-04-08 18:18:32,2012-04-02,train,1092_0
1093,2434,69,Train Station,35.67067629738875,139.70252394676208,2012-04-04 18:52:20,2012-04-02,train,1093_0
1093,2434,69,Train Station,35.67067629738875,139.70252394676208,2012-04-05 08:55:45,2012-04-02,train,1093_0
1093,2434,69,Train Station,35.67067629738875,139.70252394676208,2012-04-05 19:32:53,2012-04-02,train,1093_0
1097,6635,5,Home (private),35.65596038888758,139.5432745174086,2012-04-04 09:20:42,2012-04-02,train,1097_0
1097,220,69,Train Station,35.651889113311164,139.5443956553936,2012-04-04 11:16:57,2012-04-02,train,1097_0
1097,142,69,Train Station,35.698596195264464,139.77301824864617,2012-04-04 12:47:36,2012-04-02,train,1097_0
1097,99,69,Train Station,35.67497849562972,139.76321881841366,2012-04-04 15:28:38,2012-04-02,train,1097_0
1097,221,56,Electronics Store,35.67226693586124,139.76577579975128,2012-04-04 15:38:21,2012-04-02,train,1097_0
1097,236,236,Subway,35.67204468417157,139.76417183876038,2012-04-04 16:09:26,2012-04-02,train,1097_0
1097,43,69,Train Station,35.69080269423021,139.70027922656513,2012-04-04 16:33:03,2012-04-02,train,1097_0
1097,220,69,Train Station,35.651889113311164,139.5443956553936,2012-04-04 16:55:52,2012-04-02,train,1097_0
1097,6449,59,Office,35.64633786678314,139.5296287536621,2012-04-08 02:47:53,2012-04-02,train,1097_0
1097,5016,164,College Academic Building,35.65788575839479,139.5424483716488,2012-04-08 09:25:44,2012-04-02,train,1097_0
1097,6635,5,Home (private),35.65596038888758,139.5432745174086,2012-04-08 09:25:53,2012-04-02,train,1097_0
1097,43,69,Train Station,35.69080269423021,139.70027922656513,2012-04-08 10:20:09,2012-04-02,train,1097_0
1097,189,69,Train Station,35.729864636451765,139.7109555727517,2012-04-08 10:30:02,2012-04-02,train,1097_0
1097,5016,164,College Academic Building,35.65788575839479,139.5424483716488,2012-04-08 18:42:51,2012-04-02,train,1097_0
1097,6635,5,Home (private),35.65596038888758,139.5432745174086,2012-04-08 18:43:04,2012-04-02,train,1097_0
1097,546,39,Food & Drink Shop,35.653595636737414,139.54398930072784,2012-04-08 22:45:19,2012-04-02,train,1097_0
1099,43,69,Train Station,35.69080269423021,139.70027922656513,2012-04-04 09:22:55,2012-04-02,train,1099_0
1099,43,69,Train Station,35.69080269423021,139.70027922656513,2012-04-05 09:22:46,2012-04-02,train,1099_0
1099,43,69,Train Station,35.69080269423021,139.70027922656513,2012-04-06 21:58:07,2012-04-02,train,1099_0
1100,1115,69,Train Station,35.67058042227619,139.6089470386505,2012-04-04 14:06:21,2012-04-02,train,1100_0
1100,4451,39,Food & Drink Shop,35.67032672621309,139.60903651199118,2012-04-04 14:06:54,2012-04-02,train,1100_0
1100,5176,256,Convenience Store,35.67278116288847,139.60855811834335,2012-04-08 10:06:12,2012-04-02,train,1100_0
1100,1115,69,Train Station,35.67058042227619,139.6089470386505,2012-04-08 10:12:53,2012-04-02,train,1100_0
1106,6051,200,Arcade,35.7294609028698,139.68289218842983,2012-04-04 12:44:18,2012-04-02,train,1106_0
1106,1256,69,Train Station,35.7300438000342,139.68302911996523,2012-04-04 12:48:01,2012-04-02,train,1106_0
1106,189,69,Train Station,35.729864636451765,139.7109555727517,2012-04-04 12:56:28,2012-04-02,train,1106_0
1106,3291,172,University,35.74800995745808,139.80660438537598,2012-04-04 13:36:19,2012-04-02,train,1106_0
1106,7487,172,University,35.74874857553843,139.8065361877946,2012-04-04 13:36:43,2012-04-02,train,1106_0
1106,2195,69,Train Station,35.74399571629637,139.81157183647156,2012-04-04 16:25:44,2012-04-02,train,1106_0
1106,3291,172,University,35.74800995745808,139.80660438537598,2012-04-04 16:26:04,2012-04-02,train,1106_0
1106,281,69,Train Station,35.74964694346383,139.80514526367188,2012-04-04 20:43:48,2012-04-02,train,1106_0
1106,269,69,Train Station,35.732117253229084,139.76670384407043,2012-04-04 20:44:05,2012-04-02,train,1106_0
1106,1930,69,Train Station,35.666692051408944,139.7581327376774,2012-04-04 20:47:58,2012-04-02,train,1106_0
1106,189,69,Train Station,35.729864636451765,139.7109555727517,2012-04-04 20:48:51,2012-04-02,train,1106_0
1106,6051,200,Arcade,35.7294609028698,139.68289218842983,2012-04-04 23:00:37,2012-04-02,train,1106_0
1106,281,69,Train Station,35.74964694346383,139.80514526367188,2012-04-07 23:58:54,2012-04-02,train,1106_0
1106,3291,172,University,35.74800995745808,139.80660438537598,2012-04-08 11:57:58,2012-04-02,train,1106_0
1106,1564,225,Department Store,35.7294779855176,139.71199699788025,2012-04-08 14:51:33,2012-04-02,train,1106_0
1106,189,69,Train Station,35.729864636451765,139.7109555727517,2012-04-08 14:51:52,2012-04-02,train,1106_0
1106,281,69,Train Station,35.74964694346383,139.80514526367188,2012-04-08 17:42:47,2012-04-02,train,1106_0
1109,43,69,Train Station,35.69080269423021,139.70027922656513,2012-04-05 17:56:27,2012-04-02,train,1109_0
1109,665,200,Arcade,35.68987514653078,139.70226645469666,2012-04-05 17:59:07,2012-04-02,train,1109_0
1109,43,69,Train Station,35.69080269423021,139.70027922656513,2012-04-05 18:49:50,2012-04-02,train,1109_0
1109,271,236,Subway,35.66511535050908,139.71245884895325,2012-04-08 17:46:50,2012-04-02,train,1109_0
1110,3226,59,Office,35.66470567295868,139.73950624465942,2012-04-04 09:11:48,2012-04-02,train,1110_0
1110,3226,59,Office,35.66470567295868,139.73950624465942,2012-04-05 17:43:58,2012-04-02,train,1110_0
1110,4286,69,Train Station,35.575729760171434,139.65965151786804,2012-04-08 09:01:46,2012-04-02,train,1110_0
1110,2644,213,Spa / Massage,35.540446049016325,139.68335688114166,2012-04-08 15:09:40,2012-04-02,train,1110_0
1111,1347,69,Train Station,35.582599994424406,139.67325476479772,2012-04-04 08:47:37,2012-04-02,train,1111_0
1111,5132,59,Office,35.65785415813797,139.69785690307617,2012-04-04 13:47:01,2012-04-02,train,1111_0
1111,1831,69,Train Station,35.65819631197759,139.70203042030334,2012-04-04 19:37:24,2012-04-02,train,1111_0
1111,5132,59,Office,35.65785415813797,139.69785690307617,2012-04-05 09:22:39,2012-04-02,train,1111_0
1114,6748,45,Flower Shop,35.533384,139.685275,2012-04-04 07:44:53,2012-04-02,train,1114_0
1114,1445,88,Temple,35.53376287009823,139.72946405410767,2012-04-04 11:06:57,2012-04-02,train,1114_0
1114,6748,45,Flower Shop,35.533384,139.685275,2012-04-04 16:03:58,2012-04-02,train,1114_0
1114,6153,59,Office,35.580707655155585,139.75530276790872,2012-04-06 23:22:24,2012-04-02,train,1114_0
1114,559,59,Office,35.5804195675889,139.75525785007932,2012-04-06 23:22:38,2012-04-02,train,1114_0
1114,6321,31,Gas Station / Garage,35.529774,139.72983,2012-04-08 15:35:20,2012-04-02,train,1114_0
1119,2571,14,Dumpling Restaurant,35.643750478382515,139.67040449380875,2012-04-05 19:13:50,2012-04-02,train,1119_0
1119,3865,69,Train Station,35.64351288927903,139.67115819454193,2012-04-05 19:31:49,2012-04-02,train,1119_0
1119,5417,69,Train Station,35.666963231631065,139.7583782672882,2012-04-05 19:54:57,2012-04-02,train,1119_0
1119,87,69,Train Station,35.65852172695124,139.7013260344949,2012-04-08 17:26:03,2012-04-02,train,1119_0
1119,2115,56,Electronics Store,35.659824246789654,139.69820022583008,2012-04-08 17:38:01,2012-04-02,train,1119_0
1120,209,69,Train Station,35.58843420093637,139.7279191017151,2012-04-04 09:22:10,2012-04-02,train,1120_0
1120,109,69,Train Station,35.63014572966312,139.74042892456055,2012-04-04 20:54:46,2012-04-02,train,1120_0
1120,209,69,Train Station,35.58843420093637,139.7279191017151,2012-04-04 21:01:47,2012-04-02,train,1120_0
1120,189,69,Train Station,35.729864636451765,139.7109555727517,2012-04-07 21:40:33,2012-04-02,train,1120_0
1120,209,69,Train Station,35.58843420093637,139.7279191017151,2012-04-07 22:22:04,2012-04-02,train,1120_0
1120,7474,208,Playground,35.585255033567705,139.72646752934247,2012-04-08 13:32:35,2012-04-02,train,1120_0
1120,208,69,Train Station,35.53132692901326,139.69690203666687,2012-04-08 13:46:17,2012-04-02,train,1120_0
1120,4286,69,Train Station,35.575729760171434,139.65965151786804,2012-04-08 14:13:01,2012-04-02,train,1120_0
1120,3766,113,Park,35.585087888619974,139.65060700852948,2012-04-08 14:32:25,2012-04-02,train,1120_0
1120,641,140,Stadium,35.58580305947766,139.65271532535553,2012-04-08 14:40:13,2012-04-02,train,1120_0
1120,4286,69,Train Station,35.575729760171434,139.65965151786804,2012-04-08 18:33:05,2012-04-02,train,1120_0
1120,209,69,Train Station,35.58843420093637,139.7279191017151,2012-04-08 18:59:06,2012-04-02,train,1120_0
1121,44,69,Train Station,35.68137872227962,139.76608157157898,2012-04-07 23:17:45,2012-04-02,train,1121_0
1121,142,69,Train Station,35.698596195264464,139.77301824864617,2012-04-08 08:48:49,2012-04-02,train,1121_0
1121,107,236,Subway,35.673892404894445,139.75096464157104,2012-04-08 09:13:39,2012-04-02,train,1121_0
1121,744,135,Movie Theater,35.69268748146288,139.7036612033844,2012-04-08 11:51:08,2012-04-02,train,1121_0
1121,142,69,Train Station,35.698596195264464,139.77301824864617,2012-04-08 13:47:06,2012-04-02,train,1121_0
1121,7022,121,Café,35.699527,139.770389,2012-04-08 13:57:31,2012-04-02,train,1121_0
1121,6546,189,Ramen /  Noodle House,35.69833581429357,139.77152109146118,2012-04-08 17:48:09,2012-04-02,train,1121_0
1121,1495,200,Arcade,35.69870393316757,139.77099269628525,2012-04-08 17:57:24,2012-04-02,train,1121_0
1122,2589,39,Food & Drink Shop,35.64272348630441,139.66196717300718,2012-04-06 22:01:43,2012-04-02,train,1122_0
1122,5286,180,Restaurant,35.6978348213798,139.7714540362358,2012-04-07 22:46:49,2012-04-02,train,1122_0
1122,649,63,Video Store,35.64367418838043,139.66929137706757,2012-04-08 00:25:41,2012-04-02,train,1122_0
1122,1380,122,Fast Food Restaurant,35.64382240888921,139.6706485748291,2012-04-08 23:33:36,2012-04-02,train,1122_0
1124,1692,122,Fast Food Restaurant,35.68869332631343,139.69842553138733,2012-04-05 19:06:36,2012-04-02,train,1124_0
1124,1001,269,Shrine,35.69442362943279,139.74307894706726,2012-04-08 16:56:27,2012-04-02,train,1124_0
1126,752,69,Train Station,35.74757458317166,139.84018564224243,2012-04-04 07:34:45,2012-04-02,train,1126_0
1126,300,69,Train Station,35.74588638274114,139.85629266137698,2012-04-04 07:46:52,2012-04-02,train,1126_0
1126,3349,236,Subway,35.68635577595945,139.78224858641624,2012-04-04 08:31:53,2012-04-02,train,1126_0
1126,3349,236,Subway,35.68635577595945,139.78224858641624,2012-04-04 21:01:17,2012-04-02,train,1126_0
1126,752,69,Train Station,35.74757458317166,139.84018564224243,2012-04-04 21:31:02,2012-04-02,train,1126_0
1126,752,69,Train Station,35.74757458317166,139.84018564224243,2012-04-05 07:49:46,2012-04-02,train,1126_0
1126,300,69,Train Station,35.74588638274114,139.85629266137698,2012-04-05 07:54:25,2012-04-02,train,1126_0
1126,6399,284,Nursery School,35.74743961665934,139.85715866088867,2012-04-05 07:55:15,2012-04-02,train,1126_0
1126,3349,236,Subway,35.68635577595945,139.78224858641624,2012-04-05 08:40:30,2012-04-02,train,1126_0
1126,3349,236,Subway,35.68635577595945,139.78224858641624,2012-04-06 23:31:12,2012-04-02,train,1126_0
1127,700,69,Train Station,35.79123348242127,139.69139009714127,2012-04-04 08:34:31,2012-04-02,train,1127_0
1127,73,69,Train Station,35.70537552095303,139.64986145496368,2012-04-04 18:56:28,2012-04-02,train,1127_0
1127,700,69,Train Station,35.79123348242127,139.69139009714127,2012-04-05 08:34:18,2012-04-02,train,1127_0
1127,700,69,Train Station,35.79123348242127,139.69139009714127,2012-04-08 10:25:51,2012-04-02,train,1127_0
1127,1970,69,Train Station,35.84562439273162,139.64698018862993,2012-04-08 10:45:27,2012-04-02,train,1127_0
1127,1970,69,Train Station,35.84562439273162,139.64698018862993,2012-04-08 15:36:51,2012-04-02,train,1127_0
1130,690,236,Subway,35.669590069204546,139.8175974190235,2012-04-04 07:06:34,2012-04-02,train,1130_0
1130,3845,236,Subway,35.68468154239262,139.7660493850708,2012-04-04 07:21:30,2012-04-02,train,1130_0
1130,772,69,Train Station,35.82801739067087,139.69051837921145,2012-04-04 07:57:24,2012-04-02,train,1130_0
1130,772,69,Train Station,35.82801739067087,139.69051837921145,2012-04-04 19:44:31,2012-04-02,train,1130_0
1130,269,69,Train Station,35.732117253229084,139.76670384407043,2012-04-04 19:55:35,2012-04-02,train,1130_0
1130,2690,236,Subway,35.68598868936885,139.7634315490723,2012-04-04 20:13:53,2012-04-02,train,1130_0
1130,772,69,Train Station,35.82801739067087,139.69051837921145,2012-04-05 17:35:17,2012-04-02,train,1130_0
1130,269,69,Train Station,35.732117253229084,139.76670384407043,2012-04-05 18:04:49,2012-04-02,train,1130_0
1133,102,69,Train Station,35.72614905018888,139.51322972774506,2012-04-04 18:33:21,2012-04-02,train,1133_0
1133,43,69,Train Station,35.69080269423021,139.70027922656513,2012-04-04 19:01:17,2012-04-02,train,1133_0
1133,225,236,Subway,35.6684885729729,139.70538854599,2012-04-04 19:05:51,2012-04-02,train,1133_0
1133,94,69,Train Station,35.66898975019524,139.67971444129944,2012-04-04 19:24:45,2012-04-02,train,1133_0
1133,122,69,Train Station,35.64356520253678,139.67065930366516,2012-04-04 20:16:37,2012-04-02,train,1133_0
1133,43,69,Train Station,35.69080269423021,139.70027922656513,2012-04-05 18:59:41,2012-04-02,train,1133_0
1133,225,236,Subway,35.6684885729729,139.70538854599,2012-04-05 19:08:09,2012-04-02,train,1133_0
1133,122,69,Train Station,35.64356520253678,139.67065930366516,2012-04-05 20:46:15,2012-04-02,train,1133_0
1133,170,69,Train Station,35.6513682132017,139.63663816452026,2012-04-08 16:26:54,2012-04-02,train,1133_0
1133,247,69,Train Station,35.65363050784492,139.6473777294159,2012-04-08 16:46:24,2012-04-02,train,1133_0
1133,384,234,Light Rail,35.653898578975515,139.64655227959156,2012-04-08 17:47:58,2012-04-02,train,1133_0
1133,122,69,Train Station,35.64356520253678,139.67065930366516,2012-04-08 18:05:01,2012-04-02,train,1133_0
1134,2487,69,Train Station,35.57490948663387,139.663245677948,2012-04-08 14:00:46,2012-04-02,train,1134_0
1134,641,140,Stadium,35.58580305947766,139.65271532535553,2012-04-08 15:31:42,2012-04-02,train,1134_0
1134,4286,69,Train Station,35.575729760171434,139.65965151786804,2012-04-08 18:33:15,2012-04-02,train,1134_0
1134,2631,69,Train Station,35.65850795400803,139.70132499933243,2012-04-08 18:54:28,2012-04-02,train,1134_0
1134,43,69,Train Station,35.69080269423021,139.70027922656513,2012-04-08 19:05:48,2012-04-02,train,1134_0
1134,158,69,Train Station,35.77806243973507,139.72083806991577,2012-04-08 19:19:17,2012-04-02,train,1134_0
1136,4189,189,Ramen /  Noodle House,35.70755570007214,139.7313952445984,2012-04-04 12:53:03,2012-04-02,train,1136_0
1136,3082,81,Building,35.67483368013731,139.76440250873566,2012-04-08 15:54:04,2012-04-02,train,1136_0
1138,514,69,Train Station,35.60978987105579,139.74969863891602,2012-04-04 07:33:59,2012-04-02,train,1138_0
1138,124,56,Electronics Store,35.689809792874755,139.69790518283844,2012-04-04 21:27:26,2012-04-02,train,1138_0
1138,5327,121,Café,35.676186,139.676564,2012-04-04 21:52:56,2012-04-02,train,1138_0
1139,1729,269,Shrine,35.66750364161161,139.47896718978882,2012-04-04 07:17:32,2012-04-02,train,1139_0
1139,198,35,Bar,35.6916854215186,139.7011372447014,2012-04-06 22:24:27,2012-04-02,train,1139_0
1139,2877,281,Train Station,35.69017141576657,139.69892978668213,2012-04-06 23:12:54,2012-04-02,train,1139_0
1139,198,35,Bar,35.6916854215186,139.7011372447014,2012-04-07 22:03:01,2012-04-02,train,1139_0
1139,2877,281,Train Station,35.69017141576657,139.69892978668213,2012-04-07 23:10:17,2012-04-02,train,1139_0
1139,3691,189,Ramen /  Noodle House,35.701635754182334,139.77131724357605,2012-04-08 15:06:09,2012-04-02,train,1139_0
1139,472,269,Shrine,35.702056132756816,139.76794302463531,2012-04-08 15:24:16,2012-04-02,train,1139_0
1139,473,269,Shrine,35.69975164681503,139.7467803955078,2012-04-08 16:13:28,2012-04-02,train,1139_0
1139,198,35,Bar,35.6916854215186,139.7011372447014,2012-04-08 21:03:44,2012-04-02,train,1139_0
1139,2877,281,Train Station,35.69017141576657,139.69892978668213,2012-04-08 23:15:06,2012-04-02,train,1139_0
1139,1729,269,Shrine,35.66750364161161,139.47896718978882,2012-04-08 23:54:50,2012-04-02,train,1139_0
1142,44,69,Train Station,35.68137872227962,139.76608157157898,2012-04-04 09:23:44,2012-04-02,train,1142_0
1142,44,69,Train Station,35.68137872227962,139.76608157157898,2012-04-04 20:43:51,2012-04-02,train,1142_0
1142,1970,69,Train Station,35.84562439273162,139.64698018862993,2012-04-04 21:24:33,2012-04-02,train,1142_0
1142,44,69,Train Station,35.68137872227962,139.76608157157898,2012-04-05 09:12:41,2012-04-02,train,1142_0
1142,2988,236,Subway,35.730273058734824,139.71137791872025,2012-04-06 22:03:25,2012-04-02,train,1142_0
1142,189,69,Train Station,35.729864636451765,139.7109555727517,2012-04-07 00:02:14,2012-04-02,train,1142_0
1142,1970,69,Train Station,35.84562439273162,139.64698018862993,2012-04-07 00:28:42,2012-04-02,train,1142_0
1143,2487,69,Train Station,35.57490948663387,139.663245677948,2012-04-04 07:30:13,2012-04-02,train,1143_0
1143,4514,22,Indian Restaurant,35.67304699081541,139.7950440645218,2012-04-04 12:49:23,2012-04-02,train,1143_0
1143,681,69,Train Station,35.58105260772628,139.64142322540283,2012-04-05 08:05:30,2012-04-02,train,1143_0
1143,4346,189,Ramen /  Noodle House,35.58749190777766,139.62952226400375,2012-04-05 19:18:25,2012-04-02,train,1143_0
1143,4346,189,Ramen /  Noodle House,35.58749190777766,139.62952226400375,2012-04-07 22:24:15,2012-04-02,train,1143_0
1144,4007,200,Arcade,35.6656660010061,139.76007922441622,2012-04-04 18:06:36,2012-04-02,train,1144_0
1144,4007,200,Arcade,35.6656660010061,139.76007922441622,2012-04-05 18:46:36,2012-04-02,train,1144_0
1147,142,69,Train Station,35.698596195264464,139.77301824864617,2012-04-04 18:19:16,2012-04-02,train,1147_0
1147,143,69,Train Station,35.691670172683054,139.7708773612976,2012-04-05 09:09:29,2012-04-02,train,1147_0
1148,840,236,Subway,35.68939588514307,139.82619524002075,2012-04-04 16:48:51,2012-04-02,train,1148_0
1148,2533,236,Subway,35.68892097783667,139.69956278800964,2012-04-04 17:16:56,2012-04-02,train,1148_0
1148,1818,69,Train Station,35.688958355514494,139.70000973651244,2012-04-04 17:25:25,2012-04-02,train,1148_0
1148,299,69,Train Station,35.668361407560894,139.6504027448891,2012-04-04 20:47:31,2012-04-02,train,1148_0
1148,840,236,Subway,35.68939588514307,139.82619524002075,2012-04-04 21:34:32,2012-04-02,train,1148_0
1148,840,236,Subway,35.68939588514307,139.82619524002075,2012-04-05 08:49:20,2012-04-02,train,1148_0
1148,840,236,Subway,35.68939588514307,139.82619524002075,2012-04-08 07:41:22,2012-04-02,train,1148_0
1148,1431,236,Subway,35.68839378384561,139.80600357055664,2012-04-08 21:41:26,2012-04-02,train,1148_0
1148,840,236,Subway,35.68939588514307,139.82619524002075,2012-04-08 21:51:00,2012-04-02,train,1148_0
1150,1612,189,Ramen /  Noodle House,35.69312097740709,139.699447453022,2012-04-04 04:51:59,2012-04-02,train,1150_0
1150,1293,277,Neighborhood,35.69961659925912,139.77139234542847,2012-04-04 20:06:23,2012-04-02,train,1150_0
1150,4488,81,Building,35.7002155987725,139.77400481700897,2012-04-04 21:09:20,2012-04-02,train,1150_0
1150,1881,22,Indian Restaurant,35.698100565839084,139.6972292661667,2012-04-04 22:13:06,2012-04-02,train,1150_0
1150,5623,69,Train Station,35.66661457808932,139.75817441940308,2012-04-04 22:47:52,2012-04-02,train,1150_0
1150,4722,237,Mall,35.645204333929705,139.6086412668228,2012-04-07 22:14:37,2012-04-02,train,1150_0
1150,892,189,Ramen /  Noodle House,35.694759091559426,139.69819486141205,2012-04-08 15:07:41,2012-04-02,train,1150_0
1151,4719,105,Garden,35.68764437812624,139.7907793521881,2012-04-04 18:34:43,2012-04-02,train,1151_0
1151,242,113,Park,35.68818029107294,139.7887945175171,2012-04-04 18:39:15,2012-04-02,train,1151_0
1151,4238,26,Japanese Restaurant,35.68299746980147,139.78572338819504,2012-04-04 22:39:56,2012-04-02,train,1151_0
1151,242,113,Park,35.68818029107294,139.7887945175171,2012-04-08 12:12:16,2012-04-02,train,1151_0
1153,1947,189,Ramen /  Noodle House,35.659078931355985,139.6988707780838,2012-04-04 15:00:56,2012-04-02,train,1153_0
1153,4969,69,Train Station,35.681295932156175,139.76703107357025,2012-04-08 07:29:00,2012-04-02,train,1153_0
1154,43,69,Train Station,35.69080269423021,139.70027922656513,2012-04-04 12:18:30,2012-04-02,train,1154_0
1154,44,69,Train Station,35.68137872227962,139.76608157157898,2012-04-04 12:58:26,2012-04-02,train,1154_0
1154,44,69,Train Station,35.68137872227962,139.76608157157898,2012-04-04 23:52:19,2012-04-02,train,1154_0
1154,323,69,Train Station,35.64592362299403,139.8269248008728,2012-04-08 15:53:26,2012-04-02,train,1154_0
1156,3949,237,Mall,35.727685414924046,139.7663036686318,2012-04-04 16:24:37,2012-04-02,train,1156_0
1156,43,69,Train Station,35.69080269423021,139.70027922656513,2012-04-04 21:53:54,2012-04-02,train,1156_0
1156,2090,69,Train Station,35.69034569127357,139.6997880935669,2012-04-05 00:13:38,2012-04-02,train,1156_0
1156,43,69,Train Station,35.69080269423021,139.70027922656513,2012-04-05 00:14:57,2012-04-02,train,1156_0
1156,269,69,Train Station,35.732117253229084,139.76670384407043,2012-04-08 20:34:57,2012-04-02,train,1156_0
1159,3768,69,Train Station,35.646552450704014,139.71022725105286,2012-04-04 18:12:11,2012-04-02,train,1159_0
1159,3052,56,Electronics Store,35.73090666520053,139.708993434906,2012-04-04 18:39:34,2012-04-02,train,1159_0
1159,3768,69,Train Station,35.646552450704014,139.71022725105286,2012-04-05 18:02:11,2012-04-02,train,1159_0
1159,6560,69,Train Station,35.72963509249287,139.7094225883484,2012-04-05 18:19:18,2012-04-02,train,1159_0
1161,783,79,Library,35.6845900413022,139.78170812129974,2012-04-04 12:16:56,2012-04-02,train,1161_0
1161,783,79,Library,35.6845900413022,139.78170812129974,2012-04-05 18:10:56,2012-04-02,train,1161_0
1161,3411,79,Library,35.696902530535766,139.8393326997757,2012-04-08 14:07:55,2012-04-02,train,1161_0
1162,2030,20,Record Shop,35.66194683215934,139.67004507780075,2012-04-04 18:12:36,2012-04-02,train,1162_0
1162,358,236,Subway,35.670545558570325,139.7178554534912,2012-04-04 18:36:30,2012-04-02,train,1162_0
1162,358,236,Subway,35.670545558570325,139.7178554534912,2012-04-05 09:08:44,2012-04-02,train,1162_0
1173,1879,197,Bridge,35.623656,139.726675,2012-04-05 07:51:18,2012-04-02,train,1173_0
1173,6328,113,Park,35.66559706142247,139.69844907122473,2012-04-07 09:13:50,2012-04-02,train,1173_0
1173,4272,113,Park,35.65495995746399,139.74836826324463,2012-04-08 09:38:37,2012-04-02,train,1173_0
1173,3686,113,Park,35.66013806173322,139.72996830940247,2012-04-08 10:58:00,2012-04-02,train,1173_0
1175,191,56,Electronics Store,35.69642331137472,139.81417894363403,2012-04-04 10:52:54,2012-04-02,train,1175_0
1175,146,69,Train Station,35.6964320244761,139.81394290924072,2012-04-04 21:39:07,2012-04-02,train,1175_0
1175,304,69,Train Station,35.70025262768564,139.48025465011597,2012-04-04 22:30:33,2012-04-02,train,1175_0
1176,1875,68,Government Building,35.751270835144474,139.7092455625534,2012-04-06 21:54:35,2012-04-02,train,1176_0
1176,6829,237,Mall,35.7532865044643,139.70970690250397,2012-04-08 21:01:18,2012-04-02,train,1176_0
1177,189,69,Train Station,35.729864636451765,139.7109555727517,2012-04-04 09:53:52,2012-04-02,train,1177_0
1177,44,69,Train Station,35.68137872227962,139.76608157157898,2012-04-04 10:18:47,2012-04-02,train,1177_0
1177,87,69,Train Station,35.65852172695124,139.7013260344949,2012-04-04 10:58:40,2012-04-02,train,1177_0
1177,271,236,Subway,35.66511535050908,139.71245884895325,2012-04-04 13:02:11,2012-04-02,train,1177_0
1177,270,236,Subway,35.67683821078926,139.7701370716095,2012-04-04 13:17:31,2012-04-02,train,1177_0
1177,398,236,Subway,35.68239834096679,139.77385997772217,2012-04-04 13:18:57,2012-04-02,train,1177_0
1177,481,236,Subway,35.70300578811289,139.77166056632996,2012-04-04 13:25:57,2012-04-02,train,1177_0
1177,6749,273,Mobile Phone Shop,35.69943363123786,139.77163910865784,2012-04-04 13:35:35,2012-04-02,train,1177_0
1177,2954,200,Arcade,35.69876710132423,139.7701209783554,2012-04-04 13:40:42,2012-04-02,train,1177_0
1177,3576,32,Bookstore,35.700371337908884,139.77054342627525,2012-04-04 16:12:08,2012-04-02,train,1177_0
1177,6588,32,Bookstore,35.699507689773235,139.77045357227323,2012-04-04 16:35:04,2012-04-02,train,1177_0
1177,7349,273,Mobile Phone Shop,35.69940749291482,139.77112412452698,2012-04-04 16:52:55,2012-04-02,train,1177_0
1177,1195,200,Arcade,35.69903719908481,139.77086260914805,2012-04-04 16:55:10,2012-04-02,train,1177_0
1177,5883,200,Arcade,35.698025,139.772411,2012-04-04 17:11:24,2012-04-02,train,1177_0
1177,633,56,Electronics Store,35.69901541704127,139.7746217250824,2012-04-04 17:17:20,2012-04-02,train,1177_0
1177,142,69,Train Station,35.698596195264464,139.77301824864617,2012-04-04 18:14:11,2012-04-02,train,1177_0
1177,44,69,Train Station,35.68137872227962,139.76608157157898,2012-04-04 18:17:41,2012-04-02,train,1177_0
1178,859,237,Mall,35.678078961154846,139.76706242657212,2012-04-04 07:43:00,2012-04-02,train,1178_0
1178,859,237,Mall,35.6777414618205,139.7668028503964,2012-04-05 08:24:30,2012-04-02,train,1178_0
1178,4080,69,Train Station,35.67993968698292,139.76821526885033,2012-04-05 08:26:21,2012-04-02,train,1178_0
1178,4396,69,Train Station,35.683208797808,139.76889789104462,2012-04-05 08:37:18,2012-04-02,train,1178_0
1181,2711,69,Train Station,35.729025427145416,139.71109628677368,2012-04-05 08:24:15,2012-04-02,train,1181_0
1181,2521,234,Light Rail,35.62294240635874,139.75062131881714,2012-04-08 10:53:37,2012-04-02,train,1181_0
1181,1549,69,Train Station,35.65563992969896,139.7567367553711,2012-04-08 11:03:16,2012-04-02,train,1181_0
1181,4952,69,Train Station,35.71148684139082,139.77437496185303,2012-04-08 11:17:42,2012-04-02,train,1181_0
1182,615,69,Train Station,35.822215145141776,139.5751941204071,2012-04-04 12:57:06,2012-04-02,train,1182_0
1182,324,69,Train Station,35.77760438130889,139.63292732834816,2012-04-04 15:08:47,2012-04-02,train,1182_0
1182,5480,89,School,35.773992,139.635389,2012-04-04 16:03:42,2012-04-02,train,1182_0
1187,3590,39,Food & Drink Shop,35.73770175269203,139.76339352247854,2012-04-04 22:52:45,2012-04-02,train,1187_0
1187,6979,69,Train Station,35.681518158082845,139.7661030292511,2012-04-04 23:01:04,2012-04-02,train,1187_0
1187,6728,281,Train Station,35.681488182020246,139.76525968904457,2012-04-04 23:06:41,2012-04-02,train,1187_0
1187,7144,191,Bar,35.57436845055437,139.66206550598145,2012-04-04 23:41:45,2012-04-02,train,1187_0
1187,3320,229,Road,35.606928821039745,139.64049518108368,2012-04-07 21:38:07,2012-04-02,train,1187_0
1188,481,236,Subway,35.70300578811289,139.77166056632996,2012-04-04 19:07:29,2012-04-02,train,1188_0
1188,142,69,Train Station,35.698596195264464,139.77301824864617,2012-04-04 21:57:44,2012-04-02,train,1188_0
1190,6936,76,Government Building,35.61558798102164,139.57700461149216,2012-04-04 07:37:57,2012-04-02,train,1190_0
1190,6935,76,Government Building,35.61539609843528,139.57709446549416,2012-04-04 07:38:38,2012-04-02,train,1190_0
1190,4373,115,Scenic Lookout,35.614945347217834,139.57693870384873,2012-04-04 07:42:17,2012-04-02,train,1190_0
1190,6431,256,Convenience Store,35.61508865,139.5792603,2012-04-04 07:43:12,2012-04-02,train,1190_0
1190,6941,76,Government Building,35.61520639588036,139.57910478115082,2012-04-04 07:43:51,2012-04-02,train,1190_0
1190,6906,76,Government Building,35.61495874283719,139.5790534641883,2012-04-04 07:45:15,2012-04-02,train,1190_0
1190,937,69,Train Station,35.61529361550171,139.5794427394867,2012-04-04 07:46:08,2012-04-02,train,1190_0
1190,5563,69,Train Station,35.57572103390141,139.65965151786804,2012-04-04 08:07:52,2012-04-02,train,1190_0
1190,3264,236,Subway,35.66092259369664,139.7514581680298,2012-04-04 08:39:32,2012-04-02,train,1190_0
1190,3969,121,Café,35.66096304721965,139.75141500610323,2012-04-04 08:41:51,2012-04-02,train,1190_0
1190,4888,71,Train Station,35.655240175321936,139.75705958078962,2012-04-04 16:25:48,2012-04-02,train,1190_0
1190,2630,69,Train Station,35.69074652349464,139.7006356716156,2012-04-04 16:53:43,2012-04-02,train,1190_0
1190,1263,189,Ramen /  Noodle House,35.69053957232767,139.7027787566185,2012-04-04 18:06:34,2012-04-02,train,1190_0
1190,4615,281,Train Station,35.690228518957944,139.70000973651244,2012-04-04 19:03:53,2012-04-02,train,1190_0
1190,6270,268,River,35.623256366178964,139.5710849761963,2012-04-04 19:28:23,2012-04-02,train,1190_0
1190,2801,69,Train Station,35.62104117889108,139.56945419311523,2012-04-04 19:30:45,2012-04-02,train,1190_0
1190,630,69,Train Station,35.61718625786023,139.56456184387207,2012-04-04 19:32:46,2012-04-02,train,1190_0
1190,6922,76,Government Building,35.616781,139.564465,2012-04-04 19:34:17,2012-04-02,train,1190_0
1190,6943,76,Government Building,35.61563377111625,139.56554621458054,2012-04-04 19:36:24,2012-04-02,train,1190_0
1190,7355,129,Medical Center,35.614570661641274,139.5718785158617,2012-04-04 19:45:10,2012-04-02,train,1190_0
1190,2649,23,Drugstore / Pharmacy,35.612636217423486,139.57277409259763,2012-04-04 19:51:12,2012-04-02,train,1190_0
1190,997,256,Convenience Store,35.612485095919475,139.57140684127808,2012-04-04 20:01:23,2012-04-02,train,1190_0
1190,6906,76,Government Building,35.61515924027956,139.57913308018232,2012-04-05 07:43:55,2012-04-02,train,1190_0
1190,937,69,Train Station,35.61529361550171,139.5794427394867,2012-04-05 07:45:04,2012-04-02,train,1190_0
1190,1621,69,Train Station,35.57668091790503,139.65947449207306,2012-04-05 08:02:26,2012-04-02,train,1190_0
1190,5563,69,Train Station,35.57572103390141,139.65965151786804,2012-04-05 08:04:13,2012-04-02,train,1190_0
1190,3264,236,Subway,35.66092259369664,139.7514581680298,2012-04-05 08:43:12,2012-04-02,train,1190_0
1190,3969,121,Café,35.66096304721965,139.75141500610323,2012-04-05 08:44:01,2012-04-02,train,1190_0
1190,4615,281,Train Station,35.690228518957944,139.70000973651244,2012-04-05 17:15:27,2012-04-02,train,1190_0
1190,6270,268,River,35.623256366178964,139.5710849761963,2012-04-05 17:57:05,2012-04-02,train,1190_0
1190,2801,69,Train Station,35.62104117889108,139.56945419311523,2012-04-05 17:58:00,2012-04-02,train,1190_0
1190,6844,76,Government Building,35.620576766688515,139.56992357969284,2012-04-05 17:59:16,2012-04-02,train,1190_0
1190,6336,238,Bus Station,35.62023712834214,139.57003267579233,2012-04-05 18:01:10,2012-04-02,train,1190_0
1190,5422,95,Chinese Restaurant,35.616829148925326,139.57190339280882,2012-04-05 18:20:24,2012-04-02,train,1190_0
1190,7355,129,Medical Center,35.614570661641274,139.5718785158617,2012-04-05 18:23:04,2012-04-02,train,1190_0
1190,997,256,Convenience Store,35.612485095919475,139.57140684127808,2012-04-05 19:05:24,2012-04-02,train,1190_0
1190,2649,23,Drugstore / Pharmacy,35.612636217423486,139.57277409259763,2012-04-05 19:31:20,2012-04-02,train,1190_0
1190,997,256,Convenience Store,35.612485095919475,139.57140684127808,2012-04-08 06:39:47,2012-04-02,train,1190_0
1190,6936,76,Government Building,35.61558798102164,139.57700461149216,2012-04-08 07:08:55,2012-04-02,train,1190_0
1190,4373,115,Scenic Lookout,35.614945347217834,139.57693870384873,2012-04-08 07:12:06,2012-04-02,train,1190_0
1190,6940,76,Government Building,35.61436472164699,139.57882583141327,2012-04-08 07:13:40,2012-04-02,train,1190_0
1190,6941,76,Government Building,35.61520639588036,139.57910478115082,2012-04-08 07:14:24,2012-04-02,train,1190_0
1190,6906,76,Government Building,35.61495874283719,139.5790534641883,2012-04-08 07:15:41,2012-04-02,train,1190_0
1190,357,69,Train Station,35.551330668348115,139.675130546093,2012-04-08 07:35:31,2012-04-02,train,1190_0
1190,937,69,Train Station,35.61529361550171,139.5794427394867,2012-04-08 19:31:42,2012-04-02,train,1190_0
1190,6906,76,Government Building,35.61495874283719,139.5790534641883,2012-04-08 19:32:36,2012-04-02,train,1190_0
1190,6431,256,Convenience Store,35.61508865,139.5792603,2012-04-08 19:32:58,2012-04-02,train,1190_0
1190,4373,115,Scenic Lookout,35.614945347217834,139.57693870384873,2012-04-08 19:34:47,2012-04-02,train,1190_0
1190,6214,230,Food & Drink Shop,35.61165302055317,139.58590581064155,2012-04-08 19:39:35,2012-04-02,train,1190_0
1191,6711,121,Café,35.70595487506751,139.76227015256882,2012-04-04 12:10:08,2012-04-02,train,1191_0
1191,43,69,Train Station,35.69080269423021,139.70027922656513,2012-04-05 17:47:11,2012-04-02,train,1191_0
1191,600,65,Arts & Crafts Store,35.68993614322811,139.70631390810013,2012-04-05 18:54:27,2012-04-02,train,1191_0
1192,43,69,Train Station,35.69080269423021,139.70027922656513,2012-04-08 15:08:39,2012-04-02,train,1192_0
1192,142,69,Train Station,35.698596195264464,139.77301824864617,2012-04-08 15:28:51,2012-04-02,train,1192_0
1192,2942,221,Toy / Game Store,35.70112498,139.77055549621176,2012-04-08 15:38:07,2012-04-02,train,1192_0
1192,4161,17,Video Game Store,35.70204088590424,139.77045893669128,2012-04-08 15:44:27,2012-04-02,train,1192_0
1192,4900,233,Hobby Shop,35.701366,139.771255,2012-04-08 15:50:54,2012-04-02,train,1192_0
1192,3140,17,Video Game Store,35.70091261072341,139.7712367773056,2012-04-08 15:57:00,2012-04-02,train,1192_0
1192,2159,56,Electronics Store,35.70033975447226,139.77115899324417,2012-04-08 16:08:35,2012-04-02,train,1192_0
1192,142,69,Train Station,35.698596195264464,139.77301824864617,2012-04-08 19:41:06,2012-04-02,train,1192_0
1192,43,69,Train Station,35.69080269423021,139.70027922656513,2012-04-08 20:11:42,2012-04-02,train,1192_0
1193,4130,189,Ramen /  Noodle House,35.70327587151515,139.75542783737183,2012-04-04 23:27:20,2012-04-02,train,1193_0
1193,4846,189,Ramen /  Noodle House,35.693746165900805,139.70451414585114,2012-04-08 18:16:04,2012-04-02,train,1193_0
1194,1416,197,Bridge,35.66225192192778,139.77490603923798,2012-04-04 08:18:19,2012-04-02,train,1194_0
1194,1416,197,Bridge,35.66225192192778,139.77490603923798,2012-04-04 19:49:08,2012-04-02,train,1194_0
1194,1416,197,Bridge,35.66225192192778,139.77490603923798,2012-04-05 08:14:41,2012-04-02,train,1194_0
1194,87,69,Train Station,35.65852172695124,139.7013260344949,2012-04-05 19:10:25,2012-04-02,train,1194_0
1194,109,69,Train Station,35.63014572966312,139.74042892456055,2012-04-08 17:18:19,2012-04-02,train,1194_0
1194,1930,69,Train Station,35.666692051408944,139.7581327376774,2012-04-08 17:23:41,2012-04-02,train,1194_0
1194,1416,197,Bridge,35.66225192192778,139.77490603923798,2012-04-08 17:58:06,2012-04-02,train,1194_0
1198,511,189,Ramen /  Noodle House,35.618573004245405,139.72798347473145,2012-04-04 13:00:48,2012-04-02,train,1198_0
1198,2880,189,Ramen /  Noodle House,35.60719050669463,139.66853499412537,2012-04-06 23:48:36,2012-04-02,train,1198_0
1198,75,236,Subway,35.67278116288847,139.7240298986435,2012-04-08 13:49:20,2012-04-02,train,1198_0
1200,2877,281,Train Station,35.69017141576657,139.69892978668213,2012-04-06 23:06:02,2012-04-02,train,1200_0
1200,2922,26,Japanese Restaurant,35.65849923676496,139.57552134990692,2012-04-06 23:32:21,2012-04-02,train,1200_0
1202,149,69,Train Station,35.712902440367635,139.7038972377777,2012-04-08 10:23:29,2012-04-02,train,1202_0
1202,659,69,Train Station,35.737055216647526,139.4882583618164,2012-04-08 10:56:44,2012-04-02,train,1202_0
1202,898,69,Train Station,35.66629207220754,139.4770547747612,2012-04-08 13:38:50,2012-04-02,train,1202_0
1202,4286,69,Train Station,35.575729760171434,139.65965151786804,2012-04-08 14:14:25,2012-04-02,train,1202_0
1202,641,140,Stadium,35.58580305947766,139.65271532535553,2012-04-08 15:46:05,2012-04-02,train,1202_0
1202,208,69,Train Station,35.53132692901326,139.69690203666687,2012-04-08 18:49:38,2012-04-02,train,1202_0
1202,208,69,Train Station,35.53132692901326,139.69690203666687,2012-04-08 21:36:39,2012-04-02,train,1202_0
1204,5435,35,Bar,35.69375705764299,139.76137161254883,2012-04-04 23:30:49,2012-04-02,train,1204_0
1204,184,69,Train Station,35.73345382441255,139.7394838131754,2012-04-08 06:06:26,2012-04-02,train,1204_0
1204,184,69,Train Station,35.73345382441255,139.7394838131754,2012-04-08 15:58:05,2012-04-02,train,1204_0
1205,5533,121,Café,35.585547239529326,139.682231559726,2012-04-04 08:49:57,2012-04-02,train,1205_0
1205,3495,118,Bakery,35.64769379936406,139.744598313417,2012-04-04 09:23:09,2012-04-02,train,1205_0
1205,1247,81,Building,35.65260616271704,139.7443985939026,2012-04-04 09:47:49,2012-04-02,train,1205_0
1205,7366,59,Office,35.65265847002059,139.74416255950928,2012-04-04 10:35:32,2012-04-02,train,1205_0
1205,6333,58,Smoke Shop,35.65291700576674,139.7447779526626,2012-04-04 10:36:58,2012-04-02,train,1205_0
1205,4354,198,Coffee Shop,35.65305360463076,139.74501747250292,2012-04-04 12:32:32,2012-04-02,train,1205_0
1205,1615,69,Train Station,35.645731813210055,139.7475689649582,2012-04-04 20:14:43,2012-04-02,train,1205_0
1205,4905,69,Train Station,35.56247782390475,139.7160503268242,2012-04-04 20:34:19,2012-04-02,train,1205_0
1205,1440,241,Miscellaneous Shop,35.58581847873488,139.6815386880053,2012-04-04 21:04:02,2012-04-02,train,1205_0
1205,5533,121,Café,35.585547239529326,139.682231559726,2012-04-05 08:35:48,2012-04-02,train,1205_0
1205,1615,69,Train Station,35.645731813210055,139.7475689649582,2012-04-05 09:21:04,2012-04-02,train,1205_0
1205,1615,69,Train Station,35.645731813210055,139.7475689649582,2012-04-05 19:55:05,2012-04-02,train,1205_0
1205,1414,121,Café,35.572459,139.684498,2012-04-05 21:00:38,2012-04-02,train,1205_0
1207,1436,236,Subway,35.55002895657234,139.63367700576782,2012-04-04 06:39:12,2012-04-02,train,1207_0
1207,96,237,Mall,35.6657865198251,139.73096072673798,2012-04-04 18:42:43,2012-04-02,train,1207_0
1207,289,69,Train Station,35.55319972801149,139.64681446552277,2012-04-04 19:33:51,2012-04-02,train,1207_0
1207,1436,236,Subway,35.55002895657234,139.63367700576782,2012-04-05 06:37:55,2012-04-02,train,1207_0
1207,96,237,Mall,35.6657865198251,139.73096072673798,2012-04-05 19:08:23,2012-04-02,train,1207_0
1207,331,69,Train Station,35.64687830575068,139.7099483013153,2012-04-08 12:11:10,2012-04-02,train,1207_0
1207,2095,221,Toy / Game Store,35.69889343748743,139.77101683616638,2012-04-08 12:51:28,2012-04-02,train,1207_0
1207,3004,134,Movie Theater,35.691918510498844,139.70568627119064,2012-04-08 13:31:19,2012-04-02,train,1207_0
1207,4905,69,Train Station,35.56247782390475,139.7160503268242,2012-04-08 18:56:26,2012-04-02,train,1207_0
1207,2664,39,Food & Drink Shop,35.54821110744606,139.63362336158752,2012-04-08 20:18:40,2012-04-02,train,1207_0
1208,5645,217,General Entertainment,35.66002473981256,139.69592571258545,2012-04-04 10:21:38,2012-04-02,train,1208_0
1208,7368,97,Diner,35.66028655105958,139.69769119111328,2012-04-04 13:40:20,2012-04-02,train,1208_0
1208,291,69,Train Station,35.58049,139.661864,2012-04-08 12:27:35,2012-04-02,train,1208_0
1208,207,69,Train Station,35.60743038445974,139.68562066555023,2012-04-08 12:41:43,2012-04-02,train,1208_0
1211,2503,182,Snack Place,35.78193269641314,139.74391469126294,2012-04-08 16:52:14,2012-04-02,train,1211_0
1211,5528,34,Bike Shop,35.687417812220446,139.8656129837036,2012-04-08 19:16:17,2012-04-02,train,1211_0
1211,4337,128,Gym / Fitness Center,35.66789587237085,139.8625499010086,2012-04-08 19:39:04,2012-04-02,train,1211_0
1213,7398,56,Electronics Store,35.6989208449662,139.77050691014875,2012-04-04 14:41:25,2012-04-02,train,1213_0
1213,2894,198,Coffee Shop,35.699538184444286,139.76953625679016,2012-04-04 15:17:08,2012-04-02,train,1213_0
1213,1895,29,Hardware Store,35.702848,139.77189692,2012-04-04 16:33:55,2012-04-02,train,1213_0
1213,633,56,Electronics Store,35.69901541704127,139.7746217250824,2012-04-04 17:08:51,2012-04-02,train,1213_0
1215,3717,59,Office,35.623054904077094,139.75067641005853,2012-04-04 14:46:38,2012-04-02,train,1215_0
1215,517,59,Office,35.623590750783386,139.74969329310036,2012-04-04 18:40:50,2012-04-02,train,1215_0
1215,2434,69,Train Station,35.67067629738875,139.70252394676208,2012-04-04 19:17:14,2012-04-02,train,1215_0
1215,1896,13,Clothing Store,35.669273,139.703911,2012-04-04 19:25:51,2012-04-02,train,1215_0
1215,87,69,Train Station,35.65852172695124,139.7013260344949,2012-04-04 22:33:43,2012-04-02,train,1215_0
1215,1349,56,Electronics Store,35.60574111869291,139.7353127034767,2012-04-05 20:08:14,2012-04-02,train,1215_0
1215,1349,56,Electronics Store,35.60574111869291,139.7353127034767,2012-04-05 20:11:16,2012-04-02,train,1215_0
1215,3717,59,Office,35.622842829715296,139.75074128636982,2012-04-08 15:57:29,2012-04-02,train,1215_0
1215,1350,237,Mall,35.60624407285949,139.73497867584229,2012-04-08 20:34:20,2012-04-02,train,1215_0
1217,7101,39,Food & Drink Shop,35.68875977012658,139.78629738092422,2012-04-05 19:23:21,2012-04-02,train,1217_0
1217,3073,237,Mall,35.69732075581384,139.8126608133316,2012-04-08 16:41:03,2012-04-02,train,1217_0
1217,146,69,Train Station,35.6964320244761,139.81394290924072,2012-04-08 18:10:26,2012-04-02,train,1217_0
1217,3103,88,Temple,35.69336931070559,139.7919327020645,2012-04-08 18:21:58,2012-04-02,train,1217_0
1217,4106,197,Bridge,35.69433649618201,139.78870332241058,2012-04-08 18:26:02,2012-04-02,train,1217_0
1222,142,69,Train Station,35.698596195264464,139.77301824864617,2012-04-07 23:01:21,2012-04-02,train,1222_0
1222,142,69,Train Station,35.698596195264464,139.77301824864617,2012-04-08 13:39:23,2012-04-02,train,1222_0
1222,990,52,Bar,35.69927353387485,139.7752010822296,2012-04-08 15:38:28,2012-04-02,train,1222_0
1222,142,69,Train Station,35.698596195264464,139.77301824864617,2012-04-08 22:12:50,2012-04-02,train,1222_0
1223,553,69,Train Station,35.81565557422877,139.70435857772827,2012-04-04 07:57:41,2012-04-02,train,1223_0
1223,541,69,Train Station,35.84768054178072,139.66914921998978,2012-04-04 19:37:49,2012-04-02,train,1223_0
1223,553,69,Train Station,35.81565557422877,139.70435857772827,2012-04-04 19:45:34,2012-04-02,train,1223_0
1223,553,69,Train Station,35.81565557422877,139.70435857772827,2012-04-05 07:56:15,2012-04-02,train,1223_0
1223,541,69,Train Station,35.84768054178072,139.66914921998978,2012-04-05 08:04:35,2012-04-02,train,1223_0
1223,553,69,Train Station,35.81565557422877,139.70435857772827,2012-04-08 14:14:54,2012-04-02,train,1223_0
1223,4230,256,Convenience Store,35.8157164745945,139.70127940177915,2012-04-08 14:48:05,2012-04-02,train,1223_0
1224,142,69,Train Station,35.698596195264464,139.77301824864617,2012-04-04 20:52:33,2012-04-02,train,1224_0
1224,2982,200,Arcade,35.70012475646425,139.77536946315806,2012-04-04 21:07:14,2012-04-02,train,1224_0
1224,5124,26,Japanese Restaurant,35.69460159944851,139.77954838155682,2012-04-04 23:27:16,2012-04-02,train,1224_0
1224,1077,121,Café,35.693128,139.777862,2012-04-05 01:35:39,2012-04-02,train,1224_0
1224,5124,26,Japanese Restaurant,35.69460159944851,139.77954838155682,2012-04-08 00:02:49,2012-04-02,train,1224_0
1225,261,69,Train Station,35.70320181647976,139.57990407943726,2012-04-05 09:02:01,2012-04-02,train,1225_0
1225,4274,128,Gym / Fitness Center,35.60131109592677,139.61058855056763,2012-04-08 12:34:48,2012-04-02,train,1225_0
1225,1689,121,Café,35.560610071562245,139.55029249191284,2012-04-08 14:03:02,2012-04-02,train,1225_0
1225,1689,121,Café,35.560610071562245,139.55029249191284,2012-04-08 14:14:07,2012-04-02,train,1225_0
1225,5562,206,Athletic & Sport,35.5890951,139.615365,2012-04-08 20:30:59,2012-04-02,train,1225_0
1226,142,69,Train Station,35.698596195264464,139.77301824864617,2012-04-04 22:02:00,2012-04-02,train,1226_0
1226,142,69,Train Station,35.698596195264464,139.77301824864617,2012-04-06 23:59:08,2012-04-02,train,1226_0
1228,1930,69,Train Station,35.666692051408944,139.7581327376774,2012-04-04 08:17:09,2012-04-02,train,1228_0
1228,1930,69,Train Station,35.666692051408944,139.7581327376774,2012-04-04 21:31:57,2012-04-02,train,1228_0
1233,551,121,Café,35.70041816849881,139.77097526192665,2012-04-05 18:03:08,2012-04-02,train,1233_0
1233,655,69,Train Station,35.71678758588956,139.8582637310028,2012-04-05 18:06:28,2012-04-02,train,1233_0
1233,145,69,Train Station,35.6961052825236,139.79252815246582,2012-04-05 18:18:01,2012-04-02,train,1233_0
1233,142,69,Train Station,35.698596195264464,139.77301824864617,2012-04-05 18:21:34,2012-04-02,train,1233_0
1233,1723,95,Chinese Restaurant,35.70084932905884,139.77087133821084,2012-04-05 18:48:07,2012-04-02,train,1233_0
1233,1186,124,Event Space,35.69997164315019,139.77081030607224,2012-04-05 19:34:09,2012-04-02,train,1233_0
1233,278,189,Ramen /  Noodle House,35.709855604621616,139.77376073598862,2012-04-07 23:06:05,2012-04-02,train,1233_0
1233,1248,113,Park,35.67070244512674,139.69663381576538,2012-04-08 10:49:36,2012-04-02,train,1233_0
1233,4055,205,Other Great Outdoors,35.67282038345795,139.6943163871765,2012-04-08 10:52:48,2012-04-02,train,1233_0
1233,633,56,Electronics Store,35.69901541704127,139.7746217250824,2012-04-08 21:21:33,2012-04-02,train,1233_0
1234,809,113,Park,35.578873430348466,139.78432179477358,2012-04-04 13:40:52,2012-04-02,train,1234_0
1234,142,69,Train Station,35.698596195264464,139.77301824864617,2012-04-05 18:04:32,2012-04-02,train,1234_0
1234,1082,51,Bar,35.70185131953517,139.77498004487046,2012-04-05 18:18:01,2012-04-02,train,1234_0
1235,5959,189,Ramen /  Noodle House,35.66297541586142,139.69719171524048,2012-04-04 20:01:54,2012-04-02,train,1235_0
1235,271,236,Subway,35.66511535050908,139.71245884895325,2012-04-04 20:44:22,2012-04-02,train,1235_0
1235,281,69,Train Station,35.74964694346383,139.80514526367188,2012-04-04 21:15:25,2012-04-02,train,1235_0
1235,281,69,Train Station,35.74964694346383,139.80514526367188,2012-04-05 08:17:17,2012-04-02,train,1235_0
1236,2370,32,Bookstore,35.55334375181653,139.64691638946533,2012-04-04 14:44:20,2012-04-02,train,1236_0
1236,7274,69,Train Station,35.553087009954695,139.64668626656706,2012-04-08 07:04:12,2012-04-02,train,1236_0
1236,289,69,Train Station,35.55319972801149,139.64681446552277,2012-04-08 19:12:13,2012-04-02,train,1236_0
1236,5287,238,Bus Station,35.55265418094915,139.6466588973999,2012-04-08 19:15:27,2012-04-02,train,1236_0
1246,3235,69,Train Station,35.74933348066473,139.80510234832764,2012-04-04 08:34:55,2012-04-02,train,1246_0
1246,3235,69,Train Station,35.74933348066473,139.80510234832764,2012-04-05 08:24:22,2012-04-02,train,1246_0
1248,1676,69,Train Station,35.815446772620184,139.58718359470367,2012-04-04 07:48:10,2012-04-02,train,1248_0
1248,1970,69,Train Station,35.84562439273162,139.64698018862993,2012-04-04 07:54:18,2012-04-02,train,1248_0
1248,541,69,Train Station,35.84768054178072,139.66914921998978,2012-04-04 07:57:36,2012-04-02,train,1248_0
1248,693,69,Train Station,35.858739601673754,139.6572858095169,2012-04-04 18:16:52,2012-04-02,train,1248_0
1248,541,69,Train Station,35.84768054178072,139.66914921998978,2012-04-04 18:18:49,2012-04-02,train,1248_0
1248,3131,69,Train Station,35.84421489286455,139.62791830301285,2012-04-04 18:27:35,2012-04-02,train,1248_0
1248,1676,69,Train Station,35.815446772620184,139.58718359470367,2012-04-04 18:37:11,2012-04-02,train,1248_0
1248,3998,69,Train Station,35.81474644203188,139.5868364378428,2012-04-04 18:37:24,2012-04-02,train,1248_0
1248,615,69,Train Station,35.822215145141776,139.5751941204071,2012-04-04 19:19:20,2012-04-02,train,1248_0
1252,142,69,Train Station,35.698596195264464,139.77301824864617,2012-04-04 21:13:45,2012-04-02,train,1252_0
1252,2271,69,Train Station,35.77203021900083,139.82043385505676,2012-04-04 22:01:58,2012-04-02,train,1252_0
1252,3310,236,Subway,35.762097383881866,139.82491850852966,2012-04-05 08:28:43,2012-04-02,train,1252_0
1252,1728,256,Convenience Store,35.70612694,139.7697562,2012-04-05 18:08:08,2012-04-02,train,1252_0
1252,348,236,Subway,35.70823740218492,139.7699010372162,2012-04-05 18:08:59,2012-04-02,train,1252_0
1252,1848,69,Train Station,35.7277712437567,139.77096319198608,2012-04-07 01:01:36,2012-04-02,train,1252_0
1252,281,69,Train Station,35.74964694346383,139.80514526367188,2012-04-07 01:09:04,2012-04-02,train,1252_0
1252,3310,236,Subway,35.762097383881866,139.82491850852966,2012-04-07 01:34:02,2012-04-02,train,1252_0
1252,6308,241,Miscellaneous Shop,35.75207188478844,139.78679895401,2012-04-08 19:50:36,2012-04-02,train,1252_0
1254,3041,197,Bridge,35.563512051219696,139.67888832092285,2012-04-08 15:13:45,2012-04-02,train,1254_0
1254,3962,112,Other Great Outdoors,35.58534553196226,139.67483818531036,2012-04-08 15:45:22,2012-04-02,train,1254_0
1256,4724,127,Gym / Fitness Center,35.704465098837815,139.56095695495603,2012-04-04 18:30:40,2012-04-02,train,1256_0
1256,1788,128,Gym / Fitness Center,35.65210052368357,139.63863372802734,2012-04-05 20:05:24,2012-04-02,train,1256_0
1256,1788,128,Gym / Fitness Center,35.65210052368357,139.63863372802734,2012-04-08 13:08:03,2012-04-02,train,1256_0
1256,170,69,Train Station,35.6513682132017,139.63663816452026,2012-04-08 14:52:22,2012-04-02,train,1256_0
1256,1896,13,Clothing Store,35.669273,139.703911,2012-04-08 15:10:58,2012-04-02,train,1256_0
1258,508,236,Subway,35.6955607096278,139.77587163448334,2012-04-04 22:55:07,2012-04-02,train,1258_0
1258,4059,189,Ramen /  Noodle House,35.684097676490275,139.88193958997726,2012-04-07 22:57:48,2012-04-02,train,1258_0
1258,1866,236,Subway,35.68600611785052,139.88292932510376,2012-04-07 22:58:17,2012-04-02,train,1258_0
1265,3097,51,Bar,35.690564,139.708573,2012-04-05 19:58:38,2012-04-02,train,1265_0
1265,3460,281,Train Station,35.65573582275349,139.70353245735168,2012-04-08 23:37:36,2012-04-02,train,1265_0
1268,5181,229,Road,35.67256544941178,139.48466420173645,2012-04-04 05:41:33,2012-04-02,train,1268_0
1268,1845,9,Gym / Fitness Center,35.64762809425529,139.81903910636902,2012-04-04 06:55:22,2012-04-02,train,1268_0
1268,48,237,Mall,35.655134309871,139.79300022125244,2012-04-04 14:32:23,2012-04-02,train,1268_0
1268,2390,95,Chinese Restaurant,35.655649,139.792408,2012-04-04 15:47:27,2012-04-02,train,1268_0
1269,6138,189,Ramen /  Noodle House,35.724052125526505,139.71132695674896,2012-04-04 13:15:19,2012-04-02,train,1269_0
1269,1952,56,Electronics Store,35.73156421709618,139.71359074115753,2012-04-04 19:36:23,2012-04-02,train,1269_0
1269,1171,56,Electronics Store,35.73099375847875,139.71370339393616,2012-04-04 19:51:24,2012-04-02,train,1269_0
1271,142,69,Train Station,35.698596195264464,139.77301824864617,2012-04-08 19:38:40,2012-04-02,train,1271_0
1271,38,113,Park,35.71406103497294,139.77407455444336,2012-04-08 19:59:40,2012-04-02,train,1271_0
1273,3280,69,Train Station,35.69833581429355,139.77303385734558,2012-04-06 23:57:48,2012-04-02,train,1273_0
1273,279,69,Train Station,35.699583,139.765222,2012-04-07 21:51:35,2012-04-02,train,1273_0
1273,142,69,Train Station,35.698596195264464,139.77301824864617,2012-04-08 10:06:36,2012-04-02,train,1273_0
1273,763,69,Train Station,35.752433225195475,139.7381329536438,2012-04-08 10:22:02,2012-04-02,train,1273_0
1273,2272,113,Park,35.75044800945261,139.7388732433319,2012-04-08 11:30:04,2012-04-02,train,1273_0
1274,3010,39,Food & Drink Shop,35.64317123458197,139.64643219952362,2012-04-04 11:31:44,2012-04-02,train,1274_0
1274,5261,189,Ramen /  Noodle House,35.64337338709091,139.64528024196625,2012-04-08 11:22:02,2012-04-02,train,1274_0
1274,3010,39,Food & Drink Shop,35.64317123458197,139.64643219952362,2012-04-08 11:36:46,2012-04-02,train,1274_0
1275,6683,197,Bridge,35.620949852302736,139.63087143496367,2012-04-08 13:11:39,2012-04-02,train,1275_0
1275,2411,122,Fast Food Restaurant,35.62701942752865,139.62595224380493,2012-04-08 13:33:38,2012-04-02,train,1275_0
1275,1502,113,Park,35.6300585262402,139.6223258972168,2012-04-08 13:50:36,2012-04-02,train,1275_0
1275,6683,197,Bridge,35.620949852302736,139.63087143496367,2012-04-08 15:26:24,2012-04-02,train,1275_0
1278,3898,68,Government Building,35.70818881933982,139.75212865831176,2012-04-08 14:44:06,2012-04-02,train,1278_0
1278,4226,113,Park,35.71041214901122,139.72878720195567,2012-04-08 16:21:31,2012-04-02,train,1278_0
1279,4684,113,Park,35.67633292693395,139.78601954459216,2012-04-05 01:03:04,2012-04-02,train,1279_0
1279,4684,113,Park,35.67633292693395,139.78601954459216,2012-04-07 01:33:29,2012-04-02,train,1279_0
1279,998,236,Subway,35.720210886727784,139.78417038917542,2012-04-08 13:13:16,2012-04-02,train,1279_0
1283,149,69,Train Station,35.712902440367635,139.7038972377777,2012-04-04 12:35:10,2012-04-02,train,1283_0
1283,776,172,University,35.706106250626235,139.70697090472066,2012-04-04 12:41:42,2012-04-02,train,1283_0
1283,149,69,Train Station,35.712902440367635,139.7038972377777,2012-04-04 22:26:57,2012-04-02,train,1283_0
1284,189,69,Train Station,35.729864636451765,139.7109555727517,2012-04-04 15:21:01,2012-04-02,train,1284_0
1284,142,69,Train Station,35.698596195264464,139.77301824864617,2012-04-04 15:38:45,2012-04-02,train,1284_0
1284,5601,56,Electronics Store,35.69732511231562,139.77266907691956,2012-04-04 15:45:31,2012-04-02,train,1284_0
1284,4541,56,Electronics Store,35.69737085556982,139.7724437713623,2012-04-04 15:56:03,2012-04-02,train,1284_0
1284,4652,273,Mobile Phone Shop,35.700811851407245,139.77194466672427,2012-04-04 16:09:39,2012-04-02,train,1284_0
1284,1235,120,Burger Joint,35.6978130390078,139.7752010822296,2012-04-04 16:45:34,2012-04-02,train,1284_0
1284,142,69,Train Station,35.698596195264464,139.77301824864617,2012-04-04 18:44:01,2012-04-02,train,1284_0
1284,146,69,Train Station,35.6964320244761,139.81394290924072,2012-04-04 18:53:01,2012-04-02,train,1284_0
1284,655,69,Train Station,35.71678758588956,139.8582637310028,2012-04-04 19:00:09,2012-04-02,train,1284_0
1284,142,69,Train Station,35.698596195264464,139.77301824864617,2012-04-04 22:56:31,2012-04-02,train,1284_0
1284,189,69,Train Station,35.729864636451765,139.7109555727517,2012-04-04 23:24:54,2012-04-02,train,1284_0
1286,564,236,Subway,35.66360737808987,139.872704744339,2012-04-04 08:40:36,2012-04-02,train,1286_0
1286,3467,59,Office,35.66560390145875,139.73130153030488,2012-04-04 09:25:48,2012-04-02,train,1286_0
1286,564,236,Subway,35.66360737808987,139.872704744339,2012-04-04 21:06:18,2012-04-02,train,1286_0
1286,2097,236,Subway,35.66287517311728,139.73145961761475,2012-04-05 17:21:16,2012-04-02,train,1286_0
1286,564,236,Subway,35.66360737808987,139.872704744339,2012-04-08 08:26:33,2012-04-02,train,1286_0
1288,87,69,Train Station,35.65852172695124,139.7013260344949,2012-04-08 11:41:15,2012-04-02,train,1288_0
1288,2434,69,Train Station,35.67067629738875,139.70252394676208,2012-04-08 11:48:11,2012-04-02,train,1288_0
1288,43,69,Train Station,35.69080269423021,139.70027922656513,2012-04-08 11:52:49,2012-04-02,train,1288_0
1288,5168,69,Train Station,35.691522040986186,139.701247215271,2012-04-08 11:56:33,2012-04-02,train,1288_0
1288,2520,81,Building,35.692494694821235,139.7011285275221,2012-04-08 12:11:13,2012-04-02,train,1288_0
1288,2637,189,Ramen /  Noodle House,35.692956510630246,139.70187954604626,2012-04-08 12:15:38,2012-04-02,train,1288_0
1288,828,134,Movie Theater,35.69226269671942,139.70522224903107,2012-04-08 13:28:23,2012-04-02,train,1288_0
1288,1906,121,Café,35.69272451387176,139.70367193222046,2012-04-08 13:38:22,2012-04-02,train,1288_0
1288,225,236,Subway,35.6684885729729,139.70538854599,2012-04-08 16:45:04,2012-04-02,train,1288_0
1288,413,63,Video Store,35.659817708965214,139.70037549734116,2012-04-08 18:43:16,2012-04-02,train,1288_0
1288,87,69,Train Station,35.65852172695124,139.7013260344949,2012-04-08 19:03:26,2012-04-02,train,1288_0
1292,1823,87,Theater,35.67311432634339,139.75839219796686,2012-04-04 20:21:17,2012-04-02,train,1292_0
1292,494,39,Food & Drink Shop,35.68261620651813,139.79885548353195,2012-04-04 20:51:10,2012-04-02,train,1292_0
1292,495,231,Hotel,35.682094,139.799545,2012-04-04 20:56:49,2012-04-02,train,1292_0
1292,484,39,Food & Drink Shop,35.68210468270963,139.80768508921523,2012-04-06 22:35:19,2012-04-02,train,1292_0
1292,494,39,Food & Drink Shop,35.68261620651813,139.79885548353195,2012-04-07 22:47:38,2012-04-02,train,1292_0
1292,495,231,Hotel,35.682094,139.799545,2012-04-07 23:07:09,2012-04-02,train,1292_0
1292,1823,87,Theater,35.67311432634339,139.75839219796686,2012-04-08 09:30:53,2012-04-02,train,1292_0
1292,495,231,Hotel,35.682094,139.799545,2012-04-08 23:07:20,2012-04-02,train,1292_0
1294,1977,113,Park,35.775468055772336,139.597114129844,2012-04-04 17:16:53,2012-04-02,train,1294_0
1294,2268,39,Food & Drink Shop,35.78672262020117,139.61261630058289,2012-04-04 18:16:51,2012-04-02,train,1294_0
1294,1548,69,Train Station,35.78825523252428,139.6129198970888,2012-04-04 18:43:06,2012-04-02,train,1294_0
1294,3945,69,Train Station,35.78822359788732,139.6129248759521,2012-04-04 18:43:22,2012-04-02,train,1294_0
1295,391,69,Train Station,35.60712395293601,139.62240207563764,2012-04-04 08:32:13,2012-04-02,train,1295_0
1295,1167,233,Hobby Shop,35.66202092549599,139.69796419143677,2012-04-04 20:45:10,2012-04-02,train,1295_0
1295,257,69,Train Station,35.60350065991548,139.61753010749817,2012-04-05 08:34:21,2012-04-02,train,1295_0
1296,3749,26,Japanese Restaurant,35.708568450309194,139.6658420562744,2012-04-08 14:41:53,2012-04-02,train,1296_0
1296,24,51,Bar,35.709988662063665,139.66780754713488,2012-04-08 16:12:04,2012-04-02,train,1296_0
1298,1100,236,Subway,35.53532512940529,139.58948493003845,2012-04-04 09:15:02,2012-04-02,train,1298_0
1298,1100,236,Subway,35.53532512940529,139.58948493003845,2012-04-04 18:49:10,2012-04-02,train,1298_0
1298,1100,236,Subway,35.53532512940529,139.58948493003845,2012-04-05 18:44:57,2012-04-02,train,1298_0
1298,1100,236,Subway,35.53532512940529,139.58948493003845,2012-04-08 10:36:38,2012-04-02,train,1298_0
1298,311,69,Train Station,35.568403721907565,139.5535111427307,2012-04-08 10:46:34,2012-04-02,train,1298_0
1298,2569,69,Train Station,35.65948427920908,139.70020651817322,2012-04-08 11:17:14,2012-04-02,train,1298_0
1298,142,69,Train Station,35.698596195264464,139.77301824864617,2012-04-08 12:23:08,2012-04-02,train,1298_0
1299,5077,69,Train Station,35.550004406063394,139.78646233677864,2012-04-08 14:42:30,2012-04-02,train,1299_0
1299,307,237,Mall,35.53095149065529,139.69767451286316,2012-04-08 16:06:36,2012-04-02,train,1299_0
1300,4390,200,Arcade,35.55260180823584,139.57961440086365,2012-04-08 12:12:48,2012-04-02,train,1300_0
1300,680,32,Bookstore,35.57711252274332,139.55862557742591,2012-04-08 14:37:07,2012-04-02,train,1300_0
1301,4764,180,Restaurant,35.69728372553919,139.77377146482468,2012-04-06 22:36:32,2012-04-02,train,1301_0
1301,2524,69,Train Station,35.619881167618004,139.7283731462078,2012-04-07 00:36:03,2012-04-02,train,1301_0
1302,5889,124,Event Space,35.70020035156795,139.50628280639648,2012-04-06 22:13:17,2012-04-02,train,1302_0
1302,5889,124,Event Space,35.70020035156795,139.50628280639648,2012-04-08 07:52:35,2012-04-02,train,1302_0
1302,933,39,Food & Drink Shop,35.70043559382758,139.504936337471,2012-04-08 07:52:47,2012-04-02,train,1302_0
1302,129,69,Train Station,35.70582855009322,139.66579914093018,2012-04-08 08:49:20,2012-04-02,train,1302_0
1302,4503,69,Train Station,35.698494824429865,139.7725135087967,2012-04-08 17:19:04,2012-04-02,train,1302_0
1305,6202,26,Japanese Restaurant,35.580915,139.661298,2012-04-04 21:10:26,2012-04-02,train,1305_0
1305,5604,237,Mall,35.56537973592967,139.65203404426575,2012-04-08 19:21:44,2012-04-02,train,1305_0
1305,1131,189,Ramen /  Noodle House,35.55396785198181,139.6447652578354,2012-04-08 20:35:21,2012-04-02,train,1305_0
1308,43,69,Train Station,35.69080269423021,139.70027922656513,2012-04-08 04:33:46,2012-04-02,train,1308_0
1308,99,69,Train Station,35.67497849562972,139.76321881841366,2012-04-08 04:58:40,2012-04-02,train,1308_0
1308,6212,281,Train Station,35.714549929416286,139.77808547705263,2012-04-08 08:01:08,2012-04-02,train,1308_0
1309,5964,237,Mall,35.734997,139.753479,2012-04-04 09:42:29,2012-04-02,train,1309_0
1309,6831,113,Park,35.73704361505757,139.75141001555858,2012-04-04 09:45:04,2012-04-02,train,1309_0
1309,5966,237,Mall,35.73641545033469,139.74997275616232,2012-04-04 09:48:36,2012-04-02,train,1309_0
1309,5967,237,Mall,35.73757503659146,139.7490345639482,2012-04-04 09:51:00,2012-04-02,train,1309_0
1309,3914,237,Mall,35.740649635002896,139.7441840171814,2012-04-04 10:45:34,2012-04-02,train,1309_0
1309,4292,237,Mall,35.74003352272576,139.7464907169342,2012-04-04 10:48:06,2012-04-02,train,1309_0
1309,6825,229,Road,35.73988040686342,139.7467851656761,2012-04-04 10:51:00,2012-04-02,train,1309_0
1309,3052,56,Electronics Store,35.73090666520053,139.708993434906,2012-04-04 15:56:23,2012-04-02,train,1309_0
1309,5337,39,Food & Drink Shop,35.7338593880131,139.7550401014597,2012-04-04 19:50:40,2012-04-02,train,1309_0
1309,6836,229,Road,35.73354294158803,139.75455742002578,2012-04-04 20:02:01,2012-04-02,train,1309_0
1309,5964,237,Mall,35.73508438098124,139.753560979202,2012-04-05 09:02:18,2012-04-02,train,1309_0
1309,5966,237,Mall,35.73651702272282,139.74986296694527,2012-04-05 09:11:29,2012-04-02,train,1309_0
1309,6831,113,Park,35.73704361505757,139.75141001555858,2012-04-08 12:42:50,2012-04-02,train,1309_0
1309,5967,237,Mall,35.73757503659146,139.7490345639482,2012-04-08 12:47:59,2012-04-02,train,1309_0
1309,3914,237,Mall,35.740649635002896,139.7441840171814,2012-04-08 13:36:47,2012-04-02,train,1309_0
1309,4292,237,Mall,35.74003352272576,139.7464907169342,2012-04-08 13:50:51,2012-04-02,train,1309_0
1309,5337,39,Food & Drink Shop,35.7338593880131,139.7550401014597,2012-04-08 23:46:43,2012-04-02,train,1309_0
1309,6836,229,Road,35.73354294158803,139.75455742002578,2012-04-08 23:58:24,2012-04-02,train,1309_0
1313,291,69,Train Station,35.58049,139.661864,2012-04-08 14:47:05,2012-04-02,train,1313_0
1313,641,140,Stadium,35.58580305947766,139.65271532535553,2012-04-08 15:36:12,2012-04-02,train,1313_0
1315,44,69,Train Station,35.68137872227962,139.76608157157898,2012-04-05 19:23:02,2012-04-02,train,1315_0
1315,38,113,Park,35.71406103497294,139.77407455444336,2012-04-08 05:20:50,2012-04-02,train,1315_0
1315,2360,236,Subway,35.71245048148083,139.77592863234182,2012-04-08 05:33:50,2012-04-02,train,1315_0
1315,2656,236,Subway,35.68253341767869,139.7737044095993,2012-04-08 05:50:35,2012-04-02,train,1315_0
1315,3289,258,Historic Site,35.69405549079976,139.7494813799858,2012-04-08 06:03:51,2012-04-02,train,1315_0
1315,3256,113,Park,35.6907552372162,139.74750995635986,2012-04-08 06:12:47,2012-04-02,train,1315_0
1315,322,236,Subway,35.68569676173495,139.7416439652443,2012-04-08 06:34:13,2012-04-02,train,1315_0
1315,6810,69,Train Station,35.64489917903694,139.7109889984131,2012-04-08 07:33:28,2012-04-02,train,1315_0
1317,1826,211,Airport,35.55137976854632,139.78840827941897,2012-04-04 18:10:39,2012-04-02,train,1317_0
1317,1540,69,Train Station,35.550832556532576,139.78803693387093,2012-04-04 18:22:05,2012-04-02,train,1317_0
1317,2796,234,Light Rail,35.65551788382668,139.75673139095306,2012-04-04 18:51:10,2012-04-02,train,1317_0
1317,4888,71,Train Station,35.655240175321936,139.75705958078962,2012-04-04 18:51:34,2012-04-02,train,1317_0
1317,189,69,Train Station,35.729864636451765,139.7109555727517,2012-04-04 19:26:53,2012-04-02,train,1317_0
1317,3376,20,Record Shop,35.729855006347954,139.7136014699936,2012-04-04 20:05:21,2012-04-02,train,1317_0
1317,4131,231,Hotel,35.735095743999125,139.71047401428223,2012-04-04 20:31:35,2012-04-02,train,1317_0
1317,189,69,Train Station,35.729864636451765,139.7109555727517,2012-04-05 08:16:39,2012-04-02,train,1317_0
1317,4131,231,Hotel,35.735095743999125,139.71047401428223,2012-04-05 18:12:55,2012-04-02,train,1317_0
1317,1564,225,Department Store,35.7294779855176,139.71199699788025,2012-04-05 18:37:10,2012-04-02,train,1317_0
1317,3308,26,Japanese Restaurant,35.730260512764126,139.71357380080946,2012-04-05 19:12:50,2012-04-02,train,1317_0
1317,1001,269,Shrine,35.69442362943279,139.74307894706726,2012-04-08 06:44:29,2012-04-02,train,1317_0
1317,2887,113,Park,35.691391336319306,139.74995613098145,2012-04-08 07:28:02,2012-04-02,train,1317_0
1317,420,69,Train Station,35.68600611785052,139.73066568374634,2012-04-08 10:31:08,2012-04-02,train,1317_0
1317,785,76,Government Building,35.680184793238894,139.72877740859985,2012-04-08 11:06:25,2012-04-02,train,1317_0
1317,2386,143,Stadium,35.674581476111804,139.71712924540043,2012-04-08 11:25:12,2012-04-02,train,1317_0
1317,297,138,Stadium,35.67804090501289,139.71492648124695,2012-04-08 11:31:52,2012-04-02,train,1317_0
1317,1202,128,Gym / Fitness Center,35.67964446911511,139.71238374710083,2012-04-08 11:37:18,2012-04-02,train,1317_0
1317,1921,105,Garden,35.68525668970075,139.70946550369263,2012-04-08 12:44:41,2012-04-02,train,1317_0
1317,371,69,Train Station,35.681167389425845,139.7114396095276,2012-04-08 14:02:41,2012-04-02,train,1317_0
1317,756,69,Train Station,35.701224247754766,139.74499252247443,2012-04-08 14:11:40,2012-04-02,train,1317_0
1317,142,69,Train Station,35.698596195264464,139.77301824864617,2012-04-08 15:54:13,2012-04-02,train,1317_0
1317,4888,71,Train Station,35.655240175321936,139.75705958078962,2012-04-08 16:09:00,2012-04-02,train,1317_0
1317,4272,113,Park,35.65495995746399,139.74836826324463,2012-04-08 16:41:54,2012-04-02,train,1317_0
1317,1113,88,Temple,35.65678628003925,139.7482019662857,2012-04-08 17:12:05,2012-04-02,train,1317_0
1317,42,105,Garden,35.654680992821085,139.7585391998291,2012-04-08 17:37:05,2012-04-02,train,1317_0
1317,2796,234,Light Rail,35.65551788382668,139.75673139095306,2012-04-08 17:57:20,2012-04-02,train,1317_0
1317,1540,69,Train Station,35.550832556532576,139.78803693387093,2012-04-08 18:29:06,2012-04-02,train,1317_0
1317,6248,19,Cosmetics Shop,35.550829,139.788051,2012-04-08 18:30:06,2012-04-02,train,1317_0
1317,1826,211,Airport,35.55137976854632,139.78840827941897,2012-04-08 19:44:34,2012-04-02,train,1317_0
1319,210,69,Train Station,35.562387290697124,139.71595281921518,2012-04-04 18:53:56,2012-04-02,train,1319_0
1319,210,69,Train Station,35.562387290697124,139.71595281921518,2012-04-05 00:39:05,2012-04-02,train,1319_0
1319,208,69,Train Station,35.53132692901326,139.69690203666687,2012-04-06 23:11:29,2012-04-02,train,1319_0
1319,208,69,Train Station,35.53132692901326,139.69690203666687,2012-04-07 23:07:32,2012-04-02,train,1319_0
1319,208,69,Train Station,35.53132692901326,139.69690203666687,2012-04-08 10:21:08,2012-04-02,train,1319_0
1319,208,69,Train Station,35.53132692901326,139.69690203666687,2012-04-08 23:09:06,2012-04-02,train,1319_0
1320,44,69,Train Station,35.68137872227962,139.76608157157898,2012-04-04 08:48:02,2012-04-02,train,1320_0
1320,44,69,Train Station,35.68137872227962,139.76608157157898,2012-04-04 18:36:54,2012-04-02,train,1320_0
1320,44,69,Train Station,35.68137872227962,139.76608157157898,2012-04-05 08:43:02,2012-04-02,train,1320_0
1320,2386,143,Stadium,35.674581476111804,139.71712924540043,2012-04-05 19:17:44,2012-04-02,train,1320_0
1320,44,69,Train Station,35.68137872227962,139.76608157157898,2012-04-06 23:10:55,2012-04-02,train,1320_0
1320,743,32,Bookstore,35.69272015711867,139.70314890146255,2012-04-08 14:27:35,2012-04-02,train,1320_0
1320,43,69,Train Station,35.69080269423021,139.70027922656513,2012-04-08 14:33:50,2012-04-02,train,1320_0
1320,87,69,Train Station,35.65852172695124,139.7013260344949,2012-04-08 14:43:50,2012-04-02,train,1320_0
1320,87,69,Train Station,35.65852172695124,139.7013260344949,2012-04-08 15:18:33,2012-04-02,train,1320_0
1320,352,236,Subway,35.69550407383317,139.75170493125916,2012-04-08 15:38:23,2012-04-02,train,1320_0
1320,1001,269,Shrine,35.69442362943279,139.74307894706726,2012-04-08 15:47:13,2012-04-02,train,1320_0
1320,6256,269,Shrine,35.695065498441,139.7478319030744,2012-04-08 16:14:52,2012-04-02,train,1320_0
1320,2887,113,Park,35.691391336319306,139.74995613098145,2012-04-08 16:15:23,2012-04-02,train,1320_0
1320,322,236,Subway,35.68569676173495,139.7416439652443,2012-04-08 17:12:11,2012-04-02,train,1320_0
1320,146,69,Train Station,35.6964320244761,139.81394290924072,2012-04-08 17:32:59,2012-04-02,train,1320_0
1322,189,69,Train Station,35.729864636451765,139.7109555727517,2012-04-04 22:08:39,2012-04-02,train,1322_0
1322,189,69,Train Station,35.729864636451765,139.7109555727517,2012-04-07 21:27:10,2012-04-02,train,1322_0
1322,2319,189,Ramen /  Noodle House,35.728228,139.714008,2012-04-07 21:37:26,2012-04-02,train,1322_0
1322,189,69,Train Station,35.729864636451765,139.7109555727517,2012-04-08 11:31:54,2012-04-02,train,1322_0
1324,6033,229,Road,35.53957739819792,139.663245677948,2012-04-04 10:12:02,2012-04-02,train,1324_0
1324,293,39,Food & Drink Shop,35.52224170080888,139.73230719566345,2012-04-04 10:40:39,2012-04-02,train,1324_0
1324,7396,229,Road,35.53020807996874,139.67826385751616,2012-04-04 19:22:07,2012-04-02,train,1324_0
1324,7396,229,Road,35.53020807996874,139.67826385751616,2012-04-05 20:06:15,2012-04-02,train,1324_0
1324,6033,229,Road,35.53957739819792,139.663245677948,2012-04-05 20:10:27,2012-04-02,train,1324_0
1324,4224,229,Road,35.564026977985954,139.5804512500763,2012-04-08 08:47:49,2012-04-02,train,1324_0
1324,7396,229,Road,35.53020807996874,139.67826385751616,2012-04-08 19:21:33,2012-04-02,train,1324_0
1324,6033,229,Road,35.53957739819792,139.663245677948,2012-04-08 19:26:55,2012-04-02,train,1324_0
1324,3737,256,Convenience Store,35.54107024957424,139.64927673339844,2012-04-08 19:33:33,2012-04-02,train,1324_0
1324,4224,229,Road,35.564026977985954,139.5804512500763,2012-04-08 19:57:09,2012-04-02,train,1324_0
1331,94,69,Train Station,35.66898975019524,139.67971444129944,2012-04-04 19:52:51,2012-04-02,train,1331_0
1331,187,69,Train Station,35.7437954343205,139.67858791351318,2012-04-08 07:27:06,2012-04-02,train,1331_0
1332,6868,58,Smoke Shop,35.710602,139.797917,2012-04-04 08:27:10,2012-04-02,train,1332_0
1332,6868,58,Smoke Shop,35.710602,139.797917,2012-04-05 08:24:46,2012-04-02,train,1332_0
1332,275,69,Train Station,35.71048066190842,139.8133099079132,2012-04-05 19:13:50,2012-04-02,train,1332_0
1332,1224,69,Train Station,35.71796354550892,139.8167297244072,2012-04-05 19:17:53,2012-04-02,train,1332_0
1333,44,69,Train Station,35.68137872227962,139.76608157157898,2012-04-04 08:03:59,2012-04-02,train,1333_0
1333,44,69,Train Station,35.68137872227962,139.76608157157898,2012-04-04 21:36:38,2012-04-02,train,1333_0
1333,208,69,Train Station,35.53132692901326,139.69690203666687,2012-04-04 22:03:10,2012-04-02,train,1333_0
1333,4022,238,Bus Station,35.53140550891237,139.69560652971268,2012-04-04 22:11:25,2012-04-02,train,1333_0
1333,44,69,Train Station,35.68137872227962,139.76608157157898,2012-04-05 19:31:09,2012-04-02,train,1333_0
1333,208,69,Train Station,35.53132692901326,139.69690203666687,2012-04-05 19:52:25,2012-04-02,train,1333_0
1333,4022,238,Bus Station,35.53140550891237,139.69560652971268,2012-04-05 20:06:53,2012-04-02,train,1333_0
1333,208,69,Train Station,35.53132692901326,139.69690203666687,2012-04-08 07:40:54,2012-04-02,train,1333_0
1333,44,69,Train Station,35.68137872227962,139.76608157157898,2012-04-08 07:59:05,2012-04-02,train,1333_0
1336,1331,69,Train Station,35.66418847081434,139.5112499304173,2012-04-08 13:34:45,2012-04-02,train,1336_0
1336,298,69,Train Station,35.633894296867474,139.53109860420227,2012-04-08 13:51:20,2012-04-02,train,1336_0
1336,735,69,Train Station,35.63364359852691,139.53526139259338,2012-04-08 13:55:44,2012-04-02,train,1336_0
1336,208,69,Train Station,35.53132692901326,139.69690203666687,2012-04-08 14:30:28,2012-04-02,train,1336_0
1336,208,69,Train Station,35.53132692901326,139.69690203666687,2012-04-08 17:49:17,2012-04-02,train,1336_0
1337,43,69,Train Station,35.69080269423021,139.70027922656513,2012-04-08 17:19:18,2012-04-02,train,1337_0
1337,572,236,Subway,35.697769474245945,139.64807510375977,2012-04-08 17:41:07,2012-04-02,train,1337_0
1339,235,69,Train Station,35.65723958513964,139.69364047050476,2012-04-08 16:42:08,2012-04-02,train,1339_0
1339,413,63,Video Store,35.659817708965214,139.70037549734116,2012-04-08 18:29:41,2012-04-02,train,1339_0
1340,140,69,Train Station,35.71362076736724,139.77651776270966,2012-04-04 08:38:02,2012-04-02,train,1340_0
1340,177,236,Subway,35.67157800991645,139.74125512674627,2012-04-05 08:39:59,2012-04-02,train,1340_0
1345,6380,242,Parking,35.634788157367346,139.87686976958244,2012-04-08 10:36:26,2012-04-02,train,1345_0
1345,1240,137,Park,35.632814108412646,139.88031148910522,2012-04-08 10:40:19,2012-04-02,train,1345_0
1346,586,22,Indian Restaurant,35.69515016611264,139.68807892301558,2012-04-04 13:51:11,2012-04-02,train,1346_0
1346,1225,24,Italian Restaurant,35.69144797503457,139.68772619962692,2012-04-04 19:54:07,2012-04-02,train,1346_0
1346,892,189,Ramen /  Noodle House,35.694759091559426,139.69819486141205,2012-04-06 22:44:18,2012-04-02,train,1346_0
1346,7294,2,Gym / Fitness Center,35.695273173638725,139.69742238521576,2012-04-08 12:30:43,2012-04-02,train,1346_0
1346,892,189,Ramen /  Noodle House,35.694759091559426,139.69819486141205,2012-04-08 22:15:51,2012-04-02,train,1346_0
1347,3289,258,Historic Site,35.69405549079976,139.7494813799858,2012-04-08 14:20:42,2012-04-02,train,1347_0
1347,781,105,Garden,35.68579697581925,139.75666165351868,2012-04-08 14:54:42,2012-04-02,train,1347_0
1347,3063,258,Historic Site,35.68586668989059,139.7603952884674,2012-04-08 16:06:24,2012-04-02,train,1347_0
1347,2500,107,Cemetery,35.68727402967725,139.76270735263824,2012-04-08 16:14:38,2012-04-02,train,1347_0
1347,45,81,Building,35.68261620651813,139.76433277130127,2012-04-08 16:36:00,2012-04-02,train,1347_0
1349,142,69,Train Station,35.698596195264464,139.77301824864617,2012-04-04 08:27:44,2012-04-02,train,1349_0
1349,2633,71,Train Station,35.62840530724475,139.7385407973929,2012-04-04 08:46:37,2012-04-02,train,1349_0
1349,4610,229,Road,35.62929572698719,139.73672466110602,2012-04-04 08:54:26,2012-04-02,train,1349_0
1349,3633,69,Train Station,35.62850802377022,139.73833131832686,2012-04-04 18:52:11,2012-04-02,train,1349_0
1349,142,69,Train Station,35.698596195264464,139.77301824864617,2012-04-04 19:07:38,2012-04-02,train,1349_0
1349,1963,69,Train Station,35.69867779460533,139.77422207593918,2012-04-04 19:12:11,2012-04-02,train,1349_0
1349,1963,69,Train Station,35.69867779460533,139.77422207593918,2012-04-05 08:21:17,2012-04-02,train,1349_0
1349,142,69,Train Station,35.698596195264464,139.77301824864617,2012-04-05 08:26:30,2012-04-02,train,1349_0
1349,2633,71,Train Station,35.62862728546136,139.73839610317668,2012-04-05 08:43:57,2012-04-02,train,1349_0
1349,4610,229,Road,35.629183074120114,139.73631054990636,2012-04-05 08:51:00,2012-04-02,train,1349_0
1349,3633,69,Train Station,35.62850802377022,139.73833131832686,2012-04-05 18:41:44,2012-04-02,train,1349_0
1349,142,69,Train Station,35.698596195264464,139.77301824864617,2012-04-05 19:01:03,2012-04-02,train,1349_0
1349,1963,69,Train Station,35.69867779460533,139.77422207593918,2012-04-05 19:04:50,2012-04-02,train,1349_0
1351,2059,62,Government Building,35.64137891511245,139.69810634851456,2012-04-04 12:44:06,2012-04-02,train,1351_0
1351,4996,78,Government Building,35.653628292401805,139.56759983777758,2012-04-07 00:01:36,2012-04-02,train,1351_0
1351,4996,78,Government Building,35.653628292401805,139.56759983777758,2012-04-07 23:18:39,2012-04-02,train,1351_0
1351,440,69,Train Station,35.66987442926479,139.6157169342041,2012-04-08 10:25:51,2012-04-02,train,1351_0
1351,189,69,Train Station,35.729864636451765,139.7109555727517,2012-04-08 10:55:21,2012-04-02,train,1351_0
1351,4996,78,Government Building,35.653628292401805,139.56759983777758,2012-04-08 20:46:14,2012-04-02,train,1351_0
1353,6061,31,Gas Station / Garage,35.572099549783005,139.65989291667938,2012-04-08 06:28:58,2012-04-02,train,1353_0
1353,7141,229,Road,35.56037005350223,139.66864228248596,2012-04-08 06:34:11,2012-04-02,train,1353_0
1353,4257,71,Train Station,35.554653047267145,139.66946840286255,2012-04-08 06:45:25,2012-04-02,train,1353_0
1353,7175,71,Train Station,35.548494808103044,139.6720916032791,2012-04-08 06:49:13,2012-04-02,train,1353_0
1353,5789,197,Bridge,35.54233609593024,139.6736741065979,2012-04-08 06:51:54,2012-04-02,train,1353_0
1353,5969,113,Park,35.559298,139.667637,2012-04-08 07:11:26,2012-04-02,train,1353_0
1353,2720,197,Bridge,35.62520986625084,139.56893920898438,2012-04-08 07:41:51,2012-04-02,train,1353_0
1354,210,69,Train Station,35.562387290697124,139.71595281921518,2012-04-04 13:19:11,2012-04-02,train,1354_0
1354,5496,230,Food & Drink Shop,35.57259696814416,139.7131723165512,2012-04-08 21:21:42,2012-04-02,train,1354_0
1355,115,69,Train Station,35.66822490891021,139.60113912820816,2012-04-04 09:40:15,2012-04-02,train,1355_0
1355,3417,236,Subway,35.69097307994596,139.73549365997314,2012-04-04 17:11:08,2012-04-02,train,1355_0
1355,1115,69,Train Station,35.67058042227619,139.6089470386505,2012-04-05 17:34:46,2012-04-02,train,1355_0
1355,220,69,Train Station,35.651889113311164,139.5443956553936,2012-04-08 10:45:25,2012-04-02,train,1355_0
1355,893,69,Train Station,35.672195030970535,139.48046654462814,2012-04-08 10:52:59,2012-04-02,train,1355_0
1355,299,69,Train Station,35.668361407560894,139.6504027448891,2012-04-08 16:10:31,2012-04-02,train,1355_0
1355,1040,69,Train Station,35.668843755416134,139.62346985936165,2012-04-08 16:20:48,2012-04-02,train,1355_0
1355,115,69,Train Station,35.66822490891021,139.60113912820816,2012-04-08 16:56:47,2012-04-02,train,1355_0
1357,87,69,Train Station,35.65852172695124,139.7013260344949,2012-04-08 14:04:38,2012-04-02,train,1357_0
1357,4154,210,Music Venue,35.65693905642321,139.7025178567526,2012-04-08 16:15:18,2012-04-02,train,1357_0
1357,468,121,Café,35.65603003936137,139.69787031412125,2012-04-08 16:51:13,2012-04-02,train,1357_0
1364,5762,200,Arcade,35.7007383583069,139.7718831896782,2012-04-08 12:01:53,2012-04-02,train,1364_0
1364,38,113,Park,35.71406103497294,139.77407455444336,2012-04-08 14:09:55,2012-04-02,train,1364_0
1364,3883,189,Ramen /  Noodle House,35.750065267243464,139.74943379286432,2012-04-08 18:58:57,2012-04-02,train,1364_0
1366,3633,69,Train Station,35.62850802377022,139.73833131832686,2012-04-08 11:33:09,2012-04-02,train,1366_0
1366,2434,69,Train Station,35.67067629738875,139.70252394676208,2012-04-08 15:43:35,2012-04-02,train,1366_0
1366,426,69,Train Station,35.70129378655684,139.70004089176655,2012-04-08 18:59:59,2012-04-02,train,1366_0
1369,140,69,Train Station,35.71362076736724,139.77651776270966,2012-04-04 22:24:31,2012-04-02,train,1369_0
1369,1848,69,Train Station,35.7277712437567,139.77096319198608,2012-04-05 08:32:37,2012-04-02,train,1369_0
1369,1848,69,Train Station,35.7277712437567,139.77096319198608,2012-04-05 18:24:58,2012-04-02,train,1369_0
1370,4040,281,Train Station,35.690903370337175,139.70004558563232,2012-04-08 17:08:48,2012-04-02,train,1370_0
1370,5125,69,Train Station,35.65633045106149,139.7572841770941,2012-04-08 17:32:15,2012-04-02,train,1370_0
1370,3913,88,Temple,35.65700857420805,139.7525417804718,2012-04-08 17:38:38,2012-04-02,train,1370_0
1370,831,76,Government Building,35.65856461606471,139.74547684192655,2012-04-08 17:54:36,2012-04-02,train,1370_0
1370,4674,115,Scenic Lookout,35.65855936339402,139.74547867327624,2012-04-08 17:58:57,2012-04-02,train,1370_0
1370,6417,69,Train Station,35.64536825525797,139.7478818055304,2012-04-08 23:07:54,2012-04-02,train,1370_0
1370,43,69,Train Station,35.69080269423021,139.70027922656513,2012-04-08 23:32:47,2012-04-02,train,1370_0
1373,302,69,Train Station,35.70270629939949,139.56082955002785,2012-04-04 10:23:54,2012-04-02,train,1373_0
1373,302,69,Train Station,35.70270629939949,139.56082955002785,2012-04-04 16:33:23,2012-04-02,train,1373_0
1373,302,69,Train Station,35.70270629939949,139.56082955002785,2012-04-05 17:18:51,2012-04-02,train,1373_0
1373,302,69,Train Station,35.70270629939949,139.56082955002785,2012-04-08 13:41:41,2012-04-02,train,1373_0
1373,302,69,Train Station,35.70270629939949,139.56082955002785,2012-04-08 16:25:17,2012-04-02,train,1373_0
1374,6851,189,Ramen /  Noodle House,35.66555989185584,139.75054621696472,2012-04-04 12:21:06,2012-04-02,train,1374_0
1374,5650,217,General Entertainment,35.693746025133755,139.70124633121532,2012-04-04 21:42:14,2012-04-02,train,1374_0
1374,3325,46,Bar,35.696202216109185,139.7025279700756,2012-04-04 22:13:09,2012-04-02,train,1374_0
1374,5958,124,Event Space,35.66216584314689,139.6676230430603,2012-04-05 18:37:04,2012-04-02,train,1374_0
1374,656,81,Building,35.65637220101617,139.69942331314087,2012-04-06 23:59:07,2012-04-02,train,1374_0
1374,74,204,Music Venue,35.658509,139.695591,2012-04-08 11:35:43,2012-04-02,train,1374_0
1374,4154,210,Music Venue,35.65693905642321,139.7025178567526,2012-04-08 16:51:18,2012-04-02,train,1374_0
1375,913,69,Train Station,35.522015757591234,139.62984681129456,2012-04-04 09:58:41,2012-04-02,train,1375_0
1375,394,69,Train Station,35.56068371332292,139.72373016178608,2012-04-04 22:59:04,2012-04-02,train,1375_0
1375,5623,69,Train Station,35.66661457808932,139.75817441940308,2012-04-05 19:33:09,2012-04-02,train,1375_0
1375,1615,69,Train Station,35.645731813210055,139.7475689649582,2012-04-05 19:37:47,2012-04-02,train,1375_0
1375,38,113,Park,35.71406103497294,139.77407455444336,2012-04-08 14:51:48,2012-04-02,train,1375_0
1375,5747,287,Concert Hall,35.71420912479865,139.7752547264099,2012-04-08 17:49:34,2012-04-02,train,1375_0
1378,43,69,Train Station,35.69080269423021,139.70027922656513,2012-04-04 20:01:41,2012-04-02,train,1378_0
1378,485,69,Train Station,35.73787382649612,139.65452313423157,2012-04-04 20:27:59,2012-04-02,train,1378_0
1378,3525,39,Food & Drink Shop,35.75895310817855,139.62808746770764,2012-04-04 20:33:22,2012-04-02,train,1378_0
1378,3566,230,Food & Drink Shop,35.75830151198085,139.62157487869263,2012-04-04 20:46:45,2012-04-02,train,1378_0
1378,1159,181,Sandwich Place,35.66995852966675,139.71698525316955,2012-04-05 20:07:16,2012-04-02,train,1378_0
1378,485,69,Train Station,35.73787382649612,139.65452313423157,2012-04-05 20:40:50,2012-04-02,train,1378_0
1378,3525,39,Food & Drink Shop,35.75895310817855,139.62808746770764,2012-04-05 20:52:52,2012-04-02,train,1378_0
1378,3566,230,Food & Drink Shop,35.75830151198085,139.62157487869263,2012-04-05 20:59:07,2012-04-02,train,1378_0
1380,220,69,Train Station,35.651889113311164,139.5443956553936,2012-04-04 14:23:43,2012-04-02,train,1380_0
1380,1304,63,Video Store,35.652418727931426,139.54597413539886,2012-04-05 18:45:04,2012-04-02,train,1380_0
1380,546,39,Food & Drink Shop,35.653595636737414,139.54398930072784,2012-04-05 18:54:20,2012-04-02,train,1380_0
1382,94,69,Train Station,35.66898975019524,139.67971444129944,2012-04-08 11:54:32,2012-04-02,train,1382_0
1382,225,236,Subway,35.6684885729729,139.70538854599,2012-04-08 12:19:58,2012-04-02,train,1382_0
1382,1302,201,Art Gallery,35.66994851524441,139.7068691253662,2012-04-08 12:28:07,2012-04-02,train,1382_0
1382,2396,241,Miscellaneous Shop,35.67154570508449,139.70375776290894,2012-04-08 17:21:04,2012-04-02,train,1382_0
1382,1302,201,Art Gallery,35.66994851524441,139.7068691253662,2012-04-08 17:46:01,2012-04-02,train,1382_0
1382,5886,189,Ramen /  Noodle House,35.68956362695633,139.69693824648857,2012-04-08 19:45:20,2012-04-02,train,1382_0
1382,43,69,Train Station,35.69080269423021,139.70027922656513,2012-04-08 20:18:13,2012-04-02,train,1382_0
1383,7007,69,Train Station,35.6342834227343,139.7156721353531,2012-04-04 09:29:14,2012-04-02,train,1383_0
1383,3768,69,Train Station,35.646552450704014,139.71022725105286,2012-04-04 21:50:45,2012-04-02,train,1383_0
1383,514,69,Train Station,35.60978987105579,139.74969863891602,2012-04-04 22:05:07,2012-04-02,train,1383_0
1383,234,69,Train Station,35.6443150221341,139.69909071922302,2012-04-05 17:10:59,2012-04-02,train,1383_0
1383,6875,69,Train Station,35.62885074905048,139.73799347877502,2012-04-07 21:34:06,2012-04-02,train,1383_0
1383,6875,69,Train Station,35.62885074905048,139.73799347877502,2012-04-07 21:36:50,2012-04-02,train,1383_0
1383,514,69,Train Station,35.60978987105579,139.74969863891602,2012-04-08 16:55:08,2012-04-02,train,1383_0
1383,4261,69,Train Station,35.6461372288024,139.82741832733154,2012-04-08 17:10:17,2012-04-02,train,1383_0
1383,6511,69,Train Station,35.65640707091144,139.79525327682495,2012-04-08 17:39:20,2012-04-02,train,1383_0
1383,4261,69,Train Station,35.6461372288024,139.82741832733154,2012-04-08 23:41:31,2012-04-02,train,1383_0
1385,5357,281,Train Station,35.628419084184706,139.73987102508545,2012-04-05 09:07:12,2012-04-02,train,1385_0
1385,109,69,Train Station,35.63014572966312,139.74042892456055,2012-04-05 09:07:52,2012-04-02,train,1385_0
1385,1615,69,Train Station,35.645731813210055,139.7475689649582,2012-04-05 09:16:10,2012-04-02,train,1385_0
1385,439,69,Train Station,35.731842912950256,139.7280639410019,2012-04-05 17:15:48,2012-04-02,train,1385_0
1386,44,69,Train Station,35.68137872227962,139.76608157157898,2012-04-08 15:58:46,2012-04-02,train,1386_0
1386,142,69,Train Station,35.698596195264464,139.77301824864617,2012-04-08 16:05:00,2012-04-02,train,1386_0
1386,6441,121,Café,35.70093221409643,139.77065205574036,2012-04-08 16:32:35,2012-04-02,train,1386_0
1386,1848,69,Train Station,35.7277712437567,139.77096319198608,2012-04-08 18:11:53,2012-04-02,train,1386_0
1386,189,69,Train Station,35.729864636451765,139.7109555727517,2012-04-08 18:28:41,2012-04-02,train,1386_0
1386,1665,233,Hobby Shop,35.729909,139.713527,2012-04-08 18:30:43,2012-04-02,train,1386_0
1386,2207,200,Arcade,35.72991814981789,139.7159966826439,2012-04-08 18:48:44,2012-04-02,train,1386_0
1386,2723,56,Electronics Store,35.729813636461195,139.71428275108337,2012-04-08 19:36:45,2012-04-02,train,1386_0
1386,1171,56,Electronics Store,35.73099375847875,139.71370339393616,2012-04-08 19:59:44,2012-04-02,train,1386_0
1386,1705,189,Ramen /  Noodle House,35.726817,139.71182343,2012-04-08 20:08:09,2012-04-02,train,1386_0
1386,189,69,Train Station,35.729864636451765,139.7109555727517,2012-04-08 21:34:04,2012-04-02,train,1386_0
1387,2930,236,Subway,35.70357209096882,139.75510597229004,2012-04-04 23:51:00,2012-04-02,train,1387_0
1387,660,237,Mall,35.66464029868698,139.76191341876984,2012-04-05 08:46:00,2012-04-02,train,1387_0
1387,1777,122,Fast Food Restaurant,35.664717614508675,139.76166147917775,2012-04-05 08:51:41,2012-04-02,train,1387_0
1387,236,236,Subway,35.67204468417157,139.76417183876038,2012-04-07 23:56:18,2012-04-02,train,1387_0
1387,3918,95,Chinese Restaurant,35.52140778162006,139.63021963834765,2012-04-08 01:00:16,2012-04-02,train,1387_0
1387,1574,237,Mall,35.532034145334585,139.6482253074646,2012-04-08 10:02:41,2012-04-02,train,1387_0
1387,1574,237,Mall,35.532034145334585,139.6482253074646,2012-04-08 20:34:46,2012-04-02,train,1387_0
1390,5527,116,Sculpture Garden,35.65436596147994,139.75688423249474,2012-04-04 11:02:24,2012-04-02,train,1390_0
1390,104,198,Coffee Shop,35.67218849415906,139.76749375462532,2012-04-05 09:05:14,2012-04-02,train,1390_0
1390,192,69,Train Station,35.60375363356726,139.50759172439575,2012-04-08 08:46:35,2012-04-02,train,1390_0
1391,827,236,Subway,35.67254956451001,139.9021505101476,2012-04-04 08:15:54,2012-04-02,train,1391_0
1391,479,236,Subway,35.665876065677715,139.893045411523,2012-04-04 08:18:17,2012-04-02,train,1391_0
1391,564,236,Subway,35.66360737808987,139.872704744339,2012-04-04 08:21:43,2012-04-02,train,1391_0
1391,352,236,Subway,35.69550407383317,139.75170493125916,2012-04-04 08:51:44,2012-04-02,train,1391_0
1391,320,236,Subway,35.67834593327503,139.7400963306427,2012-04-04 08:58:34,2012-04-02,train,1391_0
1391,3704,236,Subway,35.66524609822095,139.7123622894287,2012-04-04 09:01:04,2012-04-02,train,1391_0
1391,201,236,Subway,35.6689505277435,139.69131231307983,2012-04-04 09:09:14,2012-04-02,train,1391_0
1391,94,69,Train Station,35.66898975019524,139.67971444129944,2012-04-04 09:09:51,2012-04-02,train,1391_0
1391,378,69,Train Station,35.62081442397418,139.56971168518066,2012-04-04 09:24:10,2012-04-02,train,1391_0
1391,630,69,Train Station,35.61718625786023,139.56456184387207,2012-04-04 09:33:34,2012-04-02,train,1391_0
1391,6462,153,College Academic Building,35.60828085437723,139.55499708652496,2012-04-04 11:56:38,2012-04-02,train,1391_0
1391,6512,153,College Academic Building,35.61138608315322,139.55487370491028,2012-04-04 12:35:59,2012-04-02,train,1391_0
1391,630,69,Train Station,35.61718625786023,139.56456184387207,2012-04-04 16:25:20,2012-04-02,train,1391_0
1391,94,69,Train Station,35.66898975019524,139.67971444129944,2012-04-04 16:47:19,2012-04-02,train,1391_0
1391,92,236,Subway,35.66656663810825,139.72621321678162,2012-04-04 16:52:08,2012-04-02,train,1391_0
1391,151,236,Subway,35.68691239365025,139.76361393928528,2012-04-04 17:03:48,2012-04-02,train,1391_0
1391,4572,236,Subway,35.66458473051395,139.85937416553497,2012-04-04 17:25:45,2012-04-02,train,1391_0
1391,564,236,Subway,35.66360737808987,139.872704744339,2012-04-05 08:58:41,2012-04-02,train,1391_0
1393,1241,113,Park,35.64299847375349,139.8603343963623,2012-04-04 18:43:49,2012-04-02,train,1393_0
1393,6468,189,Ramen /  Noodle House,35.6830127202949,139.73939895629883,2012-04-08 10:58:56,2012-04-02,train,1393_0
1393,1241,113,Park,35.64299847375349,139.8603343963623,2012-04-08 12:00:53,2012-04-02,train,1393_0
1395,6534,198,Coffee Shop,35.617692117818,139.72869157791138,2012-04-04 18:11:01,2012-04-02,train,1395_0
1395,2601,39,Food & Drink Shop,35.73678570339762,139.6370673547757,2012-04-08 18:17:35,2012-04-02,train,1395_0
1398,146,69,Train Station,35.6964320244761,139.81394290924072,2012-04-04 18:17:40,2012-04-02,train,1398_0
1398,146,69,Train Station,35.6964320244761,139.81394290924072,2012-04-08 15:32:04,2012-04-02,train,1398_0
1398,109,69,Train Station,35.63014572966312,139.74042892456055,2012-04-08 16:18:10,2012-04-02,train,1398_0
1398,146,69,Train Station,35.6964320244761,139.81394290924072,2012-04-08 22:27:13,2012-04-02,train,1398_0
1399,281,69,Train Station,35.74964694346383,139.80514526367188,2012-04-04 08:30:29,2012-04-02,train,1399_0
1399,1074,236,Subway,35.70710485873095,139.78127092123032,2012-04-04 08:41:30,2012-04-02,train,1399_0
1399,281,69,Train Station,35.74964694346383,139.80514526367188,2012-04-05 08:27:44,2012-04-02,train,1399_0
1399,1074,236,Subway,35.70710485873095,139.78127092123032,2012-04-05 08:39:58,2012-04-02,train,1399_0
1399,5762,200,Arcade,35.7007383583069,139.7718831896782,2012-04-08 11:45:11,2012-04-02,train,1399_0
1399,2944,22,Indian Restaurant,35.70022494021544,139.77440091470112,2012-04-08 13:19:24,2012-04-02,train,1399_0
1399,5762,200,Arcade,35.7007383583069,139.7718831896782,2012-04-08 14:09:12,2012-04-02,train,1399_0
1399,6441,121,Café,35.70093221409643,139.77065205574036,2012-04-08 15:36:50,2012-04-02,train,1399_0
1399,816,188,Dessert Shop,35.70309726807743,139.771488904953,2012-04-08 17:28:27,2012-04-02,train,1399_0
1399,1963,69,Train Station,35.69867779460533,139.77422207593918,2012-04-08 17:54:17,2012-04-02,train,1399_0
1402,237,236,Subway,35.66953450447677,139.75550293922424,2012-04-04 08:51:56,2012-04-02,train,1402_0
1402,1930,69,Train Station,35.666692051408944,139.7581327376774,2012-04-05 08:40:02,2012-04-02,train,1402_0
1402,330,269,Shrine,35.66475797233748,139.74845945835114,2012-04-08 11:02:00,2012-04-02,train,1402_0
1402,3179,62,Government Building,35.67265478536679,139.74915146827698,2012-04-08 12:19:01,2012-04-02,train,1402_0
1402,1930,69,Train Station,35.666692051408944,139.7581327376774,2012-04-08 17:22:10,2012-04-02,train,1402_0
1404,1116,81,Building,35.66303643312233,139.76129114627838,2012-04-04 11:08:56,2012-04-02,train,1404_0
1404,1116,81,Building,35.66303643312233,139.76129114627838,2012-04-04 19:53:28,2012-04-02,train,1404_0
1405,4365,39,Food & Drink Shop,35.69685460874923,139.71323668956757,2012-04-04 18:48:44,2012-04-02,train,1405_0
1405,3571,225,Department Store,35.69049818202984,139.70489501953125,2012-04-05 19:13:59,2012-04-02,train,1405_0
1406,433,69,Train Station,35.65060102359122,139.6843063831329,2012-04-07 23:55:25,2012-04-02,train,1406_0
1406,433,69,Train Station,35.65060102359122,139.6843063831329,2012-04-08 12:23:58,2012-04-02,train,1406_0
1406,236,236,Subway,35.67204468417157,139.76417183876038,2012-04-08 12:51:39,2012-04-02,train,1406_0
1406,243,236,Subway,35.669687,139.767254,2012-04-08 12:55:50,2012-04-02,train,1406_0
1406,3468,240,Convention Center,35.668087628929534,139.76731538772583,2012-04-08 13:20:24,2012-04-02,train,1406_0
1409,2262,198,Coffee Shop,35.6906680999577,139.70082879066467,2012-04-04 08:53:20,2012-04-02,train,1409_0
1409,2262,198,Coffee Shop,35.6906680999577,139.70082879066467,2012-04-04 08:53:49,2012-04-02,train,1409_0
1409,192,69,Train Station,35.60375363356726,139.50759172439575,2012-04-04 09:26:33,2012-04-02,train,1409_0
1409,1080,69,Train Station,35.70384108341622,139.59936015307903,2012-04-04 20:02:58,2012-04-02,train,1409_0
1409,3552,69,Train Station,35.69086851550992,139.70030307769775,2012-04-04 21:07:26,2012-04-02,train,1409_0
1409,158,69,Train Station,35.77806243973507,139.72083806991577,2012-04-08 14:11:42,2012-04-02,train,1409_0
1410,6245,189,Ramen /  Noodle House,35.68038874392925,139.76830042086354,2012-04-08 12:59:49,2012-04-02,train,1410_0
1410,4636,237,Mall,35.680847121044465,139.76888179779053,2012-04-08 13:09:06,2012-04-02,train,1410_0
1410,3755,69,Train Station,35.7129459968605,139.70402598381042,2012-04-08 13:37:09,2012-04-02,train,1410_0
1410,3632,69,Train Station,35.72270232024691,139.63859153133942,2012-04-08 13:46:46,2012-04-02,train,1410_0
1412,3407,210,Music Venue,35.66582254716848,139.69967897206772,2012-04-04 17:22:00,2012-04-02,train,1412_0
1412,87,69,Train Station,35.65852172695124,139.7013260344949,2012-04-04 20:49:38,2012-04-02,train,1412_0
1412,1856,69,Train Station,35.80191699809086,139.71758723258972,2012-04-04 21:27:49,2012-04-02,train,1412_0
1412,553,69,Train Station,35.81565557422877,139.70435857772827,2012-04-07 00:22:07,2012-04-02,train,1412_0
1412,768,69,Train Station,35.63440986098353,139.79161351919174,2012-04-07 21:42:46,2012-04-02,train,1412_0
1412,189,69,Train Station,35.729864636451765,139.7109555727517,2012-04-07 22:25:40,2012-04-02,train,1412_0
1412,189,69,Train Station,35.729864636451765,139.7109555727517,2012-04-08 00:37:01,2012-04-02,train,1412_0
1412,158,69,Train Station,35.77806243973507,139.72083806991577,2012-04-08 00:55:40,2012-04-02,train,1412_0
1412,553,69,Train Station,35.81565557422877,139.70435857772827,2012-04-08 01:00:43,2012-04-02,train,1412_0
1412,553,69,Train Station,35.81565557422877,139.70435857772827,2012-04-08 08:11:12,2012-04-02,train,1412_0
1412,158,69,Train Station,35.77806243973507,139.72083806991577,2012-04-08 08:21:37,2012-04-02,train,1412_0
1412,407,234,Light Rail,35.63022857282679,139.79136675596237,2012-04-08 09:13:15,2012-04-02,train,1412_0
1412,2549,240,Convention Center,35.62986667837494,139.79426622390747,2012-04-08 14:10:06,2012-04-02,train,1412_0
1412,768,69,Train Station,35.63440986098353,139.79161351919174,2012-04-08 21:47:36,2012-04-02,train,1412_0
1412,158,69,Train Station,35.77806243973507,139.72083806991577,2012-04-08 22:33:11,2012-04-02,train,1412_0
1412,553,69,Train Station,35.81565557422877,139.70435857772827,2012-04-08 22:43:58,2012-04-02,train,1412_0
1413,2416,69,Train Station,35.72511910343599,139.60356652736664,2012-04-04 20:27:38,2012-04-02,train,1413_0
1413,3428,127,Gym / Fitness Center,35.72386429632607,139.60249508121055,2012-04-04 20:27:56,2012-04-02,train,1413_0
1414,654,69,Train Station,35.69589616697144,139.69995975494385,2012-04-05 08:42:50,2012-04-02,train,1414_0
1414,1673,35,Bar,35.69331594089527,139.70370814204216,2012-04-06 21:55:22,2012-04-02,train,1414_0
1415,3206,236,Subway,35.68173602603758,139.76484775543213,2012-04-05 18:33:10,2012-04-02,train,1415_0
1415,44,69,Train Station,35.68137872227962,139.76608157157898,2012-04-05 20:50:43,2012-04-02,train,1415_0
1415,2272,113,Park,35.75044800945261,139.7388732433319,2012-04-07 09:14:24,2012-04-02,train,1415_0
1416,1942,52,Bar,35.66338311262258,139.73235917648222,2012-04-06 23:32:33,2012-04-02,train,1416_0
1416,585,229,Road,35.659728358644244,139.7234344482422,2012-04-08 05:43:28,2012-04-02,train,1416_0
1416,106,236,Subway,35.66318884920453,139.73212469669195,2012-04-08 10:25:52,2012-04-02,train,1416_0
1416,1930,69,Train Station,35.666692051408944,139.7581327376774,2012-04-08 18:55:08,2012-04-02,train,1416_0
1416,585,229,Road,35.659728358644244,139.7234344482422,2012-04-08 19:16:06,2012-04-02,train,1416_0
1417,2676,134,Movie Theater,35.66085721632741,139.69992220401764,2012-04-04 13:37:16,2012-04-02,train,1417_0
1417,554,113,Park,35.64355648366286,139.68133449554443,2012-04-08 14:18:56,2012-04-02,train,1417_0
1421,1970,69,Train Station,35.84562439273162,139.64698018862993,2012-04-04 07:34:21,2012-04-02,train,1421_0
1421,158,69,Train Station,35.77806243973507,139.72083806991577,2012-04-04 23:26:54,2012-04-02,train,1421_0
1421,189,69,Train Station,35.729864636451765,139.7109555727517,2012-04-04 23:44:39,2012-04-02,train,1421_0
1421,43,69,Train Station,35.69080269423021,139.70027922656513,2012-04-04 23:53:55,2012-04-02,train,1421_0
1421,6105,69,Train Station,35.690903370337175,139.6997344493866,2012-04-04 23:55:04,2012-04-02,train,1421_0
1421,43,69,Train Station,35.69080269423021,139.70027922656513,2012-04-05 07:53:07,2012-04-02,train,1421_0
1421,143,69,Train Station,35.691670172683054,139.7708773612976,2012-04-05 08:06:34,2012-04-02,train,1421_0
1421,142,69,Train Station,35.698596195264464,139.77301824864617,2012-04-05 08:09:48,2012-04-02,train,1421_0
1421,269,69,Train Station,35.732117253229084,139.76670384407043,2012-04-05 08:25:10,2012-04-02,train,1421_0
1421,2102,122,Fast Food Restaurant,35.73263544895519,139.7679054737091,2012-04-05 08:33:31,2012-04-02,train,1421_0
1424,5206,256,Convenience Store,35.67286673529824,139.7739615783379,2012-04-08 14:31:49,2012-04-02,train,1424_0
1424,2146,79,Library,35.67045186228539,139.77201998233795,2012-04-08 14:44:17,2012-04-02,train,1424_0
1424,5206,256,Convenience Store,35.67286673529824,139.7739615783379,2012-04-08 22:05:19,2012-04-02,train,1424_0
1425,29,51,Bar,35.65900483528946,139.69533026218414,2012-04-08 15:34:37,2012-04-02,train,1425_0
1425,129,69,Train Station,35.70582855009322,139.66579914093018,2012-04-08 18:02:23,2012-04-02,train,1425_0
1425,3749,26,Japanese Restaurant,35.708568450309194,139.6658420562744,2012-04-08 18:09:23,2012-04-02,train,1425_0
1426,3198,197,Bridge,35.675082070364034,139.76904541254044,2012-04-04 21:02:57,2012-04-02,train,1426_0
1426,1976,125,Post Office,35.73550941446224,139.65279042720795,2012-04-07 22:17:29,2012-04-02,train,1426_0
1428,4421,69,Train Station,35.666309504991226,139.75861966609955,2012-04-04 08:27:54,2012-04-02,train,1428_0
1428,3869,113,Park,35.66514585832768,139.75687623023987,2012-04-04 08:30:45,2012-04-02,train,1428_0
1428,1762,113,Park,35.66644242996288,139.75287226310007,2012-04-04 08:39:45,2012-04-02,train,1428_0
1428,6504,229,Road,35.66884380709409,139.74843523092375,2012-04-04 19:13:44,2012-04-02,train,1428_0
1428,6081,229,Road,35.66807019653415,139.7508117556572,2012-04-04 19:16:46,2012-04-02,train,1428_0
1428,881,114,Plaza,35.66708090185773,139.75739657878876,2012-04-04 19:28:39,2012-04-02,train,1428_0
1428,5419,69,Train Station,35.66616568441206,139.7586625814438,2012-04-04 19:33:59,2012-04-02,train,1428_0
1428,6504,229,Road,35.66884380709409,139.74843523092375,2012-04-05 18:29:06,2012-04-02,train,1428_0
1428,6081,229,Road,35.66807019653415,139.7508117556572,2012-04-05 18:32:32,2012-04-02,train,1428_0
1431,1252,69,Train Station,35.628121197991504,139.73798198030258,2012-04-04 07:08:29,2012-04-02,train,1431_0
1431,506,81,Building,35.61837240719924,139.72757577896118,2012-04-05 08:30:24,2012-04-02,train,1431_0
1432,6072,198,Coffee Shop,35.77881806716713,139.61290396749973,2012-04-04 14:57:29,2012-04-02,train,1432_0
1432,6072,198,Coffee Shop,35.77881806716713,139.61290396749973,2012-04-04 21:40:49,2012-04-02,train,1432_0
1432,876,69,Train Station,35.75136215528522,139.54591770690126,2012-04-08 15:54:57,2012-04-02,train,1432_0
1432,584,22,Indian Restaurant,35.660709027425696,139.7062361240387,2012-04-08 16:49:46,2012-04-02,train,1432_0
1432,1830,124,Event Space,35.6635768696834,139.71175611019137,2012-04-08 17:27:34,2012-04-02,train,1432_0
1435,6789,256,Convenience Store,35.75075115767742,139.58205904281434,2012-04-04 05:08:42,2012-04-02,train,1435_0
1435,503,69,Train Station,35.74953810235406,139.5865398645401,2012-04-04 05:14:18,2012-04-02,train,1435_0
1435,2711,69,Train Station,35.729025427145416,139.71109628677368,2012-04-04 05:28:32,2012-04-02,train,1435_0
1435,2422,69,Train Station,35.730227334361864,139.71116065979004,2012-04-04 05:37:17,2012-04-02,train,1435_0
1435,422,69,Train Station,35.73792607790286,139.76102828979492,2012-04-04 05:53:51,2012-04-02,train,1435_0
1435,862,69,Train Station,35.74660804374419,139.74690914154053,2012-04-04 05:57:09,2012-04-02,train,1435_0
1435,175,236,Subway,35.71897398583766,139.7274899482727,2012-04-04 08:47:44,2012-04-02,train,1435_0
1435,7232,256,Convenience Store,35.74898856505233,139.56962968338738,2012-04-04 21:25:02,2012-04-02,train,1435_0
1435,7232,256,Convenience Store,35.749034599952985,139.5700277005606,2012-04-05 08:13:14,2012-04-02,train,1435_0
1435,176,236,Subway,35.709470113886056,139.73347127437592,2012-04-05 08:51:36,2012-04-02,train,1435_0
1435,4644,197,Bridge,35.71035867067667,139.73125164180038,2012-04-05 08:58:09,2012-04-02,train,1435_0
1435,6637,197,Bridge,35.7102091074357,139.72811373926152,2012-04-05 09:23:03,2012-04-02,train,1435_0
1435,176,236,Subway,35.709470113886056,139.73347127437592,2012-04-06 22:11:38,2012-04-02,train,1435_0
1435,6789,256,Convenience Store,35.75075115767742,139.58205904281434,2012-04-08 09:02:17,2012-04-02,train,1435_0
1435,503,69,Train Station,35.74953810235406,139.5865398645401,2012-04-08 09:07:51,2012-04-02,train,1435_0
1435,3080,236,Subway,35.729391226913904,139.71004486083984,2012-04-08 09:34:44,2012-04-02,train,1435_0
1435,175,236,Subway,35.71897398583766,139.7274899482727,2012-04-08 09:42:47,2012-04-02,train,1435_0
1435,751,69,Train Station,35.74830601061255,139.56767320632937,2012-04-08 21:21:03,2012-04-02,train,1435_0
1435,7232,256,Convenience Store,35.74898856505233,139.56962968338738,2012-04-08 21:24:10,2012-04-02,train,1435_0
1439,43,69,Train Station,35.69080269423021,139.70027922656513,2012-04-04 07:23:28,2012-04-02,train,1439_0
1439,43,69,Train Station,35.69080269423021,139.70027922656513,2012-04-04 19:49:00,2012-04-02,train,1439_0
1439,43,69,Train Station,35.69080269423021,139.70027922656513,2012-04-08 09:02:59,2012-04-02,train,1439_0
1440,180,69,Train Station,35.72056,139.70635088,2012-04-08 12:16:20,2012-04-02,train,1440_0
1440,3536,69,Train Station,35.69971897404021,139.76447492837906,2012-04-08 12:35:03,2012-04-02,train,1440_0
1440,4503,69,Train Station,35.698494824429865,139.7725135087967,2012-04-08 12:40:56,2012-04-02,train,1440_0
1440,6376,200,Arcade,35.69776076129072,139.77146744728088,2012-04-08 13:33:20,2012-04-02,train,1440_0
1440,633,56,Electronics Store,35.69901541704127,139.7746217250824,2012-04-08 17:43:09,2012-04-02,train,1440_0
1440,142,69,Train Station,35.698596195264464,139.77301824864617,2012-04-08 18:24:24,2012-04-02,train,1440_0
1440,129,69,Train Station,35.70582855009322,139.66579914093018,2012-04-08 18:55:35,2012-04-02,train,1440_0
1442,6386,112,Other Great Outdoors,35.76902767448764,139.88381165515474,2012-04-04 08:46:40,2012-04-02,train,1442_0
1442,4030,69,Train Station,35.71373000966154,139.77722883224487,2012-04-04 23:42:07,2012-04-02,train,1442_0
1442,38,113,Park,35.71406103497294,139.77407455444336,2012-04-08 12:36:04,2012-04-02,train,1442_0
1442,267,56,Electronics Store,35.71114927176825,139.77445542812347,2012-04-08 14:53:01,2012-04-02,train,1442_0
1443,112,69,Train Station,35.62645040122807,139.72343981266022,2012-04-04 10:11:04,2012-04-02,train,1443_0
1443,43,69,Train Station,35.69080269423021,139.70027922656513,2012-04-04 10:32:24,2012-04-02,train,1443_0
1443,3351,65,Arts & Crafts Store,35.690009371890646,139.69758648475607,2012-04-04 10:33:50,2012-04-02,train,1443_0
1443,654,69,Train Station,35.69589616697144,139.69995975494385,2012-04-04 11:24:53,2012-04-02,train,1443_0
1443,659,69,Train Station,35.737055216647526,139.4882583618164,2012-04-04 11:59:56,2012-04-02,train,1443_0
1443,210,69,Train Station,35.562387290697124,139.71595281921518,2012-04-08 07:53:36,2012-04-02,train,1443_0
1443,109,69,Train Station,35.63014572966312,139.74042892456055,2012-04-08 08:05:19,2012-04-02,train,1443_0
1443,44,69,Train Station,35.68137872227962,139.76608157157898,2012-04-08 08:20:06,2012-04-02,train,1443_0
1443,146,69,Train Station,35.6964320244761,139.81394290924072,2012-04-08 08:29:33,2012-04-02,train,1443_0
1443,655,69,Train Station,35.71678758588956,139.8582637310028,2012-04-08 08:34:58,2012-04-02,train,1443_0
1443,655,69,Train Station,35.71678758588956,139.8582637310028,2012-04-08 15:45:01,2012-04-02,train,1443_0
1443,146,69,Train Station,35.6964320244761,139.81394290924072,2012-04-08 15:51:41,2012-04-02,train,1443_0
1443,145,69,Train Station,35.6961052825236,139.79252815246582,2012-04-08 15:56:00,2012-04-02,train,1443_0
1443,142,69,Train Station,35.698596195264464,139.77301824864617,2012-04-08 15:59:47,2012-04-02,train,1443_0
1443,633,56,Electronics Store,35.69901541704127,139.7746217250824,2012-04-08 16:06:20,2012-04-02,train,1443_0
1443,4315,61,Office,35.69988237126696,139.77241394202727,2012-04-08 16:20:47,2012-04-02,train,1443_0
1443,2862,56,Electronics Store,35.70104547793508,139.77180004119873,2012-04-08 16:25:14,2012-04-02,train,1443_0
1443,4176,56,Electronics Store,35.700923501486784,139.77035701274872,2012-04-08 16:32:51,2012-04-02,train,1443_0
1443,4441,233,Hobby Shop,35.70280104685957,139.77100610733032,2012-04-08 16:41:40,2012-04-02,train,1443_0
1443,1895,29,Hardware Store,35.702848,139.77189692,2012-04-08 16:48:49,2012-04-02,train,1443_0
1443,5694,237,Mall,35.70351981702754,139.77423012256622,2012-04-08 16:51:46,2012-04-02,train,1443_0
1443,4125,221,Toy / Game Store,35.70043559382758,139.7702443599701,2012-04-08 17:07:54,2012-04-02,train,1443_0
1443,4491,56,Electronics Store,35.699881833333336,139.770556,2012-04-08 17:10:13,2012-04-02,train,1443_0
1443,629,56,Electronics Store,35.69932145420769,139.7700834274292,2012-04-08 17:12:45,2012-04-02,train,1443_0
1443,1900,29,Hardware Store,35.699357394438415,139.76980984210968,2012-04-08 17:17:47,2012-04-02,train,1443_0
1443,2085,29,Hardware Store,35.698768190429945,139.770859926939,2012-04-08 17:40:53,2012-04-02,train,1443_0
1443,142,69,Train Station,35.698596195264464,139.77301824864617,2012-04-08 17:52:16,2012-04-02,train,1443_0
1447,2061,181,Sandwich Place,35.6810284037626,139.7769521252807,2012-04-04 09:27:18,2012-04-02,train,1447_0
1447,1457,20,Record Shop,35.69884333868803,139.77475315332413,2012-04-04 19:24:05,2012-04-02,train,1447_0
1447,5467,189,Ramen /  Noodle House,35.735139,139.861201,2012-04-07 00:02:30,2012-04-02,train,1447_0
1448,1811,287,Concert Hall,35.68340923210112,139.74340617656708,2012-04-04 19:43:40,2012-04-02,train,1448_0
1448,134,69,Train Station,35.70230879446056,139.7450315952301,2012-04-07 09:16:38,2012-04-02,train,1448_0
1452,118,97,Diner,35.69854452748974,139.77159141006314,2012-04-04 20:03:59,2012-04-02,train,1452_0
1452,142,69,Train Station,35.698596195264464,139.77301824864617,2012-04-08 15:27:00,2012-04-02,train,1452_0
1452,472,269,Shrine,35.702056132756816,139.76794302463531,2012-04-08 15:36:05,2012-04-02,train,1452_0
1453,5436,200,Arcade,35.708991464200004,139.77432103512072,2012-04-04 18:53:29,2012-04-02,train,1453_0
1453,281,69,Train Station,35.74964694346383,139.80514526367188,2012-04-06 23:21:07,2012-04-02,train,1453_0
1453,39,113,Park,35.71230135833511,139.80398654937744,2012-04-08 21:40:56,2012-04-02,train,1453_0
1453,934,88,Temple,35.71109046917164,139.7963583469391,2012-04-08 21:42:21,2012-04-02,train,1453_0
1455,1139,81,Building,35.681587875893094,139.768608212471,2012-04-04 11:45:48,2012-04-02,train,1455_0
1455,2552,236,Subway,35.69541694176286,139.75110948085785,2012-04-04 12:08:59,2012-04-02,train,1455_0
1455,1240,137,Park,35.632814108412646,139.88031148910522,2012-04-08 09:14:52,2012-04-02,train,1455_0
1460,3822,189,Ramen /  Noodle House,35.66179919008499,139.5839622616768,2012-04-04 19:08:41,2012-04-02,train,1460_0
1460,295,69,Train Station,35.6622998644997,139.58487153053284,2012-04-05 18:08:07,2012-04-02,train,1460_0
1460,142,69,Train Station,35.698596195264464,139.77301824864617,2012-04-05 19:00:29,2012-04-02,train,1460_0
1460,275,69,Train Station,35.71048066190842,139.8133099079132,2012-04-08 06:38:19,2012-04-02,train,1460_0
1460,4482,236,Subway,35.68902118787065,139.8157024383545,2012-04-08 07:00:04,2012-04-02,train,1460_0
1462,6348,90,High School,35.547170674775714,139.7400376548318,2012-04-04 10:37:30,2012-04-02,train,1462_0
1462,394,69,Train Station,35.56068371332292,139.72373016178608,2012-04-04 23:27:29,2012-04-02,train,1462_0
1462,2286,161,College Academic Building,35.608849870210214,139.74144473527747,2012-04-04 23:35:22,2012-04-02,train,1462_0
1462,109,69,Train Station,35.63014572966312,139.74042892456055,2012-04-04 23:40:20,2012-04-02,train,1462_0
1462,44,69,Train Station,35.68137872227962,139.76608157157898,2012-04-05 00:02:38,2012-04-02,train,1462_0
1462,655,69,Train Station,35.71678758588956,139.8582637310028,2012-04-05 00:17:32,2012-04-02,train,1462_0
1464,940,69,Train Station,35.644613640188936,139.5024687051773,2012-04-04 06:24:40,2012-04-02,train,1464_0
1464,7061,236,Subway,35.647523473025934,139.748432636261,2012-04-04 12:25:41,2012-04-02,train,1464_0
1464,326,236,Subway,35.69210149576304,139.7848892211914,2012-04-04 12:44:55,2012-04-02,train,1464_0
1464,1615,69,Train Station,35.645731813210055,139.7475689649582,2012-04-04 21:08:37,2012-04-02,train,1464_0
1464,208,69,Train Station,35.53132692901326,139.69690203666687,2012-04-06 23:32:09,2012-04-02,train,1464_0
1464,420,69,Train Station,35.68600611785052,139.73066568374634,2012-04-08 09:54:12,2012-04-02,train,1464_0
1464,891,84,Church,35.68516954643576,139.73094999790192,2012-04-08 10:39:02,2012-04-02,train,1464_0
1464,1203,237,Mall,35.68614118845433,139.7301560640335,2012-04-08 11:11:39,2012-04-02,train,1464_0
1464,763,69,Train Station,35.752433225195475,139.7381329536438,2012-04-08 12:00:51,2012-04-02,train,1464_0
1465,3075,129,Medical Center,35.56283,139.568453,2012-04-04 16:18:38,2012-04-02,train,1465_0
1465,1689,121,Café,35.560610071562245,139.55029249191284,2012-04-08 15:24:21,2012-04-02,train,1465_0
1466,1930,69,Train Station,35.666692051408944,139.7581327376774,2012-04-04 19:09:15,2012-04-02,train,1466_0
1466,333,69,Train Station,35.65561813580688,139.75674211978912,2012-04-04 19:13:18,2012-04-02,train,1466_0
1466,1826,211,Airport,35.55137976854632,139.78840827941897,2012-04-04 19:53:18,2012-04-02,train,1466_0
1466,395,236,Subway,35.67020563664028,139.74981665611267,2012-04-06 23:09:25,2012-04-02,train,1466_0
1466,131,69,Train Station,35.66158508135192,139.66747283935547,2012-04-06 23:45:43,2012-04-02,train,1466_0
1466,367,69,Train Station,35.69129548609415,139.73547220230105,2012-04-08 13:23:44,2012-04-02,train,1466_0
1466,2434,69,Train Station,35.67067629738875,139.70252394676208,2012-04-08 13:46:59,2012-04-02,train,1466_0
1466,1479,269,Shrine,35.67620199564515,139.69936966896057,2012-04-08 15:02:31,2012-04-02,train,1466_0
1466,1248,113,Park,35.67070244512674,139.69663381576538,2012-04-08 18:51:39,2012-04-02,train,1466_0
1469,208,69,Train Station,35.53132692901326,139.69690203666687,2012-04-08 11:00:37,2012-04-02,train,1469_0
1469,93,237,Mall,35.532942167026505,139.69576478004456,2012-04-08 11:36:12,2012-04-02,train,1469_0
1469,208,69,Train Station,35.53132692901326,139.69690203666687,2012-04-08 11:51:56,2012-04-02,train,1469_0
1469,87,69,Train Station,35.65852172695124,139.7013260344949,2012-04-08 14:11:33,2012-04-02,train,1469_0
1470,939,69,Train Station,35.59902114917961,139.61120009422302,2012-04-08 11:14:18,2012-04-02,train,1470_0
1470,357,69,Train Station,35.551330668348115,139.675130546093,2012-04-08 11:31:01,2012-04-02,train,1470_0
1470,197,69,Train Station,35.55137976854632,139.67172145843506,2012-04-08 12:03:23,2012-04-02,train,1470_0
1470,356,69,Train Station,35.538931360333486,139.6804118156433,2012-04-08 12:28:48,2012-04-02,train,1470_0
1470,382,69,Train Station,35.53105189876034,139.68438684940338,2012-04-08 12:50:01,2012-04-02,train,1470_0
1470,208,69,Train Station,35.53132692901326,139.69690203666687,2012-04-08 13:07:12,2012-04-02,train,1470_0
1470,5425,69,Train Station,35.53278501016141,139.7009038925171,2012-04-08 13:57:32,2012-04-02,train,1470_0
1470,1505,69,Train Station,35.53473417006644,139.7480021417141,2012-04-08 14:08:58,2012-04-02,train,1470_0
1470,527,69,Train Station,35.55257562186638,139.73927557468414,2012-04-08 14:57:50,2012-04-02,train,1470_0
1470,79,69,Train Station,35.59974085378926,139.6102237701416,2012-04-08 16:24:47,2012-04-02,train,1470_0
1472,759,69,Train Station,35.735961,139.629695,2012-04-04 11:09:34,2012-04-02,train,1472_0
1472,187,69,Train Station,35.7437954343205,139.67858791351318,2012-04-04 11:24:28,2012-04-02,train,1472_0
1472,194,236,Subway,35.725682527331706,139.71950568258762,2012-04-04 11:37:15,2012-04-02,train,1472_0
1472,3258,62,Government Building,35.729352034161906,139.718177318573,2012-04-04 11:49:12,2012-04-02,train,1472_0
1472,1118,233,Hobby Shop,35.72980928173501,139.71642315387726,2012-04-04 13:33:20,2012-04-02,train,1472_0
1472,189,69,Train Station,35.729864636451765,139.7109555727517,2012-04-04 13:57:56,2012-04-02,train,1472_0
1472,87,69,Train Station,35.65852172695124,139.7013260344949,2012-04-04 21:05:31,2012-04-02,train,1472_0
1472,189,69,Train Station,35.729864636451765,139.7109555727517,2012-04-04 21:23:06,2012-04-02,train,1472_0
1472,187,69,Train Station,35.7437954343205,139.67858791351318,2012-04-04 21:31:58,2012-04-02,train,1472_0
1472,759,69,Train Station,35.735961,139.629695,2012-04-04 21:43:44,2012-04-02,train,1472_0
1472,2601,39,Food & Drink Shop,35.73677230006169,139.63730145776444,2012-04-05 18:25:44,2012-04-02,train,1472_0
1472,3208,69,Train Station,35.736793956413635,139.63776469230652,2012-04-05 18:26:46,2012-04-02,train,1472_0
1472,759,69,Train Station,35.735961,139.629695,2012-04-05 18:37:21,2012-04-02,train,1472_0
1472,2483,95,Chinese Restaurant,35.735481,139.630586,2012-04-05 18:52:32,2012-04-02,train,1472_0
1472,189,69,Train Station,35.729864636451765,139.7109555727517,2012-04-08 12:41:04,2012-04-02,train,1472_0
1472,140,69,Train Station,35.71341172584363,139.77605844022628,2012-04-08 12:59:43,2012-04-02,train,1472_0
1472,1200,69,Train Station,35.71202259411466,139.79840755462646,2012-04-08 13:10:25,2012-04-02,train,1472_0
1472,819,76,Government Building,35.710036,139.810697,2012-04-08 15:41:52,2012-04-02,train,1472_0
1472,350,69,Train Station,35.71034998831642,139.8090398311615,2012-04-08 15:46:37,2012-04-02,train,1472_0
1472,281,69,Train Station,35.74964694346383,139.80514526367188,2012-04-08 16:06:50,2012-04-02,train,1472_0
1472,1200,69,Train Station,35.71202259411466,139.79840755462646,2012-04-08 16:36:48,2012-04-02,train,1472_0
1472,1200,69,Train Station,35.71202259411466,139.79840755462646,2012-04-08 17:04:26,2012-04-02,train,1472_0
1472,140,69,Train Station,35.71341172584363,139.77605844022628,2012-04-08 17:14:41,2012-04-02,train,1472_0
1472,422,69,Train Station,35.73792607790286,139.76102828979492,2012-04-08 17:29:08,2012-04-02,train,1472_0
1476,1623,59,Office,35.6827948558263,139.6868732571602,2012-04-04 08:54:57,2012-04-02,train,1476_0
1476,5045,122,Fast Food Restaurant,35.64962023068776,139.5575800538063,2012-04-08 14:08:20,2012-04-02,train,1476_0
1476,552,63,Video Store,35.65247975325875,139.55582857131958,2012-04-08 14:28:09,2012-04-02,train,1476_0
1477,146,69,Train Station,35.6964320244761,139.81394290924072,2012-04-04 08:32:07,2012-04-02,train,1477_0
1477,109,69,Train Station,35.63014572966312,139.74042892456055,2012-04-04 08:51:31,2012-04-02,train,1477_0
1477,109,69,Train Station,35.63014572966312,139.74042892456055,2012-04-04 20:01:47,2012-04-02,train,1477_0
1477,146,69,Train Station,35.6964320244761,139.81394290924072,2012-04-04 20:29:21,2012-04-02,train,1477_0
1477,109,69,Train Station,35.63014572966312,139.74042892456055,2012-04-05 08:53:54,2012-04-02,train,1477_0
1477,109,69,Train Station,35.63014572966312,139.74042892456055,2012-04-05 18:19:12,2012-04-02,train,1477_0
1477,1851,228,Furniture / Home Store,35.672070831461305,139.82704281806946,2012-04-08 12:34:44,2012-04-02,train,1477_0
1477,4247,256,Convenience Store,35.69076830779676,139.81538996100426,2012-04-08 15:50:28,2012-04-02,train,1477_0
1477,146,69,Train Station,35.6964320244761,139.81394290924072,2012-04-08 21:56:29,2012-04-02,train,1477_0
1478,289,69,Train Station,35.55319972801149,139.64681446552277,2012-04-04 05:30:32,2012-04-02,train,1478_0
1478,302,69,Train Station,35.70270629939949,139.56082955002785,2012-04-05 17:31:19,2012-04-02,train,1478_0
1478,193,69,Train Station,35.704621918699345,139.6199870109558,2012-04-05 17:36:10,2012-04-02,train,1478_0
1478,129,69,Train Station,35.70582855009322,139.66579914093018,2012-04-05 17:42:04,2012-04-02,train,1478_0
1478,43,69,Train Station,35.69080269423021,139.70027922656513,2012-04-05 17:49:13,2012-04-02,train,1478_0
1478,5852,73,Bus Station,35.5523537374584,139.61316884077056,2012-04-08 15:07:06,2012-04-02,train,1478_0
1479,2855,153,College Academic Building,35.65717420475512,139.54051852226257,2012-04-04 09:47:05,2012-04-02,train,1479_0
1479,3345,200,Arcade,35.651043466226184,139.54433262348175,2012-04-04 19:39:04,2012-04-02,train,1479_0
1479,220,69,Train Station,35.651889113311164,139.5443956553936,2012-04-04 20:14:52,2012-04-02,train,1479_0
1479,220,69,Train Station,35.651889113311164,139.5443956553936,2012-04-05 19:09:14,2012-04-02,train,1479_0
1480,4613,197,Bridge,35.627804633218474,139.78645397659986,2012-04-04 18:58:21,2012-04-02,train,1480_0
1480,6621,238,Bus Station,35.64110208282694,139.79545176029205,2012-04-04 19:07:38,2012-04-02,train,1480_0
1480,2640,225,Department Store,35.64900559433054,139.8024308681488,2012-04-05 18:34:34,2012-04-02,train,1480_0
1480,4613,197,Bridge,35.627804633218474,139.78645397659986,2012-04-08 11:07:31,2012-04-02,train,1480_0
1481,580,81,Building,35.67523245260541,139.7608329114883,2012-04-04 14:52:48,2012-04-02,train,1481_0
1481,643,56,Electronics Store,35.67543940231658,139.7628951072693,2012-04-04 15:13:24,2012-04-02,train,1481_0
1483,5177,269,Shrine,35.682799213121505,139.69622611999512,2012-04-04 09:48:16,2012-04-02,train,1483_0
1483,1314,39,Food & Drink Shop,35.67434561287861,139.68630731105804,2012-04-04 18:49:28,2012-04-02,train,1483_0
1483,3145,69,Train Station,35.66949092427104,139.6881902217865,2012-04-04 19:07:40,2012-04-02,train,1483_0
1483,3145,69,Train Station,35.66949092427104,139.6881902217865,2012-04-05 19:08:51,2012-04-02,train,1483_0
1483,1314,39,Food & Drink Shop,35.67434561287861,139.68630731105804,2012-04-05 21:03:42,2012-04-02,train,1483_0
1483,7462,112,Other Great Outdoors,35.64388072184869,139.69950114457984,2012-04-08 18:08:19,2012-04-02,train,1483_0
1484,2912,236,Subway,35.81676917353379,139.73627150058746,2012-04-04 23:52:54,2012-04-02,train,1484_0
1484,1945,236,Subway,35.754418391417154,139.73732560873032,2012-04-06 23:10:58,2012-04-02,train,1484_0
1484,2912,236,Subway,35.81676917353379,139.73627150058746,2012-04-06 23:25:53,2012-04-02,train,1484_0
1484,5362,135,Movie Theater,35.85853526110577,139.6587771177292,2012-04-07 21:48:33,2012-04-02,train,1484_0
1484,1856,69,Train Station,35.80191699809086,139.71758723258972,2012-04-08 16:27:53,2012-04-02,train,1484_0
1485,3679,236,Subway,35.671940094926995,139.7957468032837,2012-04-04 07:51:59,2012-04-02,train,1485_0
1485,2656,236,Subway,35.68253341767869,139.7737044095993,2012-04-04 07:59:31,2012-04-02,train,1485_0
1485,481,236,Subway,35.70300578811289,139.77166056632996,2012-04-04 08:06:40,2012-04-02,train,1485_0
1485,388,122,Fast Food Restaurant,35.69980392322686,139.77180004119873,2012-04-04 08:16:54,2012-04-02,train,1485_0
1485,142,69,Train Station,35.698596195264464,139.77301824864617,2012-04-04 08:59:40,2012-04-02,train,1485_0
1485,143,69,Train Station,35.691670172683054,139.7708773612976,2012-04-04 09:04:06,2012-04-02,train,1485_0
1485,143,69,Train Station,35.691670172683054,139.7708773612976,2012-04-04 16:44:26,2012-04-02,train,1485_0
1485,142,69,Train Station,35.698596195264464,139.77301824864617,2012-04-04 16:48:10,2012-04-02,train,1485_0
1485,2095,221,Toy / Game Store,35.69889343748743,139.77101683616638,2012-04-04 16:51:37,2012-04-02,train,1485_0
1485,5762,200,Arcade,35.7007383583069,139.7718831896782,2012-04-04 17:12:21,2012-04-02,train,1485_0
1485,5450,281,Train Station,35.69836195296789,139.772926568985,2012-04-04 19:20:25,2012-04-02,train,1485_0
1485,3679,236,Subway,35.671940094926995,139.7957468032837,2012-04-05 07:57:16,2012-04-02,train,1485_0
1485,2656,236,Subway,35.68253341767869,139.7737044095993,2012-04-05 08:05:19,2012-04-02,train,1485_0
1485,481,236,Subway,35.70300578811289,139.77166056632996,2012-04-05 08:11:09,2012-04-02,train,1485_0
1485,388,122,Fast Food Restaurant,35.69980392322686,139.77180004119873,2012-04-05 08:18:02,2012-04-02,train,1485_0
1485,142,69,Train Station,35.698596195264464,139.77301824864617,2012-04-05 09:04:19,2012-04-02,train,1485_0
1485,143,69,Train Station,35.691670172683054,139.7708773612976,2012-04-05 09:07:42,2012-04-02,train,1485_0
1485,5450,281,Train Station,35.69836195296789,139.772926568985,2012-04-05 19:07:29,2012-04-02,train,1485_0
1489,3720,198,Coffee Shop,35.683384,139.70154385,2012-04-04 15:27:05,2012-04-02,train,1489_0
1489,5333,189,Ramen /  Noodle House,35.70713535049627,139.66659307479858,2012-04-08 14:32:35,2012-04-02,train,1489_0
1489,3720,198,Coffee Shop,35.683384,139.70154385,2012-04-08 16:08:52,2012-04-02,train,1489_0
1492,5990,189,Ramen /  Noodle House,35.6719037337128,139.7677912426681,2012-04-04 11:34:56,2012-04-02,train,1492_0
1492,2644,213,Spa / Massage,35.540446049016325,139.68335688114166,2012-04-04 20:27:43,2012-04-02,train,1492_0
1492,2400,122,Fast Food Restaurant,35.575014202872325,139.6591740846634,2012-04-08 18:59:38,2012-04-02,train,1492_0
1493,3209,198,Coffee Shop,35.64589092817705,139.82649832963943,2012-04-04 18:49:28,2012-04-02,train,1493_0
1493,3833,198,Coffee Shop,35.669469134159264,139.81882452964783,2012-04-05 18:51:08,2012-04-02,train,1493_0
1493,1572,237,Mall,35.665124067029886,139.8352074623108,2012-04-05 19:34:55,2012-04-02,train,1493_0
1493,1241,113,Park,35.64299847375349,139.8603343963623,2012-04-08 09:24:14,2012-04-02,train,1493_0
1495,467,237,Mall,35.62510521567118,139.7792673110962,2012-04-04 12:08:36,2012-04-02,train,1495_0
1495,3222,198,Coffee Shop,35.69136519536023,139.70111846923828,2012-04-04 18:09:56,2012-04-02,train,1495_0
1495,43,69,Train Station,35.69080269423021,139.70027922656513,2012-04-04 18:36:41,2012-04-02,train,1495_0
1495,43,69,Train Station,35.69080269423021,139.70027922656513,2012-04-08 18:34:59,2012-04-02,train,1495_0
1495,828,134,Movie Theater,35.69226269671942,139.70522224903107,2012-04-08 20:56:20,2012-04-02,train,1495_0
1495,195,69,Train Station,35.68417610648677,139.70206260681152,2012-04-08 21:36:35,2012-04-02,train,1495_0
1497,220,69,Train Station,35.651889113311164,139.5443956553936,2012-04-05 17:24:42,2012-04-02,train,1497_0
1497,708,69,Train Station,35.66614389339263,139.6414339542389,2012-04-05 17:50:48,2012-04-02,train,1497_0
1497,2581,234,Light Rail,35.64410577086131,139.6689534187317,2012-04-05 18:13:02,2012-04-02,train,1497_0
1499,893,69,Train Station,35.672195030970535,139.48046654462814,2012-04-04 09:02:03,2012-04-02,train,1499_0
1499,521,69,Train Station,35.68008021466177,139.72023725509644,2012-04-04 14:00:30,2012-04-02,train,1499_0
1499,142,69,Train Station,35.698596195264464,139.77301824864617,2012-04-04 15:58:56,2012-04-02,train,1499_0
1499,142,69,Train Station,35.698596195264464,139.77301824864617,2012-04-08 12:28:40,2012-04-02,train,1499_0
1499,367,69,Train Station,35.69129548609415,139.73547220230105,2012-04-08 14:53:51,2012-04-02,train,1499_0
1499,893,69,Train Station,35.672195030970535,139.48046654462814,2012-04-08 17:42:15,2012-04-02,train,1499_0
1500,2711,69,Train Station,35.729025427145416,139.71109628677368,2012-04-04 08:10:33,2012-04-02,train,1500_0
1500,189,69,Train Station,35.729864636451765,139.7109555727517,2012-04-04 08:17:52,2012-04-02,train,1500_0
1500,189,69,Train Station,35.729864636451765,139.7109555727517,2012-04-04 11:52:49,2012-04-02,train,1500_0
1500,3944,236,Subway,35.67567471760676,139.76346373558044,2012-04-04 18:40:21,2012-04-02,train,1500_0
1500,6747,236,Subway,35.74367134632177,139.67923164367676,2012-04-04 19:17:28,2012-04-02,train,1500_0
1500,876,69,Train Station,35.75136215528522,139.54591770690126,2012-04-04 19:40:22,2012-04-02,train,1500_0
1500,6169,23,Drugstore / Pharmacy,35.751334643884995,139.545286115509,2012-04-04 19:44:38,2012-04-02,train,1500_0
1500,3546,225,Department Store,35.75074405353843,139.5452606678009,2012-04-04 19:47:27,2012-04-02,train,1500_0
1500,876,69,Train Station,35.75141113361627,139.54576851147038,2012-04-05 07:59:48,2012-04-02,train,1500_0
1500,1957,236,Subway,35.65890458756057,139.7025829553604,2012-04-05 08:55:30,2012-04-02,train,1500_0
1500,1957,236,Subway,35.65890458756057,139.7025829553604,2012-04-05 19:52:01,2012-04-02,train,1500_0
1500,3546,225,Department Store,35.75074405353843,139.5452606678009,2012-04-08 16:29:52,2012-04-02,train,1500_0
1502,1825,189,Ramen /  Noodle House,35.68161184137628,139.78618204593658,2012-04-04 13:16:48,2012-04-02,train,1502_0
1502,6694,58,Smoke Shop,35.67887319366422,139.78747487068176,2012-04-04 19:41:04,2012-04-02,train,1502_0
1502,258,236,Subway,35.682058469518815,139.78602647781372,2012-04-04 19:48:13,2012-04-02,train,1502_0
1502,258,236,Subway,35.682058469518815,139.78602647781372,2012-04-04 19:49:59,2012-04-02,train,1502_0
1502,6030,113,Park,35.69207099824816,139.8243284225464,2012-04-04 20:22:03,2012-04-02,train,1502_0
1502,6695,58,Smoke Shop,35.67837643603711,139.78663802146912,2012-04-05 19:55:54,2012-04-02,train,1502_0
1502,4054,197,Bridge,35.69247617856559,139.81975257396698,2012-04-08 10:15:31,2012-04-02,train,1502_0
1502,146,69,Train Station,35.6964320244761,139.81394290924072,2012-04-08 16:05:37,2012-04-02,train,1502_0
1502,544,113,Park,35.69898927858116,139.81646418571472,2012-04-08 16:06:46,2012-04-02,train,1502_0
1502,4556,113,Park,35.6907378097721,139.82866287231445,2012-04-08 17:19:25,2012-04-02,train,1502_0
1502,3838,237,Mall,35.683156510518295,139.8258626461029,2012-04-08 17:42:48,2012-04-02,train,1502_0
1502,4964,225,Department Store,35.68349933206775,139.8263653395852,2012-04-08 18:24:29,2012-04-02,train,1502_0
1502,6030,113,Park,35.69207099824816,139.8243284225464,2012-04-08 18:42:53,2012-04-02,train,1502_0
1504,281,69,Train Station,35.74964694346383,139.80514526367188,2012-04-08 17:34:03,2012-04-02,train,1504_0
1504,3865,69,Train Station,35.64351288927903,139.67115819454193,2012-04-08 18:29:29,2012-04-02,train,1504_0
1504,308,69,Train Station,35.57957795260064,139.57301884889603,2012-04-08 18:44:29,2012-04-02,train,1504_0
1504,309,69,Train Station,35.57742263857478,139.55844104290009,2012-04-08 18:46:41,2012-04-02,train,1504_0
1504,3401,69,Train Station,35.56866645812988,139.553412,2012-04-08 18:49:26,2012-04-02,train,1504_0
1505,4983,189,Ramen /  Noodle House,35.75254206234596,139.54577967524529,2012-04-04 07:46:48,2012-04-02,train,1505_0
1505,6358,62,Government Building,35.63160952878298,139.63787924784364,2012-04-04 18:35:11,2012-04-02,train,1505_0
1505,5557,200,Arcade,35.627631849458055,139.6344623991534,2012-04-04 19:59:08,2012-04-02,train,1505_0
1505,87,69,Train Station,35.65852172695124,139.7013260344949,2012-04-04 20:13:57,2012-04-02,train,1505_0
1505,3707,200,Arcade,35.646706,139.71085,2012-04-04 20:51:30,2012-04-02,train,1505_0
1505,331,69,Train Station,35.64687830575068,139.7099483013153,2012-04-04 20:51:43,2012-04-02,train,1505_0
1505,1546,200,Arcade,35.65985039808205,139.70206260681152,2012-04-04 21:08:19,2012-04-02,train,1505_0
1505,6383,200,Arcade,35.65952762950323,139.70255774819194,2012-04-04 21:50:28,2012-04-02,train,1505_0
1505,87,69,Train Station,35.65852172695124,139.7013260344949,2012-04-05 08:10:00,2012-04-02,train,1505_0
1505,4469,122,Fast Food Restaurant,35.751887913819786,139.54503248623482,2012-04-07 21:56:28,2012-04-02,train,1505_0
1505,5584,200,Arcade,35.75268458062163,139.5430780856941,2012-04-08 09:30:29,2012-04-02,train,1505_0
1505,2207,200,Arcade,35.72991814981789,139.7159966826439,2012-04-08 16:56:26,2012-04-02,train,1505_0
1505,5776,245,Fried Chicken Joint,35.72911087141744,139.71545315864773,2012-04-08 20:10:39,2012-04-02,train,1505_0
1510,537,197,Bridge,35.79220981404536,139.71773207187653,2012-04-04 08:20:53,2012-04-02,train,1510_0
1510,151,236,Subway,35.68691239365025,139.76361393928528,2012-04-04 19:34:57,2012-04-02,train,1510_0
1510,537,197,Bridge,35.79220981404536,139.71773207187653,2012-04-04 20:01:46,2012-04-02,train,1510_0
1510,693,69,Train Station,35.858739601673754,139.6572858095169,2012-04-08 21:25:02,2012-04-02,train,1510_0
1515,145,69,Train Station,35.6961052825236,139.79252815246582,2012-04-04 12:29:44,2012-04-02,train,1515_0
1515,167,138,Stadium,35.6969090653226,139.79350984096527,2012-04-04 12:39:27,2012-04-02,train,1515_0
1515,1206,241,Miscellaneous Shop,35.64873532720138,139.6931254863739,2012-04-08 20:59:02,2012-04-02,train,1515_0
1516,5481,113,Park,35.668436276037966,139.600932598114,2012-04-04 07:34:03,2012-04-02,train,1516_0
1516,115,69,Train Station,35.66822490891021,139.60113912820816,2012-04-04 07:45:52,2012-04-02,train,1516_0
1516,220,69,Train Station,35.651889113311164,139.5443956553936,2012-04-04 07:58:56,2012-04-02,train,1516_0
1516,5295,241,Miscellaneous Shop,35.68748,139.67728,2012-04-05 07:47:04,2012-04-02,train,1516_0
1516,2371,151,Medical Center,35.693299603191086,139.6920096874237,2012-04-05 08:16:01,2012-04-02,train,1516_0
1516,5481,113,Park,35.668436276037966,139.600932598114,2012-04-05 20:53:27,2012-04-02,train,1516_0
1518,4436,26,Japanese Restaurant,35.69244785957806,139.77167665958405,2012-04-04 07:56:08,2012-04-02,train,1518_0
1518,5701,46,Bar,35.72736515410437,139.76853378117085,2012-04-04 20:40:10,2012-04-02,train,1518_0
1518,4436,26,Japanese Restaurant,35.69244785957806,139.77167665958405,2012-04-05 07:56:22,2012-04-02,train,1518_0
1518,5701,46,Bar,35.72736515410437,139.76853378117085,2012-04-07 23:04:15,2012-04-02,train,1518_0
1523,43,69,Train Station,35.69080269423021,139.70027922656513,2012-04-07 22:55:28,2012-04-02,train,1523_0
1523,234,69,Train Station,35.6443150221341,139.69909071922302,2012-04-08 12:12:21,2012-04-02,train,1523_0
1525,3377,128,Gym / Fitness Center,35.700664266044214,139.47979674401915,2012-04-04 18:13:53,2012-04-02,train,1525_0
1525,87,69,Train Station,35.65852172695124,139.7013260344949,2012-04-08 08:35:52,2012-04-02,train,1525_0
1525,4493,189,Ramen /  Noodle House,35.658809787962056,139.6971219778061,2012-04-08 23:31:11,2012-04-02,train,1525_0
1527,7152,273,Mobile Phone Shop,35.68990346643177,139.6984201669693,2012-04-04 19:31:42,2012-04-02,train,1527_0
1527,246,17,Video Game Store,35.68881912618486,139.69867843159346,2012-04-04 19:33:39,2012-04-02,train,1527_0
1527,5873,281,Train Station,35.68998842607441,139.70112919807434,2012-04-04 19:33:55,2012-04-02,train,1527_0
1527,124,56,Electronics Store,35.689809792874755,139.69790518283844,2012-04-05 18:52:13,2012-04-02,train,1527_0
1527,1688,56,Electronics Store,35.68861381151347,139.69835847616196,2012-04-05 18:52:46,2012-04-02,train,1527_0
1527,5873,281,Train Station,35.68998842607441,139.70112919807434,2012-04-05 18:53:00,2012-04-02,train,1527_0
1527,1688,56,Electronics Store,35.68861381151347,139.69835847616196,2012-04-08 15:32:11,2012-04-02,train,1527_0
1527,2583,17,Video Game Store,35.6896986915366,139.69736605882645,2012-04-08 15:33:31,2012-04-02,train,1527_0
1527,1952,56,Electronics Store,35.73156421709618,139.71359074115753,2012-04-08 20:49:58,2012-04-02,train,1527_0
1530,945,26,Japanese Restaurant,35.70386588204618,139.56071480594412,2012-04-04 18:08:01,2012-04-02,train,1530_0
1530,2839,230,Food & Drink Shop,35.714045000287086,139.56210269172416,2012-04-04 21:19:48,2012-04-02,train,1530_0
1530,6682,256,Convenience Store,35.703855,139.562689,2012-04-05 18:01:14,2012-04-02,train,1530_0
1530,946,26,Japanese Restaurant,35.70376387416956,139.56089886059328,2012-04-05 18:17:01,2012-04-02,train,1530_0
1530,1216,221,Toy / Game Store,35.65699985680134,139.7586464881897,2012-04-08 12:31:43,2012-04-02,train,1530_0
1530,1470,241,Miscellaneous Shop,35.685718547416165,139.7844386100769,2012-04-08 14:05:52,2012-04-02,train,1530_0
1530,40,269,Shrine,35.68365541701122,139.7850662469864,2012-04-08 14:18:13,2012-04-02,train,1530_0
1530,2887,113,Park,35.691391336319306,139.74995613098145,2012-04-08 16:34:21,2012-04-02,train,1530_0
1530,1435,241,Miscellaneous Shop,35.711293256545176,139.53701637742657,2012-04-08 19:38:26,2012-04-02,train,1530_0
1530,6852,122,Fast Food Restaurant,35.751814,139.545246,2012-04-08 20:37:51,2012-04-02,train,1530_0
1533,7091,116,Sculpture Garden,35.657302786127154,139.54357087612152,2012-04-04 10:12:50,2012-04-02,train,1533_0
1533,6808,160,College Academic Building,35.6567535896681,139.5403227210045,2012-04-04 10:21:55,2012-04-02,train,1533_0
1534,1074,236,Subway,35.70710485873095,139.78127092123032,2012-04-04 09:06:56,2012-04-02,train,1534_0
1534,4800,236,Subway,35.6879755117541,139.7969913482666,2012-04-04 09:16:54,2012-04-02,train,1534_0
1534,4800,236,Subway,35.6879755117541,139.7969913482666,2012-04-04 19:36:48,2012-04-02,train,1534_0
1534,1074,236,Subway,35.70710485873095,139.78127092123032,2012-04-04 19:50:56,2012-04-02,train,1534_0
1534,4800,236,Subway,35.6879755117541,139.7969913482666,2012-04-07 09:19:48,2012-04-02,train,1534_0
1538,5635,200,Arcade,35.56019904402692,139.71402765228834,2012-04-04 20:46:57,2012-04-02,train,1538_0
1538,5634,200,Arcade,35.56234445997731,139.7137882576681,2012-04-04 22:00:19,2012-04-02,train,1538_0
1538,2954,200,Arcade,35.69876710132423,139.7701209783554,2012-04-05 17:22:11,2012-04-02,train,1538_0
1538,5634,200,Arcade,35.56234445997731,139.7137882576681,2012-04-05 19:54:37,2012-04-02,train,1538_0
1538,5635,200,Arcade,35.56019904402692,139.71402765228834,2012-04-08 14:28:33,2012-04-02,train,1538_0
1538,5634,200,Arcade,35.56234445997731,139.7137882576681,2012-04-08 15:21:29,2012-04-02,train,1538_0
1540,3358,236,Subway,35.67995820614858,139.78008270263672,2012-04-05 08:51:25,2012-04-02,train,1540_0
1540,142,69,Train Station,35.698596195264464,139.77301824864617,2012-04-05 17:31:25,2012-04-02,train,1540_0
1540,6749,273,Mobile Phone Shop,35.69943363123786,139.77163910865784,2012-04-05 17:53:18,2012-04-02,train,1540_0
1540,7349,273,Mobile Phone Shop,35.69940749291482,139.77112412452698,2012-04-05 17:57:14,2012-04-02,train,1540_0
1540,4125,221,Toy / Game Store,35.70043559382758,139.7702443599701,2012-04-05 18:02:51,2012-04-02,train,1540_0
1540,1518,233,Hobby Shop,35.7006294503532,139.77048307657242,2012-04-05 18:20:03,2012-04-02,train,1540_0
1540,6057,56,Electronics Store,35.70068555,139.770708,2012-04-05 18:26:34,2012-04-02,train,1540_0
1540,633,56,Electronics Store,35.69901541704127,139.7746217250824,2012-04-05 18:36:03,2012-04-02,train,1540_0
1540,142,69,Train Station,35.698596195264464,139.77301824864617,2012-04-05 18:53:08,2012-04-02,train,1540_0
1540,496,236,Subway,35.67983619744879,139.7800612449646,2012-04-05 19:05:23,2012-04-02,train,1540_0
1540,4572,236,Subway,35.66458473051395,139.85937416553497,2012-04-06 21:52:35,2012-04-02,train,1540_0
1541,7095,26,Japanese Restaurant,35.695308026541106,139.7762793302536,2012-04-04 14:08:57,2012-04-02,train,1541_0
1541,142,69,Train Station,35.698596195264464,139.77301824864617,2012-04-04 18:58:53,2012-04-02,train,1541_0
1541,5817,69,Train Station,35.60713179761434,139.73477387338818,2012-04-04 19:20:42,2012-04-02,train,1541_0
1541,207,69,Train Station,35.60743038445974,139.68562066555023,2012-04-04 19:39:55,2012-04-02,train,1541_0
1541,6579,38,Candy Store,35.60931012895502,139.68549460172653,2012-04-04 19:45:12,2012-04-02,train,1541_0
1541,7482,241,Miscellaneous Shop,35.61005146046105,139.68557640005892,2012-04-04 19:47:24,2012-04-02,train,1541_0
1541,142,69,Train Station,35.698596195264464,139.77301824864617,2012-04-05 18:51:30,2012-04-02,train,1541_0
1541,5817,69,Train Station,35.607041101221995,139.73500836365807,2012-04-05 19:15:21,2012-04-02,train,1541_0
1541,207,69,Train Station,35.60743038445974,139.68562066555023,2012-04-05 19:28:06,2012-04-02,train,1541_0
1541,6579,38,Candy Store,35.60931012895502,139.68549460172653,2012-04-05 19:31:17,2012-04-02,train,1541_0
1541,7482,241,Miscellaneous Shop,35.61005146046105,139.68557640005892,2012-04-05 19:35:51,2012-04-02,train,1541_0
1541,207,69,Train Station,35.60743038445974,139.68562066555023,2012-04-08 14:48:16,2012-04-02,train,1541_0
1541,6579,38,Candy Store,35.60931012895502,139.68549460172653,2012-04-08 14:53:15,2012-04-02,train,1541_0
1541,7482,241,Miscellaneous Shop,35.61005146046105,139.68557640005892,2012-04-08 14:57:37,2012-04-02,train,1541_0
1544,87,69,Train Station,35.65852172695124,139.7013260344949,2012-04-04 14:56:33,2012-04-02,train,1544_0
1544,87,69,Train Station,35.65852172695124,139.7013260344949,2012-04-04 15:44:22,2012-04-02,train,1544_0
1544,4706,69,Train Station,35.681283949368016,139.76607084274292,2012-04-04 16:05:08,2012-04-02,train,1544_0
1544,2569,69,Train Station,35.65948427920908,139.70020651817322,2012-04-04 16:51:17,2012-04-02,train,1544_0
1544,400,69,Train Station,35.63346919921755,139.6616443991661,2012-04-07 22:28:16,2012-04-02,train,1544_0
1544,87,69,Train Station,35.65852172695124,139.7013260344949,2012-04-08 11:43:22,2012-04-02,train,1544_0
1544,195,69,Train Station,35.68417610648677,139.70206260681152,2012-04-08 11:49:05,2012-04-02,train,1544_0
1544,142,69,Train Station,35.698596195264464,139.77301824864617,2012-04-08 12:22:37,2012-04-02,train,1544_0
1544,189,69,Train Station,35.729864636451765,139.7109555727517,2012-04-08 13:15:27,2012-04-02,train,1544_0
1544,243,236,Subway,35.669687,139.767254,2012-04-08 16:42:02,2012-04-02,train,1544_0
1544,3468,240,Convention Center,35.668087628929534,139.76731538772583,2012-04-08 17:05:09,2012-04-02,train,1544_0
1544,87,69,Train Station,35.65852172695124,139.7013260344949,2012-04-08 19:28:04,2012-04-02,train,1544_0
1544,2092,233,Hobby Shop,35.655849150760424,139.70116138458252,2012-04-08 20:16:53,2012-04-02,train,1544_0
1545,6199,81,Building,35.67337400038222,139.81613269296855,2012-04-04 12:28:36,2012-04-02,train,1545_0
1545,690,236,Subway,35.669590069204546,139.8175974190235,2012-04-04 22:46:30,2012-04-02,train,1545_0
1545,366,236,Subway,35.72552411579853,139.76321697235107,2012-04-05 07:49:50,2012-04-02,train,1545_0
1545,5270,23,Drugstore / Pharmacy,35.72769067921818,139.76472973823547,2012-04-05 19:21:02,2012-04-02,train,1545_0
1545,366,236,Subway,35.72552411579853,139.76321697235107,2012-04-08 06:02:09,2012-04-02,train,1545_0
1545,269,69,Train Station,35.732117253229084,139.76670384407043,2012-04-08 06:12:45,2012-04-02,train,1545_0
1545,2711,69,Train Station,35.729025427145416,139.71109628677368,2012-04-08 06:35:00,2012-04-02,train,1545_0
1545,3773,69,Train Station,35.73781504362258,139.65356022119522,2012-04-08 06:53:30,2012-04-02,train,1545_0
1545,485,69,Train Station,35.73787382649612,139.65452313423157,2012-04-08 13:26:57,2012-04-02,train,1545_0
1546,363,69,Train Station,35.6881863003593,139.59936899218158,2012-04-04 18:18:08,2012-04-02,train,1546_0
1546,87,69,Train Station,35.65852172695124,139.7013260344949,2012-04-05 18:51:03,2012-04-02,train,1546_0
1546,383,69,Train Station,35.61783384524961,139.676393866539,2012-04-05 19:09:05,2012-04-02,train,1546_0
1546,363,69,Train Station,35.6881863003593,139.59936899218158,2012-04-08 05:37:24,2012-04-02,train,1546_0
1546,261,69,Train Station,35.70320181647976,139.57990407943726,2012-04-08 06:32:45,2012-04-02,train,1546_0
1546,87,69,Train Station,35.65852172695124,139.7013260344949,2012-04-08 23:23:04,2012-04-02,train,1546_0
1546,129,69,Train Station,35.70582855009322,139.66579914093018,2012-04-08 23:24:34,2012-04-02,train,1546_0
1547,7275,59,Office,35.660737357678165,139.69947963953018,2012-04-04 21:53:53,2012-04-02,train,1547_0
1547,87,69,Train Station,35.65852172695124,139.7013260344949,2012-04-08 05:09:37,2012-04-02,train,1547_0
1547,7462,112,Other Great Outdoors,35.64388072184869,139.69950114457984,2012-04-08 19:21:31,2012-04-02,train,1547_0
1547,162,69,Train Station,35.63367738834909,139.71551656723022,2012-04-08 20:56:26,2012-04-02,train,1547_0
1549,43,69,Train Station,35.69080269423021,139.70027922656513,2012-04-04 09:25:46,2012-04-02,train,1549_0
1549,792,81,Building,35.693190685077724,139.69316840171814,2012-04-04 09:37:59,2012-04-02,train,1549_0
1549,4933,198,Coffee Shop,35.694026,139.6927488,2012-04-04 13:20:53,2012-04-02,train,1549_0
1549,1330,225,Department Store,35.68770537652939,139.70213770866394,2012-04-04 18:45:47,2012-04-02,train,1549_0
1551,3769,69,Train Station,35.66864546357213,139.6504783630371,2012-04-04 08:09:31,2012-04-02,train,1551_0
1551,189,69,Train Station,35.729864636451765,139.7109555727517,2012-04-04 13:38:13,2012-04-02,train,1551_0
1551,7026,69,Train Station,35.73767352911937,139.7613501548767,2012-04-04 13:52:25,2012-04-02,train,1551_0
1551,1615,69,Train Station,35.645731813210055,139.7475689649582,2012-04-04 14:09:17,2012-04-02,train,1551_0
1551,1102,234,Light Rail,35.64181268975706,139.75768089294434,2012-04-04 16:45:08,2012-04-02,train,1551_0
1551,2090,69,Train Station,35.69034569127357,139.6997880935669,2012-04-04 18:19:56,2012-04-02,train,1551_0
1551,131,69,Train Station,35.66158508135192,139.66747283935547,2012-04-04 18:32:39,2012-04-02,train,1551_0
1556,866,69,Train Station,35.740912,139.716762,2012-04-07 00:12:23,2012-04-02,train,1556_0
1556,455,69,Train Station,35.70173812637094,139.52482223510742,2012-04-08 12:51:51,2012-04-02,train,1556_0
1557,541,69,Train Station,35.84768054178072,139.66914921998978,2012-04-04 07:10:37,2012-04-02,train,1557_0
1557,4701,69,Train Station,35.84756205126618,139.66937720775604,2012-04-04 07:20:20,2012-04-02,train,1557_0
1557,2796,234,Light Rail,35.65551788382668,139.75673139095306,2012-04-04 08:10:03,2012-04-02,train,1557_0
1557,758,234,Light Rail,35.58157614739344,139.7491192817688,2012-04-04 08:29:20,2012-04-02,train,1557_0
1557,2977,256,Convenience Store,35.5813231,139.748733,2012-04-04 08:29:56,2012-04-02,train,1557_0
1557,5809,81,Building,35.583260176778374,139.74704325199127,2012-04-04 12:11:47,2012-04-02,train,1557_0
1557,333,69,Train Station,35.65561813580688,139.75674211978912,2012-04-04 17:27:11,2012-04-02,train,1557_0
1557,1027,39,Food & Drink Shop,35.84730876360927,139.670991897583,2012-04-04 18:16:45,2012-04-02,train,1557_0
1557,5120,23,Drugstore / Pharmacy,35.84446927751466,139.6698009967804,2012-04-04 18:52:23,2012-04-02,train,1557_0
1557,2796,234,Light Rail,35.65551788382668,139.75673139095306,2012-04-05 08:10:06,2012-04-02,train,1557_0
1557,758,234,Light Rail,35.58157614739344,139.7491192817688,2012-04-05 08:30:08,2012-04-02,train,1557_0
1557,2977,256,Convenience Store,35.5813231,139.748733,2012-04-05 08:30:46,2012-04-02,train,1557_0
1557,333,69,Train Station,35.65561813580688,139.75674211978912,2012-04-05 17:26:58,2012-04-02,train,1557_0
1557,2310,32,Bookstore,35.8479523083472,139.66999411582947,2012-04-05 18:22:59,2012-04-02,train,1557_0
1557,1027,39,Food & Drink Shop,35.84730876360927,139.670991897583,2012-04-05 18:48:15,2012-04-02,train,1557_0
1557,5120,23,Drugstore / Pharmacy,35.84446927751466,139.6698009967804,2012-04-05 18:59:54,2012-04-02,train,1557_0
1557,44,69,Train Station,35.68137872227962,139.76608157157898,2012-04-08 22:43:43,2012-04-02,train,1557_0
1557,1027,39,Food & Drink Shop,35.84730876360927,139.670991897583,2012-04-08 23:22:59,2012-04-02,train,1557_0
1560,525,39,Food & Drink Shop,35.65869973311459,139.70078587532043,2012-04-04 17:26:53,2012-04-02,train,1560_0
1560,768,69,Train Station,35.63440986098353,139.79161351919174,2012-04-08 09:47:13,2012-04-02,train,1560_0
1560,2549,240,Convention Center,35.62986667837494,139.79426622390747,2012-04-08 09:55:34,2012-04-02,train,1560_0
1560,768,69,Train Station,35.63440986098353,139.79161351919174,2012-04-08 15:44:39,2012-04-02,train,1560_0
1560,174,69,Train Station,35.619699172885795,139.72855277359486,2012-04-08 16:03:52,2012-04-02,train,1560_0
1560,43,69,Train Station,35.69080269423021,139.70027922656513,2012-04-08 16:18:23,2012-04-02,train,1560_0
1562,73,69,Train Station,35.70537552095303,139.64986145496368,2012-04-08 08:28:19,2012-04-02,train,1562_0
1562,302,69,Train Station,35.70270629939949,139.56082955002785,2012-04-08 08:45:39,2012-04-02,train,1562_0
1562,931,69,Train Station,35.701341705675524,139.50644373893738,2012-04-08 09:03:45,2012-04-02,train,1562_0
1562,806,78,Government Building,35.68855499229535,139.5150375366211,2012-04-08 09:14:46,2012-04-02,train,1562_0
1562,931,69,Train Station,35.701341705675524,139.50644373893738,2012-04-08 12:43:28,2012-04-02,train,1562_0
1562,87,69,Train Station,35.65852172695124,139.7013260344949,2012-04-08 18:03:17,2012-04-02,train,1562_0
1562,2312,69,Train Station,35.65874546666904,139.6991221965708,2012-04-08 22:42:07,2012-04-02,train,1562_0
1562,255,69,Train Station,35.67612791546994,139.64320957660675,2012-04-08 22:57:54,2012-04-02,train,1562_0
1563,6098,268,River,35.644207891503186,139.7008224954421,2012-04-06 23:13:42,2012-04-02,train,1563_0
1563,6098,268,River,35.644207891503186,139.7008224954421,2012-04-08 20:45:55,2012-04-02,train,1563_0
1564,907,69,Train Station,35.71942693768768,139.6638035774231,2012-04-04 08:15:35,2012-04-02,train,1564_0
1564,2413,69,Train Station,35.71585116118837,139.69514787197113,2012-04-04 08:25:37,2012-04-02,train,1564_0
1564,7466,89,School,35.70944180093369,139.69491451978683,2012-04-04 08:38:24,2012-04-02,train,1564_0
1564,149,69,Train Station,35.712902440367635,139.7038972377777,2012-04-04 10:06:30,2012-04-02,train,1564_0
1564,189,69,Train Station,35.729864636451765,139.7109555727517,2012-04-04 10:52:06,2012-04-02,train,1564_0
1564,189,69,Train Station,35.729864636451765,139.7109555727517,2012-04-04 13:23:51,2012-04-02,train,1564_0
1564,43,69,Train Station,35.69080269423021,139.70027922656513,2012-04-04 13:38:21,2012-04-02,train,1564_0
1564,729,233,Hobby Shop,35.69375052259787,139.70172196626663,2012-04-04 13:43:54,2012-04-02,train,1564_0
1564,654,69,Train Station,35.69589616697144,139.69995975494385,2012-04-04 14:12:35,2012-04-02,train,1564_0
1564,2517,39,Food & Drink Shop,35.71940516121535,139.6649376153946,2012-04-04 14:52:39,2012-04-02,train,1564_0
1564,907,69,Train Station,35.71942693768768,139.6638035774231,2012-04-04 14:57:04,2012-04-02,train,1564_0
1564,2471,200,Arcade,35.69325603596359,139.7014832496643,2012-04-05 19:13:04,2012-04-02,train,1564_0
1564,4666,115,Scenic Lookout,35.689892574163345,139.69162344932556,2012-04-05 19:54:31,2012-04-02,train,1564_0
1564,1158,198,Coffee Shop,35.695072805068534,139.70024408916862,2012-04-05 20:44:30,2012-04-02,train,1564_0
1564,907,69,Train Station,35.71942693768768,139.6638035774231,2012-04-08 10:40:26,2012-04-02,train,1564_0
1564,3957,84,Church,35.71426574730637,139.7266262769699,2012-04-08 11:35:30,2012-04-02,train,1564_0
1564,654,69,Train Station,35.69589616697144,139.69995975494385,2012-04-08 14:42:08,2012-04-02,train,1564_0
1564,907,69,Train Station,35.71942693768768,139.6638035774231,2012-04-08 15:06:39,2012-04-02,train,1564_0
1564,907,69,Train Station,35.71942693768768,139.6638035774231,2012-04-08 17:57:33,2012-04-02,train,1564_0
1564,654,69,Train Station,35.69589616697144,139.69995975494385,2012-04-08 18:16:45,2012-04-02,train,1564_0
1564,43,69,Train Station,35.69080269423021,139.70027922656513,2012-04-08 18:25:00,2012-04-02,train,1564_0
1564,654,69,Train Station,35.69589616697144,139.69995975494385,2012-04-08 22:07:41,2012-04-02,train,1564_0
1565,722,236,Subway,35.54549625962947,139.5745188742876,2012-04-04 08:30:46,2012-04-02,train,1565_0
1565,722,236,Subway,35.54549625962947,139.5745188742876,2012-04-04 20:16:21,2012-04-02,train,1565_0
1565,722,236,Subway,35.54549625962947,139.5745188742876,2012-04-05 08:26:46,2012-04-02,train,1565_0
1565,722,236,Subway,35.54549625962947,139.5745188742876,2012-04-05 20:10:13,2012-04-02,train,1565_0
1568,3820,238,Bus Station,35.75385244995318,139.73835825920105,2012-04-04 16:30:02,2012-04-02,train,1568_0
1568,142,69,Train Station,35.698596195264464,139.77301824864617,2012-04-04 18:08:01,2012-04-02,train,1568_0
1568,1287,233,Hobby Shop,35.68700824914241,139.702330827713,2012-04-04 18:30:45,2012-04-02,train,1568_0
1568,1287,233,Hobby Shop,35.68700824914241,139.702330827713,2012-04-04 18:44:43,2012-04-02,train,1568_0
1568,284,69,Train Station,35.65797184178961,139.5750331878662,2012-04-04 19:20:29,2012-04-02,train,1568_0
1568,220,69,Train Station,35.651889113311164,139.5443956553936,2012-04-04 19:27:36,2012-04-02,train,1568_0
1568,3820,238,Bus Station,35.75385244995318,139.73835825920105,2012-04-05 17:39:51,2012-04-02,train,1568_0
1568,3820,238,Bus Station,35.75385244995318,139.73835825920105,2012-04-08 15:42:14,2012-04-02,train,1568_0
1568,6256,269,Shrine,35.695065498441,139.7478319030744,2012-04-08 16:53:04,2012-04-02,train,1568_0
1568,6256,269,Shrine,35.695065498441,139.7478319030744,2012-04-08 17:02:33,2012-04-02,train,1568_0
1569,3944,236,Subway,35.67567471760676,139.76346373558044,2012-04-04 19:57:37,2012-04-02,train,1569_0
1569,5149,189,Ramen /  Noodle House,35.678489731908506,139.76484775543213,2012-04-04 20:06:22,2012-04-02,train,1569_0
1569,643,56,Electronics Store,35.67543940231658,139.7628951072693,2012-04-04 21:20:30,2012-04-02,train,1569_0
1569,2992,236,Subway,35.67513872065835,139.7598695755005,2012-04-04 21:50:50,2012-04-02,train,1569_0
1569,3944,236,Subway,35.67567471760676,139.76346373558044,2012-04-05 19:57:06,2012-04-02,train,1569_0
1569,643,56,Electronics Store,35.67543940231658,139.7628951072693,2012-04-05 20:02:03,2012-04-02,train,1569_0
1569,2771,69,Train Station,35.67505156634274,139.7633135318756,2012-04-05 20:02:59,2012-04-02,train,1569_0
1569,19,121,Café,35.702208362231005,139.76946855204014,2012-04-05 20:57:13,2012-04-02,train,1569_0
1569,3480,189,Ramen /  Noodle House,35.745206,139.714482,2012-04-08 13:00:56,2012-04-02,train,1569_0
1569,184,69,Train Station,35.73345382441255,139.7394838131754,2012-04-08 15:05:23,2012-04-02,train,1569_0
1569,2231,39,Food & Drink Shop,35.74644695269855,139.7146314382553,2012-04-08 21:26:46,2012-04-02,train,1569_0
1571,4572,236,Subway,35.66458473051395,139.85937416553497,2012-04-04 07:06:57,2012-04-02,train,1571_0
1571,479,236,Subway,35.665876065677715,139.893045411523,2012-04-05 19:04:20,2012-04-02,train,1571_0
1574,869,32,Bookstore,35.69766927520336,139.77349519729614,2012-04-04 22:29:54,2012-04-02,train,1574_0
1574,633,56,Electronics Store,35.69901541704127,139.7746217250824,2012-04-05 18:04:20,2012-04-02,train,1574_0
1574,2549,240,Convention Center,35.62986667837494,139.79426622390747,2012-04-08 09:56:07,2012-04-02,train,1574_0
1576,90,69,Train Station,35.71966060920786,139.65317281937612,2012-04-08 10:37:10,2012-04-02,train,1576_0
1576,149,69,Train Station,35.712902440367635,139.7038972377777,2012-04-08 10:51:36,2012-04-02,train,1576_0
1576,43,69,Train Station,35.69080269423021,139.70027922656513,2012-04-08 10:56:42,2012-04-02,train,1576_0
1576,1115,69,Train Station,35.67058042227619,139.6089470386505,2012-04-08 11:23:59,2012-04-02,train,1576_0
1576,505,69,Train Station,35.72736406538938,139.5392471551895,2012-04-08 19:43:16,2012-04-02,train,1576_0
1576,1448,189,Ramen /  Noodle House,35.72237935828431,139.65256996835132,2012-04-08 21:37:20,2012-04-02,train,1576_0
1577,189,69,Train Station,35.729864636451765,139.7109555727517,2012-04-04 08:44:40,2012-04-02,train,1577_0
1577,3362,69,Train Station,35.65561377702775,139.70369338989258,2012-04-04 09:03:47,2012-04-02,train,1577_0
1577,189,69,Train Station,35.729864636451765,139.7109555727517,2012-04-04 18:18:11,2012-04-02,train,1577_0
1577,766,69,Train Station,35.75870200242442,139.68940258026123,2012-04-04 18:44:00,2012-04-02,train,1577_0
1577,766,69,Train Station,35.75870200242442,139.68940258026123,2012-04-05 08:28:35,2012-04-02,train,1577_0
1577,189,69,Train Station,35.729864636451765,139.7109555727517,2012-04-05 08:45:59,2012-04-02,train,1577_0
1577,3362,69,Train Station,35.65561377702775,139.70369338989258,2012-04-05 09:04:37,2012-04-02,train,1577_0
1577,189,69,Train Station,35.729864636451765,139.7109555727517,2012-04-05 18:25:03,2012-04-02,train,1577_0
1577,766,69,Train Station,35.75870200242442,139.68940258026123,2012-04-05 18:49:46,2012-04-02,train,1577_0
1580,1739,81,Building,35.68480354368326,139.76948261260986,2012-04-04 13:23:47,2012-04-02,train,1580_0
1580,509,198,Coffee Shop,35.706006,139.70866,2012-04-08 14:54:59,2012-04-02,train,1580_0
1580,7448,237,Mall,35.723786755618185,139.68288954614638,2012-04-08 18:54:04,2012-04-02,train,1580_0
1581,4133,236,Subway,35.71014091012367,139.81340646743774,2012-04-04 08:43:04,2012-04-02,train,1581_0
1581,5043,69,Train Station,35.71076378728942,139.81289148330688,2012-04-04 08:44:11,2012-04-02,train,1581_0
1581,5043,69,Train Station,35.71076378728942,139.81289148330688,2012-04-04 16:47:30,2012-04-02,train,1581_0
1581,4133,236,Subway,35.71014091012367,139.81340646743774,2012-04-04 16:47:42,2012-04-02,train,1581_0
1581,5043,69,Train Station,35.71076378728942,139.81289148330688,2012-04-05 18:37:33,2012-04-02,train,1581_0
1581,4133,236,Subway,35.71014091012367,139.81340646743774,2012-04-05 18:38:05,2012-04-02,train,1581_0
1581,400,69,Train Station,35.63346919921755,139.6616443991661,2012-04-08 08:43:24,2012-04-02,train,1581_0
1581,2552,236,Subway,35.69541694176286,139.75110948085785,2012-04-08 09:09:53,2012-04-02,train,1581_0
1581,2552,236,Subway,35.69541694176286,139.75110948085785,2012-04-08 14:20:02,2012-04-02,train,1581_0
1581,3015,236,Subway,35.6594319763759,139.70056056976318,2012-04-08 14:39:03,2012-04-02,train,1581_0
1581,2569,69,Train Station,35.65948427920908,139.70020651817322,2012-04-08 16:32:35,2012-04-02,train,1581_0
1583,7093,69,Train Station,35.6282272323851,139.73871231079102,2012-04-04 10:37:43,2012-04-02,train,1583_0
1583,176,236,Subway,35.709470113886056,139.73347127437592,2012-04-04 21:36:18,2012-04-02,train,1583_0
1583,3080,236,Subway,35.729391226913904,139.71004486083984,2012-04-04 21:44:02,2012-04-02,train,1583_0
1583,140,69,Train Station,35.71332091731415,139.77627811575366,2012-04-05 18:38:18,2012-04-02,train,1583_0
1583,386,69,Train Station,35.62643513993051,139.63392779231071,2012-04-08 10:12:10,2012-04-02,train,1583_0
1583,386,69,Train Station,35.62643513993051,139.63392779231071,2012-04-08 19:16:55,2012-04-02,train,1583_0
1583,87,69,Train Station,35.65852172695124,139.7013260344949,2012-04-08 19:45:30,2012-04-02,train,1583_0
1583,3362,69,Train Station,35.65561377702775,139.70369338989258,2012-04-08 20:12:19,2012-04-02,train,1583_0
1584,2478,256,Convenience Store,35.60327509291739,139.70823756636082,2012-04-08 10:58:46,2012-04-02,train,1584_0
1584,189,69,Train Station,35.729864636451765,139.7109555727517,2012-04-08 11:44:38,2012-04-02,train,1584_0
1584,1350,237,Mall,35.60624407285949,139.73497867584229,2012-04-08 18:36:54,2012-04-02,train,1584_0
1585,277,236,Subway,35.65227052337097,139.72222208976746,2012-04-04 12:10:40,2012-04-02,train,1585_0
1585,6810,69,Train Station,35.64489917903694,139.7109889984131,2012-04-04 12:28:37,2012-04-02,train,1585_0
1585,46,237,Mall,35.660512894632895,139.72921192646027,2012-04-04 18:51:06,2012-04-02,train,1585_0
1585,87,69,Train Station,35.65852172695124,139.7013260344949,2012-04-08 15:37:00,2012-04-02,train,1585_0
1585,87,69,Train Station,35.65852172695124,139.7013260344949,2012-04-08 18:07:09,2012-04-02,train,1585_0
1585,6810,69,Train Station,35.64489917903694,139.7109889984131,2012-04-08 18:14:19,2012-04-02,train,1585_0
1585,277,236,Subway,35.65227052337097,139.72222208976746,2012-04-08 18:52:55,2012-04-02,train,1585_0
1586,5559,200,Arcade,35.65120692963393,139.5443218946457,2012-04-04 22:31:45,2012-04-02,train,1586_0
1586,5559,200,Arcade,35.65120692963393,139.5443218946457,2012-04-06 22:25:37,2012-04-02,train,1586_0
1587,749,69,Train Station,35.66020343969126,139.52329605817795,2012-04-04 16:22:22,2012-04-02,train,1587_0
1587,467,237,Mall,35.62510521567118,139.7792673110962,2012-04-04 19:00:31,2012-04-02,train,1587_0
1587,768,69,Train Station,35.63440986098353,139.79161351919174,2012-04-05 08:09:24,2012-04-02,train,1587_0
1587,536,69,Train Station,35.67096773523412,139.65878918766975,2012-04-05 18:46:15,2012-04-02,train,1587_0
1587,1248,113,Park,35.67070244512674,139.69663381576538,2012-04-08 11:13:59,2012-04-02,train,1587_0
1588,322,236,Subway,35.68569676173495,139.7416439652443,2012-04-04 18:40:20,2012-04-02,train,1588_0
1588,1811,287,Concert Hall,35.68340923210112,139.74340617656708,2012-04-04 19:11:27,2012-04-02,train,1588_0
1588,5862,95,Chinese Restaurant,35.68386456465662,139.73920986056328,2012-04-04 21:04:00,2012-04-02,train,1588_0
1588,87,69,Train Station,35.65852172695124,139.7013260344949,2012-04-08 09:10:21,2012-04-02,train,1588_0
1588,3778,69,Train Station,35.63002364484439,139.7403860092163,2012-04-08 09:36:44,2012-04-02,train,1588_0
1588,3778,69,Train Station,35.63002364484439,139.7403860092163,2012-04-08 23:39:53,2012-04-02,train,1588_0
1589,73,69,Train Station,35.70537552095303,139.64986145496368,2012-04-04 08:00:49,2012-04-02,train,1589_0
1589,4905,69,Train Station,35.56247782390475,139.7160503268242,2012-04-04 08:45:31,2012-04-02,train,1589_0
1589,4905,69,Train Station,35.56247782390475,139.7160503268242,2012-04-04 20:29:57,2012-04-02,train,1589_0
1589,73,69,Train Station,35.70537552095303,139.64986145496368,2012-04-04 21:18:50,2012-04-02,train,1589_0
1589,7036,26,Japanese Restaurant,35.70337280808018,139.64959566132663,2012-04-04 21:41:08,2012-04-02,train,1589_0
1591,1843,20,Record Shop,35.67180064238771,139.76523399353027,2012-04-05 19:27:03,2012-04-02,train,1591_0
1591,1438,225,Department Store,35.672262577990914,139.76661801338196,2012-04-05 20:04:14,2012-04-02,train,1591_0
1592,3353,69,Train Station,35.73035579800958,139.7105571627617,2012-04-04 10:23:07,2012-04-02,train,1592_0
1592,2988,236,Subway,35.730273058734824,139.71137791872025,2012-04-04 10:27:30,2012-04-02,train,1592_0
1592,2846,236,Subway,35.686520256346704,139.7661942243576,2012-04-04 10:43:22,2012-04-02,train,1592_0
1592,2907,236,Subway,35.68658996978597,139.76590991020203,2012-04-04 10:45:08,2012-04-02,train,1592_0
1592,258,236,Subway,35.682058469518815,139.78602647781372,2012-04-04 10:51:20,2012-04-02,train,1592_0
1592,5363,66,Office,35.67851151955764,139.78727102279663,2012-04-04 11:00:51,2012-04-02,train,1592_0
1592,6694,58,Smoke Shop,35.67887319366422,139.78747487068176,2012-04-04 11:01:32,2012-04-02,train,1592_0
1592,6695,58,Smoke Shop,35.67837643603711,139.78663802146912,2012-04-04 14:15:42,2012-04-02,train,1592_0
1592,2988,236,Subway,35.730273058734824,139.71137791872025,2012-04-04 18:18:38,2012-04-02,train,1592_0
1592,3353,69,Train Station,35.73035579800958,139.7105571627617,2012-04-04 18:22:30,2012-04-02,train,1592_0
1593,535,95,Chinese Restaurant,35.60693100175707,139.6853242814541,2012-04-04 13:03:51,2012-04-02,train,1593_0
1593,3959,69,Train Station,35.61160218760743,139.62633946248215,2012-04-08 13:11:42,2012-04-02,train,1593_0
1593,386,69,Train Station,35.62643513993051,139.63392779231071,2012-04-08 13:15:56,2012-04-02,train,1593_0
1593,1502,113,Park,35.6300585262402,139.6223258972168,2012-04-08 15:17:26,2012-04-02,train,1593_0
1593,207,69,Train Station,35.60743038445974,139.68562066555023,2012-04-08 20:06:35,2012-04-02,train,1593_0
1593,535,95,Chinese Restaurant,35.60693100175707,139.6853242814541,2012-04-08 20:34:30,2012-04-02,train,1593_0
1594,4286,69,Train Station,35.575729760171434,139.65965151786804,2012-04-04 11:21:10,2012-04-02,train,1594_0
1594,289,69,Train Station,35.55319972801149,139.64681446552277,2012-04-04 11:45:47,2012-04-02,train,1594_0
1594,4209,125,Post Office,35.55379764332767,139.6469110250473,2012-04-04 16:32:12,2012-04-02,train,1594_0
1594,289,69,Train Station,35.55319972801149,139.64681446552277,2012-04-04 16:32:34,2012-04-02,train,1594_0
1594,4286,69,Train Station,35.575729760171434,139.65965151786804,2012-04-04 16:33:54,2012-04-02,train,1594_0
1595,7142,69,Train Station,35.65907021417525,139.70113456249237,2012-04-08 11:58:23,2012-04-02,train,1595_0
1595,333,69,Train Station,35.65561813580688,139.75674211978912,2012-04-08 12:19:23,2012-04-02,train,1595_0
1595,1216,221,Toy / Game Store,35.65699985680134,139.7586464881897,2012-04-08 12:27:18,2012-04-02,train,1595_0
1595,2659,240,Convention Center,35.65473983700653,139.76114362478256,2012-04-08 13:37:36,2012-04-02,train,1595_0
1595,142,69,Train Station,35.698596195264464,139.77301824864617,2012-04-08 15:42:19,2012-04-02,train,1595_0
1595,388,122,Fast Food Restaurant,35.69980392322686,139.77180004119873,2012-04-08 15:47:10,2012-04-02,train,1595_0
1595,4889,24,Italian Restaurant,35.701500709817566,139.77119654417038,2012-04-08 16:05:22,2012-04-02,train,1595_0
1596,146,69,Train Station,35.6964320244761,139.81394290924072,2012-04-04 08:32:06,2012-04-02,train,1596_0
1596,142,69,Train Station,35.698596195264464,139.77301824864617,2012-04-04 08:41:03,2012-04-02,train,1596_0
1596,140,69,Train Station,35.71362076736724,139.77651776270966,2012-04-04 08:46:32,2012-04-02,train,1596_0
1596,140,69,Train Station,35.71362076736724,139.77651776270966,2012-04-04 14:51:30,2012-04-02,train,1596_0
1596,275,69,Train Station,35.71048066190842,139.8133099079132,2012-04-08 15:43:29,2012-04-02,train,1596_0
1596,7061,236,Subway,35.647523473025934,139.748432636261,2012-04-08 16:05:36,2012-04-02,train,1596_0
1596,571,236,Subway,35.64294616012469,139.7341525554657,2012-04-08 16:12:59,2012-04-02,train,1596_0
1596,151,236,Subway,35.68691239365025,139.76361393928528,2012-04-08 16:42:38,2012-04-02,train,1596_0
1596,129,69,Train Station,35.70582855009322,139.66579914093018,2012-04-08 17:05:13,2012-04-02,train,1596_0
1596,43,69,Train Station,35.69080269423021,139.70027922656513,2012-04-08 17:11:20,2012-04-02,train,1596_0
1596,279,69,Train Station,35.699583,139.765222,2012-04-08 17:22:03,2012-04-02,train,1596_0
1596,146,69,Train Station,35.6964320244761,139.81394290924072,2012-04-08 17:32:35,2012-04-02,train,1596_0
1597,134,69,Train Station,35.70230879446056,139.7450315952301,2012-04-04 22:16:00,2012-04-02,train,1597_0
1597,2552,236,Subway,35.69541694176286,139.75110948085785,2012-04-04 22:22:32,2012-04-02,train,1597_0
1597,134,69,Train Station,35.70230879446056,139.7450315952301,2012-04-05 18:36:12,2012-04-02,train,1597_0
1597,87,69,Train Station,35.65852172695124,139.7013260344949,2012-04-05 18:51:18,2012-04-02,train,1597_0
1599,3702,69,Train Station,35.63764486815911,139.69114065170288,2012-04-04 23:28:42,2012-04-02,train,1599_0
1599,1077,121,Café,35.693128,139.777862,2012-04-06 22:39:14,2012-04-02,train,1599_0
1600,4754,241,Miscellaneous Shop,35.86049277862334,139.65303987264633,2012-04-04 13:22:20,2012-04-02,train,1600_0
1600,6523,235,Laundry Service,35.85931131769841,139.6508887410164,2012-04-04 16:31:14,2012-04-02,train,1600_0
1600,5237,69,Train Station,35.85915697651632,139.656942486763,2012-04-08 09:47:07,2012-04-02,train,1600_0
1600,158,69,Train Station,35.77806243973507,139.72083806991577,2012-04-08 17:04:21,2012-04-02,train,1600_0
1600,322,236,Subway,35.68569676173495,139.7416439652443,2012-04-08 18:07:38,2012-04-02,train,1600_0
1600,2174,113,Park,35.68598868936885,139.74495649337769,2012-04-08 18:17:53,2012-04-02,train,1600_0
1600,3852,236,Subway,35.68478611493887,139.76602792739868,2012-04-08 18:47:52,2012-04-02,train,1600_0
1600,44,69,Train Station,35.68137872227962,139.76608157157898,2012-04-08 20:35:48,2012-04-02,train,1600_0
1601,935,236,Subway,35.586863706177525,139.70593571662903,2012-04-05 08:05:26,2012-04-02,train,1601_0
1601,4492,197,Bridge,35.70439703456581,139.79512989521027,2012-04-05 08:52:48,2012-04-02,train,1601_0
1601,4492,197,Bridge,35.70439703456581,139.79512989521027,2012-04-05 18:32:58,2012-04-02,train,1601_0
1601,3516,236,Subway,35.703206172660224,139.79095369577408,2012-04-05 18:58:43,2012-04-02,train,1601_0
1601,1801,236,Subway,35.66552066771892,139.75946724414823,2012-04-06 23:56:32,2012-04-02,train,1601_0
1601,935,236,Subway,35.586863706177525,139.70593571662903,2012-04-07 00:23:23,2012-04-02,train,1601_0
1602,772,69,Train Station,35.82801739067087,139.69051837921145,2012-04-05 17:34:22,2012-04-02,train,1602_0
1602,2360,236,Subway,35.71245048148083,139.77592863234182,2012-04-05 18:16:35,2012-04-02,train,1602_0
1602,398,236,Subway,35.68239834096679,139.77385997772217,2012-04-05 18:28:41,2012-04-02,train,1602_0
1602,1208,189,Ramen /  Noodle House,35.69218489057532,139.77009256315029,2012-04-05 19:07:50,2012-04-02,train,1602_0
1602,143,69,Train Station,35.691670172683054,139.7708773612976,2012-04-05 19:25:17,2012-04-02,train,1602_0
1602,1722,200,Arcade,35.700226,139.771692,2012-04-05 20:41:02,2012-04-02,train,1602_0
1602,101,32,Bookstore,35.700426881163665,139.77175176143646,2012-04-05 20:47:11,2012-04-02,train,1602_0
1602,142,69,Train Station,35.698596195264464,139.77301824864617,2012-04-05 20:58:37,2012-04-02,train,1602_0
1602,772,69,Train Station,35.82801739067087,139.69051837921145,2012-04-08 13:17:18,2012-04-02,train,1602_0
1603,545,69,Train Station,35.62752522528485,139.77879524230957,2012-04-04 22:39:00,2012-04-02,train,1603_0
1603,4087,137,Park,35.62628252679487,139.78293657302856,2012-04-04 22:50:30,2012-04-02,train,1603_0
1603,545,69,Train Station,35.62752522528485,139.77879524230957,2012-04-04 23:22:57,2012-04-02,train,1603_0
1604,2569,69,Train Station,35.65948427920908,139.70020651817322,2012-04-04 10:31:18,2012-04-02,train,1604_0
1604,3429,69,Train Station,35.644253990569474,139.69905853271484,2012-04-04 20:48:12,2012-04-02,train,1604_0
1604,1831,69,Train Station,35.65819631197759,139.70203042030334,2012-04-04 20:53:38,2012-04-02,train,1604_0
1604,2569,69,Train Station,35.65948427920908,139.70020651817322,2012-04-04 20:58:51,2012-04-02,train,1604_0
1604,3429,69,Train Station,35.644253990569474,139.69905853271484,2012-04-05 21:07:22,2012-04-02,train,1604_0
1604,5698,69,Train Station,35.59995458300269,139.6105992794037,2012-04-08 12:04:25,2012-04-02,train,1604_0
1605,5853,287,Concert Hall,35.70707218896947,139.6647034585476,2012-04-05 18:16:45,2012-04-02,train,1605_0
1605,142,69,Train Station,35.698596195264464,139.77301824864617,2012-04-06 22:45:18,2012-04-02,train,1605_0
1605,1457,20,Record Shop,35.69884333868803,139.77475315332413,2012-04-06 22:45:58,2012-04-02,train,1605_0
1605,279,69,Train Station,35.699583,139.765222,2012-04-06 22:54:26,2012-04-02,train,1605_0
1605,318,69,Train Station,35.644802728051665,139.53704103827477,2012-04-06 23:40:29,2012-04-02,train,1605_0
1608,43,69,Train Station,35.69080269423021,139.70027922656513,2012-04-08 14:49:43,2012-04-02,train,1608_0
1608,1287,233,Hobby Shop,35.68700824914241,139.702330827713,2012-04-08 14:55:23,2012-04-02,train,1608_0
1612,4394,78,Government Building,35.69727283427865,139.7717946767807,2012-04-04 11:34:33,2012-04-02,train,1612_0
1612,1694,125,Post Office,35.697606106177034,139.76872354745865,2012-04-04 11:41:38,2012-04-02,train,1612_0
1612,1633,198,Coffee Shop,35.700104511929894,139.7623586654663,2012-04-04 12:26:51,2012-04-02,train,1612_0
1612,4394,78,Government Building,35.69727283427865,139.7717946767807,2012-04-04 15:10:47,2012-04-02,train,1612_0
1612,2576,236,Subway,35.69807224884871,139.77548003196716,2012-04-04 15:32:45,2012-04-02,train,1612_0
1612,352,236,Subway,35.69550407383317,139.75170493125916,2012-04-08 12:20:57,2012-04-02,train,1612_0
1612,2576,236,Subway,35.69807224884871,139.77548003196716,2012-04-08 15:35:30,2012-04-02,train,1612_0
1613,1252,69,Train Station,35.628121197991504,139.73798198030258,2012-04-07 21:49:39,2012-04-02,train,1613_0
1613,5707,231,Hotel,35.72203136085567,139.70508813858032,2012-04-07 22:51:02,2012-04-02,train,1613_0
1613,4287,180,Restaurant,35.72228,139.705319,2012-04-08 07:41:38,2012-04-02,train,1613_0
1613,4822,69,Train Station,35.71300697591053,139.77583408355713,2012-04-08 22:14:00,2012-04-02,train,1613_0
1613,4287,180,Restaurant,35.72228,139.705319,2012-04-08 22:46:23,2012-04-02,train,1613_0
1613,5707,231,Hotel,35.72203136085567,139.70508813858032,2012-04-08 23:35:36,2012-04-02,train,1613_0
1616,4225,229,Road,35.55828404809358,139.55294251441956,2012-04-08 08:28:48,2012-04-02,train,1616_0
1616,5010,229,Road,35.657335,139.700732,2012-04-08 08:56:14,2012-04-02,train,1616_0
1616,1289,81,Building,35.66713335106043,139.74038692700458,2012-04-08 09:18:29,2012-04-02,train,1616_0
1616,3758,7,Medical Center,35.69831838850593,139.7634905576706,2012-04-08 15:23:59,2012-04-02,train,1616_0
1616,6235,229,Road,35.63101775866038,139.65651869773865,2012-04-08 17:19:30,2012-04-02,train,1616_0
1617,914,69,Train Station,35.80785559131008,139.84503775835037,2012-04-04 07:35:50,2012-04-02,train,1617_0
1617,281,69,Train Station,35.74964694346383,139.80514526367188,2012-04-04 07:45:49,2012-04-02,train,1617_0
1617,201,236,Subway,35.6689505277435,139.69131231307983,2012-04-04 08:33:20,2012-04-02,train,1617_0
1617,201,236,Subway,35.6689505277435,139.69131231307983,2012-04-04 21:08:53,2012-04-02,train,1617_0
1617,914,69,Train Station,35.80785559131008,139.84503775835037,2012-04-04 22:34:18,2012-04-02,train,1617_0
1618,2256,256,Convenience Store,35.69100641,139.7143484,2012-04-04 09:27:55,2012-04-02,train,1618_0
1618,2256,256,Convenience Store,35.69100641,139.7143484,2012-04-05 20:41:54,2012-04-02,train,1618_0
1619,7301,256,Convenience Store,35.67968804,139.7797072,2012-04-04 12:30:16,2012-04-02,train,1619_0
1619,5209,59,Office,35.67935687575081,139.77951407432556,2012-04-04 20:05:57,2012-04-02,train,1619_0
1619,5077,69,Train Station,35.550004406063394,139.78646233677864,2012-04-05 08:29:47,2012-04-02,train,1619_0
1619,1826,211,Airport,35.55137976854632,139.78840827941897,2012-04-05 08:30:15,2012-04-02,train,1619_0
1619,5661,263,Airport,35.55047499234515,139.78944901444288,2012-04-05 09:17:32,2012-04-02,train,1619_0
1619,1826,211,Airport,35.55137976854632,139.78840827941897,2012-04-05 18:34:37,2012-04-02,train,1619_0
1619,5077,69,Train Station,35.550004406063394,139.78646233677864,2012-04-05 18:47:15,2012-04-02,train,1619_0
1619,356,69,Train Station,35.538931360333486,139.6804118156433,2012-04-05 19:35:50,2012-04-02,train,1619_0
1620,6681,139,Food & Drink Shop,35.65700571042466,139.69581647676802,2012-04-04 22:44:05,2012-04-02,train,1620_0
1620,2743,39,Food & Drink Shop,35.67234319855332,139.81945753097534,2012-04-04 23:31:41,2012-04-02,train,1620_0
1620,1248,113,Park,35.67070244512674,139.69663381576538,2012-04-08 15:18:15,2012-04-02,train,1620_0
1621,43,69,Train Station,35.69080269423021,139.70027922656513,2012-04-04 11:31:06,2012-04-02,train,1621_0
1621,109,69,Train Station,35.63014572966312,139.74042892456055,2012-04-05 20:45:19,2012-04-02,train,1621_0
1624,2098,14,Dumpling Restaurant,35.701071,139.752745,2012-04-04 12:30:46,2012-04-02,train,1624_0
1624,806,78,Government Building,35.68855499229535,139.5150375366211,2012-04-08 10:14:47,2012-04-02,train,1624_0
1625,146,69,Train Station,35.6964320244761,139.81394290924072,2012-04-08 09:19:27,2012-04-02,train,1625_0
1625,2549,240,Convention Center,35.62986667837494,139.79426622390747,2012-04-08 10:15:51,2012-04-02,train,1625_0
1625,4658,240,Convention Center,35.631732815339795,139.79763507843018,2012-04-08 10:19:06,2012-04-02,train,1625_0
1627,4007,200,Arcade,35.6656660010061,139.76007922441622,2012-04-05 18:37:04,2012-04-02,train,1627_0
1627,4007,200,Arcade,35.6656660010061,139.76007922441622,2012-04-08 16:37:03,2012-04-02,train,1627_0
1628,142,69,Train Station,35.698596195264464,139.77301824864617,2012-04-04 13:57:26,2012-04-02,train,1628_0
1628,1282,22,Indian Restaurant,35.69939224555577,139.77111607789993,2012-04-04 14:10:33,2012-04-02,train,1628_0
1628,3085,44,Bar,35.700104511929894,139.77396726608276,2012-04-04 14:47:36,2012-04-02,train,1628_0
1628,990,52,Bar,35.69927353387485,139.7752010822296,2012-04-04 15:46:00,2012-04-02,train,1628_0
1628,4473,287,Concert Hall,35.70074053646446,139.77187514305115,2012-04-04 18:32:33,2012-04-02,train,1628_0
1628,768,69,Train Station,35.63440986098353,139.79161351919174,2012-04-08 09:41:39,2012-04-02,train,1628_0
1628,2549,240,Convention Center,35.62986667837494,139.79426622390747,2012-04-08 09:45:43,2012-04-02,train,1628_0
1635,189,69,Train Station,35.729864636451765,139.7109555727517,2012-04-04 19:36:18,2012-04-02,train,1635_0
1635,43,69,Train Station,35.69080269423021,139.70027922656513,2012-04-04 20:12:25,2012-04-02,train,1635_0
1635,1162,69,Train Station,35.7021955324165,139.7551703453064,2012-04-05 19:10:05,2012-04-02,train,1635_0
1635,1200,69,Train Station,35.71202259411466,139.79840755462646,2012-04-08 14:41:27,2012-04-02,train,1635_0
1635,1791,225,Department Store,35.711188811459714,139.79782523940767,2012-04-08 14:56:00,2012-04-02,train,1635_0
1638,7093,69,Train Station,35.6282272323851,139.73871231079102,2012-04-04 08:46:59,2012-04-02,train,1638_0
1638,1615,69,Train Station,35.645731813210055,139.7475689649582,2012-04-04 08:54:34,2012-04-02,train,1638_0
1638,3054,197,Bridge,35.64364803179152,139.7443288564682,2012-04-04 15:47:56,2012-04-02,train,1638_0
1638,1615,69,Train Station,35.645731813210055,139.7475689649582,2012-04-04 15:51:18,2012-04-02,train,1638_0
1638,142,69,Train Station,35.698596195264464,139.77301824864617,2012-04-04 16:10:21,2012-04-02,train,1638_0
1638,4315,61,Office,35.69988237126696,139.77241394202727,2012-04-04 16:12:37,2012-04-02,train,1638_0
1638,142,69,Train Station,35.698596195264464,139.77301824864617,2012-04-04 20:39:53,2012-04-02,train,1638_0
1638,44,69,Train Station,35.68137872227962,139.76608157157898,2012-04-04 20:45:25,2012-04-02,train,1638_0
1639,1713,256,Convenience Store,35.57668091790503,139.65963542461395,2012-04-04 07:33:37,2012-04-02,train,1639_0
1639,469,69,Train Station,35.57289367236271,139.6672260761261,2012-04-04 07:37:14,2012-04-02,train,1639_0
1639,329,69,Train Station,35.561035556356615,139.67103749513626,2012-04-04 07:39:45,2012-04-02,train,1639_0
1639,3514,39,Food & Drink Shop,35.561434,139.675399,2012-04-04 07:46:37,2012-04-02,train,1639_0
1639,3041,197,Bridge,35.563512051219696,139.67888832092285,2012-04-04 07:50:36,2012-04-02,train,1639_0
1639,6011,112,Other Great Outdoors,35.56501395041171,139.680970439564,2012-04-04 07:53:40,2012-04-02,train,1639_0
1639,6011,112,Other Great Outdoors,35.56501395041171,139.680970439564,2012-04-04 17:11:51,2012-04-02,train,1639_0
1639,3041,197,Bridge,35.563512051219696,139.67888832092285,2012-04-04 17:12:20,2012-04-02,train,1639_0
1639,3041,197,Bridge,35.563512051219696,139.67888832092285,2012-04-05 07:46:11,2012-04-02,train,1639_0
1639,6011,112,Other Great Outdoors,35.56501395041171,139.680970439564,2012-04-05 17:34:53,2012-04-02,train,1639_0
1639,3041,197,Bridge,35.563512051219696,139.67888832092285,2012-04-05 17:35:11,2012-04-02,train,1639_0
1639,329,69,Train Station,35.561035556356615,139.67103749513626,2012-04-05 17:51:46,2012-04-02,train,1639_0
1639,1621,69,Train Station,35.57668091790503,139.65947449207306,2012-04-05 17:55:53,2012-04-02,train,1639_0
1639,6611,69,Train Station,35.57667219173864,139.6595013141632,2012-04-05 17:56:08,2012-04-02,train,1639_0
1639,4286,69,Train Station,35.575729760171434,139.65965151786804,2012-04-05 17:56:23,2012-04-02,train,1639_0
1639,641,140,Stadium,35.58580305947766,139.65271532535553,2012-04-08 16:57:05,2012-04-02,train,1639_0
1640,378,69,Train Station,35.62081442397418,139.56971168518066,2012-04-04 12:52:23,2012-04-02,train,1640_0
1640,2801,69,Train Station,35.62104117889108,139.56945419311523,2012-04-04 12:56:47,2012-04-02,train,1640_0
1640,247,69,Train Station,35.65363050784492,139.6473777294159,2012-04-04 13:10:55,2012-04-02,train,1640_0
1640,265,234,Light Rail,35.64398370736576,139.6552312374115,2012-04-04 14:13:51,2012-04-02,train,1640_0
1640,2581,234,Light Rail,35.64410577086131,139.6689534187317,2012-04-04 14:21:31,2012-04-02,train,1640_0
1640,3128,198,Coffee Shop,35.64449157746926,139.66972321271896,2012-04-04 14:25:32,2012-04-02,train,1640_0
1640,3865,69,Train Station,35.64351288927903,139.67115819454193,2012-04-04 14:33:43,2012-04-02,train,1640_0
1640,5698,69,Train Station,35.59995458300269,139.6105992794037,2012-04-04 14:48:31,2012-04-02,train,1640_0
1640,939,69,Train Station,35.59902114917961,139.61120009422302,2012-04-04 14:52:43,2012-04-02,train,1640_0
1640,681,69,Train Station,35.58105260772628,139.64142322540283,2012-04-04 15:07:55,2012-04-02,train,1640_0
1640,3970,121,Café,35.58117476728809,139.64131593704224,2012-04-04 15:15:10,2012-04-02,train,1640_0
1640,208,69,Train Station,35.53132692901326,139.69690203666687,2012-04-04 16:30:48,2012-04-02,train,1640_0
1640,307,237,Mall,35.53095149065529,139.69767451286316,2012-04-04 16:32:11,2012-04-02,train,1640_0
1640,2486,144,Gaming Cafe,35.527088997148944,139.6944104800042,2012-04-04 17:06:28,2012-04-02,train,1640_0
1640,306,56,Electronics Store,35.52956759223309,139.69642460346222,2012-04-04 19:07:18,2012-04-02,train,1640_0
1640,5216,237,Mall,35.53049746982908,139.69831824302673,2012-04-04 19:45:34,2012-04-02,train,1640_0
1640,2405,238,Bus Station,35.5323048067217,139.69707369804382,2012-04-04 19:57:25,2012-04-02,train,1640_0
1640,6731,256,Convenience Store,35.555477521021885,139.6818099143334,2012-04-04 20:26:49,2012-04-02,train,1640_0
1640,5319,238,Bus Station,35.57702560071761,139.6595200896263,2012-04-08 07:46:57,2012-04-02,train,1640_0
1640,1621,69,Train Station,35.57668091790503,139.65947449207306,2012-04-08 07:50:06,2012-04-02,train,1640_0
1640,3970,121,Café,35.58117476728809,139.64131593704224,2012-04-08 08:04:29,2012-04-02,train,1640_0
1640,681,69,Train Station,35.58105260772628,139.64142322540283,2012-04-08 16:32:52,2012-04-02,train,1640_0
1640,357,69,Train Station,35.551330668348115,139.675130546093,2012-04-08 16:43:06,2012-04-02,train,1640_0
1642,848,113,Park,35.699756003183985,139.57340240478516,2012-04-04 19:33:32,2012-04-02,train,1642_0
1642,6649,113,Park,35.696472,139.613046,2012-04-08 00:17:52,2012-04-02,train,1642_0
1642,143,69,Train Station,35.691670172683054,139.7708773612976,2012-04-08 19:36:10,2012-04-02,train,1642_0
1643,212,69,Train Station,35.64004270002671,139.59873855113983,2012-04-05 17:21:42,2012-04-02,train,1643_0
1643,189,69,Train Station,35.729864636451765,139.7109555727517,2012-04-07 23:12:43,2012-04-02,train,1643_0
1643,43,69,Train Station,35.69080269423021,139.70027922656513,2012-04-07 23:33:24,2012-04-02,train,1643_0
1643,1818,69,Train Station,35.688958355514494,139.70000973651244,2012-04-07 23:33:42,2012-04-02,train,1643_0
1643,131,69,Train Station,35.66158508135192,139.66747283935547,2012-04-08 10:45:14,2012-04-02,train,1643_0
1643,43,69,Train Station,35.69080269423021,139.70027922656513,2012-04-08 11:00:00,2012-04-02,train,1643_0
1643,189,69,Train Station,35.729864636451765,139.7109555727517,2012-04-08 11:19:36,2012-04-02,train,1643_0
1643,2711,69,Train Station,35.729025427145416,139.71109628677368,2012-04-08 11:20:45,2012-04-02,train,1643_0
1643,140,69,Train Station,35.71341172584363,139.77605844022628,2012-04-08 11:40:34,2012-04-02,train,1643_0
1643,4086,131,Zoo,35.71739516719313,139.77134808897972,2012-04-08 11:53:08,2012-04-02,train,1643_0
1643,140,69,Train Station,35.71341172584363,139.77605844022628,2012-04-08 14:48:29,2012-04-02,train,1643_0
1643,142,69,Train Station,35.698596195264464,139.77301824864617,2012-04-08 14:52:14,2012-04-02,train,1643_0
1643,304,69,Train Station,35.70025262768564,139.48025465011597,2012-04-08 15:42:15,2012-04-02,train,1643_0
1644,149,69,Train Station,35.712902440367635,139.7038972377777,2012-04-08 09:55:14,2012-04-02,train,1644_0
1644,4236,233,Hobby Shop,35.70313647374436,139.77149426937103,2012-04-08 12:47:08,2012-04-02,train,1644_0
1644,481,236,Subway,35.70300578811289,139.77166056632996,2012-04-08 12:47:21,2012-04-02,train,1644_0
1644,139,69,Train Station,35.72047220136041,139.77882742881775,2012-04-08 17:27:26,2012-04-02,train,1644_0
1644,149,69,Train Station,35.712902440367635,139.7038972377777,2012-04-08 17:43:38,2012-04-02,train,1644_0
1644,134,69,Train Station,35.70230879446056,139.7450315952301,2012-04-08 20:45:42,2012-04-02,train,1644_0
1644,142,69,Train Station,35.698596195264464,139.77301824864617,2012-04-08 21:00:57,2012-04-02,train,1644_0
1644,3085,44,Bar,35.700104511929894,139.77396726608276,2012-04-08 21:04:44,2012-04-02,train,1644_0
1644,149,69,Train Station,35.712902440367635,139.7038972377777,2012-04-08 23:35:05,2012-04-02,train,1644_0
1645,2422,69,Train Station,35.730227334361864,139.71116065979004,2012-04-05 09:06:53,2012-04-02,train,1645_0
1645,1024,81,Building,35.69397020596737,139.6904219837245,2012-04-05 20:58:56,2012-04-02,train,1645_0
1647,1162,69,Train Station,35.7021955324165,139.7551703453064,2012-04-04 19:23:53,2012-04-02,train,1647_0
1647,1578,204,Music Venue,35.700960763487366,139.77095121315327,2012-04-04 19:41:29,2012-04-02,train,1647_0
1647,1578,204,Music Venue,35.700960763487366,139.77095121315327,2012-04-05 21:07:13,2012-04-02,train,1647_0
1647,3803,190,Sushi Restaurant,35.679953848698204,139.72021579742432,2012-04-07 21:38:14,2012-04-02,train,1647_0
1647,195,69,Train Station,35.68417610648677,139.70206260681152,2012-04-08 13:24:39,2012-04-02,train,1647_0
1647,3407,210,Music Venue,35.66582254716848,139.69967897206772,2012-04-08 13:28:46,2012-04-02,train,1647_0
1647,195,69,Train Station,35.68417610648677,139.70206260681152,2012-04-08 15:43:48,2012-04-02,train,1647_0
1648,1178,198,Coffee Shop,35.65996263061471,139.6959625929594,2012-04-04 12:58:48,2012-04-02,train,1648_0
1648,1038,229,Road,35.659543119855435,139.69938308000565,2012-04-04 14:16:57,2012-04-02,train,1648_0
1648,1831,69,Train Station,35.65819631197759,139.70203042030334,2012-04-04 14:27:58,2012-04-02,train,1648_0
1648,2194,69,Train Station,35.56260437564309,139.6999168395996,2012-04-04 14:53:09,2012-04-02,train,1648_0
1648,4905,69,Train Station,35.56247782390475,139.7160503268242,2012-04-04 15:55:55,2012-04-02,train,1648_0
1650,685,69,Train Station,35.58732177033097,139.5913463830948,2012-04-04 08:30:04,2012-04-02,train,1650_0
1650,2183,225,Department Store,35.69236725932771,139.7047045826912,2012-04-04 09:11:22,2012-04-02,train,1650_0
1650,685,69,Train Station,35.58732177033097,139.5913463830948,2012-04-04 20:31:25,2012-04-02,train,1650_0
1650,685,69,Train Station,35.58732177033097,139.5913463830948,2012-04-05 08:25:41,2012-04-02,train,1650_0
1650,6263,5,Home (private),35.58478823124402,139.5942197699314,2012-04-07 00:18:13,2012-04-02,train,1650_0
1650,3865,69,Train Station,35.64351288927903,139.67115819454193,2012-04-07 21:43:10,2012-04-02,train,1650_0
1650,1369,14,Dumpling Restaurant,35.64323998793563,139.667623579453,2012-04-07 21:52:07,2012-04-02,train,1650_0
1650,685,69,Train Station,35.58732177033097,139.5913463830948,2012-04-08 00:16:51,2012-04-02,train,1650_0
1650,685,69,Train Station,35.58732177033097,139.5913463830948,2012-04-08 10:30:24,2012-04-02,train,1650_0
1650,2183,225,Department Store,35.69236725932771,139.7047045826912,2012-04-08 11:09:41,2012-04-02,train,1650_0
1651,1710,122,Fast Food Restaurant,35.653708967781135,139.54441845417023,2012-04-04 22:00:35,2012-04-02,train,1651_0
1651,220,69,Train Station,35.651889113311164,139.5443956553936,2012-04-08 11:28:41,2012-04-02,train,1651_0
1653,2511,236,Subway,35.70895612333854,139.79656219482422,2012-04-04 08:03:18,2012-04-02,train,1653_0
1653,3610,241,Miscellaneous Shop,35.70853033628598,139.7956294566393,2012-04-04 08:09:51,2012-04-02,train,1653_0
1653,2511,236,Subway,35.70895612333854,139.79656219482422,2012-04-04 18:07:06,2012-04-02,train,1653_0
1653,2511,236,Subway,35.70895612333854,139.79656219482422,2012-04-05 08:07:10,2012-04-02,train,1653_0
1653,3610,241,Miscellaneous Shop,35.70853033628598,139.7956294566393,2012-04-05 08:13:14,2012-04-02,train,1653_0
1653,2511,236,Subway,35.70895612333854,139.79656219482422,2012-04-05 17:37:21,2012-04-02,train,1653_0
1654,2690,236,Subway,35.68598868936885,139.7634315490723,2012-04-04 07:37:30,2012-04-02,train,1654_0
1654,2546,121,Café,35.68835114950396,139.76315891999548,2012-04-04 07:45:12,2012-04-02,train,1654_0
1654,2690,236,Subway,35.68598868936885,139.7634315490723,2012-04-04 12:47:49,2012-04-02,train,1654_0
1654,2097,236,Subway,35.66287517311728,139.73145961761475,2012-04-04 13:05:54,2012-04-02,train,1654_0
1654,2690,236,Subway,35.68598868936885,139.7634315490723,2012-04-04 14:00:06,2012-04-02,train,1654_0
1654,4555,125,Post Office,35.6912453825215,139.763565659523,2012-04-04 16:05:02,2012-04-02,train,1654_0
1654,3899,230,Food & Drink Shop,35.69026553509819,139.76404242779105,2012-04-04 16:08:31,2012-04-02,train,1654_0
1654,3017,236,Subway,35.749564224233985,139.8045927286148,2012-04-04 20:59:38,2012-04-02,train,1654_0
1654,3235,69,Train Station,35.74933348066473,139.80510234832764,2012-04-04 21:02:51,2012-04-02,train,1654_0
1654,3899,230,Food & Drink Shop,35.690993910694495,139.76388768818805,2012-04-05 08:02:07,2012-04-02,train,1654_0
1654,2690,236,Subway,35.68598868936885,139.7634315490723,2012-04-05 20:48:18,2012-04-02,train,1654_0
1654,3017,236,Subway,35.749564224233985,139.8045927286148,2012-04-05 21:05:50,2012-04-02,train,1654_0
1654,3253,69,Train Station,35.74931171236897,139.80505406856537,2012-04-06 22:49:05,2012-04-02,train,1654_0
1656,3027,69,Train Station,35.5586331741205,139.55151557922363,2012-04-04 08:10:43,2012-04-02,train,1656_0
1656,311,69,Train Station,35.568403721907565,139.5535111427307,2012-04-04 08:12:13,2012-04-02,train,1656_0
1656,1925,236,Subway,35.56806772910134,139.55346822738647,2012-04-04 08:15:32,2012-04-02,train,1656_0
1656,4363,236,Subway,35.56292402698885,139.56981293857098,2012-04-04 08:29:30,2012-04-02,train,1656_0
1656,3055,172,University,35.56135630493911,139.5750868320465,2012-04-04 08:37:47,2012-04-02,train,1656_0
1656,4201,162,College Academic Building,35.56153673333333,139.574556,2012-04-04 12:14:50,2012-04-02,train,1656_0
1656,4363,236,Subway,35.56292402698885,139.56981293857098,2012-04-04 17:20:57,2012-04-02,train,1656_0
1656,311,69,Train Station,35.568403721907565,139.5535111427307,2012-04-04 17:28:09,2012-04-02,train,1656_0
1656,1925,236,Subway,35.56806772910134,139.55346822738647,2012-04-04 17:28:43,2012-04-02,train,1656_0
1656,3027,69,Train Station,35.5586331741205,139.55151557922363,2012-04-05 08:13:43,2012-04-02,train,1656_0
1656,311,69,Train Station,35.568403721907565,139.5535111427307,2012-04-05 08:16:38,2012-04-02,train,1656_0
1656,3401,69,Train Station,35.56866645812988,139.553412,2012-04-05 08:16:47,2012-04-02,train,1656_0
1656,1925,236,Subway,35.56806772910134,139.55346822738647,2012-04-05 08:20:38,2012-04-02,train,1656_0
1656,4363,236,Subway,35.56292402698885,139.56981293857098,2012-04-05 08:29:33,2012-04-02,train,1656_0
1656,3055,172,University,35.56135630493911,139.5750868320465,2012-04-05 08:35:58,2012-04-02,train,1656_0
1657,3990,197,Bridge,35.696915600108895,139.7754693031311,2012-04-04 08:35:27,2012-04-02,train,1657_0
1657,6787,242,Parking,35.699234,139.774394,2012-04-04 08:38:54,2012-04-02,train,1657_0
1657,4219,208,Playground,35.69322336052734,139.77972865104675,2012-04-04 10:33:18,2012-04-02,train,1657_0
1657,1486,197,Bridge,35.69710946519229,139.77097392082214,2012-04-04 12:14:16,2012-04-02,train,1657_0
1657,1348,113,Park,35.70179,139.769787,2012-04-04 12:32:58,2012-04-02,train,1657_0
1657,4310,189,Ramen /  Noodle House,35.69967758850624,139.7694155573845,2012-04-04 13:50:59,2012-04-02,train,1657_0
1657,1792,56,Electronics Store,35.69981917050721,139.7717759013176,2012-04-04 14:15:10,2012-04-02,train,1657_0
1657,2159,56,Electronics Store,35.70033975447226,139.77115899324417,2012-04-04 14:19:30,2012-04-02,train,1657_0
1657,4488,81,Building,35.7002155987725,139.77400481700897,2012-04-04 14:39:05,2012-04-02,train,1657_0
1657,4151,229,Road,35.6955607096278,139.77531909942627,2012-04-04 17:09:41,2012-04-02,train,1657_0
1657,6158,31,Gas Station / Garage,35.635992,139.75207112,2012-04-04 17:28:06,2012-04-02,train,1657_0
1657,6249,71,Train Station,35.60025701597042,139.7211800129542,2012-04-04 21:08:59,2012-04-02,train,1657_0
1657,1336,197,Bridge,35.55505928506042,139.69566690105543,2012-04-04 21:20:42,2012-04-02,train,1657_0
1657,6510,192,Bar,35.55171156675769,139.69455506678193,2012-04-04 21:21:08,2012-04-02,train,1657_0
1657,3990,197,Bridge,35.696915600108895,139.7754693031311,2012-04-05 07:51:58,2012-04-02,train,1657_0
1657,5895,256,Convenience Store,35.702073557727616,139.77188050746918,2012-04-05 07:56:24,2012-04-02,train,1657_0
1657,6787,242,Parking,35.69922757926395,139.7744108996562,2012-04-05 08:22:29,2012-04-02,train,1657_0
1657,4151,229,Road,35.6955607096278,139.77531909942627,2012-04-05 17:15:29,2012-04-02,train,1657_0
1657,6249,71,Train Station,35.60025701597042,139.7211800129542,2012-04-05 19:52:04,2012-04-02,train,1657_0
1657,1336,197,Bridge,35.55505928506042,139.69566690105543,2012-04-05 20:04:53,2012-04-02,train,1657_0
1657,6510,192,Bar,35.55171156675769,139.69455506678193,2012-04-05 20:05:49,2012-04-02,train,1657_0
1658,4617,14,Dumpling Restaurant,35.655778,139.542098,2012-04-04 18:05:36,2012-04-02,train,1658_0
1658,2791,161,College Academic Building,35.65659449633758,139.54409390687945,2012-04-05 08:34:46,2012-04-02,train,1658_0
1658,5805,167,General College & University,35.655568554680215,139.54370766878128,2012-04-05 08:38:47,2012-04-02,train,1658_0
1658,4617,14,Dumpling Restaurant,35.655778,139.542098,2012-04-05 18:33:26,2012-04-02,train,1658_0
1658,824,172,University,35.65617169882302,139.5444291830063,2012-04-08 10:17:56,2012-04-02,train,1658_0
1658,3855,189,Ramen /  Noodle House,35.64920829407736,139.54083770513537,2012-04-08 19:48:47,2012-04-02,train,1658_0
1660,1200,69,Train Station,35.71202259411466,139.79840755462646,2012-04-04 18:48:42,2012-04-02,train,1660_0
1660,4794,26,Japanese Restaurant,35.713635275191095,139.79413881897926,2012-04-04 19:01:18,2012-04-02,train,1660_0
1660,5864,281,Train Station,35.72816753300322,139.7111713886261,2012-04-05 00:21:53,2012-04-02,train,1660_0
1662,274,198,Coffee Shop,35.65560464532727,139.7359513232568,2012-04-04 12:52:47,2012-04-02,train,1662_0
1662,7253,69,Train Station,35.636650836763486,139.74225282669067,2012-04-08 08:08:23,2012-04-02,train,1662_0
1662,6744,258,Historic Site,35.64711152560348,139.74837630987167,2012-04-08 08:10:35,2012-04-02,train,1662_0
1662,2211,229,Road,35.65558762434795,139.7378647327423,2012-04-08 08:36:21,2012-04-02,train,1662_0
1662,5649,277,Neighborhood,35.655568472241725,139.73660491781126,2012-04-08 12:36:40,2012-04-02,train,1662_0
1662,4848,213,Spa / Massage,35.65707613407795,139.7540920972824,2012-04-08 19:22:39,2012-04-02,train,1662_0
1663,2373,198,Coffee Shop,35.64041260984325,139.74750753813353,2012-04-04 09:39:36,2012-04-02,train,1663_0
1663,2748,213,Spa / Massage,35.63951898261513,139.75206877108326,2012-04-04 17:24:59,2012-04-02,train,1663_0
1663,3969,121,Café,35.66096304721965,139.75141500610323,2012-04-05 09:23:26,2012-04-02,train,1663_0
1664,1248,113,Park,35.67070244512674,139.69663381576538,2012-04-08 17:16:37,2012-04-02,train,1664_0
1664,6303,97,Diner,35.663526748704626,139.69956815242767,2012-04-08 19:34:46,2012-04-02,train,1664_0
1666,3898,68,Government Building,35.70818881933982,139.75212865831176,2012-04-04 13:33:26,2012-04-02,train,1666_0
1666,286,69,Train Station,35.60708801324842,139.65335100889206,2012-04-05 20:40:30,2012-04-02,train,1666_0
1666,798,105,Garden,35.73313785608805,139.74651217460632,2012-04-08 20:11:54,2012-04-02,train,1666_0
1667,1525,122,Fast Food Restaurant,35.72680228647113,139.59130346775055,2012-04-04 21:52:56,2012-04-02,train,1667_0
1667,3776,39,Food & Drink Shop,35.72603799948816,139.59202498197556,2012-04-05 03:13:15,2012-04-02,train,1667_0
1667,1525,122,Fast Food Restaurant,35.72680228647113,139.59130346775055,2012-04-06 21:52:16,2012-04-02,train,1667_0
1667,3776,39,Food & Drink Shop,35.72603799948816,139.59202498197556,2012-04-08 04:21:29,2012-04-02,train,1667_0
1667,658,69,Train Station,35.72623397120851,139.59207594394684,2012-04-08 04:28:40,2012-04-02,train,1667_0
1667,149,69,Train Station,35.712902440367635,139.7038972377777,2012-04-08 04:57:26,2012-04-02,train,1667_0
1667,7093,69,Train Station,35.6282272323851,139.73871231079102,2012-04-08 05:21:29,2012-04-02,train,1667_0
1671,3889,256,Convenience Store,35.69364814015434,139.76542711257937,2012-04-04 09:25:00,2012-04-02,train,1671_0
1671,5706,39,Food & Drink Shop,35.693505,139.76751019,2012-04-04 13:10:50,2012-04-02,train,1671_0
1671,895,236,Subway,35.69807878353967,139.76599842309952,2012-04-04 18:56:21,2012-04-02,train,1671_0
1671,3889,256,Convenience Store,35.69364814015434,139.76542711257937,2012-04-05 09:03:35,2012-04-02,train,1671_0
1671,895,236,Subway,35.69807878353967,139.76599842309952,2012-04-05 19:04:05,2012-04-02,train,1671_0
1671,895,236,Subway,35.69807878353967,139.76599842309952,2012-04-06 21:52:10,2012-04-02,train,1671_0
1672,2060,121,Café,35.67204096518859,139.72552472062347,2012-04-04 12:42:30,2012-04-02,train,1672_0
1672,271,236,Subway,35.66511535050908,139.71245884895325,2012-04-04 16:11:04,2012-04-02,train,1672_0
1672,6392,161,College Academic Building,35.6617027883407,139.70899558156725,2012-04-04 16:16:11,2012-04-02,train,1672_0
1672,87,69,Train Station,35.65852172695124,139.7013260344949,2012-04-05 17:19:56,2012-04-02,train,1672_0
1672,1930,69,Train Station,35.666692051408944,139.7581327376774,2012-04-08 15:43:36,2012-04-02,train,1672_0
1674,189,69,Train Station,35.729864636451765,139.7109555727517,2012-04-08 14:56:43,2012-04-02,train,1674_0
1674,1665,233,Hobby Shop,35.729909,139.713527,2012-04-08 15:05:41,2012-04-02,train,1674_0
1674,5352,233,Hobby Shop,35.730277413435616,139.7177267074585,2012-04-08 15:26:28,2012-04-02,train,1674_0
1675,289,69,Train Station,35.55319972801149,139.64681446552277,2012-04-05 20:46:52,2012-04-02,train,1675_0
1675,2597,26,Japanese Restaurant,35.554111,139.645924,2012-04-05 20:55:16,2012-04-02,train,1675_0
1676,309,69,Train Station,35.57742263857478,139.55844104290009,2012-04-04 18:50:12,2012-04-02,train,1676_0
1676,79,69,Train Station,35.59974085378926,139.6102237701416,2012-04-05 17:59:05,2012-04-02,train,1676_0
1677,7040,95,Chinese Restaurant,35.65880965753232,139.7433408539318,2012-04-04 22:55:02,2012-04-02,train,1677_0
1677,3302,114,Plaza,35.666908488809966,139.74052663644966,2012-04-05 20:44:52,2012-04-02,train,1677_0
1677,4610,229,Road,35.62929572698719,139.73672466110602,2012-04-08 11:11:43,2012-04-02,train,1677_0
1677,87,69,Train Station,35.65852172695124,139.7013260344949,2012-04-08 21:23:46,2012-04-02,train,1677_0
1679,6749,273,Mobile Phone Shop,35.69943363123786,139.77163910865784,2012-04-04 19:20:44,2012-04-02,train,1679_0
1679,333,69,Train Station,35.65561813580688,139.75674211978912,2012-04-08 14:09:34,2012-04-02,train,1679_0
1679,2659,240,Convention Center,35.65473983700653,139.76114362478256,2012-04-08 14:16:58,2012-04-02,train,1679_0
1679,4982,189,Ramen /  Noodle House,35.62536139132654,139.72389578819275,2012-04-08 15:11:32,2012-04-02,train,1679_0
1679,470,113,Park,35.715872938632,139.5893669128418,2012-04-08 16:07:41,2012-04-02,train,1679_0
1686,5144,128,Gym / Fitness Center,35.70673024466245,139.6875357627869,2012-04-04 10:38:47,2012-04-02,train,1686_0
1686,261,69,Train Station,35.70320181647976,139.57990407943726,2012-04-07 22:46:43,2012-04-02,train,1686_0
1686,2216,229,Road,35.671212324305515,139.7047233581543,2012-04-08 18:26:15,2012-04-02,train,1686_0
1688,5397,74,Government Building,35.70681379726981,139.69442543724065,2012-04-04 10:59:26,2012-04-02,train,1688_0
1688,7138,238,Bus Station,35.701334460163224,139.70060808556045,2012-04-04 19:19:38,2012-04-02,train,1688_0
1688,6862,58,Smoke Shop,35.70075796172277,139.70096826553345,2012-04-04 19:19:50,2012-04-02,train,1688_0
1688,6862,58,Smoke Shop,35.70075796172277,139.70096826553345,2012-04-04 19:20:09,2012-04-02,train,1688_0
1688,7402,30,Korean Restaurant,35.70136299943801,139.70076266004813,2012-04-04 19:20:25,2012-04-02,train,1688_0
1688,1715,69,Train Station,35.728102210735656,139.7712743282318,2012-04-04 19:44:56,2012-04-02,train,1688_0
1688,1476,69,Train Station,35.737242452621174,139.77401286363602,2012-04-04 23:25:42,2012-04-02,train,1688_0
1688,4925,180,Restaurant,35.7114134259066,139.64376207091794,2012-04-05 07:57:42,2012-04-02,train,1688_0
1688,6577,189,Ramen /  Noodle House,35.72347534221748,139.62002516353806,2012-04-05 08:27:05,2012-04-02,train,1688_0
1688,4343,266,Garden Center,35.723459019605095,139.62005504033004,2012-04-05 08:29:14,2012-04-02,train,1688_0
1688,778,269,Shrine,35.69353050909954,139.70513105392456,2012-04-05 18:02:51,2012-04-02,train,1688_0
1688,6409,197,Bridge,35.75723902622814,139.70831735697806,2012-04-07 22:51:09,2012-04-02,train,1688_0
1688,1876,236,Subway,35.751318724208495,139.71013069152832,2012-04-07 23:11:44,2012-04-02,train,1688_0
1688,1875,68,Government Building,35.751270835144474,139.7092455625534,2012-04-07 23:15:54,2012-04-02,train,1688_0
1688,2968,122,Fast Food Restaurant,35.73810895755636,139.70346808433533,2012-04-07 23:44:45,2012-04-02,train,1688_0
1688,3893,58,Smoke Shop,35.689590857736896,139.70153018832207,2012-04-08 01:41:34,2012-04-02,train,1688_0
1688,6862,58,Smoke Shop,35.70075796172277,139.70096826553345,2012-04-08 16:56:52,2012-04-02,train,1688_0
1688,7138,238,Bus Station,35.701334460163224,139.70060808556045,2012-04-08 16:57:04,2012-04-02,train,1688_0
1688,6862,58,Smoke Shop,35.70075796172277,139.70096826553345,2012-04-08 16:57:26,2012-04-02,train,1688_0
1688,7402,30,Korean Restaurant,35.70136299943801,139.70076266004813,2012-04-08 16:57:39,2012-04-02,train,1688_0
1688,149,69,Train Station,35.712902440367635,139.7038972377777,2012-04-08 17:03:19,2012-04-02,train,1688_0
1688,3489,236,Subway,35.713355426729905,139.70502376556396,2012-04-08 17:04:04,2012-04-02,train,1688_0
1688,479,236,Subway,35.665876065677715,139.893045411523,2012-04-08 17:38:59,2012-04-02,train,1688_0
1688,6156,238,Bus Station,35.66314539240082,139.87308025360107,2012-04-08 17:45:54,2012-04-02,train,1688_0
1688,2274,136,Museum,35.663375110008054,139.8731840959908,2012-04-08 18:51:57,2012-04-02,train,1688_0
1688,564,236,Subway,35.66360737808987,139.872704744339,2012-04-08 19:21:58,2012-04-02,train,1688_0
1689,1423,172,University,35.64922791015459,139.7428858280182,2012-04-04 13:40:46,2012-04-02,train,1689_0
1689,44,69,Train Station,35.68137872227962,139.76608157157898,2012-04-07 23:02:52,2012-04-02,train,1689_0
1689,1930,69,Train Station,35.666692051408944,139.7581327376774,2012-04-07 23:07:49,2012-04-02,train,1689_0
1689,109,69,Train Station,35.63014572966312,139.74042892456055,2012-04-07 23:13:39,2012-04-02,train,1689_0
1689,4286,69,Train Station,35.575729760171434,139.65965151786804,2012-04-07 23:24:52,2012-04-02,train,1689_0
1689,197,69,Train Station,35.55137976854632,139.67172145843506,2012-04-07 23:25:50,2012-04-02,train,1689_0
1690,3726,26,Japanese Restaurant,35.673800175657725,139.77078647120217,2012-04-04 12:06:12,2012-04-02,train,1690_0
1690,5137,69,Train Station,35.697584868303494,139.8260772228241,2012-04-04 23:04:28,2012-04-02,train,1690_0
1690,2363,197,Bridge,35.68752238118,139.7921848297119,2012-04-05 09:04:17,2012-04-02,train,1690_0
1693,94,69,Train Station,35.66898975019524,139.67971444129944,2012-04-04 13:42:41,2012-04-02,train,1693_0
1693,3190,236,Subway,35.6650369017792,139.71249103546145,2012-04-04 17:22:23,2012-04-02,train,1693_0
1693,192,69,Train Station,35.60375363356726,139.50759172439575,2012-04-04 23:33:42,2012-04-02,train,1693_0
1693,5457,67,Gift Shop,35.66507176789088,139.70131158828735,2012-04-05 18:02:56,2012-04-02,train,1693_0
1693,6763,236,Subway,35.66985012273645,139.7030065287378,2012-04-05 18:15:27,2012-04-02,train,1693_0
1693,94,69,Train Station,35.66898975019524,139.67971444129944,2012-04-05 18:21:30,2012-04-02,train,1693_0
1693,192,69,Train Station,35.60375363356726,139.50759172439575,2012-04-06 22:48:06,2012-04-02,train,1693_0
1693,94,69,Train Station,35.66898975019524,139.67971444129944,2012-04-08 07:36:35,2012-04-02,train,1693_0
1693,320,236,Subway,35.67834593327503,139.7400963306427,2012-04-08 07:51:02,2012-04-02,train,1693_0
1693,3416,234,Light Rail,35.65375255660129,139.79543566703796,2012-04-08 08:04:46,2012-04-02,train,1693_0
1693,1910,234,Light Rail,35.634627857495246,139.7932469844818,2012-04-08 08:20:04,2012-04-02,train,1693_0
1693,2549,240,Convention Center,35.62986667837494,139.79426622390747,2012-04-08 08:32:33,2012-04-02,train,1693_0
1693,2549,240,Convention Center,35.62986667837494,139.79426622390747,2012-04-08 09:55:56,2012-04-02,train,1693_0
1693,1910,234,Light Rail,35.634627857495246,139.7932469844818,2012-04-08 18:54:26,2012-04-02,train,1693_0
1693,345,236,Subway,35.65486406347791,139.79626715183258,2012-04-08 19:11:14,2012-04-02,train,1693_0
1693,320,236,Subway,35.67834593327503,139.7400963306427,2012-04-08 19:25:55,2012-04-02,train,1693_0
1693,3190,236,Subway,35.6650369017792,139.71249103546145,2012-04-08 19:36:19,2012-04-02,train,1693_0
1693,94,69,Train Station,35.66898975019524,139.67971444129944,2012-04-08 19:48:27,2012-04-02,train,1693_0
1695,142,69,Train Station,35.698596195264464,139.77301824864617,2012-04-08 13:14:16,2012-04-02,train,1695_0
1695,333,69,Train Station,35.65561813580688,139.75674211978912,2012-04-08 13:22:21,2012-04-02,train,1695_0
1695,2659,240,Convention Center,35.65473983700653,139.76114362478256,2012-04-08 13:32:46,2012-04-02,train,1695_0
1695,142,69,Train Station,35.698596195264464,139.77301824864617,2012-04-08 15:42:55,2012-04-02,train,1695_0
1695,4889,24,Italian Restaurant,35.701500709817566,139.77119654417038,2012-04-08 16:16:03,2012-04-02,train,1695_0
1696,43,69,Train Station,35.69080269423021,139.70027922656513,2012-04-04 16:31:18,2012-04-02,train,1696_0
1696,1287,233,Hobby Shop,35.68700824914241,139.702330827713,2012-04-04 16:35:44,2012-04-02,train,1696_0
1696,44,69,Train Station,35.68137872227962,139.76608157157898,2012-04-07 22:51:51,2012-04-02,train,1696_0
1696,43,69,Train Station,35.69080269423021,139.70027922656513,2012-04-08 05:31:20,2012-04-02,train,1696_0
1696,768,69,Train Station,35.63440986098353,139.79161351919174,2012-04-08 23:06:08,2012-04-02,train,1696_0
1696,43,69,Train Station,35.69080269423021,139.70027922656513,2012-04-08 23:48:50,2012-04-02,train,1696_0
1699,2073,181,Sandwich Place,35.67256369869756,139.72511567600452,2012-04-04 22:00:26,2012-04-02,train,1699_0
1699,7003,281,Train Station,35.66681325549566,139.75804781088584,2012-04-04 22:12:30,2012-04-02,train,1699_0
1699,5623,69,Train Station,35.66661457808932,139.75817441940308,2012-04-04 22:12:52,2012-04-02,train,1699_0
1702,208,69,Train Station,35.53132692901326,139.69690203666687,2012-04-04 16:30:14,2012-04-02,train,1702_0
1702,307,237,Mall,35.53095149065529,139.69767451286316,2012-04-04 16:32:26,2012-04-02,train,1702_0
1702,93,237,Mall,35.532942167026505,139.69576478004456,2012-04-04 16:40:13,2012-04-02,train,1702_0
1702,2486,144,Gaming Cafe,35.527088997148944,139.6944104800042,2012-04-04 17:08:17,2012-04-02,train,1702_0
1702,306,56,Electronics Store,35.52956759223309,139.69642460346222,2012-04-04 19:05:54,2012-04-02,train,1702_0
1702,5216,237,Mall,35.53049746982908,139.69831824302673,2012-04-04 19:47:12,2012-04-02,train,1702_0
1702,7182,71,Train Station,35.53053022445197,139.69718760509326,2012-04-04 19:59:06,2012-04-02,train,1702_0
1712,349,236,Subway,35.68211947219301,139.8003387451172,2012-04-04 07:32:03,2012-04-02,train,1712_0
1712,484,39,Food & Drink Shop,35.68210468270963,139.80768508921523,2012-04-08 12:43:00,2012-04-02,train,1712_0
1712,483,113,Park,35.689214809008895,139.81862573937107,2012-04-08 13:01:54,2012-04-02,train,1712_0
1713,303,69,Train Station,35.7021955324165,139.54482078552246,2012-04-04 11:17:22,2012-04-02,train,1713_0
1713,623,236,Subway,35.706686684772805,139.75992858409882,2012-04-04 20:35:56,2012-04-02,train,1713_0
1713,44,69,Train Station,35.68137872227962,139.76608157157898,2012-04-04 20:45:16,2012-04-02,train,1713_0
1713,43,69,Train Station,35.69080269423021,139.70027922656513,2012-04-04 21:07:43,2012-04-02,train,1713_0
1713,6915,5,Home (private),35.65844314249014,139.68603252931604,2012-04-05 00:57:14,2012-04-02,train,1713_0
1713,87,69,Train Station,35.65852172695124,139.7013260344949,2012-04-05 17:27:33,2012-04-02,train,1713_0
1714,6028,26,Japanese Restaurant,35.711108,139.81521398,2012-04-04 21:31:10,2012-04-02,train,1714_0
1714,6661,26,Japanese Restaurant,35.68260366915673,139.68744580460742,2012-04-05 20:56:47,2012-04-02,train,1714_0
1714,4355,256,Convenience Store,35.71120198704343,139.81557314578873,2012-04-08 17:31:00,2012-04-02,train,1714_0
1716,202,69,Train Station,35.669627,139.688855,2012-04-04 23:31:00,2012-04-02,train,1716_0
1716,620,69,Train Station,35.697584868303494,139.8260772228241,2012-04-08 11:24:56,2012-04-02,train,1716_0
1716,38,113,Park,35.71406103497294,139.77407455444336,2012-04-08 12:03:26,2012-04-02,train,1716_0
1716,7328,121,Café,35.69548664742672,139.7593867778778,2012-04-08 15:01:16,2012-04-02,train,1716_0
1716,2921,69,Train Station,35.699847486877246,139.7637802362442,2012-04-08 19:47:11,2012-04-02,train,1716_0
1718,2487,69,Train Station,35.57490948663387,139.663245677948,2012-04-04 18:14:31,2012-04-02,train,1718_0
1718,142,69,Train Station,35.698596195264464,139.77301824864617,2012-04-04 18:50:00,2012-04-02,train,1718_0
1718,4889,24,Italian Restaurant,35.701500709817566,139.77119654417038,2012-04-07 22:18:02,2012-04-02,train,1718_0
1718,1818,69,Train Station,35.688958355514494,139.70000973651244,2012-04-07 23:08:11,2012-04-02,train,1718_0
1719,195,69,Train Station,35.68417610648677,139.70206260681152,2012-04-04 08:35:55,2012-04-02,train,1719_0
1719,87,69,Train Station,35.65852172695124,139.7013260344949,2012-04-04 08:42:10,2012-04-02,train,1719_0
1719,129,69,Train Station,35.70582855009322,139.66579914093018,2012-04-04 18:27:03,2012-04-02,train,1719_0
1719,6601,5,Home (private),35.70528314022175,139.6656173391297,2012-04-04 19:20:17,2012-04-02,train,1719_0
1719,129,69,Train Station,35.70582855009322,139.66579914093018,2012-04-05 08:37:34,2012-04-02,train,1719_0
1719,87,69,Train Station,35.65852172695124,139.7013260344949,2012-04-05 08:53:17,2012-04-02,train,1719_0
1719,87,69,Train Station,35.65852172695124,139.7013260344949,2012-04-05 18:25:58,2012-04-02,train,1719_0
1719,43,69,Train Station,35.69080269423021,139.70027922656513,2012-04-05 18:35:38,2012-04-02,train,1719_0
1719,744,135,Movie Theater,35.69268748146288,139.7036612033844,2012-04-05 19:00:15,2012-04-02,train,1719_0
1719,3004,134,Movie Theater,35.691918510498844,139.70568627119064,2012-04-05 19:00:50,2012-04-02,train,1719_0
1719,129,69,Train Station,35.70582855009322,139.66579914093018,2012-04-07 23:48:13,2012-04-02,train,1719_0
1719,323,69,Train Station,35.64592362299403,139.8269248008728,2012-04-08 16:01:37,2012-04-02,train,1719_0
1719,545,69,Train Station,35.62752522528485,139.77879524230957,2012-04-08 16:20:41,2012-04-02,train,1719_0
1719,4157,287,Concert Hall,35.62592061448008,139.7822231054306,2012-04-08 17:29:12,2012-04-02,train,1719_0
1721,43,69,Train Station,35.69080269423021,139.70027922656513,2012-04-08 13:28:30,2012-04-02,train,1721_0
1721,44,69,Train Station,35.68137872227962,139.76608157157898,2012-04-08 13:49:07,2012-04-02,train,1721_0
1721,333,69,Train Station,35.65561813580688,139.75674211978912,2012-04-08 13:57:31,2012-04-02,train,1721_0
1721,2701,211,Airport,35.54505978034289,139.76903200149536,2012-04-08 14:20:17,2012-04-02,train,1721_0
1721,1827,211,Airport,35.548693690913694,139.78448657424929,2012-04-08 15:43:19,2012-04-02,train,1721_0
1721,1826,211,Airport,35.55137976854632,139.78840827941897,2012-04-08 17:07:47,2012-04-02,train,1721_0
1721,333,69,Train Station,35.65561813580688,139.75674211978912,2012-04-08 21:32:38,2012-04-02,train,1721_0
1721,44,69,Train Station,35.68137872227962,139.76608157157898,2012-04-08 21:46:36,2012-04-02,train,1721_0
1721,43,69,Train Station,35.69080269423021,139.70027922656513,2012-04-08 22:05:13,2012-04-02,train,1721_0
1722,234,69,Train Station,35.6443150221341,139.69909071922302,2012-04-04 18:14:00,2012-04-02,train,1722_0
1722,234,69,Train Station,35.6443150221341,139.69909071922302,2012-04-05 08:48:06,2012-04-02,train,1722_0
1722,312,236,Subway,35.69085980180074,139.704852104187,2012-04-06 21:58:46,2012-04-02,train,1722_0
1722,43,69,Train Station,35.69080269423021,139.70027922656513,2012-04-06 23:21:28,2012-04-02,train,1722_0
1722,1073,225,Department Store,35.85869177733273,139.65911507606506,2012-04-08 21:10:56,2012-04-02,train,1722_0
1724,5993,189,Ramen /  Noodle House,35.56287711577901,139.71222013235092,2012-04-04 12:05:33,2012-04-02,train,1724_0
1724,4905,69,Train Station,35.56247782390475,139.7160503268242,2012-04-05 08:29:35,2012-04-02,train,1724_0
1727,7093,69,Train Station,35.6282272323851,139.73871231079102,2012-04-07 00:17:05,2012-04-02,train,1727_0
1727,4286,69,Train Station,35.575729760171434,139.65965151786804,2012-04-08 09:33:35,2012-04-02,train,1727_0
1727,220,69,Train Station,35.651889113311164,139.5443956553936,2012-04-08 11:37:34,2012-04-02,train,1727_0
1727,824,172,University,35.65617169882302,139.5444291830063,2012-04-08 11:48:27,2012-04-02,train,1727_0
1727,848,113,Park,35.699756003183985,139.57340240478516,2012-04-08 14:56:01,2012-04-02,train,1727_0
1727,824,172,University,35.65617169882302,139.5444291830063,2012-04-08 15:35:59,2012-04-02,train,1727_0
1727,2780,153,College Academic Building,35.657592638291206,139.5435869693756,2012-04-08 15:36:18,2012-04-02,train,1727_0
1727,7091,116,Sculpture Garden,35.657302786127154,139.54357087612152,2012-04-08 15:36:44,2012-04-02,train,1727_0
1727,220,69,Train Station,35.651889113311164,139.5443956553936,2012-04-08 15:56:36,2012-04-02,train,1727_0
1727,298,69,Train Station,35.633894296867474,139.53109860420227,2012-04-08 16:13:36,2012-04-02,train,1727_0
1727,735,69,Train Station,35.63364359852691,139.53526139259338,2012-04-08 16:13:54,2012-04-02,train,1727_0
1727,378,69,Train Station,35.62081442397418,139.56971168518066,2012-04-08 16:18:10,2012-04-02,train,1727_0
1727,2801,69,Train Station,35.62104117889108,139.56945419311523,2012-04-08 16:20:02,2012-04-02,train,1727_0
1728,872,134,Movie Theater,35.52818366994183,139.69802856445312,2012-04-04 20:56:48,2012-04-02,train,1728_0
1728,6006,190,Sushi Restaurant,35.531265811260745,139.69489574432373,2012-04-04 21:11:42,2012-04-02,train,1728_0
1728,1829,26,Japanese Restaurant,35.58116167877252,139.64158952236176,2012-04-08 12:55:16,2012-04-02,train,1728_0
1728,641,140,Stadium,35.58580305947766,139.65271532535553,2012-04-08 14:35:35,2012-04-02,train,1728_0
1730,6874,61,Office,35.627918000415704,139.7400127068982,2012-04-04 12:26:25,2012-04-02,train,1730_0
1730,6969,59,Office,35.65630328963015,139.7546339948525,2012-04-04 18:35:10,2012-04-02,train,1730_0
1731,1811,287,Concert Hall,35.68340923210112,139.74340617656708,2012-04-04 18:13:33,2012-04-02,train,1731_0
1731,5862,95,Chinese Restaurant,35.68386456465662,139.73920986056328,2012-04-04 21:03:50,2012-04-02,train,1731_0
1731,443,69,Train Station,35.76954930278737,139.87045168876648,2012-04-08 10:18:45,2012-04-02,train,1731_0
1731,1090,113,Park,35.78634838065128,139.86921787261963,2012-04-08 11:19:45,2012-04-02,train,1731_0
1732,3421,115,Scenic Lookout,35.673264881898525,139.7203016281128,2012-04-04 09:09:47,2012-04-02,train,1732_0
1732,1487,197,Bridge,35.5853280815166,139.6688461303711,2012-04-08 12:06:13,2012-04-02,train,1732_0
1732,3041,197,Bridge,35.563512051219696,139.67888832092285,2012-04-08 12:25:44,2012-04-02,train,1732_0
1732,2838,197,Bridge,35.61010388250942,139.62494373321533,2012-04-08 13:17:59,2012-04-02,train,1732_0
1732,354,69,Train Station,35.6483652265509,139.70339048812886,2012-04-08 16:04:08,2012-04-02,train,1732_0
1732,6253,58,Smoke Shop,35.65930775700983,139.7018077969551,2012-04-08 18:29:48,2012-04-02,train,1732_0
1734,7041,229,Road,35.62899463682113,139.73943051694732,2012-04-04 09:19:02,2012-04-02,train,1734_0
1734,4733,59,Office,35.62656595095779,139.7413945198059,2012-04-04 09:42:08,2012-04-02,train,1734_0
1734,5723,96,Deli / Bodega,35.626688041056816,139.7406703233719,2012-04-04 12:34:40,2012-04-02,train,1734_0
1734,109,69,Train Station,35.63014572966312,139.74042892456055,2012-04-05 09:16:43,2012-04-02,train,1734_0
1735,2953,26,Japanese Restaurant,35.69901977345045,139.77462708950043,2012-04-04 19:37:35,2012-04-02,train,1735_0
1735,6162,35,Bar,35.672825,139.767138,2012-04-06 22:46:38,2012-04-02,train,1735_0
1735,6162,35,Bar,35.672825,139.767138,2012-04-08 16:09:36,2012-04-02,train,1735_0
1737,3660,236,Subway,35.68220661878952,139.79876697063446,2012-04-04 06:04:04,2012-04-02,train,1737_0
1737,2796,234,Light Rail,35.65551788382668,139.75673139095306,2012-04-04 06:23:23,2012-04-02,train,1737_0
1737,1826,211,Airport,35.55137976854632,139.78840827941897,2012-04-04 06:54:27,2012-04-02,train,1737_0
1737,5490,211,Airport,35.55126861049837,139.78757752237323,2012-04-07 21:34:21,2012-04-02,train,1737_0
1737,151,236,Subway,35.68691239365025,139.76361393928528,2012-04-08 09:32:18,2012-04-02,train,1737_0
1737,197,69,Train Station,35.55137976854632,139.67172145843506,2012-04-08 10:02:43,2012-04-02,train,1737_0
1739,1362,69,Train Station,35.713250891644044,139.79230552911758,2012-04-04 23:02:36,2012-04-02,train,1739_0
1739,3661,236,Subway,35.7055933237456,139.79219555854797,2012-04-04 23:10:30,2012-04-02,train,1739_0
1739,4955,197,Bridge,35.65888715316009,139.78927195072174,2012-04-04 23:36:38,2012-04-02,train,1739_0
1739,7244,258,Historic Site,35.68425796268529,139.77446581693926,2012-04-05 17:32:40,2012-04-02,train,1739_0
1739,513,236,Subway,35.67736983873206,139.7517478466034,2012-04-08 05:54:15,2012-04-02,train,1739_0
1739,3256,113,Park,35.6907552372162,139.74750995635986,2012-04-08 06:24:19,2012-04-02,train,1739_0
1739,473,269,Shrine,35.69975164681503,139.7467803955078,2012-04-08 07:28:25,2012-04-02,train,1739_0
1739,4095,197,Bridge,35.70024827134381,139.74318623542786,2012-04-08 07:33:29,2012-04-02,train,1739_0
1739,5454,197,Bridge,35.69524267733666,139.73921656608582,2012-04-08 07:50:40,2012-04-02,train,1739_0
1739,420,69,Train Station,35.68600611785052,139.73066568374634,2012-04-08 08:07:39,2012-04-02,train,1739_0
1739,3006,113,Park,35.67713452844016,139.71837043762207,2012-04-08 08:24:37,2012-04-02,train,1739_0
1739,560,107,Cemetery,35.66569935529766,139.72258687019348,2012-04-08 09:08:25,2012-04-02,train,1739_0
1739,1289,81,Building,35.66713335106043,139.74038692700458,2012-04-08 09:44:26,2012-04-02,train,1739_0
1739,3302,114,Plaza,35.666908488809966,139.74052663644966,2012-04-08 09:50:24,2012-04-02,train,1739_0
1739,1105,237,Mall,35.68255520422372,139.7745680809021,2012-04-08 10:31:28,2012-04-02,train,1739_0
1739,7244,258,Historic Site,35.68425796268529,139.77446581693926,2012-04-08 11:15:27,2012-04-02,train,1739_0
1740,44,69,Train Station,35.68137872227962,139.76608157157898,2012-04-04 19:22:24,2012-04-02,train,1740_0
1740,931,69,Train Station,35.701341705675524,139.50644373893738,2012-04-04 20:05:32,2012-04-02,train,1740_0
1740,208,69,Train Station,35.53132692901326,139.69690203666687,2012-04-08 09:16:12,2012-04-02,train,1740_0
1740,164,69,Train Station,35.60753807817138,139.6688391408238,2012-04-08 11:08:29,2012-04-02,train,1740_0
1740,5792,236,Subway,35.684742543061255,139.77445006370544,2012-04-08 12:14:43,2012-04-02,train,1740_0
1740,44,69,Train Station,35.68137872227962,139.76608157157898,2012-04-08 12:44:48,2012-04-02,train,1740_0
1740,140,69,Train Station,35.71341172584363,139.77605844022628,2012-04-08 13:00:20,2012-04-02,train,1740_0
1740,140,69,Train Station,35.71341172584363,139.77605844022628,2012-04-08 14:18:19,2012-04-02,train,1740_0
1740,142,69,Train Station,35.698596195264464,139.77301824864617,2012-04-08 14:24:18,2012-04-02,train,1740_0
1740,279,69,Train Station,35.699583,139.765222,2012-04-08 14:52:10,2012-04-02,train,1740_0
1740,898,69,Train Station,35.66629207220754,139.4770547747612,2012-04-08 16:05:42,2012-04-02,train,1740_0
1742,6698,95,Chinese Restaurant,35.64727,139.743898,2012-04-04 12:39:40,2012-04-02,train,1742_0
1742,5329,121,Café,35.647184,139.744004,2012-04-04 13:03:54,2012-04-02,train,1742_0
1742,4363,236,Subway,35.56292402698885,139.56981293857098,2012-04-08 10:38:50,2012-04-02,train,1742_0
1743,2765,39,Food & Drink Shop,35.60439914891669,139.5989155769348,2012-04-04 12:47:46,2012-04-02,train,1743_0
1743,736,69,Train Station,35.60426612084161,139.60000187158585,2012-04-04 20:42:28,2012-04-02,train,1743_0
1743,357,69,Train Station,35.551330668348115,139.675130546093,2012-04-04 23:23:45,2012-04-02,train,1743_0
1743,736,69,Train Station,35.60426612084161,139.60000187158585,2012-04-05 19:06:28,2012-04-02,train,1743_0
1743,93,237,Mall,35.532942167026505,139.69576478004456,2012-04-05 19:32:55,2012-04-02,train,1743_0
1743,736,69,Train Station,35.60426612084161,139.60000187158585,2012-04-06 22:21:05,2012-04-02,train,1743_0
1743,4561,111,Other Great Outdoors,35.60176471569719,139.6904754638672,2012-04-08 13:17:57,2012-04-02,train,1743_0
1743,428,39,Food & Drink Shop,35.58831205244881,139.73032236099243,2012-04-08 16:56:18,2012-04-02,train,1743_0
1743,2622,237,Mall,35.58855440418538,139.72815863653634,2012-04-08 17:20:41,2012-04-02,train,1743_0
1745,6809,256,Convenience Store,35.670257932416035,139.6163284778595,2012-04-05 00:49:24,2012-04-02,train,1745_0
1745,5254,26,Japanese Restaurant,35.671237022015404,139.61637035035184,2012-04-05 00:50:28,2012-04-02,train,1745_0
1745,440,69,Train Station,35.66987442926479,139.6157169342041,2012-04-05 08:43:45,2012-04-02,train,1745_0
1745,5254,26,Japanese Restaurant,35.671237022015404,139.61637035035184,2012-04-07 01:04:40,2012-04-02,train,1745_0
1747,571,236,Subway,35.64294616012469,139.7341525554657,2012-04-08 15:17:33,2012-04-02,train,1747_0
1747,271,236,Subway,35.66511535050908,139.71245884895325,2012-04-08 15:40:15,2012-04-02,train,1747_0
1748,2097,236,Subway,35.66287517311728,139.73145961761475,2012-04-04 09:32:14,2012-04-02,train,1748_0
1748,3740,256,Convenience Store,35.66170687749953,139.7296502431153,2012-04-04 09:37:35,2012-04-02,train,1748_0
1748,234,69,Train Station,35.6443150221341,139.69909071922302,2012-04-04 20:51:05,2012-04-02,train,1748_0
1748,748,69,Train Station,35.53275445184632,139.7007429599762,2012-04-08 16:57:41,2012-04-02,train,1748_0
1748,208,69,Train Station,35.53132692901326,139.69690203666687,2012-04-08 22:07:56,2012-04-02,train,1748_0
1750,5137,69,Train Station,35.697584868303494,139.8260772228241,2012-04-04 08:38:22,2012-04-02,train,1750_0
1750,643,56,Electronics Store,35.67543940231658,139.7628951072693,2012-04-04 18:52:30,2012-04-02,train,1750_0
1750,99,69,Train Station,35.67497849562972,139.76321881841366,2012-04-04 18:56:39,2012-04-02,train,1750_0
1750,7332,56,Electronics Store,35.67530867130002,139.76335644721985,2012-04-04 18:57:38,2012-04-02,train,1750_0
1750,1843,20,Record Shop,35.67180064238771,139.76523399353027,2012-04-04 19:04:05,2012-04-02,train,1750_0
1750,1197,238,Bus Station,35.680362358634056,139.76470962166786,2012-04-08 13:27:39,2012-04-02,train,1750_0
1750,1416,197,Bridge,35.66225192192778,139.77490603923798,2012-04-08 13:44:44,2012-04-02,train,1750_0
1752,6430,237,Mall,35.766457526479954,139.72755502046496,2012-04-04 20:00:34,2012-04-02,train,1752_0
1752,1085,69,Train Station,35.762915736201656,139.72768306732178,2012-04-04 20:07:07,2012-04-02,train,1752_0
1752,1715,69,Train Station,35.728102210735656,139.7712743282318,2012-04-04 20:21:06,2012-04-02,train,1752_0
1752,2196,69,Train Station,35.74233248982313,139.79707717895508,2012-04-04 20:28:13,2012-04-02,train,1752_0
1752,752,69,Train Station,35.74757458317166,139.84018564224243,2012-04-04 20:34:52,2012-04-02,train,1752_0
1752,158,69,Train Station,35.77806243973507,139.72083806991577,2012-04-05 20:55:53,2012-04-02,train,1752_0
1752,140,69,Train Station,35.71362076736724,139.77651776270966,2012-04-05 21:10:10,2012-04-02,train,1752_0
1752,140,69,Train Station,35.71362076736724,139.77651776270966,2012-04-06 23:01:37,2012-04-02,train,1752_0
1752,5235,58,Smoke Shop,35.71101,139.774186,2012-04-06 23:42:58,2012-04-02,train,1752_0
1752,752,69,Train Station,35.74757458317166,139.84018564224243,2012-04-07 00:53:54,2012-04-02,train,1752_0
1752,189,69,Train Station,35.729864636451765,139.7109555727517,2012-04-07 23:38:28,2012-04-02,train,1752_0
1752,1715,69,Train Station,35.728102210735656,139.7712743282318,2012-04-07 23:55:58,2012-04-02,train,1752_0
1752,1848,69,Train Station,35.7277712437567,139.77096319198608,2012-04-08 09:31:58,2012-04-02,train,1752_0
1752,3820,238,Bus Station,35.75385244995318,139.73835825920105,2012-04-08 09:41:40,2012-04-02,train,1752_0
1752,7442,238,Bus Station,35.77167722877622,139.73360642499838,2012-04-08 19:11:42,2012-04-02,train,1752_0
1752,6430,237,Mall,35.766457526479954,139.72755502046496,2012-04-08 19:25:39,2012-04-02,train,1752_0
1752,1085,69,Train Station,35.762915736201656,139.72768306732178,2012-04-08 19:32:36,2012-04-02,train,1752_0
1752,5235,58,Smoke Shop,35.71101,139.774186,2012-04-08 22:54:26,2012-04-02,train,1752_0
1755,4286,69,Train Station,35.575729760171434,139.65965151786804,2012-04-04 09:39:14,2012-04-02,train,1755_0
1755,208,69,Train Station,35.53132692901326,139.69690203666687,2012-04-05 08:48:35,2012-04-02,train,1755_0
1755,4286,69,Train Station,35.575729760171434,139.65965151786804,2012-04-06 22:59:48,2012-04-02,train,1755_0
1755,2973,51,Bar,35.644341178504675,139.75561827421188,2012-04-07 21:50:46,2012-04-02,train,1755_0
1755,4905,69,Train Station,35.56247782390475,139.7160503268242,2012-04-07 22:18:51,2012-04-02,train,1755_0
1755,4829,121,Café,35.58046798438652,139.6435984969139,2012-04-08 09:27:18,2012-04-02,train,1755_0
1755,4286,69,Train Station,35.575729760171434,139.65965151786804,2012-04-08 10:41:36,2012-04-02,train,1755_0
1755,4905,69,Train Station,35.56247782390475,139.7160503268242,2012-04-08 10:56:00,2012-04-02,train,1755_0
1755,7253,69,Train Station,35.636650836763486,139.74225282669067,2012-04-08 12:28:27,2012-04-02,train,1755_0
1755,43,69,Train Station,35.69080269423021,139.70027922656513,2012-04-08 13:58:49,2012-04-02,train,1755_0
1755,367,69,Train Station,35.69129548609415,139.73547220230105,2012-04-08 14:44:50,2012-04-02,train,1755_0
1755,1351,138,Stadium,35.693203755259184,139.74982738494873,2012-04-08 15:08:36,2012-04-02,train,1755_0
1755,6923,111,Other Great Outdoors,35.69304691294028,139.74799275398254,2012-04-08 15:28:22,2012-04-02,train,1755_0
1755,322,236,Subway,35.68569676173495,139.7416439652443,2012-04-08 15:56:02,2012-04-02,train,1755_0
1755,164,69,Train Station,35.60753807817138,139.6688391408238,2012-04-08 20:31:49,2012-04-02,train,1755_0
1756,399,236,Subway,35.71072458537359,139.68632340431213,2012-04-04 14:04:50,2012-04-02,train,1756_0
1756,3819,200,Arcade,35.71259318858375,139.70429956912994,2012-04-04 14:11:42,2012-04-02,train,1756_0
1756,1010,32,Bookstore,35.712832749929525,139.7050130367279,2012-04-04 16:16:12,2012-04-02,train,1756_0
1756,4981,200,Arcade,35.70453044048427,139.64917480945587,2012-04-04 18:11:26,2012-04-02,train,1756_0
1756,2383,180,Restaurant,35.69935483317103,139.74468314299295,2012-04-07 22:42:30,2012-04-02,train,1756_0
1756,1854,256,Convenience Store,35.71176125177244,139.68491792678833,2012-04-08 00:35:15,2012-04-02,train,1756_0
1756,399,236,Subway,35.71072458537359,139.68632340431213,2012-04-08 11:46:00,2012-04-02,train,1756_0
1756,3856,256,Convenience Store,35.70296222618815,139.74381923675537,2012-04-08 14:24:56,2012-04-02,train,1756_0
1756,2383,180,Restaurant,35.69935483317103,139.74468314299295,2012-04-08 22:47:30,2012-04-02,train,1756_0
1758,2158,71,Train Station,35.745618013200385,139.71957389860265,2012-04-04 09:15:11,2012-04-02,train,1758_0
1758,3460,281,Train Station,35.65573582275349,139.70353245735168,2012-04-04 09:33:51,2012-04-02,train,1758_0
1758,784,122,Fast Food Restaurant,35.65605946096253,139.704310297966,2012-04-04 09:38:31,2012-04-02,train,1758_0
1758,3362,69,Train Station,35.65561377702775,139.70369338989258,2012-04-04 13:23:14,2012-04-02,train,1758_0
1758,43,69,Train Station,35.69080269423021,139.70027922656513,2012-04-04 13:38:19,2012-04-02,train,1758_0
1758,279,69,Train Station,35.699583,139.765222,2012-04-04 13:50:41,2012-04-02,train,1758_0
1758,87,69,Train Station,35.65852172695124,139.7013260344949,2012-04-04 16:23:03,2012-04-02,train,1758_0
1758,6596,256,Convenience Store,35.65463250082087,139.70844626426697,2012-04-04 16:37:55,2012-04-02,train,1758_0
1758,3460,281,Train Station,35.65573582275349,139.70353245735168,2012-04-04 21:49:43,2012-04-02,train,1758_0
1758,2158,71,Train Station,35.745618013200385,139.71957389860265,2012-04-04 22:11:30,2012-04-02,train,1758_0
1758,2158,71,Train Station,35.745435359439334,139.71964871662703,2012-04-05 08:18:36,2012-04-02,train,1758_0
1758,3362,69,Train Station,35.65561377702775,139.70369338989258,2012-04-05 08:39:14,2012-04-02,train,1758_0
1758,3460,281,Train Station,35.65573582275349,139.70353245735168,2012-04-05 18:21:08,2012-04-02,train,1758_0
1758,2158,71,Train Station,35.745618013200385,139.71957389860265,2012-04-05 18:38:40,2012-04-02,train,1758_0
1758,1171,56,Electronics Store,35.73099375847875,139.71370339393616,2012-04-08 15:27:10,2012-04-02,train,1758_0
1758,1952,56,Electronics Store,35.73156421709618,139.71359074115753,2012-04-08 15:50:02,2012-04-02,train,1758_0
1759,855,236,Subway,35.71133439077058,139.78272199630737,2012-04-08 00:27:24,2012-04-02,train,1759_0
1759,2362,69,Train Station,35.71369516481194,139.77750778198242,2012-04-08 17:59:56,2012-04-02,train,1759_0
1759,143,69,Train Station,35.691670172683054,139.7708773612976,2012-04-08 18:06:13,2012-04-02,train,1759_0
1759,2090,69,Train Station,35.69034569127357,139.6997880935669,2012-04-08 18:20:49,2012-04-02,train,1759_0
1759,43,69,Train Station,35.69080269423021,139.70027922656513,2012-04-08 22:09:41,2012-04-02,train,1759_0
1760,908,69,Train Station,35.83049392997807,139.56237131856992,2012-04-04 12:14:14,2012-04-02,train,1760_0
1760,3998,69,Train Station,35.81474644203188,139.5868364378428,2012-04-04 12:35:59,2012-04-02,train,1760_0
1760,1676,69,Train Station,35.815446772620184,139.58718359470367,2012-04-04 12:38:17,2012-04-02,train,1760_0
1760,303,69,Train Station,35.7021955324165,139.54482078552246,2012-04-04 13:15:18,2012-04-02,train,1760_0
1760,303,69,Train Station,35.7021955324165,139.54482078552246,2012-04-04 15:37:10,2012-04-02,train,1760_0
1760,303,69,Train Station,35.7021955324165,139.54482078552246,2012-04-04 15:38:44,2012-04-02,train,1760_0
1760,931,69,Train Station,35.701341705675524,139.50644373893738,2012-04-04 15:56:35,2012-04-02,train,1760_0
1760,931,69,Train Station,35.701341705675524,139.50644373893738,2012-04-04 16:12:47,2012-04-02,train,1760_0
1760,304,69,Train Station,35.70025262768564,139.48025465011597,2012-04-04 16:17:04,2012-04-02,train,1760_0
1760,1676,69,Train Station,35.815446772620184,139.58718359470367,2012-04-04 16:56:46,2012-04-02,train,1760_0
1760,3998,69,Train Station,35.81474644203188,139.5868364378428,2012-04-04 17:01:00,2012-04-02,train,1760_0
1760,908,69,Train Station,35.83049392997807,139.56237131856992,2012-04-04 17:14:14,2012-04-02,train,1760_0
1760,615,69,Train Station,35.822215145141776,139.5751941204071,2012-04-08 20:10:53,2012-04-02,train,1760_0
1761,6417,69,Train Station,35.64536825525797,139.7478818055304,2012-04-04 20:00:40,2012-04-02,train,1761_0
1761,1252,69,Train Station,35.628121197991504,139.73798198030258,2012-04-04 20:05:14,2012-04-02,train,1761_0
1761,6417,69,Train Station,35.64536825525797,139.7478818055304,2012-04-06 22:10:58,2012-04-02,train,1761_0
1761,1252,69,Train Station,35.628121197991504,139.73798198030258,2012-04-06 22:15:24,2012-04-02,train,1761_0
1762,140,69,Train Station,35.71332822078902,139.77622319679568,2012-04-05 09:22:59,2012-04-02,train,1762_0
1762,142,69,Train Station,35.698596195264464,139.77301824864617,2012-04-05 18:32:04,2012-04-02,train,1762_0
1762,140,69,Train Station,35.71332091731415,139.77627811575366,2012-04-05 18:39:37,2012-04-02,train,1762_0
1762,140,69,Train Station,35.71341172584363,139.77605844022628,2012-04-07 09:20:51,2012-04-02,train,1762_0
1762,140,69,Train Station,35.71341172584363,139.77605844022628,2012-04-08 09:24:10,2012-04-02,train,1762_0
1762,143,69,Train Station,35.691670172683054,139.7708773612976,2012-04-08 09:29:23,2012-04-02,train,1762_0
1762,7095,26,Japanese Restaurant,35.695308026541106,139.7762793302536,2012-04-08 13:02:19,2012-04-02,train,1762_0
1762,143,69,Train Station,35.691670172683054,139.7708773612976,2012-04-08 18:34:29,2012-04-02,train,1762_0
1762,140,69,Train Station,35.71341172584363,139.77605844022628,2012-04-08 18:43:46,2012-04-02,train,1762_0
1763,4831,69,Train Station,35.645425055266216,139.74746761641725,2012-04-08 10:57:56,2012-04-02,train,1763_0
1763,7127,56,Electronics Store,35.64807273295158,139.74480628967285,2012-04-08 11:07:04,2012-04-02,train,1763_0
1763,4831,69,Train Station,35.645425055266216,139.74746761641725,2012-04-08 19:25:04,2012-04-02,train,1763_0
1766,6883,39,Food & Drink Shop,35.73157728060372,139.70851683399167,2012-04-04 20:39:38,2012-04-02,train,1766_0
1766,3205,236,Subway,35.730976339830725,139.70956206321716,2012-04-05 18:37:00,2012-04-02,train,1766_0
1766,3080,236,Subway,35.729391226913904,139.71004486083984,2012-04-05 19:09:46,2012-04-02,train,1766_0
1766,3160,236,Subway,35.69055482137934,139.70592498779297,2012-04-07 00:01:46,2012-04-02,train,1766_0
1766,188,69,Train Station,35.7332058958136,139.69869375228882,2012-04-07 00:17:06,2012-04-02,train,1766_0
1766,4538,281,Train Station,35.65926051074411,139.70248793819076,2012-04-08 07:04:40,2012-04-02,train,1766_0
1767,3448,121,Café,35.691581,139.737031,2012-04-04 08:01:17,2012-04-02,train,1767_0
1767,142,69,Train Station,35.698596195264464,139.77301824864617,2012-04-04 18:37:02,2012-04-02,train,1767_0
1767,6749,273,Mobile Phone Shop,35.69943363123786,139.77163910865784,2012-04-04 18:47:10,2012-04-02,train,1767_0
1767,2327,273,Mobile Phone Shop,35.69883571495492,139.77160558104515,2012-04-04 18:47:40,2012-04-02,train,1767_0
1767,633,56,Electronics Store,35.69901541704127,139.7746217250824,2012-04-04 19:49:06,2012-04-02,train,1767_0
1767,3033,26,Japanese Restaurant,35.698571062054015,139.7764429450035,2012-04-04 19:59:21,2012-04-02,train,1767_0
1767,3448,121,Café,35.691581,139.737031,2012-04-05 07:48:17,2012-04-02,train,1767_0
1767,189,69,Train Station,35.729864636451765,139.7109555727517,2012-04-07 22:27:45,2012-04-02,train,1767_0
1767,2559,81,Building,35.72840704752596,139.7206449508667,2012-04-08 13:12:01,2012-04-02,train,1767_0
1768,615,69,Train Station,35.822215145141776,139.5751941204071,2012-04-04 16:54:58,2012-04-02,train,1768_0
1768,2090,69,Train Station,35.69034569127357,139.6997880935669,2012-04-04 18:32:28,2012-04-02,train,1768_0
1768,142,69,Train Station,35.698596195264464,139.77301824864617,2012-04-04 18:51:10,2012-04-02,train,1768_0
1768,1524,32,Bookstore,35.69735560782134,139.77514743804932,2012-04-04 19:38:11,2012-04-02,train,1768_0
1768,142,69,Train Station,35.698596195264464,139.77301824864617,2012-04-04 19:46:59,2012-04-02,train,1768_0
1768,2631,69,Train Station,35.65850795400803,139.70132499933243,2012-04-04 20:17:47,2012-04-02,train,1768_0
1768,1957,236,Subway,35.65890458756057,139.7025829553604,2012-04-04 20:17:59,2012-04-02,train,1768_0
1768,615,69,Train Station,35.822215145141776,139.5751941204071,2012-04-04 21:12:14,2012-04-02,train,1768_0
1773,189,69,Train Station,35.729864636451765,139.7109555727517,2012-04-04 08:13:53,2012-04-02,train,1773_0
1773,1563,198,Coffee Shop,35.6831521532426,139.76899445056915,2012-04-04 12:39:54,2012-04-02,train,1773_0
1773,189,69,Train Station,35.729864636451765,139.7109555727517,2012-04-05 08:28:34,2012-04-02,train,1773_0
1773,2185,88,Temple,35.779155109706814,139.7803871962857,2012-04-08 14:29:55,2012-04-02,train,1773_0
1773,140,69,Train Station,35.71341172584363,139.77605844022628,2012-04-08 14:59:02,2012-04-02,train,1773_0
1773,359,240,Convention Center,35.67664647525239,139.7636514902115,2012-04-08 15:22:56,2012-04-02,train,1773_0
1775,189,69,Train Station,35.729864636451765,139.7109555727517,2012-04-05 17:45:48,2012-04-02,train,1775_0
1775,768,69,Train Station,35.63440986098353,139.79161351919174,2012-04-07 22:45:13,2012-04-02,train,1775_0
1775,189,69,Train Station,35.729864636451765,139.7109555727517,2012-04-07 23:22:19,2012-04-02,train,1775_0
1775,2524,69,Train Station,35.619881167618004,139.7283731462078,2012-04-08 13:21:11,2012-04-02,train,1775_0
1775,768,69,Train Station,35.63440986098353,139.79161351919174,2012-04-08 13:41:57,2012-04-02,train,1775_0
1775,174,69,Train Station,35.619699172885795,139.72855277359486,2012-04-08 16:50:37,2012-04-02,train,1775_0
1775,43,69,Train Station,35.69080269423021,139.70027922656513,2012-04-08 17:04:24,2012-04-02,train,1775_0
1775,189,69,Train Station,35.729864636451765,139.7109555727517,2012-04-08 17:12:19,2012-04-02,train,1775_0
1776,331,69,Train Station,35.64687830575068,139.7099483013153,2012-04-08 19:40:35,2012-04-02,train,1776_0
1776,234,69,Train Station,35.6443150221341,139.69909071922302,2012-04-08 19:49:33,2012-04-02,train,1776_0
1781,530,172,University,35.66050417760869,139.6849822998047,2012-04-04 15:52:52,2012-04-02,train,1781_0
1781,315,69,Train Station,35.65866050560753,139.6844780445099,2012-04-04 16:10:08,2012-04-02,train,1781_0
1781,299,69,Train Station,35.668361407560894,139.6504027448891,2012-04-04 16:21:12,2012-04-02,train,1781_0
1781,220,69,Train Station,35.651889113311164,139.5443956553936,2012-04-04 17:16:35,2012-04-02,train,1781_0
1781,7471,5,Home (private),35.65501887297158,139.56364731287948,2012-04-04 18:08:28,2012-04-02,train,1781_0
1781,223,69,Train Station,35.650241400924855,139.55860197544098,2012-04-05 18:28:19,2012-04-02,train,1781_0
1781,7343,97,Diner,35.65021981219892,139.55773021654863,2012-04-05 18:32:45,2012-04-02,train,1781_0
1781,990,52,Bar,35.69927353387485,139.7752010822296,2012-04-08 17:58:48,2012-04-02,train,1781_0
1781,1057,26,Japanese Restaurant,35.702173751235755,139.77137088775635,2012-04-08 20:30:15,2012-04-02,train,1781_0
1781,43,69,Train Station,35.69080269423021,139.70027922656513,2012-04-08 22:58:38,2012-04-02,train,1781_0
1783,2936,39,Food & Drink Shop,35.60296284495956,139.50741799743145,2012-04-04 15:31:02,2012-04-02,train,1783_0
1783,848,113,Park,35.699756003183985,139.57340240478516,2012-04-07 22:09:39,2012-04-02,train,1783_0
1787,43,69,Train Station,35.69080269423021,139.70027922656513,2012-04-04 18:27:00,2012-04-02,train,1787_0
1787,189,69,Train Station,35.729864636451765,139.7109555727517,2012-04-04 18:40:05,2012-04-02,train,1787_0
1787,2665,121,Café,35.73048861613938,139.71238374710083,2012-04-04 18:48:12,2012-04-02,train,1787_0
1787,189,69,Train Station,35.729864636451765,139.7109555727517,2012-04-04 21:57:21,2012-04-02,train,1787_0
1787,261,69,Train Station,35.70320181647976,139.57990407943726,2012-04-04 22:23:43,2012-04-02,train,1787_0
1787,753,69,Train Station,35.69749937219126,139.5827043056488,2012-04-05 18:12:50,2012-04-02,train,1787_0
1787,848,113,Park,35.699756003183985,139.57340240478516,2012-04-05 18:18:24,2012-04-02,train,1787_0
1787,3807,46,Bar,35.703735736390925,139.5790733681767,2012-04-05 18:40:36,2012-04-02,train,1787_0
1787,753,69,Train Station,35.69749937219126,139.5827043056488,2012-04-08 15:28:25,2012-04-02,train,1787_0
1787,1817,198,Coffee Shop,35.705282174940585,139.57756068428012,2012-04-08 16:26:48,2012-04-02,train,1787_0
1787,2594,56,Electronics Store,35.70470468461301,139.58154559135437,2012-04-08 16:57:54,2012-04-02,train,1787_0
1787,3900,38,Candy Store,35.703712,139.579995,2012-04-08 19:01:38,2012-04-02,train,1787_0
1787,3807,46,Bar,35.703735736390925,139.5790733681767,2012-04-08 19:01:55,2012-04-02,train,1787_0
1789,279,69,Train Station,35.699583,139.765222,2012-04-05 17:31:34,2012-04-02,train,1789_0
1789,142,69,Train Station,35.698596195264464,139.77301824864617,2012-04-05 17:35:36,2012-04-02,train,1789_0
1789,1196,236,Subway,35.69829061614899,139.77467335760593,2012-04-05 17:37:14,2012-04-02,train,1789_0
1789,4541,56,Electronics Store,35.69737085556982,139.7724437713623,2012-04-05 17:56:09,2012-04-02,train,1789_0
1789,1486,197,Bridge,35.69710946519229,139.77097392082214,2012-04-05 18:07:52,2012-04-02,train,1789_0
1789,4853,29,Hardware Store,35.69933887977613,139.76989030838013,2012-04-05 18:18:56,2012-04-02,train,1789_0
1789,1900,29,Hardware Store,35.699357394438415,139.76980984210968,2012-04-05 18:22:01,2012-04-02,train,1789_0
1789,4710,56,Electronics Store,35.6993377906782,139.76949334144592,2012-04-05 18:25:22,2012-04-02,train,1789_0
1789,3797,56,Electronics Store,35.70008922311151,139.77015746068204,2012-04-05 18:27:23,2012-04-02,train,1789_0
1789,4176,56,Electronics Store,35.700923501486784,139.77035701274872,2012-04-05 18:30:46,2012-04-02,train,1789_0
1789,6307,56,Electronics Store,35.700514007759885,139.77104902267456,2012-04-05 18:33:14,2012-04-02,train,1789_0
1789,3603,56,Electronics Store,35.7022151354741,139.77072447538376,2012-04-05 18:47:56,2012-04-02,train,1789_0
1789,3072,229,Road,35.702912129945254,139.7716873884201,2012-04-05 18:56:30,2012-04-02,train,1789_0
1789,673,236,Subway,35.70788892898983,139.77432668209076,2012-04-05 19:12:04,2012-04-02,train,1789_0
1789,135,236,Subway,35.67231923028651,139.7945612668991,2012-04-05 19:27:23,2012-04-02,train,1789_0
1789,1675,39,Food & Drink Shop,35.673452267754264,139.79615986347198,2012-04-05 19:30:37,2012-04-02,train,1789_0
1789,6243,238,Bus Station,35.669451,139.81335224,2012-04-05 19:58:03,2012-04-02,train,1789_0
1789,6243,238,Bus Station,35.669451,139.81335224,2012-04-08 10:04:32,2012-04-02,train,1789_0
1789,5189,238,Bus Station,35.66968703500941,139.81705963611603,2012-04-08 10:51:14,2012-04-02,train,1789_0
1789,4974,238,Bus Station,35.67686937021186,139.82702248224098,2012-04-08 11:05:49,2012-04-02,train,1789_0
1791,3475,256,Convenience Store,35.670363,139.743305,2012-04-04 08:20:06,2012-04-02,train,1791_0
1791,6495,256,Convenience Store,35.68993876,139.8154986,2012-04-04 20:12:06,2012-04-02,train,1791_0
1791,3475,256,Convenience Store,35.6703936995845,139.74319115814984,2012-04-05 08:24:55,2012-04-02,train,1791_0
1791,191,56,Electronics Store,35.69642331137472,139.81417894363403,2012-04-08 15:54:09,2012-04-02,train,1791_0
1792,843,113,Park,35.71816131165792,139.70266246334816,2012-04-08 09:48:27,2012-04-02,train,1792_0
1792,180,69,Train Station,35.72056,139.70635088,2012-04-08 11:45:34,2012-04-02,train,1792_0
1795,322,236,Subway,35.68569676173495,139.7416439652443,2012-04-04 19:50:25,2012-04-02,train,1795_0
1795,87,69,Train Station,35.65852172695124,139.7013260344949,2012-04-04 20:08:39,2012-04-02,train,1795_0
1795,162,69,Train Station,35.63367738834909,139.71551656723022,2012-04-04 20:21:50,2012-04-02,train,1795_0
1795,87,69,Train Station,35.65852172695124,139.7013260344949,2012-04-05 20:53:36,2012-04-02,train,1795_0
1798,2489,236,Subway,35.67511257437365,139.75961208343506,2012-04-04 23:42:56,2012-04-02,train,1798_0
1798,479,236,Subway,35.665876065677715,139.893045411523,2012-04-05 00:09:04,2012-04-02,train,1798_0
1798,2900,236,Subway,35.671983673795545,139.76395726203918,2012-04-07 21:34:45,2012-04-02,train,1798_0
1800,587,81,Building,35.729352034161906,139.718177318573,2012-04-06 23:04:49,2012-04-02,train,1800_0
1800,189,69,Train Station,35.729864636451765,139.7109555727517,2012-04-06 23:12:12,2012-04-02,train,1800_0
1800,43,69,Train Station,35.69080269423021,139.70027922656513,2012-04-06 23:25:00,2012-04-02,train,1800_0
1801,209,69,Train Station,35.58843420093637,139.7279191017151,2012-04-04 08:32:25,2012-04-02,train,1801_0
1801,7387,35,Bar,35.620684,139.729121,2012-04-04 13:11:11,2012-04-02,train,1801_0
1801,4329,59,Office,35.626666239267095,139.74036991596222,2012-04-04 17:10:22,2012-04-02,train,1801_0
1801,209,69,Train Station,35.58843420093637,139.7279191017151,2012-04-05 08:27:56,2012-04-02,train,1801_0
1801,209,69,Train Station,35.58843420093637,139.7279191017151,2012-04-05 20:45:32,2012-04-02,train,1801_0
1802,1818,69,Train Station,35.688958355514494,139.70000973651244,2012-04-04 07:44:36,2012-04-02,train,1802_0
1802,4615,281,Train Station,35.690228518957944,139.70000973651244,2012-04-04 07:45:01,2012-04-02,train,1802_0
1802,43,69,Train Station,35.69080269423021,139.70027922656513,2012-04-04 07:45:13,2012-04-02,train,1802_0
1802,2090,69,Train Station,35.69034569127357,139.6997880935669,2012-04-04 07:45:29,2012-04-02,train,1802_0
1802,2630,69,Train Station,35.69074652349464,139.7006356716156,2012-04-04 07:46:31,2012-04-02,train,1802_0
1802,6834,281,Train Station,35.62820962139427,139.73841117491816,2012-04-04 08:12:03,2012-04-02,train,1802_0
1802,3633,69,Train Station,35.62850802377022,139.73833131832686,2012-04-04 08:12:31,2012-04-02,train,1802_0
1802,7093,69,Train Station,35.6282272323851,139.73871231079102,2012-04-04 08:13:01,2012-04-02,train,1802_0
1802,4957,69,Train Station,35.628820227368884,139.73861575126648,2012-04-04 08:13:38,2012-04-02,train,1802_0
1802,109,69,Train Station,35.63014572966312,139.74042892456055,2012-04-04 08:13:55,2012-04-02,train,1802_0
1802,5671,59,Office,35.625406085718495,139.7420436143875,2012-04-04 08:19:30,2012-04-02,train,1802_0
1802,2392,59,Office,35.62539300443562,139.74204897880554,2012-04-04 08:19:44,2012-04-02,train,1802_0
1802,1646,59,Office,35.62759062993347,139.7419685125351,2012-04-04 08:20:15,2012-04-02,train,1802_0
1802,109,69,Train Station,35.63014572966312,139.74042892456055,2012-04-04 20:09:11,2012-04-02,train,1802_0
1802,7093,69,Train Station,35.6282272323851,139.73871231079102,2012-04-04 20:09:50,2012-04-02,train,1802_0
1802,4957,69,Train Station,35.628820227368884,139.73861575126648,2012-04-04 20:10:16,2012-04-02,train,1802_0
1802,3633,69,Train Station,35.62850802377022,139.73833131832686,2012-04-04 20:10:32,2012-04-02,train,1802_0
1802,6834,281,Train Station,35.62820962139427,139.73841117491816,2012-04-04 20:10:52,2012-04-02,train,1802_0
1802,43,69,Train Station,35.69080269423021,139.70027922656513,2012-04-04 20:34:57,2012-04-02,train,1802_0
1802,2090,69,Train Station,35.69034569127357,139.6997880935669,2012-04-04 20:35:28,2012-04-02,train,1802_0
1802,2630,69,Train Station,35.69074652349464,139.7006356716156,2012-04-04 20:35:55,2012-04-02,train,1802_0
1802,1818,69,Train Station,35.688958355514494,139.70000973651244,2012-04-04 20:36:40,2012-04-02,train,1802_0
1802,4615,281,Train Station,35.690228518957944,139.70000973651244,2012-04-04 20:37:02,2012-04-02,train,1802_0
1802,4733,59,Office,35.62656595095779,139.7413945198059,2012-04-05 07:51:07,2012-04-02,train,1802_0
1802,5671,59,Office,35.625406085718495,139.7420436143875,2012-04-05 07:51:34,2012-04-02,train,1802_0
1802,2392,59,Office,35.62539300443562,139.74204897880554,2012-04-05 07:51:59,2012-04-02,train,1802_0
1802,2090,69,Train Station,35.69034569127357,139.6997880935669,2012-04-05 20:06:28,2012-04-02,train,1802_0
1802,4615,281,Train Station,35.690228518957944,139.70000973651244,2012-04-05 20:07:40,2012-04-02,train,1802_0
1802,43,69,Train Station,35.69080269423021,139.70027922656513,2012-04-05 20:08:12,2012-04-02,train,1802_0
1802,2630,69,Train Station,35.69074652349464,139.7006356716156,2012-04-05 20:08:51,2012-04-02,train,1802_0
1802,234,69,Train Station,35.6443150221341,139.69909071922302,2012-04-07 09:19:19,2012-04-02,train,1802_0
1805,44,69,Train Station,35.68137872227962,139.76608157157898,2012-04-04 19:21:41,2012-04-02,train,1805_0
1805,5085,229,Road,35.683592236885524,139.77097928524017,2012-04-05 19:20:12,2012-04-02,train,1805_0
1805,44,69,Train Station,35.68137872227962,139.76608157157898,2012-04-05 19:26:41,2012-04-02,train,1805_0
1806,948,63,Video Store,35.70452608437617,139.5615416765213,2012-04-04 14:05:25,2012-04-02,train,1806_0
1806,4714,242,Parking,35.703895535218194,139.5808153599501,2012-04-04 14:16:35,2012-04-02,train,1806_0
1806,2693,63,Video Store,35.70404908909947,139.57750886678696,2012-04-04 14:34:08,2012-04-02,train,1806_0
1806,261,69,Train Station,35.70320181647976,139.57990407943726,2012-04-04 14:40:59,2012-04-02,train,1806_0
1806,129,69,Train Station,35.70582855009322,139.66579914093018,2012-04-04 14:55:16,2012-04-02,train,1806_0
1806,142,69,Train Station,35.698596195264464,139.77301824864617,2012-04-04 15:15:37,2012-04-02,train,1806_0
1806,633,56,Electronics Store,35.69901541704127,139.7746217250824,2012-04-04 15:17:32,2012-04-02,train,1806_0
1806,142,69,Train Station,35.698596195264464,139.77301824864617,2012-04-04 15:33:28,2012-04-02,train,1806_0
1806,333,69,Train Station,35.65561813580688,139.75674211978912,2012-04-04 15:44:11,2012-04-02,train,1806_0
1806,2521,234,Light Rail,35.62294240635874,139.75062131881714,2012-04-04 15:51:47,2012-04-02,train,1806_0
1806,3872,256,Convenience Store,35.62188679416732,139.75092094421746,2012-04-04 15:55:46,2012-04-02,train,1806_0
1806,687,255,Residential Building (Apartment / Condo),35.627390055508144,139.75120067596436,2012-04-04 16:06:52,2012-04-02,train,1806_0
1806,109,69,Train Station,35.63014572966312,139.74042892456055,2012-04-04 17:22:37,2012-04-02,train,1806_0
1806,174,69,Train Station,35.619699172885795,139.72855277359486,2012-04-04 17:26:14,2012-04-02,train,1806_0
1806,140,69,Train Station,35.71332091731415,139.77627811575366,2012-04-05 17:16:30,2012-04-02,train,1806_0
1806,38,113,Park,35.71406103497294,139.77407455444336,2012-04-05 17:20:37,2012-04-02,train,1806_0
1806,267,56,Electronics Store,35.71114927176825,139.77445542812347,2012-04-05 17:40:40,2012-04-02,train,1806_0
1806,1306,237,Mall,35.7099644999719,139.77458149194717,2012-04-05 17:56:13,2012-04-02,train,1806_0
1806,38,113,Park,35.71406103497294,139.77407455444336,2012-04-05 18:24:26,2012-04-02,train,1806_0
1806,140,69,Train Station,35.71332091731415,139.77627811575366,2012-04-05 18:46:18,2012-04-02,train,1806_0
1806,662,69,Train Station,35.73651527788601,139.74682331085205,2012-04-05 19:21:14,2012-04-02,train,1806_0
1806,798,105,Garden,35.73313785608805,139.74651217460632,2012-04-05 19:31:12,2012-04-02,train,1806_0
1806,662,69,Train Station,35.73651527788601,139.74682331085205,2012-04-05 20:43:08,2012-04-02,train,1806_0
1806,189,69,Train Station,35.729864636451765,139.7109555727517,2012-04-05 20:51:40,2012-04-02,train,1806_0
1806,43,69,Train Station,35.69080269423021,139.70027922656513,2012-04-05 20:58:48,2012-04-02,train,1806_0
1806,948,63,Video Store,35.70452608437617,139.5615416765213,2012-04-08 10:00:47,2012-04-02,train,1806_0
1806,5545,256,Convenience Store,35.70509238,139.5614129,2012-04-08 10:02:06,2012-04-02,train,1806_0
1806,261,69,Train Station,35.70320181647976,139.57990407943726,2012-04-08 14:18:27,2012-04-02,train,1806_0
1806,279,69,Train Station,35.699583,139.765222,2012-04-08 14:42:11,2012-04-02,train,1806_0
1806,1101,258,Historic Site,35.700784099603105,139.76643562316897,2012-04-08 14:59:17,2012-04-02,train,1806_0
1806,472,269,Shrine,35.702056132756816,139.76794302463531,2012-04-08 15:13:08,2012-04-02,train,1806_0
1806,142,69,Train Station,35.698596195264464,139.77301824864617,2012-04-08 15:29:23,2012-04-02,train,1806_0
1806,1930,69,Train Station,35.666692051408944,139.7581327376774,2012-04-08 15:37:32,2012-04-02,train,1806_0
1806,833,105,Garden,35.66029496874254,139.7634744644165,2012-04-08 15:46:59,2012-04-02,train,1806_0
1806,1930,69,Train Station,35.666692051408944,139.7581327376774,2012-04-08 16:21:14,2012-04-02,train,1806_0
1806,763,69,Train Station,35.752433225195475,139.7381329536438,2012-04-08 16:46:32,2012-04-02,train,1806_0
1806,763,69,Train Station,35.752433225195475,139.7381329536438,2012-04-08 16:47:00,2012-04-02,train,1806_0
1806,2272,113,Park,35.75044800945261,139.7388732433319,2012-04-08 17:58:47,2012-04-02,train,1806_0
1806,763,69,Train Station,35.752433225195475,139.7381329536438,2012-04-08 18:41:41,2012-04-02,train,1806_0
1806,158,69,Train Station,35.77806243973507,139.72083806991577,2012-04-08 18:48:37,2012-04-02,train,1806_0
1806,6213,237,Mall,35.7778317788147,139.72088634967804,2012-04-08 18:53:56,2012-04-02,train,1806_0
1806,43,69,Train Station,35.69080269423021,139.70027922656513,2012-04-08 19:33:08,2012-04-02,train,1806_0
1806,261,69,Train Station,35.70320181647976,139.57990407943726,2012-04-08 19:47:12,2012-04-02,train,1806_0
1809,1146,62,Government Building,35.57629696568392,139.65564966201782,2012-04-04 07:42:21,2012-04-02,train,1809_0
1809,79,69,Train Station,35.59974085378926,139.6102237701416,2012-04-04 21:07:59,2012-04-02,train,1809_0
1809,207,69,Train Station,35.60743038445974,139.68562066555023,2012-04-04 21:24:10,2012-04-02,train,1809_0
1809,162,69,Train Station,35.63367738834909,139.71551656723022,2012-04-04 21:34:19,2012-04-02,train,1809_0
1809,85,236,Subway,35.69793937668257,139.70742970705032,2012-04-05 18:28:06,2012-04-02,train,1809_0
1809,1937,236,Subway,35.69059403321313,139.69256222248077,2012-04-05 18:42:41,2012-04-02,train,1809_0
1809,3659,236,Subway,35.71397610097812,139.68631267547607,2012-04-05 18:54:16,2012-04-02,train,1809_0
1809,89,69,Train Station,35.715088946912665,139.68725681304932,2012-04-05 19:00:39,2012-04-02,train,1809_0
1809,550,69,Train Station,35.71585285119138,139.6720785618206,2012-04-05 19:02:29,2012-04-02,train,1809_0
1809,565,236,Subway,35.72359048983877,139.68326568603516,2012-04-05 19:19:10,2012-04-02,train,1809_0
1809,6473,121,Café,35.73178194831549,139.71045792102814,2012-04-05 19:33:50,2012-04-02,train,1809_0
1809,1215,236,Subway,35.7435341962034,139.7287130355835,2012-04-06 22:19:41,2012-04-02,train,1809_0
1809,152,236,Subway,35.777447214721604,139.68593400363534,2012-04-06 22:33:25,2012-04-02,train,1809_0
1809,4563,238,Bus Station,35.73062905474061,139.7087198495865,2012-04-07 22:38:50,2012-04-02,train,1809_0
1809,3485,236,Subway,35.733634297541506,139.73874536568033,2012-04-08 09:47:12,2012-04-02,train,1809_0
1809,184,69,Train Station,35.73345382441255,139.7394838131754,2012-04-08 09:47:45,2012-04-02,train,1809_0
1809,2434,69,Train Station,35.67067629738875,139.70252394676208,2012-04-08 10:49:28,2012-04-02,train,1809_0
1809,7155,277,Neighborhood,35.670074061003966,139.70214387581677,2012-04-08 10:57:09,2012-04-02,train,1809_0
1809,2414,113,Park,35.668994108244235,139.70038890838623,2012-04-08 17:32:23,2012-04-02,train,1809_0
1809,3008,113,Park,35.67611347143822,139.71349526063457,2012-04-08 18:09:17,2012-04-02,train,1809_0
1809,297,138,Stadium,35.67804090501289,139.71492648124695,2012-04-08 18:14:16,2012-04-02,train,1809_0
1809,3803,190,Sushi Restaurant,35.679953848698204,139.72021579742432,2012-04-08 18:21:10,2012-04-02,train,1809_0
1809,521,69,Train Station,35.68008021466177,139.72023725509644,2012-04-08 21:38:35,2012-04-02,train,1809_0
1809,1162,69,Train Station,35.7021955324165,139.7551703453064,2012-04-08 21:50:45,2012-04-02,train,1809_0
1809,5657,73,Bus Station,35.769036063298834,139.70245801964404,2012-04-08 22:23:00,2012-04-02,train,1809_0
1812,5522,69,Train Station,35.6964363810264,139.81394827365875,2012-04-05 19:14:44,2012-04-02,train,1812_0
1812,4242,71,Train Station,35.62023881245132,139.72804248332977,2012-04-08 23:16:09,2012-04-02,train,1812_0
1820,352,236,Subway,35.69550407383317,139.75170493125916,2012-04-08 12:19:37,2012-04-02,train,1820_0
1820,6923,111,Other Great Outdoors,35.69304691294028,139.74799275398254,2012-04-08 12:54:09,2012-04-02,train,1820_0
1820,352,236,Subway,35.69550407383317,139.75170493125916,2012-04-08 13:24:40,2012-04-02,train,1820_0
1820,5535,197,Bridge,35.71006686146555,139.79896008968353,2012-04-08 14:04:47,2012-04-02,train,1820_0
1820,39,113,Park,35.71230135833511,139.80398654937744,2012-04-08 14:26:41,2012-04-02,train,1820_0
1820,5998,114,Plaza,35.70027876573162,139.7714138031006,2012-04-08 14:57:30,2012-04-02,train,1820_0
1820,633,56,Electronics Store,35.69901541704127,139.7746217250824,2012-04-08 15:31:16,2012-04-02,train,1820_0
1820,142,69,Train Station,35.698596195264464,139.77301824864617,2012-04-08 16:15:32,2012-04-02,train,1820_0
1821,4805,197,Bridge,35.7896903644686,139.72399234771729,2012-04-05 04:07:11,2012-04-02,train,1821_0
1821,3837,229,Road,35.71864149393257,139.6143289322131,2012-04-05 04:27:31,2012-04-02,train,1821_0
1821,437,229,Road,35.62122511405646,139.63087143496367,2012-04-05 17:47:29,2012-04-02,train,1821_0
1821,3837,229,Road,35.71864149393257,139.6143289322131,2012-04-05 18:30:19,2012-04-02,train,1821_0
1821,4805,197,Bridge,35.7896903644686,139.72399234771729,2012-04-05 18:54:07,2012-04-02,train,1821_0
1821,6112,197,Bridge,35.609929431854006,139.82565879821777,2012-04-08 23:10:23,2012-04-02,train,1821_0
1822,7486,156,College Academic Building,35.661157951782606,139.63326930999756,2012-04-04 10:00:14,2012-04-02,train,1822_0
1822,813,69,Train Station,35.68120442718294,139.68636095523834,2012-04-08 21:05:51,2012-04-02,train,1822_0
1823,100,236,Subway,35.70416025866323,139.7920119902445,2012-04-04 18:57:38,2012-04-02,train,1823_0
1823,748,69,Train Station,35.53275445184632,139.7007429599762,2012-04-05 18:18:42,2012-04-02,train,1823_0
1823,100,236,Subway,35.70416025866323,139.7920119902445,2012-04-05 18:57:38,2012-04-02,train,1823_0
1824,352,236,Subway,35.69550407383317,139.75170493125916,2012-04-08 13:48:31,2012-04-02,train,1824_0
1824,1351,138,Stadium,35.693203755259184,139.74982738494873,2012-04-08 14:01:12,2012-04-02,train,1824_0
1824,3109,148,Science Museum,35.69148282960861,139.75314259529114,2012-04-08 14:16:08,2012-04-02,train,1824_0
1824,5643,124,Event Space,35.691334,139.752665,2012-04-08 15:03:21,2012-04-02,train,1824_0
1824,1001,269,Shrine,35.69442362943279,139.74307894706726,2012-04-08 17:27:09,2012-04-02,train,1824_0
1824,352,236,Subway,35.69550407383317,139.75170493125916,2012-04-08 17:40:44,2012-04-02,train,1824_0
1826,1224,69,Train Station,35.71796354550892,139.8167297244072,2012-04-04 19:27:36,2012-04-02,train,1826_0
1826,2932,69,Train Station,35.74870655136291,139.80480194091797,2012-04-04 19:36:56,2012-04-02,train,1826_0
1826,2932,69,Train Station,35.74870655136291,139.80480194091797,2012-04-05 08:05:11,2012-04-02,train,1826_0
1827,7488,189,Ramen /  Noodle House,35.66779540000221,139.75871163124825,2012-04-04 12:54:29,2012-04-02,train,1827_0
1827,4838,114,Plaza,35.664845137892684,139.76078152656555,2012-04-04 22:21:29,2012-04-02,train,1827_0
1831,102,69,Train Station,35.72614905018888,139.51322972774506,2012-04-04 08:26:56,2012-04-02,train,1831_0
1831,654,69,Train Station,35.69589616697144,139.69995975494385,2012-04-04 22:03:32,2012-04-02,train,1831_0
1831,102,69,Train Station,35.72614905018888,139.51322972774506,2012-04-05 08:30:21,2012-04-02,train,1831_0
1831,102,69,Train Station,35.72614905018888,139.51322972774506,2012-04-06 22:14:45,2012-04-02,train,1831_0
1831,1152,113,Park,35.71676798641553,139.51858408749104,2012-04-08 15:28:13,2012-04-02,train,1831_0
1832,220,69,Train Station,35.651889113311164,139.5443956553936,2012-04-04 09:22:45,2012-04-02,train,1832_0
1832,3449,229,Road,35.65313795204015,139.5441073179245,2012-04-04 09:26:18,2012-04-02,train,1832_0
1832,6814,167,General College & University,35.655406734745,139.54423874616623,2012-04-04 09:26:40,2012-04-02,train,1832_0
1832,2783,153,College Academic Building,35.65777570227388,139.54440772533417,2012-04-04 11:31:11,2012-04-02,train,1832_0
1832,2784,156,College Academic Building,35.658124394413214,139.54434871673584,2012-04-04 11:31:30,2012-04-02,train,1832_0
1832,2782,159,College Academic Building,35.65748803011274,139.54445600509644,2012-04-04 13:56:42,2012-04-02,train,1832_0
1832,4383,165,College Academic Building,35.659126875833,139.54356014728546,2012-04-04 18:51:18,2012-04-02,train,1832_0
1832,3449,229,Road,35.65313795204015,139.5441073179245,2012-04-04 18:51:42,2012-04-02,train,1832_0
1832,4345,26,Japanese Restaurant,35.65339076867334,139.54303175210953,2012-04-04 19:01:08,2012-04-02,train,1832_0
1832,220,69,Train Station,35.651889113311164,139.5443956553936,2012-04-04 19:53:57,2012-04-02,train,1832_0
1832,220,69,Train Station,35.651889113311164,139.5443956553936,2012-04-08 10:38:07,2012-04-02,train,1832_0
1832,220,69,Train Station,35.651889113311164,139.5443956553936,2012-04-08 21:41:02,2012-04-02,train,1832_0
1834,1831,69,Train Station,35.65819631197759,139.70203042030334,2012-04-04 09:19:18,2012-04-02,train,1834_0
1834,1831,69,Train Station,35.65819631197759,139.70203042030334,2012-04-04 18:14:40,2012-04-02,train,1834_0
1834,358,236,Subway,35.670545558570325,139.7178554534912,2012-04-05 17:58:11,2012-04-02,train,1834_0
1834,1831,69,Train Station,35.65819631197759,139.70203042030334,2012-04-05 18:23:13,2012-04-02,train,1834_0
1835,4871,99,Thai Restaurant,35.706412,139.718585,2012-04-04 16:09:00,2012-04-02,train,1835_0
1835,2549,240,Convention Center,35.62986667837494,139.79426622390747,2012-04-08 20:22:14,2012-04-02,train,1835_0
1837,1827,211,Airport,35.54896343042385,139.7846114074895,2012-04-04 04:59:06,2012-04-02,train,1837_0
1837,6559,238,Bus Station,35.57502803394284,139.75878649867224,2012-04-04 05:01:54,2012-04-02,train,1837_0
1837,6112,197,Bridge,35.609929431854006,139.82565879821777,2012-04-04 05:09:41,2012-04-02,train,1837_0
1837,323,69,Train Station,35.64592362299403,139.8269248008728,2012-04-04 05:34:39,2012-04-02,train,1837_0
1837,5058,197,Bridge,35.758588820546905,139.7892987728119,2012-04-04 08:02:48,2012-04-02,train,1837_0
1837,767,69,Train Station,35.81416567573125,139.80131775140762,2012-04-05 07:44:34,2012-04-02,train,1837_0
1837,750,69,Train Station,35.82842622855593,139.80346620082855,2012-04-05 07:45:48,2012-04-02,train,1837_0
1837,5226,197,Bridge,35.6958918103916,139.78543639183044,2012-04-06 22:01:43,2012-04-02,train,1837_0
1837,243,236,Subway,35.669687,139.767254,2012-04-06 22:17:23,2012-04-02,train,1837_0
1837,2399,236,Subway,35.64693933531064,139.74735975265503,2012-04-06 23:08:36,2012-04-02,train,1837_0
1837,1615,69,Train Station,35.645731813210055,139.7475689649582,2012-04-06 23:43:05,2012-04-02,train,1837_0
1837,5058,197,Bridge,35.758588820546905,139.7892987728119,2012-04-08 10:34:53,2012-04-02,train,1837_0
1837,4626,208,Playground,35.75915472832448,139.74188804626465,2012-04-08 13:20:22,2012-04-02,train,1837_0
1837,4695,229,Road,35.755776634508905,139.74158763885498,2012-04-08 13:21:56,2012-04-02,train,1837_0
1837,4151,229,Road,35.6955607096278,139.77531909942627,2012-04-08 14:02:42,2012-04-02,train,1837_0
1837,5112,229,Road,35.69493771367451,139.78452444076538,2012-04-08 14:04:48,2012-04-02,train,1837_0
1837,4106,197,Bridge,35.69433649618201,139.78870332241058,2012-04-08 14:06:13,2012-04-02,train,1837_0
1837,4185,256,Convenience Store,35.703900980396355,139.80154037475586,2012-04-08 15:21:04,2012-04-02,train,1837_0
1837,3333,197,Bridge,35.776687168499215,139.74489212036133,2012-04-08 19:39:07,2012-04-02,train,1837_0
1837,5400,197,Bridge,35.75519328935469,139.74263906478882,2012-04-08 20:15:40,2012-04-02,train,1837_0
1837,555,197,Bridge,35.67626736044854,139.78765189647677,2012-04-08 20:57:53,2012-04-02,train,1837_0
1837,3944,236,Subway,35.67567471760676,139.76346373558044,2012-04-08 21:05:44,2012-04-02,train,1837_0
1837,4243,229,Road,35.67718899847684,139.76702570915222,2012-04-08 21:17:05,2012-04-02,train,1837_0
1837,3637,114,Plaza,35.66968748090032,139.7551230967951,2012-04-08 23:35:57,2012-04-02,train,1837_0
1838,3061,258,Historic Site,35.68363580939136,139.7615486383438,2012-04-04 09:05:33,2012-04-02,train,1838_0
1838,3403,105,Garden,35.68333951588237,139.7605562210083,2012-04-04 09:09:43,2012-04-02,train,1838_0
1838,5620,258,Historic Site,35.68379267021536,139.7593116760254,2012-04-04 09:11:33,2012-04-02,train,1838_0
1838,3300,258,Historic Site,35.68403231810095,139.75856602191925,2012-04-04 09:16:13,2012-04-02,train,1838_0
1838,3246,258,Historic Site,35.67858559752017,139.75366294384003,2012-04-04 09:36:22,2012-04-02,train,1838_0
1838,3296,258,Historic Site,35.683750187105964,139.74560424685478,2012-04-04 09:48:20,2012-04-02,train,1838_0
1838,1500,146,Art Museum,35.69046768390191,139.75458025932312,2012-04-04 16:56:21,2012-04-02,train,1838_0
1838,3109,148,Science Museum,35.69148282960861,139.75314259529114,2012-04-04 16:58:53,2012-04-02,train,1838_0
1838,2887,113,Park,35.691391336319306,139.74995613098145,2012-04-04 17:01:05,2012-04-02,train,1838_0
1838,1351,138,Stadium,35.693203755259184,139.74982738494873,2012-04-04 17:02:19,2012-04-02,train,1838_0
1838,595,59,Office,35.69115171054041,139.75697815418243,2012-04-04 18:24:17,2012-04-02,train,1838_0
1838,5127,11,Gym / Fitness Center,35.69072909604863,139.7583031654358,2012-04-04 18:31:15,2012-04-02,train,1838_0
1838,2500,107,Cemetery,35.68727402967725,139.76270735263824,2012-04-04 18:51:36,2012-04-02,train,1838_0
1838,7168,141,Stadium,35.52849992857171,139.69732222667875,2012-04-04 20:47:12,2012-04-02,train,1838_0
1838,872,134,Movie Theater,35.52818366994183,139.69802856445312,2012-04-04 21:14:47,2012-04-02,train,1838_0
1838,5924,39,Food & Drink Shop,35.52910483223045,139.6979159116745,2012-04-04 21:25:21,2012-04-02,train,1838_0
1838,3929,198,Coffee Shop,35.531060629893965,139.6977362036705,2012-04-04 21:26:38,2012-04-02,train,1838_0
1838,5620,258,Historic Site,35.68379267021536,139.7593116760254,2012-04-05 09:09:11,2012-04-02,train,1838_0
1838,595,59,Office,35.69115171054041,139.75697815418243,2012-04-05 17:39:45,2012-04-02,train,1838_0
1838,2500,107,Cemetery,35.68727402967725,139.76270735263824,2012-04-05 18:39:16,2012-04-02,train,1838_0
1838,2249,87,Theater,35.676550607311185,139.7607171535492,2012-04-05 18:51:10,2012-04-02,train,1838_0
1838,1823,87,Theater,35.67311432634339,139.75839219796686,2012-04-05 18:54:14,2012-04-02,train,1838_0
1838,3929,198,Coffee Shop,35.531060629893965,139.6977362036705,2012-04-05 20:00:20,2012-04-02,train,1838_0
1838,3025,189,Ramen /  Noodle House,35.665306568965285,139.75786462426186,2012-04-06 21:56:51,2012-04-02,train,1838_0
1840,6256,269,Shrine,35.69515365524686,139.7485155703733,2012-04-04 15:09:12,2012-04-02,train,1840_0
1840,2316,112,Other Great Outdoors,35.60724345712024,139.66904346828213,2012-04-08 14:51:24,2012-04-02,train,1840_0
1842,2312,69,Train Station,35.65874546666904,139.6991221965708,2012-04-04 08:51:00,2012-04-02,train,1842_0
1842,2312,69,Train Station,35.65879956242432,139.6992169333455,2012-04-05 08:49:08,2012-04-02,train,1842_0
1845,3576,32,Bookstore,35.700371337908884,139.77054342627525,2012-04-05 17:11:58,2012-04-02,train,1845_0
1845,633,56,Electronics Store,35.69901541704127,139.7746217250824,2012-04-05 17:40:18,2012-04-02,train,1845_0
1845,142,69,Train Station,35.698596195264464,139.77301824864617,2012-04-05 18:53:01,2012-04-02,train,1845_0
1845,43,69,Train Station,35.69080269423021,139.70027922656513,2012-04-05 19:16:41,2012-04-02,train,1845_0
1848,76,172,University,35.73736872779667,139.6758198738098,2012-04-04 13:08:00,2012-04-02,train,1848_0
1848,359,240,Convention Center,35.67664647525239,139.7636514902115,2012-04-08 13:38:54,2012-04-02,train,1848_0
1848,3403,105,Garden,35.68333951588237,139.7605562210083,2012-04-08 14:18:04,2012-04-02,train,1848_0
1849,707,69,Train Station,35.756260394177524,139.69458661973476,2012-04-04 06:58:29,2012-04-02,train,1849_0
1849,707,69,Train Station,35.756260394177524,139.69458661973476,2012-04-05 06:28:47,2012-04-02,train,1849_0
1849,763,69,Train Station,35.752433225195475,139.7381329536438,2012-04-08 16:06:53,2012-04-02,train,1849_0
1850,1229,35,Bar,35.62485078608803,139.72076601036812,2012-04-04 19:29:28,2012-04-02,train,1850_0
1850,1081,32,Bookstore,35.624520914084144,139.7216159105301,2012-04-04 21:02:29,2012-04-02,train,1850_0
1850,2114,189,Ramen /  Noodle House,35.69884987331584,139.77473974227905,2012-04-08 21:39:35,2012-04-02,train,1850_0
1858,202,69,Train Station,35.669627,139.688855,2012-04-08 12:27:26,2012-04-02,train,1858_0
1858,4602,113,Park,35.688504887001265,139.7072446346283,2012-04-08 14:16:10,2012-04-02,train,1858_0
1858,633,56,Electronics Store,35.69901541704127,139.7746217250824,2012-04-08 15:42:54,2012-04-02,train,1858_0
1860,1963,69,Train Station,35.69867779460533,139.77422207593918,2012-04-04 21:23:41,2012-04-02,train,1860_0
1860,2771,69,Train Station,35.67505156634274,139.7633135318756,2012-04-05 19:12:59,2012-04-02,train,1860_0
1860,142,69,Train Station,35.698596195264464,139.77301824864617,2012-04-05 19:19:24,2012-04-02,train,1860_0
1860,2271,69,Train Station,35.77203021900083,139.82043385505676,2012-04-08 12:37:07,2012-04-02,train,1860_0
1860,442,69,Train Station,35.762201854859505,139.82492923736572,2012-04-08 15:25:29,2012-04-02,train,1860_0
1860,442,69,Train Station,35.762201854859505,139.82492923736572,2012-04-08 15:27:34,2012-04-02,train,1860_0
1861,4535,133,Movie Theater,35.58849527511025,139.7304081916809,2012-04-04 12:51:24,2012-04-02,train,1861_0
1861,4535,133,Movie Theater,35.58849527511025,139.7304081916809,2012-04-04 15:13:16,2012-04-02,train,1861_0
1862,3826,69,Train Station,35.57209627728355,139.70288336277008,2012-04-04 07:05:39,2012-04-02,train,1862_0
1862,210,69,Train Station,35.562387290697124,139.71595281921518,2012-04-04 07:11:46,2012-04-02,train,1862_0
1862,4336,46,Bar,35.5620464,139.71443583,2012-04-04 18:11:21,2012-04-02,train,1862_0
1862,4500,58,Smoke Shop,35.56257676,139.71507518,2012-04-04 21:54:34,2012-04-02,train,1862_0
1862,3709,236,Subway,35.654912010485326,139.79620680212977,2012-04-05 18:59:50,2012-04-02,train,1862_0
1862,2771,69,Train Station,35.67505156634274,139.7633135318756,2012-04-05 19:13:38,2012-04-02,train,1862_0
1862,210,69,Train Station,35.562387290697124,139.71595281921518,2012-04-06 23:32:00,2012-04-02,train,1862_0
1862,4336,46,Bar,35.5620464,139.71443583,2012-04-06 23:36:43,2012-04-02,train,1862_0
1862,2265,88,Temple,35.5789886283173,139.70526114106178,2012-04-08 08:37:16,2012-04-02,train,1862_0
1862,3041,197,Bridge,35.563512051219696,139.67888832092285,2012-04-08 09:10:58,2012-04-02,train,1862_0
1862,6011,112,Other Great Outdoors,35.56501395041171,139.680970439564,2012-04-08 09:13:08,2012-04-02,train,1862_0
1862,3826,69,Train Station,35.57209627728355,139.70288336277008,2012-04-08 12:16:16,2012-04-02,train,1862_0
1862,4336,46,Bar,35.5620464,139.71443583,2012-04-08 12:55:11,2012-04-02,train,1862_0
1862,210,69,Train Station,35.562387290697124,139.71595281921518,2012-04-08 13:03:28,2012-04-02,train,1862_0
1863,5490,211,Airport,35.55126861049837,139.78757752237323,2012-04-04 14:51:47,2012-04-02,train,1863_0
1863,276,69,Train Station,35.589812720947975,139.66880321502686,2012-04-05 00:42:56,2012-04-02,train,1863_0
1863,2265,88,Temple,35.5789886283173,139.70526114106178,2012-04-08 08:23:56,2012-04-02,train,1863_0
1863,3430,242,Parking,35.70067083539314,139.77285146713257,2012-04-08 10:39:27,2012-04-02,train,1863_0
1863,629,56,Electronics Store,35.69932145420769,139.7700834274292,2012-04-08 11:20:34,2012-04-02,train,1863_0
1864,4058,69,Train Station,35.76394301762237,139.7708022594452,2012-04-04 08:43:57,2012-04-02,train,1864_0
1864,6044,189,Ramen /  Noodle House,35.696489,139.761545,2012-04-04 14:20:39,2012-04-02,train,1864_0
1864,4580,256,Convenience Store,35.73261585337984,139.7679966688156,2012-04-04 22:27:28,2012-04-02,train,1864_0
1864,184,69,Train Station,35.73345382441255,139.7394838131754,2012-04-07 23:00:43,2012-04-02,train,1864_0
1864,44,69,Train Station,35.68137872227962,139.76608157157898,2012-04-08 08:16:24,2012-04-02,train,1864_0
1864,368,69,Train Station,35.65867358144536,139.81738686561584,2012-04-08 08:40:30,2012-04-02,train,1864_0
1867,911,112,Other Great Outdoors,35.67027536433367,139.67062711715698,2012-04-04 07:49:28,2012-04-02,train,1867_0
1867,271,236,Subway,35.66511535050908,139.71245884895325,2012-04-04 08:09:53,2012-04-02,train,1867_0
1867,1930,69,Train Station,35.666692051408944,139.7581327376774,2012-04-04 08:28:11,2012-04-02,train,1867_0
1867,5407,147,History Museum,35.66753196945322,139.76180881261826,2012-04-04 08:32:12,2012-04-02,train,1867_0
1867,2480,231,Hotel,35.667116282366,139.76351331984867,2012-04-04 19:08:58,2012-04-02,train,1867_0
1867,881,114,Plaza,35.66708090185773,139.75739657878876,2012-04-04 19:15:04,2012-04-02,train,1867_0
1867,271,236,Subway,35.66511535050908,139.71245884895325,2012-04-04 19:39:03,2012-04-02,train,1867_0
1867,94,69,Train Station,35.66898975019524,139.67971444129944,2012-04-04 19:48:23,2012-04-02,train,1867_0
1867,3500,256,Convenience Store,35.67009233,139.672152,2012-04-04 20:13:12,2012-04-02,train,1867_0
1867,911,112,Other Great Outdoors,35.67027536433367,139.67062711715698,2012-04-05 07:44:14,2012-04-02,train,1867_0
1867,271,236,Subway,35.66511535050908,139.71245884895325,2012-04-05 08:07:38,2012-04-02,train,1867_0
1867,1930,69,Train Station,35.666692051408944,139.7581327376774,2012-04-05 08:23:12,2012-04-02,train,1867_0
1867,1309,48,Food & Drink Shop,35.66742519522852,139.7612589597702,2012-04-05 08:28:39,2012-04-02,train,1867_0
1867,2480,231,Hotel,35.667116282366,139.76351331984867,2012-04-05 18:39:25,2012-04-02,train,1867_0
1867,881,114,Plaza,35.66708090185773,139.75739657878876,2012-04-05 18:52:36,2012-04-02,train,1867_0
1867,2184,269,Shrine,35.66957808465869,139.74799275398254,2012-04-05 19:04:08,2012-04-02,train,1867_0
1867,2493,236,Subway,35.67361350639426,139.74135160446167,2012-04-05 19:59:40,2012-04-02,train,1867_0
1867,271,236,Subway,35.66511535050908,139.71245884895325,2012-04-05 20:11:31,2012-04-02,train,1867_0
1867,7034,113,Park,35.66966742395725,139.66955959796906,2012-04-05 20:51:31,2012-04-02,train,1867_0
1867,4973,238,Bus Station,35.696107712148006,139.7752696120718,2012-04-06 22:41:07,2012-04-02,train,1867_0
1867,117,69,Train Station,35.67374424018757,139.66725826263428,2012-04-06 23:06:44,2012-04-02,train,1867_0
1867,117,69,Train Station,35.67374424018757,139.66725826263428,2012-04-08 11:28:17,2012-04-02,train,1867_0
1867,284,69,Train Station,35.65797184178961,139.5750331878662,2012-04-08 19:01:53,2012-04-02,train,1867_0
1867,117,69,Train Station,35.67374424018757,139.66725826263428,2012-04-08 19:35:45,2012-04-02,train,1867_0
1868,907,69,Train Station,35.71942693768768,139.6638035774231,2012-04-05 18:51:44,2012-04-02,train,1868_0
1868,2933,236,Subway,35.67170476862561,139.74148035049438,2012-04-08 21:33:41,2012-04-02,train,1868_0
1870,6909,26,Japanese Restaurant,35.77797438742186,139.77692216913937,2012-04-04 20:26:34,2012-04-02,train,1870_0
1870,281,69,Train Station,35.74964694346383,139.80514526367188,2012-04-05 08:05:43,2012-04-02,train,1870_0
1870,189,69,Train Station,35.729864636451765,139.7109555727517,2012-04-06 22:05:42,2012-04-02,train,1870_0
1870,1613,69,Train Station,35.7634337314575,139.67648774385452,2012-04-06 22:25:42,2012-04-02,train,1870_0
1870,142,69,Train Station,35.698596195264464,139.77301824864617,2012-04-08 20:17:39,2012-04-02,train,1870_0
1870,4816,189,Ramen /  Noodle House,35.69908047825554,139.7726785350557,2012-04-08 20:19:30,2012-04-02,train,1870_0
1870,5450,281,Train Station,35.69836195296789,139.772926568985,2012-04-08 20:38:24,2012-04-02,train,1870_0
1870,763,69,Train Station,35.752433225195475,139.7381329536438,2012-04-08 20:58:36,2012-04-02,train,1870_0
1870,3820,238,Bus Station,35.75385244995318,139.73835825920105,2012-04-08 21:02:48,2012-04-02,train,1870_0
1872,45,81,Building,35.68261620651813,139.76433277130127,2012-04-04 14:22:28,2012-04-02,train,1872_0
1872,6985,225,Department Store,35.67352199261152,139.7627341747284,2012-04-04 16:56:37,2012-04-02,train,1872_0
1873,572,236,Subway,35.697769474245945,139.64807510375977,2012-04-04 09:35:42,2012-04-02,train,1873_0
1873,43,69,Train Station,35.69080269423021,139.70027922656513,2012-04-04 09:56:17,2012-04-02,train,1873_0
1873,1964,236,Subway,35.69235854578225,139.70094680786133,2012-04-04 16:03:40,2012-04-02,train,1873_0
1873,358,236,Subway,35.670545558570325,139.7178554534912,2012-04-04 16:24:49,2012-04-02,train,1873_0
1873,2386,143,Stadium,35.674581476111804,139.71712924540043,2012-04-04 16:52:12,2012-04-02,train,1873_0
1873,358,236,Subway,35.670545558570325,139.7178554534912,2012-04-04 22:21:54,2012-04-02,train,1873_0
1873,951,236,Subway,35.69800309000299,139.657841026783,2012-04-04 22:51:53,2012-04-02,train,1873_0
1873,2576,236,Subway,35.69807224884871,139.77548003196716,2012-04-05 18:08:03,2012-04-02,train,1873_0
1873,2386,143,Stadium,35.674581476111804,139.71712924540043,2012-04-05 18:49:14,2012-04-02,train,1873_0
1873,75,236,Subway,35.67278116288847,139.7240298986435,2012-04-05 20:50:58,2012-04-02,train,1873_0
1873,134,69,Train Station,35.70230879446056,139.7450315952301,2012-04-07 22:16:08,2012-04-02,train,1873_0
1873,134,69,Train Station,35.70230879446056,139.7450315952301,2012-04-07 23:30:56,2012-04-02,train,1873_0
1873,951,236,Subway,35.69800309000299,139.657841026783,2012-04-08 00:07:27,2012-04-02,train,1873_0
1873,572,236,Subway,35.697769474245945,139.64807510375977,2012-04-08 12:03:50,2012-04-02,train,1873_0
1873,407,234,Light Rail,35.63022857282679,139.79136675596237,2012-04-08 13:09:10,2012-04-02,train,1873_0
1873,2549,240,Convention Center,35.62986667837494,139.79426622390747,2012-04-08 13:14:18,2012-04-02,train,1873_0
1873,407,234,Light Rail,35.63022857282679,139.79136675596237,2012-04-08 21:29:20,2012-04-02,train,1873_0
1873,1740,234,Light Rail,35.66549724218351,139.75963957607746,2012-04-08 22:03:34,2012-04-02,train,1873_0
1873,3818,236,Subway,35.66719421376396,139.75854456424713,2012-04-08 22:45:31,2012-04-02,train,1873_0
1874,5065,200,Arcade,35.55413806027457,139.64648991823196,2012-04-04 19:27:21,2012-04-02,train,1874_0
1874,3055,172,University,35.56135630493911,139.5750868320465,2012-04-05 19:32:51,2012-04-02,train,1874_0
1877,140,69,Train Station,35.71362076736724,139.77651776270966,2012-04-04 09:41:28,2012-04-02,train,1877_0
1877,281,69,Train Station,35.74964694346383,139.80514526367188,2012-04-04 09:55:09,2012-04-02,train,1877_0
1877,3291,172,University,35.74800995745808,139.80660438537598,2012-04-04 09:59:43,2012-04-02,train,1877_0
1877,142,69,Train Station,35.698596195264464,139.77301824864617,2012-04-04 18:12:35,2012-04-02,train,1877_0
1877,633,56,Electronics Store,35.69901541704127,139.7746217250824,2012-04-04 18:14:09,2012-04-02,train,1877_0
1877,6441,121,Café,35.70093221409643,139.77065205574036,2012-04-04 18:53:41,2012-04-02,train,1877_0
1877,142,69,Train Station,35.698596195264464,139.77301824864617,2012-04-04 22:17:43,2012-04-02,train,1877_0
1877,44,69,Train Station,35.68137872227962,139.76608157157898,2012-04-04 22:23:23,2012-04-02,train,1877_0
1877,2508,69,Train Station,35.68150944335228,139.76531982421875,2012-04-04 22:24:18,2012-04-02,train,1877_0
1879,6618,193,Bar,35.704930199889155,139.65198705214425,2012-04-04 20:45:06,2012-04-02,train,1879_0
1879,6618,193,Bar,35.704930199889155,139.65198705214425,2012-04-05 21:01:35,2012-04-02,train,1879_0
1880,275,69,Train Station,35.71048066190842,139.8133099079132,2012-04-04 07:35:27,2012-04-02,train,1880_0
1880,844,234,Light Rail,35.61750024027962,139.77935314178467,2012-04-04 08:20:02,2012-04-02,train,1880_0
1880,4415,124,Event Space,35.617565653128494,139.77722346782684,2012-04-04 08:26:15,2012-04-02,train,1880_0
1880,844,234,Light Rail,35.61750024027962,139.77935314178467,2012-04-04 18:43:28,2012-04-02,train,1880_0
1880,1930,69,Train Station,35.666692051408944,139.7581327376774,2012-04-04 19:05:45,2012-04-02,train,1880_0
1880,275,69,Train Station,35.71048066190842,139.8133099079132,2012-04-04 19:34:04,2012-04-02,train,1880_0
1880,4978,26,Japanese Restaurant,35.7090083937151,139.8090934753418,2012-04-04 20:09:03,2012-04-02,train,1880_0
1880,1930,69,Train Station,35.666692051408944,139.7581327376774,2012-04-05 07:56:09,2012-04-02,train,1880_0
1880,844,234,Light Rail,35.61750024027962,139.77935314178467,2012-04-05 08:25:23,2012-04-02,train,1880_0
1880,275,69,Train Station,35.71048066190842,139.8133099079132,2012-04-05 18:42:54,2012-04-02,train,1880_0
1880,4978,26,Japanese Restaurant,35.7090083937151,139.8090934753418,2012-04-05 19:30:12,2012-04-02,train,1880_0
1880,275,69,Train Station,35.71048066190842,139.8133099079132,2012-04-06 23:06:21,2012-04-02,train,1880_0
1880,275,69,Train Station,35.71048066190842,139.8133099079132,2012-04-08 16:22:47,2012-04-02,train,1880_0
1880,146,69,Train Station,35.6964320244761,139.81394290924072,2012-04-08 16:32:05,2012-04-02,train,1880_0
1880,146,69,Train Station,35.6964320244761,139.81394290924072,2012-04-08 23:42:03,2012-04-02,train,1880_0
1880,275,69,Train Station,35.71048066190842,139.8133099079132,2012-04-08 23:50:24,2012-04-02,train,1880_0
1881,910,128,Gym / Fitness Center,35.64835572174329,139.69301448791956,2012-04-04 21:08:50,2012-04-02,train,1881_0
1881,221,56,Electronics Store,35.67226693586124,139.76577579975128,2012-04-08 17:06:07,2012-04-02,train,1881_0
1881,1443,241,Miscellaneous Shop,35.67430421417918,139.76538687944412,2012-04-08 17:21:12,2012-04-02,train,1881_0
1883,5838,229,Road,35.674774850759874,139.76877987384796,2012-04-04 18:08:34,2012-04-02,train,1883_0
1883,810,229,Road,35.67122975601474,139.76501405239105,2012-04-04 18:15:09,2012-04-02,train,1883_0
1883,1740,234,Light Rail,35.66549724218351,139.75963957607746,2012-04-04 22:59:40,2012-04-02,train,1883_0
1883,3341,197,Bridge,35.63745303850166,139.756178855896,2012-04-04 23:16:23,2012-04-02,train,1883_0
1883,874,197,Bridge,35.63519464564313,139.767524600029,2012-04-04 23:19:44,2012-04-02,train,1883_0
1883,3269,236,Subway,35.674349970635205,139.76704448461533,2012-04-05 08:08:45,2012-04-02,train,1883_0
1883,3944,236,Subway,35.67567471760676,139.76346373558044,2012-04-05 18:58:27,2012-04-02,train,1883_0
1883,3416,234,Light Rail,35.65375255660129,139.79543566703796,2012-04-05 19:14:11,2012-04-02,train,1883_0
1883,4060,212,Airport,35.63584862697324,139.8372459411621,2012-04-07 00:08:05,2012-04-02,train,1883_0
1883,6112,197,Bridge,35.609929431854006,139.82565879821777,2012-04-07 00:11:18,2012-04-02,train,1883_0
1883,5186,197,Bridge,35.701115178678904,139.85919713974,2012-04-08 14:51:58,2012-04-02,train,1883_0
1883,1416,197,Bridge,35.66225192192778,139.77490603923798,2012-04-08 16:36:23,2012-04-02,train,1883_0
1883,2191,197,Bridge,35.65178667715628,139.78518962860107,2012-04-08 16:39:10,2012-04-02,train,1883_0
1886,4286,69,Train Station,35.575729760171434,139.65965151786804,2012-04-04 09:20:10,2012-04-02,train,1886_0
1886,44,69,Train Station,35.68137872227962,139.76608157157898,2012-04-04 09:42:30,2012-04-02,train,1886_0
1886,151,236,Subway,35.68691239365025,139.76361393928528,2012-04-04 09:43:01,2012-04-02,train,1886_0
1886,496,236,Subway,35.67983619744879,139.7800612449646,2012-04-04 20:40:19,2012-04-02,train,1886_0
1886,4286,69,Train Station,35.575729760171434,139.65965151786804,2012-04-04 21:32:43,2012-04-02,train,1886_0
1886,289,69,Train Station,35.55319972801149,139.64681446552277,2012-04-04 21:37:49,2012-04-02,train,1886_0
1886,4286,69,Train Station,35.575729760171434,139.65965151786804,2012-04-05 09:11:13,2012-04-02,train,1886_0
1886,496,236,Subway,35.67983619744879,139.7800612449646,2012-04-05 18:31:08,2012-04-02,train,1886_0
1886,234,69,Train Station,35.6443150221341,139.69909071922302,2012-04-05 19:00:54,2012-04-02,train,1886_0
1886,289,69,Train Station,35.55319972801149,139.64681446552277,2012-04-05 19:29:10,2012-04-02,train,1886_0
1886,1023,237,Mall,35.55192095984968,139.5792818069458,2012-04-06 23:15:38,2012-04-02,train,1886_0
1886,4390,200,Arcade,35.55260180823584,139.57961440086365,2012-04-06 23:15:54,2012-04-02,train,1886_0
1886,684,237,Mall,35.5505068716494,139.57541942596436,2012-04-08 21:48:36,2012-04-02,train,1886_0
1886,1023,237,Mall,35.55192095984968,139.5792818069458,2012-04-08 22:19:11,2012-04-02,train,1886_0
1886,4390,200,Arcade,35.55260180823584,139.57961440086365,2012-04-08 22:19:38,2012-04-02,train,1886_0
1887,80,69,Train Station,35.6114994740578,139.62661743164062,2012-04-08 17:50:02,2012-04-02,train,1887_0
1887,3609,273,Mobile Phone Shop,35.6119407844945,139.62822193179653,2012-04-08 18:21:05,2012-04-02,train,1887_0
1887,3402,198,Coffee Shop,35.61215452674947,139.62749981343947,2012-04-08 19:07:29,2012-04-02,train,1887_0
1889,2458,189,Ramen /  Noodle House,35.729603,139.715354,2012-04-04 20:11:51,2012-04-02,train,1889_0
1889,886,200,Arcade,35.72985644203271,139.71503511525628,2012-04-04 20:12:11,2012-04-02,train,1889_0
1889,6595,200,Arcade,35.69490721724416,139.70098704099655,2012-04-05 18:56:01,2012-04-02,train,1889_0
1891,7261,105,Garden,35.72832866103417,139.55312490463257,2012-04-05 08:28:38,2012-04-02,train,1891_0
1891,3498,236,Subway,35.700585887130075,139.76403504610062,2012-04-08 17:30:46,2012-04-02,train,1891_0
1891,633,56,Electronics Store,35.69901541704127,139.7746217250824,2012-04-08 21:08:58,2012-04-02,train,1891_0
1891,141,69,Train Station,35.70735750443432,139.77461636066437,2012-04-08 21:52:03,2012-04-02,train,1891_0
1896,3818,236,Subway,35.66719421376396,139.75854456424713,2012-04-04 08:22:52,2012-04-02,train,1896_0
1896,177,236,Subway,35.671976,139.741176,2012-04-04 08:28:36,2012-04-02,train,1896_0
1899,2758,69,Train Station,35.738832504684886,139.66276445965232,2012-04-04 07:58:54,2012-04-02,train,1899_0
1899,189,69,Train Station,35.729864636451765,139.7109555727517,2012-04-04 18:50:14,2012-04-02,train,1899_0
1899,331,69,Train Station,35.64687830575068,139.7099483013153,2012-04-04 19:12:03,2012-04-02,train,1899_0
1899,106,236,Subway,35.66318884920453,139.73212469669195,2012-04-04 19:24:09,2012-04-02,train,1899_0
1899,46,237,Mall,35.660512894632895,139.72921192646027,2012-04-04 20:36:10,2012-04-02,train,1899_0
1899,87,69,Train Station,35.65852172695124,139.7013260344949,2012-04-04 23:07:57,2012-04-02,train,1899_0
1899,918,236,Subway,35.74075631120272,139.66827750205994,2012-04-04 23:55:44,2012-04-02,train,1899_0
1899,2758,69,Train Station,35.73881449674192,139.6624305945591,2012-04-05 07:51:58,2012-04-02,train,1899_0
1899,918,236,Subway,35.74075631120272,139.66827750205994,2012-04-08 13:20:03,2012-04-02,train,1899_0
1899,87,69,Train Station,35.65852172695124,139.7013260344949,2012-04-08 13:53:22,2012-04-02,train,1899_0
1899,189,69,Train Station,35.729864636451765,139.7109555727517,2012-04-08 19:30:55,2012-04-02,train,1899_0
1899,62,56,Electronics Store,35.73169485589919,139.71287727355957,2012-04-08 19:52:59,2012-04-02,train,1899_0
1899,2758,69,Train Station,35.738832504684886,139.66276445965232,2012-04-08 22:26:50,2012-04-02,train,1899_0
1900,3515,238,Bus Station,35.65938839065544,139.71803784370422,2012-04-04 19:15:58,2012-04-02,train,1900_0
1900,2418,181,Sandwich Place,35.66052205,139.697035,2012-04-04 20:49:43,2012-04-02,train,1900_0
1900,5378,121,Café,35.65869428485085,139.71866682171822,2012-04-05 02:46:52,2012-04-02,train,1900_0
1900,5078,238,Bus Station,35.65836847800488,139.7024166584015,2012-04-07 00:00:32,2012-04-02,train,1900_0
1905,6830,238,Bus Station,35.52512137,139.71629069,2012-04-04 08:30:32,2012-04-02,train,1905_0
1905,2809,26,Japanese Restaurant,35.643645852075366,139.74924266338348,2012-04-04 12:22:50,2012-04-02,train,1905_0
1905,1930,69,Train Station,35.666692051408944,139.7581327376774,2012-04-04 18:46:48,2012-04-02,train,1905_0
1905,881,114,Plaza,35.66708090185773,139.75739657878876,2012-04-04 18:47:04,2012-04-02,train,1905_0
1905,3869,113,Park,35.66514585832768,139.75687623023987,2012-04-04 21:22:37,2012-04-02,train,1905_0
1905,208,69,Train Station,35.53132692901326,139.69690203666687,2012-04-04 21:50:13,2012-04-02,train,1905_0
1905,208,69,Train Station,35.53132692901326,139.69690203666687,2012-04-04 21:55:11,2012-04-02,train,1905_0
1905,6592,42,Other Nightlife,35.529496414785406,139.6993764903616,2012-04-04 21:56:33,2012-04-02,train,1905_0
1905,6631,237,Mall,35.52996923082668,139.69965934753418,2012-04-04 21:57:05,2012-04-02,train,1905_0
1905,966,81,Building,35.64357392140975,139.74557876586914,2012-04-05 09:10:43,2012-04-02,train,1905_0
1905,1615,69,Train Station,35.645731813210055,139.7475689649582,2012-04-05 18:22:54,2012-04-02,train,1905_0
1905,2754,46,Bar,35.690686,139.77088518,2012-04-05 19:32:27,2012-04-02,train,1905_0
1906,7358,35,Bar,35.644309,139.701065,2012-04-04 13:14:15,2012-04-02,train,1906_0
1906,7358,35,Bar,35.644309,139.701065,2012-04-08 13:12:37,2012-04-02,train,1906_0
1907,1252,69,Train Station,35.628121197991504,139.73798198030258,2012-04-04 21:40:38,2012-04-02,train,1907_0
1907,6513,69,Train Station,35.69151662246889,139.69839422431178,2012-04-08 14:37:54,2012-04-02,train,1907_0
1908,1456,39,Food & Drink Shop,35.770128,139.660808,2012-04-04 11:39:34,2012-04-02,train,1908_0
1908,6723,32,Bookstore,35.769715,139.660835,2012-04-04 11:40:49,2012-04-02,train,1908_0
1908,6048,241,Miscellaneous Shop,35.7698069771204,139.660744,2012-04-04 12:03:33,2012-04-02,train,1908_0
1908,5399,256,Convenience Store,35.76942307866547,139.66723144054413,2012-04-04 12:17:56,2012-04-02,train,1908_0
1908,762,236,Subway,35.78888969364668,139.66116428375244,2012-04-04 16:04:01,2012-04-02,train,1908_0
1908,152,236,Subway,35.777447214721604,139.68593400363534,2012-04-04 16:13:26,2012-04-02,train,1908_0
1908,5823,237,Mall,35.77971621541425,139.69405889511108,2012-04-04 16:58:24,2012-04-02,train,1908_0
1908,6841,69,Train Station,35.77768109102817,139.72125982101429,2012-04-08 09:00:35,2012-04-02,train,1908_0
1908,4822,69,Train Station,35.71300697591053,139.77583408355713,2012-04-08 09:29:55,2012-04-02,train,1908_0
1908,38,113,Park,35.71406103497294,139.77407455444336,2012-04-08 09:51:34,2012-04-02,train,1908_0
1909,3831,69,Train Station,35.607295180716946,139.66867446899414,2012-04-04 08:47:14,2012-04-02,train,1909_0
1909,209,69,Train Station,35.58843420093637,139.7279191017151,2012-04-04 19:10:16,2012-04-02,train,1909_0
1909,3831,69,Train Station,35.607295180716946,139.66867446899414,2012-04-05 08:38:07,2012-04-02,train,1909_0
1909,3286,69,Train Station,35.65462985096278,139.70554968279188,2012-04-05 08:49:16,2012-04-02,train,1909_0
1909,481,236,Subway,35.70300578811289,139.77166056632996,2012-04-05 19:09:03,2012-04-02,train,1909_0
1909,633,56,Electronics Store,35.69901541704127,139.7746217250824,2012-04-05 19:29:31,2012-04-02,train,1909_0
1909,1831,69,Train Station,35.65819631197759,139.70203042030334,2012-04-08 19:35:43,2012-04-02,train,1909_0
1909,4746,69,Train Station,35.58970453415978,139.66824531555176,2012-04-08 19:55:04,2012-04-02,train,1909_0
1910,388,122,Fast Food Restaurant,35.69980392322686,139.77180004119873,2012-04-06 23:52:54,2012-04-02,train,1910_0
1910,6990,189,Ramen /  Noodle House,35.69799497527984,139.77125074514393,2012-04-08 01:48:09,2012-04-02,train,1910_0
1910,1420,241,Miscellaneous Shop,35.7007492490941,139.7719180583954,2012-04-08 03:51:34,2012-04-02,train,1910_0
1912,2746,69,Train Station,35.64440221000271,139.86158967018127,2012-04-04 08:18:45,2012-04-02,train,1912_0
1912,134,69,Train Station,35.70230879446056,139.7450315952301,2012-04-06 22:42:08,2012-04-02,train,1912_0
1920,7408,191,Bar,35.6600773837171,139.75222347988054,2012-04-04 22:26:15,2012-04-02,train,1920_0
1920,3553,58,Smoke Shop,35.675696506024465,139.73728269338608,2012-04-05 18:58:05,2012-04-02,train,1920_0
1920,5117,58,Smoke Shop,35.65878690528347,139.74302530288696,2012-04-05 20:55:29,2012-04-02,train,1920_0
1920,7408,191,Bar,35.6600773837171,139.75222347988054,2012-04-08 01:53:00,2012-04-02,train,1920_0
1920,1001,269,Shrine,35.69442362943279,139.74307894706726,2012-04-08 18:44:07,2012-04-02,train,1920_0
1920,330,269,Shrine,35.66475797233748,139.74845945835114,2012-04-08 23:46:12,2012-04-02,train,1920_0
1923,302,69,Train Station,35.70270629939949,139.56082955002785,2012-04-04 08:12:55,2012-04-02,train,1923_0
1923,302,69,Train Station,35.70270629939949,139.56082955002785,2012-04-04 18:07:48,2012-04-02,train,1923_0
1923,302,69,Train Station,35.70270629939949,139.56082955002785,2012-04-05 17:50:09,2012-04-02,train,1923_0
1923,140,69,Train Station,35.71362076736724,139.77651776270966,2012-04-07 21:31:08,2012-04-02,train,1923_0
1923,44,69,Train Station,35.68137872227962,139.76608157157898,2012-04-07 21:39:45,2012-04-02,train,1923_0
1923,302,69,Train Station,35.70270629939949,139.56082955002785,2012-04-07 22:10:10,2012-04-02,train,1923_0
1924,87,69,Train Station,35.65852172695124,139.7013260344949,2012-04-04 08:46:40,2012-04-02,train,1924_0
1924,7470,39,Food & Drink Shop,35.72411309607774,139.68210697174072,2012-04-04 19:47:21,2012-04-02,train,1924_0
1924,7448,237,Mall,35.723786755618185,139.68288954614638,2012-04-04 19:48:00,2012-04-02,train,1924_0
1924,7448,237,Mall,35.723786755618185,139.68288954614638,2012-04-08 20:31:04,2012-04-02,train,1924_0
1924,7470,39,Food & Drink Shop,35.72411309607774,139.68210697174072,2012-04-08 20:32:14,2012-04-02,train,1924_0
1926,2422,69,Train Station,35.730227334361864,139.71116065979004,2012-04-08 06:10:25,2012-04-02,train,1926_0
1926,2434,69,Train Station,35.67067629738875,139.70252394676208,2012-04-08 06:25:33,2012-04-02,train,1926_0
1927,4769,69,Train Station,35.57491384981321,139.66323494911194,2012-04-04 12:24:06,2012-04-02,train,1927_0
1927,1615,69,Train Station,35.645731813210055,139.7475689649582,2012-04-04 12:48:11,2012-04-02,train,1927_0
1927,1615,69,Train Station,35.645731813210055,139.7475689649582,2012-04-04 15:05:14,2012-04-02,train,1927_0
1928,158,69,Train Station,35.77806243973507,139.72083806991577,2012-04-04 22:26:37,2012-04-02,train,1928_0
1928,2122,20,Record Shop,35.68994485703822,139.70154762268066,2012-04-04 22:42:34,2012-04-02,train,1928_0
1928,305,59,Office,35.65815054626231,139.6985220909119,2012-04-08 13:01:03,2012-04-02,train,1928_0
1928,6795,51,Bar,35.657067,139.695879,2012-04-08 13:13:37,2012-04-02,train,1928_0
1933,3658,241,Miscellaneous Shop,35.85864830063402,139.75330889225006,2012-04-04 17:21:28,2012-04-02,train,1933_0
1933,2368,237,Mall,35.807553234105065,139.7139796614647,2012-04-08 15:07:10,2012-04-02,train,1933_0
1933,704,39,Food & Drink Shop,35.8069419904843,139.71427738666534,2012-04-08 16:04:14,2012-04-02,train,1933_0
1935,109,69,Train Station,35.63014572966312,139.74042892456055,2012-04-04 08:15:07,2012-04-02,train,1935_0
1935,109,69,Train Station,35.63014572966312,139.74042892456055,2012-04-05 08:05:19,2012-04-02,train,1935_0
1935,43,69,Train Station,35.69080269423021,139.70027922656513,2012-04-05 08:30:31,2012-04-02,train,1935_0
1935,461,81,Building,35.68810445187723,139.6934551693115,2012-04-05 08:51:17,2012-04-02,train,1935_0
1935,109,69,Train Station,35.63014572966312,139.74042892456055,2012-04-05 19:13:32,2012-04-02,train,1935_0
1935,189,69,Train Station,35.729864636451765,139.7109555727517,2012-04-07 21:51:12,2012-04-02,train,1935_0
1937,422,69,Train Station,35.73792607790286,139.76102828979492,2012-04-08 11:35:12,2012-04-02,train,1937_0
1937,140,69,Train Station,35.71341172584363,139.77605844022628,2012-04-08 11:44:51,2012-04-02,train,1937_0
1937,2099,189,Ramen /  Noodle House,35.69851878483389,139.7756838798523,2012-04-08 17:39:18,2012-04-02,train,1937_0
1937,633,56,Electronics Store,35.69901541704127,139.7746217250824,2012-04-08 18:25:09,2012-04-02,train,1937_0
1937,142,69,Train Station,35.698596195264464,139.77301824864617,2012-04-08 22:40:12,2012-04-02,train,1937_0
1937,189,69,Train Station,35.729864636451765,139.7109555727517,2012-04-08 23:24:55,2012-04-02,train,1937_0
1938,189,69,Train Station,35.729864636451765,139.7109555727517,2012-04-07 23:56:23,2012-04-02,train,1938_0
1938,3781,189,Ramen /  Noodle House,35.732615552288706,139.7140525892836,2012-04-08 02:22:30,2012-04-02,train,1938_0
1938,490,237,Mall,35.74079328278028,139.70814780204503,2012-04-08 03:23:46,2012-04-02,train,1938_0
1938,189,69,Train Station,35.729864636451765,139.7109555727517,2012-04-08 11:52:53,2012-04-02,train,1938_0
1938,2434,69,Train Station,35.67067629738875,139.70252394676208,2012-04-08 12:03:58,2012-04-02,train,1938_0
1938,3407,210,Music Venue,35.66582254716848,139.69967897206772,2012-04-08 12:20:09,2012-04-02,train,1938_0
1938,60,287,Concert Hall,35.66941398124752,139.70619795522765,2012-04-08 12:45:58,2012-04-02,train,1938_0
1938,5934,25,Salon / Barbershop,35.670396,139.707919,2012-04-08 14:12:38,2012-04-02,train,1938_0
1938,87,69,Train Station,35.65852172695124,139.7013260344949,2012-04-08 23:38:31,2012-04-02,train,1938_0
1938,189,69,Train Station,35.729864636451765,139.7109555727517,2012-04-08 23:56:10,2012-04-02,train,1938_0
1939,866,69,Train Station,35.740912,139.716762,2012-04-04 07:24:05,2012-04-02,train,1939_0
1939,6818,22,Indian Restaurant,35.67941788049046,139.77095246315002,2012-04-04 20:20:17,2012-04-02,train,1939_0
1939,6545,281,Train Station,35.730802153140964,139.7105598449707,2012-04-04 21:15:24,2012-04-02,train,1939_0
1939,866,69,Train Station,35.740912,139.716762,2012-04-04 21:19:56,2012-04-02,train,1939_0
1939,6545,281,Train Station,35.730802153140964,139.7105598449707,2012-04-05 21:03:03,2012-04-02,train,1939_0
1939,6545,281,Train Station,35.730802153140964,139.7105598449707,2012-04-08 11:34:25,2012-04-02,train,1939_0
1941,2159,56,Electronics Store,35.70033975447226,139.77115899324417,2012-04-08 15:42:07,2012-04-02,train,1941_0
1941,2095,221,Toy / Game Store,35.69889343748743,139.77101683616638,2012-04-08 16:11:03,2012-04-02,train,1941_0
1941,5286,180,Restaurant,35.6978348213798,139.7714540362358,2012-04-08 16:26:22,2012-04-02,train,1941_0
1943,3278,236,Subway,35.65495995746399,139.74364757537842,2012-04-08 13:30:04,2012-04-02,train,1943_0
1943,831,76,Government Building,35.65856461606471,139.74547684192655,2012-04-08 15:44:40,2012-04-02,train,1943_0
1944,852,26,Japanese Restaurant,35.700590243453455,139.57817137241364,2012-04-04 19:31:18,2012-04-02,train,1944_0
1944,5811,26,Japanese Restaurant,35.638547,139.683091,2012-04-05 03:15:11,2012-04-02,train,1944_0
1945,1816,236,Subway,35.69553021343568,139.75202679634094,2012-04-05 17:53:52,2012-04-02,train,1945_0
1945,2343,238,Bus Station,35.691713740776834,139.6986347436905,2012-04-05 18:19:44,2012-04-02,train,1945_0
1947,4167,229,Road,35.68240269828365,139.68821167945862,2012-04-04 22:50:52,2012-04-02,train,1947_0
1947,1963,69,Train Station,35.69867779460533,139.77422207593918,2012-04-04 23:21:16,2012-04-02,train,1947_0
1947,508,236,Subway,35.6955607096278,139.77587163448334,2012-04-07 09:15:58,2012-04-02,train,1947_0
1948,7093,69,Train Station,35.6282272323851,139.73871231079102,2012-04-04 12:45:52,2012-04-02,train,1948_0
1948,5987,189,Ramen /  Noodle House,35.65806773204419,139.7001126408577,2012-04-04 14:08:34,2012-04-02,train,1948_0
1948,1538,241,Miscellaneous Shop,35.6611143670042,139.69965934753418,2012-04-04 14:28:48,2012-04-02,train,1948_0
1948,2614,228,Furniture / Home Store,35.66069541486698,139.6999249708867,2012-04-04 14:37:23,2012-04-02,train,1948_0
1949,1168,189,Ramen /  Noodle House,35.69103843264887,139.76921439170837,2012-04-04 12:14:20,2012-04-02,train,1949_0
1949,4419,190,Sushi Restaurant,35.838372,139.66208906,2012-04-08 21:04:55,2012-04-02,train,1949_0
1950,4215,59,Office,35.68877719800285,139.73506450653076,2012-04-04 10:56:00,2012-04-02,train,1950_0
1950,974,198,Coffee Shop,35.67658546839403,139.6771314740181,2012-04-04 17:26:07,2012-04-02,train,1950_0
1950,3130,121,Café,35.66802879457984,139.6327006816864,2012-04-04 23:10:15,2012-04-02,train,1950_0
1950,3130,121,Café,35.66802879457984,139.6327006816864,2012-04-08 08:21:36,2012-04-02,train,1950_0
1952,164,69,Train Station,35.60753807817138,139.6688391408238,2012-04-05 19:12:01,2012-04-02,train,1952_0
1952,207,69,Train Station,35.60743038445974,139.68562066555023,2012-04-05 19:16:16,2012-04-02,train,1952_0
1953,4830,69,Train Station,35.68822423465891,139.7013061670985,2012-04-04 13:21:31,2012-04-02,train,1953_0
1953,514,69,Train Station,35.60978987105579,139.74969863891602,2012-04-04 13:43:54,2012-04-02,train,1953_0
1953,514,69,Train Station,35.60978987105579,139.74969863891602,2012-04-04 15:50:47,2012-04-02,train,1953_0
1953,4142,59,Office,35.700361536154034,139.75042819976807,2012-04-04 16:34:43,2012-04-02,train,1953_0
1955,3661,236,Subway,35.7055933237456,139.79219555854797,2012-04-04 10:29:41,2012-04-02,train,1955_0
1955,7169,69,Train Station,35.71252019623984,139.77614830738932,2012-04-04 12:00:03,2012-04-02,train,1955_0
1955,142,69,Train Station,35.698596195264464,139.77301824864617,2012-04-04 12:05:35,2012-04-02,train,1955_0
1955,633,56,Electronics Store,35.69901541704127,139.7746217250824,2012-04-04 12:08:21,2012-04-02,train,1955_0
1955,7496,61,Office,35.7014811065843,139.77594137191772,2012-04-06 23:53:12,2012-04-02,train,1955_0
1955,633,56,Electronics Store,35.69901541704127,139.7746217250824,2012-04-08 17:03:43,2012-04-02,train,1955_0
1955,4368,39,Food & Drink Shop,35.70000657571289,139.7802823437972,2012-04-08 19:52:51,2012-04-02,train,1955_0
1957,4136,69,Train Station,35.690999221033536,139.7355741262436,2012-04-04 09:17:10,2012-04-02,train,1957_0
1957,4136,69,Train Station,35.690999221033536,139.7355741262436,2012-04-04 19:06:30,2012-04-02,train,1957_0
1957,655,69,Train Station,35.71678758588956,139.8582637310028,2012-04-04 19:38:38,2012-04-02,train,1957_0
1957,655,69,Train Station,35.71678758588956,139.8582637310028,2012-04-05 08:50:36,2012-04-02,train,1957_0
1957,4136,69,Train Station,35.690999221033536,139.7355741262436,2012-04-05 09:19:24,2012-04-02,train,1957_0
1957,4136,69,Train Station,35.690999221033536,139.7355741262436,2012-04-05 19:02:41,2012-04-02,train,1957_0
1957,655,69,Train Station,35.71678758588956,139.8582637310028,2012-04-05 19:29:54,2012-04-02,train,1957_0
1957,5030,184,Pizza Place,35.71735622626277,139.8569788314082,2012-04-08 12:03:35,2012-04-02,train,1957_0
1958,5336,229,Road,35.768378,139.874504,2012-04-04 14:05:01,2012-04-02,train,1958_0
1958,4351,229,Road,35.7573873414594,139.85453009605408,2012-04-04 14:58:17,2012-04-02,train,1958_0
1958,5473,26,Japanese Restaurant,35.768012,139.870738,2012-04-05 18:30:31,2012-04-02,train,1958_0
1958,443,69,Train Station,35.76954930278737,139.87045168876648,2012-04-05 18:56:14,2012-04-02,train,1958_0
1958,5473,26,Japanese Restaurant,35.768012,139.870738,2012-04-07 23:12:33,2012-04-02,train,1958_0
1958,5376,241,Miscellaneous Shop,35.76877672097084,139.87045839428902,2012-04-08 04:44:44,2012-04-02,train,1958_0
1958,443,69,Train Station,35.76954930278737,139.87045168876648,2012-04-08 17:14:47,2012-04-02,train,1958_0
1958,142,69,Train Station,35.698596195264464,139.77301824864617,2012-04-08 18:06:35,2012-04-02,train,1958_0
1958,269,69,Train Station,35.732117253229084,139.76670384407043,2012-04-08 21:34:07,2012-04-02,train,1958_0
1958,5473,26,Japanese Restaurant,35.768012,139.870738,2012-04-08 22:30:20,2012-04-02,train,1958_0
1959,7501,256,Convenience Store,35.713416,139.672432,2012-04-06 22:55:44,2012-04-02,train,1959_0
1959,7501,256,Convenience Store,35.713416,139.672432,2012-04-08 20:27:30,2012-04-02,train,1959_0
1961,5368,69,Train Station,35.7774139761985,139.72126185894012,2012-04-08 17:30:41,2012-04-02,train,1961_0
1961,142,69,Train Station,35.698596195264464,139.77301824864617,2012-04-08 17:50:44,2012-04-02,train,1961_0
1961,4470,22,Indian Restaurant,35.70205177651351,139.77222383022308,2012-04-08 17:58:44,2012-04-02,train,1961_0
1961,1186,124,Event Space,35.69997164315019,139.77081030607224,2012-04-08 20:07:27,2012-04-02,train,1961_0
1961,1186,124,Event Space,35.69997164315019,139.77081030607224,2012-04-08 21:20:18,2012-04-02,train,1961_0
1961,4315,61,Office,35.69988237126696,139.77241394202727,2012-04-08 21:30:58,2012-04-02,train,1961_0
1961,5847,69,Train Station,35.71447324603507,139.7773066074327,2012-04-08 22:09:19,2012-04-02,train,1961_0
1962,6384,39,Food & Drink Shop,35.74946191348866,139.8371922969818,2012-04-04 17:18:12,2012-04-02,train,1962_0
1962,5021,39,Food & Drink Shop,35.7425850238288,139.84248161315918,2012-04-04 18:08:32,2012-04-02,train,1962_0
1962,5166,39,Food & Drink Shop,35.7318478537574,139.8422723983886,2012-04-04 18:18:17,2012-04-02,train,1962_0
1963,6714,197,Bridge,35.7577049422461,139.59071338031237,2012-04-04 07:50:08,2012-04-02,train,1963_0
1963,7330,59,Office,35.6563722010162,139.6993374824524,2012-04-04 09:02:51,2012-04-02,train,1963_0
1963,7330,59,Office,35.6563722010162,139.6993374824524,2012-04-05 09:23:13,2012-04-02,train,1963_0
1963,1827,211,Airport,35.548693690913694,139.78448657424929,2012-04-06 22:39:01,2012-04-02,train,1963_0
1963,1977,113,Park,35.775468055772336,139.597114129844,2012-04-08 06:30:21,2012-04-02,train,1963_0
1963,5151,237,Mall,35.75214589440299,139.59533214569092,2012-04-08 09:21:32,2012-04-02,train,1963_0
1973,142,69,Train Station,35.698596195264464,139.77301824864617,2012-04-04 17:12:07,2012-04-02,train,1973_0
1973,6441,121,Café,35.70093221409643,139.77065205574036,2012-04-04 19:41:45,2012-04-02,train,1973_0
1973,142,69,Train Station,35.698596195264464,139.77301824864617,2012-04-04 21:40:39,2012-04-02,train,1973_0
1974,659,69,Train Station,35.737055216647526,139.4882583618164,2012-04-08 19:33:13,2012-04-02,train,1974_0
1974,149,69,Train Station,35.712902440367635,139.7038972377777,2012-04-08 20:01:07,2012-04-02,train,1974_0
1974,5798,197,Bridge,35.665673205920875,139.8462688922882,2012-04-08 20:35:11,2012-04-02,train,1974_0
1975,87,69,Train Station,35.65852172695124,139.7013260344949,2012-04-04 10:06:58,2012-04-02,train,1975_0
1975,930,172,University,35.67112080776967,139.64828968048096,2012-04-04 12:32:36,2012-04-02,train,1975_0
1975,299,69,Train Station,35.668361407560894,139.6504027448891,2012-04-04 12:36:03,2012-04-02,train,1975_0
1975,4013,153,College Academic Building,35.69747051042566,139.7615211457014,2012-04-04 13:44:30,2012-04-02,train,1975_0
1975,6044,189,Ramen /  Noodle House,35.696489,139.761545,2012-04-04 15:20:23,2012-04-02,train,1975_0
1975,5229,170,Student Center,35.698283536919206,139.76062059402466,2012-04-04 15:38:17,2012-04-02,train,1975_0
1975,279,69,Train Station,35.699583,139.765222,2012-04-04 15:57:41,2012-04-02,train,1975_0
1975,43,69,Train Station,35.69080269423021,139.70027922656513,2012-04-04 16:15:56,2012-04-02,train,1975_0
1975,930,172,University,35.67112080776967,139.64828968048096,2012-04-04 16:30:53,2012-04-02,train,1975_0
1975,5229,170,Student Center,35.698283536919206,139.76062059402466,2012-04-05 19:14:48,2012-04-02,train,1975_0
1975,895,236,Subway,35.69807878353967,139.76599842309952,2012-04-05 19:25:30,2012-04-02,train,1975_0
1975,895,236,Subway,35.69807878353967,139.76599842309952,2012-04-07 23:40:55,2012-04-02,train,1975_0
1975,99,69,Train Station,35.67497849562972,139.76321881841366,2012-04-07 23:58:23,2012-04-02,train,1975_0
1975,189,69,Train Station,35.729864636451765,139.7109555727517,2012-04-08 12:41:55,2012-04-02,train,1975_0
1975,887,69,Train Station,35.76023429507489,139.7222113609314,2012-04-08 12:46:53,2012-04-02,train,1975_0
1975,1714,236,Subway,35.74880450939185,139.7195988893509,2012-04-08 17:27:32,2012-04-02,train,1975_0
1976,131,69,Train Station,35.66158508135192,139.66747283935547,2012-04-04 22:01:30,2012-04-02,train,1976_0
1976,1415,35,Bar,35.662112452464,139.6687737107277,2012-04-05 00:47:22,2012-04-02,train,1976_0
1978,6545,281,Train Station,35.730802153140964,139.7105598449707,2012-04-04 19:14:22,2012-04-02,train,1978_0
1978,2758,69,Train Station,35.738832504684886,139.66276445965232,2012-04-04 19:55:51,2012-04-02,train,1978_0
1978,1425,151,Medical Center,35.68152687281247,139.71802711486816,2012-04-08 11:08:25,2012-04-02,train,1978_0
1978,331,69,Train Station,35.64687830575068,139.7099483013153,2012-04-08 11:24:08,2012-04-02,train,1978_0
1978,4571,241,Miscellaneous Shop,35.659750151414684,139.700887799263,2012-04-08 13:41:46,2012-04-02,train,1978_0
1980,109,69,Train Station,35.63014572966312,139.74042892456055,2012-04-04 23:54:58,2012-04-02,train,1980_0
1980,112,69,Train Station,35.62645040122807,139.72343981266022,2012-04-08 12:18:27,2012-04-02,train,1980_0
1980,206,69,Train Station,35.610444060193295,139.69440758228302,2012-04-08 12:27:52,2012-04-02,train,1980_0
1984,3017,236,Subway,35.749564224233985,139.8045927286148,2012-04-04 10:37:54,2012-04-02,train,1984_0
1984,2369,236,Subway,35.711412793983136,139.7771805524826,2012-04-04 10:58:24,2012-04-02,train,1984_0
1984,140,69,Train Station,35.71362076736724,139.77651776270966,2012-04-04 10:59:19,2012-04-02,train,1984_0
1984,38,113,Park,35.71406103497294,139.77407455444336,2012-04-04 11:06:42,2012-04-02,train,1984_0
1984,1459,146,Art Museum,35.71682629740011,139.7733475113645,2012-04-04 13:02:54,2012-04-02,train,1984_0
1984,1306,237,Mall,35.7099644999719,139.77458149194717,2012-04-04 13:30:38,2012-04-02,train,1984_0
1984,3072,229,Road,35.702912129945254,139.7716873884201,2012-04-04 13:43:40,2012-04-02,train,1984_0
1984,2003,233,Hobby Shop,35.700487869791004,139.77178394794464,2012-04-04 13:48:17,2012-04-02,train,1984_0
1984,142,69,Train Station,35.698596195264464,139.77301824864617,2012-04-04 13:50:00,2012-04-02,train,1984_0
1984,633,56,Electronics Store,35.69901541704127,139.7746217250824,2012-04-04 14:46:58,2012-04-02,train,1984_0
1984,5259,229,Road,35.70967919383842,139.79138553142548,2012-04-04 15:59:43,2012-04-02,train,1984_0
1984,33,88,Temple,35.71472743702163,139.79673385620117,2012-04-04 16:13:01,2012-04-02,train,1984_0
1984,934,88,Temple,35.71109046917164,139.7963583469391,2012-04-04 16:43:51,2012-04-02,train,1984_0
1984,39,113,Park,35.71230135833511,139.80398654937744,2012-04-04 16:45:24,2012-04-02,train,1984_0
1984,5535,197,Bridge,35.71006686146555,139.79896008968353,2012-04-04 16:58:07,2012-04-02,train,1984_0
1984,2695,76,Government Building,35.7098142243495,139.800306558609,2012-04-04 17:05:18,2012-04-02,train,1984_0
1984,819,76,Government Building,35.710036,139.810697,2012-04-04 17:20:17,2012-04-02,train,1984_0
1984,300,69,Train Station,35.74588638274114,139.85629266137698,2012-04-04 18:11:54,2012-04-02,train,1984_0
1984,7020,69,Train Station,35.7459963314205,139.85633321106434,2012-04-04 18:12:25,2012-04-02,train,1984_0
1984,1385,69,Train Station,35.75086595372428,139.86690044403076,2012-04-04 18:15:31,2012-04-02,train,1984_0
1984,5303,69,Train Station,35.75096173231076,139.86753344535828,2012-04-04 18:16:40,2012-04-02,train,1984_0
1985,1880,189,Ramen /  Noodle House,35.65991299624231,139.70226853586607,2012-04-04 13:14:52,2012-04-02,train,1985_0
1985,1183,56,Electronics Store,35.659920134819934,139.70194458961487,2012-04-04 13:24:30,2012-04-02,train,1985_0
1985,3948,69,Train Station,35.65859948500268,139.7020947933197,2012-04-04 19:44:28,2012-04-02,train,1985_0
1985,751,69,Train Station,35.74830601061255,139.56767320632937,2012-04-08 09:21:30,2012-04-02,train,1985_0
1985,1202,128,Gym / Fitness Center,35.67964446911511,139.71238374710083,2012-04-08 11:19:31,2012-04-02,train,1985_0
1985,3006,113,Park,35.67713452844016,139.71837043762207,2012-04-08 11:22:16,2012-04-02,train,1985_0
1985,297,138,Stadium,35.67804090501289,139.71492648124695,2012-04-08 11:31:47,2012-04-02,train,1985_0
1985,3421,115,Scenic Lookout,35.673264881898525,139.7203016281128,2012-04-08 11:53:37,2012-04-02,train,1985_0
1985,75,236,Subway,35.67278116288847,139.7240298986435,2012-04-08 11:59:36,2012-04-02,train,1985_0
1985,322,236,Subway,35.68569676173495,139.7416439652443,2012-04-08 12:13:28,2012-04-02,train,1985_0
1985,3296,258,Historic Site,35.683750187105964,139.74560424685478,2012-04-08 12:19:08,2012-04-02,train,1985_0
1985,3256,113,Park,35.6907552372162,139.74750995635986,2012-04-08 13:18:35,2012-04-02,train,1985_0
1985,6256,269,Shrine,35.695065498441,139.7478319030744,2012-04-08 14:00:06,2012-04-02,train,1985_0
1985,1001,269,Shrine,35.69442362943279,139.74307894706726,2012-04-08 14:05:27,2012-04-02,train,1985_0
1985,352,236,Subway,35.69550407383317,139.75170493125916,2012-04-08 14:39:26,2012-04-02,train,1985_0
1985,5792,236,Subway,35.684742543061255,139.77445006370544,2012-04-08 14:53:01,2012-04-02,train,1985_0
1985,140,69,Train Station,35.71341172584363,139.77605844022628,2012-04-08 15:08:37,2012-04-02,train,1985_0
1985,38,113,Park,35.71406103497294,139.77407455444336,2012-04-08 15:16:36,2012-04-02,train,1985_0
1985,1779,76,Government Building,35.71185707739743,139.77401554584503,2012-04-08 15:17:52,2012-04-02,train,1985_0
1985,518,111,Other Great Outdoors,35.7118832116388,139.77038383483887,2012-04-08 15:48:00,2012-04-02,train,1985_0
1985,140,69,Train Station,35.71341172584363,139.77605844022628,2012-04-08 15:54:29,2012-04-02,train,1985_0
1985,143,69,Train Station,35.691670172683054,139.7708773612976,2012-04-08 16:08:21,2012-04-02,train,1985_0
1985,143,69,Train Station,35.691670172683054,139.7708773612976,2012-04-08 18:52:53,2012-04-02,train,1985_0
1985,44,69,Train Station,35.68137872227962,139.76608157157898,2012-04-08 18:56:17,2012-04-02,train,1985_0
1985,2857,236,Subway,35.672863961845884,139.75049257278442,2012-04-08 19:10:11,2012-04-02,train,1985_0
1985,92,236,Subway,35.66656663810825,139.72621321678162,2012-04-08 19:27:00,2012-04-02,train,1985_0
1985,3467,59,Office,35.66560390145875,139.73130153030488,2012-04-08 19:36:19,2012-04-02,train,1985_0
1985,106,236,Subway,35.66318884920453,139.73212469669195,2012-04-08 20:09:29,2012-04-02,train,1985_0
1985,485,69,Train Station,35.73787382649612,139.65452313423157,2012-04-08 20:57:03,2012-04-02,train,1985_0
1985,751,69,Train Station,35.74830601061255,139.56767320632937,2012-04-08 21:09:26,2012-04-02,train,1985_0
1986,193,69,Train Station,35.704621918699345,139.6199870109558,2012-04-04 07:15:46,2012-04-02,train,1986_0
1986,109,69,Train Station,35.63014572966312,139.74042892456055,2012-04-04 07:54:43,2012-04-02,train,1986_0
1986,1359,39,Food & Drink Shop,35.7051577175654,139.61960077285767,2012-04-04 21:51:10,2012-04-02,train,1986_0
1986,109,69,Train Station,35.63014572966312,139.74042892456055,2012-04-05 07:57:16,2012-04-02,train,1986_0
1986,43,69,Train Station,35.69080269423021,139.70027922656513,2012-04-05 20:57:51,2012-04-02,train,1986_0
1986,43,69,Train Station,35.69080269423021,139.70027922656513,2012-04-06 23:46:06,2012-04-02,train,1986_0
1986,193,69,Train Station,35.704621918699345,139.6199870109558,2012-04-07 00:15:08,2012-04-02,train,1986_0
1986,193,69,Train Station,35.704621918699345,139.6199870109558,2012-04-08 09:49:56,2012-04-02,train,1986_0
1986,261,69,Train Station,35.70320181647976,139.57990407943726,2012-04-08 09:55:47,2012-04-02,train,1986_0
1986,848,113,Park,35.699756003183985,139.57340240478516,2012-04-08 11:08:05,2012-04-02,train,1986_0
1986,261,69,Train Station,35.70320181647976,139.57990407943726,2012-04-08 16:22:18,2012-04-02,train,1986_0
1986,193,69,Train Station,35.704621918699345,139.6199870109558,2012-04-08 16:33:08,2012-04-02,train,1986_0
1986,1771,237,Mall,35.705138615027415,139.6199454921669,2012-04-08 16:35:26,2012-04-02,train,1986_0
1986,4938,241,Miscellaneous Shop,35.70501832308501,139.61957931518555,2012-04-08 16:37:42,2012-04-02,train,1986_0
1988,41,269,Shrine,35.67178321080316,139.68871593475342,2012-04-08 07:15:15,2012-04-02,train,1988_0
1988,109,69,Train Station,35.63014572966312,139.74042892456055,2012-04-08 07:51:03,2012-04-02,train,1988_0
1988,109,69,Train Station,35.63014572966312,139.74042892456055,2012-04-08 19:28:30,2012-04-02,train,1988_0
1988,1831,69,Train Station,35.65819631197759,139.70203042030334,2012-04-08 19:48:58,2012-04-02,train,1988_0
1988,354,69,Train Station,35.6483652265509,139.70339048812886,2012-04-08 19:58:00,2012-04-02,train,1988_0
1989,6320,208,Playground,35.5874482828258,139.6258556842804,2012-04-04 12:06:50,2012-04-02,train,1989_0
1989,6622,5,Home (private),35.58382027670974,139.61461024538502,2012-04-04 17:23:19,2012-04-02,train,1989_0
1989,6622,5,Home (private),35.58382027670974,139.61461024538502,2012-04-04 18:14:03,2012-04-02,train,1989_0
1989,6622,5,Home (private),35.58382027670974,139.61461024538502,2012-04-05 17:36:07,2012-04-02,train,1989_0
1991,5882,26,Japanese Restaurant,35.664330883205814,139.73134144113874,2012-04-04 12:36:28,2012-04-02,train,1991_0
1991,2826,62,Government Building,35.66879423651702,139.82254359366448,2012-04-08 14:21:45,2012-04-02,train,1991_0
1991,142,69,Train Station,35.698596195264464,139.77301824864617,2012-04-08 16:15:20,2012-04-02,train,1991_0
1991,2003,233,Hobby Shop,35.700487869791004,139.77178394794464,2012-04-08 18:36:43,2012-04-02,train,1991_0
1992,450,69,Train Station,35.843186474808554,139.80073034763336,2012-04-04 12:23:46,2012-04-02,train,1992_0
1992,541,69,Train Station,35.84768054178072,139.66914921998978,2012-04-04 12:55:14,2012-04-02,train,1992_0
1992,450,69,Train Station,35.843186474808554,139.80073034763336,2012-04-04 15:06:00,2012-04-02,train,1992_0
1992,5948,26,Japanese Restaurant,35.841710138897675,139.78805422782898,2012-04-07 22:00:58,2012-04-02,train,1992_0
1992,281,69,Train Station,35.74964694346383,139.80514526367188,2012-04-08 07:14:55,2012-04-02,train,1992_0
1992,450,69,Train Station,35.843186474808554,139.80073034763336,2012-04-08 07:59:31,2012-04-02,train,1992_0
1993,4428,71,Train Station,35.692331315946554,139.7712729871273,2012-04-04 08:46:57,2012-04-02,train,1993_0
1993,4428,71,Train Station,35.692331315946554,139.7712729871273,2012-04-05 08:47:59,2012-04-02,train,1993_0
1993,139,69,Train Station,35.72047220136041,139.77882742881775,2012-04-05 19:08:46,2012-04-02,train,1993_0
1994,33,88,Temple,35.71472743702163,139.79673385620117,2012-04-08 13:45:13,2012-04-02,train,1994_0
1994,38,113,Park,35.71406103497294,139.77407455444336,2012-04-08 16:04:59,2012-04-02,train,1994_0
1994,638,146,Art Museum,35.71537641143864,139.77582335472107,2012-04-08 17:14:45,2012-04-02,train,1994_0
1994,6256,269,Shrine,35.695065498441,139.7478319030744,2012-04-08 18:51:03,2012-04-02,train,1994_0
1994,6923,111,Other Great Outdoors,35.69304691294028,139.74799275398254,2012-04-08 19:51:25,2012-04-02,train,1994_0
1995,4017,57,Bar,35.66249163449946,139.69561994075775,2012-04-07 00:01:56,2012-04-02,train,1995_0
1995,6923,111,Other Great Outdoors,35.69304691294028,139.74799275398254,2012-04-08 16:58:16,2012-04-02,train,1995_0
1995,6923,111,Other Great Outdoors,35.69304691294028,139.74799275398254,2012-04-08 21:20:19,2012-04-02,train,1995_0
1998,142,69,Train Station,35.698596195264464,139.77301824864617,2012-04-04 08:08:38,2012-04-02,train,1998_0
1998,143,69,Train Station,35.691670172683054,139.7708773612976,2012-04-04 08:14:26,2012-04-02,train,1998_0
1998,3577,236,Subway,35.69374398755221,139.77088272571564,2012-04-04 08:16:56,2012-04-02,train,1998_0
1998,75,236,Subway,35.67278116288847,139.7240298986435,2012-04-04 08:37:43,2012-04-02,train,1998_0
1998,4420,236,Subway,35.672872677520616,139.72413182258606,2012-04-04 08:38:03,2012-04-02,train,1998_0
1998,4245,81,Building,35.672487008003,139.72467631101608,2012-04-04 08:39:40,2012-04-02,train,1998_0
1998,1444,241,Miscellaneous Shop,35.67173921807606,139.72408310032196,2012-04-04 08:57:50,2012-04-02,train,1998_0
1998,1957,236,Subway,35.65890458756057,139.7025829553604,2012-04-04 11:45:57,2012-04-02,train,1998_0
1998,4576,236,Subway,35.78823,139.6131454,2012-04-04 12:19:51,2012-04-02,train,1998_0
1998,6209,198,Coffee Shop,35.67289446670328,139.7236342728138,2012-04-04 20:45:13,2012-04-02,train,1998_0
1998,5326,69,Train Station,35.69737293969355,139.78513071658193,2012-04-04 21:25:30,2012-04-02,train,1998_0
1998,760,69,Train Station,35.73294462295052,139.8816740512848,2012-04-05 07:48:48,2012-04-02,train,1998_0
1998,143,69,Train Station,35.691670172683054,139.7708773612976,2012-04-05 08:11:54,2012-04-02,train,1998_0
1998,3577,236,Subway,35.69374398755221,139.77088272571564,2012-04-05 08:13:11,2012-04-02,train,1998_0
1998,4420,236,Subway,35.672872677520616,139.72413182258606,2012-04-05 08:35:11,2012-04-02,train,1998_0
1998,4245,81,Building,35.672487008003,139.72467631101608,2012-04-05 08:35:33,2012-04-02,train,1998_0
1998,7263,198,Coffee Shop,35.67254148121173,139.72510814666748,2012-04-05 08:35:55,2012-04-02,train,1998_0
1998,1444,241,Miscellaneous Shop,35.67169720574664,139.72449213781178,2012-04-05 08:59:39,2012-04-02,train,1998_0
1998,760,69,Train Station,35.73294462295052,139.8816740512848,2012-04-05 20:59:55,2012-04-02,train,1998_0
1998,4372,118,Bakery,35.73290978650399,139.8813360929489,2012-04-05 21:02:28,2012-04-02,train,1998_0
1998,4424,39,Food & Drink Shop,35.740791144216594,139.87704992294312,2012-04-08 09:07:26,2012-04-02,train,1998_0
1998,760,69,Train Station,35.73294462295052,139.8816740512848,2012-04-08 11:33:41,2012-04-02,train,1998_0
1998,260,225,Department Store,35.68164016421078,139.76898908615112,2012-04-08 12:03:53,2012-04-02,train,1998_0
1998,3263,198,Coffee Shop,35.681643048605444,139.77024731892,2012-04-08 15:04:22,2012-04-02,train,1998_0
1999,1252,69,Train Station,35.628121197991504,139.73798198030258,2012-04-04 08:21:56,2012-04-02,train,1999_0
1999,109,69,Train Station,35.63014572966312,139.74042892456055,2012-04-04 08:22:55,2012-04-02,train,1999_0
1999,142,69,Train Station,35.698596195264464,139.77301824864617,2012-04-04 08:43:20,2012-04-02,train,1999_0
1999,1162,69,Train Station,35.7021955324165,139.7551703453064,2012-04-04 15:19:48,2012-04-02,train,1999_0
1999,109,69,Train Station,35.63014572966312,139.74042892456055,2012-04-04 16:14:35,2012-04-02,train,1999_0
1999,748,69,Train Station,35.53275445184632,139.7007429599762,2012-04-05 08:35:34,2012-04-02,train,1999_0
1999,394,69,Train Station,35.56068371332292,139.72373016178608,2012-04-05 08:41:41,2012-04-02,train,1999_0
1999,1252,69,Train Station,35.6279829235156,139.73796701206007,2012-04-05 08:54:39,2012-04-02,train,1999_0
1999,279,69,Train Station,35.699583,139.765222,2012-04-05 09:14:10,2012-04-02,train,1999_0
2002,4393,281,Train Station,35.7294860172988,139.7108557521276,2012-04-04 09:32:50,2012-04-02,train,2002_0
2002,5020,114,Plaza,35.68814758986024,139.7002291304607,2012-04-04 09:47:24,2012-04-02,train,2002_0
2002,3552,69,Train Station,35.69086851550992,139.70030307769775,2012-04-04 20:19:16,2012-04-02,train,2002_0
2002,2135,69,Train Station,35.7292369712458,139.710850764997,2012-04-04 20:26:12,2012-04-02,train,2002_0
2002,3353,69,Train Station,35.73035579800958,139.7105571627617,2012-04-04 20:26:46,2012-04-02,train,2002_0
2007,1831,69,Train Station,35.65819631197759,139.70203042030334,2012-04-04 12:11:53,2012-04-02,train,2007_0
2007,1831,69,Train Station,35.65819631197759,139.70203042030334,2012-04-04 22:06:05,2012-04-02,train,2007_0
2007,142,69,Train Station,35.698596195264464,139.77301824864617,2012-04-08 10:57:37,2012-04-02,train,2007_0
2007,5771,124,Event Space,35.70033539813519,139.77259397506714,2012-04-08 11:20:12,2012-04-02,train,2007_0
2007,2238,26,Japanese Restaurant,35.7006705311992,139.77266355806034,2012-04-08 16:27:30,2012-04-02,train,2007_0
2007,2003,233,Hobby Shop,35.700487869791004,139.77178394794464,2012-04-08 17:23:26,2012-04-02,train,2007_0
2007,142,69,Train Station,35.698596195264464,139.77301824864617,2012-04-08 17:36:24,2012-04-02,train,2007_0
2007,1831,69,Train Station,35.65819631197759,139.70203042030334,2012-04-08 18:06:06,2012-04-02,train,2007_0
2009,590,121,Café,35.70035282348203,139.7699023783207,2012-04-04 18:14:05,2012-04-02,train,2009_0
2009,2826,62,Government Building,35.66879423651702,139.82254359366448,2012-04-08 10:29:35,2012-04-02,train,2009_0
2009,1572,237,Mall,35.665124067029886,139.8352074623108,2012-04-08 11:01:26,2012-04-02,train,2009_0
2015,3633,69,Train Station,35.62850802377022,139.73833131832686,2012-04-04 08:45:24,2012-04-02,train,2015_0
2015,333,69,Train Station,35.65561813580688,139.75674211978912,2012-04-04 14:27:48,2012-04-02,train,2015_0
2015,44,69,Train Station,35.68137872227962,139.76608157157898,2012-04-04 14:32:35,2012-04-02,train,2015_0
2015,43,69,Train Station,35.69080269423021,139.70027922656513,2012-04-04 18:16:48,2012-04-02,train,2015_0
2015,574,69,Train Station,35.601842487535315,139.72176859992527,2012-04-04 18:35:58,2012-04-02,train,2015_0
2015,4758,69,Train Station,35.66622234103479,139.75849628448486,2012-04-05 19:52:58,2012-04-02,train,2015_0
2016,7462,112,Other Great Outdoors,35.64388072184869,139.69950114457984,2012-04-04 09:29:33,2012-04-02,train,2016_0
2016,46,237,Mall,35.660512894632895,139.72921192646027,2012-04-04 09:50:57,2012-04-02,train,2016_0
2016,6710,189,Ramen /  Noodle House,35.64435861608029,139.69963252544403,2012-04-04 19:30:31,2012-04-02,train,2016_0
2016,2002,256,Convenience Store,35.636331,139.694334,2012-04-04 20:12:22,2012-04-02,train,2016_0
2016,4429,63,Video Store,35.636623,139.69359755516052,2012-04-04 20:37:03,2012-04-02,train,2016_0
2017,143,69,Train Station,35.691670172683054,139.7708773612976,2012-04-04 19:28:29,2012-04-02,train,2017_0
2017,142,69,Train Station,35.698596195264464,139.77301824864617,2012-04-04 19:32:33,2012-04-02,train,2017_0
2017,1360,233,Hobby Shop,35.698327101400224,139.77162837982178,2012-04-04 19:35:11,2012-04-02,train,2017_0
2017,2711,69,Train Station,35.729025427145416,139.71109628677368,2012-04-08 12:36:09,2012-04-02,train,2017_0
2017,142,69,Train Station,35.698596195264464,139.77301824864617,2012-04-08 14:43:13,2012-04-02,train,2017_0
2017,1360,233,Hobby Shop,35.698327101400224,139.77162837982178,2012-04-08 16:15:53,2012-04-02,train,2017_0
2019,7096,238,Bus Station,35.63137718147474,139.8885333980012,2012-04-04 15:55:08,2012-04-02,train,2019_0
2019,749,69,Train Station,35.66020343969126,139.52329605817795,2012-04-08 11:38:14,2012-04-02,train,2019_0
2020,1011,121,Café,35.73320698444874,139.73845213651657,2012-04-04 13:32:39,2012-04-02,train,2020_0
2020,848,113,Park,35.699756003183985,139.57340240478516,2012-04-08 14:48:02,2012-04-02,train,2020_0
2020,830,198,Coffee Shop,35.70330200857004,139.578957259655,2012-04-08 20:16:51,2012-04-02,train,2020_0
2021,4363,236,Subway,35.56292402698885,139.56981293857098,2012-04-04 08:46:16,2012-04-02,train,2021_0
2021,4201,162,College Academic Building,35.56153673333333,139.574556,2012-04-04 16:38:14,2012-04-02,train,2021_0
2021,4363,236,Subway,35.56292402698885,139.56981293857098,2012-04-04 16:54:48,2012-04-02,train,2021_0
2021,311,69,Train Station,35.568403721907565,139.5535111427307,2012-04-04 17:07:51,2012-04-02,train,2021_0
2021,311,69,Train Station,35.568403721907565,139.5535111427307,2012-04-04 17:24:15,2012-04-02,train,2021_0
2021,309,69,Train Station,35.57742263857478,139.55844104290009,2012-04-04 17:26:57,2012-04-02,train,2021_0
2021,4363,236,Subway,35.56292402698885,139.56981293857098,2012-04-05 08:46:00,2012-04-02,train,2021_0
2023,5033,22,Indian Restaurant,35.69739100165168,139.7596536061517,2012-04-04 13:19:45,2012-04-02,train,2023_0
2023,7469,22,Indian Restaurant,35.696148848194625,139.75948333740234,2012-04-04 21:51:25,2012-04-02,train,2023_0
2023,68,230,Food & Drink Shop,35.65571818069579,139.7391574091406,2012-04-08 12:22:00,2012-04-02,train,2023_0
2023,1248,113,Park,35.67070244512674,139.69663381576538,2012-04-08 18:16:57,2012-04-02,train,2023_0
2024,1195,200,Arcade,35.69903719908481,139.77086260914805,2012-04-04 15:15:17,2012-04-02,train,2024_0
2024,5762,200,Arcade,35.7007383583069,139.7718831896782,2012-04-04 23:43:04,2012-04-02,train,2024_0
2024,142,69,Train Station,35.698596195264464,139.77301824864617,2012-04-05 00:28:28,2012-04-02,train,2024_0
2024,5762,200,Arcade,35.7007383583069,139.7718831896782,2012-04-06 22:15:46,2012-04-02,train,2024_0
2024,5553,200,Arcade,35.732354315017744,139.88056567317938,2012-04-07 22:16:02,2012-04-02,train,2024_0
2026,2701,211,Airport,35.54505978034289,139.76903200149536,2012-04-07 21:49:52,2012-04-02,train,2026_0
2026,5896,238,Bus Station,35.545112157982715,139.76720809936523,2012-04-07 22:27:17,2012-04-02,train,2026_0
2026,1248,113,Park,35.67070244512674,139.69663381576538,2012-04-08 16:06:53,2012-04-02,train,2026_0
2027,1930,69,Train Station,35.666692051408944,139.7581327376774,2012-04-07 22:41:24,2012-04-02,train,2027_0
2027,44,69,Train Station,35.68137872227962,139.76608157157898,2012-04-07 22:46:13,2012-04-02,train,2027_0
2027,44,69,Train Station,35.68137872227962,139.76608157157898,2012-04-08 11:26:17,2012-04-02,train,2027_0
2027,768,69,Train Station,35.63440986098353,139.79161351919174,2012-04-08 12:02:04,2012-04-02,train,2027_0
2027,2549,240,Convention Center,35.62986667837494,139.79426622390747,2012-04-08 12:14:24,2012-04-02,train,2027_0
2027,2434,69,Train Station,35.67067629738875,139.70252394676208,2012-04-08 13:49:38,2012-04-02,train,2027_0
2027,3407,210,Music Venue,35.66582254716848,139.69967897206772,2012-04-08 14:12:50,2012-04-02,train,2027_0
2027,2674,26,Japanese Restaurant,35.66245240885516,139.70002681016922,2012-04-08 20:34:42,2012-04-02,train,2027_0
2027,87,69,Train Station,35.65852172695124,139.7013260344949,2012-04-08 22:21:31,2012-04-02,train,2027_0
2028,333,69,Train Station,35.65561813580688,139.75674211978912,2012-04-05 20:55:07,2012-04-02,train,2028_0
2028,2701,211,Airport,35.54505978034289,139.76903200149536,2012-04-07 22:17:43,2012-04-02,train,2028_0
2030,1676,69,Train Station,35.815446772620184,139.58718359470367,2012-04-07 23:39:07,2012-04-02,train,2030_0
2030,1970,69,Train Station,35.84562439273162,139.64698018862993,2012-04-07 23:54:38,2012-04-02,train,2030_0
2030,1970,69,Train Station,35.84562439273162,139.64698018862993,2012-04-08 11:51:58,2012-04-02,train,2030_0
2030,1676,69,Train Station,35.815446772620184,139.58718359470367,2012-04-08 12:10:19,2012-04-02,train,2030_0
2030,3422,203,Bowling Alley,35.79032615525024,139.57916293620792,2012-04-08 19:41:48,2012-04-02,train,2030_0
2030,3998,69,Train Station,35.81474644203188,139.5868364378428,2012-04-08 23:35:53,2012-04-02,train,2030_0
2030,324,69,Train Station,35.77760438130889,139.63292732834816,2012-04-08 23:42:21,2012-04-02,train,2030_0
2030,189,69,Train Station,35.729864636451765,139.7109555727517,2012-04-08 23:55:21,2012-04-02,train,2030_0
2031,208,69,Train Station,35.53132692901326,139.69690203666687,2012-04-04 07:51:44,2012-04-02,train,2031_0
2031,1615,69,Train Station,35.645731813210055,139.7475689649582,2012-04-04 19:43:48,2012-04-02,train,2031_0
2031,4905,69,Train Station,35.56247782390475,139.7160503268242,2012-04-04 20:14:17,2012-04-02,train,2031_0
2031,1017,69,Train Station,35.56771428060273,139.6925863623619,2012-04-04 20:21:06,2012-04-02,train,2031_0
2031,5765,26,Japanese Restaurant,35.566926,139.691857,2012-04-04 22:26:03,2012-04-02,train,2031_0
2031,3116,95,Chinese Restaurant,35.567895,139.692986,2012-04-05 01:46:37,2012-04-02,train,2031_0
2031,3116,95,Chinese Restaurant,35.567895,139.692986,2012-04-07 23:05:44,2012-04-02,train,2031_0
2031,93,237,Mall,35.532942167026505,139.69576478004456,2012-04-08 20:03:14,2012-04-02,train,2031_0
2035,5438,69,Train Station,35.802125835274666,139.71798419952393,2012-04-04 09:36:32,2012-04-02,train,2035_0
2035,1856,69,Train Station,35.80191699809086,139.71758723258972,2012-04-04 09:36:43,2012-04-02,train,2035_0
2035,158,69,Train Station,35.77806243973507,139.72083806991577,2012-04-04 18:57:44,2012-04-02,train,2035_0
2035,158,69,Train Station,35.77806243973507,139.72083806991577,2012-04-04 21:47:07,2012-04-02,train,2035_0
2035,1856,69,Train Station,35.80191699809086,139.71758723258972,2012-04-04 21:50:57,2012-04-02,train,2035_0
2035,5274,225,Department Store,35.8102265539475,139.72017288208008,2012-04-04 22:02:09,2012-04-02,train,2035_0
2035,640,32,Bookstore,35.77903730113987,139.72236156463623,2012-04-05 19:23:09,2012-04-02,train,2035_0
2035,1856,69,Train Station,35.80191699809086,139.71758723258972,2012-04-06 23:30:45,2012-04-02,train,2035_0
2035,5438,69,Train Station,35.802125835274666,139.71798419952393,2012-04-06 23:30:59,2012-04-02,train,2035_0
2035,1856,69,Train Station,35.80191699809086,139.71758723258972,2012-04-07 22:40:56,2012-04-02,train,2035_0
2035,5438,69,Train Station,35.802125835274666,139.71798419952393,2012-04-08 12:12:25,2012-04-02,train,2035_0
2035,1856,69,Train Station,35.80191699809086,139.71758723258972,2012-04-08 12:12:36,2012-04-02,train,2035_0
2035,158,69,Train Station,35.77806243973507,139.72083806991577,2012-04-08 12:18:23,2012-04-02,train,2035_0
2035,189,69,Train Station,35.729864636451765,139.7109555727517,2012-04-08 12:36:01,2012-04-02,train,2035_0
2035,968,32,Bookstore,35.727292210167334,139.71135914325714,2012-04-08 12:48:19,2012-04-02,train,2035_0
2035,657,233,Hobby Shop,35.730107579927385,139.71763014793396,2012-04-08 15:25:58,2012-04-02,train,2035_0
2035,3426,233,Hobby Shop,35.729416177021925,139.71584808054433,2012-04-08 15:45:53,2012-04-02,train,2035_0
2035,189,69,Train Station,35.729864636451765,139.7109555727517,2012-04-08 16:01:02,2012-04-02,train,2035_0
2035,158,69,Train Station,35.77806243973507,139.72083806991577,2012-04-08 16:10:44,2012-04-02,train,2035_0
2035,1856,69,Train Station,35.80191699809086,139.71758723258972,2012-04-08 16:16:18,2012-04-02,train,2035_0
2039,73,69,Train Station,35.70537552095303,139.64986145496368,2012-04-04 11:57:18,2012-04-02,train,2039_0
2039,304,69,Train Station,35.70025262768564,139.48025465011597,2012-04-04 12:25:59,2012-04-02,train,2039_0
2039,304,69,Train Station,35.70025262768564,139.48025465011597,2012-04-04 14:48:37,2012-04-02,train,2039_0
2039,73,69,Train Station,35.70537552095303,139.64986145496368,2012-04-04 15:14:24,2012-04-02,train,2039_0
2039,6618,193,Bar,35.704930199889155,139.65198705214425,2012-04-04 20:46:20,2012-04-02,train,2039_0
2039,73,69,Train Station,35.70537552095303,139.64986145496368,2012-04-05 08:31:22,2012-04-02,train,2039_0
2039,371,69,Train Station,35.681167389425845,139.7114396095276,2012-04-05 08:49:23,2012-04-02,train,2039_0
2039,371,69,Train Station,35.681167389425845,139.7114396095276,2012-04-05 19:02:37,2012-04-02,train,2039_0
2039,6618,193,Bar,35.704930199889155,139.65198705214425,2012-04-05 20:58:14,2012-04-02,train,2039_0
2039,73,69,Train Station,35.70537552095303,139.64986145496368,2012-04-08 08:20:18,2012-04-02,train,2039_0
2039,371,69,Train Station,35.681167389425845,139.7114396095276,2012-04-08 08:36:24,2012-04-02,train,2039_0
2039,73,69,Train Station,35.70537552095303,139.64986145496368,2012-04-08 20:39:11,2012-04-02,train,2039_0
2042,4934,281,Train Station,35.69059839008235,139.69956278800964,2012-04-04 18:58:51,2012-04-02,train,2042_0
2042,469,69,Train Station,35.57289367236271,139.6672260761261,2012-04-08 10:37:19,2012-04-02,train,2042_0
2042,4286,69,Train Station,35.575729760171434,139.65965151786804,2012-04-08 21:21:25,2012-04-02,train,2042_0
2043,3146,128,Gym / Fitness Center,35.693892115122324,139.79253888130188,2012-04-04 22:11:03,2012-04-02,train,2043_0
2043,3146,128,Gym / Fitness Center,35.693892115122324,139.79253888130188,2012-04-08 18:28:28,2012-04-02,train,2043_0
2043,819,76,Government Building,35.710036,139.810697,2012-04-08 19:27:48,2012-04-02,train,2043_0
2044,5237,69,Train Station,35.85915697651632,139.656942486763,2012-04-04 07:11:42,2012-04-02,train,2044_0
2044,140,69,Train Station,35.71362076736724,139.77651776270966,2012-04-04 07:33:10,2012-04-02,train,2044_0
2044,140,69,Train Station,35.71362076736724,139.77651776270966,2012-04-04 19:49:41,2012-04-02,train,2044_0
2046,88,6,Clothing Store,35.669979021216044,139.7633993625641,2012-04-04 18:36:42,2012-04-02,train,2046_0
2046,7337,238,Bus Station,35.65806761189015,139.7008224954421,2012-04-04 19:20:32,2012-04-02,train,2046_0
2046,7337,238,Bus Station,35.657877838527604,139.7007875914549,2012-04-05 19:20:15,2012-04-02,train,2046_0
2047,312,236,Subway,35.69085980180074,139.704852104187,2012-04-05 17:51:03,2012-04-02,train,2047_0
2047,204,236,Subway,35.67815420136066,139.70568895339966,2012-04-05 17:56:59,2012-04-02,train,2047_0
2047,2326,197,Bridge,35.6581853412536,139.70290181297264,2012-04-05 18:03:45,2012-04-02,train,2047_0
2047,1243,59,Office,35.674702948128555,139.70662236213684,2012-04-05 19:20:30,2012-04-02,train,2047_0
2047,204,236,Subway,35.67815420136066,139.70568895339966,2012-04-06 22:51:31,2012-04-02,train,2047_0
2047,3358,236,Subway,35.67995820614858,139.78008270263672,2012-04-08 08:53:03,2012-04-02,train,2047_0
2048,4539,200,Arcade,35.73546878555061,139.52489484200947,2012-04-04 21:24:34,2012-04-02,train,2048_0
2048,4678,189,Ramen /  Noodle House,35.708426,139.4960950762662,2012-04-05 21:00:44,2012-04-02,train,2048_0
2048,5165,39,Food & Drink Shop,35.73648915172404,139.48875188827515,2012-04-08 21:10:02,2012-04-02,train,2048_0
2048,6594,245,Fried Chicken Joint,35.736158219597115,139.4881296157837,2012-04-08 21:27:37,2012-04-02,train,2048_0
2049,43,69,Train Station,35.69080269423021,139.70027922656513,2012-04-08 06:35:24,2012-04-02,train,2049_0
2049,1190,122,Fast Food Restaurant,35.68919328741783,139.70249980688095,2012-04-08 06:47:11,2012-04-02,train,2049_0
2049,87,69,Train Station,35.65852172695124,139.7013260344949,2012-04-08 11:29:58,2012-04-02,train,2049_0
2049,462,225,Department Store,35.66203835921229,139.6989405155182,2012-04-08 11:41:53,2012-04-02,train,2049_0
2049,5631,204,Music Venue,35.66155021371762,139.69875007867813,2012-04-08 11:48:38,2012-04-02,train,2049_0
2049,3407,210,Music Venue,35.66582254716848,139.69967897206772,2012-04-08 14:43:01,2012-04-02,train,2049_0
2049,87,69,Train Station,35.65852172695124,139.7013260344949,2012-04-08 20:41:43,2012-04-02,train,2049_0
2049,142,69,Train Station,35.698596195264464,139.77301824864617,2012-04-08 21:06:50,2012-04-02,train,2049_0
2049,7000,217,General Entertainment,35.699518580728515,139.77044820785522,2012-04-08 21:16:53,2012-04-02,train,2049_0
2049,142,69,Train Station,35.698596195264464,139.77301824864617,2012-04-08 22:35:26,2012-04-02,train,2049_0
2049,43,69,Train Station,35.69080269423021,139.70027922656513,2012-04-08 22:51:42,2012-04-02,train,2049_0
2050,44,69,Train Station,35.68137872227962,139.76608157157898,2012-04-08 07:48:38,2012-04-02,train,2050_0
2050,4457,281,Train Station,35.681021416921645,139.76800739765167,2012-04-08 08:14:06,2012-04-02,train,2050_0
2051,154,26,Japanese Restaurant,35.664923586811014,139.72780108451843,2012-04-04 12:38:12,2012-04-02,train,2051_0
2051,5846,35,Bar,35.664042,139.731975,2012-04-06 23:22:25,2012-04-02,train,2051_0
2052,1870,236,Subway,35.68633725827871,139.72957134246826,2012-04-04 09:12:49,2012-04-02,train,2052_0
2052,420,69,Train Station,35.68600611785052,139.73066568374634,2012-04-04 11:18:48,2012-04-02,train,2052_0
2052,1870,236,Subway,35.68633725827871,139.72957134246826,2012-04-05 09:21:44,2012-04-02,train,2052_0
2052,6019,189,Ramen /  Noodle House,35.64329558996963,139.66970707605742,2012-04-08 12:13:50,2012-04-02,train,2052_0
2052,247,69,Train Station,35.65363050784492,139.6473777294159,2012-04-08 12:42:52,2012-04-02,train,2052_0
2052,668,69,Train Station,35.62716331859532,139.57361698150635,2012-04-08 13:04:15,2012-04-02,train,2052_0
2054,6265,128,Gym / Fitness Center,35.59754277305389,139.712351910274,2012-04-04 14:43:49,2012-04-02,train,2054_0
2054,112,69,Train Station,35.62645040122807,139.72343981266022,2012-04-08 00:53:21,2012-04-02,train,2054_0
2054,1589,39,Food & Drink Shop,35.586270400140606,139.73294019699097,2012-04-08 12:05:36,2012-04-02,train,2054_0
2054,1589,39,Food & Drink Shop,35.586270400140606,139.73294019699097,2012-04-08 16:58:32,2012-04-02,train,2054_0
2055,174,69,Train Station,35.619699172885795,139.72855277359486,2012-04-04 08:32:22,2012-04-02,train,2055_0
2055,1615,69,Train Station,35.645731813210055,139.7475689649582,2012-04-04 19:14:32,2012-04-02,train,2055_0
2055,174,69,Train Station,35.619699172885795,139.72855277359486,2012-04-04 19:20:48,2012-04-02,train,2055_0
2055,189,69,Train Station,35.729864636451765,139.7109555727517,2012-04-04 19:46:09,2012-04-02,train,2055_0
2055,189,69,Train Station,35.729864636451765,139.7109555727517,2012-04-05 07:56:51,2012-04-02,train,2055_0
2055,1615,69,Train Station,35.645731813210055,139.7475689649582,2012-04-05 08:36:46,2012-04-02,train,2055_0
2055,3349,236,Subway,35.68635577595945,139.78224858641624,2012-04-05 18:06:38,2012-04-02,train,2055_0
2055,109,69,Train Station,35.63014572966312,139.74042892456055,2012-04-07 21:36:08,2012-04-02,train,2055_0
2055,174,69,Train Station,35.619699172885795,139.72855277359486,2012-04-07 21:41:05,2012-04-02,train,2055_0
2055,189,69,Train Station,35.729864636451765,139.7109555727517,2012-04-07 22:14:14,2012-04-02,train,2055_0
2055,2510,22,Indian Restaurant,35.729783153372985,139.7106832265854,2012-04-07 22:15:09,2012-04-02,train,2055_0
2056,43,69,Train Station,35.69080269423021,139.70027922656513,2012-04-08 12:14:45,2012-04-02,train,2056_0
2056,2435,22,Indian Restaurant,35.69377230607953,139.6980781853199,2012-04-08 12:25:41,2012-04-02,train,2056_0
2056,43,69,Train Station,35.69080269423021,139.70027922656513,2012-04-08 13:02:08,2012-04-02,train,2056_0
2056,537,197,Bridge,35.79220981404536,139.71773207187653,2012-04-08 13:28:00,2012-04-02,train,2056_0
2059,2023,225,Department Store,35.65886536015414,139.70154762268066,2012-04-04 18:25:37,2012-04-02,train,2059_0
2059,2288,236,Subway,35.65873460199356,139.70162272453308,2012-04-04 18:31:18,2012-04-02,train,2059_0
2059,1809,236,Subway,35.70765806465914,139.77298021316528,2012-04-04 18:59:08,2012-04-02,train,2059_0
2059,2958,236,Subway,35.7109162390011,139.79788720607758,2012-04-05 07:44:59,2012-04-02,train,2059_0
2059,3015,236,Subway,35.6594319763759,139.70056056976318,2012-04-05 08:25:46,2012-04-02,train,2059_0
2059,259,225,Department Store,35.660473668016515,139.70034062862396,2012-04-05 18:49:38,2012-04-02,train,2059_0
2059,2023,225,Department Store,35.65886536015414,139.70154762268066,2012-04-05 18:58:16,2012-04-02,train,2059_0
2059,2607,198,Coffee Shop,35.65886100155223,139.6997880935669,2012-04-05 19:06:15,2012-04-02,train,2059_0
2059,2288,236,Subway,35.65873460199356,139.70162272453308,2012-04-05 19:21:56,2012-04-02,train,2059_0
2059,87,69,Train Station,35.65852172695124,139.7013260344949,2012-04-06 22:19:57,2012-04-02,train,2059_0
2059,275,69,Train Station,35.71048066190842,139.8133099079132,2012-04-06 22:56:56,2012-04-02,train,2059_0
2059,145,69,Train Station,35.6961052825236,139.79252815246582,2012-04-08 13:03:50,2012-04-02,train,2059_0
2059,1162,69,Train Station,35.7021955324165,139.7551703453064,2012-04-08 13:15:18,2012-04-02,train,2059_0
2059,3963,222,Racetrack,35.70354159784059,139.75139379501343,2012-04-08 13:17:26,2012-04-02,train,2059_0
2059,2314,137,Park,35.707098324779736,139.752936065197,2012-04-08 16:44:50,2012-04-02,train,2059_0
2061,333,69,Train Station,35.65561813580688,139.75674211978912,2012-04-04 08:45:30,2012-04-02,train,2061_0
2061,4516,121,Café,35.65622182441852,139.7563049197197,2012-04-04 11:36:41,2012-04-02,train,2061_0
2061,273,69,Train Station,35.606248434331405,139.73484992980957,2012-04-04 12:33:34,2012-04-02,train,2061_0
2061,333,69,Train Station,35.65561813580688,139.75674211978912,2012-04-04 18:16:54,2012-04-02,train,2061_0
2061,333,69,Train Station,35.65561813580688,139.75674211978912,2012-04-05 08:50:37,2012-04-02,train,2061_0
2061,333,69,Train Station,35.65561813580688,139.75674211978912,2012-04-05 17:54:37,2012-04-02,train,2061_0
2066,1434,69,Train Station,35.68971829766635,139.69925165176392,2012-04-04 18:56:25,2012-04-02,train,2066_0
2066,2520,81,Building,35.692494694821235,139.7011285275221,2012-04-04 19:56:22,2012-04-02,train,2066_0
2066,1943,236,Subway,35.665055972471954,139.71245806745912,2012-04-08 13:20:25,2012-04-02,train,2066_0
2071,4286,69,Train Station,35.575729760171434,139.65965151786804,2012-04-04 10:36:30,2012-04-02,train,2071_0
2071,44,69,Train Station,35.68137872227962,139.76608157157898,2012-04-04 19:57:25,2012-04-02,train,2071_0
2071,4286,69,Train Station,35.575729760171434,139.65965151786804,2012-04-04 20:25:51,2012-04-02,train,2071_0
2071,4286,69,Train Station,35.575729760171434,139.65965151786804,2012-04-08 10:53:35,2012-04-02,train,2071_0
2071,276,69,Train Station,35.589812720947975,139.66880321502686,2012-04-08 10:58:30,2012-04-02,train,2071_0
2071,164,69,Train Station,35.60753807817138,139.6688391408238,2012-04-08 15:34:10,2012-04-02,train,2071_0
2071,189,69,Train Station,35.729864636451765,139.7109555727517,2012-04-08 16:56:15,2012-04-02,train,2071_0
2071,164,69,Train Station,35.60753807817138,139.6688391408238,2012-04-08 17:33:43,2012-04-02,train,2071_0
2071,285,69,Train Station,35.608468006000365,139.64779202361206,2012-04-08 17:41:40,2012-04-02,train,2071_0
2072,4349,69,Train Station,35.69168759992342,139.77088004350662,2012-04-04 19:10:07,2012-04-02,train,2072_0
2072,140,69,Train Station,35.71362076736724,139.77651776270966,2012-04-04 19:23:29,2012-04-02,train,2072_0
2072,4706,69,Train Station,35.681283949368016,139.76607084274292,2012-04-05 08:47:44,2012-04-02,train,2072_0
2072,7093,69,Train Station,35.6282272323851,139.73871231079102,2012-04-05 18:22:58,2012-04-02,train,2072_0
2074,1114,236,Subway,35.68036780541906,139.76159691810608,2012-04-07 21:28:27,2012-04-02,train,2074_0
2074,3828,237,Mall,35.678439,139.762883021486,2012-04-07 21:40:15,2012-04-02,train,2074_0
2074,4818,69,Train Station,35.67751799670805,139.76539492607117,2012-04-07 21:43:54,2012-04-02,train,2074_0
2075,142,69,Train Station,35.698596195264464,139.77301824864617,2012-04-08 13:28:53,2012-04-02,train,2075_0
2075,5998,114,Plaza,35.70027876573162,139.7714138031006,2012-04-08 14:18:31,2012-04-02,train,2075_0
2075,3406,230,Food & Drink Shop,35.69990411958712,139.77001905441284,2012-04-08 16:42:14,2012-04-02,train,2075_0
2077,950,237,Mall,35.70925232168584,139.66568112373352,2012-04-04 14:01:19,2012-04-02,train,2077_0
2077,651,113,Park,35.69708114784994,139.6560949087143,2012-04-08 11:00:01,2012-04-02,train,2077_0
2077,742,237,Mall,35.70464525150632,139.61976688313996,2012-04-08 11:10:02,2012-04-02,train,2077_0
2077,470,113,Park,35.715872938632,139.5893669128418,2012-04-08 17:01:24,2012-04-02,train,2077_0
2078,2793,225,Department Store,35.65285462210375,139.5437479019165,2012-04-04 10:23:14,2012-04-02,train,2078_0
2078,4617,14,Dumpling Restaurant,35.655778,139.542098,2012-04-04 13:46:42,2012-04-02,train,2078_0
2078,3345,200,Arcade,35.651043466226184,139.54433262348175,2012-04-06 21:52:49,2012-04-02,train,2078_0
2078,220,69,Train Station,35.651889113311164,139.5443956553936,2012-04-08 10:10:22,2012-04-02,train,2078_0
2078,299,69,Train Station,35.668361407560894,139.6504027448891,2012-04-08 10:19:36,2012-04-02,train,2078_0
2078,131,69,Train Station,35.66158508135192,139.66747283935547,2012-04-08 10:25:18,2012-04-02,train,2078_0
2078,202,69,Train Station,35.669627,139.688855,2012-04-08 10:40:31,2012-04-02,train,2078_0
2078,4055,205,Other Great Outdoors,35.67282038345795,139.6943163871765,2012-04-08 11:17:32,2012-04-02,train,2078_0
2078,87,69,Train Station,35.65852172695124,139.7013260344949,2012-04-08 20:01:41,2012-04-02,train,2078_0
2079,146,69,Train Station,35.6964320244761,139.81394290924072,2012-04-04 08:23:44,2012-04-02,train,2079_0
2079,146,69,Train Station,35.6964320244761,139.81394290924072,2012-04-05 08:23:10,2012-04-02,train,2079_0
2080,4758,69,Train Station,35.66622234103479,139.75849628448486,2012-04-04 16:51:14,2012-04-02,train,2080_0
2080,541,69,Train Station,35.84768054178072,139.66914921998978,2012-04-08 12:59:31,2012-04-02,train,2080_0
2081,425,198,Coffee Shop,35.6461684487605,139.70789649388314,2012-04-04 10:10:10,2012-04-02,train,2081_0
2081,425,198,Coffee Shop,35.6461684487605,139.70789649388314,2012-04-08 10:18:55,2012-04-02,train,2081_0
2083,469,69,Train Station,35.57289367236271,139.6672260761261,2012-04-04 08:07:21,2012-04-02,train,2083_0
2083,4286,69,Train Station,35.575729760171434,139.65965151786804,2012-04-04 14:12:38,2012-04-02,train,2083_0
2083,1615,69,Train Station,35.645731813210055,139.7475689649582,2012-04-04 14:48:09,2012-04-02,train,2083_0
2083,4286,69,Train Station,35.575729760171434,139.65965151786804,2012-04-05 18:02:01,2012-04-02,train,2083_0
2083,302,69,Train Station,35.70270629939949,139.56082955002785,2012-04-08 13:59:29,2012-04-02,train,2083_0
2084,4538,281,Train Station,35.65926051074411,139.70248793819076,2012-04-07 22:26:22,2012-04-02,train,2084_0
2084,4681,238,Bus Station,35.67987977200586,139.76836681365967,2012-04-07 23:03:28,2012-04-02,train,2084_0
2084,2284,26,Japanese Restaurant,35.67966957453742,139.7708264086029,2012-04-07 23:20:11,2012-04-02,train,2084_0
2085,6135,210,Music Venue,35.68145082,139.686081,2012-04-05 19:00:44,2012-04-02,train,2085_0
2085,2248,237,Mall,35.76439571369829,139.85263109207153,2012-04-08 11:57:45,2012-04-02,train,2085_0
2086,2386,143,Stadium,35.674581476111804,139.71712924540043,2012-04-04 18:53:45,2012-04-02,train,2086_0
2086,1633,198,Coffee Shop,35.700104511929894,139.7623586654663,2012-04-05 17:34:18,2012-04-02,train,2086_0
2086,1437,189,Ramen /  Noodle House,35.69668688226968,139.76013511419296,2012-04-05 19:31:04,2012-04-02,train,2086_0
2086,848,113,Park,35.699756003183985,139.57340240478516,2012-04-08 16:09:57,2012-04-02,train,2086_0
2087,4618,22,Indian Restaurant,35.7029556,139.66590653333336,2012-04-08 12:02:28,2012-04-02,train,2087_0
2087,1959,26,Japanese Restaurant,35.70380078905883,139.66564893722534,2012-04-08 22:03:58,2012-04-02,train,2087_0
2092,189,69,Train Station,35.729864636451765,139.7109555727517,2012-04-08 15:38:54,2012-04-02,train,2092_0
2092,189,69,Train Station,35.729864636451765,139.7109555727517,2012-04-08 20:19:23,2012-04-02,train,2092_0
2093,79,69,Train Station,35.59974085378926,139.6102237701416,2012-04-04 07:39:08,2012-04-02,train,2093_0
2093,939,69,Train Station,35.59902114917961,139.61120009422302,2012-04-04 07:39:22,2012-04-02,train,2093_0
2093,2355,26,Japanese Restaurant,35.609105147362044,139.71793591976166,2012-04-04 21:20:51,2012-04-02,train,2093_0
2094,103,69,Train Station,35.536940832577606,139.63486790657043,2012-04-04 19:39:58,2012-04-02,train,2094_0
2094,7125,121,Café,35.536388,139.632938,2012-04-04 19:52:28,2012-04-02,train,2094_0
2094,1808,189,Ramen /  Noodle House,35.701297,139.76927,2012-04-05 18:26:42,2012-04-02,train,2094_0
2097,394,69,Train Station,35.56068371332292,139.72373016178608,2012-04-04 08:11:45,2012-04-02,train,2097_0
2097,4259,197,Bridge,35.5367662225232,139.70287799835205,2012-04-04 08:20:05,2012-04-02,train,2097_0
2097,748,69,Train Station,35.53275445184632,139.7007429599762,2012-04-04 08:20:54,2012-04-02,train,2097_0
2097,208,69,Train Station,35.53132692901326,139.69690203666687,2012-04-04 08:26:49,2012-04-02,train,2097_0
2097,3853,69,Train Station,35.53153647523985,139.69675183296204,2012-04-04 08:28:05,2012-04-02,train,2097_0
2097,7018,281,Train Station,35.53116758620382,139.69632536172867,2012-04-04 08:29:22,2012-04-02,train,2097_0
2097,3808,69,Train Station,35.620783899224726,139.56991016864777,2012-04-04 08:59:16,2012-04-02,train,2097_0
2097,378,69,Train Station,35.62081442397418,139.56971168518066,2012-04-04 09:00:48,2012-04-02,train,2097_0
2097,2801,69,Train Station,35.62104117889108,139.56945419311523,2012-04-04 09:02:13,2012-04-02,train,2097_0
2097,630,69,Train Station,35.61718625786023,139.56456184387207,2012-04-04 09:10:14,2012-04-02,train,2097_0
2097,630,69,Train Station,35.61718625786023,139.56456184387207,2012-04-04 16:28:49,2012-04-02,train,2097_0
2097,2801,69,Train Station,35.62104117889108,139.56945419311523,2012-04-04 16:34:32,2012-04-02,train,2097_0
2097,378,69,Train Station,35.62081442397418,139.56971168518066,2012-04-04 16:50:51,2012-04-02,train,2097_0
2097,3808,69,Train Station,35.620783899224726,139.56991016864777,2012-04-04 16:51:41,2012-04-02,train,2097_0
2097,7018,281,Train Station,35.53116758620382,139.69632536172867,2012-04-04 17:27:10,2012-04-02,train,2097_0
2097,3853,69,Train Station,35.53153647523985,139.69675183296204,2012-04-04 17:27:21,2012-04-02,train,2097_0
2097,208,69,Train Station,35.53132692901326,139.69690203666687,2012-04-04 17:28:54,2012-04-02,train,2097_0
2097,93,237,Mall,35.532942167026505,139.69576478004456,2012-04-04 18:06:04,2012-04-02,train,2097_0
2097,1560,200,Arcade,35.533125516313376,139.69497084617615,2012-04-04 18:10:06,2012-04-02,train,2097_0
2097,2117,56,Electronics Store,35.532915974237056,139.69706296920776,2012-04-04 18:27:43,2012-04-02,train,2097_0
2097,748,69,Train Station,35.53275445184632,139.7007429599762,2012-04-04 18:45:33,2012-04-02,train,2097_0
2097,4259,197,Bridge,35.5367662225232,139.70287799835205,2012-04-04 18:47:46,2012-04-02,train,2097_0
2097,394,69,Train Station,35.56068371332292,139.72373016178608,2012-04-04 18:51:10,2012-04-02,train,2097_0
2097,598,69,Train Station,35.55453957584106,139.72971081733704,2012-04-04 18:59:04,2012-04-02,train,2097_0
2097,598,69,Train Station,35.55453957584106,139.72971081733704,2012-04-05 08:49:31,2012-04-02,train,2097_0
2097,1601,236,Subway,35.681387437024455,139.77555513381958,2012-04-05 09:23:19,2012-04-02,train,2097_0
2097,598,69,Train Station,35.55453957584106,139.72971081733704,2012-04-08 09:17:53,2012-04-02,train,2097_0
2097,394,69,Train Station,35.56068371332292,139.72373016178608,2012-04-08 09:19:35,2012-04-02,train,2097_0
2097,5218,236,Subway,35.639196927544624,139.74023580551147,2012-04-08 09:35:32,2012-04-02,train,2097_0
2097,2455,236,Subway,35.61470924222251,139.7163963317871,2012-04-08 09:45:27,2012-04-02,train,2097_0
2097,2305,237,Mall,35.615672312773924,139.71503511525628,2012-04-08 09:48:40,2012-04-02,train,2097_0
2097,2305,237,Mall,35.615672312773924,139.71503511525628,2012-04-08 11:38:56,2012-04-02,train,2097_0
2097,1124,69,Train Station,35.615991369048665,139.7150284051895,2012-04-08 11:40:00,2012-04-02,train,2097_0
2097,2455,236,Subway,35.61470924222251,139.7163963317871,2012-04-08 11:41:46,2012-04-02,train,2097_0
2097,4259,197,Bridge,35.5367662225232,139.70287799835205,2012-04-08 12:11:43,2012-04-02,train,2097_0
2097,748,69,Train Station,35.53275445184632,139.7007429599762,2012-04-08 12:12:53,2012-04-02,train,2097_0
2097,208,69,Train Station,35.53132692901326,139.69690203666687,2012-04-08 12:19:10,2012-04-02,train,2097_0
2097,2117,56,Electronics Store,35.532915974237056,139.69706296920776,2012-04-08 12:22:24,2012-04-02,train,2097_0
2097,2584,39,Food & Drink Shop,35.533151709034456,139.6963334083557,2012-04-08 12:35:35,2012-04-02,train,2097_0
2097,821,287,Concert Hall,35.53095149065529,139.69476699829102,2012-04-08 12:52:01,2012-04-02,train,2097_0
2097,2945,233,Hobby Shop,35.53094712508265,139.69472140073776,2012-04-08 12:55:15,2012-04-02,train,2097_0
2097,306,56,Electronics Store,35.52956759223309,139.69642460346222,2012-04-08 13:12:36,2012-04-02,train,2097_0
2097,4392,233,Hobby Shop,35.529895,139.697101,2012-04-08 13:19:22,2012-04-02,train,2097_0
2097,748,69,Train Station,35.53275445184632,139.7007429599762,2012-04-08 13:38:21,2012-04-02,train,2097_0
2097,4259,197,Bridge,35.5367662225232,139.70287799835205,2012-04-08 13:44:41,2012-04-02,train,2097_0
2097,578,69,Train Station,35.57907348779101,139.73499476909635,2012-04-08 13:53:10,2012-04-02,train,2097_0
2097,5795,200,Arcade,35.58377497662111,139.73995685577393,2012-04-08 16:49:28,2012-04-02,train,2097_0
2097,578,69,Train Station,35.57907348779101,139.73499476909635,2012-04-08 17:27:56,2012-04-02,train,2097_0
2097,1794,69,Train Station,35.54872831481376,139.75403241813183,2012-04-08 17:46:57,2012-04-02,train,2097_0
2097,3871,256,Convenience Store,35.55191223,139.740783,2012-04-08 21:23:23,2012-04-02,train,2097_0
2097,7236,256,Convenience Store,35.553028647805604,139.7355422066682,2012-04-08 21:29:38,2012-04-02,train,2097_0
2098,819,76,Government Building,35.710036,139.810697,2012-04-04 09:25:34,2012-04-02,train,2098_0
2098,142,69,Train Station,35.698596195264464,139.77301824864617,2012-04-04 14:56:08,2012-04-02,train,2098_0
2098,1057,26,Japanese Restaurant,35.702173751235755,139.77137088775635,2012-04-04 15:10:25,2012-04-02,train,2098_0
2098,819,76,Government Building,35.710036,139.810697,2012-04-04 23:29:00,2012-04-02,train,2098_0
2098,819,76,Government Building,35.710036,139.810697,2012-04-05 09:02:26,2012-04-02,train,2098_0
2099,258,236,Subway,35.682058469518815,139.78602647781372,2012-04-05 18:59:22,2012-04-02,train,2099_0
2099,87,69,Train Station,35.65852172695124,139.7013260344949,2012-04-08 22:26:12,2012-04-02,train,2099_0
2103,142,69,Train Station,35.698596195264464,139.77301824864617,2012-04-08 13:31:42,2012-04-02,train,2103_0
2103,3576,32,Bookstore,35.700371337908884,139.77054342627525,2012-04-08 13:43:21,2012-04-02,train,2103_0
2103,6982,233,Hobby Shop,35.69888254644675,139.77041333913803,2012-04-08 13:56:03,2012-04-02,train,2103_0
2103,7412,233,Hobby Shop,35.70133299311063,139.77131724357605,2012-04-08 14:16:24,2012-04-02,train,2103_0
2103,7269,233,Hobby Shop,35.70058592153254,139.7718348368695,2012-04-08 14:19:52,2012-04-02,train,2103_0
2103,6588,32,Bookstore,35.699507689773235,139.77045357227323,2012-04-08 14:31:53,2012-04-02,train,2103_0
2103,3576,32,Bookstore,35.700371337908884,139.77054342627525,2012-04-08 14:43:13,2012-04-02,train,2103_0
2103,6588,32,Bookstore,35.699507689773235,139.77045357227323,2012-04-08 15:21:59,2012-04-02,train,2103_0
2103,7022,121,Café,35.699527,139.770389,2012-04-08 15:24:24,2012-04-02,train,2103_0
2103,7413,233,Hobby Shop,35.699538184444286,139.7703516483307,2012-04-08 15:26:43,2012-04-02,train,2103_0
2103,6967,221,Toy / Game Store,35.69957739186133,139.77050185203552,2012-04-08 15:29:34,2012-04-02,train,2103_0
2103,6636,221,Toy / Game Store,35.69920492062089,139.7704267501831,2012-04-08 15:44:09,2012-04-02,train,2103_0
2103,5592,233,Hobby Shop,35.698916308667975,139.77080091834068,2012-04-08 15:49:54,2012-04-02,train,2103_0
2103,2095,221,Toy / Game Store,35.69889343748743,139.77101683616638,2012-04-08 15:55:08,2012-04-02,train,2103_0
2103,5680,32,Bookstore,35.69865383424909,139.76969987154007,2012-04-08 16:07:13,2012-04-02,train,2103_0
2103,3669,221,Toy / Game Store,35.6988270021162,139.77188855409622,2012-04-08 16:11:57,2012-04-02,train,2103_0
2103,6518,221,Toy / Game Store,35.69803086246004,139.7715264558792,2012-04-08 16:31:22,2012-04-02,train,2103_0
2103,6104,233,Hobby Shop,35.69815396404677,139.77151034075743,2012-04-08 16:33:30,2012-04-02,train,2103_0
2103,5324,221,Toy / Game Store,35.69770848353939,139.7716122865677,2012-04-08 16:43:15,2012-04-02,train,2103_0
2103,4375,63,Video Store,35.697863138454494,139.771488904953,2012-04-08 16:48:44,2012-04-02,train,2103_0
2103,1792,56,Electronics Store,35.69980827959299,139.77182149887085,2012-04-08 16:54:34,2012-04-02,train,2103_0
2103,4175,233,Hobby Shop,35.701228442257666,139.7717598080635,2012-04-08 17:06:39,2012-04-02,train,2103_0
2103,101,32,Bookstore,35.700426881163665,139.77175176143646,2012-04-08 17:15:41,2012-04-02,train,2103_0
2103,2003,233,Hobby Shop,35.700487869791004,139.77178394794464,2012-04-08 17:20:26,2012-04-02,train,2103_0
2103,6588,32,Bookstore,35.699507689773235,139.77045357227323,2012-04-08 17:30:12,2012-04-02,train,2103_0
2103,7022,121,Café,35.699527,139.770389,2012-04-08 18:19:49,2012-04-02,train,2103_0
2103,3921,233,Hobby Shop,35.70156169762353,139.77036237716675,2012-04-08 18:29:51,2012-04-02,train,2103_0
2103,4175,233,Hobby Shop,35.701228442257666,139.7717598080635,2012-04-08 18:37:18,2012-04-02,train,2103_0
2103,7295,233,Hobby Shop,35.701328740056084,139.7723240805121,2012-04-08 18:49:56,2012-04-02,train,2103_0
2103,7326,221,Toy / Game Store,35.701001914939255,139.77131187915802,2012-04-08 19:08:07,2012-04-02,train,2103_0
2103,3669,221,Toy / Game Store,35.6988270021162,139.77188855409622,2012-04-08 19:19:03,2012-04-02,train,2103_0
2103,3576,32,Bookstore,35.700371337908884,139.77054342627525,2012-04-08 20:02:07,2012-04-02,train,2103_0
2103,6588,32,Bookstore,35.699507689773235,139.77045357227323,2012-04-08 20:31:42,2012-04-02,train,2103_0
2103,2862,56,Electronics Store,35.70104547793508,139.77180004119873,2012-04-08 21:07:08,2012-04-02,train,2103_0
2103,633,56,Electronics Store,35.69901541704127,139.7746217250824,2012-04-08 21:17:00,2012-04-02,train,2103_0
2103,2576,236,Subway,35.69807224884871,139.77548003196716,2012-04-08 22:01:30,2012-04-02,train,2103_0
2107,43,69,Train Station,35.69080269423021,139.70027922656513,2012-04-04 08:10:59,2012-04-02,train,2107_0
2107,662,69,Train Station,35.73651527788601,139.74682331085205,2012-04-04 08:27:11,2012-04-02,train,2107_0
2107,846,59,Office,35.72989637621322,139.7474241256714,2012-04-04 08:42:35,2012-04-02,train,2107_0
2107,43,69,Train Station,35.69080269423021,139.70027922656513,2012-04-04 18:06:33,2012-04-02,train,2107_0
2107,43,69,Train Station,35.69080269423021,139.70027922656513,2012-04-05 17:44:09,2012-04-02,train,2107_0
2109,4818,69,Train Station,35.67751799670805,139.76539492607117,2012-04-04 07:55:23,2012-04-02,train,2109_0
2109,7093,69,Train Station,35.6282272323851,139.73871231079102,2012-04-04 15:22:41,2012-04-02,train,2109_0
2109,7187,69,Train Station,35.67765108354296,139.76515563968997,2012-04-04 21:03:57,2012-04-02,train,2109_0
2110,4412,63,Video Store,35.77897202061566,139.72229182720184,2012-04-04 15:02:00,2012-04-02,train,2110_0
2110,3974,14,Dumpling Restaurant,35.776028901301544,139.7222039848566,2012-04-04 15:37:21,2012-04-02,train,2110_0
2110,5316,26,Japanese Restaurant,35.76500946099483,139.73596036434174,2012-04-06 23:12:08,2012-04-02,train,2110_0
2110,3580,189,Ramen /  Noodle House,35.77206939074145,139.73317086696625,2012-04-07 23:07:24,2012-04-02,train,2110_0
2110,407,234,Light Rail,35.63022857282679,139.79136675596237,2012-04-08 19:00:43,2012-04-02,train,2110_0
2110,2549,240,Convention Center,35.62986667837494,139.79426622390747,2012-04-08 19:01:56,2012-04-02,train,2110_0
2111,750,69,Train Station,35.82842622855593,139.80346620082855,2012-04-05 08:34:12,2012-04-02,train,2111_0
2111,5098,197,Bridge,35.75932885298472,139.80276346206665,2012-04-08 13:36:57,2012-04-02,train,2111_0
2111,3916,112,Other Great Outdoors,35.683067186319114,139.8474571108818,2012-04-08 14:20:56,2012-04-02,train,2111_0
2111,1241,113,Park,35.64299847375349,139.8603343963623,2012-04-08 15:11:48,2012-04-02,train,2111_0
2112,352,236,Subway,35.69550407383317,139.75170493125916,2012-04-05 03:19:49,2012-04-02,train,2112_0
2112,236,236,Subway,35.67204468417157,139.76417183876038,2012-04-05 03:28:35,2012-04-02,train,2112_0
2112,244,236,Subway,35.66807019653415,139.77252960205078,2012-04-05 03:32:24,2012-04-02,train,2112_0
2112,965,21,Food & Drink Shop,35.665158933103505,139.76979911327362,2012-04-05 04:10:18,2012-04-02,train,2112_0
2112,7006,233,Hobby Shop,35.73235910631327,139.7096389047196,2012-04-05 19:29:18,2012-04-02,train,2112_0
2112,763,69,Train Station,35.752433225195475,139.7381329536438,2012-04-08 14:43:28,2012-04-02,train,2112_0
2112,134,69,Train Station,35.70230879446056,139.7450315952301,2012-04-08 15:02:42,2012-04-02,train,2112_0
2112,345,236,Subway,35.65486406347791,139.79626715183258,2012-04-08 15:23:29,2012-04-02,train,2112_0
2112,2549,240,Convention Center,35.62986667837494,139.79426622390747,2012-04-08 15:38:47,2012-04-02,train,2112_0
2112,345,236,Subway,35.65486406347791,139.79626715183258,2012-04-08 21:41:18,2012-04-02,train,2112_0
2112,7306,237,Mall,35.655517201117924,139.79432923110124,2012-04-08 21:42:33,2012-04-02,train,2112_0
2113,5165,39,Food & Drink Shop,35.73648915172404,139.48875188827515,2012-04-04 10:36:45,2012-04-02,train,2113_0
2113,3315,39,Food & Drink Shop,35.727858340463435,139.5116901397705,2012-04-08 16:24:05,2012-04-02,train,2113_0
2114,43,69,Train Station,35.69080269423021,139.70027922656513,2012-04-04 08:37:49,2012-04-02,train,2114_0
2114,3488,122,Fast Food Restaurant,35.68869659404324,139.6986159682274,2012-04-04 21:34:24,2012-04-02,train,2114_0
2114,43,69,Train Station,35.69080269423021,139.70027922656513,2012-04-04 21:38:29,2012-04-02,train,2114_0
2114,43,69,Train Station,35.69080269423021,139.70027922656513,2012-04-05 08:40:31,2012-04-02,train,2114_0
2119,6713,126,Office,35.67038995075908,139.7071254958307,2012-04-04 18:59:29,2012-04-02,train,2119_0
2119,6870,237,Mall,35.68195389339741,139.70120698213577,2012-04-04 21:20:04,2012-04-02,train,2119_0
2119,1426,198,Coffee Shop,35.68812097,139.700305,2012-04-08 11:27:33,2012-04-02,train,2119_0
2119,4369,113,Park,35.64738833706854,139.77171421051025,2012-04-08 14:03:31,2012-04-02,train,2119_0
2119,87,69,Train Station,35.65852172695124,139.7013260344949,2012-04-08 14:48:26,2012-04-02,train,2119_0
2121,189,69,Train Station,35.729864636451765,139.7109555727517,2012-04-05 08:24:41,2012-04-02,train,2121_0
2121,312,236,Subway,35.69085980180074,139.704852104187,2012-04-05 08:34:47,2012-04-02,train,2121_0
2121,43,69,Train Station,35.69080269423021,139.70027922656513,2012-04-05 18:54:46,2012-04-02,train,2121_0
2122,2875,69,Train Station,35.68304104263214,139.70215916633606,2012-04-04 08:30:00,2012-04-02,train,2122_0
2122,43,69,Train Station,35.69080269423021,139.70027922656513,2012-04-04 08:35:33,2012-04-02,train,2122_0
2122,5689,237,Mall,35.68940895594641,139.6988010406494,2012-04-04 09:36:18,2012-04-02,train,2122_0
2122,1434,69,Train Station,35.68971829766635,139.69925165176392,2012-04-04 09:59:59,2012-04-02,train,2122_0
2122,3028,237,Mall,35.67985362727446,139.76879596710205,2012-04-04 14:52:54,2012-04-02,train,2122_0
2122,4080,69,Train Station,35.67993968698292,139.76821526885033,2012-04-04 15:24:58,2012-04-02,train,2122_0
2122,1434,69,Train Station,35.68971829766635,139.69925165176392,2012-04-04 16:16:21,2012-04-02,train,2122_0
2122,142,69,Train Station,35.698596195264464,139.77301824864617,2012-04-04 16:46:59,2012-04-02,train,2122_0
2122,3085,44,Bar,35.700104511929894,139.77396726608276,2012-04-04 17:04:29,2012-04-02,train,2122_0
2122,3367,236,Subway,35.674236929560095,139.75907399825647,2012-04-04 20:12:46,2012-04-02,train,2122_0
2124,2986,69,Train Station,35.71295470815622,139.70370411872864,2012-04-04 06:50:16,2012-04-02,train,2124_0
2124,2569,69,Train Station,35.65948427920908,139.70020651817322,2012-04-04 07:09:32,2012-04-02,train,2124_0
2125,7215,200,Arcade,35.761339965190935,139.72170442342758,2012-04-04 14:59:48,2012-04-02,train,2125_0
2125,887,69,Train Station,35.76023429507489,139.7222113609314,2012-04-04 15:20:50,2012-04-02,train,2125_0
2125,887,69,Train Station,35.76023429507489,139.7222113609314,2012-04-04 23:59:55,2012-04-02,train,2125_0
2125,43,69,Train Station,35.69080269423021,139.70027922656513,2012-04-07 22:33:30,2012-04-02,train,2125_0
2125,887,69,Train Station,35.76023429507489,139.7222113609314,2012-04-08 11:40:29,2012-04-02,train,2125_0
2125,1248,113,Park,35.67070244512674,139.69663381576538,2012-04-08 12:11:57,2012-04-02,train,2125_0
2125,4055,205,Other Great Outdoors,35.67282038345795,139.6943163871765,2012-04-08 13:56:33,2012-04-02,train,2125_0
2125,87,69,Train Station,35.65852172695124,139.7013260344949,2012-04-08 17:29:53,2012-04-02,train,2125_0
2125,545,69,Train Station,35.62752522528485,139.77879524230957,2012-04-08 17:50:49,2012-04-02,train,2125_0
2125,4157,287,Concert Hall,35.62592061448008,139.7822231054306,2012-04-08 17:54:37,2012-04-02,train,2125_0
2125,545,69,Train Station,35.62752522528485,139.77879524230957,2012-04-08 21:22:56,2012-04-02,train,2125_0
2125,887,69,Train Station,35.76023429507489,139.7222113609314,2012-04-08 21:57:52,2012-04-02,train,2125_0
2126,87,69,Train Station,35.65852172695124,139.7013260344949,2012-04-04 10:32:51,2012-04-02,train,2126_0
2126,43,69,Train Station,35.69080269423021,139.70027922656513,2012-04-04 18:48:07,2012-04-02,train,2126_0
2126,4244,56,Electronics Store,35.69330395991252,139.7008180618286,2012-04-04 18:48:55,2012-04-02,train,2126_0
2126,283,56,Electronics Store,35.69256767061045,139.69870448112488,2012-04-04 18:50:43,2012-04-02,train,2126_0
2126,1041,32,Bookstore,35.69218209628195,139.70295310020447,2012-04-04 18:55:39,2012-04-02,train,2126_0
2126,43,69,Train Station,35.69080269423021,139.70027922656513,2012-04-08 15:47:10,2012-04-02,train,2126_0
2133,5121,122,Fast Food Restaurant,35.74346797360312,139.60571094229317,2012-04-08 15:10:48,2012-04-02,train,2133_0
2133,6802,180,Restaurant,35.74261,139.603328,2012-04-08 20:18:58,2012-04-02,train,2133_0
2135,2434,69,Train Station,35.67067629738875,139.70252394676208,2012-04-04 19:36:12,2012-04-02,train,2135_0
2135,145,69,Train Station,35.6961052825236,139.79252815246582,2012-04-04 20:12:54,2012-04-02,train,2135_0
2135,145,69,Train Station,35.6961052825236,139.79252815246582,2012-04-05 08:14:18,2012-04-02,train,2135_0
2135,2434,69,Train Station,35.67067629738875,139.70252394676208,2012-04-05 08:44:43,2012-04-02,train,2135_0
2135,2434,69,Train Station,35.67067629738875,139.70252394676208,2012-04-05 19:09:47,2012-04-02,train,2135_0
2138,561,69,Train Station,35.5848776,139.58198,2012-04-04 08:37:37,2012-04-02,train,2138_0
2138,5698,69,Train Station,35.59995458300269,139.6105992794037,2012-04-04 08:47:55,2012-04-02,train,2138_0
2138,2476,69,Train Station,35.607648454531194,139.73473727703094,2012-04-04 09:24:40,2012-04-02,train,2138_0
2138,5773,59,Office,35.65448717861441,139.75707954487115,2012-04-04 09:44:13,2012-04-02,train,2138_0
2138,5858,104,Other Great Outdoors,35.653332557588925,139.75722428466315,2012-04-04 13:23:52,2012-04-02,train,2138_0
2138,1934,236,Subway,35.68860291906892,139.69895124435425,2012-04-04 13:54:34,2012-04-02,train,2138_0
2138,969,59,Office,35.687923227588456,139.69480454921722,2012-04-04 16:28:19,2012-04-02,train,2138_0
2138,312,236,Subway,35.69085980180074,139.704852104187,2012-04-04 18:25:26,2012-04-02,train,2138_0
2138,2097,236,Subway,35.66287517311728,139.73145961761475,2012-04-04 18:48:05,2012-04-02,train,2138_0
2138,1406,44,Bar,35.66270083761031,139.73302334547043,2012-04-04 18:53:49,2012-04-02,train,2138_0
2138,561,69,Train Station,35.5848776,139.58198,2012-04-05 00:10:33,2012-04-02,train,2138_0
2138,5773,59,Office,35.65493343808764,139.75700467960002,2012-04-05 07:57:13,2012-04-02,train,2138_0
2138,2097,236,Subway,35.66287517311728,139.73145961761475,2012-04-06 23:55:55,2012-04-02,train,2138_0
2138,3396,69,Train Station,35.60749357553002,139.6688192064755,2012-04-07 00:27:09,2012-04-02,train,2138_0
2138,80,69,Train Station,35.6114994740578,139.62661743164062,2012-04-07 00:53:46,2012-04-02,train,2138_0
2138,561,69,Train Station,35.5848776,139.58198,2012-04-07 01:09:43,2012-04-02,train,2138_0
2138,6488,256,Convenience Store,35.65551352504206,139.7568118572235,2012-04-07 09:16:48,2012-04-02,train,2138_0
2138,5773,59,Office,35.65448717861441,139.75707954487115,2012-04-07 09:22:53,2012-04-02,train,2138_0
2143,2575,198,Coffee Shop,35.661579,139.585705,2012-04-04 20:00:55,2012-04-02,train,2143_0
2143,2301,39,Food & Drink Shop,35.661189092190185,139.58583116203928,2012-04-04 21:22:20,2012-04-02,train,2143_0
2143,295,69,Train Station,35.6622998644997,139.58487153053284,2012-04-05 19:31:25,2012-04-02,train,2143_0
2143,2575,198,Coffee Shop,35.661579,139.585705,2012-04-05 21:01:53,2012-04-02,train,2143_0
2143,2165,198,Coffee Shop,35.56259782986844,139.71565067768097,2012-04-07 22:45:52,2012-04-02,train,2143_0
2143,5527,116,Sculpture Garden,35.65436596147994,139.75688423249474,2012-04-08 16:34:24,2012-04-02,train,2143_0
2143,299,69,Train Station,35.668361407560894,139.6504027448891,2012-04-08 17:11:39,2012-04-02,train,2143_0
2143,43,69,Train Station,35.69080269423021,139.70027922656513,2012-04-08 20:49:09,2012-04-02,train,2143_0
2143,189,69,Train Station,35.729864636451765,139.7109555727517,2012-04-08 21:02:33,2012-04-02,train,2143_0
2143,2988,236,Subway,35.730273058734824,139.71137791872025,2012-04-08 22:39:15,2012-04-02,train,2143_0
2143,2846,236,Subway,35.686520256346704,139.7661942243576,2012-04-08 23:03:51,2012-04-02,train,2143_0
2143,5880,69,Train Station,35.68201489615155,139.7658348083496,2012-04-08 23:06:01,2012-04-02,train,2143_0
2143,4210,281,Train Station,35.6813177190391,139.76661264896393,2012-04-08 23:09:03,2012-04-02,train,2143_0
2143,4905,69,Train Station,35.56247782390475,139.7160503268242,2012-04-08 23:33:20,2012-04-02,train,2143_0
2146,1449,113,Park,35.798075166117705,139.7717497497797,2012-04-04 13:39:23,2012-04-02,train,2146_0
2146,1390,237,Mall,35.77522310419579,139.78598958388108,2012-04-06 22:23:32,2012-04-02,train,2146_0
2147,1914,128,Gym / Fitness Center,35.71352965156828,139.7776472568512,2012-04-04 20:07:12,2012-04-02,train,2147_0
2147,4063,208,Playground,35.726813173697096,139.77697134017944,2012-04-05 01:52:52,2012-04-02,train,2147_0
2147,4824,6,Clothing Store,35.72851914140739,139.77467050907774,2012-04-05 02:07:57,2012-04-02,train,2147_0
2147,1762,113,Park,35.66644242996288,139.75287226310007,2012-04-05 17:32:08,2012-04-02,train,2147_0
2147,4824,6,Clothing Store,35.72851914140739,139.77467050907774,2012-04-05 21:03:49,2012-04-02,train,2147_0
2147,5666,193,Bar,35.715545,139.779451,2012-04-06 23:51:03,2012-04-02,train,2147_0
2147,5666,193,Bar,35.715545,139.779451,2012-04-08 21:14:39,2012-04-02,train,2147_0
2148,7255,81,Building,35.62411832972584,139.7289667933001,2012-04-05 21:03:51,2012-04-02,train,2148_0
2148,2317,32,Bookstore,35.64984254480132,139.55740571022034,2012-04-08 21:35:28,2012-04-02,train,2148_0
2149,2100,189,Ramen /  Noodle House,35.64984879698561,139.7120754746354,2012-04-04 12:12:34,2012-04-02,train,2149_0
2149,3699,69,Train Station,35.70087122580895,139.6972131729126,2012-04-04 22:33:59,2012-04-02,train,2149_0
2149,6273,59,Office,35.658232529147256,139.70853678173,2012-04-05 18:25:45,2012-04-02,train,2149_0
2149,1171,56,Electronics Store,35.73099375847875,139.71370339393616,2012-04-07 21:29:20,2012-04-02,train,2149_0
2149,625,228,Furniture / Home Store,35.72766237273936,139.71147179603577,2012-04-08 18:54:10,2012-04-02,train,2149_0
2154,4142,59,Office,35.700361536154034,139.75042819976807,2012-04-04 08:52:57,2012-04-02,train,2154_0
2154,2869,189,Ramen /  Noodle House,35.70140704988187,139.753839969635,2012-04-04 11:49:33,2012-04-02,train,2154_0
2154,142,69,Train Station,35.698596195264464,139.77301824864617,2012-04-04 18:14:43,2012-04-02,train,2154_0
2154,3633,69,Train Station,35.62850802377022,139.73833131832686,2012-04-04 18:32:10,2012-04-02,train,2154_0
2154,112,69,Train Station,35.62645040122807,139.72343981266022,2012-04-04 22:24:16,2012-04-02,train,2154_0
2154,142,69,Train Station,35.698596195264464,139.77301824864617,2012-04-04 22:50:56,2012-04-02,train,2154_0
2154,7283,256,Convenience Store,35.694335275896705,139.79210188152578,2012-04-04 23:06:54,2012-04-02,train,2154_0
2154,114,32,Bookstore,35.69949897700794,139.77110266685486,2012-04-05 17:50:32,2012-04-02,train,2154_0
2154,101,32,Bookstore,35.700426881163665,139.77175176143646,2012-04-05 17:57:51,2012-04-02,train,2154_0
2154,2862,56,Electronics Store,35.70104547793508,139.77180004119873,2012-04-05 18:02:04,2012-04-02,train,2154_0
2154,5539,23,Drugstore / Pharmacy,35.695985555648804,139.804102,2012-04-05 18:27:03,2012-04-02,train,2154_0
2154,5540,39,Food & Drink Shop,35.696069804818336,139.80393375831443,2012-04-05 18:30:45,2012-04-02,train,2154_0
2154,5522,69,Train Station,35.6964363810264,139.81394827365875,2012-04-08 17:17:29,2012-04-02,train,2154_0
2154,5540,39,Food & Drink Shop,35.696069804818336,139.80393375831443,2012-04-08 17:23:18,2012-04-02,train,2154_0
2154,5539,23,Drugstore / Pharmacy,35.695985555648804,139.804102,2012-04-08 17:26:48,2012-04-02,train,2154_0
2159,16,231,Hotel,35.65957251713777,139.72859383897185,2012-04-05 09:19:51,2012-04-02,train,2159_0
2159,6363,127,Gym / Fitness Center,35.60496922824849,139.67145978637268,2012-04-08 14:06:17,2012-04-02,train,2159_0
2160,43,69,Train Station,35.69080269423021,139.70027922656513,2012-04-08 18:23:55,2012-04-02,train,2160_0
2160,1093,20,Record Shop,35.69054236,139.703552,2012-04-08 18:29:32,2012-04-02,train,2160_0
2160,982,189,Ramen /  Noodle House,35.69580250045255,139.70195531845093,2012-04-08 23:41:31,2012-04-02,train,2160_0
2160,418,189,Ramen /  Noodle House,35.695690512657166,139.69835038,2012-04-08 23:42:27,2012-04-02,train,2160_0
2162,142,69,Train Station,35.698596195264464,139.77301824864617,2012-04-04 11:35:59,2012-04-02,train,2162_0
2162,7423,35,Bar,35.70161549802526,139.77971314780146,2012-04-04 11:57:15,2012-04-02,train,2162_0
2162,142,69,Train Station,35.698596195264464,139.77301824864617,2012-04-04 13:21:29,2012-04-02,train,2162_0
2162,5168,69,Train Station,35.691522040986186,139.701247215271,2012-04-04 13:32:58,2012-04-02,train,2162_0
2162,304,69,Train Station,35.70025262768564,139.48025465011597,2012-04-04 13:58:58,2012-04-02,train,2162_0
2162,6180,203,Bowling Alley,35.66722907893351,139.47742760181427,2012-04-04 14:28:54,2012-04-02,train,2162_0
2162,7423,35,Bar,35.70161549802526,139.77971314780146,2012-04-08 02:06:59,2012-04-02,train,2162_0
2162,1420,241,Miscellaneous Shop,35.7007492490941,139.7719180583954,2012-04-08 22:54:50,2012-04-02,train,2162_0
2162,4368,39,Food & Drink Shop,35.70000657571289,139.7802823437972,2012-04-08 23:25:45,2012-04-02,train,2162_0
2162,7423,35,Bar,35.70161549802526,139.77971314780146,2012-04-08 23:40:08,2012-04-02,train,2162_0
2165,1563,198,Coffee Shop,35.6831521532426,139.76899445056915,2012-04-05 08:22:38,2012-04-02,train,2165_0
2165,6638,67,Gift Shop,35.68130028953327,139.7692358493805,2012-04-05 19:31:18,2012-04-02,train,2165_0
2165,6433,281,Train Station,35.69029340866144,139.69973981380463,2012-04-06 21:59:29,2012-04-02,train,2165_0
2166,7430,59,Office,35.58675900543163,139.7061288356781,2012-04-04 12:22:03,2012-04-02,train,2166_0
2166,935,236,Subway,35.586863706177525,139.70593571662903,2012-04-04 20:35:28,2012-04-02,train,2166_0
2166,4960,256,Convenience Store,35.70954851893247,139.7935688495636,2012-04-04 21:25:18,2012-04-02,train,2166_0
2166,935,236,Subway,35.586863706177525,139.70593571662903,2012-04-05 20:45:56,2012-04-02,train,2166_0
2166,935,236,Subway,35.586863706177525,139.70593571662903,2012-04-06 22:00:07,2012-04-02,train,2166_0
2166,2511,236,Subway,35.70895612333854,139.79656219482422,2012-04-06 23:00:20,2012-04-02,train,2166_0
2166,146,69,Train Station,35.6964320244761,139.81394290924072,2012-04-07 21:52:11,2012-04-02,train,2166_0
2166,140,69,Train Station,35.71341172584363,139.77605844022628,2012-04-08 00:41:04,2012-04-02,train,2166_0
2166,5259,229,Road,35.70967919383842,139.79138553142548,2012-04-08 01:00:13,2012-04-02,train,2166_0
2166,7430,59,Office,35.58675900543163,139.7061288356781,2012-04-08 16:28:34,2012-04-02,train,2166_0
2166,4923,83,Spiritual Center,35.5791598,139.71142254,2012-04-08 21:40:36,2012-04-02,train,2166_0
2166,935,236,Subway,35.586863706177525,139.70593571662903,2012-04-08 21:49:10,2012-04-02,train,2166_0
2167,174,69,Train Station,35.619699172885795,139.72855277359486,2012-04-04 09:14:04,2012-04-02,train,2167_0
2167,1615,69,Train Station,35.645731813210055,139.7475689649582,2012-04-04 09:25:28,2012-04-02,train,2167_0
2167,1615,69,Train Station,35.645731813210055,139.7475689649582,2012-04-04 18:16:52,2012-04-02,train,2167_0
2167,174,69,Train Station,35.619699172885795,139.72855277359486,2012-04-04 18:25:57,2012-04-02,train,2167_0
2167,174,69,Train Station,35.619699172885795,139.72855277359486,2012-04-05 09:12:49,2012-04-02,train,2167_0
2167,7194,216,Internet Cafe,35.643120538754175,139.74916756153107,2012-04-05 18:16:55,2012-04-02,train,2167_0
2167,1615,69,Train Station,35.645731813210055,139.7475689649582,2012-04-05 18:53:36,2012-04-02,train,2167_0
2167,174,69,Train Station,35.619699172885795,139.72855277359486,2012-04-05 19:05:09,2012-04-02,train,2167_0
2167,174,69,Train Station,35.619699172885795,139.72855277359486,2012-04-07 09:13:17,2012-04-02,train,2167_0
2167,174,69,Train Station,35.619699172885795,139.72855277359486,2012-04-08 10:36:06,2012-04-02,train,2167_0
2167,43,69,Train Station,35.69080269423021,139.70027922656513,2012-04-08 10:53:15,2012-04-02,train,2167_0
2167,129,69,Train Station,35.70582855009322,139.66579914093018,2012-04-08 17:49:36,2012-04-02,train,2167_0
2167,43,69,Train Station,35.69080269423021,139.70027922656513,2012-04-08 18:01:36,2012-04-02,train,2167_0
2167,174,69,Train Station,35.619699172885795,139.72855277359486,2012-04-08 18:16:04,2012-04-02,train,2167_0
2167,6435,241,Miscellaneous Shop,35.620317305175675,139.72895979881287,2012-04-08 18:35:00,2012-04-02,train,2167_0
2169,4855,200,Arcade,35.73222829545424,139.71033722162247,2012-04-04 19:36:23,2012-04-02,train,2169_0
2169,189,69,Train Station,35.729864636451765,139.7109555727517,2012-04-05 19:11:22,2012-04-02,train,2169_0
2169,5510,200,Arcade,35.78830223981557,139.61157828569412,2012-04-05 20:00:03,2012-04-02,train,2169_0
2169,142,69,Train Station,35.698596195264464,139.77301824864617,2012-04-08 12:40:14,2012-04-02,train,2169_0
2169,7022,121,Café,35.699527,139.770389,2012-04-08 12:47:46,2012-04-02,train,2169_0
2169,7415,6,Clothing Store,35.69945105678179,139.7703194618225,2012-04-08 15:06:52,2012-04-02,train,2169_0
2169,7414,233,Hobby Shop,35.69945976955232,139.77043747901917,2012-04-08 15:10:13,2012-04-02,train,2169_0
2169,6967,221,Toy / Game Store,35.69957739186133,139.77050185203552,2012-04-08 15:41:27,2012-04-02,train,2169_0
2169,4315,61,Office,35.69988237126696,139.77241394202727,2012-04-08 16:05:53,2012-04-02,train,2169_0
2169,5762,200,Arcade,35.7007383583069,139.7718831896782,2012-04-08 16:25:13,2012-04-02,train,2169_0
2169,4503,69,Train Station,35.698494824429865,139.7725135087967,2012-04-08 18:36:50,2012-04-02,train,2169_0
2169,142,69,Train Station,35.698596195264464,139.77301824864617,2012-04-08 19:02:36,2012-04-02,train,2169_0
2169,140,69,Train Station,35.71341172584363,139.77605844022628,2012-04-08 19:10:25,2012-04-02,train,2169_0
2169,158,69,Train Station,35.77806243973507,139.72083806991577,2012-04-08 19:23:03,2012-04-02,train,2169_0
2170,208,69,Train Station,35.53132692901326,139.69690203666687,2012-04-04 15:30:26,2012-04-02,train,2170_0
2170,93,237,Mall,35.532942167026505,139.69576478004456,2012-04-04 15:31:35,2012-04-02,train,2170_0
2170,2117,56,Electronics Store,35.532915974237056,139.69706296920776,2012-04-04 15:33:27,2012-04-02,train,2170_0
2170,2273,241,Miscellaneous Shop,35.53304693809889,139.69472408294678,2012-04-04 15:41:52,2012-04-02,train,2170_0
2170,2951,29,Hardware Store,35.53297709073252,139.69470262527466,2012-04-04 15:50:12,2012-04-02,train,2170_0
2170,234,69,Train Station,35.6443150221341,139.69909071922302,2012-04-08 11:57:38,2012-04-02,train,2170_0
2170,7462,112,Other Great Outdoors,35.64388072184869,139.69950114457984,2012-04-08 12:13:29,2012-04-02,train,2170_0
2173,1882,122,Fast Food Restaurant,35.655849150760424,139.54292178153992,2012-04-04 17:14:48,2012-04-02,train,2173_0
2173,6458,39,Food & Drink Shop,35.63570911140519,139.51542377471924,2012-04-04 18:40:07,2012-04-02,train,2173_0
2173,220,69,Train Station,35.651889113311164,139.5443956553936,2012-04-04 22:26:14,2012-04-02,train,2173_0
2173,87,69,Train Station,35.65852172695124,139.7013260344949,2012-04-04 22:52:19,2012-04-02,train,2173_0
2173,271,236,Subway,35.66511535050908,139.71245884895325,2012-04-04 23:02:50,2012-04-02,train,2173_0
2173,87,69,Train Station,35.65852172695124,139.7013260344949,2012-04-05 06:39:19,2012-04-02,train,2173_0
2173,6458,39,Food & Drink Shop,35.63570911140519,139.51542377471924,2012-04-08 20:23:50,2012-04-02,train,2173_0
2175,705,69,Train Station,35.817647861960594,139.6695864200592,2012-04-04 07:51:11,2012-04-02,train,2175_0
2175,143,69,Train Station,35.691670172683054,139.7708773612976,2012-04-04 22:26:15,2012-04-02,train,2175_0
2175,705,69,Train Station,35.817647861960594,139.6695864200592,2012-04-04 23:00:50,2012-04-02,train,2175_0
2175,705,69,Train Station,35.817647861960594,139.6695864200592,2012-04-05 07:49:34,2012-04-02,train,2175_0
2175,705,69,Train Station,35.817647861960594,139.6695864200592,2012-04-05 20:53:29,2012-04-02,train,2175_0
2175,143,69,Train Station,35.691670172683054,139.7708773612976,2012-04-06 23:27:10,2012-04-02,train,2175_0
2177,427,236,Subway,35.69439313280583,139.69280898571014,2012-04-04 18:51:01,2012-04-02,train,2177_0
2177,43,69,Train Station,35.69080269423021,139.70027922656513,2012-04-08 18:26:05,2012-04-02,train,2177_0
2180,541,69,Train Station,35.84768054178072,139.66914921998978,2012-04-08 10:55:48,2012-04-02,train,2180_0
2180,189,69,Train Station,35.729864636451765,139.7109555727517,2012-04-08 17:47:25,2012-04-02,train,2180_0
2180,4614,69,Train Station,35.65623465412816,139.70302148814795,2012-04-08 17:55:00,2012-04-02,train,2180_0
2180,7142,69,Train Station,35.65907021417525,139.70113456249237,2012-04-08 18:00:24,2012-04-02,train,2180_0
2180,70,15,Clothing Store,35.65958452621023,139.6987098455429,2012-04-08 18:04:49,2012-04-02,train,2180_0
2180,1342,20,Record Shop,35.66188145562874,139.70105677843094,2012-04-08 19:16:20,2012-04-02,train,2180_0
2180,4614,69,Train Station,35.65623465412816,139.70302148814795,2012-04-08 19:49:38,2012-04-02,train,2180_0
2181,189,69,Train Station,35.729864636451765,139.7109555727517,2012-04-08 12:18:38,2012-04-02,train,2181_0
2181,142,69,Train Station,35.698596195264464,139.77301824864617,2012-04-08 12:44:44,2012-04-02,train,2181_0
2181,6580,5,Home (private),35.704528485059896,139.77798811779195,2012-04-08 12:45:09,2012-04-02,train,2181_0
2181,1360,233,Hobby Shop,35.698327101400224,139.77162837982178,2012-04-08 12:50:50,2012-04-02,train,2181_0
2181,817,54,Paper / Office Supplies Store,35.697973,139.78663036,2012-04-08 14:37:00,2012-04-02,train,2181_0
2181,3998,69,Train Station,35.81474644203188,139.5868364378428,2012-04-08 22:47:51,2012-04-02,train,2181_0
2182,4827,121,Café,35.563375,139.71502285555553,2012-04-04 06:54:28,2012-04-02,train,2182_0
2182,210,69,Train Station,35.562387290697124,139.71595281921518,2012-04-04 07:56:07,2012-04-02,train,2182_0
2182,174,69,Train Station,35.619699172885795,139.72855277359486,2012-04-04 18:10:41,2012-04-02,train,2182_0
2182,506,81,Building,35.61837240719924,139.72757577896118,2012-04-04 18:13:57,2012-04-02,train,2182_0
2182,109,69,Train Station,35.63014572966312,139.74042892456055,2012-04-04 21:11:50,2012-04-02,train,2182_0
2182,210,69,Train Station,35.562387290697124,139.71595281921518,2012-04-04 21:22:29,2012-04-02,train,2182_0
2182,4680,200,Arcade,35.56329208834256,139.71507002764665,2012-04-04 21:25:22,2012-04-02,train,2182_0
2182,6919,242,Parking,35.56464990403706,139.71669673919678,2012-04-04 23:56:25,2012-04-02,train,2182_0
2182,5840,32,Bookstore,35.561175202155766,139.71373826265335,2012-04-05 19:53:14,2012-04-02,train,2182_0
2182,4090,23,Drugstore / Pharmacy,35.562364070042506,139.71459123094502,2012-04-05 20:02:42,2012-04-02,train,2182_0
2182,4680,200,Arcade,35.56329208834256,139.71507002764665,2012-04-05 20:08:03,2012-04-02,train,2182_0
2182,6919,242,Parking,35.56464990403706,139.71669673919678,2012-04-07 00:35:27,2012-04-02,train,2182_0
2182,2345,97,Diner,35.576415314789216,139.71413388848305,2012-04-08 01:30:20,2012-04-02,train,2182_0
2182,4680,200,Arcade,35.56329208834256,139.71507002764665,2012-04-08 10:56:30,2012-04-02,train,2182_0
2182,210,69,Train Station,35.562387290697124,139.71595281921518,2012-04-08 11:25:10,2012-04-02,train,2182_0
2182,142,69,Train Station,35.698596195264464,139.77301824864617,2012-04-08 11:52:15,2012-04-02,train,2182_0
2182,3603,56,Electronics Store,35.7022151354741,139.77072447538376,2012-04-08 13:12:31,2012-04-02,train,2182_0
2182,3420,56,Electronics Store,35.7011739886341,139.7709819674492,2012-04-08 13:25:29,2012-04-02,train,2182_0
2182,3775,56,Electronics Store,35.70098666788508,139.77104634046557,2012-04-08 13:28:22,2012-04-02,train,2182_0
2182,7139,56,Electronics Store,35.70133590698242,139.77093505859375,2012-04-08 13:34:20,2012-04-02,train,2182_0
2182,6057,56,Electronics Store,35.70068555,139.770708,2012-04-08 13:52:30,2012-04-02,train,2182_0
2182,1902,56,Electronics Store,35.69931927601138,139.77021753787994,2012-04-08 14:00:52,2012-04-02,train,2182_0
2182,142,69,Train Station,35.698596195264464,139.77301824864617,2012-04-08 16:32:37,2012-04-02,train,2182_0
2182,44,69,Train Station,35.68137872227962,139.76608157157898,2012-04-08 16:42:41,2012-04-02,train,2182_0
2182,6176,195,Soup Place,35.69548664742672,139.77280721068382,2012-04-08 18:30:25,2012-04-02,train,2182_0
2182,6919,242,Parking,35.56464990403706,139.71669673919678,2012-04-08 22:29:02,2012-04-02,train,2182_0
2183,43,69,Train Station,35.69080269423021,139.70027922656513,2012-04-04 19:44:38,2012-04-02,train,2183_0
2183,87,69,Train Station,35.65852172695124,139.7013260344949,2012-04-05 19:26:45,2012-04-02,train,2183_0
2183,87,69,Train Station,35.65852172695124,139.7013260344949,2012-04-08 09:14:15,2012-04-02,train,2183_0
2183,2123,237,Mall,35.660132,139.69929698448018,2012-04-08 13:29:04,2012-04-02,train,2183_0
2183,2434,69,Train Station,35.67067629738875,139.70252394676208,2012-04-08 15:10:54,2012-04-02,train,2183_0
2183,189,69,Train Station,35.729864636451765,139.7109555727517,2012-04-08 16:54:19,2012-04-02,train,2183_0
2184,2511,236,Subway,35.70895612333854,139.79656219482422,2012-04-04 09:24:03,2012-04-02,train,2184_0
2184,2511,236,Subway,35.70895612333854,139.79656219482422,2012-04-04 19:58:54,2012-04-02,train,2184_0
2184,1048,69,Train Station,35.73827441973809,139.8485970497131,2012-04-04 20:25:58,2012-04-02,train,2184_0
2184,1048,69,Train Station,35.73827441973809,139.8485970497131,2012-04-05 08:53:46,2012-04-02,train,2184_0
2184,2511,236,Subway,35.70895612333854,139.79656219482422,2012-04-05 20:00:49,2012-04-02,train,2184_0
2184,1048,69,Train Station,35.73827441973809,139.8485970497131,2012-04-08 19:59:58,2012-04-02,train,2184_0
2188,1303,125,Post Office,35.677224516496295,139.6824708266676,2012-04-04 06:11:23,2012-04-02,train,2188_0
2188,2019,256,Convenience Store,35.681968449954425,139.68785458894575,2012-04-05 17:46:46,2012-04-02,train,2188_0
2188,2019,256,Convenience Store,35.681968449954425,139.68785458894575,2012-04-08 18:58:56,2012-04-02,train,2188_0
2188,1303,125,Post Office,35.677224516496295,139.6824708266676,2012-04-08 19:04:52,2012-04-02,train,2188_0
2189,1930,69,Train Station,35.666692051408944,139.7581327376774,2012-04-08 12:33:22,2012-04-02,train,2189_0
2189,2001,230,Food & Drink Shop,35.66867814907482,139.76779282093048,2012-04-08 13:29:49,2012-04-02,train,2189_0
2189,99,69,Train Station,35.67497849562972,139.76321881841366,2012-04-08 17:15:02,2012-04-02,train,2189_0
2189,142,69,Train Station,35.698596195264464,139.77301824864617,2012-04-08 17:25:09,2012-04-02,train,2189_0
2189,1282,22,Indian Restaurant,35.69939224555577,139.77111607789993,2012-04-08 17:52:33,2012-04-02,train,2189_0
2189,2003,233,Hobby Shop,35.700487869791004,139.77178394794464,2012-04-08 18:25:50,2012-04-02,train,2189_0
2189,1153,122,Fast Food Restaurant,35.69926155378716,139.77390557527542,2012-04-08 19:46:22,2012-04-02,train,2189_0
2189,5762,200,Arcade,35.7007383583069,139.7718831896782,2012-04-08 21:30:52,2012-04-02,train,2189_0
2190,3416,234,Light Rail,35.65375255660129,139.79543566703796,2012-04-07 09:16:25,2012-04-02,train,2190_0
2190,407,234,Light Rail,35.63022857282679,139.79136675596237,2012-04-07 21:46:10,2012-04-02,train,2190_0
2190,3416,234,Light Rail,35.65375255660129,139.79543566703796,2012-04-08 21:41:15,2012-04-02,train,2190_0
2192,5031,129,Medical Center,35.66941776274997,139.63259965254883,2012-04-04 19:39:47,2012-04-02,train,2192_0
2192,1187,39,Food & Drink Shop,35.66685863572842,139.64182019233704,2012-04-04 20:20:23,2012-04-02,train,2192_0
2192,1187,39,Food & Drink Shop,35.66685863572842,139.64182019233704,2012-04-05 18:08:31,2012-04-02,train,2192_0
2192,1184,32,Bookstore,35.66620544,139.641343,2012-04-06 22:41:02,2012-04-02,train,2192_0
2193,44,69,Train Station,35.68137872227962,139.76608157157898,2012-04-04 19:21:19,2012-04-02,train,2193_0
2193,264,69,Train Station,35.63626717221624,139.88343089818954,2012-04-04 21:05:51,2012-04-02,train,2193_0
2194,1584,14,Dumpling Restaurant,35.576646,139.657302,2012-04-04 18:08:36,2012-04-02,train,2194_0
2194,3766,113,Park,35.585087888619974,139.65060700852948,2012-04-08 14:07:41,2012-04-02,train,2194_0
2194,641,140,Stadium,35.58580305947766,139.65271532535553,2012-04-08 16:05:54,2012-04-02,train,2194_0
2195,553,69,Train Station,35.81565557422877,139.70435857772827,2012-04-04 18:52:27,2012-04-02,train,2195_0
2195,553,69,Train Station,35.81565557422877,139.70435857772827,2012-04-05 18:46:44,2012-04-02,train,2195_0
2197,354,69,Train Station,35.6483652265509,139.70339048812886,2012-04-06 23:20:31,2012-04-02,train,2197_0
2197,234,69,Train Station,35.6443150221341,139.69909071922302,2012-04-06 23:47:40,2012-04-02,train,2197_0
2197,87,69,Train Station,35.65852172695124,139.7013260344949,2012-04-07 00:04:57,2012-04-02,train,2197_0
2197,189,69,Train Station,35.729864636451765,139.7109555727517,2012-04-07 00:22:38,2012-04-02,train,2197_0
2197,1613,69,Train Station,35.7634337314575,139.67648774385452,2012-04-07 00:45:29,2012-04-02,train,2197_0
2197,87,69,Train Station,35.65852172695124,139.7013260344949,2012-04-07 23:14:04,2012-04-02,train,2197_0
2197,6207,256,Convenience Store,35.763756,139.676415,2012-04-08 00:11:54,2012-04-02,train,2197_0
2197,189,69,Train Station,35.729864636451765,139.7109555727517,2012-04-08 12:16:47,2012-04-02,train,2197_0
2197,6902,198,Coffee Shop,35.729612,139.709626,2012-04-08 12:21:46,2012-04-02,train,2197_0
2197,87,69,Train Station,35.65852172695124,139.7013260344949,2012-04-08 12:49:25,2012-04-02,train,2197_0
2197,3362,69,Train Station,35.65561377702775,139.70369338989258,2012-04-08 12:51:52,2012-04-02,train,2197_0
2197,2068,256,Convenience Store,35.655822832358695,139.70421326664248,2012-04-08 12:55:47,2012-04-02,train,2197_0
2197,1686,256,Convenience Store,35.651141,139.703728,2012-04-08 13:10:04,2012-04-02,train,2197_0
2197,87,69,Train Station,35.65852172695124,139.7013260344949,2012-04-08 23:13:54,2012-04-02,train,2197_0
2197,3362,69,Train Station,35.65561377702775,139.70369338989258,2012-04-08 23:14:13,2012-04-02,train,2197_0
2197,3353,69,Train Station,35.73035579800958,139.7105571627617,2012-04-08 23:44:37,2012-04-02,train,2197_0
2202,1252,69,Train Station,35.628121197991504,139.73798198030258,2012-04-04 07:37:05,2012-04-02,train,2202_0
2202,2399,236,Subway,35.64693933531064,139.74735975265503,2012-04-04 07:47:28,2012-04-02,train,2202_0
2202,3542,59,Office,35.64024431911127,139.74593065076712,2012-04-04 08:13:49,2012-04-02,train,2202_0
2202,142,69,Train Station,35.698596195264464,139.77301824864617,2012-04-04 18:19:08,2012-04-02,train,2202_0
2202,633,56,Electronics Store,35.69901541704127,139.7746217250824,2012-04-04 18:22:41,2012-04-02,train,2202_0
2202,142,69,Train Station,35.698596195264464,139.77301824864617,2012-04-04 21:20:34,2012-04-02,train,2202_0
2202,109,69,Train Station,35.63014572966312,139.74042892456055,2012-04-04 21:37:08,2012-04-02,train,2202_0
2202,1252,69,Train Station,35.628121197991504,139.73798198030258,2012-04-04 21:38:11,2012-04-02,train,2202_0
2202,2399,236,Subway,35.64693933531064,139.74735975265503,2012-04-05 07:53:55,2012-04-02,train,2202_0
2202,3542,59,Office,35.64024431911127,139.74600051197822,2012-04-05 08:13:22,2012-04-02,train,2202_0
2202,5678,197,Bridge,35.6388132752202,139.74084734916687,2012-04-05 18:37:34,2012-04-02,train,2202_0
2202,5218,236,Subway,35.639196927544624,139.74023580551147,2012-04-05 18:43:11,2012-04-02,train,2202_0
2202,109,69,Train Station,35.63014572966312,139.74042892456055,2012-04-05 18:51:51,2012-04-02,train,2202_0
2202,1252,69,Train Station,35.628121197991504,139.73798198030258,2012-04-05 18:53:15,2012-04-02,train,2202_0
2202,1252,69,Train Station,35.628121197991504,139.73798198030258,2012-04-06 22:16:35,2012-04-02,train,2202_0
2205,3989,197,Bridge,35.667163706728104,139.76404309272766,2012-04-04 08:43:09,2012-04-02,train,2205_0
2205,6163,81,Building,35.66643381013522,139.76564475512686,2012-04-04 08:53:19,2012-04-02,train,2205_0
2205,3467,59,Office,35.66560390145875,139.73130153030488,2012-04-04 16:35:31,2012-04-02,train,2205_0
2205,105,198,Coffee Shop,35.665267889485456,139.7608780860901,2012-04-05 07:59:16,2012-04-02,train,2205_0
2206,775,198,Coffee Shop,35.6974636489478,139.81423795223236,2012-04-04 07:47:18,2012-04-02,train,2206_0
2206,3338,236,Subway,35.69647994651655,139.81501579284668,2012-04-04 19:08:18,2012-04-02,train,2206_0
2206,4152,69,Train Station,35.696906887060386,139.81450080871582,2012-04-04 19:13:10,2012-04-02,train,2206_0
2206,775,198,Coffee Shop,35.6974636489478,139.81423795223236,2012-04-05 07:49:00,2012-04-02,train,2206_0
2206,3338,236,Subway,35.69647994651655,139.81501579284668,2012-04-05 19:08:16,2012-04-02,train,2206_0
2206,4152,69,Train Station,35.696906887060386,139.81450080871582,2012-04-05 19:13:23,2012-04-02,train,2206_0
2207,43,69,Train Station,35.69080269423021,139.70027922656513,2012-04-04 08:00:38,2012-04-02,train,2207_0
2207,1434,69,Train Station,35.68971829766635,139.69925165176392,2012-04-04 18:10:04,2012-04-02,train,2207_0
2207,43,69,Train Station,35.69080269423021,139.70027922656513,2012-04-05 07:59:53,2012-04-02,train,2207_0
2207,605,225,Department Store,35.69001962960003,139.69919925291745,2012-04-05 18:26:05,2012-04-02,train,2207_0
2207,542,69,Train Station,35.6414988028125,139.52085256576538,2012-04-08 12:19:28,2012-04-02,train,2207_0
2207,2568,14,Dumpling Restaurant,35.58062068492434,139.64216083288193,2012-04-08 12:48:41,2012-04-02,train,2207_0
2207,641,140,Stadium,35.58580305947766,139.65271532535553,2012-04-08 13:20:50,2012-04-02,train,2207_0
2207,4433,189,Ramen /  Noodle House,35.57665473940299,139.6593564748764,2012-04-08 19:58:19,2012-04-02,train,2207_0
2207,1621,69,Train Station,35.57668091790503,139.65947449207306,2012-04-08 20:10:23,2012-04-02,train,2207_0
2211,5961,35,Bar,35.69397162466048,139.7049580514431,2012-04-04 23:02:57,2012-04-02,train,2211_0
2211,5961,35,Bar,35.69397162466048,139.7049580514431,2012-04-08 21:04:17,2012-04-02,train,2211_0
2214,2370,32,Bookstore,35.55334375181653,139.64691638946533,2012-04-04 10:52:32,2012-04-02,train,2214_0
2214,1796,122,Fast Food Restaurant,35.55320900227946,139.6464154869318,2012-04-04 11:14:38,2012-04-02,train,2214_0
2214,1424,172,University,35.55564809750796,139.65401351451874,2012-04-04 11:55:30,2012-04-02,train,2214_0
2214,2370,32,Bookstore,35.55334375181653,139.64691638946533,2012-04-08 14:58:02,2012-04-02,train,2214_0
2214,1796,122,Fast Food Restaurant,35.55320900227946,139.6464154869318,2012-04-08 15:03:49,2012-04-02,train,2214_0
2214,3231,225,Department Store,35.546556894395025,139.64504957199097,2012-04-08 15:38:17,2012-04-02,train,2214_0
2214,1933,225,Department Store,35.55355363294013,139.64698517037243,2012-04-08 19:54:59,2012-04-02,train,2214_0
2214,2370,32,Bookstore,35.55334375181653,139.64691638946533,2012-04-08 20:23:37,2012-04-02,train,2214_0
2215,1848,69,Train Station,35.7277712437567,139.77096319198608,2012-04-04 09:05:48,2012-04-02,train,2215_0
2215,1848,69,Train Station,35.7277712437567,139.77096319198608,2012-04-04 19:08:04,2012-04-02,train,2215_0
2216,6693,35,Bar,35.65786941343592,139.69879567623138,2012-04-07 01:22:27,2012-04-02,train,2216_0
2216,28,51,Bar,35.6470526757983,139.70242202281952,2012-04-08 01:15:33,2012-04-02,train,2216_0
2216,2414,113,Park,35.668994108244235,139.70038890838623,2012-04-08 16:58:09,2012-04-02,train,2216_0
2218,2409,236,Subway,35.60542847343107,139.71364974975586,2012-04-04 07:13:27,2012-04-02,train,2218_0
2218,6001,256,Convenience Store,35.71067667189469,139.81443643569946,2012-04-04 07:50:28,2012-04-02,train,2218_0
2218,2409,236,Subway,35.60542847343107,139.71364974975586,2012-04-04 21:29:57,2012-04-02,train,2218_0
2218,2628,128,Gym / Fitness Center,35.62529271452925,139.68919336795807,2012-04-05 21:01:49,2012-04-02,train,2218_0
2219,5500,200,Arcade,35.709182628056084,139.66546654701233,2012-04-04 15:16:10,2012-04-02,train,2219_0
2219,1897,189,Ramen /  Noodle House,35.70833214307144,139.66622963547707,2012-04-04 19:32:47,2012-04-02,train,2219_0
2219,3241,189,Ramen /  Noodle House,35.704022952289485,139.6652626991272,2012-04-07 22:25:16,2012-04-02,train,2219_0
2221,5552,69,Train Station,35.65913341371401,139.7010024636984,2012-04-04 18:56:37,2012-04-02,train,2221_0
2221,6732,281,Train Station,35.657843715588754,139.70147570242935,2012-04-04 22:30:33,2012-04-02,train,2221_0
2222,199,81,Building,35.681003987351055,139.76383924484253,2012-04-04 07:58:33,2012-04-02,train,2222_0
2222,1601,236,Subway,35.681387437024455,139.77555513381958,2012-04-04 09:39:31,2012-04-02,train,2222_0
2222,2465,236,Subway,35.64812504322375,139.74875450134277,2012-04-04 18:39:07,2012-04-02,train,2222_0
2222,1916,69,Train Station,35.633128029468295,139.71558094024658,2012-04-04 18:53:03,2012-04-02,train,2222_0
2222,290,69,Train Station,35.564323713941725,139.65404570102692,2012-04-04 19:14:11,2012-04-02,train,2222_0
2222,1930,69,Train Station,35.666692051408944,139.7581327376774,2012-04-04 22:57:25,2012-04-02,train,2222_0
2222,5419,69,Train Station,35.66616568441206,139.7586625814438,2012-04-04 22:57:53,2012-04-02,train,2222_0
2222,1801,236,Subway,35.66552066771892,139.75946724414823,2012-04-04 23:00:09,2012-04-02,train,2222_0
2222,1048,69,Train Station,35.73827441973809,139.8485970497131,2012-04-06 22:20:04,2012-04-02,train,2222_0
2222,2239,69,Train Station,35.71115144964136,139.7735595703125,2012-04-08 13:36:07,2012-04-02,train,2222_0
2222,2656,236,Subway,35.68253341767869,139.7737044095993,2012-04-08 15:40:58,2012-04-02,train,2222_0
2222,1943,236,Subway,35.665055972471954,139.71245806745912,2012-04-08 15:57:00,2012-04-02,train,2222_0
2222,225,236,Subway,35.6684885729729,139.70538854599,2012-04-08 17:28:52,2012-04-02,train,2222_0
2222,7208,281,Train Station,35.669917777663755,139.70319601487915,2012-04-08 17:29:38,2012-04-02,train,2222_0
2222,2690,236,Subway,35.68598868936885,139.7634315490723,2012-04-08 17:49:28,2012-04-02,train,2222_0
2222,2846,236,Subway,35.686520256346704,139.7661942243576,2012-04-08 17:55:58,2012-04-02,train,2222_0
2222,3009,236,Subway,35.672868,139.763171,2012-04-08 18:05:01,2012-04-02,train,2222_0
2222,3364,198,Coffee Shop,35.67166554750792,139.76653218269348,2012-04-08 19:22:25,2012-04-02,train,2222_0
2222,3322,236,Subway,35.66967396097516,139.76703643798828,2012-04-08 19:48:27,2012-04-02,train,2222_0
2222,1048,69,Train Station,35.73827441973809,139.8485970497131,2012-04-08 20:13:41,2012-04-02,train,2222_0
2223,513,236,Subway,35.67736983873206,139.7517478466034,2012-04-04 08:32:37,2012-04-02,train,2223_0
2223,3944,236,Subway,35.67567471760676,139.76346373558044,2012-04-04 19:20:29,2012-04-02,train,2223_0
2224,2637,189,Ramen /  Noodle House,35.692956510630246,139.70187954604626,2012-04-04 21:54:42,2012-04-02,train,2224_0
2224,1496,201,Art Gallery,35.687753303813416,139.7126841545105,2012-04-08 10:58:28,2012-04-02,train,2224_0
2224,1921,105,Garden,35.68525668970075,139.70946550369263,2012-04-08 11:23:57,2012-04-02,train,2224_0
2227,140,69,Train Station,35.71362076736724,139.77651776270966,2012-04-04 20:54:23,2012-04-02,train,2227_0
2227,5434,49,Bar,35.71108550537292,139.77512482829474,2012-04-04 21:05:43,2012-04-02,train,2227_0
2227,44,69,Train Station,35.68137872227962,139.76608157157898,2012-04-08 22:24:21,2012-04-02,train,2227_0
2229,916,71,Train Station,35.766125794924406,139.80922365279923,2012-04-04 06:27:54,2012-04-02,train,2229_0
2229,3944,236,Subway,35.67567471760676,139.76346373558044,2012-04-04 07:12:01,2012-04-02,train,2229_0
2229,323,69,Train Station,35.64592362299403,139.8269248008728,2012-04-04 07:26:29,2012-04-02,train,2229_0
2229,4705,140,Stadium,35.64855224249762,139.8235720396042,2012-04-04 10:37:21,2012-04-02,train,2229_0
2229,916,71,Train Station,35.766125794924406,139.80922365279923,2012-04-04 20:00:36,2012-04-02,train,2229_0
2229,1963,69,Train Station,35.69867779460533,139.77422207593918,2012-04-05 18:48:55,2012-04-02,train,2229_0
2229,2271,69,Train Station,35.77203021900083,139.82043385505676,2012-04-05 19:12:12,2012-04-02,train,2229_0
2230,4907,277,Neighborhood,35.71214994203654,139.79644678874453,2012-04-05 08:27:47,2012-04-02,train,2230_0
2230,3981,69,Train Station,35.71209228526117,139.79842901229858,2012-04-05 08:28:23,2012-04-02,train,2230_0
2230,1127,59,Office,35.707300877018696,139.7947932779789,2012-04-05 19:58:44,2012-04-02,train,2230_0
2230,5324,221,Toy / Game Store,35.69770848353939,139.7716122865677,2012-04-05 20:53:06,2012-04-02,train,2230_0
2230,934,88,Temple,35.71109046917164,139.7963583469391,2012-04-06 22:18:10,2012-04-02,train,2230_0
2230,1322,237,Mall,35.71206615108838,139.79645490646362,2012-04-06 22:18:26,2012-04-02,train,2230_0
2230,3661,236,Subway,35.7055933237456,139.79219555854797,2012-04-08 22:22:09,2012-04-02,train,2230_0
2232,99,69,Train Station,35.67497849562972,139.76321881841366,2012-04-08 14:44:40,2012-04-02,train,2232_0
2232,2103,237,Mall,35.674353184872835,139.76498584893253,2012-04-08 17:55:20,2012-04-02,train,2232_0
2232,1443,241,Miscellaneous Shop,35.67430421417918,139.76538687944412,2012-04-08 17:57:10,2012-04-02,train,2232_0
2232,2007,56,Electronics Store,35.67211441025849,139.76322770118713,2012-04-08 18:42:06,2012-04-02,train,2232_0
2232,1930,69,Train Station,35.666692051408944,139.7581327376774,2012-04-08 19:43:31,2012-04-02,train,2232_0
2235,331,69,Train Station,35.64687830575068,139.7099483013153,2012-04-04 09:28:34,2012-04-02,train,2235_0
2235,189,69,Train Station,35.729864636451765,139.7109555727517,2012-04-08 15:21:32,2012-04-02,train,2235_0
2235,142,69,Train Station,35.698596195264464,139.77301824864617,2012-04-08 15:40:13,2012-04-02,train,2235_0
2235,1808,189,Ramen /  Noodle House,35.701297,139.76927,2012-04-08 16:17:06,2012-04-02,train,2235_0
2235,633,56,Electronics Store,35.69901541704127,139.7746217250824,2012-04-08 17:47:49,2012-04-02,train,2235_0
2235,142,69,Train Station,35.698596195264464,139.77301824864617,2012-04-08 18:33:51,2012-04-02,train,2235_0
2236,136,236,Subway,35.66882850221484,139.83066111803055,2012-04-04 11:45:29,2012-04-02,train,2236_0
2236,496,236,Subway,35.67983619744879,139.7800612449646,2012-04-04 11:55:58,2012-04-02,train,2236_0
2236,4706,69,Train Station,35.681283949368016,139.76607084274292,2012-04-04 11:59:42,2012-04-02,train,2236_0
2236,142,69,Train Station,35.698596195264464,139.77301824864617,2012-04-04 12:11:17,2012-04-02,train,2236_0
2236,1293,277,Neighborhood,35.69961659925912,139.77139234542847,2012-04-04 12:14:35,2012-04-02,train,2236_0
2236,6982,233,Hobby Shop,35.69888254644675,139.77041333913803,2012-04-04 12:32:57,2012-04-02,train,2236_0
2236,2938,32,Bookstore,35.6989849221703,139.77105975151062,2012-04-04 12:34:10,2012-04-02,train,2236_0
2236,3576,32,Bookstore,35.700371337908884,139.77054342627525,2012-04-04 12:38:31,2012-04-02,train,2236_0
2236,145,69,Train Station,35.6961052825236,139.79252815246582,2012-04-04 13:54:46,2012-04-02,train,2236_0
2236,655,69,Train Station,35.71678758588956,139.8582637310028,2012-04-04 14:04:46,2012-04-02,train,2236_0
2236,142,69,Train Station,35.698596195264464,139.77301824864617,2012-04-04 14:56:14,2012-04-02,train,2236_0
2236,2010,121,Café,35.69956432272447,139.77099537849426,2012-04-04 16:32:54,2012-04-02,train,2236_0
2236,6403,268,River,35.65449296919775,139.8424123473592,2012-04-06 23:22:28,2012-04-02,train,2236_0
2236,6325,269,Shrine,35.669273022885584,139.83761608600616,2012-04-07 00:36:01,2012-04-02,train,2236_0
2236,6403,268,River,35.65449296919775,139.8424123473592,2012-04-08 11:14:09,2012-04-02,train,2236_0
2236,136,236,Subway,35.66882850221484,139.83066111803055,2012-04-08 13:09:36,2012-04-02,train,2236_0
2236,690,236,Subway,35.669590069204546,139.8175974190235,2012-04-08 13:14:40,2012-04-02,train,2236_0
2236,3845,236,Subway,35.68468154239262,139.7660493850708,2012-04-08 13:24:14,2012-04-02,train,2236_0
2236,44,69,Train Station,35.68137872227962,139.76608157157898,2012-04-08 13:26:53,2012-04-02,train,2236_0
2236,6982,233,Hobby Shop,35.69888254644675,139.77041333913803,2012-04-08 13:40:58,2012-04-02,train,2236_0
2236,3576,32,Bookstore,35.700371337908884,139.77054342627525,2012-04-08 13:51:41,2012-04-02,train,2236_0
2236,2159,56,Electronics Store,35.70033975447226,139.77115899324417,2012-04-08 13:55:56,2012-04-02,train,2236_0
2236,101,32,Bookstore,35.700426881163665,139.77175176143646,2012-04-08 14:30:22,2012-04-02,train,2236_0
2236,1420,241,Miscellaneous Shop,35.7007492490941,139.7719180583954,2012-04-08 14:30:45,2012-04-02,train,2236_0
2236,2938,32,Bookstore,35.6989849221703,139.77105975151062,2012-04-08 15:17:54,2012-04-02,train,2236_0
2236,6982,233,Hobby Shop,35.69888254644675,139.77041333913803,2012-04-08 15:52:53,2012-04-02,train,2236_0
2236,142,69,Train Station,35.698596195264464,139.77301824864617,2012-04-08 16:34:25,2012-04-02,train,2236_0
2236,140,69,Train Station,35.71341172584363,139.77605844022628,2012-04-08 16:39:24,2012-04-02,train,2236_0
2236,141,69,Train Station,35.70735750443432,139.77461636066437,2012-04-08 16:56:15,2012-04-02,train,2236_0
2236,44,69,Train Station,35.68137872227962,139.76608157157898,2012-04-08 17:03:10,2012-04-02,train,2236_0
2236,398,236,Subway,35.68239834096679,139.77385997772217,2012-04-08 17:26:43,2012-04-02,train,2236_0
2236,136,236,Subway,35.66882850221484,139.83066111803055,2012-04-08 17:37:59,2012-04-02,train,2236_0
2236,5174,203,Bowling Alley,35.671727779724435,139.83696783068854,2012-04-08 17:49:29,2012-04-02,train,2236_0
2236,6403,268,River,35.65449296919775,139.8424123473592,2012-04-08 20:29:52,2012-04-02,train,2236_0
2238,525,39,Food & Drink Shop,35.65869973311459,139.70078587532043,2012-04-04 18:44:38,2012-04-02,train,2238_0
2238,2493,236,Subway,35.67361350639426,139.74135160446167,2012-04-05 18:40:24,2012-04-02,train,2238_0
2238,498,69,Train Station,35.683313312334235,139.615409381287,2012-04-08 14:07:02,2012-04-02,train,2238_0
2238,753,69,Train Station,35.69749937219126,139.5827043056488,2012-04-08 14:13:17,2012-04-02,train,2238_0
2238,848,113,Park,35.699756003183985,139.57340240478516,2012-04-08 14:22:59,2012-04-02,train,2238_0
2238,5617,237,Mall,35.70481794309246,139.57916378974917,2012-04-08 15:26:52,2012-04-02,train,2238_0
2238,4248,237,Mall,35.70304063763557,139.57986652851105,2012-04-08 15:54:15,2012-04-02,train,2238_0
2238,6860,69,Train Station,35.70220544,139.58035302996075,2012-04-08 15:57:08,2012-04-02,train,2238_0
2238,294,39,Food & Drink Shop,35.685954,139.619166,2012-04-08 16:41:02,2012-04-02,train,2238_0
2240,420,69,Train Station,35.68600611785052,139.73066568374634,2012-04-04 09:19:55,2012-04-02,train,2240_0
2240,434,236,Subway,35.69051560952628,139.66692835092545,2012-04-04 09:39:57,2012-04-02,train,2240_0
2240,6255,236,Subway,35.6974732332342,139.6828579902649,2012-04-04 23:35:16,2012-04-02,train,2240_0
2240,3845,236,Subway,35.68468154239262,139.7660493850708,2012-04-05 00:03:43,2012-04-02,train,2240_0
2240,4499,62,Government Building,35.68582747573295,139.66823190450668,2012-04-06 22:27:36,2012-04-02,train,2240_0
2240,434,236,Subway,35.69051560952628,139.66692835092545,2012-04-06 22:34:01,2012-04-02,train,2240_0
2240,6255,236,Subway,35.6974732332342,139.6828579902649,2012-04-06 22:41:59,2012-04-02,train,2240_0
2240,3901,236,Subway,35.684437539251654,139.72997903823853,2012-04-06 22:57:31,2012-04-02,train,2240_0
2240,312,236,Subway,35.69085980180074,139.704852104187,2012-04-06 23:07:39,2012-04-02,train,2240_0
2240,3205,236,Subway,35.730976339830725,139.70956206321716,2012-04-06 23:14:36,2012-04-02,train,2240_0
2240,2988,236,Subway,35.730273058734824,139.71137791872025,2012-04-06 23:24:02,2012-04-02,train,2240_0
2240,439,69,Train Station,35.731842912950256,139.7280639410019,2012-04-06 23:34:36,2012-04-02,train,2240_0
2240,2846,236,Subway,35.686520256346704,139.7661942243576,2012-04-07 23:57:19,2012-04-02,train,2240_0
2240,1736,236,Subway,35.696048647115695,139.75123822689056,2012-04-08 15:29:56,2012-04-02,train,2240_0
2240,75,236,Subway,35.67278116288847,139.7240298986435,2012-04-08 15:56:30,2012-04-02,train,2240_0
2240,340,236,Subway,35.677012515423044,139.73704397678375,2012-04-08 16:05:48,2012-04-02,train,2240_0
2240,340,236,Subway,35.677012515423044,139.73704397678375,2012-04-08 16:28:04,2012-04-02,train,2240_0
2240,43,69,Train Station,35.69080269423021,139.70027922656513,2012-04-08 20:11:03,2012-04-02,train,2240_0
2242,564,236,Subway,35.66360737808987,139.872704744339,2012-04-04 07:29:46,2012-04-02,train,2242_0
2242,4188,127,Gym / Fitness Center,35.663475,139.877843,2012-04-08 14:12:11,2012-04-02,train,2242_0
2243,3855,189,Ramen /  Noodle House,35.64920829407736,139.54083770513537,2012-04-06 22:43:22,2012-04-02,train,2243_0
2243,143,69,Train Station,35.691670172683054,139.7708773612976,2012-04-07 22:08:53,2012-04-02,train,2243_0
2244,5245,69,Train Station,35.73369360286466,139.7402787208557,2012-04-04 08:34:07,2012-04-02,train,2244_0
2244,5858,104,Other Great Outdoors,35.653332557588925,139.75722428466315,2012-04-04 09:02:46,2012-04-02,train,2244_0
2244,5858,104,Other Great Outdoors,35.653332557588925,139.75722428466315,2012-04-04 19:27:42,2012-04-02,train,2244_0
2244,2913,236,Subway,35.65688048559283,139.75433801683195,2012-04-04 19:41:14,2012-04-02,train,2244_0
2244,1137,236,Subway,35.663315368578374,139.7321167588234,2012-04-04 19:46:25,2012-04-02,train,2244_0
2244,1406,44,Bar,35.66270083761031,139.73302334547043,2012-04-04 20:27:19,2012-04-02,train,2244_0
2244,1137,236,Subway,35.663315368578374,139.7321167588234,2012-04-04 22:58:28,2012-04-02,train,2244_0
2244,2875,69,Train Station,35.68304104263214,139.70215916633606,2012-04-04 23:20:44,2012-04-02,train,2244_0
2244,5245,69,Train Station,35.73369360286466,139.7402787208557,2012-04-04 23:37:41,2012-04-02,train,2244_0
2244,5858,104,Other Great Outdoors,35.653473321319034,139.75721929362996,2012-04-05 07:53:38,2012-04-02,train,2244_0
2245,261,69,Train Station,35.70320181647976,139.57990407943726,2012-04-08 09:09:19,2012-04-02,train,2245_0
2245,658,69,Train Station,35.72623397120851,139.59207594394684,2012-04-08 09:44:49,2012-04-02,train,2245_0
2245,486,69,Train Station,35.743553244845074,139.6070272475481,2012-04-08 10:02:43,2012-04-02,train,2245_0
2245,311,69,Train Station,35.568403721907565,139.5535111427307,2012-04-08 19:11:17,2012-04-02,train,2245_0
2247,5958,124,Event Space,35.66216584314689,139.6676230430603,2012-04-05 18:37:09,2012-04-02,train,2247_0
2247,87,69,Train Station,35.65852172695124,139.7013260344949,2012-04-05 21:09:15,2012-04-02,train,2247_0
2247,87,69,Train Station,35.65852172695124,139.7013260344949,2012-04-08 11:39:09,2012-04-02,train,2247_0
2247,74,204,Music Venue,35.658509,139.695591,2012-04-08 11:44:46,2012-04-02,train,2247_0
2249,1727,69,Train Station,35.60910078604585,139.51630353927612,2012-04-04 05:58:43,2012-04-02,train,2249_0
2249,43,69,Train Station,35.69080269423021,139.70027922656513,2012-04-04 06:31:07,2012-04-02,train,2249_0
2249,662,69,Train Station,35.73651527788601,139.74682331085205,2012-04-04 06:48:29,2012-04-02,train,2249_0
2249,6382,236,Subway,35.791879113646445,139.64587569236755,2012-04-04 07:23:00,2012-04-02,train,2249_0
2249,1727,69,Train Station,35.60910078604585,139.51630353927612,2012-04-05 19:22:59,2012-04-02,train,2249_0
2249,131,69,Train Station,35.66158508135192,139.66747283935547,2012-04-05 19:52:06,2012-04-02,train,2249_0
2249,87,69,Train Station,35.65852172695124,139.7013260344949,2012-04-05 20:04:32,2012-04-02,train,2249_0
2249,2434,69,Train Station,35.67067629738875,139.70252394676208,2012-04-08 06:13:53,2012-04-02,train,2249_0
2249,2597,26,Japanese Restaurant,35.554111,139.645924,2012-04-08 17:59:03,2012-04-02,train,2249_0
2250,289,69,Train Station,35.55319972801149,139.64681446552277,2012-04-04 12:13:57,2012-04-02,train,2250_0
2250,1605,69,Train Station,35.62567861195804,139.71341103315353,2012-04-04 23:52:07,2012-04-02,train,2250_0
2250,5431,75,Embassy / Consulate,35.626622635669804,139.70331519842148,2012-04-08 01:04:14,2012-04-02,train,2250_0
2250,5498,26,Japanese Restaurant,35.62618454149501,139.71279577779688,2012-04-08 13:01:13,2012-04-02,train,2250_0
2250,276,69,Train Station,35.589812720947975,139.66880321502686,2012-04-08 14:55:39,2012-04-02,train,2250_0
2250,1605,69,Train Station,35.62567861195804,139.71341103315353,2012-04-08 23:50:10,2012-04-02,train,2250_0
2253,5426,189,Ramen /  Noodle House,35.58815539613891,139.72734550227446,2012-04-04 11:47:07,2012-04-02,train,2253_0
2253,142,69,Train Station,35.698596195264464,139.77301824864617,2012-04-08 11:27:18,2012-04-02,train,2253_0
2253,4315,61,Office,35.69988237126696,139.77241394202727,2012-04-08 11:42:46,2012-04-02,train,2253_0
2253,7377,189,Ramen /  Noodle House,35.702364715464775,139.77052687875178,2012-04-08 13:21:16,2012-04-02,train,2253_0
2253,472,269,Shrine,35.702056132756816,139.76794302463531,2012-04-08 17:17:17,2012-04-02,train,2253_0
2255,43,69,Train Station,35.69080269423021,139.70027922656513,2012-04-04 18:10:11,2012-04-02,train,2255_0
2255,1212,124,Event Space,35.69460660894949,139.7021645307541,2012-04-04 18:19:56,2012-04-02,train,2255_0
2255,142,69,Train Station,35.698596195264464,139.77301824864617,2012-04-06 23:13:42,2012-04-02,train,2255_0
2255,3728,189,Ramen /  Noodle House,35.69952494,139.764854,2012-04-07 23:14:49,2012-04-02,train,2255_0
2255,92,236,Subway,35.66656663810825,139.72621321678162,2012-04-08 17:11:19,2012-04-02,train,2255_0
2255,6554,219,Performing Arts Venue,35.663816578277306,139.73087221384048,2012-04-08 17:23:36,2012-04-02,train,2255_0
2255,4216,24,Italian Restaurant,35.6617420955238,139.72982484834674,2012-04-08 20:14:06,2012-04-02,train,2255_0
2255,106,236,Subway,35.66318884920453,139.73212469669195,2012-04-08 21:29:43,2012-04-02,train,2255_0
2255,142,69,Train Station,35.698596195264464,139.77301824864617,2012-04-08 21:57:06,2012-04-02,train,2255_0
2255,1360,233,Hobby Shop,35.698327101400224,139.77162837982178,2012-04-08 22:01:40,2012-04-02,train,2255_0
2260,6338,94,Caribbean Restaurant,35.65985039808205,139.70690667629242,2012-04-06 23:27:41,2012-04-02,train,2260_0
2260,1682,203,Bowling Alley,35.67411465143903,139.66709733009338,2012-04-08 17:34:10,2012-04-02,train,2260_0
2263,4263,69,Train Station,35.67459836236735,139.7777009010315,2012-04-04 07:13:11,2012-04-02,train,2263_0
2263,3907,256,Convenience Store,35.676973296913616,139.78594601154327,2012-04-04 11:51:49,2012-04-02,train,2263_0
2263,1156,256,Convenience Store,35.676927,139.785541,2012-04-04 16:05:36,2012-04-02,train,2263_0
2263,2415,238,Bus Station,35.68295607559028,139.76636052131653,2012-04-04 16:24:52,2012-04-02,train,2263_0
2263,260,225,Department Store,35.68164016421078,139.76898908615112,2012-04-04 16:33:32,2012-04-02,train,2263_0
2263,4079,281,Train Station,35.68113470903764,139.76781964302063,2012-04-04 18:11:25,2012-04-02,train,2263_0
2263,4818,69,Train Station,35.67751799670805,139.76539492607117,2012-04-04 18:36:25,2012-04-02,train,2263_0
2263,3358,236,Subway,35.67995820614858,139.78008270263672,2012-04-05 18:57:11,2012-04-02,train,2263_0
2263,134,69,Train Station,35.70230879446056,139.7450315952301,2012-04-05 19:10:39,2012-04-02,train,2263_0
2263,507,236,Subway,35.68401924641666,139.7376823425293,2012-04-05 19:23:35,2012-04-02,train,2263_0
2263,2641,112,Other Great Outdoors,35.68443971785444,139.73714858293533,2012-04-05 19:30:44,2012-04-02,train,2263_0
2263,2904,236,Subway,35.678668390455776,139.74017143249512,2012-04-08 14:37:44,2012-04-02,train,2263_0
2263,1957,236,Subway,35.65890458756057,139.7025829553604,2012-04-08 14:51:18,2012-04-02,train,2263_0
2263,2811,236,Subway,35.66862803129855,139.70489501953125,2012-04-08 14:56:16,2012-04-02,train,2263_0
2263,3604,138,Stadium,35.66644896712357,139.69857573509216,2012-04-08 15:29:51,2012-04-02,train,2263_0
2263,2434,69,Train Station,35.67067629738875,139.70252394676208,2012-04-08 17:17:26,2012-04-02,train,2263_0
2265,109,69,Train Station,35.63014572966312,139.74042892456055,2012-04-04 19:26:39,2012-04-02,train,2265_0
2265,209,69,Train Station,35.58843420093637,139.7279191017151,2012-04-04 19:48:03,2012-04-02,train,2265_0
2265,6701,238,Bus Station,35.58824064750578,139.72738042192142,2012-04-04 19:52:11,2012-04-02,train,2265_0
2265,6666,238,Bus Station,35.5805302922113,139.6978307998779,2012-04-04 20:17:04,2012-04-02,train,2265_0
2265,935,236,Subway,35.586863706177525,139.70593571662903,2012-04-05 08:09:06,2012-04-02,train,2265_0
2265,3275,236,Subway,35.626535428403905,139.7233486175537,2012-04-05 08:24:20,2012-04-02,train,2265_0
2265,935,236,Subway,35.586863706177525,139.70593571662903,2012-04-05 09:13:35,2012-04-02,train,2265_0
2268,20,198,Coffee Shop,35.66016312329013,139.69747334718704,2012-04-04 19:15:52,2012-04-02,train,2268_0
2268,753,69,Train Station,35.69749937219126,139.5827043056488,2012-04-08 12:19:47,2012-04-02,train,2268_0
2269,5551,73,Bus Station,35.59841048564749,139.53885555267334,2012-04-08 09:42:08,2012-04-02,train,2269_0
2269,4807,238,Bus Station,35.599060405961566,139.60994482040405,2012-04-08 10:23:10,2012-04-02,train,2269_0
2269,79,69,Train Station,35.59974085378926,139.6102237701416,2012-04-08 10:23:34,2012-04-02,train,2269_0
2269,400,69,Train Station,35.63346919921755,139.6616443991661,2012-04-08 10:55:43,2012-04-02,train,2269_0
2269,122,69,Train Station,35.64356520253678,139.67065930366516,2012-04-08 11:17:43,2012-04-02,train,2269_0
2269,2581,234,Light Rail,35.64410577086131,139.6689534187317,2012-04-08 12:00:27,2012-04-02,train,2269_0
2269,265,234,Light Rail,35.64398370736576,139.6552312374115,2012-04-08 12:26:08,2012-04-02,train,2269_0
2269,265,234,Light Rail,35.64398370736576,139.6552312374115,2012-04-08 12:59:48,2012-04-02,train,2269_0
2269,411,234,Light Rail,35.647971381701815,139.64496441185474,2012-04-08 13:20:30,2012-04-02,train,2269_0
2269,3236,234,Light Rail,35.66605128149362,139.64134141802788,2012-04-08 14:59:29,2012-04-02,train,2269_0
2269,2581,234,Light Rail,35.64410577086131,139.6689534187317,2012-04-08 16:19:59,2012-04-02,train,2269_0
2269,583,81,Building,35.64374620546484,139.66972622613693,2012-04-08 16:20:16,2012-04-02,train,2269_0
2269,400,69,Train Station,35.63346919921755,139.6616443991661,2012-04-08 16:39:42,2012-04-02,train,2269_0
2269,79,69,Train Station,35.59974085378926,139.6102237701416,2012-04-08 17:08:40,2012-04-02,train,2269_0
2269,4807,238,Bus Station,35.599060405961566,139.60994482040405,2012-04-08 17:09:01,2012-04-02,train,2269_0
2273,2837,172,University,35.59837995234855,139.65107917785645,2012-04-04 14:19:41,2012-04-02,train,2273_0
2273,286,69,Train Station,35.60708801324842,139.65335100889206,2012-04-05 20:51:14,2012-04-02,train,2273_0
2277,43,69,Train Station,35.69080269423021,139.70027922656513,2012-04-05 21:08:25,2012-04-02,train,2277_0
2277,140,69,Train Station,35.71341172584363,139.77605844022628,2012-04-08 17:29:20,2012-04-02,train,2277_0
2277,142,69,Train Station,35.698596195264464,139.77301824864617,2012-04-08 18:24:12,2012-04-02,train,2277_0
2278,837,269,Shrine,35.707738649454306,139.76821660995483,2012-04-08 14:01:24,2012-04-02,train,2278_0
2278,5535,197,Bridge,35.71006686146555,139.79896008968353,2012-04-08 14:40:40,2012-04-02,train,2278_0
2278,40,269,Shrine,35.68365541701122,139.7850662469864,2012-04-08 16:09:07,2012-04-02,train,2278_0
2278,458,135,Movie Theater,35.742362968107706,139.64863300323486,2012-04-08 18:33:45,2012-04-02,train,2278_0
2279,636,236,Subway,35.71769351187206,139.75801348686218,2012-04-04 23:19:47,2012-04-02,train,2279_0
2279,4732,256,Convenience Store,35.83206743348402,139.73425999369996,2012-04-04 23:50:37,2012-04-02,train,2279_0
2279,2884,162,College Academic Building,35.71630848625442,139.76064205169678,2012-04-05 17:21:42,2012-04-02,train,2279_0
2280,194,236,Subway,35.725682527331706,139.71950568258762,2012-04-04 07:53:07,2012-04-02,train,2280_0
2280,761,69,Train Station,35.77209985763748,139.51989769935608,2012-04-04 08:32:24,2012-04-02,train,2280_0
2280,194,236,Subway,35.725682527331706,139.71950568258762,2012-04-04 19:52:34,2012-04-02,train,2280_0
2280,6872,46,Bar,35.72420237430072,139.72211346030235,2012-04-04 20:02:36,2012-04-02,train,2280_0
2280,194,236,Subway,35.725682527331706,139.71950568258762,2012-04-05 19:53:16,2012-04-02,train,2280_0
2280,2923,79,Library,35.72695253005829,139.7189712524414,2012-04-08 08:50:04,2012-04-02,train,2280_0
2280,2830,234,Light Rail,35.72535862712498,139.72043305635452,2012-04-08 11:58:42,2012-04-02,train,2280_0
2280,879,234,Light Rail,35.75283156844172,139.73818391561508,2012-04-08 12:22:47,2012-04-02,train,2280_0
2280,2272,113,Park,35.75044800945261,139.7388732433319,2012-04-08 13:00:25,2012-04-02,train,2280_0
2280,1945,236,Subway,35.754418391417154,139.73732560873032,2012-04-08 15:07:10,2012-04-02,train,2280_0
2280,1368,46,Bar,35.727392371974226,139.71871376037598,2012-04-08 15:59:12,2012-04-02,train,2280_0
2280,2492,39,Food & Drink Shop,35.72399550997287,139.7225385904312,2012-04-08 19:19:05,2012-04-02,train,2280_0
2282,1835,32,Bookstore,35.70883961786861,139.66486735483534,2012-04-07 01:32:27,2012-04-02,train,2282_0
2282,2253,241,Miscellaneous Shop,35.70872817550598,139.66496203671247,2012-04-07 01:34:12,2012-04-02,train,2282_0
2282,3556,26,Japanese Restaurant,35.708339,139.665612,2012-04-07 23:11:01,2012-04-02,train,2282_0
2282,38,113,Park,35.71406103497294,139.77407455444336,2012-04-08 17:11:00,2012-04-02,train,2282_0
2284,142,69,Train Station,35.698596195264464,139.77301824864617,2012-04-04 14:19:03,2012-04-02,train,2284_0
2284,109,69,Train Station,35.63014572966312,139.74042892456055,2012-04-04 14:37:08,2012-04-02,train,2284_0
2284,333,69,Train Station,35.65561813580688,139.75674211978912,2012-04-04 16:25:48,2012-04-02,train,2284_0
2284,1216,221,Toy / Game Store,35.65699985680134,139.7586464881897,2012-04-04 16:33:03,2012-04-02,train,2284_0
2284,633,56,Electronics Store,35.69901541704127,139.7746217250824,2012-04-04 17:09:01,2012-04-02,train,2284_0
2285,216,236,Subway,35.63869992304459,139.74003195762634,2012-04-04 08:05:50,2012-04-02,train,2285_0
2285,394,69,Train Station,35.56068371332292,139.72373016178608,2012-04-04 21:47:34,2012-04-02,train,2285_0
2285,216,236,Subway,35.63869992304459,139.74003195762634,2012-04-04 22:04:45,2012-04-02,train,2285_0
2285,6428,39,Food & Drink Shop,35.620317305175675,139.7292709350586,2012-04-08 13:54:53,2012-04-02,train,2285_0
2285,216,236,Subway,35.63869992304459,139.74003195762634,2012-04-08 18:26:41,2012-04-02,train,2285_0
2285,216,236,Subway,35.63869992304459,139.74003195762634,2012-04-08 20:27:47,2012-04-02,train,2285_0
2289,3367,236,Subway,35.674236929560095,139.75907399825647,2012-04-04 09:40:20,2012-04-02,train,2289_0
2289,5468,81,Building,35.672070845708106,139.7571893474397,2012-04-04 10:06:17,2012-04-02,train,2289_0
2289,6013,58,Smoke Shop,35.67201853687326,139.75764870643616,2012-04-04 10:09:35,2012-04-02,train,2289_0
2289,779,236,Subway,35.705837,139.721117,2012-04-08 16:10:59,2012-04-02,train,2289_0
2290,189,69,Train Station,35.729864636451765,139.7109555727517,2012-04-04 08:24:05,2012-04-02,train,2290_0
2290,312,236,Subway,35.69085980180074,139.704852104187,2012-04-04 08:38:13,2012-04-02,train,2290_0
2290,1068,69,Train Station,35.768685938181086,139.66220137484214,2012-04-04 18:49:45,2012-04-02,train,2290_0
2290,189,69,Train Station,35.729864636451765,139.7109555727517,2012-04-05 18:07:46,2012-04-02,train,2290_0
2290,1068,69,Train Station,35.768685938181086,139.66220137484214,2012-04-05 18:31:55,2012-04-02,train,2290_0
2290,557,236,Subway,35.76993232648272,139.64404106140137,2012-04-08 13:31:20,2012-04-02,train,2290_0
2290,134,69,Train Station,35.70230879446056,139.7450315952301,2012-04-08 14:02:45,2012-04-02,train,2290_0
2290,496,236,Subway,35.67983619744879,139.7800612449646,2012-04-08 14:17:13,2012-04-02,train,2290_0
2290,142,69,Train Station,35.698596195264464,139.77301824864617,2012-04-08 14:25:48,2012-04-02,train,2290_0
2290,1014,236,Subway,35.706516800975685,139.77617740631104,2012-04-08 15:27:54,2012-04-02,train,2290_0
2290,827,236,Subway,35.67254956451001,139.9021505101476,2012-04-08 16:01:10,2012-04-02,train,2290_0
2290,134,69,Train Station,35.70230879446056,139.7450315952301,2012-04-08 16:35:30,2012-04-02,train,2290_0
2290,2124,236,Subway,35.77656530787532,139.63149905204773,2012-04-08 17:08:12,2012-04-02,train,2290_0
2290,3652,39,Food & Drink Shop,35.77811466475622,139.63045835494995,2012-04-08 18:59:43,2012-04-02,train,2290_0
2290,5968,238,Bus Station,35.77791295920278,139.63282875724423,2012-04-08 19:07:11,2012-04-02,train,2290_0
2291,149,69,Train Station,35.712902440367635,139.7038972377777,2012-04-05 18:43:28,2012-04-02,train,2291_0
2291,496,236,Subway,35.67983619744879,139.7800612449646,2012-04-05 19:12:22,2012-04-02,train,2291_0
2291,238,236,Subway,35.68632418697207,139.78227138519287,2012-04-05 19:21:51,2012-04-02,train,2291_0
2291,876,69,Train Station,35.75136215528522,139.54591770690126,2012-04-08 12:23:43,2012-04-02,train,2291_0
2291,485,69,Train Station,35.73787382649612,139.65452313423157,2012-04-08 12:36:39,2012-04-02,train,2291_0
2291,134,69,Train Station,35.70230879446056,139.7450315952301,2012-04-08 13:00:22,2012-04-02,train,2291_0
2291,168,236,Subway,35.66558604126973,139.73904490470886,2012-04-08 13:17:24,2012-04-02,train,2291_0
2291,177,236,Subway,35.671976,139.741176,2012-04-08 16:36:30,2012-04-02,train,2291_0
2291,87,69,Train Station,35.65852172695124,139.7013260344949,2012-04-08 16:56:13,2012-04-02,train,2291_0
