user_index,poi_index,cat_index,POI_catname,latitude,longitude,local_time,week_start,split_week,session_id
0,140,69,Train Station,35.71349413258592,139.77619324102182,2012-12-08 09:17:02,2012-12-03,train,0_7
0,142,69,Train Station,35.698596195264464,139.77301824864617,2012-12-08 09:21:13,2012-12-03,train,0_7
0,6483,241,Miscellaneous Shop,35.69964036798454,139.77054684736154,2012-12-08 09:26:48,2012-12-03,train,0_7
0,7022,121,Café,35.699527,139.770389,2012-12-08 11:05:07,2012-12-03,train,0_7
0,7326,221,Toy / Game Store,35.701001914939255,139.77131187915802,2012-12-08 14:56:34,2012-12-03,train,0_7
0,142,69,Train Station,35.698596195264464,139.77301824864617,2012-12-08 15:10:19,2012-12-03,train,0_7
0,1647,172,University,35.69541694176286,139.7414857149124,2012-12-08 15:32:34,2012-12-03,train,0_7
0,323,69,Train Station,35.64592362299403,139.8269248008728,2012-12-09 08:56:17,2012-12-03,train,0_7
0,768,236,Subway,35.63440986098353,139.79161351919174,2012-12-09 18:26:38,2012-12-03,train,0_7
0,323,69,Train Station,35.64592362299403,139.8269248008728,2012-12-09 18:35:01,2012-12-03,train,0_7
3,6446,189,Ramen /  Noodle House,35.66355943630304,139.7290188074112,2012-12-06 21:45:34,2012-12-03,train,3_11
3,6446,189,Ramen /  Noodle House,35.66355943630304,139.7290188074112,2012-12-07 20:04:05,2012-12-03,train,3_11
3,73,69,Train Station,35.70537552095303,139.64986145496368,2012-12-08 16:19:05,2012-12-03,train,3_11
3,261,69,Train Station,35.70320181647976,139.57990407943726,2012-12-08 16:36:15,2012-12-03,train,3_11
3,2758,69,Train Station,35.73881449674192,139.6624305945591,2012-12-09 12:58:58,2012-12-03,train,3_11
3,4563,238,Bus Station,35.73062905474061,139.7087198495865,2012-12-09 22:11:35,2012-12-03,train,3_11
6,3,231,Hotel,35.670580269104704,139.72784934488865,2012-12-03 09:05:06,2012-12-03,train,6_13
6,7749,5,Home (private),35.65722941558996,139.61461024538502,2012-12-03 17:05:31,2012-12-03,train,6_13
6,3,231,Hotel,35.670580269104704,139.72784934488865,2012-12-04 09:06:35,2012-12-03,train,6_13
6,169,69,Train Station,35.64734964890964,139.62407939136028,2012-12-04 15:53:41,2012-12-03,train,6_13
6,7835,127,Gym / Fitness Center,35.64595,139.620838,2012-12-04 16:03:10,2012-12-03,train,6_13
6,7749,5,Home (private),35.65722941558996,139.61461024538502,2012-12-04 18:51:29,2012-12-03,train,6_13
6,3,231,Hotel,35.670580269104704,139.72784934488865,2012-12-05 08:57:03,2012-12-03,train,6_13
6,7835,127,Gym / Fitness Center,35.64595,139.620838,2012-12-05 18:29:47,2012-12-03,train,6_13
6,7749,5,Home (private),35.65722941558996,139.61461024538502,2012-12-05 18:48:03,2012-12-03,train,6_13
6,3,231,Hotel,35.670580269104704,139.72784934488865,2012-12-06 08:52:28,2012-12-03,train,6_13
6,7835,127,Gym / Fitness Center,35.64595,139.620838,2012-12-06 15:49:13,2012-12-03,train,6_13
6,7835,127,Gym / Fitness Center,35.64595,139.620838,2012-12-07 15:57:13,2012-12-03,train,6_13
6,7749,5,Home (private),35.65722941558996,139.61461024538502,2012-12-07 19:57:48,2012-12-03,train,6_13
11,189,69,Train Station,35.729864636451765,139.7109555727517,2012-12-03 19:17:30,2012-12-03,train,11_16
11,53,210,Music Venue,35.649070981401835,139.71064031124115,2012-12-08 16:50:25,2012-12-03,train,11_16
12,193,69,Train Station,35.704621918699345,139.6199870109558,2012-12-03 18:28:17,2012-12-03,train,12_5
12,3501,69,Train Station,35.70463063090483,139.61998164653778,2012-12-03 23:28:47,2012-12-03,train,12_5
12,193,69,Train Station,35.704621918699345,139.6199870109558,2012-12-03 23:28:58,2012-12-03,train,12_5
12,131,69,Train Station,35.66158508135192,139.66747283935547,2012-12-03 23:54:02,2012-12-03,train,12_5
12,602,32,Bookstore,35.695652198134205,139.76068496704102,2012-12-06 18:11:34,2012-12-03,train,12_5
12,87,69,Train Station,35.65852172695124,139.7013260344949,2012-12-07 19:28:46,2012-12-03,train,12_5
12,108,236,Subway,35.67514525722818,139.75975155830383,2012-12-09 14:47:45,2012-12-03,train,12_5
12,3828,237,Mall,35.678439,139.762883021486,2012-12-09 15:06:25,2012-12-03,train,12_5
12,2103,237,Mall,35.674353184872835,139.76498584893253,2012-12-09 16:57:49,2012-12-03,train,12_5
12,1443,241,Miscellaneous Shop,35.67430421417918,139.76538687944412,2012-12-09 17:26:48,2012-12-03,train,12_5
15,2240,134,Movie Theater,35.705391824926686,139.63474131815178,2012-12-05 18:55:42,2012-12-03,train,15_7
15,3082,81,Building,35.67483368013731,139.76440250873566,2012-12-07 18:54:07,2012-12-03,train,15_7
15,1015,279,Travel & Transport,35.67482496467672,139.7644078731537,2012-12-07 19:35:47,2012-12-03,train,15_7
15,4579,135,Movie Theater,35.670353807915944,139.76649194955826,2012-12-08 12:38:04,2012-12-03,train,15_7
15,607,134,Movie Theater,35.67546990618966,139.77059841156006,2012-12-09 12:16:31,2012-12-03,train,15_7
16,127,236,Subway,35.65578812800746,139.73702788352966,2012-12-06 13:27:03,2012-12-03,train,16_13
16,43,69,Train Station,35.69080269423021,139.70027922656513,2012-12-06 19:23:12,2012-12-03,train,16_13
16,162,69,Train Station,35.63367738834909,139.71551656723022,2012-12-06 21:09:50,2012-12-03,train,16_13
16,7120,121,Café,35.660399023082086,139.70738481085746,2012-12-09 16:23:12,2012-12-03,train,16_13
30,4961,238,Bus Station,35.72285854591308,139.69003315803073,2012-12-05 22:02:08,2012-12-03,train,30_14
30,43,69,Train Station,35.69080269423021,139.70027922656513,2012-12-07 20:58:13,2012-12-03,train,30_14
30,777,32,Bookstore,35.69158303642411,139.6969449520111,2012-12-08 13:52:34,2012-12-03,train,30_14
30,43,69,Train Station,35.69080269423021,139.70027922656513,2012-12-08 14:49:16,2012-12-03,train,30_14
30,189,69,Train Station,35.729864636451765,139.7109555727517,2012-12-08 15:06:21,2012-12-03,train,30_14
30,2549,240,Convention Center,35.62986667837494,139.79426622390747,2012-12-09 12:48:29,2012-12-03,train,30_14
30,180,69,Train Station,35.72056,139.70635088,2012-12-09 18:49:30,2012-12-03,train,30_14
30,4961,238,Bus Station,35.72285854591308,139.69003315803073,2012-12-09 18:56:39,2012-12-03,train,30_14
36,6930,5,Home (private),35.70212998046448,139.63500778664218,2012-12-04 00:31:42,2012-12-03,train,36_15
36,7389,26,Japanese Restaurant,35.72304380528464,139.6626897135719,2012-12-07 23:25:39,2012-12-03,train,36_15
36,5392,189,Ramen /  Noodle House,35.72383623824727,139.6641497708083,2012-12-09 01:07:38,2012-12-03,train,36_15
43,7169,69,Train Station,35.71252019623984,139.77614830738932,2012-12-07 11:57:56,2012-12-03,train,43_5
43,2651,241,Miscellaneous Shop,35.7099357,139.774543,2012-12-07 12:31:46,2012-12-03,train,43_5
43,2447,69,Train Station,35.682282871983375,139.7661419212818,2012-12-07 16:00:47,2012-12-03,train,43_5
43,322,236,Subway,35.68569676173495,139.7416439652443,2012-12-07 16:31:50,2012-12-03,train,43_5
43,1811,287,Concert Hall,35.68340923210112,139.74340617656708,2012-12-07 17:07:17,2012-12-03,train,43_5
43,7448,237,Mall,35.72399877178655,139.6828745918282,2012-12-07 21:38:10,2012-12-03,train,43_5
43,2651,241,Miscellaneous Shop,35.7099357,139.774543,2012-12-08 12:53:15,2012-12-03,train,43_5
43,6483,241,Miscellaneous Shop,35.69964036798454,139.77054684736154,2012-12-08 16:08:34,2012-12-03,train,43_5
43,5883,200,Arcade,35.698025,139.772411,2012-12-08 16:45:50,2012-12-03,train,43_5
43,673,236,Subway,35.70788892898983,139.77432668209076,2012-12-08 19:50:48,2012-12-03,train,43_5
43,7448,237,Mall,35.72399877178655,139.6828745918282,2012-12-08 20:28:52,2012-12-03,train,43_5
43,87,69,Train Station,35.65852172695124,139.7013260344949,2012-12-09 12:19:03,2012-12-03,train,43_5
43,1724,210,Music Venue,35.658647429767555,139.69565749168396,2012-12-09 14:24:14,2012-12-03,train,43_5
43,87,69,Train Station,35.65852172695124,139.7013260344949,2012-12-09 15:10:41,2012-12-03,train,43_5
43,7732,46,Bar,35.709987495748095,139.66692049064517,2012-12-09 18:39:34,2012-12-03,train,43_5
44,1366,23,Drugstore / Pharmacy,35.71572485189807,139.71288800239563,2012-12-04 20:25:39,2012-12-03,train,44_8
44,44,69,Train Station,35.68137872227962,139.76608157157898,2012-12-06 21:35:17,2012-12-03,train,44_8
44,1366,23,Drugstore / Pharmacy,35.71572485189807,139.71288800239563,2012-12-07 00:43:43,2012-12-03,train,44_8
44,43,69,Train Station,35.69080269423021,139.70027922656513,2012-12-07 19:40:39,2012-12-03,train,44_8
44,1717,241,Miscellaneous Shop,35.71486139774748,139.70990820485943,2012-12-08 00:22:44,2012-12-03,train,44_8
44,1366,23,Drugstore / Pharmacy,35.71572485189807,139.71288800239563,2012-12-08 00:27:01,2012-12-03,train,44_8
49,754,237,Mall,35.6286812445642,139.73937816917896,2012-12-05 18:19:20,2012-12-03,train,49_14
49,3323,26,Japanese Restaurant,35.69958174823983,139.76423621177673,2012-12-07 14:18:12,2012-12-03,train,49_14
49,3454,241,Miscellaneous Shop,35.6994497953219,139.76280523493188,2012-12-07 14:49:03,2012-12-03,train,49_14
49,1655,181,Sandwich Place,35.69935303804768,139.7629326581955,2012-12-07 17:36:57,2012-12-03,train,49_14
49,1908,39,Food & Drink Shop,35.77056008686252,139.74689374471416,2012-12-08 21:02:40,2012-12-03,train,49_14
50,5382,238,Bus Station,35.51481034589086,139.66429710388184,2012-12-05 07:45:13,2012-12-03,train,50_7
50,5128,73,Bus Station,35.513059380110136,139.65837478637695,2012-12-07 15:30:17,2012-12-03,train,50_7
50,1445,88,Temple,35.53376287009823,139.72946405410767,2012-12-08 13:23:28,2012-12-03,train,50_7
50,307,237,Mall,35.53095149065529,139.69767451286316,2012-12-08 14:07:28,2012-12-03,train,50_7
50,6109,238,Bus Station,35.573607284860145,139.66298869846153,2012-12-08 15:10:32,2012-12-03,train,50_7
50,5128,73,Bus Station,35.513059380110136,139.65837478637695,2012-12-08 16:16:24,2012-12-03,train,50_7
55,2332,229,Road,35.65946194154495,139.70051229000092,2012-12-03 11:07:43,2012-12-03,train,55_6
55,1221,189,Ramen /  Noodle House,35.66070587480067,139.69791556250286,2012-12-03 12:23:49,2012-12-03,train,55_6
55,3191,122,Fast Food Restaurant,35.664141273315934,139.745192527771,2012-12-04 11:56:12,2012-12-03,train,55_6
55,2888,27,Jewelry Store,35.67199456850898,139.76438373327255,2012-12-04 14:29:47,2012-12-03,train,55_6
55,236,236,Subway,35.67204468417157,139.76417183876038,2012-12-04 14:45:37,2012-12-03,train,55_6
55,87,69,Train Station,35.65852172695124,139.7013260344949,2012-12-04 15:09:28,2012-12-03,train,55_6
55,257,69,Train Station,35.60350065991548,139.61753010749817,2012-12-05 13:38:05,2012-12-03,train,55_6
55,5882,26,Japanese Restaurant,35.664330883205814,139.73134144113874,2012-12-06 12:26:57,2012-12-03,train,55_6
55,4736,229,Road,35.66324781398703,139.73228842020035,2012-12-06 12:47:40,2012-12-03,train,55_6
55,2097,236,Subway,35.66287517311728,139.73145961761475,2012-12-06 13:12:41,2012-12-03,train,55_6
55,2097,236,Subway,35.66287517311728,139.73145961761475,2012-12-07 13:02:47,2012-12-03,train,55_6
55,571,236,Subway,35.64294616012469,139.7341525554657,2012-12-09 12:56:58,2012-12-03,train,55_6
61,7461,5,Home (private),35.7320101759778,139.48219861389168,2012-12-03 19:25:35,2012-12-03,train,61_6
61,7461,5,Home (private),35.7320101759778,139.48219861389168,2012-12-03 22:46:20,2012-12-03,train,61_6
61,7723,5,Home (private),35.7320101759778,139.48219861389168,2012-12-03 22:46:45,2012-12-03,train,61_6
61,304,69,Train Station,35.70025262768564,139.48025465011597,2012-12-04 13:08:49,2012-12-03,train,61_6
61,7461,5,Home (private),35.7320101759778,139.48219861389168,2012-12-04 13:45:59,2012-12-03,train,61_6
61,7723,5,Home (private),35.7320101759778,139.48219861389168,2012-12-04 13:46:08,2012-12-03,train,61_6
61,363,69,Train Station,35.6881863003593,139.59936899218158,2012-12-05 12:45:49,2012-12-03,train,61_6
61,304,69,Train Station,35.70025262768564,139.48025465011597,2012-12-05 13:08:03,2012-12-03,train,61_6
61,7461,5,Home (private),35.7320101759778,139.48219861389168,2012-12-05 13:57:38,2012-12-03,train,61_6
61,7849,5,Home (private),35.70454666304816,139.48219861389168,2012-12-05 14:10:44,2012-12-03,train,61_6
61,7723,5,Home (private),35.7320101759778,139.48219861389168,2012-12-05 21:39:29,2012-12-03,train,61_6
61,7845,90,High School,35.69134157895707,139.60494429887822,2012-12-06 08:31:18,2012-12-03,train,61_6
61,363,69,Train Station,35.6881863003593,139.59936899218158,2012-12-06 12:28:27,2012-12-03,train,61_6
61,302,69,Train Station,35.70270629939949,139.56082955002785,2012-12-06 12:41:47,2012-12-03,train,61_6
61,304,69,Train Station,35.70025262768564,139.48025465011597,2012-12-06 12:58:19,2012-12-03,train,61_6
61,7849,5,Home (private),35.70454666304816,139.48219861389168,2012-12-06 22:03:00,2012-12-03,train,61_6
61,7723,5,Home (private),35.7320101759778,139.48219861389168,2012-12-07 07:12:16,2012-12-03,train,61_6
61,5977,90,High School,35.69184444491538,139.60511684417725,2012-12-07 10:37:50,2012-12-03,train,61_6
61,7845,90,High School,35.69134157895707,139.60494429887822,2012-12-07 10:39:22,2012-12-03,train,61_6
61,363,69,Train Station,35.6881863003593,139.59936899218158,2012-12-07 15:22:02,2012-12-03,train,61_6
61,261,69,Train Station,35.70320181647976,139.57990407943726,2012-12-07 15:30:58,2012-12-03,train,61_6
61,304,69,Train Station,35.70025262768564,139.48025465011597,2012-12-07 15:59:30,2012-12-03,train,61_6
61,7461,5,Home (private),35.7320101759778,139.48219861389168,2012-12-07 16:35:13,2012-12-03,train,61_6
61,7723,5,Home (private),35.7320101759778,139.48219861389168,2012-12-07 22:06:48,2012-12-03,train,61_6
61,7723,5,Home (private),35.7320101759778,139.48219861389168,2012-12-08 05:33:25,2012-12-03,train,61_6
61,7723,5,Home (private),35.7320101759778,139.48219861389168,2012-12-08 22:01:37,2012-12-03,train,61_6
61,7849,5,Home (private),35.70454666304816,139.48219861389168,2012-12-08 22:06:35,2012-12-03,train,61_6
61,7723,5,Home (private),35.7320101759778,139.48219861389168,2012-12-09 12:19:08,2012-12-03,train,61_6
61,7849,5,Home (private),35.70454666304816,139.48219861389168,2012-12-09 12:20:32,2012-12-03,train,61_6
67,189,69,Train Station,35.729864636451765,139.7109555727517,2012-12-03 18:29:09,2012-12-03,train,67_14
67,189,69,Train Station,35.729864636451765,139.7109555727517,2012-12-04 18:16:38,2012-12-03,train,67_14
67,189,69,Train Station,35.729864636451765,139.7109555727517,2012-12-05 18:28:53,2012-12-03,train,67_14
67,189,69,Train Station,35.729864636451765,139.7109555727517,2012-12-06 18:23:18,2012-12-03,train,67_14
67,189,69,Train Station,35.729864636451765,139.7109555727517,2012-12-07 18:19:53,2012-12-03,train,67_14
67,189,69,Train Station,35.729864636451765,139.7109555727517,2012-12-08 17:49:15,2012-12-03,train,67_14
67,2513,200,Arcade,35.73169921052228,139.71314817667007,2012-12-08 21:42:32,2012-12-03,train,67_14
81,2711,69,Train Station,35.729025427145416,139.71109628677368,2012-12-03 20:07:45,2012-12-03,train,81_12
81,2711,69,Train Station,35.729025427145416,139.71109628677368,2012-12-04 19:06:14,2012-12-03,train,81_12
81,2711,69,Train Station,35.729025427145416,139.71109628677368,2012-12-05 19:21:53,2012-12-03,train,81_12
81,2711,69,Train Station,35.729025427145416,139.71109628677368,2012-12-06 21:35:42,2012-12-03,train,81_12
81,2711,69,Train Station,35.729025427145416,139.71109628677368,2012-12-08 00:32:08,2012-12-03,train,81_12
92,3072,229,Road,35.702912129945254,139.7716873884201,2012-12-04 10:16:22,2012-12-03,train,92_18
92,4310,189,Ramen /  Noodle House,35.69967758850624,139.7694155573845,2012-12-04 16:41:52,2012-12-03,train,92_18
92,3579,39,Food & Drink Shop,35.71280661599952,139.79252815246582,2012-12-04 23:26:21,2012-12-03,train,92_18
92,1723,95,Chinese Restaurant,35.700784099603105,139.77081298828125,2012-12-06 18:42:06,2012-12-03,train,92_18
92,4310,189,Ramen /  Noodle House,35.69967758850624,139.7694155573845,2012-12-08 18:09:20,2012-12-03,train,92_18
92,3072,229,Road,35.702912129945254,139.7716873884201,2012-12-09 09:36:36,2012-12-03,train,92_18
106,129,69,Train Station,35.70582855009322,139.66579914093018,2012-12-03 00:00:51,2012-12-03,train,106_10
106,129,69,Train Station,35.70582855009322,139.66579914093018,2012-12-03 07:36:28,2012-12-03,train,106_10
106,109,69,Train Station,35.63014572966312,139.74042892456055,2012-12-04 00:18:55,2012-12-03,train,106_10
106,129,69,Train Station,35.70582855009322,139.66579914093018,2012-12-04 00:56:17,2012-12-03,train,106_10
106,143,69,Train Station,35.691670172683054,139.7708773612976,2012-12-04 08:30:18,2012-12-03,train,106_10
106,7050,95,Chinese Restaurant,35.58796305574325,139.72963571548462,2012-12-04 12:15:25,2012-12-03,train,106_10
106,43,69,Train Station,35.69080269423021,139.70027922656513,2012-12-05 01:00:40,2012-12-03,train,106_10
106,129,69,Train Station,35.70582855009322,139.66579914093018,2012-12-05 01:10:26,2012-12-03,train,106_10
106,143,69,Train Station,35.691670172683054,139.7708773612976,2012-12-05 08:07:56,2012-12-03,train,106_10
106,143,69,Train Station,35.691670172683054,139.7708773612976,2012-12-05 22:28:19,2012-12-03,train,106_10
106,129,69,Train Station,35.70582855009322,139.66579914093018,2012-12-05 22:52:07,2012-12-03,train,106_10
106,129,69,Train Station,35.70582855009322,139.66579914093018,2012-12-06 07:49:57,2012-12-03,train,106_10
106,209,69,Train Station,35.58843420093637,139.7279191017151,2012-12-06 08:36:10,2012-12-03,train,106_10
106,209,69,Train Station,35.58843420093637,139.7279191017151,2012-12-06 21:17:38,2012-12-03,train,106_10
106,643,56,Electronics Store,35.67543940231658,139.7628951072693,2012-12-06 21:38:39,2012-12-03,train,106_10
106,143,69,Train Station,35.691670172683054,139.7708773612976,2012-12-06 21:56:27,2012-12-03,train,106_10
106,143,69,Train Station,35.691670172683054,139.7708773612976,2012-12-07 08:08:05,2012-12-03,train,106_10
106,7050,95,Chinese Restaurant,35.58796305574325,139.72963571548462,2012-12-07 12:48:15,2012-12-03,train,106_10
106,209,69,Train Station,35.58843420093637,139.7279191017151,2012-12-07 22:40:57,2012-12-03,train,106_10
106,143,69,Train Station,35.691670172683054,139.7708773612976,2012-12-07 23:03:59,2012-12-03,train,106_10
106,129,69,Train Station,35.70582855009322,139.66579914093018,2012-12-07 23:26:44,2012-12-03,train,106_10
106,129,69,Train Station,35.70582855009322,139.66579914093018,2012-12-08 12:43:31,2012-12-03,train,106_10
106,44,69,Train Station,35.68137872227962,139.76608157157898,2012-12-08 13:05:57,2012-12-03,train,106_10
106,43,69,Train Station,35.69080269423021,139.70027922656513,2012-12-09 01:03:17,2012-12-03,train,106_10
106,44,69,Train Station,35.68137872227962,139.76608157157898,2012-12-09 12:12:38,2012-12-03,train,106_10
106,209,69,Train Station,35.58843420093637,139.7279191017151,2012-12-09 12:31:59,2012-12-03,train,106_10
111,1262,133,Movie Theater,35.65941016546794,139.69551233988315,2012-12-03 19:03:27,2012-12-03,train,111_10
111,1262,133,Movie Theater,35.65941016546794,139.69551233988315,2012-12-04 19:01:24,2012-12-03,train,111_10
111,2522,133,Movie Theater,35.69501831132718,139.76083517074585,2012-12-05 18:53:53,2012-12-03,train,111_10
111,1262,133,Movie Theater,35.65941016546794,139.69551233988315,2012-12-06 19:18:04,2012-12-03,train,111_10
111,6304,134,Movie Theater,35.65929250198666,139.69527125358582,2012-12-07 13:37:30,2012-12-03,train,111_10
111,1226,136,Museum,35.64159035329871,139.7132796049118,2012-12-08 10:07:44,2012-12-03,train,111_10
111,1667,121,Café,35.66166680231015,139.69953060150146,2012-12-09 16:39:22,2012-12-03,train,111_10
111,4376,287,Concert Hall,35.66654484719824,139.6969985961914,2012-12-09 17:20:54,2012-12-03,train,111_10
116,4332,35,Bar,35.56186910395668,139.71352891458852,2012-12-06 19:30:30,2012-12-03,train,116_14
116,3278,236,Subway,35.65495995746399,139.74364757537842,2012-12-08 10:57:25,2012-12-03,train,116_14
116,1434,69,Train Station,35.68971829766635,139.69925165176392,2012-12-08 11:17:49,2012-12-03,train,116_14
116,220,69,Train Station,35.651889113311164,139.5443956553936,2012-12-08 11:37:01,2012-12-03,train,116_14
116,749,69,Train Station,35.66020343969126,139.52329605817795,2012-12-08 15:10:12,2012-12-03,train,116_14
116,3588,121,Café,35.690709,139.699404,2012-12-08 15:58:34,2012-12-03,train,116_14
116,1964,236,Subway,35.69235854578225,139.70094680786133,2012-12-08 16:25:52,2012-12-03,train,116_14
128,3633,69,Train Station,35.62850802377022,139.73833131832686,2012-12-05 11:13:08,2012-12-03,train,128_3
128,234,69,Train Station,35.6443150221341,139.69909071922302,2012-12-05 17:02:29,2012-12-03,train,128_3
133,5208,200,Arcade,35.55604960551116,139.57975924015045,2012-12-05 17:19:03,2012-12-03,train,133_16
133,1162,69,Train Station,35.702002,139.754315,2012-12-09 19:03:44,2012-12-03,train,133_16
133,2930,236,Subway,35.70357209096882,139.75510597229004,2012-12-09 19:04:21,2012-12-03,train,133_16
133,282,236,Subway,35.5534752278672,139.57850262522695,2012-12-09 20:08:18,2012-12-03,train,133_16
133,1023,237,Mall,35.55192095984968,139.5792818069458,2012-12-09 20:18:44,2012-12-03,train,133_16
138,164,69,Train Station,35.60753807817138,139.6688391408238,2012-12-06 16:44:50,2012-12-03,train,138_8
138,164,69,Train Station,35.60753807817138,139.6688391408238,2012-12-06 18:46:09,2012-12-03,train,138_8
145,43,69,Train Station,35.69080269423021,139.70027922656513,2012-12-03 17:34:04,2012-12-03,train,145_3
145,5168,69,Train Station,35.691522040986186,139.701247215271,2012-12-03 17:34:51,2012-12-03,train,145_3
145,5191,237,Mall,35.69258046011206,139.70119958781652,2012-12-03 17:37:46,2012-12-03,train,145_3
145,659,69,Train Station,35.737055216647526,139.4882583618164,2012-12-06 09:17:48,2012-12-03,train,145_3
145,659,69,Train Station,35.737055216647526,139.4882583618164,2012-12-09 12:05:04,2012-12-03,train,145_3
145,654,69,Train Station,35.69589616697144,139.69995975494385,2012-12-09 12:51:37,2012-12-03,train,145_3
145,1041,32,Bookstore,35.69218209628195,139.70295310020447,2012-12-09 12:56:46,2012-12-03,train,145_3
145,743,32,Bookstore,35.69272015711867,139.70314890146255,2012-12-09 13:39:24,2012-12-03,train,145_3
145,1870,236,Subway,35.68633725827871,139.72957134246826,2012-12-09 14:02:34,2012-12-03,train,145_3
145,340,236,Subway,35.677012515423044,139.73704397678375,2012-12-09 14:51:57,2012-12-03,train,145_3
145,980,79,Library,35.65208308779775,139.72647070884705,2012-12-09 16:04:47,2012-12-03,train,145_3
150,570,59,Office,35.66730316736823,139.72777426242828,2012-12-04 15:22:46,2012-12-03,train,150_11
150,7694,69,Train Station,35.67269234492628,139.72418785355643,2012-12-04 15:40:51,2012-12-03,train,150_11
150,643,56,Electronics Store,35.67543940231658,139.7628951072693,2012-12-06 16:16:52,2012-12-03,train,150_11
150,1615,69,Train Station,35.645731813210055,139.7475689649582,2012-12-06 16:24:27,2012-12-03,train,150_11
150,281,69,Train Station,35.74964694346383,139.80514526367188,2012-12-06 19:50:30,2012-12-03,train,150_11
155,37,237,Mall,35.7293476794105,139.71816658973694,2012-12-05 12:04:45,2012-12-03,train,155_7
155,46,237,Mall,35.66100976343899,139.7295069694519,2012-12-08 14:14:17,2012-12-03,train,155_7
155,5077,69,Train Station,35.550004406063394,139.78646233677864,2012-12-09 06:36:21,2012-12-03,train,155_7
155,6454,212,Airport,35.55430312003654,139.78684347006384,2012-12-09 07:32:10,2012-12-03,train,155_7
155,3605,212,Airport,35.550227542635206,139.78566169738767,2012-12-09 23:04:12,2012-12-03,train,155_7
155,5077,69,Train Station,35.550004406063394,139.78646233677864,2012-12-09 23:06:41,2012-12-03,train,155_7
155,394,69,Train Station,35.56068371332292,139.72373016178608,2012-12-09 23:29:49,2012-12-03,train,155_7
158,4244,56,Electronics Store,35.69330395991252,139.7008180618286,2012-12-03 18:38:11,2012-12-03,train,158_5
158,1330,225,Department Store,35.68770537652939,139.70213770866394,2012-12-05 19:54:08,2012-12-03,train,158_5
158,6123,256,Convenience Store,35.68849148113619,139.7031212176456,2012-12-06 09:45:47,2012-12-03,train,158_5
158,5029,55,Bar,35.6907378097721,139.703226685524,2012-12-06 22:39:39,2012-12-03,train,158_5
158,192,69,Train Station,35.60375363356726,139.50759172439575,2012-12-08 01:13:11,2012-12-03,train,158_5
162,3846,69,Train Station,35.68931963874774,139.70046132802963,2012-12-03 19:04:43,2012-12-03,train,162_16
162,422,69,Train Station,35.73792607790286,139.76102828979492,2012-12-04 08:04:32,2012-12-03,train,162_16
162,5693,189,Ramen /  Noodle House,35.74362998361253,139.76080030202866,2012-12-04 12:54:42,2012-12-03,train,162_16
162,422,69,Train Station,35.73792607790286,139.76102828979492,2012-12-04 21:02:45,2012-12-03,train,162_16
162,422,69,Train Station,35.73792607790286,139.76102828979492,2012-12-05 07:50:36,2012-12-03,train,162_16
162,422,69,Train Station,35.73792607790286,139.76102828979492,2012-12-05 18:05:44,2012-12-03,train,162_16
162,541,69,Train Station,35.84768054178072,139.66914921998978,2012-12-06 07:30:37,2012-12-03,train,162_16
162,3809,281,Train Station,35.71324218038072,139.77712154388428,2012-12-06 12:23:28,2012-12-03,train,162_16
162,1970,69,Train Station,35.845676114271136,139.6472043674592,2012-12-09 15:59:58,2012-12-03,train,162_16
164,4755,69,Train Station,35.536638538680336,139.7343698143959,2012-12-03 20:05:22,2012-12-03,train,164_12
164,4542,29,Hardware Store,35.53767419065559,139.73311185836792,2012-12-03 20:05:46,2012-12-03,train,164_12
164,4755,69,Train Station,35.536638538680336,139.7343698143959,2012-12-04 08:42:27,2012-12-03,train,164_12
164,2065,69,Train Station,35.60707600097183,139.73449448193716,2012-12-04 09:15:59,2012-12-03,train,164_12
164,4755,69,Train Station,35.536638538680336,139.7343698143959,2012-12-04 19:23:42,2012-12-03,train,164_12
164,4755,69,Train Station,35.536638538680336,139.7343698143959,2012-12-05 07:41:10,2012-12-03,train,164_12
164,748,69,Train Station,35.53275445184632,139.7007429599762,2012-12-05 23:31:13,2012-12-03,train,164_12
164,4755,69,Train Station,35.536638538680336,139.7343698143959,2012-12-05 23:39:37,2012-12-03,train,164_12
164,5994,26,Japanese Restaurant,35.531405,139.701412,2012-12-06 20:01:45,2012-12-03,train,164_12
164,748,69,Train Station,35.53275445184632,139.7007429599762,2012-12-06 20:28:52,2012-12-03,train,164_12
164,4755,69,Train Station,35.536638538680336,139.7343698143959,2012-12-06 20:43:22,2012-12-03,train,164_12
164,7093,69,Train Station,35.6282272323851,139.73871231079102,2012-12-07 19:42:28,2012-12-03,train,164_12
164,43,69,Train Station,35.69080269423021,139.70027922656513,2012-12-07 20:04:23,2012-12-03,train,164_12
164,556,135,Movie Theater,35.68997971226908,139.70543146133423,2012-12-07 20:42:56,2012-12-03,train,164_12
164,4905,69,Train Station,35.56247782390475,139.7160503268242,2012-12-08 05:00:22,2012-12-03,train,164_12
164,748,69,Train Station,35.53275445184632,139.7007429599762,2012-12-08 05:14:18,2012-12-03,train,164_12
164,4755,69,Train Station,35.536638538680336,139.7343698143959,2012-12-08 16:18:41,2012-12-03,train,164_12
164,748,69,Train Station,35.53275445184632,139.7007429599762,2012-12-08 16:27:03,2012-12-03,train,164_12
164,109,69,Train Station,35.63014572966312,139.74042892456055,2012-12-08 16:42:54,2012-12-03,train,164_12
164,142,69,Train Station,35.698596195264464,139.77301824864617,2012-12-08 17:02:19,2012-12-03,train,164_12
164,7779,122,Fast Food Restaurant,35.701574526302295,139.7713597651901,2012-12-08 17:13:11,2012-12-03,train,164_12
164,7662,233,Hobby Shop,35.70189520171462,139.771420480609,2012-12-08 17:34:53,2012-12-03,train,164_12
164,142,69,Train Station,35.698596195264464,139.77301824864617,2012-12-08 18:56:25,2012-12-03,train,164_12
164,208,69,Train Station,35.53132692901326,139.69690203666687,2012-12-08 19:26:14,2012-12-03,train,164_12
164,872,134,Movie Theater,35.52818366994183,139.69802856445312,2012-12-08 20:31:25,2012-12-03,train,164_12
164,4755,69,Train Station,35.536638538680336,139.7343698143959,2012-12-08 23:26:02,2012-12-03,train,164_12
164,2945,233,Hobby Shop,35.53094712508265,139.69472140073776,2012-12-09 11:07:35,2012-12-03,train,164_12
164,208,69,Train Station,35.53132692901326,139.69690203666687,2012-12-09 11:14:50,2012-12-03,train,164_12
164,208,69,Train Station,35.53132692901326,139.69690203666687,2012-12-09 20:07:00,2012-12-03,train,164_12
164,748,69,Train Station,35.53275445184632,139.7007429599762,2012-12-09 20:14:23,2012-12-03,train,164_12
166,748,69,Train Station,35.53275445184632,139.7007429599762,2012-12-08 17:32:31,2012-12-03,train,166_4
166,7093,69,Train Station,35.6282272323851,139.73871231079102,2012-12-08 17:46:18,2012-12-03,train,166_4
166,4349,69,Train Station,35.69168759992342,139.77088004350662,2012-12-08 17:58:34,2012-12-03,train,166_4
166,142,69,Train Station,35.698596195264464,139.77301824864617,2012-12-08 18:01:31,2012-12-03,train,166_4
166,7425,69,Train Station,35.698748663242355,139.77298806047122,2012-12-08 18:01:37,2012-12-03,train,166_4
166,3280,69,Train Station,35.69833581429355,139.77303385734558,2012-12-08 18:01:41,2012-12-03,train,166_4
166,1162,69,Train Station,35.702002,139.754315,2012-12-08 18:10:30,2012-12-03,train,166_4
166,6406,69,Train Station,35.70207041063117,139.75456911428537,2012-12-08 18:10:35,2012-12-03,train,166_4
166,6118,197,Bridge,35.702073557727616,139.7553151845932,2012-12-08 21:10:18,2012-12-03,train,166_4
166,1162,69,Train Station,35.702002,139.754315,2012-12-08 21:10:25,2012-12-03,train,166_4
166,6406,69,Train Station,35.70207041063117,139.75456911428537,2012-12-08 21:10:32,2012-12-03,train,166_4
166,7425,69,Train Station,35.698748663242355,139.77298806047122,2012-12-08 21:18:40,2012-12-03,train,166_4
166,142,69,Train Station,35.698596195264464,139.77301824864617,2012-12-08 21:18:56,2012-12-03,train,166_4
166,5623,69,Train Station,35.66661457808932,139.75817441940308,2012-12-08 21:26:09,2012-12-03,train,166_4
166,7093,69,Train Station,35.6282272323851,139.73871231079102,2012-12-08 21:34:45,2012-12-03,train,166_4
171,2315,39,Food & Drink Shop,35.64972573523461,139.744837832532,2012-12-04 18:12:00,2012-12-03,train,171_20
171,5094,85,Hotel,35.66907255308563,139.757798910141,2012-12-05 18:33:11,2012-12-03,train,171_20
171,237,236,Subway,35.66953450447677,139.75550293922424,2012-12-05 21:15:15,2012-12-03,train,171_20
171,571,236,Subway,35.64294616012469,139.7341525554657,2012-12-07 18:23:32,2012-12-03,train,171_20
171,1615,69,Train Station,35.645731813210055,139.7475689649582,2012-12-08 10:58:21,2012-12-03,train,171_20
171,1930,69,Train Station,35.666692051408944,139.7581327376774,2012-12-08 11:03:23,2012-12-03,train,171_20
171,643,56,Electronics Store,35.67543940231658,139.7628951072693,2012-12-08 12:46:06,2012-12-03,train,171_20
171,108,236,Subway,35.67514525722818,139.75975155830383,2012-12-08 13:16:33,2012-12-03,train,171_20
171,2465,236,Subway,35.64812504322375,139.74875450134277,2012-12-08 13:23:43,2012-12-03,train,171_20
174,6991,69,Train Station,35.626116832203465,139.72364902496338,2012-12-03 17:31:40,2012-12-03,train,174_18
174,129,69,Train Station,35.70582855009322,139.66579914093018,2012-12-03 18:00:21,2012-12-03,train,174_18
174,6817,251,Shop & Service,35.706637922580406,139.67233273929358,2012-12-03 18:14:57,2012-12-03,train,174_18
174,87,69,Train Station,35.65852172695124,139.7013260344949,2012-12-03 18:51:07,2012-12-03,train,174_18
174,864,69,Train Station,35.745279653674054,139.7151049400576,2012-12-08 13:29:27,2012-12-03,train,174_18
174,707,69,Train Station,35.756260394177524,139.69458661973476,2012-12-08 13:33:50,2012-12-03,train,174_18
174,4798,291,Public Art,35.658595126386274,139.69954133033752,2012-12-08 16:51:24,2012-12-03,train,174_18
174,4798,291,Public Art,35.658595126386274,139.69954133033752,2012-12-08 23:24:41,2012-12-03,train,174_18
177,4483,236,Subway,35.68891662087583,139.81557369232178,2012-12-03 18:23:39,2012-12-03,train,177_22
177,2907,236,Subway,35.68658996978597,139.76590991020203,2012-12-03 18:37:24,2012-12-03,train,177_22
177,2690,236,Subway,35.68598868936885,139.7634315490723,2012-12-03 18:37:39,2012-12-03,train,177_22
177,192,69,Train Station,35.60375363356726,139.50759172439575,2012-12-03 19:34:54,2012-12-03,train,177_22
177,2090,69,Train Station,35.69034569127357,139.6997880935669,2012-12-04 10:44:31,2012-12-03,train,177_22
177,1493,225,Department Store,35.69493771367451,139.81369614601135,2012-12-04 11:08:29,2012-12-03,train,177_22
177,5565,238,Bus Station,35.695878740650684,139.81421649456024,2012-12-04 12:07:13,2012-12-03,train,177_22
177,3338,236,Subway,35.69647994651655,139.81501579284668,2012-12-05 11:27:52,2012-12-03,train,177_22
177,5565,238,Bus Station,35.695878740650684,139.81421649456024,2012-12-05 11:53:18,2012-12-03,train,177_22
177,3838,237,Mall,35.683156510518295,139.8258626461029,2012-12-06 10:12:49,2012-12-03,train,177_22
177,2760,39,Food & Drink Shop,35.67528252507102,139.8142647743225,2012-12-06 12:26:30,2012-12-03,train,177_22
177,2760,39,Food & Drink Shop,35.67528252507102,139.8142647743225,2012-12-06 12:39:25,2012-12-03,train,177_22
184,7754,90,High School,35.54844957089171,139.71533935249275,2012-12-03 08:30:28,2012-12-03,train,184_12
184,4680,200,Arcade,35.56351504515154,139.7151398524891,2012-12-03 16:58:14,2012-12-03,train,184_12
184,7754,90,High School,35.548611329390745,139.71546404033631,2012-12-06 08:28:40,2012-12-03,train,184_12
184,3464,122,Fast Food Restaurant,35.579582315525656,139.70117144286633,2012-12-09 10:47:40,2012-12-03,train,184_12
187,333,69,Train Station,35.65561813580688,139.75674211978912,2012-12-03 08:03:56,2012-12-03,train,187_4
187,6764,23,Drugstore / Pharmacy,35.65696427949688,139.75354600702784,2012-12-03 12:09:00,2012-12-03,train,187_4
187,333,69,Train Station,35.65561813580688,139.75674211978912,2012-12-03 18:45:55,2012-12-03,train,187_4
187,2771,69,Train Station,35.67505156634274,139.7633135318756,2012-12-03 18:56:18,2012-12-03,train,187_4
187,2304,26,Japanese Restaurant,35.67490449321935,139.76351469755173,2012-12-03 19:00:33,2012-12-03,train,187_4
187,2397,32,Bookstore,35.674890330607965,139.76385533809662,2012-12-03 19:10:20,2012-12-03,train,187_4
187,6764,23,Drugstore / Pharmacy,35.65696427949688,139.75354600702784,2012-12-04 12:01:59,2012-12-03,train,187_4
187,99,69,Train Station,35.67500679039467,139.76335858162443,2012-12-04 19:14:26,2012-12-03,train,187_4
187,1443,241,Miscellaneous Shop,35.67430421417918,139.76538687944412,2012-12-04 19:19:45,2012-12-03,train,187_4
187,6764,23,Drugstore / Pharmacy,35.65696427949688,139.75354600702784,2012-12-05 12:03:38,2012-12-03,train,187_4
187,333,69,Train Station,35.65561813580688,139.75674211978912,2012-12-05 18:02:40,2012-12-03,train,187_4
187,99,69,Train Station,35.67500679039467,139.76335858162443,2012-12-05 18:10:51,2012-12-03,train,187_4
187,99,69,Train Station,35.674975820792184,139.76307905553185,2012-12-06 07:29:55,2012-12-03,train,187_4
187,333,69,Train Station,35.65561813580688,139.75674211978912,2012-12-06 07:39:46,2012-12-03,train,187_4
187,5482,69,Train Station,35.71365596433794,139.77710008621216,2012-12-06 09:23:44,2012-12-03,train,187_4
191,1853,32,Bookstore,35.68352252082667,139.76656436920166,2012-12-03 17:50:47,2012-12-03,train,191_6
191,2907,236,Subway,35.68658996978597,139.76590991020203,2012-12-03 18:08:11,2012-12-03,train,191_6
191,45,81,Building,35.68261620651813,139.76433277130127,2012-12-04 17:32:36,2012-12-03,train,191_6
191,2907,236,Subway,35.68658996978597,139.76590991020203,2012-12-04 17:57:09,2012-12-03,train,191_6
191,790,236,Subway,35.725785413004125,139.72987174987793,2012-12-05 17:56:18,2012-12-03,train,191_6
191,2907,236,Subway,35.68658996978597,139.76590991020203,2012-12-06 17:58:40,2012-12-03,train,191_6
191,2907,236,Subway,35.68658996978597,139.76590991020203,2012-12-07 18:13:09,2012-12-03,train,191_6
194,1224,69,Train Station,35.71796354550892,139.8167297244072,2012-12-05 16:25:40,2012-12-03,train,194_3
194,7268,237,Mall,35.71035,139.812242,2012-12-05 16:50:17,2012-12-03,train,194_3
194,275,69,Train Station,35.71048066190842,139.8133099079132,2012-12-05 17:30:06,2012-12-03,train,194_3
194,189,69,Train Station,35.729864636451765,139.7109555727517,2012-12-05 18:16:46,2012-12-03,train,194_3
194,7193,69,Train Station,35.68855063531451,139.69866156578064,2012-12-08 07:19:14,2012-12-03,train,194_3
194,7193,69,Train Station,35.68855063531451,139.69866156578064,2012-12-09 07:17:53,2012-12-03,train,194_3
203,3227,69,Train Station,35.777226834731394,139.79044675827026,2012-12-03 06:51:02,2012-12-03,train,203_8
203,281,69,Train Station,35.74964694346383,139.80514526367188,2012-12-03 07:08:22,2012-12-03,train,203_8
203,148,69,Train Station,35.73313214348965,139.79887408195768,2012-12-03 07:12:12,2012-12-03,train,203_8
203,141,69,Train Station,35.70735750443432,139.77461636066437,2012-12-03 07:31:28,2012-12-03,train,203_8
203,142,69,Train Station,35.698596195264464,139.77301824864617,2012-12-03 07:33:34,2012-12-03,train,203_8
203,140,69,Train Station,35.7134004657276,139.776113359032,2012-12-03 15:18:35,2012-12-03,train,203_8
203,148,69,Train Station,35.73313214348965,139.79887408195768,2012-12-03 15:24:15,2012-12-03,train,203_8
203,281,69,Train Station,35.74964694346383,139.80514526367188,2012-12-03 15:27:31,2012-12-03,train,203_8
203,3227,69,Train Station,35.777226834731394,139.79044675827026,2012-12-03 15:37:18,2012-12-03,train,203_8
203,764,69,Train Station,35.79450292237399,139.79078471660614,2012-12-03 15:39:39,2012-12-03,train,203_8
203,4694,256,Convenience Store,35.79234334257586,139.79137276727332,2012-12-04 06:41:48,2012-12-03,train,203_8
203,764,69,Train Station,35.79450292237399,139.79078471660614,2012-12-04 06:41:59,2012-12-03,train,203_8
203,142,69,Train Station,35.698596195264464,139.77301824864617,2012-12-04 07:20:04,2012-12-03,train,203_8
203,109,69,Train Station,35.63014572966312,139.74042892456055,2012-12-04 13:20:56,2012-12-03,train,203_8
203,142,69,Train Station,35.698596195264464,139.77301824864617,2012-12-04 13:47:36,2012-12-03,train,203_8
203,633,56,Electronics Store,35.69901541704127,139.7746217250824,2012-12-04 13:48:47,2012-12-03,train,203_8
203,5883,200,Arcade,35.698025,139.772411,2012-12-04 13:49:52,2012-12-03,train,203_8
203,140,69,Train Station,35.7134004657276,139.776113359032,2012-12-04 15:29:25,2012-12-03,train,203_8
203,148,69,Train Station,35.73313214348965,139.79887408195768,2012-12-04 15:34:44,2012-12-03,train,203_8
203,3227,69,Train Station,35.777226834731394,139.79044675827026,2012-12-04 15:47:07,2012-12-03,train,203_8
203,764,69,Train Station,35.79450292237399,139.79078471660614,2012-12-04 15:49:50,2012-12-03,train,203_8
203,4694,256,Convenience Store,35.79234334257586,139.79137276727332,2012-12-04 22:52:58,2012-12-03,train,203_8
203,4694,256,Convenience Store,35.79234334257586,139.79137276727332,2012-12-05 06:43:07,2012-12-03,train,203_8
203,764,69,Train Station,35.79450292237399,139.79078471660614,2012-12-05 06:43:12,2012-12-03,train,203_8
203,148,69,Train Station,35.73313214348965,139.79887408195768,2012-12-05 07:05:07,2012-12-03,train,203_8
203,140,69,Train Station,35.7134004657276,139.776113359032,2012-12-05 07:11:22,2012-12-03,train,203_8
203,7093,69,Train Station,35.6282272323851,139.73871231079102,2012-12-05 07:47:21,2012-12-03,train,203_8
203,109,69,Train Station,35.63014572966312,139.74042892456055,2012-12-05 12:39:40,2012-12-03,train,203_8
203,1930,69,Train Station,35.666692051408944,139.7581327376774,2012-12-05 12:53:14,2012-12-03,train,203_8
203,142,69,Train Station,35.698596195264464,139.77301824864617,2012-12-05 13:07:39,2012-12-03,train,203_8
203,141,69,Train Station,35.70735750443432,139.77461636066437,2012-12-05 13:09:26,2012-12-03,train,203_8
203,281,69,Train Station,35.74964694346383,139.80514526367188,2012-12-05 13:19:25,2012-12-03,train,203_8
203,764,69,Train Station,35.79450292237399,139.79078471660614,2012-12-06 06:42:03,2012-12-03,train,203_8
203,281,69,Train Station,35.74964694346383,139.80514526367188,2012-12-06 06:59:10,2012-12-03,train,203_8
203,148,69,Train Station,35.73313214348965,139.79887408195768,2012-12-06 07:05:02,2012-12-03,train,203_8
203,141,69,Train Station,35.70735750443432,139.77461636066437,2012-12-06 07:13:09,2012-12-03,train,203_8
203,109,69,Train Station,35.63014572966312,139.74042892456055,2012-12-06 07:48:53,2012-12-03,train,203_8
203,148,69,Train Station,35.73313214348965,139.79887408195768,2012-12-06 12:25:59,2012-12-03,train,203_8
203,3227,69,Train Station,35.777226834731394,139.79044675827026,2012-12-06 12:37:50,2012-12-03,train,203_8
203,764,69,Train Station,35.79450292237399,139.79078471660614,2012-12-06 12:40:01,2012-12-03,train,203_8
203,764,69,Train Station,35.79450292237399,139.79078471660614,2012-12-07 06:42:09,2012-12-03,train,203_8
203,148,69,Train Station,35.73313214348965,139.79887408195768,2012-12-07 07:05:04,2012-12-03,train,203_8
203,140,69,Train Station,35.71340465841867,139.77645785088006,2012-12-07 07:20:13,2012-12-03,train,203_8
203,1803,69,Train Station,35.622285,139.739242,2012-12-07 13:57:59,2012-12-03,train,203_8
203,109,69,Train Station,35.63014572966312,139.74042892456055,2012-12-07 13:59:41,2012-12-03,train,203_8
203,142,69,Train Station,35.698596195264464,139.77301824864617,2012-12-07 14:25:55,2012-12-03,train,203_8
203,633,56,Electronics Store,35.69901541704127,139.7746217250824,2012-12-07 14:26:04,2012-12-03,train,203_8
203,141,69,Train Station,35.70735750443432,139.77461636066437,2012-12-07 15:58:20,2012-12-03,train,203_8
203,148,69,Train Station,35.73313214348965,139.79887408195768,2012-12-07 16:05:46,2012-12-03,train,203_8
203,4694,256,Convenience Store,35.79234334257586,139.79137276727332,2012-12-08 12:02:08,2012-12-03,train,203_8
203,3227,69,Train Station,35.777226834731394,139.79044675827026,2012-12-08 12:06:02,2012-12-03,train,203_8
203,148,69,Train Station,35.73313214348965,139.79887408195768,2012-12-08 12:18:05,2012-12-03,train,203_8
203,141,69,Train Station,35.70735750443432,139.77461636066437,2012-12-08 12:25:29,2012-12-03,train,203_8
203,142,69,Train Station,35.698596195264464,139.77301824864617,2012-12-08 12:27:59,2012-12-03,train,203_8
203,633,56,Electronics Store,35.69901541704127,139.7746217250824,2012-12-08 12:29:00,2012-12-03,train,203_8
203,5883,200,Arcade,35.698025,139.772411,2012-12-08 12:31:45,2012-12-03,train,203_8
203,142,69,Train Station,35.698596195264464,139.77301824864617,2012-12-08 18:11:48,2012-12-03,train,203_8
203,141,69,Train Station,35.70735750443432,139.77461636066437,2012-12-08 18:13:27,2012-12-03,train,203_8
203,140,69,Train Station,35.71349413258592,139.77619324102182,2012-12-08 18:14:45,2012-12-03,train,203_8
203,148,69,Train Station,35.73313214348965,139.79887408195768,2012-12-08 18:21:08,2012-12-03,train,203_8
203,281,69,Train Station,35.74964694346383,139.80514526367188,2012-12-08 18:23:44,2012-12-03,train,203_8
203,3227,69,Train Station,35.777226834731394,139.79044675827026,2012-12-08 18:32:07,2012-12-03,train,203_8
203,764,69,Train Station,35.79450292237399,139.79078471660614,2012-12-08 18:33:58,2012-12-03,train,203_8
203,1390,237,Mall,35.77541836775731,139.78629418514754,2012-12-09 18:02:57,2012-12-03,train,203_8
208,82,69,Train Station,35.59688925890996,139.66731928288937,2012-12-08 11:24:25,2012-12-03,train,208_4
208,87,69,Train Station,35.65852172695124,139.7013260344949,2012-12-08 16:04:08,2012-12-03,train,208_4
208,4559,237,Mall,35.6589002289608,139.7032642364502,2012-12-08 16:13:54,2012-12-03,train,208_4
208,299,69,Train Station,35.668361407560894,139.6504027448891,2012-12-09 09:51:50,2012-12-03,train,208_4
208,299,69,Train Station,35.668361407560894,139.6504027448891,2012-12-09 18:16:39,2012-12-03,train,208_4
208,87,69,Train Station,35.65852172695124,139.7013260344949,2012-12-09 18:32:36,2012-12-03,train,208_4
208,5440,32,Bookstore,35.6607264614284,139.69644606113434,2012-12-09 18:39:48,2012-12-03,train,208_4
208,2318,198,Coffee Shop,35.65981117114024,139.70035403966904,2012-12-09 18:54:58,2012-12-03,train,208_4
208,164,69,Train Station,35.60753807817138,139.6688391408238,2012-12-09 19:10:54,2012-12-03,train,208_4
208,103,69,Train Station,35.536940832577606,139.63486790657043,2012-12-09 19:29:19,2012-12-03,train,208_4
215,192,69,Train Station,35.60375363356726,139.50759172439575,2012-12-03 08:30:51,2012-12-03,train,215_18
215,311,69,Train Station,35.568403721907565,139.5535111427307,2012-12-03 08:56:39,2012-12-03,train,215_18
215,4498,39,Food & Drink Shop,35.56270474412105,139.57024812698364,2012-12-03 09:07:04,2012-12-03,train,215_18
215,3055,172,University,35.56135630493911,139.5750868320465,2012-12-03 09:14:07,2012-12-03,train,215_18
215,4693,172,University,35.56191488444021,139.57524240016937,2012-12-03 09:14:20,2012-12-03,train,215_18
215,4363,236,Subway,35.56292402698885,139.56981293857098,2012-12-03 18:52:13,2012-12-03,train,215_18
215,282,236,Subway,35.5534752278672,139.57850262522695,2012-12-03 22:04:42,2012-12-03,train,215_18
215,311,69,Train Station,35.568403721907565,139.5535111427307,2012-12-03 22:18:24,2012-12-03,train,215_18
215,192,69,Train Station,35.60375363356726,139.50759172439575,2012-12-03 22:57:55,2012-12-03,train,215_18
215,192,69,Train Station,35.60375363356726,139.50759172439575,2012-12-04 09:47:36,2012-12-03,train,215_18
215,4498,39,Food & Drink Shop,35.56270474412105,139.57024812698364,2012-12-04 10:56:41,2012-12-03,train,215_18
215,3055,172,University,35.56135630493911,139.5750868320465,2012-12-04 10:57:19,2012-12-03,train,215_18
215,4363,236,Subway,35.56292402698885,139.56981293857098,2012-12-04 16:41:41,2012-12-03,train,215_18
215,311,69,Train Station,35.568403721907565,139.5535111427307,2012-12-04 16:57:42,2012-12-03,train,215_18
215,79,69,Train Station,35.59974085378926,139.6102237701416,2012-12-04 17:11:32,2012-12-03,train,215_18
215,939,69,Train Station,35.59902114917961,139.61120009422302,2012-12-04 17:11:43,2012-12-03,train,215_18
215,208,69,Train Station,35.53132692901326,139.69690203666687,2012-12-04 17:43:48,2012-12-03,train,215_18
215,378,69,Train Station,35.62081442397418,139.56971168518066,2012-12-04 23:53:59,2012-12-03,train,215_18
215,378,69,Train Station,35.62081442397418,139.56971168518066,2012-12-05 12:47:44,2012-12-03,train,215_18
215,3760,237,Mall,35.52929692161215,139.6966391801834,2012-12-05 13:32:00,2012-12-03,train,215_18
215,5216,237,Mall,35.53049746982908,139.69831824302673,2012-12-05 16:54:53,2012-12-03,train,215_18
215,6016,189,Ramen /  Noodle House,35.53071574939312,139.6973955631256,2012-12-05 16:55:49,2012-12-03,train,215_18
215,307,237,Mall,35.53095149065529,139.69767451286316,2012-12-05 16:56:10,2012-12-03,train,215_18
215,3760,237,Mall,35.52929692161215,139.6966391801834,2012-12-05 16:56:26,2012-12-03,train,215_18
215,4392,233,Hobby Shop,35.529895,139.697101,2012-12-05 16:56:41,2012-12-03,train,215_18
215,208,69,Train Station,35.53132692901326,139.69690203666687,2012-12-05 22:01:11,2012-12-03,train,215_18
215,378,69,Train Station,35.62081442397418,139.56971168518066,2012-12-05 22:33:05,2012-12-03,train,215_18
215,192,69,Train Station,35.60375363356726,139.50759172439575,2012-12-05 22:46:46,2012-12-03,train,215_18
215,192,69,Train Station,35.60375363356726,139.50759172439575,2012-12-06 08:11:47,2012-12-03,train,215_18
215,311,69,Train Station,35.568403721907565,139.5535111427307,2012-12-06 08:44:21,2012-12-03,train,215_18
215,4363,236,Subway,35.56292402698885,139.56981293857098,2012-12-06 08:46:59,2012-12-03,train,215_18
215,4498,39,Food & Drink Shop,35.56270474412105,139.57024812698364,2012-12-06 08:47:13,2012-12-03,train,215_18
215,3055,172,University,35.56135630493911,139.5750868320465,2012-12-06 09:34:35,2012-12-03,train,215_18
215,6604,162,College Academic Building,35.56199779825308,139.57429826259613,2012-12-06 12:44:51,2012-12-03,train,215_18
215,4693,172,University,35.56191488444021,139.57524240016937,2012-12-06 21:51:56,2012-12-03,train,215_18
215,4363,236,Subway,35.56292402698885,139.56981293857098,2012-12-06 21:52:34,2012-12-03,train,215_18
215,311,69,Train Station,35.568403721907565,139.5535111427307,2012-12-06 22:27:05,2012-12-03,train,215_18
215,192,69,Train Station,35.60375363356726,139.50759172439575,2012-12-07 08:25:06,2012-12-03,train,215_18
215,4363,236,Subway,35.56292402698885,139.56981293857098,2012-12-07 09:00:01,2012-12-03,train,215_18
215,4498,39,Food & Drink Shop,35.56270474412105,139.57024812698364,2012-12-07 09:00:27,2012-12-03,train,215_18
215,4693,172,University,35.56191488444021,139.57524240016937,2012-12-07 18:40:43,2012-12-03,train,215_18
215,3055,172,University,35.56135630493911,139.5750868320465,2012-12-08 00:30:47,2012-12-03,train,215_18
215,7527,161,College Academic Building,35.561554341849394,139.57476928765877,2012-12-08 10:12:05,2012-12-03,train,215_18
215,5208,200,Arcade,35.55604960551116,139.57975924015045,2012-12-08 19:17:21,2012-12-03,train,215_18
215,282,236,Subway,35.5534752278672,139.57850262522695,2012-12-08 19:17:37,2012-12-03,train,215_18
215,192,69,Train Station,35.60375363356726,139.50759172439575,2012-12-08 21:36:37,2012-12-03,train,215_18
216,195,69,Train Station,35.68417610648677,139.70206260681152,2012-12-03 06:42:55,2012-12-03,train,216_2
216,4559,237,Mall,35.6589002289608,139.7032642364502,2012-12-03 10:41:52,2012-12-03,train,216_2
216,4559,237,Mall,35.6589002289608,139.7032642364502,2012-12-03 16:56:46,2012-12-03,train,216_2
216,774,69,Train Station,35.69746615393185,139.78597551584244,2012-12-04 09:53:06,2012-12-03,train,216_2
216,4559,237,Mall,35.6589002289608,139.7032642364502,2012-12-04 12:55:17,2012-12-03,train,216_2
216,774,69,Train Station,35.69746615393185,139.78597551584244,2012-12-05 07:12:10,2012-12-03,train,216_2
216,87,69,Train Station,35.65852172695124,139.7013260344949,2012-12-05 17:47:49,2012-12-03,train,216_2
216,774,69,Train Station,35.69746615393185,139.78597551584244,2012-12-06 07:11:53,2012-12-03,train,216_2
216,269,69,Train Station,35.732117253229084,139.76670384407043,2012-12-06 07:52:09,2012-12-03,train,216_2
216,2832,69,Train Station,35.67160235788891,139.70288336277008,2012-12-06 10:26:51,2012-12-03,train,216_2
216,2216,229,Road,35.671212324305515,139.7047233581543,2012-12-06 17:12:05,2012-12-03,train,216_2
216,2832,69,Train Station,35.67160235788891,139.70288336277008,2012-12-07 06:41:08,2012-12-03,train,216_2
216,774,69,Train Station,35.69746615393185,139.78597551584244,2012-12-07 07:10:59,2012-12-03,train,216_2
216,195,69,Train Station,35.68417610648677,139.70206260681152,2012-12-07 10:07:21,2012-12-03,train,216_2
216,2216,229,Road,35.671212324305515,139.7047233581543,2012-12-07 17:23:12,2012-12-03,train,216_2
216,2216,229,Road,35.671212324305515,139.7047233581543,2012-12-08 19:08:37,2012-12-03,train,216_2
216,2216,229,Road,35.671212324305515,139.7047233581543,2012-12-08 19:17:59,2012-12-03,train,216_2
216,2832,69,Train Station,35.67160235788891,139.70288336277008,2012-12-08 19:18:00,2012-12-03,train,216_2
216,43,69,Train Station,35.69080269423021,139.70027922656513,2012-12-08 19:23:14,2012-12-03,train,216_2
216,73,69,Train Station,35.70537552095303,139.64986145496368,2012-12-08 19:40:51,2012-12-03,train,216_2
216,73,69,Train Station,35.70537552095303,139.64986145496368,2012-12-09 00:00:27,2012-12-03,train,216_2
216,43,69,Train Station,35.69080269423021,139.70027922656513,2012-12-09 00:12:47,2012-12-03,train,216_2
216,2216,229,Road,35.671212324305515,139.7047233581543,2012-12-09 00:24:59,2012-12-03,train,216_2
216,2216,229,Road,35.671212324305515,139.7047233581543,2012-12-09 10:24:56,2012-12-03,train,216_2
216,4889,24,Italian Restaurant,35.701500709817566,139.77119654417038,2012-12-09 13:42:51,2012-12-03,train,216_2
217,7789,69,Train Station,35.69224918171448,139.7061780082776,2012-12-06 05:04:18,2012-12-03,train,217_8
217,7325,231,Hotel,35.69345913287432,139.70743966610488,2012-12-06 12:27:15,2012-12-03,train,217_8
217,7789,69,Train Station,35.69224918171448,139.7061780082776,2012-12-06 12:28:26,2012-12-03,train,217_8
217,7789,69,Train Station,35.69224918171448,139.7061780082776,2012-12-07 11:27:27,2012-12-03,train,217_8
217,1930,69,Train Station,35.666692051408944,139.7581327376774,2012-12-08 02:21:04,2012-12-03,train,217_8
217,813,69,Train Station,35.68120442718294,139.68636095523834,2012-12-08 14:10:03,2012-12-03,train,217_8
217,115,69,Train Station,35.66822490891021,139.60113912820816,2012-12-08 15:53:20,2012-12-03,train,217_8
217,7789,69,Train Station,35.69224918171448,139.7061780082776,2012-12-08 18:35:19,2012-12-03,train,217_8
217,43,69,Train Station,35.69080269423021,139.70027922656513,2012-12-08 18:35:34,2012-12-03,train,217_8
217,7325,231,Hotel,35.69345913287432,139.70743966610488,2012-12-08 23:33:01,2012-12-03,train,217_8
217,7789,69,Train Station,35.69224918171448,139.7061780082776,2012-12-08 23:33:56,2012-12-03,train,217_8
217,7325,231,Hotel,35.69345913287432,139.70743966610488,2012-12-09 11:27:07,2012-12-03,train,217_8
217,269,69,Train Station,35.732117253229084,139.76670384407043,2012-12-09 16:45:20,2012-12-03,train,217_8
220,229,69,Train Station,35.6204917331762,139.70440685749054,2012-12-03 08:06:39,2012-12-03,train,220_18
220,302,69,Train Station,35.70270629939949,139.56082955002785,2012-12-03 08:47:04,2012-12-03,train,220_18
220,302,69,Train Station,35.70270629939949,139.56082955002785,2012-12-03 19:48:10,2012-12-03,train,220_18
220,43,69,Train Station,35.69080269423021,139.70027922656513,2012-12-03 20:28:24,2012-12-03,train,220_18
220,162,69,Train Station,35.63367738834909,139.71551656723022,2012-12-03 20:38:50,2012-12-03,train,220_18
220,229,69,Train Station,35.6204917331762,139.70440685749054,2012-12-03 20:47:03,2012-12-03,train,220_18
220,162,69,Train Station,35.63367738834909,139.71551656723022,2012-12-04 08:13:37,2012-12-03,train,220_18
220,302,69,Train Station,35.70270629939949,139.56082955002785,2012-12-04 08:51:45,2012-12-03,train,220_18
220,945,26,Japanese Restaurant,35.70386588204618,139.56071480594412,2012-12-04 19:04:10,2012-12-03,train,220_18
220,302,69,Train Station,35.70270629939949,139.56082955002785,2012-12-05 17:29:45,2012-12-03,train,220_18
220,87,69,Train Station,35.65852172695124,139.7013260344949,2012-12-05 18:09:48,2012-12-03,train,220_18
220,43,69,Train Station,35.69080269423021,139.70027922656513,2012-12-06 08:30:39,2012-12-03,train,220_18
220,302,69,Train Station,35.70270629939949,139.56082955002785,2012-12-06 20:01:58,2012-12-03,train,220_18
220,43,69,Train Station,35.69080269423021,139.70027922656513,2012-12-06 20:42:50,2012-12-03,train,220_18
220,162,69,Train Station,35.63367738834909,139.71551656723022,2012-12-06 20:55:22,2012-12-03,train,220_18
220,229,69,Train Station,35.6204917331762,139.70440685749054,2012-12-07 21:55:54,2012-12-03,train,220_18
220,6284,189,Ramen /  Noodle House,35.619309976029854,139.70298796892166,2012-12-09 12:23:42,2012-12-03,train,220_18
220,229,69,Train Station,35.6204917331762,139.70440685749054,2012-12-09 22:06:25,2012-12-03,train,220_18
220,162,69,Train Station,35.63367738834909,139.71551656723022,2012-12-09 22:13:59,2012-12-03,train,220_18
223,140,69,Train Station,35.71340465841867,139.77645785088006,2012-12-08 06:29:18,2012-12-03,train,223_12
223,388,122,Fast Food Restaurant,35.69980392322686,139.77180004119873,2012-12-08 06:46:34,2012-12-03,train,223_12
223,4928,125,Post Office,35.69973857770672,139.7725510597229,2012-12-08 09:16:28,2012-12-03,train,223_12
223,1085,69,Train Station,35.762915736201656,139.72768306732178,2012-12-08 09:41:36,2012-12-03,train,223_12
223,4980,233,Hobby Shop,35.70181218276588,139.7712528705597,2012-12-08 15:44:08,2012-12-03,train,223_12
223,7235,233,Hobby Shop,35.70181653902226,139.7712180018425,2012-12-08 15:44:26,2012-12-03,train,223_12
223,4889,24,Italian Restaurant,35.701500709817566,139.77119654417038,2012-12-08 16:34:33,2012-12-03,train,223_12
223,87,69,Train Station,35.65852172695124,139.7013260344949,2012-12-08 18:51:39,2012-12-03,train,223_12
223,289,69,Train Station,35.55319972801149,139.64681446552277,2012-12-08 19:12:20,2012-12-03,train,223_12
223,1796,120,Burger Joint,35.55320900227946,139.6464154869318,2012-12-08 20:02:26,2012-12-03,train,223_12
223,4832,124,Event Space,35.80094241730704,139.71669673919678,2012-12-09 10:53:21,2012-12-03,train,223_12
224,6850,258,Historic Site,35.66469746486747,139.76366870102538,2012-12-04 21:06:52,2012-12-03,train,224_10
224,555,197,Bridge,35.67626736044854,139.78765189647677,2012-12-07 02:34:18,2012-12-03,train,224_10
225,1848,69,Train Station,35.7277712437567,139.77096319198608,2012-12-03 16:06:46,2012-12-03,train,225_11
225,7725,229,Road,35.599084109061174,139.7305981062697,2012-12-03 17:03:31,2012-12-03,train,225_11
225,4733,59,Office,35.62656595095779,139.7413945198059,2012-12-04 13:48:30,2012-12-03,train,225_11
225,4286,69,Train Station,35.575729760171434,139.65965151786804,2012-12-04 15:32:24,2012-12-03,train,225_11
225,7839,59,Office,35.5308685161173,139.6993066841141,2012-12-04 15:54:11,2012-12-03,train,225_11
225,5817,69,Train Station,35.607094351597496,139.73485868891063,2012-12-05 10:34:25,2012-12-03,train,225_11
225,140,69,Train Station,35.71349413258592,139.77619324102182,2012-12-08 12:54:08,2012-12-03,train,225_11
225,264,69,Train Station,35.63626717221624,139.88343089818954,2012-12-08 15:29:40,2012-12-03,train,225_11
225,323,69,Train Station,35.64592362299403,139.8269248008728,2012-12-08 15:49:33,2012-12-03,train,225_11
225,4588,229,Road,35.59436472206261,139.57339972257614,2012-12-09 10:01:10,2012-12-03,train,225_11
226,921,236,Subway,35.692393399958355,139.72286581993103,2012-12-04 18:28:41,2012-12-03,train,226_13
226,1204,236,Subway,35.68794065564747,139.72006559371948,2012-12-04 23:00:47,2012-12-03,train,226_13
226,3960,229,Road,35.685073688734285,139.78338718414307,2012-12-06 08:38:48,2012-12-03,train,226_13
226,335,236,Subway,35.68848092358864,139.78815078735352,2012-12-06 15:36:18,2012-12-03,train,226_13
226,281,69,Train Station,35.74964694346383,139.80514526367188,2012-12-06 23:26:42,2012-12-03,train,226_13
226,238,236,Subway,35.68632418697207,139.78227138519287,2012-12-07 15:59:32,2012-12-03,train,226_13
226,3960,229,Road,35.685073688734285,139.78338718414307,2012-12-07 16:00:19,2012-12-03,train,226_13
226,870,189,Ramen /  Noodle House,35.684672828007585,139.7865803539753,2012-12-08 12:00:18,2012-12-03,train,226_13
235,928,26,Japanese Restaurant,35.75565691850138,139.6963320672512,2012-12-03 12:12:09,2012-12-03,train,235_10
235,7846,5,Home (private),35.75934603427093,139.68603252931604,2012-12-03 18:42:46,2012-12-03,train,235_10
235,928,26,Japanese Restaurant,35.75565691850138,139.6963320672512,2012-12-04 12:09:30,2012-12-03,train,235_10
235,7846,5,Home (private),35.75934603427093,139.68603252931604,2012-12-04 22:27:32,2012-12-03,train,235_10
235,7848,241,Miscellaneous Shop,35.754451751708984,139.69264221191406,2012-12-05 12:40:45,2012-12-03,train,235_10
235,7846,5,Home (private),35.75934603427093,139.68603252931604,2012-12-05 18:56:42,2012-12-03,train,235_10
241,3808,69,Train Station,35.620783899224726,139.56991016864777,2012-12-03 17:17:51,2012-12-03,train,241_7
241,6025,175,College Academic Building,35.624735517741115,139.53030397856494,2012-12-03 17:34:37,2012-12-03,train,241_7
241,3808,69,Train Station,35.620783899224726,139.56991016864777,2012-12-04 16:05:53,2012-12-03,train,241_7
241,286,69,Train Station,35.60708801324842,139.65335100889206,2012-12-05 08:43:40,2012-12-03,train,241_7
241,3808,69,Train Station,35.620783899224726,139.56991016864777,2012-12-05 19:38:00,2012-12-03,train,241_7
241,3808,69,Train Station,35.620783899224726,139.56991016864777,2012-12-06 18:55:00,2012-12-03,train,241_7
241,2054,32,Bookstore,35.62089509647022,139.56972509622574,2012-12-06 18:59:25,2012-12-03,train,241_7
244,931,69,Train Station,35.701341705675524,139.50644373893738,2012-12-03 17:06:06,2012-12-03,train,244_14
244,931,69,Train Station,35.701341705675524,139.50644373893738,2012-12-04 09:14:21,2012-12-03,train,244_14
244,189,69,Train Station,35.729864636451765,139.7109555727517,2012-12-04 19:28:55,2012-12-03,train,244_14
244,43,69,Train Station,35.69080269423021,139.70027922656513,2012-12-04 19:36:05,2012-12-03,train,244_14
244,312,236,Subway,35.69085980180074,139.704852104187,2012-12-04 19:46:12,2012-12-03,train,244_14
244,6485,97,Diner,35.69099050733864,139.70673501491547,2012-12-04 19:58:11,2012-12-03,train,244_14
244,304,69,Train Station,35.70025262768564,139.48025465011597,2012-12-05 16:02:57,2012-12-03,train,244_14
248,6255,236,Subway,35.6974732332342,139.6828579902649,2012-12-05 16:52:34,2012-12-03,train,248_19
248,43,69,Train Station,35.69080269423021,139.70027922656513,2012-12-06 15:19:44,2012-12-03,train,248_19
248,6255,236,Subway,35.6974732332342,139.6828579902649,2012-12-06 16:35:25,2012-12-03,train,248_19
248,43,69,Train Station,35.69080269423021,139.70027922656513,2012-12-08 15:20:05,2012-12-03,train,248_19
248,142,69,Train Station,35.698596195264464,139.77301824864617,2012-12-08 15:36:39,2012-12-03,train,248_19
248,43,69,Train Station,35.69080269423021,139.70027922656513,2012-12-08 17:33:05,2012-12-03,train,248_19
248,1964,236,Subway,35.69235854578225,139.70094680786133,2012-12-08 23:00:17,2012-12-03,train,248_19
263,6093,256,Convenience Store,35.776251951127726,139.58557426929474,2012-12-04 18:31:28,2012-12-03,train,263_14
263,6093,256,Convenience Store,35.776251951127726,139.58557426929474,2012-12-05 23:53:31,2012-12-03,train,263_14
263,3945,69,Train Station,35.78830927453437,139.61278048908693,2012-12-07 17:07:11,2012-12-03,train,263_14
263,3353,69,Train Station,35.73029700958634,139.7106885910034,2012-12-07 17:33:38,2012-12-03,train,263_14
263,189,69,Train Station,35.729864636451765,139.7109555727517,2012-12-08 05:22:43,2012-12-03,train,263_14
263,6093,256,Convenience Store,35.776251951127726,139.58557426929474,2012-12-08 06:12:13,2012-12-03,train,263_14
263,6093,256,Convenience Store,35.776251951127726,139.58557426929474,2012-12-09 05:21:01,2012-12-03,train,263_14
263,4646,60,Automotive Shop,35.793338,139.635932,2012-12-09 16:53:36,2012-12-03,train,263_14
264,7833,224,General Travel,35.71321318428496,139.7762581452176,2012-12-07 09:45:53,2012-12-03,train,264_17
264,158,69,Train Station,35.77806243973507,139.72083806991577,2012-12-07 10:08:41,2012-12-03,train,264_17
264,7646,193,Bar,35.69874038173285,139.77299305282983,2012-12-08 14:42:54,2012-12-03,train,264_17
264,4503,69,Train Station,35.698494824429865,139.7725135087967,2012-12-08 14:43:13,2012-12-03,train,264_17
268,189,69,Train Station,35.729864636451765,139.7109555727517,2012-12-03 17:04:38,2012-12-03,train,268_14
268,5279,281,Train Station,35.72946447363727,139.7109355462742,2012-12-03 17:04:49,2012-12-03,train,268_14
268,7820,276,Moving Target,35.741436,139.754983,2012-12-03 17:20:13,2012-12-03,train,268_14
268,7817,276,Moving Target,35.7502555847168,139.7501678466797,2012-12-03 17:20:28,2012-12-03,train,268_14
268,7820,276,Moving Target,35.741436,139.754983,2012-12-04 07:35:49,2012-12-03,train,268_14
268,7817,276,Moving Target,35.7502555847168,139.7501678466797,2012-12-04 07:36:00,2012-12-03,train,268_14
268,189,69,Train Station,35.729864636451765,139.7109555727517,2012-12-04 07:39:16,2012-12-03,train,268_14
268,189,69,Train Station,35.729864636451765,139.7109555727517,2012-12-04 16:32:23,2012-12-03,train,268_14
268,5279,281,Train Station,35.72946447363727,139.7109355462742,2012-12-04 16:32:47,2012-12-03,train,268_14
268,7820,276,Moving Target,35.741436,139.754983,2012-12-04 16:49:05,2012-12-03,train,268_14
268,7817,276,Moving Target,35.7502555847168,139.7501678466797,2012-12-04 16:49:15,2012-12-03,train,268_14
268,189,69,Train Station,35.729864636451765,139.7109555727517,2012-12-05 07:39:23,2012-12-03,train,268_14
268,5320,256,Convenience Store,35.733441040657524,139.7089397907257,2012-12-05 07:52:27,2012-12-03,train,268_14
268,189,69,Train Station,35.729864636451765,139.7109555727517,2012-12-05 12:42:53,2012-12-03,train,268_14
268,619,69,Train Station,35.78669651052231,139.7061824798584,2012-12-05 13:00:37,2012-12-03,train,268_14
268,705,69,Train Station,35.817647861960594,139.6695864200592,2012-12-05 13:05:31,2012-12-03,train,268_14
268,706,69,Train Station,35.82746937062757,139.6603274345398,2012-12-05 13:06:31,2012-12-03,train,268_14
268,1970,69,Train Station,35.845676114271136,139.6472043674592,2012-12-05 13:08:05,2012-12-03,train,268_14
268,709,69,Train Station,35.853787455366195,139.63743209838867,2012-12-05 13:10:16,2012-12-03,train,268_14
268,189,69,Train Station,35.729864636451765,139.7109555727517,2012-12-06 07:39:15,2012-12-03,train,268_14
268,3529,281,Train Station,35.7288316396826,139.7103425860405,2012-12-06 07:39:35,2012-12-03,train,268_14
268,5320,256,Convenience Store,35.733441040657524,139.7089397907257,2012-12-06 07:50:19,2012-12-03,train,268_14
268,7851,200,Arcade,35.738191351001504,139.71034706697165,2012-12-07 07:57:52,2012-12-03,train,268_14
268,7851,200,Arcade,35.738191351001504,139.71034706697165,2012-12-07 12:42:41,2012-12-03,train,268_14
268,189,69,Train Station,35.729864636451765,139.7109555727517,2012-12-07 12:46:57,2012-12-03,train,268_14
268,158,69,Train Station,35.77806243973507,139.72083806991577,2012-12-07 13:04:24,2012-12-03,train,268_14
268,43,69,Train Station,35.69080269423021,139.70027922656513,2012-12-09 10:13:59,2012-12-03,train,268_14
268,3410,236,Subway,35.690785735234165,139.70635414123535,2012-12-09 10:26:06,2012-12-03,train,268_14
268,1200,69,Train Station,35.71202259411466,139.79840755462646,2012-12-09 12:24:09,2012-12-03,train,268_14
279,3303,198,Coffee Shop,35.625488,139.7241854667623,2012-12-03 14:14:16,2012-12-03,train,279_2
279,112,69,Train Station,35.62645040122807,139.72343981266022,2012-12-04 22:08:44,2012-12-03,train,279_2
279,4243,229,Road,35.67718899847684,139.76702570915222,2012-12-07 13:52:41,2012-12-03,train,279_2
279,5647,229,Road,35.6703843137327,139.74932312965393,2012-12-07 14:01:59,2012-12-03,train,279_2
279,2951,29,Hardware Store,35.53297709073252,139.69470262527466,2012-12-08 16:20:07,2012-12-03,train,279_2
280,4934,281,Train Station,35.69059839008235,139.69956278800964,2012-12-09 15:36:21,2012-12-03,train,280_10
280,3547,69,Train Station,35.66140311571781,139.66725558042526,2012-12-09 15:54:58,2012-12-03,train,280_10
292,3853,69,Train Station,35.53153647523985,139.69675183296204,2012-12-03 19:40:22,2012-12-03,train,292_5
292,3853,69,Train Station,35.53153647523985,139.69675183296204,2012-12-05 18:07:22,2012-12-03,train,292_5
292,3853,69,Train Station,35.53153647523985,139.69675183296204,2012-12-06 20:30:23,2012-12-03,train,292_5
292,3853,69,Train Station,35.53153647523985,139.69675183296204,2012-12-07 18:25:34,2012-12-03,train,292_5
294,142,69,Train Station,35.698596195264464,139.77301824864617,2012-12-08 10:31:49,2012-12-03,train,294_8
294,2150,198,Coffee Shop,35.70152902559042,139.77115631103516,2012-12-08 11:21:11,2012-12-03,train,294_8
294,608,58,Smoke Shop,35.70207355772759,139.77142453193665,2012-12-08 12:35:28,2012-12-03,train,294_8
294,5501,217,General Entertainment,35.70038331782986,139.76969718933103,2012-12-08 14:39:27,2012-12-03,train,294_8
294,7767,97,Diner,35.701955573366845,139.770566815978,2012-12-08 17:09:50,2012-12-03,train,294_8
294,7276,121,Café,35.70192627378371,139.7704020750929,2012-12-08 17:30:52,2012-12-03,train,294_8
294,5025,122,Fast Food Restaurant,35.66596084859448,139.75683867931366,2012-12-09 08:23:33,2012-12-03,train,294_8
294,7133,233,Hobby Shop,35.670501677285465,139.70555466947582,2012-12-09 10:26:23,2012-12-03,train,294_8
294,1302,201,Art Gallery,35.66994851524441,139.7068691253662,2012-12-09 10:56:29,2012-12-03,train,294_8
294,2095,221,Toy / Game Store,35.69889343748743,139.77101683616638,2012-12-09 17:11:23,2012-12-03,train,294_8
294,142,69,Train Station,35.698596195264464,139.77301824864617,2012-12-09 18:45:57,2012-12-03,train,294_8
294,6187,69,Train Station,35.681295932156175,139.7681361436844,2012-12-09 19:11:27,2012-12-03,train,294_8
300,142,69,Train Station,35.698596195264464,139.77301824864617,2012-12-06 18:00:58,2012-12-03,train,300_12
300,142,69,Train Station,35.698596195264464,139.77301824864617,2012-12-06 19:09:44,2012-12-03,train,300_12
300,479,236,Subway,35.665876065677715,139.893045411523,2012-12-06 20:16:47,2012-12-03,train,300_12
301,7606,198,Coffee Shop,35.68259742975321,139.6872463986389,2012-12-03 14:26:48,2012-12-03,train,301_13
301,7606,198,Coffee Shop,35.68259742975321,139.6872463986389,2012-12-05 20:29:52,2012-12-03,train,301_13
301,2134,189,Ramen /  Noodle House,35.6943996677983,139.70193654298782,2012-12-05 21:02:09,2012-12-03,train,301_13
301,7606,198,Coffee Shop,35.68259742975321,139.6872463986389,2012-12-06 13:37:45,2012-12-03,train,301_13
301,5213,189,Ramen /  Noodle House,35.68261620651813,139.68751698732376,2012-12-07 15:03:36,2012-12-03,train,301_13
302,4221,256,Convenience Store,35.72653010533787,139.71220672130585,2012-12-05 01:43:30,2012-12-03,train,302_17
302,4221,256,Convenience Store,35.72653010533787,139.71220672130585,2012-12-06 20:39:51,2012-12-03,train,302_17
302,503,69,Train Station,35.74953810235406,139.5865398645401,2012-12-08 17:22:55,2012-12-03,train,302_17
303,189,69,Train Station,35.729864636451765,139.7109555727517,2012-12-08 15:47:13,2012-12-03,train,303_12
303,1665,233,Hobby Shop,35.729909,139.713527,2012-12-08 16:09:48,2012-12-03,train,303_12
303,2217,189,Ramen /  Noodle House,35.72755,139.71303112,2012-12-08 17:14:42,2012-12-03,train,303_12
304,5279,281,Train Station,35.72946447363727,139.7109355462742,2012-12-03 17:28:24,2012-12-03,train,304_18
304,822,32,Bookstore,35.72686107747378,139.71225768327713,2012-12-03 17:37:00,2012-12-03,train,304_18
304,5864,281,Train Station,35.72816753300322,139.7111713886261,2012-12-03 18:00:41,2012-12-03,train,304_18
304,2512,225,Department Store,35.73078037977795,139.7124320268631,2012-12-04 16:40:25,2012-12-03,train,304_18
304,3309,34,Bike Shop,35.73291570006204,139.71326957264492,2012-12-04 17:18:37,2012-12-03,train,304_18
304,3743,69,Train Station,35.73037539414103,139.71240520477295,2012-12-04 17:25:52,2012-12-03,train,304_18
304,5854,69,Train Station,35.728372209094694,139.71112310886383,2012-12-04 17:26:16,2012-12-03,train,304_18
304,174,69,Train Station,35.619699172885795,139.72855277359486,2012-12-05 15:42:46,2012-12-03,train,304_18
304,189,69,Train Station,35.729864636451765,139.7109555727517,2012-12-05 15:55:25,2012-12-03,train,304_18
304,5279,281,Train Station,35.72946447363727,139.7109355462742,2012-12-05 15:55:57,2012-12-03,train,304_18
304,4875,180,Restaurant,35.72998782531286,139.7131723165512,2012-12-05 17:18:35,2012-12-03,train,304_18
304,5864,281,Train Station,35.72816753300322,139.7111713886261,2012-12-05 17:21:50,2012-12-03,train,304_18
304,1693,264,Camera Store,35.689354,139.698007,2012-12-06 16:11:27,2012-12-03,train,304_18
304,43,69,Train Station,35.69080269423021,139.70027922656513,2012-12-06 16:12:13,2012-12-03,train,304_18
304,3992,281,Train Station,35.69044154264012,139.6999168395996,2012-12-06 16:12:28,2012-12-03,train,304_18
304,189,69,Train Station,35.729864636451765,139.7109555727517,2012-12-06 16:27:03,2012-12-03,train,304_18
304,5472,69,Train Station,35.73002287383088,139.71113004495706,2012-12-06 16:27:24,2012-12-03,train,304_18
304,5854,69,Train Station,35.728372209094694,139.71112310886383,2012-12-06 16:27:37,2012-12-03,train,304_18
304,503,69,Train Station,35.74953810235406,139.5865398645401,2012-12-06 19:52:14,2012-12-03,train,304_18
304,5187,256,Convenience Store,35.74907008388599,139.58640575408936,2012-12-07 07:07:49,2012-12-03,train,304_18
304,189,69,Train Station,35.729864636451765,139.7109555727517,2012-12-07 07:34:02,2012-12-03,train,304_18
304,4276,237,Mall,35.6112770532857,139.749156832695,2012-12-07 16:38:24,2012-12-03,train,304_18
304,514,69,Train Station,35.60978987105579,139.74969863891602,2012-12-07 16:38:43,2012-12-03,train,304_18
304,189,69,Train Station,35.729864636451765,139.7109555727517,2012-12-07 17:08:08,2012-12-03,train,304_18
304,5279,281,Train Station,35.72946447363727,139.7109355462742,2012-12-07 17:09:31,2012-12-03,train,304_18
304,3743,69,Train Station,35.73037539414103,139.71240520477295,2012-12-07 17:10:07,2012-12-03,train,304_18
304,4875,180,Restaurant,35.72998782531286,139.7131723165512,2012-12-07 17:14:26,2012-12-03,train,304_18
304,2347,6,Clothing Store,35.728994943755566,139.71346199512482,2012-12-07 17:18:26,2012-12-03,train,304_18
304,2711,69,Train Station,35.729025427145416,139.71109628677368,2012-12-07 18:25:55,2012-12-03,train,304_18
304,5864,281,Train Station,35.72816753300322,139.7111713886261,2012-12-07 18:26:33,2012-12-03,train,304_18
304,4371,229,Road,35.77444142129461,139.5683491230011,2012-12-08 20:58:45,2012-12-03,train,304_18
304,3759,229,Road,35.7573873414594,139.59835767745972,2012-12-08 21:00:32,2012-12-03,train,304_18
304,876,69,Train Station,35.75128501398858,139.545997277953,2012-12-09 08:21:04,2012-12-03,train,304_18
304,503,69,Train Station,35.74953810235406,139.5865398645401,2012-12-09 14:49:55,2012-12-03,train,304_18
306,93,237,Mall,35.532942167026505,139.69576478004456,2012-12-07 16:24:53,2012-12-03,train,306_17
306,6270,268,River,35.623256366178964,139.5710849761963,2012-12-08 09:09:05,2012-12-03,train,306_17
306,7677,124,Event Space,35.65404163092816,139.69374737965504,2012-12-08 09:58:47,2012-12-03,train,306_17
306,4658,240,Convention Center,35.631732815339795,139.79763507843018,2012-12-08 12:04:16,2012-12-03,train,306_17
306,93,237,Mall,35.532942167026505,139.69576478004456,2012-12-08 18:07:21,2012-12-03,train,306_17
308,2801,69,Train Station,35.62104117889108,139.56945419311523,2012-12-03 07:56:55,2012-12-03,train,308_8
308,212,69,Train Station,35.64004270002671,139.59873855113983,2012-12-03 08:03:49,2012-12-03,train,308_8
308,212,69,Train Station,35.64004270002671,139.59873855113983,2012-12-03 14:50:52,2012-12-03,train,308_8
308,3808,69,Train Station,35.620783899224726,139.56991016864777,2012-12-04 08:14:40,2012-12-03,train,308_8
308,212,69,Train Station,35.64004270002671,139.59873855113983,2012-12-04 14:47:29,2012-12-03,train,308_8
308,3808,69,Train Station,35.620783899224726,139.56991016864777,2012-12-04 14:58:30,2012-12-03,train,308_8
308,2194,69,Train Station,35.56260437564309,139.6999168395996,2012-12-04 20:17:07,2012-12-03,train,308_8
308,276,69,Train Station,35.589812720947975,139.66880321502686,2012-12-04 20:28:23,2012-12-03,train,308_8
308,164,69,Train Station,35.60753807817138,139.6688391408238,2012-12-04 20:33:55,2012-12-03,train,308_8
308,79,69,Train Station,35.59974085378926,139.6102237701416,2012-12-04 20:48:58,2012-12-03,train,308_8
308,2801,69,Train Station,35.62104117889108,139.56945419311523,2012-12-05 07:15:57,2012-12-03,train,308_8
308,212,69,Train Station,35.64004270002671,139.59873855113983,2012-12-05 07:23:36,2012-12-03,train,308_8
308,212,69,Train Station,35.64004270002671,139.59873855113983,2012-12-05 14:52:56,2012-12-03,train,308_8
308,2801,69,Train Station,35.62104117889108,139.56945419311523,2012-12-06 08:15:51,2012-12-03,train,308_8
308,212,69,Train Station,35.64004270002671,139.59873855113983,2012-12-06 08:22:21,2012-12-03,train,308_8
308,212,69,Train Station,35.64004270002671,139.59873855113983,2012-12-06 14:46:12,2012-12-03,train,308_8
308,2801,69,Train Station,35.62104117889108,139.56945419311523,2012-12-06 14:52:57,2012-12-03,train,308_8
308,3808,69,Train Station,35.620783899224726,139.56991016864777,2012-12-06 14:54:36,2012-12-03,train,308_8
308,938,69,Train Station,35.610559633051565,139.5925386250019,2012-12-07 07:38:28,2012-12-03,train,308_8
308,2801,69,Train Station,35.62104117889108,139.56945419311523,2012-12-07 07:48:19,2012-12-03,train,308_8
308,212,69,Train Station,35.64004270002671,139.59873855113983,2012-12-07 15:51:01,2012-12-03,train,308_8
308,3808,69,Train Station,35.620783899224726,139.56991016864777,2012-12-07 16:00:28,2012-12-03,train,308_8
308,3811,69,Train Station,35.531649979217406,139.69715416431427,2012-12-07 16:35:13,2012-12-03,train,308_8
308,4286,69,Train Station,35.575729760171434,139.65965151786804,2012-12-08 16:15:26,2012-12-03,train,308_8
308,208,69,Train Station,35.53132692901326,139.69690203666687,2012-12-08 22:27:37,2012-12-03,train,308_8
308,192,69,Train Station,35.60375363356726,139.50759172439575,2012-12-09 16:38:43,2012-12-03,train,308_8
308,630,69,Train Station,35.61718625786023,139.56456184387207,2012-12-09 16:51:50,2012-12-03,train,308_8
309,3619,256,Convenience Store,35.699416097425576,139.50682658007,2012-12-03 11:36:50,2012-12-03,train,309_6
309,3482,256,Convenience Store,35.710672316122455,139.70343589782715,2012-12-03 13:58:11,2012-12-03,train,309_6
309,931,69,Train Station,35.701341705675524,139.50644373893738,2012-12-06 10:37:36,2012-12-03,train,309_6
309,5864,281,Train Station,35.72816753300322,139.7111713886261,2012-12-06 18:16:39,2012-12-03,train,309_6
309,1256,69,Train Station,35.7300438000342,139.68302911996523,2012-12-06 18:27:01,2012-12-03,train,309_6
309,43,69,Train Station,35.69080269423021,139.70027922656513,2012-12-06 20:19:08,2012-12-03,train,309_6
309,1256,69,Train Station,35.7300438000342,139.68302911996523,2012-12-07 23:13:56,2012-12-03,train,309_6
309,3619,256,Convenience Store,35.699416097425576,139.50682658007,2012-12-08 18:53:45,2012-12-03,train,309_6
309,6494,23,Drugstore / Pharmacy,35.69976870535776,139.50689118839838,2012-12-08 18:54:40,2012-12-03,train,309_6
309,931,69,Train Station,35.701341705675524,139.50644373893738,2012-12-08 18:59:30,2012-12-03,train,309_6
309,3361,69,Train Station,35.70318439175557,139.57990407943726,2012-12-08 19:11:08,2012-12-03,train,309_6
309,3361,69,Train Station,35.70318439175557,139.57990407943726,2012-12-08 19:54:12,2012-12-03,train,309_6
309,690,236,Subway,35.669590069204546,139.8175974190235,2012-12-09 06:36:51,2012-12-03,train,309_6
309,129,69,Train Station,35.70582855009322,139.66579914093018,2012-12-09 07:05:27,2012-12-03,train,309_6
309,931,69,Train Station,35.701341705675524,139.50644373893738,2012-12-09 07:26:43,2012-12-03,train,309_6
309,1360,233,Hobby Shop,35.698327101400224,139.77162837982178,2012-12-09 13:57:15,2012-12-03,train,309_6
309,6150,69,Train Station,35.70105201238241,139.4793963432312,2012-12-09 15:08:54,2012-12-03,train,309_6
309,6150,69,Train Station,35.70105201238241,139.4793963432312,2012-12-09 15:09:19,2012-12-03,train,309_6
309,304,69,Train Station,35.70025262768564,139.48025465011597,2012-12-09 16:55:31,2012-12-03,train,309_6
309,6494,23,Drugstore / Pharmacy,35.69976870535776,139.50689118839838,2012-12-09 17:23:17,2012-12-03,train,309_6
323,5572,59,Office,35.6724376662187,139.72510071101104,2012-12-03 09:34:45,2012-12-03,train,323_15
323,87,69,Train Station,35.65852172695124,139.7013260344949,2012-12-03 15:13:18,2012-12-03,train,323_15
323,5572,59,Office,35.6724376662187,139.72510071101104,2012-12-03 16:07:20,2012-12-03,train,323_15
323,5572,59,Office,35.6724376662187,139.72510071101104,2012-12-05 09:53:13,2012-12-03,train,323_15
323,5572,59,Office,35.6724376662187,139.72510071101104,2012-12-06 09:47:57,2012-12-03,train,323_15
324,1384,237,Mall,35.6676866828724,139.60047125816345,2012-12-09 21:23:00,2012-12-03,train,324_14
324,169,69,Train Station,35.64734964890964,139.62407939136028,2012-12-09 21:47:48,2012-12-03,train,324_14
324,170,69,Train Station,35.6513682132017,139.63663816452026,2012-12-09 22:00:00,2012-12-03,train,324_14
325,44,69,Train Station,35.68137872227962,139.76608157157898,2012-12-05 18:55:03,2012-12-03,train,325_17
325,4706,69,Train Station,35.681283949368016,139.76607084274292,2012-12-05 18:55:10,2012-12-03,train,325_17
325,142,69,Train Station,35.698596195264464,139.77301824864617,2012-12-05 19:03:47,2012-12-03,train,325_17
325,3280,69,Train Station,35.69833581429355,139.77303385734558,2012-12-05 19:03:50,2012-12-03,train,325_17
325,4706,69,Train Station,35.681283949368016,139.76607084274292,2012-12-08 18:07:07,2012-12-03,train,325_17
325,2685,69,Train Station,35.68090812464479,139.76839900016785,2012-12-08 18:08:50,2012-12-03,train,325_17
325,63,32,Bookstore,35.6781683633928,139.76818710565567,2012-12-08 18:12:43,2012-12-03,train,325_17
325,4080,69,Train Station,35.67993968698292,139.76821526885033,2012-12-08 18:24:47,2012-12-03,train,325_17
325,7849,5,Home (private),35.70454666304816,139.48219861389168,2012-12-08 22:39:37,2012-12-03,train,325_17
325,7723,5,Home (private),35.7320101759778,139.48219861389168,2012-12-09 22:29:14,2012-12-03,train,325_17
336,151,236,Subway,35.68691239365025,139.76361393928528,2012-12-04 11:56:35,2012-12-03,train,336_11
336,1357,170,Student Center,35.70605941972244,139.71654653549194,2012-12-04 17:36:10,2012-12-03,train,336_11
336,4743,153,College Academic Building,35.70903017302856,139.71897661685944,2012-12-07 17:20:27,2012-12-03,train,336_11
336,269,69,Train Station,35.732117253229084,139.76670384407043,2012-12-09 15:46:15,2012-12-03,train,336_11
336,269,69,Train Station,35.732117253229084,139.76670384407043,2012-12-09 21:28:28,2012-12-03,train,336_11
342,193,69,Train Station,35.704621918699345,139.6199870109558,2012-12-03 18:41:50,2012-12-03,train,342_11
342,193,69,Train Station,35.704621918699345,139.6199870109558,2012-12-04 18:29:26,2012-12-03,train,342_11
342,193,69,Train Station,35.704621918699345,139.6199870109558,2012-12-05 09:21:54,2012-12-03,train,342_11
342,193,69,Train Station,35.704621918699345,139.6199870109558,2012-12-05 18:02:44,2012-12-03,train,342_11
342,193,69,Train Station,35.704621918699345,139.6199870109558,2012-12-06 18:50:32,2012-12-03,train,342_11
342,193,69,Train Station,35.704621918699345,139.6199870109558,2012-12-07 09:07:49,2012-12-03,train,342_11
342,193,69,Train Station,35.704621918699345,139.6199870109558,2012-12-07 18:16:01,2012-12-03,train,342_11
342,279,69,Train Station,35.699583,139.765222,2012-12-07 18:39:21,2012-12-03,train,342_11
342,1162,69,Train Station,35.702002,139.754315,2012-12-08 18:21:24,2012-12-03,train,342_11
342,981,26,Japanese Restaurant,35.69540169364076,139.75895762443542,2012-12-08 19:28:06,2012-12-03,train,342_11
342,142,69,Train Station,35.698596195264464,139.77301824864617,2012-12-09 15:17:00,2012-12-03,train,342_11
348,236,236,Subway,35.67204468417157,139.76417183876038,2012-12-03 06:40:32,2012-12-03,train,348_7
348,4084,153,College Academic Building,35.73448612045241,139.809490442276,2012-12-03 07:21:38,2012-12-03,train,348_7
348,7304,171,Trade School,35.73467840882071,139.80874909160926,2012-12-03 07:21:40,2012-12-03,train,348_7
348,6351,162,College Academic Building,35.7343380683153,139.80907201766968,2012-12-03 12:08:11,2012-12-03,train,348_7
348,262,237,Mall,35.73540468071544,139.80189085596467,2012-12-03 14:33:54,2012-12-03,train,348_7
348,5311,241,Miscellaneous Shop,35.73563569238605,139.80139017105105,2012-12-03 14:49:29,2012-12-03,train,348_7
348,236,236,Subway,35.67204468417157,139.76417183876038,2012-12-03 15:21:16,2012-12-03,train,348_7
348,2471,200,Arcade,35.69325603596359,139.7014832496643,2012-12-03 15:44:03,2012-12-03,train,348_7
348,43,69,Train Station,35.69080269423021,139.70027922656513,2012-12-03 17:01:25,2012-12-03,train,348_7
348,7723,5,Home (private),35.7320101759778,139.48219861389168,2012-12-03 23:45:13,2012-12-03,train,348_7
348,6351,162,College Academic Building,35.7343380683153,139.80907201766968,2012-12-04 12:00:17,2012-12-03,train,348_7
348,148,69,Train Station,35.73313214348965,139.79887408195768,2012-12-04 15:32:15,2012-12-03,train,348_7
348,2471,200,Arcade,35.69325603596359,139.7014832496643,2012-12-04 16:19:50,2012-12-03,train,348_7
348,43,69,Train Station,35.69080269423021,139.70027922656513,2012-12-04 17:37:36,2012-12-03,train,348_7
348,7304,171,Trade School,35.73467840882071,139.80874909160926,2012-12-05 07:20:42,2012-12-03,train,348_7
348,6351,162,College Academic Building,35.7343380683153,139.80907201766968,2012-12-05 12:12:40,2012-12-03,train,348_7
348,148,69,Train Station,35.73313214348965,139.79887408195768,2012-12-05 18:12:34,2012-12-03,train,348_7
348,236,236,Subway,35.67204468417157,139.76417183876038,2012-12-05 18:37:21,2012-12-03,train,348_7
348,43,69,Train Station,35.69080269423021,139.70027922656513,2012-12-05 18:57:34,2012-12-03,train,348_7
348,2471,200,Arcade,35.69325603596359,139.7014832496643,2012-12-05 19:03:54,2012-12-03,train,348_7
348,43,69,Train Station,35.69080269423021,139.70027922656513,2012-12-05 19:24:37,2012-12-03,train,348_7
348,148,69,Train Station,35.73313214348965,139.79887408195768,2012-12-06 07:11:02,2012-12-03,train,348_7
348,7304,171,Trade School,35.73467840882071,139.80874909160926,2012-12-06 07:29:06,2012-12-03,train,348_7
348,6351,162,College Academic Building,35.7343380683153,139.80907201766968,2012-12-06 15:49:18,2012-12-03,train,348_7
348,148,69,Train Station,35.73313214348965,139.79887408195768,2012-12-06 18:16:17,2012-12-03,train,348_7
348,236,236,Subway,35.67204468417157,139.76417183876038,2012-12-06 18:44:34,2012-12-03,train,348_7
348,1603,54,Paper / Office Supplies Store,35.673147435444335,139.76705996964083,2012-12-06 18:53:25,2012-12-03,train,348_7
348,142,69,Train Station,35.698596195264464,139.77301824864617,2012-12-07 06:56:14,2012-12-03,train,348_7
348,148,69,Train Station,35.73313214348965,139.79887408195768,2012-12-07 07:08:27,2012-12-03,train,348_7
348,262,237,Mall,35.73540468071544,139.80189085596467,2012-12-07 14:58:45,2012-12-03,train,348_7
348,5311,241,Miscellaneous Shop,35.73563569238605,139.80139017105105,2012-12-07 14:58:58,2012-12-03,train,348_7
348,148,69,Train Station,35.73313214348965,139.79887408195768,2012-12-07 15:39:16,2012-12-03,train,348_7
348,236,236,Subway,35.67204468417157,139.76417183876038,2012-12-07 16:05:40,2012-12-03,train,348_7
348,43,69,Train Station,35.69080269423021,139.70027922656513,2012-12-07 16:25:58,2012-12-03,train,348_7
348,2471,200,Arcade,35.69325603596359,139.7014832496643,2012-12-07 17:08:08,2012-12-03,train,348_7
348,43,69,Train Station,35.69080269423021,139.70027922656513,2012-12-07 17:08:12,2012-12-03,train,348_7
348,236,236,Subway,35.67204468417157,139.76417183876038,2012-12-09 08:26:30,2012-12-03,train,348_7
348,6272,69,Train Station,35.67458964688105,139.77767944335938,2012-12-09 13:11:16,2012-12-03,train,348_7
348,43,69,Train Station,35.69080269423021,139.70027922656513,2012-12-09 13:43:58,2012-12-03,train,348_7
348,43,69,Train Station,35.69080269423021,139.70027922656513,2012-12-09 14:11:36,2012-12-03,train,348_7
350,1831,69,Train Station,35.65819631197759,139.70203042030334,2012-12-08 22:51:57,2012-12-03,train,350_5
350,87,69,Train Station,35.65852172695124,139.7013260344949,2012-12-09 12:55:30,2012-12-03,train,350_5
350,2439,51,Bar,35.655155663249005,139.70467203296334,2012-12-09 13:11:01,2012-12-03,train,350_5
350,2757,220,Sporting Goods Shop,35.694896325659066,139.76250618696213,2012-12-09 15:48:59,2012-12-03,train,350_5
350,633,56,Electronics Store,35.69901541704127,139.7746217250824,2012-12-09 16:30:52,2012-12-03,train,350_5
350,2213,241,Miscellaneous Shop,35.69802650599684,139.77375268936157,2012-12-09 16:54:48,2012-12-03,train,350_5
357,6779,197,Bridge,35.68715638922188,139.66187372803688,2012-12-03 04:18:37,2012-12-03,train,357_17
357,7807,230,Food & Drink Shop,35.687323085041015,139.66229605244345,2012-12-03 06:25:11,2012-12-03,train,357_17
357,2218,121,Café,35.62032602658474,139.72899734973907,2012-12-03 10:07:36,2012-12-03,train,357_17
357,6779,197,Bridge,35.68715638922188,139.66187372803688,2012-12-04 06:39:52,2012-12-03,train,357_17
357,7132,235,Laundry Service,35.68743959743167,139.66192603111267,2012-12-04 06:40:07,2012-12-03,train,357_17
357,7807,230,Food & Drink Shop,35.687323085041015,139.66229605244345,2012-12-04 06:40:21,2012-12-03,train,357_17
357,6408,198,Coffee Shop,35.687165103335644,139.66223180294037,2012-12-04 06:41:00,2012-12-03,train,357_17
357,6779,197,Bridge,35.68715638922188,139.66187372803688,2012-12-05 07:17:29,2012-12-03,train,357_17
357,7807,230,Food & Drink Shop,35.687323085041015,139.66229605244345,2012-12-05 07:17:40,2012-12-03,train,357_17
357,6779,197,Bridge,35.68715638922188,139.66187372803688,2012-12-06 05:57:31,2012-12-03,train,357_17
357,7132,235,Laundry Service,35.68743959743167,139.66192603111267,2012-12-06 05:57:48,2012-12-03,train,357_17
357,7807,230,Food & Drink Shop,35.687323085041015,139.66229605244345,2012-12-06 05:57:58,2012-12-03,train,357_17
357,6762,115,Scenic Lookout,35.68797769026027,139.66343745589256,2012-12-06 05:58:25,2012-12-03,train,357_17
357,6762,115,Scenic Lookout,35.68797769026027,139.66343745589256,2012-12-07 05:29:34,2012-12-03,train,357_17
357,6779,197,Bridge,35.68715638922188,139.66187372803688,2012-12-07 05:29:44,2012-12-03,train,357_17
357,7807,230,Food & Drink Shop,35.687323085041015,139.66229605244345,2012-12-07 05:29:55,2012-12-03,train,357_17
357,6408,198,Coffee Shop,35.687165103335644,139.66223180294037,2012-12-07 05:30:26,2012-12-03,train,357_17
357,796,81,Building,35.66218218722635,139.76014852523804,2012-12-07 09:35:35,2012-12-03,train,357_17
357,6779,197,Bridge,35.68715638922188,139.66187372803688,2012-12-08 08:18:51,2012-12-03,train,357_17
357,7132,235,Laundry Service,35.68743959743167,139.66192603111267,2012-12-08 08:19:10,2012-12-03,train,357_17
357,6408,198,Coffee Shop,35.687165103335644,139.66223180294037,2012-12-08 08:19:37,2012-12-03,train,357_17
357,6315,26,Japanese Restaurant,35.682332981185375,139.66313034296036,2012-12-08 18:58:58,2012-12-03,train,357_17
357,6762,115,Scenic Lookout,35.68797769026027,139.66343745589256,2012-12-09 07:08:10,2012-12-03,train,357_17
357,7807,230,Food & Drink Shop,35.687323085041015,139.66229605244345,2012-12-09 07:08:44,2012-12-03,train,357_17
357,7132,235,Laundry Service,35.68743959743167,139.66192603111267,2012-12-09 07:08:59,2012-12-03,train,357_17
357,6779,197,Bridge,35.68715638922188,139.66187372803688,2012-12-09 07:09:40,2012-12-03,train,357_17
357,6779,197,Bridge,35.68715638922188,139.66187372803688,2012-12-09 11:51:26,2012-12-03,train,357_17
364,2488,198,Coffee Shop,35.61897201643925,139.73135501146317,2012-12-03 08:14:37,2012-12-03,train,364_9
364,6170,89,School,35.61233681730042,139.6285378932953,2012-12-03 20:01:48,2012-12-03,train,364_9
364,6181,198,Coffee Shop,35.61219726070198,139.62819457054138,2012-12-03 20:15:35,2012-12-03,train,364_9
364,2488,198,Coffee Shop,35.61897201643925,139.73135501146317,2012-12-04 08:20:15,2012-12-03,train,364_9
364,7291,53,Food & Drink Shop,35.6243530688097,139.7300643077864,2012-12-04 10:04:12,2012-12-03,train,364_9
364,7291,53,Food & Drink Shop,35.6243530688097,139.7300643077864,2012-12-04 10:30:13,2012-12-03,train,364_9
364,1067,198,Coffee Shop,35.62333812634651,139.7291884571314,2012-12-04 17:59:49,2012-12-03,train,364_9
364,112,69,Train Station,35.62645040122807,139.72343981266022,2012-12-04 18:38:22,2012-12-03,train,364_9
364,301,236,Subway,35.63168267437874,139.7302982211113,2012-12-04 18:43:59,2012-12-03,train,364_9
364,216,236,Subway,35.63869992304459,139.74003195762634,2012-12-04 18:46:39,2012-12-03,train,364_9
364,2399,236,Subway,35.64693933531064,139.74735975265503,2012-12-04 18:49:48,2012-12-03,train,364_9
364,2914,236,Subway,35.65637655975392,139.75460708141327,2012-12-04 18:51:32,2012-12-03,train,364_9
364,1801,236,Subway,35.66552066771892,139.75946724414823,2012-12-04 18:54:07,2012-12-03,train,364_9
364,3322,236,Subway,35.66967396097516,139.76703643798828,2012-12-04 18:56:14,2012-12-03,train,364_9
364,2990,236,Subway,35.67535660603098,139.77184295654297,2012-12-04 18:58:04,2012-12-03,train,364_9
364,1601,236,Subway,35.681387437024455,139.77555513381958,2012-12-04 18:59:25,2012-12-03,train,364_9
364,3349,236,Subway,35.68635577595945,139.78224858641624,2012-12-04 22:31:36,2012-12-03,train,364_9
364,1601,236,Subway,35.681387437024455,139.77555513381958,2012-12-04 22:35:37,2012-12-03,train,364_9
364,2990,236,Subway,35.67535660603098,139.77184295654297,2012-12-04 22:38:39,2012-12-03,train,364_9
364,2914,236,Subway,35.65637655975392,139.75460708141327,2012-12-04 22:43:20,2012-12-03,train,364_9
364,2399,236,Subway,35.64693933531064,139.74735975265503,2012-12-04 22:46:22,2012-12-03,train,364_9
364,1252,69,Train Station,35.628118180509254,139.7380268850527,2012-12-04 22:50:37,2012-12-03,train,364_9
364,5118,281,Train Station,35.629038239124746,139.73976373672485,2012-12-04 22:57:58,2012-12-03,train,364_9
364,574,69,Train Station,35.60160805870854,139.721778576026,2012-12-04 23:02:18,2012-12-03,train,364_9
364,2487,69,Train Station,35.57490948663387,139.663245677948,2012-12-04 23:07:51,2012-12-03,train,364_9
364,2487,69,Train Station,35.57490948663387,139.663245677948,2012-12-04 23:10:33,2012-12-03,train,364_9
364,1067,198,Coffee Shop,35.62333812634651,139.7291884571314,2012-12-05 18:00:18,2012-12-03,train,364_9
364,2488,198,Coffee Shop,35.61897201643925,139.73135501146317,2012-12-05 19:44:36,2012-12-03,train,364_9
364,7291,53,Food & Drink Shop,35.6243530688097,139.7300643077864,2012-12-06 14:17:12,2012-12-03,train,364_9
364,1067,198,Coffee Shop,35.62333812634651,139.7291884571314,2012-12-06 17:44:37,2012-12-03,train,364_9
364,2488,198,Coffee Shop,35.61897201643925,139.73135501146317,2012-12-06 18:39:33,2012-12-03,train,364_9
364,2488,198,Coffee Shop,35.61897201643925,139.73135501146317,2012-12-07 08:15:28,2012-12-03,train,364_9
364,7291,53,Food & Drink Shop,35.6243530688097,139.7300643077864,2012-12-07 10:23:02,2012-12-03,train,364_9
364,2488,198,Coffee Shop,35.61897201643925,139.73135501146317,2012-12-07 11:51:39,2012-12-03,train,364_9
364,1067,198,Coffee Shop,35.62333812634651,139.7291884571314,2012-12-07 17:42:34,2012-12-03,train,364_9
364,2488,198,Coffee Shop,35.61897201643925,139.73135501146317,2012-12-07 18:17:39,2012-12-03,train,364_9
364,6170,89,School,35.61233681730042,139.6285378932953,2012-12-07 20:04:46,2012-12-03,train,364_9
364,6157,237,Mall,35.61223214987442,139.627765417099,2012-12-07 20:40:03,2012-12-03,train,364_9
364,6181,198,Coffee Shop,35.61219726070198,139.62819457054138,2012-12-07 21:21:22,2012-12-03,train,364_9
364,164,69,Train Station,35.60753807817138,139.6688391408238,2012-12-07 21:34:09,2012-12-03,train,364_9
364,3396,69,Train Station,35.60749357553002,139.6688192064755,2012-12-07 21:35:11,2012-12-03,train,364_9
364,214,69,Train Station,35.606370555448706,139.67936038970947,2012-12-07 21:36:36,2012-12-03,train,364_9
364,207,69,Train Station,35.60743038445974,139.68562066555023,2012-12-07 21:37:46,2012-12-03,train,364_9
364,403,69,Train Station,35.60640928015268,139.69292973231842,2012-12-07 21:39:37,2012-12-03,train,364_9
364,5996,69,Train Station,35.604915678564026,139.70270235488502,2012-12-07 21:40:39,2012-12-03,train,364_9
364,1179,69,Train Station,35.60391414,139.707701,2012-12-07 21:43:13,2012-12-03,train,364_9
364,341,69,Train Station,35.60879494815474,139.71805527806282,2012-12-07 21:45:59,2012-12-03,train,364_9
364,7743,69,Train Station,35.607053763965126,139.7348936129846,2012-12-07 22:27:02,2012-12-03,train,364_9
364,109,69,Train Station,35.63014572966312,139.74042892456055,2012-12-07 22:32:34,2012-12-03,train,364_9
364,5118,281,Train Station,35.629038239124746,139.73976373672485,2012-12-07 22:38:36,2012-12-03,train,364_9
364,2487,69,Train Station,35.57490948663387,139.663245677948,2012-12-07 22:47:41,2012-12-03,train,364_9
364,7781,281,Train Station,35.57428451702875,139.66327273550937,2012-12-07 22:49:15,2012-12-03,train,364_9
364,2487,69,Train Station,35.57490948663387,139.663245677948,2012-12-07 22:51:11,2012-12-03,train,364_9
364,7048,89,School,35.677605148330144,139.7611141204834,2012-12-08 14:48:08,2012-12-03,train,364_9
364,15,231,Hotel,35.67472374338653,139.76074805882342,2012-12-08 16:59:08,2012-12-03,train,364_9
364,2488,198,Coffee Shop,35.61897201643925,139.73135501146317,2012-12-08 18:22:45,2012-12-03,train,364_9
364,4286,69,Train Station,35.575729760171434,139.65965151786804,2012-12-08 20:01:49,2012-12-03,train,364_9
364,4481,198,Coffee Shop,35.70293608902187,139.75469291210177,2012-12-09 14:05:04,2012-12-03,train,364_9
364,52,287,Concert Hall,35.6666581598653,139.74133014678955,2012-12-09 15:05:11,2012-12-03,train,364_9
364,3302,114,Plaza,35.666908488809966,139.74052663644966,2012-12-09 15:07:00,2012-12-03,train,364_9
364,52,287,Concert Hall,35.6666581598653,139.74133014678955,2012-12-09 15:33:58,2012-12-03,train,364_9
370,1826,211,Airport,35.55137976854632,139.78840827941897,2012-12-03 16:46:48,2012-12-03,train,370_10
370,7777,5,Home (private),35.53603192998399,139.74732040532055,2012-12-03 17:59:58,2012-12-03,train,370_10
370,1505,69,Train Station,35.53473417006644,139.7480021417141,2012-12-04 19:45:58,2012-12-03,train,370_10
370,7777,5,Home (private),35.53603192998399,139.74732040532055,2012-12-04 19:50:58,2012-12-03,train,370_10
370,1505,69,Train Station,35.53473417006644,139.7480021417141,2012-12-05 08:09:31,2012-12-03,train,370_10
370,7777,5,Home (private),35.53603192998399,139.74732040532055,2012-12-06 13:17:51,2012-12-03,train,370_10
370,748,69,Train Station,35.53275445184632,139.7007429599762,2012-12-07 08:20:57,2012-12-03,train,370_10
370,748,69,Train Station,35.53275445184632,139.7007429599762,2012-12-09 12:03:21,2012-12-03,train,370_10
384,1423,172,University,35.64922791015459,139.7428858280182,2012-12-03 17:01:21,2012-12-03,train,384_10
384,206,69,Train Station,35.610444060193295,139.69440758228302,2012-12-03 18:58:51,2012-12-03,train,384_10
384,4561,111,Other Great Outdoors,35.60176471569719,139.6904754638672,2012-12-04 06:19:55,2012-12-03,train,384_10
384,112,69,Train Station,35.62645040122807,139.72343981266022,2012-12-04 19:09:00,2012-12-03,train,384_10
384,87,69,Train Station,35.65852172695124,139.7013260344949,2012-12-04 19:20:31,2012-12-03,train,384_10
384,1354,76,Government Building,35.65847744365316,139.700887799263,2012-12-04 19:24:44,2012-12-03,train,384_10
384,7061,236,Subway,35.647523473025934,139.748432636261,2012-12-07 12:09:17,2012-12-03,train,384_10
384,1423,172,University,35.64922791015459,139.7428858280182,2012-12-07 13:14:45,2012-12-03,train,384_10
384,87,69,Train Station,35.65852172695124,139.7013260344949,2012-12-09 16:22:19,2012-12-03,train,384_10
385,281,69,Train Station,35.74964694346383,139.80514526367188,2012-12-03 11:40:03,2012-12-03,train,385_6
385,281,69,Train Station,35.74964694346383,139.80514526367188,2012-12-04 11:24:17,2012-12-03,train,385_6
385,261,69,Train Station,35.70320181647976,139.57990407943726,2012-12-04 12:16:15,2012-12-03,train,385_6
385,1936,26,Japanese Restaurant,35.69897185293632,139.7751326858997,2012-12-04 15:39:06,2012-12-03,train,385_6
385,142,69,Train Station,35.698596195264464,139.77301824864617,2012-12-06 12:04:46,2012-12-03,train,385_6
385,261,69,Train Station,35.70320181647976,139.57990407943726,2012-12-06 14:45:52,2012-12-03,train,385_6
385,142,69,Train Station,35.698596195264464,139.77301824864617,2012-12-07 08:06:39,2012-12-03,train,385_6
385,43,69,Train Station,35.69080269423021,139.70027922656513,2012-12-08 16:53:50,2012-12-03,train,385_6
385,142,69,Train Station,35.698596195264464,139.77301824864617,2012-12-08 17:18:49,2012-12-03,train,385_6
385,281,69,Train Station,35.74964694346383,139.80514526367188,2012-12-08 21:22:38,2012-12-03,train,385_6
385,1848,69,Train Station,35.7277712437567,139.77096319198608,2012-12-08 21:37:27,2012-12-03,train,385_6
385,189,69,Train Station,35.729864636451765,139.7109555727517,2012-12-08 21:52:18,2012-12-03,train,385_6
385,3248,236,Subway,35.73740791660354,139.65474843978882,2012-12-09 04:18:44,2012-12-03,train,385_6
385,43,69,Train Station,35.69080269423021,139.70027922656513,2012-12-09 05:50:08,2012-12-03,train,385_6
385,43,69,Train Station,35.69080269423021,139.70027922656513,2012-12-09 17:35:40,2012-12-03,train,385_6
385,633,56,Electronics Store,35.69901541704127,139.7746217250824,2012-12-09 18:10:14,2012-12-03,train,385_6
385,1457,20,Record Shop,35.69884333868803,139.77475315332413,2012-12-09 18:10:56,2012-12-03,train,385_6
392,43,69,Train Station,35.69080269423021,139.70027922656513,2012-12-03 17:33:24,2012-12-03,train,392_8
392,2471,200,Arcade,35.69325603596359,139.7014832496643,2012-12-03 18:02:25,2012-12-03,train,392_8
392,5191,237,Mall,35.69258046011206,139.70119958781652,2012-12-03 18:59:05,2012-12-03,train,392_8
392,1170,189,Ramen /  Noodle House,35.704083246464904,139.58094693254088,2012-12-04 02:40:03,2012-12-03,train,392_8
392,261,69,Train Station,35.70320181647976,139.57990407943726,2012-12-04 08:58:26,2012-12-03,train,392_8
392,261,69,Train Station,35.70320181647976,139.57990407943726,2012-12-04 09:12:57,2012-12-03,train,392_8
392,261,69,Train Station,35.70320181647976,139.57990407943726,2012-12-04 09:29:14,2012-12-03,train,392_8
392,5315,121,Café,35.70435858811599,139.58012828921284,2012-12-04 19:48:30,2012-12-03,train,392_8
392,43,69,Train Station,35.69080269423021,139.70027922656513,2012-12-05 19:17:00,2012-12-03,train,392_8
392,4455,189,Ramen /  Noodle House,35.69439313280583,139.70208406448364,2012-12-08 07:46:48,2012-12-03,train,392_8
392,43,69,Train Station,35.69080269423021,139.70027922656513,2012-12-08 19:14:59,2012-12-03,train,392_8
396,174,69,Train Station,35.619699172885795,139.72855277359486,2012-12-03 08:13:54,2012-12-03,train,396_4
396,174,69,Train Station,35.619699172885795,139.72855277359486,2012-12-03 18:38:30,2012-12-03,train,396_4
396,174,69,Train Station,35.619699172885795,139.72855277359486,2012-12-04 08:14:11,2012-12-03,train,396_4
396,174,69,Train Station,35.619699172885795,139.72855277359486,2012-12-04 18:10:43,2012-12-03,train,396_4
396,174,69,Train Station,35.619699172885795,139.72855277359486,2012-12-05 18:09:45,2012-12-03,train,396_4
396,174,69,Train Station,35.619699172885795,139.72855277359486,2012-12-06 08:12:52,2012-12-03,train,396_4
396,174,69,Train Station,35.619699172885795,139.72855277359486,2012-12-06 18:31:28,2012-12-03,train,396_4
396,174,69,Train Station,35.619699172885795,139.72855277359486,2012-12-07 08:46:42,2012-12-03,train,396_4
396,87,69,Train Station,35.65852172695124,139.7013260344949,2012-12-07 18:21:35,2012-12-03,train,396_4
396,305,59,Office,35.65815054626231,139.6985220909119,2012-12-07 18:31:20,2012-12-03,train,396_4
396,2658,29,Hardware Store,35.54656125911815,139.57622408866882,2012-12-08 13:39:44,2012-12-03,train,396_4
396,5231,237,Mall,35.54877414315378,139.57781195640564,2012-12-08 14:23:13,2012-12-03,train,396_4
396,3640,39,Food & Drink Shop,35.54876977855108,139.57780122756958,2012-12-08 14:33:06,2012-12-03,train,396_4
405,192,69,Train Station,35.60375363356726,139.50759172439575,2012-12-03 19:16:07,2012-12-03,train,405_8
405,192,69,Train Station,35.60375363356726,139.50759172439575,2012-12-03 21:09:02,2012-12-03,train,405_8
405,192,69,Train Station,35.60375363356726,139.50759172439575,2012-12-04 08:16:35,2012-12-03,train,405_8
405,192,69,Train Station,35.60375363356726,139.50759172439575,2012-12-04 19:27:02,2012-12-03,train,405_8
405,192,69,Train Station,35.60375363356726,139.50759172439575,2012-12-04 21:06:51,2012-12-03,train,405_8
405,192,69,Train Station,35.60375363356726,139.50759172439575,2012-12-05 08:14:03,2012-12-03,train,405_8
405,192,69,Train Station,35.60375363356726,139.50759172439575,2012-12-05 19:38:43,2012-12-03,train,405_8
405,192,69,Train Station,35.60375363356726,139.50759172439575,2012-12-05 21:01:14,2012-12-03,train,405_8
405,192,69,Train Station,35.60375363356726,139.50759172439575,2012-12-06 12:41:34,2012-12-03,train,405_8
405,192,69,Train Station,35.60375363356726,139.50759172439575,2012-12-06 15:22:52,2012-12-03,train,405_8
405,236,236,Subway,35.67204468417157,139.76417183876038,2012-12-06 18:02:41,2012-12-03,train,405_8
405,43,69,Train Station,35.69080269423021,139.70027922656513,2012-12-06 20:17:17,2012-12-03,train,405_8
405,1934,236,Subway,35.68860291906892,139.69895124435425,2012-12-06 20:33:14,2012-12-03,train,405_8
405,192,69,Train Station,35.60375363356726,139.50759172439575,2012-12-07 21:30:59,2012-12-03,train,405_8
405,236,236,Subway,35.67204468417157,139.76417183876038,2012-12-09 14:27:05,2012-12-03,train,405_8
405,192,69,Train Station,35.60375363356726,139.50759172439575,2012-12-09 18:21:10,2012-12-03,train,405_8
407,4286,69,Train Station,35.575729760171434,139.65965151786804,2012-12-07 15:10:40,2012-12-03,train,407_7
407,1916,69,Train Station,35.633128029468295,139.71558094024658,2012-12-07 15:23:07,2012-12-03,train,407_7
407,6916,121,Café,35.698993634991766,139.77293729782104,2012-12-07 16:05:11,2012-12-03,train,407_7
407,6916,121,Café,35.698993634991766,139.77293729782104,2012-12-07 18:05:43,2012-12-03,train,407_7
407,87,69,Train Station,35.65852172695124,139.7013260344949,2012-12-07 18:33:37,2012-12-03,train,407_7
412,693,69,Train Station,35.858739601673754,139.6572858095169,2012-12-03 07:44:00,2012-12-03,train,412_6
412,251,236,Subway,35.6630059244977,139.74504232406616,2012-12-03 08:39:18,2012-12-03,train,412_6
412,7016,81,Building,35.65977527672225,139.74352048936896,2012-12-03 18:39:00,2012-12-03,train,412_6
412,831,76,Government Building,35.65856461606471,139.74547684192655,2012-12-03 18:43:23,2012-12-03,train,412_6
412,6292,116,Sculpture Garden,35.658665953873545,139.7460763156414,2012-12-03 18:44:47,2012-12-03,train,412_6
412,4484,256,Convenience Store,35.65690614,139.7571713,2012-12-03 19:12:30,2012-12-03,train,412_6
412,333,69,Train Station,35.65561813580688,139.75674211978912,2012-12-03 19:15:30,2012-12-03,train,412_6
412,6535,69,Train Station,35.714252680577395,139.77699279785156,2012-12-03 19:34:01,2012-12-03,train,412_6
412,2362,69,Train Station,35.71369516481194,139.77750778198242,2012-12-03 19:34:33,2012-12-03,train,412_6
412,6866,281,Train Station,35.71395712091212,139.77673244726176,2012-12-03 19:34:55,2012-12-03,train,412_6
412,693,69,Train Station,35.858739601673754,139.6572858095169,2012-12-03 20:10:33,2012-12-03,train,412_6
412,5406,116,Sculpture Garden,35.858570042516256,139.6569049358368,2012-12-03 20:12:22,2012-12-03,train,412_6
412,693,69,Train Station,35.858739601673754,139.6572858095169,2012-12-04 07:51:20,2012-12-03,train,412_6
412,6866,281,Train Station,35.71395712091212,139.77673244726176,2012-12-04 08:13:49,2012-12-03,train,412_6
412,2771,69,Train Station,35.67505156634274,139.7633135318756,2012-12-04 08:34:59,2012-12-03,train,412_6
412,7016,81,Building,35.65977527672225,139.74352048936896,2012-12-04 19:00:55,2012-12-03,train,412_6
412,2489,236,Subway,35.67511257437365,139.75961208343506,2012-12-04 19:20:07,2012-12-03,train,412_6
412,1323,81,Building,35.674098189178814,139.76025391924335,2012-12-04 19:21:10,2012-12-03,train,412_6
412,5164,273,Mobile Phone Shop,35.675304313595795,139.7616720199585,2012-12-04 19:32:32,2012-12-03,train,412_6
412,5406,116,Sculpture Garden,35.858570042516256,139.6569049358368,2012-12-04 22:33:25,2012-12-03,train,412_6
412,693,69,Train Station,35.858739601673754,139.6572858095169,2012-12-05 07:50:18,2012-12-03,train,412_6
412,7016,81,Building,35.65977527672225,139.74352048936896,2012-12-05 18:53:08,2012-12-03,train,412_6
412,831,76,Government Building,35.65856461606471,139.74547684192655,2012-12-05 18:55:39,2012-12-03,train,412_6
412,7416,258,Historic Site,35.65727881334467,139.75048184394836,2012-12-05 19:10:39,2012-12-03,train,412_6
412,3913,88,Temple,35.65700857420805,139.7525417804718,2012-12-05 19:13:21,2012-12-03,train,412_6
412,333,69,Train Station,35.65561813580688,139.75674211978912,2012-12-05 19:33:09,2012-12-03,train,412_6
412,6535,69,Train Station,35.714252680577395,139.77699279785156,2012-12-05 19:51:33,2012-12-03,train,412_6
412,7226,281,Train Station,35.71384747025637,139.77664257921535,2012-12-05 19:52:57,2012-12-03,train,412_6
412,693,69,Train Station,35.858739601673754,139.6572858095169,2012-12-05 20:25:44,2012-12-03,train,412_6
412,5406,116,Sculpture Garden,35.858570042516256,139.6569049358368,2012-12-05 20:26:20,2012-12-03,train,412_6
412,693,69,Train Station,35.858739601673754,139.6572858095169,2012-12-06 07:46:22,2012-12-03,train,412_6
412,7226,281,Train Station,35.71384747025637,139.77664257921535,2012-12-06 08:08:07,2012-12-03,train,412_6
412,7713,281,Train Station,35.71360164425933,139.7761882483943,2012-12-06 08:10:01,2012-12-03,train,412_6
412,7016,81,Building,35.65977527672225,139.74352048936896,2012-12-06 18:40:54,2012-12-03,train,412_6
412,831,76,Government Building,35.65856461606471,139.74547684192655,2012-12-06 18:44:03,2012-12-03,train,412_6
412,6292,116,Sculpture Garden,35.658665953873545,139.7460763156414,2012-12-06 18:45:53,2012-12-03,train,412_6
412,3917,88,Temple,35.65734445,139.750267,2012-12-06 19:01:41,2012-12-03,train,412_6
412,7416,258,Historic Site,35.65727881334467,139.75048184394836,2012-12-06 19:02:51,2012-12-03,train,412_6
412,3913,88,Temple,35.65700857420805,139.7525417804718,2012-12-06 19:09:03,2012-12-03,train,412_6
412,333,69,Train Station,35.65561813580688,139.75674211978912,2012-12-06 19:20:05,2012-12-03,train,412_6
412,6535,69,Train Station,35.714252680577395,139.77699279785156,2012-12-06 19:38:32,2012-12-03,train,412_6
412,2362,69,Train Station,35.71369516481194,139.77750778198242,2012-12-06 19:41:35,2012-12-03,train,412_6
412,693,69,Train Station,35.858739601673754,139.6572858095169,2012-12-06 20:19:02,2012-12-03,train,412_6
412,5406,116,Sculpture Garden,35.858570042516256,139.6569049358368,2012-12-06 20:22:02,2012-12-03,train,412_6
412,6050,281,Train Station,35.71435285013153,139.77728663655105,2012-12-07 08:10:08,2012-12-03,train,412_6
412,2771,69,Train Station,35.67505156634274,139.7633135318756,2012-12-07 08:29:04,2012-12-03,train,412_6
412,2489,236,Subway,35.67511257437365,139.75961208343506,2012-12-07 08:32:44,2012-12-03,train,412_6
412,251,236,Subway,35.6630059244977,139.74504232406616,2012-12-07 08:50:13,2012-12-03,train,412_6
412,7016,81,Building,35.65977527672225,139.74352048936896,2012-12-07 18:46:28,2012-12-03,train,412_6
412,831,76,Government Building,35.65856461606471,139.74547684192655,2012-12-07 18:49:20,2012-12-03,train,412_6
412,3917,88,Temple,35.65734445,139.750267,2012-12-07 19:23:38,2012-12-03,train,412_6
412,693,69,Train Station,35.858739601673754,139.6572858095169,2012-12-08 00:32:40,2012-12-03,train,412_6
412,5406,116,Sculpture Garden,35.858570042516256,139.6569049358368,2012-12-08 00:33:01,2012-12-03,train,412_6
412,4317,23,Drugstore / Pharmacy,35.85796,139.65381,2012-12-08 11:12:37,2012-12-03,train,412_6
412,1070,188,Dessert Shop,35.85928305806782,139.6471792459488,2012-12-08 11:35:43,2012-12-03,train,412_6
412,3281,39,Food & Drink Shop,35.860335179057806,139.655499458313,2012-12-08 14:04:51,2012-12-03,train,412_6
412,1087,198,Coffee Shop,35.85520921822732,139.6472543478012,2012-12-09 09:42:32,2012-12-03,train,412_6
412,3178,32,Bookstore,35.85998990640277,139.65333723436112,2012-12-09 13:47:08,2012-12-03,train,412_6
412,3281,39,Food & Drink Shop,35.860335179057806,139.655499458313,2012-12-09 14:12:41,2012-12-03,train,412_6
412,3628,122,Fast Food Restaurant,35.8595591324889,139.65552628040314,2012-12-09 14:30:52,2012-12-03,train,412_6
412,3572,68,Government Building,35.861604661826725,139.6453607082367,2012-12-09 19:29:42,2012-12-03,train,412_6
416,5800,59,Office,35.60864830335672,139.74829599753528,2012-12-03 08:03:50,2012-12-03,train,416_6
416,5800,59,Office,35.60864830335672,139.74829599753528,2012-12-03 18:39:56,2012-12-03,train,416_6
416,5800,59,Office,35.60864830335672,139.74829599753528,2012-12-04 18:43:08,2012-12-03,train,416_6
416,5800,59,Office,35.60864830335672,139.74829599753528,2012-12-05 17:10:47,2012-12-03,train,416_6
416,5800,59,Office,35.60864830335672,139.74829599753528,2012-12-06 18:58:07,2012-12-03,train,416_6
416,5800,59,Office,35.60864830335672,139.74829599753528,2012-12-07 08:58:57,2012-12-03,train,416_6
416,5800,59,Office,35.60864830335672,139.74829599753528,2012-12-07 12:31:41,2012-12-03,train,416_6
416,7793,242,Parking,35.65594252269533,139.57305271925694,2012-12-08 14:58:46,2012-12-03,train,416_6
419,142,69,Train Station,35.698596195264464,139.77301824864617,2012-12-05 18:10:04,2012-12-03,train,419_7
419,2150,198,Coffee Shop,35.70152902559042,139.77115631103516,2012-12-05 18:18:03,2012-12-03,train,419_7
419,4473,287,Concert Hall,35.70074053646446,139.77187514305115,2012-12-05 19:03:52,2012-12-03,train,419_7
419,44,69,Train Station,35.68137872227962,139.76608157157898,2012-12-05 21:14:49,2012-12-03,train,419_7
419,142,69,Train Station,35.698596195264464,139.77301824864617,2012-12-07 17:45:02,2012-12-03,train,419_7
419,4473,287,Concert Hall,35.70074053646446,139.77187514305115,2012-12-07 17:58:07,2012-12-03,train,419_7
419,1606,46,Bar,35.69890868494186,139.7715613245964,2012-12-07 21:10:37,2012-12-03,train,419_7
419,44,69,Train Station,35.68137872227962,139.76608157157898,2012-12-08 00:27:01,2012-12-03,train,419_7
419,1679,79,Library,35.675957966572845,139.48387026786804,2012-12-08 17:24:37,2012-12-03,train,419_7
426,798,105,Garden,35.73313785608805,139.74651217460632,2012-12-04 19:51:03,2012-12-03,train,426_11
426,5484,197,Bridge,35.67884269109204,139.73627150058746,2012-12-08 10:46:35,2012-12-03,train,426_11
426,1001,269,Shrine,35.69442362943279,139.74307894706726,2012-12-08 12:55:58,2012-12-03,train,426_11
426,1001,269,Shrine,35.69442362943279,139.74307894706726,2012-12-08 14:08:45,2012-12-03,train,426_11
426,3063,258,Historic Site,35.68586668989059,139.7603952884674,2012-12-08 15:40:17,2012-12-03,train,426_11
426,2500,107,Cemetery,35.68727402967725,139.76270735263824,2012-12-08 16:08:58,2012-12-03,train,426_11
426,3304,81,Building,35.686162557165694,139.7659742109655,2012-12-08 16:16:26,2012-12-03,train,426_11
426,45,81,Building,35.68261620651813,139.76433277130127,2012-12-08 16:37:00,2012-12-03,train,426_11
426,3828,237,Mall,35.678439,139.762883021486,2012-12-08 17:01:08,2012-12-03,train,426_11
426,7237,81,Building,35.67974904826333,139.7649121284485,2012-12-08 17:09:10,2012-12-03,train,426_11
426,4496,69,Train Station,35.680568246849035,139.7654914855957,2012-12-08 17:19:33,2012-12-03,train,426_11
426,4203,189,Ramen /  Noodle House,35.680192343713244,139.76831539675888,2012-12-08 17:44:57,2012-12-03,train,426_11
427,142,69,Train Station,35.698596195264464,139.77301824864617,2012-12-04 20:59:53,2012-12-03,train,427_18
427,1082,51,Bar,35.70185131953517,139.77498004487046,2012-12-04 21:17:27,2012-12-03,train,427_18
427,331,69,Train Station,35.64687830575068,139.7099483013153,2012-12-08 14:48:35,2012-12-03,train,427_18
427,142,69,Train Station,35.698596195264464,139.77301824864617,2012-12-09 18:09:21,2012-12-03,train,427_18
427,633,56,Electronics Store,35.69901541704127,139.7746217250824,2012-12-09 18:15:33,2012-12-03,train,427_18
427,72,56,Electronics Store,35.7006638332724,139.771705038212,2012-12-09 20:07:24,2012-12-03,train,427_18
427,7736,189,Ramen /  Noodle House,35.70027046928828,139.77050191799904,2012-12-09 20:27:25,2012-12-03,train,427_18
429,6887,209,Athletic & Sport,35.816150359365544,139.73136139656572,2012-12-03 00:08:09,2012-12-03,train,429_8
429,2599,234,Light Rail,35.5707447235847,139.74991455674171,2012-12-03 19:30:14,2012-12-03,train,429_8
429,7112,281,Train Station,35.699436842223875,139.765739598287,2012-12-04 18:54:57,2012-12-03,train,429_8
429,2599,234,Light Rail,35.5707447235847,139.74991455674171,2012-12-04 19:37:43,2012-12-03,train,429_8
429,4619,204,Music Venue,35.57336842165813,139.75371569188954,2012-12-04 19:37:48,2012-12-03,train,429_8
429,6887,209,Athletic & Sport,35.816150359365544,139.73136139656572,2012-12-05 06:45:30,2012-12-03,train,429_8
429,6887,209,Athletic & Sport,35.816150359365544,139.73136139656572,2012-12-05 15:02:35,2012-12-03,train,429_8
429,2083,122,Fast Food Restaurant,35.605553,139.74239169999998,2012-12-05 19:26:27,2012-12-03,train,429_8
429,6887,209,Athletic & Sport,35.816150359365544,139.73136139656572,2012-12-06 07:07:09,2012-12-03,train,429_8
429,2599,234,Light Rail,35.5707447235847,139.74991455674171,2012-12-06 19:36:56,2012-12-03,train,429_8
429,4619,204,Music Venue,35.57336842165813,139.75371569188954,2012-12-06 19:37:02,2012-12-03,train,429_8
429,6887,209,Athletic & Sport,35.816150359365544,139.73136139656572,2012-12-07 06:23:33,2012-12-03,train,429_8
429,4619,204,Music Venue,35.57336842165813,139.75371569188954,2012-12-07 19:43:01,2012-12-03,train,429_8
429,5823,237,Mall,35.77971621541425,139.69405889511108,2012-12-08 16:50:19,2012-12-03,train,429_8
429,6841,69,Train Station,35.77766178195395,139.7212199169708,2012-12-08 19:17:15,2012-12-03,train,429_8
429,3280,69,Train Station,35.69833581429355,139.77303385734558,2012-12-08 19:41:49,2012-12-03,train,429_8
436,5427,238,Bus Station,35.699276801171195,139.48068380355835,2012-12-03 09:03:19,2012-12-03,train,436_12
436,6917,208,Playground,35.686147406597975,139.47955830110723,2012-12-03 18:21:50,2012-12-03,train,436_12
436,3651,69,Train Station,35.70027005305057,139.47976112365723,2012-12-04 08:54:45,2012-12-03,train,436_12
436,5427,238,Bus Station,35.699276801171195,139.48068380355835,2012-12-04 08:55:42,2012-12-03,train,436_12
436,6122,256,Convenience Store,35.686064,139.479524,2012-12-04 10:51:26,2012-12-03,train,436_12
436,4094,225,Department Store,35.69980436516534,139.48045246704663,2012-12-04 11:04:05,2012-12-03,train,436_12
436,3651,69,Train Station,35.70027005305057,139.47976112365723,2012-12-05 09:02:10,2012-12-03,train,436_12
436,4528,153,College Academic Building,35.68729651925395,139.4806611077357,2012-12-05 09:12:04,2012-12-03,train,436_12
436,6917,208,Playground,35.686147406597975,139.47955830110723,2012-12-05 19:13:44,2012-12-03,train,436_12
436,5960,256,Convenience Store,35.70027876573162,139.47999715805054,2012-12-05 19:30:40,2012-12-03,train,436_12
436,5427,238,Bus Station,35.699276801171195,139.48068380355835,2012-12-06 09:04:34,2012-12-03,train,436_12
436,4528,153,College Academic Building,35.68729651925395,139.4806611077357,2012-12-06 09:11:45,2012-12-03,train,436_12
436,6917,208,Playground,35.686147406597975,139.47955830110723,2012-12-06 18:00:11,2012-12-03,train,436_12
436,5960,256,Convenience Store,35.70027876573162,139.47999715805054,2012-12-06 18:11:48,2012-12-03,train,436_12
436,3651,69,Train Station,35.70027005305057,139.47976112365723,2012-12-06 18:12:19,2012-12-03,train,436_12
436,3651,69,Train Station,35.70027005305057,139.47976112365723,2012-12-07 08:59:41,2012-12-03,train,436_12
436,6917,208,Playground,35.686147406597975,139.47955830110723,2012-12-07 18:01:45,2012-12-03,train,436_12
436,5427,238,Bus Station,35.699276801171195,139.48068380355835,2012-12-08 09:08:23,2012-12-03,train,436_12
436,4528,153,College Academic Building,35.68729651925395,139.4806611077357,2012-12-08 09:16:48,2012-12-03,train,436_12
436,304,69,Train Station,35.70025262768564,139.48025465011597,2012-12-08 18:10:39,2012-12-03,train,436_12
438,1080,69,Train Station,35.70384108341622,139.59936015307903,2012-12-03 09:57:35,2012-12-03,train,438_19
438,830,198,Coffee Shop,35.70330200857004,139.578957259655,2012-12-03 20:29:23,2012-12-03,train,438_19
438,261,69,Train Station,35.70320181647976,139.57990407943726,2012-12-03 21:14:08,2012-12-03,train,438_19
438,1080,69,Train Station,35.70384108341622,139.59936015307903,2012-12-03 21:18:38,2012-12-03,train,438_19
438,43,69,Train Station,35.69080269423021,139.70027922656513,2012-12-04 20:44:13,2012-12-03,train,438_19
438,1080,69,Train Station,35.70384108341622,139.59936015307903,2012-12-04 21:19:24,2012-12-03,train,438_19
438,1080,69,Train Station,35.70384108341622,139.59936015307903,2012-12-05 08:41:58,2012-12-03,train,438_19
438,43,69,Train Station,35.69080269423021,139.70027922656513,2012-12-05 16:03:16,2012-12-03,train,438_19
438,106,236,Subway,35.66318884920453,139.73212469669195,2012-12-05 16:40:54,2012-12-03,train,438_19
438,1934,236,Subway,35.68860291906892,139.69895124435425,2012-12-06 00:22:13,2012-12-03,train,438_19
438,7193,69,Train Station,35.68855063531451,139.69866156578064,2012-12-06 00:22:34,2012-12-03,train,438_19
438,43,69,Train Station,35.69080269423021,139.70027922656513,2012-12-06 00:44:17,2012-12-03,train,438_19
438,1080,69,Train Station,35.70384108341622,139.59936015307903,2012-12-06 01:21:39,2012-12-03,train,438_19
438,7491,5,Home (private),35.698968044275674,139.60441412421105,2012-12-06 08:03:13,2012-12-03,train,438_19
438,2594,56,Electronics Store,35.70470468461301,139.58154559135437,2012-12-06 19:34:51,2012-12-03,train,438_19
438,830,198,Coffee Shop,35.70330200857004,139.578957259655,2012-12-06 20:29:02,2012-12-03,train,438_19
438,5663,121,Café,35.705222199853914,139.61965170491746,2012-12-07 13:44:33,2012-12-03,train,438_19
438,7491,5,Home (private),35.698968044275674,139.60441412421105,2012-12-07 15:46:06,2012-12-03,train,438_19
438,1080,69,Train Station,35.70384108341622,139.59936015307903,2012-12-07 15:59:14,2012-12-03,train,438_19
438,43,69,Train Station,35.69080269423021,139.70027922656513,2012-12-07 16:19:30,2012-12-03,train,438_19
438,7193,69,Train Station,35.68855063531451,139.69866156578064,2012-12-07 16:19:51,2012-12-03,train,438_19
438,1934,236,Subway,35.68860291906892,139.69895124435425,2012-12-07 16:22:02,2012-12-03,train,438_19
438,106,236,Subway,35.66318884920453,139.73212469669195,2012-12-07 16:36:38,2012-12-03,train,438_19
438,14,231,Hotel,35.66615625572432,139.73122669756387,2012-12-08 00:00:17,2012-12-03,train,438_19
438,96,237,Mall,35.6657865198251,139.73096072673798,2012-12-08 00:00:39,2012-12-03,train,438_19
438,7193,69,Train Station,35.68855063531451,139.69866156578064,2012-12-08 00:23:01,2012-12-03,train,438_19
438,43,69,Train Station,35.69080269423021,139.70027922656513,2012-12-08 00:32:18,2012-12-03,train,438_19
438,7491,5,Home (private),35.698968044275674,139.60441412421105,2012-12-08 02:27:54,2012-12-03,train,438_19
438,7193,69,Train Station,35.68855063531451,139.69866156578064,2012-12-08 13:15:57,2012-12-03,train,438_19
438,1934,236,Subway,35.68860291906892,139.69895124435425,2012-12-08 13:20:41,2012-12-03,train,438_19
438,106,236,Subway,35.66318884920453,139.73212469669195,2012-12-08 13:36:03,2012-12-03,train,438_19
438,6657,120,Burger Joint,35.6608822776586,139.72832277417183,2012-12-08 18:19:18,2012-12-03,train,438_19
438,46,237,Mall,35.66100976343899,139.7295069694519,2012-12-08 18:50:37,2012-12-03,train,438_19
438,14,231,Hotel,35.66615625572432,139.73122669756387,2012-12-08 18:58:47,2012-12-03,train,438_19
438,1764,39,Food & Drink Shop,35.66549887652342,139.7298502922058,2012-12-08 23:59:00,2012-12-03,train,438_19
438,195,69,Train Station,35.68417610648677,139.70206260681152,2012-12-09 00:42:59,2012-12-03,train,438_19
438,1080,69,Train Station,35.70384108341622,139.59936015307903,2012-12-09 15:51:41,2012-12-03,train,438_19
438,129,69,Train Station,35.70582855009322,139.66579914093018,2012-12-09 16:02:47,2012-12-03,train,438_19
438,7193,69,Train Station,35.68855063531451,139.69866156578064,2012-12-09 16:20:51,2012-12-03,train,438_19
438,2805,198,Coffee Shop,35.689683442321254,139.70078587532043,2012-12-09 16:22:05,2012-12-03,train,438_19
438,1934,236,Subway,35.68860291906892,139.69895124435425,2012-12-09 16:22:29,2012-12-03,train,438_19
438,106,236,Subway,35.66318884920453,139.73212469669195,2012-12-09 16:36:01,2012-12-03,train,438_19
438,14,231,Hotel,35.66615625572432,139.73122669756387,2012-12-09 16:39:41,2012-12-03,train,438_19
442,853,236,Subway,35.7098447150784,139.79080080986023,2012-12-03 17:27:36,2012-12-03,train,442_17
442,1809,236,Subway,35.70765806465914,139.77298021316528,2012-12-03 17:36:03,2012-12-03,train,442_17
442,7497,81,Building,35.69994808450846,139.7733025798839,2012-12-03 18:19:26,2012-12-03,train,442_17
442,1362,69,Train Station,35.713250891644044,139.79230552911758,2012-12-03 22:30:30,2012-12-03,train,442_17
442,3579,39,Food & Drink Shop,35.71280661599952,139.79252815246582,2012-12-03 22:36:39,2012-12-03,train,442_17
442,7702,274,Travel Lounge,35.70939170876254,139.79257106781006,2012-12-03 22:57:55,2012-12-03,train,442_17
442,3661,236,Subway,35.7055933237456,139.79219555854797,2012-12-05 12:48:59,2012-12-03,train,442_17
442,3516,236,Subway,35.703206172660224,139.79095369577408,2012-12-05 17:26:59,2012-12-03,train,442_17
442,326,236,Subway,35.69210149576304,139.7848892211914,2012-12-05 17:31:12,2012-12-03,train,442_17
442,943,236,Subway,35.69213199326626,139.78275418281555,2012-12-05 17:33:45,2012-12-03,train,442_17
442,299,69,Train Station,35.668361407560894,139.6504027448891,2012-12-05 18:00:53,2012-12-03,train,442_17
442,261,69,Train Station,35.70320181647976,139.57990407943726,2012-12-05 18:20:03,2012-12-03,train,442_17
442,4678,189,Ramen /  Noodle House,35.708426,139.4960950762662,2012-12-05 19:08:09,2012-12-03,train,442_17
442,398,236,Subway,35.68239834096679,139.77385997772217,2012-12-05 21:23:49,2012-12-03,train,442_17
442,853,236,Subway,35.7098447150784,139.79080080986023,2012-12-05 21:37:27,2012-12-03,train,442_17
442,2725,236,Subway,35.69593319789041,139.75811004638672,2012-12-08 16:22:16,2012-12-03,train,442_17
442,508,236,Subway,35.6955607096278,139.77587163448334,2012-12-08 16:30:57,2012-12-03,train,442_17
442,114,32,Bookstore,35.69949897700794,139.77110266685486,2012-12-08 17:33:25,2012-12-03,train,442_17
442,3085,44,Bar,35.700104511929894,139.77396726608276,2012-12-08 18:20:05,2012-12-03,train,442_17
442,7497,81,Building,35.69994808450846,139.7733025798839,2012-12-08 19:16:22,2012-12-03,train,442_17
448,2,231,Hotel,35.68704310565643,139.6988707780838,2012-12-03 16:09:31,2012-12-03,train,448_8
448,7046,167,General College & University,35.688476392839746,139.6988828622369,2012-12-03 17:35:48,2012-12-03,train,448_8
448,996,22,Indian Restaurant,35.68926803570093,139.6989077928515,2012-12-04 13:00:24,2012-12-03,train,448_8
455,79,69,Train Station,35.59974085378926,139.6102237701416,2012-12-09 13:18:46,2012-12-03,train,455_14
455,271,236,Subway,35.66511535050908,139.71245884895325,2012-12-09 13:44:00,2012-12-03,train,455_14
455,5762,200,Arcade,35.7007383583069,139.7718831896782,2012-12-09 15:13:55,2012-12-03,train,455_14
455,87,69,Train Station,35.65852172695124,139.7013260344949,2012-12-09 20:19:03,2012-12-03,train,455_14
455,79,69,Train Station,35.59974085378926,139.6102237701416,2012-12-09 20:39:35,2012-12-03,train,455_14
459,4926,200,Arcade,35.73706758532115,139.63841221440393,2012-12-05 19:58:56,2012-12-03,train,459_18
459,876,69,Train Station,35.75128501398858,139.545997277953,2012-12-06 11:28:40,2012-12-03,train,459_18
461,1615,69,Train Station,35.645731813210055,139.7475689649582,2012-12-03 08:26:00,2012-12-03,train,461_22
461,786,256,Convenience Store,35.643182770724664,139.7469536267194,2012-12-03 08:28:51,2012-12-03,train,461_22
461,1615,69,Train Station,35.645731813210055,139.7475689649582,2012-12-03 22:28:35,2012-12-03,train,461_22
461,786,256,Convenience Store,35.643182770724664,139.7469536267194,2012-12-04 08:48:40,2012-12-03,train,461_22
461,3053,197,Bridge,35.64250149289706,139.74597573280334,2012-12-04 17:57:04,2012-12-03,train,461_22
461,1615,69,Train Station,35.645731813210055,139.7475689649582,2012-12-04 18:07:51,2012-12-03,train,461_22
461,333,69,Train Station,35.65561813580688,139.75674211978912,2012-12-04 18:09:16,2012-12-03,train,461_22
461,1930,69,Train Station,35.666692051408944,139.7581327376774,2012-12-04 18:11:15,2012-12-03,train,461_22
461,655,69,Train Station,35.71678758588956,139.8582637310028,2012-12-05 18:05:58,2012-12-03,train,461_22
461,4059,189,Ramen /  Noodle House,35.684097676490275,139.88193958997726,2012-12-08 10:49:16,2012-12-03,train,461_22
461,1378,39,Food & Drink Shop,35.65279482608643,139.88131588448238,2012-12-08 11:02:48,2012-12-03,train,461_22
463,6854,73,Bus Station,35.691808599457225,139.63375514618238,2012-12-03 18:21:57,2012-12-03,train,463_19
463,129,69,Train Station,35.70582855009322,139.66579914093018,2012-12-03 18:41:14,2012-12-03,train,463_19
463,333,69,Train Station,35.65561813580688,139.75674211978912,2012-12-03 19:18:14,2012-12-03,train,463_19
463,2701,211,Airport,35.544780432352695,139.76855993270874,2012-12-03 19:36:54,2012-12-03,train,463_19
463,5896,238,Bus Station,35.545112157982715,139.76720809936523,2012-12-04 05:28:10,2012-12-03,train,463_19
463,261,69,Train Station,35.70320181647976,139.57990407943726,2012-12-04 06:16:14,2012-12-03,train,463_19
463,137,69,Train Station,35.70477438215786,139.63537216186523,2012-12-06 18:38:34,2012-12-03,train,463_19
463,333,69,Train Station,35.65561813580688,139.75674211978912,2012-12-06 19:19:23,2012-12-03,train,463_19
463,2701,211,Airport,35.544780432352695,139.76855993270874,2012-12-06 19:38:16,2012-12-03,train,463_19
463,333,69,Train Station,35.65561813580688,139.75674211978912,2012-12-07 19:16:13,2012-12-03,train,463_19
463,2701,211,Airport,35.544780432352695,139.76855993270874,2012-12-07 19:35:42,2012-12-03,train,463_19
463,333,69,Train Station,35.65561813580688,139.75674211978912,2012-12-08 19:22:34,2012-12-03,train,463_19
463,2701,211,Airport,35.544780432352695,139.76855993270874,2012-12-08 19:37:34,2012-12-03,train,463_19
463,137,69,Train Station,35.70477438215786,139.63537216186523,2012-12-09 18:37:57,2012-12-03,train,463_19
463,333,69,Train Station,35.65561813580688,139.75674211978912,2012-12-09 19:22:40,2012-12-03,train,463_19
463,2701,211,Airport,35.544780432352695,139.76855993270874,2012-12-09 19:37:01,2012-12-03,train,463_19
465,309,69,Train Station,35.57742263857478,139.55844104290009,2012-12-06 07:22:01,2012-12-03,train,465_7
465,876,69,Train Station,35.75128501398858,139.545997277953,2012-12-09 19:10:35,2012-12-03,train,465_7
468,768,236,Subway,35.63440986098353,139.79161351919174,2012-12-03 08:30:48,2012-12-03,train,468_21
468,768,236,Subway,35.63440986098353,139.79161351919174,2012-12-05 20:14:38,2012-12-03,train,468_21
468,4387,124,Event Space,35.53228734472428,139.69589352607727,2012-12-06 19:11:31,2012-12-03,train,468_21
468,221,56,Electronics Store,35.67226693586124,139.76577579975128,2012-12-08 13:45:04,2012-12-03,train,468_21
468,3245,224,General Travel,35.690546907201025,139.70023910293224,2012-12-08 15:30:56,2012-12-03,train,468_21
468,2183,225,Department Store,35.69236725932771,139.7047045826912,2012-12-08 15:59:09,2012-12-03,train,468_21
468,556,135,Movie Theater,35.68997971226908,139.70543146133423,2012-12-08 16:20:46,2012-12-03,train,468_21
468,44,69,Train Station,35.68137872227962,139.76608157157898,2012-12-09 12:48:34,2012-12-03,train,468_21
468,129,69,Train Station,35.70582855009322,139.66579914093018,2012-12-09 13:14:33,2012-12-03,train,468_21
468,949,51,Bar,35.70649719897582,139.71742898225784,2012-12-09 17:31:33,2012-12-03,train,468_21
468,149,69,Train Station,35.712902440367635,139.7038972377777,2012-12-09 23:34:52,2012-12-03,train,468_21
472,500,69,Train Station,35.681709,139.62753743,2012-12-03 08:33:37,2012-12-03,train,472_5
472,255,69,Train Station,35.67612791546994,139.64320957660675,2012-12-03 08:48:10,2012-12-03,train,472_5
472,500,69,Train Station,35.681709,139.62753743,2012-12-05 08:48:00,2012-12-03,train,472_5
472,500,69,Train Station,35.681709,139.62753743,2012-12-06 08:42:40,2012-12-03,train,472_5
472,500,69,Train Station,35.681709,139.62753743,2012-12-08 11:02:10,2012-12-03,train,472_5
472,255,69,Train Station,35.67612791546994,139.64320957660675,2012-12-08 16:02:25,2012-12-03,train,472_5
472,6079,76,Government Building,35.63461833484332,139.6039799772551,2012-12-09 16:07:40,2012-12-03,train,472_5
474,2846,236,Subway,35.686520256346704,139.7661942243576,2012-12-03 18:48:25,2012-12-03,train,474_18
474,572,236,Subway,35.697769474245945,139.64807510375977,2012-12-03 19:23:52,2012-12-03,train,474_18
474,2846,236,Subway,35.686520256346704,139.7661942243576,2012-12-05 21:36:09,2012-12-03,train,474_18
474,572,236,Subway,35.697769474245945,139.64807510375977,2012-12-05 22:08:22,2012-12-03,train,474_18
474,2846,236,Subway,35.686520256346704,139.7661942243576,2012-12-06 09:26:41,2012-12-03,train,474_18
474,2690,236,Subway,35.68598868936885,139.7634315490723,2012-12-06 19:43:39,2012-12-03,train,474_18
474,572,236,Subway,35.697769474245945,139.64807510375977,2012-12-06 20:17:12,2012-12-03,train,474_18
474,2846,236,Subway,35.686520256346704,139.7661942243576,2012-12-07 09:28:45,2012-12-03,train,474_18
474,44,69,Train Station,35.68137872227962,139.76608157157898,2012-12-07 18:41:45,2012-12-03,train,474_18
474,6597,215,Airport,35.548677,139.78284,2012-12-07 19:42:43,2012-12-03,train,474_18
474,1826,211,Airport,35.55137976854632,139.78840827941897,2012-12-09 15:28:36,2012-12-03,train,474_18
474,572,236,Subway,35.697769474245945,139.64807510375977,2012-12-09 16:56:57,2012-12-03,train,474_18
480,250,236,Subway,35.67232358815374,139.73654508590698,2012-12-06 23:17:16,2012-12-03,train,480_8
480,146,69,Train Station,35.6964320244761,139.81394290924072,2012-12-09 12:01:30,2012-12-03,train,480_8
482,238,236,Subway,35.68632418697207,139.78227138519287,2012-12-05 21:48:25,2012-12-03,train,482_9
482,281,69,Train Station,35.74964694346383,139.80514526367188,2012-12-05 22:13:01,2012-12-03,train,482_9
482,87,69,Train Station,35.65852172695124,139.7013260344949,2012-12-06 14:34:21,2012-12-03,train,482_9
483,914,69,Train Station,35.80785559131008,139.84503775835037,2012-12-03 19:18:09,2012-12-03,train,483_10
483,6519,9,Gym / Fitness Center,35.80854293366903,139.8398133486165,2012-12-03 19:21:47,2012-12-03,train,483_10
483,6519,9,Gym / Fitness Center,35.80854293366903,139.8398133486165,2012-12-04 08:52:27,2012-12-03,train,483_10
483,5570,59,Office,35.68008892954844,139.76192951202393,2012-12-04 19:24:47,2012-12-03,train,483_10
483,6519,9,Gym / Fitness Center,35.80854293366903,139.8398133486165,2012-12-04 20:13:40,2012-12-03,train,483_10
483,5570,59,Office,35.68008892954844,139.76192951202393,2012-12-05 09:33:00,2012-12-03,train,483_10
483,914,69,Train Station,35.80785559131008,139.84503775835037,2012-12-05 19:17:27,2012-12-03,train,483_10
483,6519,9,Gym / Fitness Center,35.80854293366903,139.8398133486165,2012-12-05 19:17:27,2012-12-03,train,483_10
483,1930,69,Train Station,35.666692051408944,139.7581327376774,2012-12-07 19:10:54,2012-12-03,train,483_10
483,914,69,Train Station,35.80785559131008,139.84503775835037,2012-12-08 15:39:54,2012-12-03,train,483_10
483,914,69,Train Station,35.80785559131008,139.84503775835037,2012-12-09 20:45:26,2012-12-03,train,483_10
483,6519,9,Gym / Fitness Center,35.80854293366903,139.8398133486165,2012-12-09 20:52:42,2012-12-03,train,483_10
488,498,69,Train Station,35.683313312334235,139.615409381287,2012-12-03 22:28:00,2012-12-03,train,488_6
488,498,69,Train Station,35.683313312334235,139.615409381287,2012-12-04 18:56:25,2012-12-03,train,488_6
488,498,69,Train Station,35.683313312334235,139.615409381287,2012-12-05 13:51:38,2012-12-03,train,488_6
488,498,69,Train Station,35.683313312334235,139.615409381287,2012-12-06 19:49:13,2012-12-03,train,488_6
488,336,236,Subway,35.695050986028015,139.76667165756226,2012-12-08 14:14:21,2012-12-03,train,488_6
488,191,56,Electronics Store,35.69642331137472,139.81417894363403,2012-12-09 09:41:37,2012-12-03,train,488_6
488,146,69,Train Station,35.6964320244761,139.81394290924072,2012-12-09 09:44:37,2012-12-03,train,488_6
488,271,236,Subway,35.66511535050908,139.71245884895325,2012-12-09 15:46:59,2012-12-03,train,488_6
488,7539,241,Miscellaneous Shop,35.66868,139.705861,2012-12-09 16:50:22,2012-12-03,train,488_6
488,5792,236,Subway,35.684742543061255,139.77445006370544,2012-12-09 17:44:03,2012-12-03,train,488_6
488,2565,225,Department Store,35.68559654752479,139.7733771800995,2012-12-09 18:03:12,2012-12-03,train,488_6
489,6356,113,Park,35.84867906776719,139.60394866963915,2012-12-05 14:36:42,2012-12-03,train,489_10
489,2076,197,Bridge,35.83560907339281,139.60545207627837,2012-12-05 14:36:52,2012-12-03,train,489_10
489,195,69,Train Station,35.68417610648677,139.70206260681152,2012-12-05 18:42:20,2012-12-03,train,489_10
489,3768,69,Train Station,35.646552450704014,139.71022725105286,2012-12-05 18:51:43,2012-12-03,train,489_10
489,35,114,Plaza,35.64241866245378,139.71391797065735,2012-12-05 19:01:19,2012-12-03,train,489_10
489,2076,197,Bridge,35.83560907339281,139.60545207627837,2012-12-07 18:29:37,2012-12-03,train,489_10
489,6356,113,Park,35.84867906776719,139.60394866963915,2012-12-07 18:30:00,2012-12-03,train,489_10
489,954,113,Park,35.82231109466203,139.62881457347527,2012-12-07 19:31:13,2012-12-03,train,489_10
489,954,113,Park,35.82231109466203,139.62881457347527,2012-12-08 09:51:45,2012-12-03,train,489_10
489,4099,197,Bridge,35.813654536229265,139.63112354278564,2012-12-08 10:41:39,2012-12-03,train,489_10
493,1856,69,Train Station,35.80191699809086,139.71758723258972,2012-12-05 14:45:13,2012-12-03,train,493_14
493,1856,69,Train Station,35.80191699809086,139.71758723258972,2012-12-07 13:38:51,2012-12-03,train,493_14
493,6884,63,Video Store,35.803663,139.718254,2012-12-08 20:01:56,2012-12-03,train,493_14
493,1856,69,Train Station,35.80191699809086,139.71758723258972,2012-12-09 10:39:54,2012-12-03,train,493_14
493,2217,189,Ramen /  Noodle House,35.72755,139.71303112,2012-12-09 13:23:57,2012-12-03,train,493_14
493,62,56,Electronics Store,35.73169485589919,139.71287727355957,2012-12-09 18:19:31,2012-12-03,train,493_14
493,1121,198,Coffee Shop,35.73078316015707,139.71543234453816,2012-12-09 18:50:43,2012-12-03,train,493_14
493,189,69,Train Station,35.729864636451765,139.7109555727517,2012-12-09 19:15:52,2012-12-03,train,493_14
493,1856,69,Train Station,35.80191699809086,139.71758723258972,2012-12-09 19:35:07,2012-12-03,train,493_14
502,3846,69,Train Station,35.68931963874774,139.70046132802963,2012-12-03 12:19:23,2012-12-03,train,502_18
502,119,204,Music Venue,35.68357916512913,139.68643605709076,2012-12-04 17:50:37,2012-12-03,train,502_18
502,3768,69,Train Station,35.646552450704014,139.71022725105286,2012-12-06 12:09:41,2012-12-03,train,502_18
502,1807,287,Concert Hall,35.68289071626577,139.68716830015182,2012-12-06 19:06:07,2012-12-03,train,502_18
502,1826,211,Airport,35.55137976854632,139.78840827941897,2012-12-07 18:04:51,2012-12-03,train,502_18
502,1826,211,Airport,35.55137976854632,139.78840827941897,2012-12-09 20:41:37,2012-12-03,train,502_18
507,881,114,Plaza,35.66708090185773,139.75739657878876,2012-12-06 18:47:54,2012-12-03,train,507_9
507,1826,211,Airport,35.55137976854632,139.78840827941897,2012-12-07 17:32:26,2012-12-03,train,507_9
507,4808,263,Airport,35.550487008170194,139.78946399566806,2012-12-07 18:13:26,2012-12-03,train,507_9
509,212,69,Train Station,35.64004270002671,139.59873855113983,2012-12-03 19:00:13,2012-12-03,train,509_20
509,378,69,Train Station,35.62081442397418,139.56971168518066,2012-12-03 19:20:43,2012-12-03,train,509_20
509,1034,39,Food & Drink Shop,35.620661,139.568649,2012-12-03 19:34:09,2012-12-03,train,509_20
509,1792,56,Electronics Store,35.69980827959299,139.77182149887085,2012-12-04 14:06:09,2012-12-03,train,509_20
509,633,56,Electronics Store,35.69901541704127,139.7746217250824,2012-12-04 17:12:48,2012-12-03,train,509_20
509,142,69,Train Station,35.698596195264464,139.77301824864617,2012-12-04 17:32:00,2012-12-03,train,509_20
509,378,69,Train Station,35.62081442397418,139.56971168518066,2012-12-04 18:33:14,2012-12-03,train,509_20
509,378,69,Train Station,35.62081442397418,139.56971168518066,2012-12-05 11:04:40,2012-12-03,train,509_20
509,212,69,Train Station,35.64004270002671,139.59873855113983,2012-12-05 11:11:05,2012-12-03,train,509_20
509,1063,69,Train Station,35.64318157118457,139.60929036140442,2012-12-05 19:08:58,2012-12-03,train,509_20
509,378,69,Train Station,35.62081442397418,139.56971168518066,2012-12-05 19:13:21,2012-12-03,train,509_20
509,3360,39,Food & Drink Shop,35.62069938736673,139.5698237164222,2012-12-05 19:31:47,2012-12-03,train,509_20
509,378,69,Train Station,35.62081442397418,139.56971168518066,2012-12-06 11:15:30,2012-12-03,train,509_20
509,1063,69,Train Station,35.64318157118457,139.60929036140442,2012-12-06 11:24:07,2012-12-03,train,509_20
509,115,69,Train Station,35.66822490891021,139.60113912820816,2012-12-06 17:48:52,2012-12-03,train,509_20
509,220,69,Train Station,35.651889113311164,139.5443956553936,2012-12-06 18:05:55,2012-12-03,train,509_20
509,2419,256,Convenience Store,35.650801539768835,139.54418241977692,2012-12-06 18:30:22,2012-12-03,train,509_20
509,416,69,Train Station,35.63216446231243,139.5774096250534,2012-12-06 20:24:12,2012-12-03,train,509_20
509,378,69,Train Station,35.62081442397418,139.56971168518066,2012-12-06 20:44:28,2012-12-03,train,509_20
509,378,69,Train Station,35.62081442397418,139.56971168518066,2012-12-07 10:54:48,2012-12-03,train,509_20
509,212,69,Train Station,35.64004270002671,139.59873855113983,2012-12-07 11:03:28,2012-12-03,train,509_20
509,4304,238,Bus Station,35.639698288601494,139.59775686264038,2012-12-07 11:03:35,2012-12-03,train,509_20
509,212,69,Train Station,35.64004270002671,139.59873855113983,2012-12-07 19:35:22,2012-12-03,train,509_20
509,378,69,Train Station,35.62081442397418,139.56971168518066,2012-12-08 11:15:25,2012-12-03,train,509_20
509,212,69,Train Station,35.64004270002671,139.59873855113983,2012-12-08 11:22:27,2012-12-03,train,509_20
509,4304,238,Bus Station,35.639698288601494,139.59775686264038,2012-12-08 11:24:29,2012-12-03,train,509_20
509,4304,238,Bus Station,35.639698288601494,139.59775686264038,2012-12-08 19:09:00,2012-12-03,train,509_20
509,378,69,Train Station,35.62081442397418,139.56971168518066,2012-12-08 19:18:31,2012-12-03,train,509_20
509,43,69,Train Station,35.69080269423021,139.70027922656513,2012-12-08 20:58:58,2012-12-03,train,509_20
509,378,69,Train Station,35.62081442397418,139.56971168518066,2012-12-08 23:47:31,2012-12-03,train,509_20
509,1836,39,Food & Drink Shop,35.626952,139.562972,2012-12-09 17:58:26,2012-12-03,train,509_20
526,2543,39,Food & Drink Shop,35.82751622985927,139.5726994606813,2012-12-03 14:32:15,2012-12-03,train,526_10
526,3317,256,Convenience Store,35.82884376,139.5697546,2012-12-03 16:13:45,2012-12-03,train,526_10
526,1726,241,Miscellaneous Shop,35.79719191007763,139.5664340257645,2012-12-03 21:27:54,2012-12-03,train,526_10
526,3317,256,Convenience Store,35.82884376,139.5697546,2012-12-05 11:39:57,2012-12-03,train,526_10
526,3317,256,Convenience Store,35.82884376,139.5697546,2012-12-05 23:47:43,2012-12-03,train,526_10
526,3317,256,Convenience Store,35.82884376,139.5697546,2012-12-06 15:20:20,2012-12-03,train,526_10
526,7089,19,Cosmetics Shop,35.822971641699176,139.5751623640055,2012-12-06 15:53:56,2012-12-03,train,526_10
526,2187,39,Food & Drink Shop,35.802447791524074,139.57112789154053,2012-12-06 23:15:52,2012-12-03,train,526_10
526,2543,39,Food & Drink Shop,35.82751622985927,139.5726994606813,2012-12-07 10:37:33,2012-12-03,train,526_10
526,3317,256,Convenience Store,35.82884376,139.5697546,2012-12-08 14:35:45,2012-12-03,train,526_10
526,2543,39,Food & Drink Shop,35.82751622985927,139.5726994606813,2012-12-09 09:48:41,2012-12-03,train,526_10
526,7089,19,Cosmetics Shop,35.822971641699176,139.5751623640055,2012-12-09 15:52:57,2012-12-03,train,526_10
527,109,69,Train Station,35.63014572966312,139.74042892456055,2012-12-04 11:34:21,2012-12-03,train,527_6
527,1144,231,Hotel,35.62786959699341,139.73629116333768,2012-12-04 11:51:34,2012-12-03,train,527_6
527,302,69,Train Station,35.70270629939949,139.56082955002785,2012-12-04 18:36:00,2012-12-03,train,527_6
527,261,69,Train Station,35.70320181647976,139.57990407943726,2012-12-05 00:07:09,2012-12-03,train,527_6
527,3644,97,Diner,35.67720172,139.778393,2012-12-05 13:54:14,2012-12-03,train,527_6
527,302,69,Train Station,35.70270629939949,139.56082955002785,2012-12-05 18:26:39,2012-12-03,train,527_6
527,45,81,Building,35.68261620651813,139.76433277130127,2012-12-06 15:17:25,2012-12-03,train,527_6
527,352,236,Subway,35.69550407383317,139.75170493125916,2012-12-06 15:57:19,2012-12-03,train,527_6
527,134,69,Train Station,35.70230879446056,139.7450315952301,2012-12-06 20:44:11,2012-12-03,train,527_6
527,261,69,Train Station,35.70320181647976,139.57990407943726,2012-12-06 21:40:58,2012-12-03,train,527_6
527,142,69,Train Station,35.698596195264464,139.77301824864617,2012-12-07 14:54:24,2012-12-03,train,527_6
527,2576,236,Subway,35.69807224884871,139.77548003196716,2012-12-07 17:16:15,2012-12-03,train,527_6
527,129,69,Train Station,35.70582855009322,139.66579914093018,2012-12-07 20:57:48,2012-12-03,train,527_6
527,279,69,Train Station,35.699583,139.765222,2012-12-08 10:42:05,2012-12-03,train,527_6
527,4659,240,Convention Center,35.6288420285712,139.795081615448,2012-12-09 09:35:08,2012-12-03,train,527_6
527,768,236,Subway,35.63440986098353,139.79161351919174,2012-12-09 19:10:13,2012-12-03,train,527_6
527,87,69,Train Station,35.65852172695124,139.7013260344949,2012-12-09 19:47:40,2012-12-03,train,527_6
527,6860,69,Train Station,35.70220544,139.58035302996075,2012-12-09 20:13:26,2012-12-03,train,527_6
533,516,69,Train Station,35.60935047101518,139.7429046034813,2012-12-06 18:21:56,2012-12-03,train,533_9
533,5817,69,Train Station,35.60704570415802,139.73441964516493,2012-12-06 18:27:05,2012-12-03,train,533_9
533,484,39,Food & Drink Shop,35.68221319315807,139.8077200561279,2012-12-08 13:32:24,2012-12-03,train,533_9
533,258,236,Subway,35.682058469518815,139.78602647781372,2012-12-08 18:27:32,2012-12-03,train,533_9
533,4349,69,Train Station,35.69168759992342,139.77088004350662,2012-12-08 18:36:15,2012-12-03,train,533_9
533,142,69,Train Station,35.698596195264464,139.77301824864617,2012-12-08 18:41:45,2012-12-03,train,533_9
533,4531,17,Video Game Store,35.69859284421895,139.77036774158478,2012-12-08 19:04:59,2012-12-03,train,533_9
533,7828,229,Road,35.699067106559404,139.7705218866004,2012-12-08 19:37:22,2012-12-03,train,533_9
533,2159,56,Electronics Store,35.70033975447226,139.77115899324417,2012-12-08 19:47:13,2012-12-03,train,533_9
533,4503,69,Train Station,35.698494824429865,139.7725135087967,2012-12-08 21:03:25,2012-12-03,train,533_9
533,1589,39,Food & Drink Shop,35.586270400140606,139.73294019699097,2012-12-09 17:02:34,2012-12-03,train,533_9
533,209,69,Train Station,35.58843420093637,139.7279191017151,2012-12-09 17:12:44,2012-12-03,train,533_9
533,5817,69,Train Station,35.60704570415802,139.73441964516493,2012-12-09 17:24:19,2012-12-03,train,533_9
533,142,69,Train Station,35.698596195264464,139.77301824864617,2012-12-09 18:01:18,2012-12-03,train,533_9
533,2095,221,Toy / Game Store,35.69889343748743,139.77101683616638,2012-12-09 18:03:12,2012-12-03,train,533_9
533,2942,221,Toy / Game Store,35.70112498,139.77055549621176,2012-12-09 18:57:23,2012-12-03,train,533_9
533,2159,56,Electronics Store,35.70033975447226,139.77115899324417,2012-12-09 20:20:54,2012-12-03,train,533_9
538,481,236,Subway,35.70300578811289,139.77166056632996,2012-12-03 19:11:36,2012-12-03,train,538_11
538,87,69,Train Station,35.65852172695124,139.7013260344949,2012-12-04 19:09:57,2012-12-03,train,538_11
538,2990,236,Subway,35.67535660603098,139.77184295654297,2012-12-06 21:50:37,2012-12-03,train,538_11
538,134,69,Train Station,35.70230879446056,139.7450315952301,2012-12-08 18:05:30,2012-12-03,train,538_11
538,7805,44,Bar,35.70749267094753,139.66119979478205,2012-12-08 18:30:00,2012-12-03,train,538_11
539,4905,69,Train Station,35.56247782390475,139.7160503268242,2012-12-05 18:12:56,2012-12-03,train,539_14
539,1865,68,Government Building,35.561242843002255,139.71601009368896,2012-12-05 18:26:25,2012-12-03,train,539_14
539,87,69,Train Station,35.65852172695124,139.7013260344949,2012-12-05 23:54:21,2012-12-03,train,539_14
539,87,69,Train Station,35.65852172695124,139.7013260344949,2012-12-07 12:27:10,2012-12-03,train,539_14
539,122,69,Train Station,35.64356520253678,139.67065930366516,2012-12-07 13:12:03,2012-12-03,train,539_14
540,6927,189,Ramen /  Noodle House,35.661568983921704,139.7025224404755,2012-12-04 13:38:08,2012-12-03,train,540_11
540,7844,61,Office,35.66338074393492,139.70242738723755,2012-12-04 13:57:41,2012-12-03,train,540_11
540,87,69,Train Station,35.65852172695124,139.7013260344949,2012-12-04 19:55:41,2012-12-03,train,540_11
540,132,56,Electronics Store,35.66184658812384,139.699809551239,2012-12-05 15:23:33,2012-12-03,train,540_11
540,6328,113,Park,35.66559390499885,139.69833937744968,2012-12-05 15:57:19,2012-12-03,train,540_11
540,1085,69,Train Station,35.762915736201656,139.72768306732178,2012-12-08 08:47:13,2012-12-03,train,540_11
540,158,69,Train Station,35.77806243973507,139.72083806991577,2012-12-08 08:55:05,2012-12-03,train,540_11
540,158,69,Train Station,35.77806243973507,139.72083806991577,2012-12-08 15:48:09,2012-12-03,train,540_11
543,893,69,Train Station,35.672195030970535,139.48046654462814,2012-12-03 06:38:11,2012-12-03,train,543_3
543,1434,69,Train Station,35.68971829766635,139.69925165176392,2012-12-03 15:57:34,2012-12-03,train,543_3
543,893,69,Train Station,35.672195030970535,139.48046654462814,2012-12-04 06:35:12,2012-12-03,train,543_3
543,1985,122,Fast Food Restaurant,35.70186010157302,139.75233793258667,2012-12-04 16:05:09,2012-12-03,train,543_3
543,6118,197,Bridge,35.702073557727616,139.7553151845932,2012-12-04 18:11:49,2012-12-03,train,543_3
543,3255,137,Park,35.7047830943467,139.7534966468811,2012-12-04 18:17:35,2012-12-03,train,543_3
543,420,69,Train Station,35.68600611785052,139.73066568374634,2012-12-04 18:36:10,2012-12-03,train,543_3
543,420,69,Train Station,35.68600611785052,139.73066568374634,2012-12-04 20:28:02,2012-12-03,train,543_3
543,43,69,Train Station,35.69080269423021,139.70027922656513,2012-12-04 20:36:51,2012-12-03,train,543_3
543,6667,26,Japanese Restaurant,35.68900376004768,139.69741702079773,2012-12-04 20:41:52,2012-12-03,train,543_3
543,1434,69,Train Station,35.68971829766635,139.69925165176392,2012-12-05 14:49:40,2012-12-03,train,543_3
543,1434,69,Train Station,35.68971829766635,139.69925165176392,2012-12-05 15:13:52,2012-12-03,train,543_3
543,1434,69,Train Station,35.68971829766635,139.69925165176392,2012-12-06 15:48:18,2012-12-03,train,543_3
543,893,69,Train Station,35.672195030970535,139.48046654462814,2012-12-07 06:37:42,2012-12-03,train,543_3
543,893,69,Train Station,35.672195030970535,139.48046654462814,2012-12-07 16:03:03,2012-12-03,train,543_3
544,43,69,Train Station,35.69080269423021,139.70027922656513,2012-12-09 12:41:35,2012-12-03,train,544_13
544,4244,56,Electronics Store,35.69330395991252,139.7008180618286,2012-12-09 12:49:45,2012-12-03,train,544_13
544,982,189,Ramen /  Noodle House,35.69580250045255,139.70195531845093,2012-12-09 13:10:01,2012-12-03,train,544_13
544,279,69,Train Station,35.699583,139.765222,2012-12-09 13:50:40,2012-12-03,train,544_13
544,145,69,Train Station,35.6961052825236,139.79252815246582,2012-12-09 13:55:26,2012-12-03,train,544_13
544,43,69,Train Station,35.69080269423021,139.70027922656513,2012-12-09 19:46:42,2012-12-03,train,544_13
551,378,69,Train Station,35.62081442397418,139.56971168518066,2012-12-03 08:57:10,2012-12-03,train,551_13
551,497,32,Bookstore,35.686354686684226,139.76383924484253,2012-12-03 19:13:59,2012-12-03,train,551_13
551,131,69,Train Station,35.66158508135192,139.66747283935547,2012-12-03 19:50:22,2012-12-03,train,551_13
551,5916,200,Arcade,35.66029169984966,139.66822251677513,2012-12-03 19:55:14,2012-12-03,train,551_13
551,378,69,Train Station,35.62081442397418,139.56971168518066,2012-12-04 08:56:37,2012-12-03,train,551_13
551,497,32,Bookstore,35.686354686684226,139.76383924484253,2012-12-04 19:13:56,2012-12-03,train,551_13
551,131,69,Train Station,35.66158508135192,139.66747283935547,2012-12-05 19:36:32,2012-12-03,train,551_13
551,5916,200,Arcade,35.66029169984966,139.66822251677513,2012-12-05 19:55:01,2012-12-03,train,551_13
551,151,236,Subway,35.68691239365025,139.76361393928528,2012-12-06 09:43:19,2012-12-03,train,551_13
551,131,69,Train Station,35.66158508135192,139.66747283935547,2012-12-06 19:41:19,2012-12-03,train,551_13
551,5916,200,Arcade,35.66029169984966,139.66822251677513,2012-12-06 20:06:39,2012-12-03,train,551_13
551,151,236,Subway,35.68691239365025,139.76361393928528,2012-12-07 19:15:43,2012-12-03,train,551_13
551,323,69,Train Station,35.64592362299403,139.8269248008728,2012-12-08 14:13:21,2012-12-03,train,551_13
551,4184,69,Train Station,35.646150306690494,139.82742369174957,2012-12-08 17:13:41,2012-12-03,train,551_13
551,4706,69,Train Station,35.681283949368016,139.76607084274292,2012-12-08 17:51:46,2012-12-03,train,551_13
551,142,69,Train Station,35.698596195264464,139.77301824864617,2012-12-08 17:59:24,2012-12-03,train,551_13
551,5359,187,Seafood Restaurant,35.70150461446279,139.77131566501237,2012-12-08 18:18:50,2012-12-03,train,551_13
552,7134,81,Building,35.69527753025235,139.69034671783447,2012-12-04 09:17:51,2012-12-03,train,552_21
552,7134,81,Building,35.69527753025235,139.69034671783447,2012-12-05 09:21:19,2012-12-03,train,552_21
552,7162,181,Sandwich Place,35.69600193715966,139.69052172687768,2012-12-05 13:54:50,2012-12-03,train,552_21
552,7134,81,Building,35.69527753025235,139.69034671783447,2012-12-06 09:21:25,2012-12-03,train,552_21
552,7162,181,Sandwich Place,35.69600193715966,139.69052172687768,2012-12-06 13:47:24,2012-12-03,train,552_21
552,7162,181,Sandwich Place,35.69600193715966,139.69052172687768,2012-12-07 13:49:17,2012-12-03,train,552_21
558,7119,211,Airport,35.547757184307024,139.78514671325684,2012-12-03 18:34:36,2012-12-03,train,558_8
558,146,69,Train Station,35.6964320244761,139.81394290924072,2012-12-04 09:04:29,2012-12-03,train,558_8
558,4736,229,Road,35.66324781398703,139.73228842020035,2012-12-04 09:33:49,2012-12-03,train,558_8
558,4736,229,Road,35.66324781398703,139.73228842020035,2012-12-04 22:39:27,2012-12-03,train,558_8
558,44,69,Train Station,35.68137872227962,139.76608157157898,2012-12-04 22:54:10,2012-12-03,train,558_8
558,4736,229,Road,35.66324781398703,139.73228842020035,2012-12-05 09:47:36,2012-12-03,train,558_8
558,96,237,Mall,35.6657865198251,139.73096072673798,2012-12-05 21:28:20,2012-12-03,train,558_8
558,146,69,Train Station,35.6964320244761,139.81394290924072,2012-12-05 22:22:32,2012-12-03,train,558_8
558,44,69,Train Station,35.68137872227962,139.76608157157898,2012-12-07 09:22:49,2012-12-03,train,558_8
558,4736,229,Road,35.66324781398703,139.73228842020035,2012-12-07 09:42:55,2012-12-03,train,558_8
558,4736,229,Road,35.66324781398703,139.73228842020035,2012-12-07 21:35:50,2012-12-03,train,558_8
558,44,69,Train Station,35.68137872227962,139.76608157157898,2012-12-07 21:56:03,2012-12-03,train,558_8
564,5607,253,Medical Center,35.61494909744324,139.70006972551346,2012-12-04 13:06:16,2012-12-03,train,564_8
564,228,69,Train Station,35.615524747038364,139.69873666763306,2012-12-05 08:50:54,2012-12-03,train,564_8
564,162,69,Train Station,35.63367738834909,139.71551656723022,2012-12-05 09:12:11,2012-12-03,train,564_8
564,109,69,Train Station,35.63014572966312,139.74042892456055,2012-12-05 09:22:00,2012-12-03,train,564_8
564,142,69,Train Station,35.698596195264464,139.77301824864617,2012-12-05 12:46:47,2012-12-03,train,564_8
564,1900,29,Hardware Store,35.699357394438415,139.76980984210968,2012-12-05 12:55:20,2012-12-03,train,564_8
564,1150,237,Mall,35.619044,139.70509102654142,2012-12-08 11:48:15,2012-12-03,train,564_8
569,2274,136,Museum,35.66356345907963,139.87313908916974,2012-12-08 14:05:32,2012-12-03,train,569_7
569,1048,69,Train Station,35.73827441973809,139.8485970497131,2012-12-08 16:31:17,2012-12-03,train,569_7
569,300,69,Train Station,35.74588638274114,139.85629266137698,2012-12-08 21:08:08,2012-12-03,train,569_7
569,7802,38,Candy Store,35.70847457701688,139.77454070422522,2012-12-09 16:55:07,2012-12-03,train,569_7
572,7279,190,Sushi Restaurant,35.657967483138926,139.57006573677063,2012-12-03 22:21:39,2012-12-03,train,572_9
572,3595,256,Convenience Store,35.657786,139.573116,2012-12-04 23:03:31,2012-12-03,train,572_9
572,7131,256,Convenience Store,35.65808251805014,139.57532656123317,2012-12-07 22:25:24,2012-12-03,train,572_9
572,7093,69,Train Station,35.6282272323851,139.73871231079102,2012-12-08 09:45:18,2012-12-03,train,572_9
579,5096,230,Food & Drink Shop,35.73718202978002,139.73557713114482,2012-12-03 06:38:02,2012-12-03,train,579_12
579,5096,230,Food & Drink Shop,35.73718202978002,139.73557713114482,2012-12-04 05:55:06,2012-12-03,train,579_12
579,5096,230,Food & Drink Shop,35.73718202978002,139.73557713114482,2012-12-05 06:36:50,2012-12-03,train,579_12
580,142,69,Train Station,35.698596195264464,139.77301824864617,2012-12-04 14:35:18,2012-12-03,train,580_8
580,6916,121,Café,35.698993634991766,139.77293729782104,2012-12-04 14:36:45,2012-12-03,train,580_8
580,388,122,Fast Food Restaurant,35.69980392322686,139.77180004119873,2012-12-04 15:36:47,2012-12-03,train,580_8
580,142,69,Train Station,35.698596195264464,139.77301824864617,2012-12-04 23:12:01,2012-12-03,train,580_8
580,420,69,Train Station,35.68600611785052,139.73066568374634,2012-12-05 10:54:31,2012-12-03,train,580_8
580,989,172,University,35.682938646442324,139.73222136497498,2012-12-05 11:01:34,2012-12-03,train,580_8
580,420,69,Train Station,35.68600611785052,139.73066568374634,2012-12-05 17:44:36,2012-12-03,train,580_8
580,142,69,Train Station,35.698596195264464,139.77301824864617,2012-12-05 18:05:25,2012-12-03,train,580_8
580,2003,233,Hobby Shop,35.700487869791004,139.77178394794464,2012-12-05 18:21:45,2012-12-03,train,580_8
580,4889,24,Italian Restaurant,35.701500709817566,139.77119654417038,2012-12-05 21:09:49,2012-12-03,train,580_8
580,142,69,Train Station,35.698596195264464,139.77301824864617,2012-12-07 16:27:47,2012-12-03,train,580_8
580,6916,121,Café,35.698993634991766,139.77293729782104,2012-12-07 16:28:49,2012-12-03,train,580_8
580,142,69,Train Station,35.698596195264464,139.77301824864617,2012-12-08 15:46:21,2012-12-03,train,580_8
580,5495,122,Fast Food Restaurant,35.70145496893249,139.7720843553543,2012-12-08 21:01:13,2012-12-03,train,580_8
580,142,69,Train Station,35.698596195264464,139.77301824864617,2012-12-08 23:43:25,2012-12-03,train,580_8
580,142,69,Train Station,35.698596195264464,139.77301824864617,2012-12-09 16:39:48,2012-12-03,train,580_8
580,5495,122,Fast Food Restaurant,35.70145496893249,139.7720843553543,2012-12-09 21:06:16,2012-12-03,train,580_8
584,189,69,Train Station,35.729864636451765,139.7109555727517,2012-12-03 20:38:34,2012-12-03,train,584_7
584,2923,79,Library,35.72695253005829,139.7189712524414,2012-12-07 13:28:28,2012-12-03,train,584_7
584,62,56,Electronics Store,35.73169485589919,139.71287727355957,2012-12-09 10:17:46,2012-12-03,train,584_7
584,7435,97,Diner,35.729378,139.715281,2012-12-09 13:11:10,2012-12-03,train,584_7
590,93,237,Mall,35.532942167026505,139.69576478004456,2012-12-03 10:52:14,2012-12-03,train,590_4
590,5216,237,Mall,35.53049746982908,139.69831824302673,2012-12-05 18:14:26,2012-12-03,train,590_4
590,1336,197,Bridge,35.55680095972125,139.6959810104888,2012-12-09 09:26:14,2012-12-03,train,590_4
590,1336,197,Bridge,35.55680095972125,139.6959810104888,2012-12-09 16:52:21,2012-12-03,train,590_4
597,279,69,Train Station,35.699583,139.765222,2012-12-04 16:02:29,2012-12-03,train,597_14
597,43,69,Train Station,35.69080269423021,139.70027922656513,2012-12-04 19:04:27,2012-12-03,train,597_14
597,220,69,Train Station,35.651889113311164,139.5443956553936,2012-12-04 19:42:21,2012-12-03,train,597_14
597,142,69,Train Station,35.698596195264464,139.77301824864617,2012-12-07 16:51:14,2012-12-03,train,597_14
597,279,69,Train Station,35.699583,139.765222,2012-12-07 18:17:23,2012-12-03,train,597_14
597,2954,200,Arcade,35.69876710132423,139.7701209783554,2012-12-08 15:04:01,2012-12-03,train,597_14
597,318,69,Train Station,35.644802728051665,139.53704103827477,2012-12-08 23:26:47,2012-12-03,train,597_14
598,743,32,Bookstore,35.69272015711867,139.70314890146255,2012-12-08 15:41:57,2012-12-03,train,598_11
598,3172,26,Japanese Restaurant,35.69229972932551,139.70294773578644,2012-12-08 15:50:14,2012-12-03,train,598_11
600,1454,228,Furniture / Home Store,35.684215321456136,139.66179728507996,2012-12-06 15:53:31,2012-12-03,train,600_15
600,189,69,Train Station,35.729864636451765,139.7109555727517,2012-12-08 18:19:35,2012-12-03,train,600_15
606,5561,213,Spa / Massage,35.62016250000656,139.70757991075516,2012-12-03 00:04:13,2012-12-03,train,606_16
606,5509,198,Coffee Shop,35.62042632272058,139.70448464155197,2012-12-03 20:20:08,2012-12-03,train,606_16
606,2468,198,Coffee Shop,35.625780085140924,139.71370845967647,2012-12-04 08:59:13,2012-12-03,train,606_16
606,5509,198,Coffee Shop,35.62042632272058,139.70448464155197,2012-12-05 18:56:41,2012-12-03,train,606_16
606,5561,213,Spa / Massage,35.62016250000656,139.70757991075516,2012-12-08 00:12:28,2012-12-03,train,606_16
606,643,56,Electronics Store,35.67543940231658,139.7628951072693,2012-12-09 19:39:50,2012-12-03,train,606_16
610,5781,238,Bus Station,35.71088470380454,139.7097785416762,2012-12-03 07:54:33,2012-12-03,train,610_22
610,5760,69,Train Station,35.62896847542755,139.74097073078156,2012-12-03 19:35:17,2012-12-03,train,610_22
610,2986,69,Train Station,35.71295470815622,139.70370411872864,2012-12-04 08:00:35,2012-12-03,train,610_22
610,1615,69,Train Station,35.645731813210055,139.7475689649582,2012-12-04 08:33:02,2012-12-03,train,610_22
610,5760,69,Train Station,35.62896847542755,139.74097073078156,2012-12-04 20:54:07,2012-12-03,train,610_22
610,3633,69,Train Station,35.62850802377022,139.73833131832686,2012-12-04 20:54:52,2012-12-03,train,610_22
610,352,236,Subway,35.69550407383317,139.75170493125916,2012-12-05 09:35:16,2012-12-03,train,610_22
610,322,236,Subway,35.68569676173495,139.7416439652443,2012-12-05 09:45:59,2012-12-03,train,610_22
610,5479,81,Building,35.684415753220634,139.74340617656708,2012-12-05 12:39:46,2012-12-03,train,610_22
610,322,236,Subway,35.68569676173495,139.7416439652443,2012-12-05 17:18:57,2012-12-03,train,610_22
610,87,69,Train Station,35.65852172695124,139.7013260344949,2012-12-05 17:36:53,2012-12-03,train,610_22
610,43,69,Train Station,35.69080269423021,139.70027922656513,2012-12-05 17:47:26,2012-12-03,train,610_22
610,7719,56,Electronics Store,35.691322,139.702979,2012-12-05 18:03:29,2012-12-03,train,610_22
610,2630,69,Train Station,35.69074652349464,139.7006356716156,2012-12-05 19:39:40,2012-12-03,train,610_22
610,1615,69,Train Station,35.645731813210055,139.7475689649582,2012-12-06 08:34:54,2012-12-03,train,610_22
610,7093,69,Train Station,35.6282272323851,139.73871231079102,2012-12-06 13:10:39,2012-12-03,train,610_22
610,151,236,Subway,35.68691239365025,139.76361393928528,2012-12-06 13:27:01,2012-12-03,train,610_22
610,135,236,Subway,35.67231923028651,139.7945612668991,2012-12-06 15:00:13,2012-12-03,train,610_22
610,135,236,Subway,35.67231923028651,139.7945612668991,2012-12-06 17:58:54,2012-12-03,train,610_22
610,2986,69,Train Station,35.71295470815622,139.70370411872864,2012-12-06 18:29:12,2012-12-03,train,610_22
610,1010,32,Bookstore,35.712832749929525,139.7050130367279,2012-12-06 18:59:11,2012-12-03,train,610_22
610,2376,198,Coffee Shop,35.71201932734066,139.70709711313248,2012-12-06 19:54:04,2012-12-03,train,610_22
610,7559,81,Building,35.638876713266605,139.7451821429542,2012-12-07 08:57:17,2012-12-03,train,610_22
610,7093,69,Train Station,35.6282272323851,139.73871231079102,2012-12-07 23:31:47,2012-12-03,train,610_22
610,2986,69,Train Station,35.71295470815622,139.70370411872864,2012-12-08 00:02:39,2012-12-03,train,610_22
610,1252,69,Train Station,35.628118180509254,139.7380268850527,2012-12-08 12:00:48,2012-12-03,train,610_22
610,5077,69,Train Station,35.550004406063394,139.78646233677864,2012-12-08 12:16:45,2012-12-03,train,610_22
622,149,69,Train Station,35.712902440367635,139.7038972377777,2012-12-04 12:49:34,2012-12-03,train,622_9
622,4405,153,College Academic Building,35.70975324285668,139.71866011619568,2012-12-04 16:07:05,2012-12-03,train,622_9
622,149,69,Train Station,35.712902440367635,139.7038972377777,2012-12-05 10:03:59,2012-12-03,train,622_9
630,5174,203,Bowling Alley,35.671727779724435,139.83696783068854,2012-12-03 10:08:12,2012-12-03,train,630_7
630,2743,39,Food & Drink Shop,35.67234319855332,139.81945753097534,2012-12-04 23:59:24,2012-12-03,train,630_7
630,5762,200,Arcade,35.7007383583069,139.7718831896782,2012-12-05 12:23:47,2012-12-03,train,630_7
630,2938,32,Bookstore,35.6989849221703,139.77105975151062,2012-12-05 13:05:59,2012-12-03,train,630_7
630,5442,32,Bookstore,35.70125563167004,139.77082494113915,2012-12-05 13:13:26,2012-12-03,train,630_7
630,1913,39,Food & Drink Shop,35.679433131668084,139.8222604393959,2012-12-05 18:51:25,2012-12-03,train,630_7
630,275,69,Train Station,35.71048066190842,139.8133099079132,2012-12-06 09:48:45,2012-12-03,train,630_7
630,1913,39,Food & Drink Shop,35.679433131668084,139.8222604393959,2012-12-06 15:08:30,2012-12-03,train,630_7
630,1913,39,Food & Drink Shop,35.679433131668084,139.8222604393959,2012-12-07 16:41:57,2012-12-03,train,630_7
630,3916,112,Other Great Outdoors,35.683067186319114,139.8474571108818,2012-12-08 14:46:58,2012-12-03,train,630_7
630,5098,197,Bridge,35.75932885298472,139.80276346206665,2012-12-08 15:31:49,2012-12-03,train,630_7
630,768,236,Subway,35.63440986098353,139.79161351919174,2012-12-09 11:41:04,2012-12-03,train,630_7
630,5348,256,Convenience Store,35.63029397526375,139.79533910751343,2012-12-09 17:57:36,2012-12-03,train,630_7
630,2549,240,Convention Center,35.62986667837494,139.79426622390747,2012-12-09 17:57:56,2012-12-03,train,630_7
630,2743,39,Food & Drink Shop,35.67234319855332,139.81945753097534,2012-12-09 18:55:56,2012-12-03,train,630_7
632,2346,122,Fast Food Restaurant,35.74566761573895,139.72051620483398,2012-12-07 18:19:07,2012-12-03,train,632_2
632,2346,122,Fast Food Restaurant,35.74566761573895,139.72051620483398,2012-12-09 17:44:54,2012-12-03,train,632_2
636,3163,236,Subway,35.67867274797632,139.74021703004837,2012-12-03 07:27:49,2012-12-03,train,636_3
636,2904,236,Subway,35.678668390455776,139.74017143249512,2012-12-03 18:03:28,2012-12-03,train,636_3
636,2904,236,Subway,35.678668390455776,139.74017143249512,2012-12-04 18:03:45,2012-12-03,train,636_3
636,3163,236,Subway,35.67867274797632,139.74021703004837,2012-12-05 07:28:19,2012-12-03,train,636_3
636,2904,236,Subway,35.678668390455776,139.74017143249512,2012-12-05 18:08:12,2012-12-03,train,636_3
636,2904,236,Subway,35.678668390455776,139.74017143249512,2012-12-06 18:20:23,2012-12-03,train,636_3
636,3419,236,Subway,35.679648826582344,139.7799700498581,2012-12-07 13:43:14,2012-12-03,train,636_3
636,142,69,Train Station,35.698596195264464,139.77301824864617,2012-12-07 13:52:20,2012-12-03,train,636_3
636,1457,20,Record Shop,35.69884333868803,139.77475315332413,2012-12-07 16:42:42,2012-12-03,train,636_3
636,633,56,Electronics Store,35.69901541704127,139.7746217250824,2012-12-07 17:01:10,2012-12-03,train,636_3
636,142,69,Train Station,35.698596195264464,139.77301824864617,2012-12-07 17:03:14,2012-12-03,train,636_3
636,99,69,Train Station,35.674975820792184,139.76307905553185,2012-12-07 17:13:26,2012-12-03,train,636_3
636,2904,236,Subway,35.678668390455776,139.74017143249512,2012-12-07 17:24:27,2012-12-03,train,636_3
636,797,114,Plaza,35.65906803487992,139.7005793452263,2012-12-07 17:36:16,2012-12-03,train,636_3
636,1342,20,Record Shop,35.66188145562874,139.70105677843094,2012-12-07 17:42:30,2012-12-03,train,636_3
637,7388,276,Moving Target,35.672005,139.797785,2012-12-05 07:49:31,2012-12-03,train,637_15
637,4982,189,Ramen /  Noodle House,35.62536139132654,139.72389578819275,2012-12-05 12:16:23,2012-12-03,train,637_15
637,5735,46,Bar,35.67263408558125,139.79611560702324,2012-12-05 20:36:38,2012-12-03,train,637_15
637,795,59,Office,35.669582442675576,139.74035382270813,2012-12-06 15:02:59,2012-12-03,train,637_15
637,2825,269,Shrine,35.6718921581441,139.7996038198471,2012-12-06 20:45:56,2012-12-03,train,637_15
637,5748,197,Bridge,35.67288114,139.803011,2012-12-06 20:52:25,2012-12-03,train,637_15
650,6680,168,College Academic Building,35.65913559300756,139.5435333251953,2012-12-03 14:29:10,2012-12-03,train,650_16
650,220,69,Train Station,35.651889113311164,139.5443956553936,2012-12-04 05:51:11,2012-12-03,train,650_16
650,116,69,Train Station,35.66761259479359,139.6318370103836,2012-12-04 06:10:11,2012-12-03,train,650_16
650,7701,69,Train Station,35.6661526098011,139.64245319366455,2012-12-04 06:17:05,2012-12-03,train,650_16
650,220,69,Train Station,35.651889113311164,139.5443956553936,2012-12-04 10:07:13,2012-12-03,train,650_16
650,708,69,Train Station,35.66614389339263,139.6414339542389,2012-12-05 06:09:02,2012-12-03,train,650_16
650,3236,234,Light Rail,35.66605128149362,139.64134141802788,2012-12-05 06:10:01,2012-12-03,train,650_16
650,2312,69,Train Station,35.65869120755842,139.6988230288047,2012-12-05 10:49:42,2012-12-03,train,650_16
650,131,69,Train Station,35.66158508135192,139.66747283935547,2012-12-05 11:21:56,2012-12-03,train,650_16
650,1084,69,Train Station,35.661628665873394,139.66655015945437,2012-12-05 11:22:05,2012-12-03,train,650_16
650,299,69,Train Station,35.668361407560894,139.6504027448891,2012-12-05 11:31:42,2012-12-03,train,650_16
650,220,69,Train Station,35.651889113311164,139.5443956553936,2012-12-06 11:05:23,2012-12-03,train,650_16
650,2791,161,College Academic Building,35.65659449633758,139.54409390687945,2012-12-07 08:41:28,2012-12-03,train,650_16
650,6971,189,Ramen /  Noodle House,35.651631932928524,139.54625576734543,2012-12-07 18:35:49,2012-12-03,train,650_16
650,546,39,Food & Drink Shop,35.653595636737414,139.54398930072784,2012-12-07 19:13:19,2012-12-03,train,650_16
650,5611,161,College Academic Building,35.65642886458824,139.54462230205536,2012-12-07 19:31:25,2012-12-03,train,650_16
654,7604,153,College Academic Building,35.62669603571972,139.7481163476359,2012-12-04 12:57:21,2012-12-03,train,654_14
654,545,236,Subway,35.62752522528485,139.77879524230957,2012-12-08 11:15:17,2012-12-03,train,654_14
654,405,237,Mall,35.62786523906423,139.77331256465442,2012-12-08 11:27:17,2012-12-03,train,654_14
654,7093,69,Train Station,35.6282272323851,139.73871231079102,2012-12-09 12:37:46,2012-12-03,train,654_14
654,87,69,Train Station,35.65852172695124,139.7013260344949,2012-12-09 12:56:55,2012-12-03,train,654_14
654,29,51,Bar,35.65900483528946,139.69533026218414,2012-12-09 13:04:15,2012-12-03,train,654_14
654,1743,26,Japanese Restaurant,35.657374704431405,139.6964192390442,2012-12-09 17:58:17,2012-12-03,train,654_14
655,2087,167,General College & University,35.69899732709261,139.7542147678241,2012-12-03 09:00:33,2012-12-03,train,655_8
655,5580,189,Ramen /  Noodle House,35.70068390434864,139.75289583206177,2012-12-04 11:21:50,2012-12-03,train,655_8
655,116,69,Train Station,35.66761259479359,139.6318370103836,2012-12-05 08:13:50,2012-12-03,train,655_8
655,1162,69,Train Station,35.702002,139.754315,2012-12-05 08:58:25,2012-12-03,train,655_8
655,1162,69,Train Station,35.702002,139.754315,2012-12-06 09:00:57,2012-12-03,train,655_8
655,1162,69,Train Station,35.702002,139.754315,2012-12-07 09:06:59,2012-12-03,train,655_8
658,426,69,Train Station,35.70129378655684,139.70004089176655,2012-12-06 18:16:09,2012-12-03,train,658_10
658,281,69,Train Station,35.74964694346383,139.80514526367188,2012-12-07 23:00:16,2012-12-03,train,658_10
658,281,69,Train Station,35.74964694346383,139.80514526367188,2012-12-09 22:00:50,2012-12-03,train,658_10
670,1004,122,Fast Food Restaurant,35.53654795942072,139.57845836877823,2012-12-03 08:56:33,2012-12-03,train,670_7
670,1004,122,Fast Food Restaurant,35.53654795942072,139.57845836877823,2012-12-05 09:08:57,2012-12-03,train,670_7
670,684,237,Mall,35.5505068716494,139.57541942596436,2012-12-06 12:46:30,2012-12-03,train,670_7
670,1023,237,Mall,35.55192095984968,139.5792818069458,2012-12-06 16:42:14,2012-12-03,train,670_7
670,1004,122,Fast Food Restaurant,35.53654795942072,139.57845836877823,2012-12-07 09:06:02,2012-12-03,train,670_7
670,1004,122,Fast Food Restaurant,35.53654795942072,139.57845836877823,2012-12-09 09:09:20,2012-12-03,train,670_7
670,3090,256,Convenience Store,35.56479936193149,139.6406990289688,2012-12-09 16:12:24,2012-12-03,train,670_7
675,7169,69,Train Station,35.71252019623984,139.77614830738932,2012-12-08 12:59:20,2012-12-03,train,675_9
675,5694,237,Mall,35.70351981702754,139.77423012256622,2012-12-08 13:55:37,2012-12-03,train,675_9
675,633,56,Electronics Store,35.69901541704127,139.7746217250824,2012-12-08 14:21:08,2012-12-03,train,675_9
675,2576,236,Subway,35.69807224884871,139.77548003196716,2012-12-08 14:39:03,2012-12-03,train,675_9
679,1252,69,Train Station,35.628118180509254,139.7380268850527,2012-12-04 08:35:36,2012-12-03,train,679_21
679,4156,189,Ramen /  Noodle House,35.63722197034836,139.74688231945038,2012-12-04 08:54:23,2012-12-03,train,679_21
679,109,69,Train Station,35.63014572966312,139.74042892456055,2012-12-04 18:26:06,2012-12-03,train,679_21
679,1107,69,Train Station,35.605143883973426,139.74254719913006,2012-12-04 18:40:08,2012-12-03,train,679_21
679,4902,83,Spiritual Center,35.604660842845114,139.74230110645294,2012-12-04 19:00:24,2012-12-03,train,679_21
679,4902,83,Spiritual Center,35.604660842845114,139.74230110645294,2012-12-05 08:25:36,2012-12-03,train,679_21
679,1107,69,Train Station,35.605143883973426,139.74254719913006,2012-12-05 08:28:31,2012-12-03,train,679_21
679,516,69,Train Station,35.60935047101518,139.7429046034813,2012-12-05 12:37:19,2012-12-03,train,679_21
679,5685,23,Drugstore / Pharmacy,35.602705961103275,139.74206346206975,2012-12-05 13:02:35,2012-12-03,train,679_21
679,1252,69,Train Station,35.628118180509254,139.7380268850527,2012-12-06 08:31:56,2012-12-03,train,679_21
679,4156,189,Ramen /  Noodle House,35.63722197034836,139.74688231945038,2012-12-06 08:44:56,2012-12-03,train,679_21
679,5760,69,Train Station,35.62896847542755,139.74097073078156,2012-12-06 21:07:01,2012-12-03,train,679_21
679,1252,69,Train Station,35.628118180509254,139.7380268850527,2012-12-06 21:11:13,2012-12-03,train,679_21
679,1107,69,Train Station,35.605143883973426,139.74254719913006,2012-12-06 21:25:52,2012-12-03,train,679_21
679,4902,83,Spiritual Center,35.604660842845114,139.74230110645294,2012-12-06 21:26:43,2012-12-03,train,679_21
679,4156,189,Ramen /  Noodle House,35.63722197034836,139.74688231945038,2012-12-07 08:51:41,2012-12-03,train,679_21
679,109,69,Train Station,35.63014572966312,139.74042892456055,2012-12-07 22:17:38,2012-12-03,train,679_21
679,1252,69,Train Station,35.628118180509254,139.7380268850527,2012-12-07 22:24:18,2012-12-03,train,679_21
679,5817,69,Train Station,35.60704570415802,139.73441964516493,2012-12-08 12:45:36,2012-12-03,train,679_21
679,1350,237,Mall,35.60624407285949,139.73497867584229,2012-12-08 14:15:58,2012-12-03,train,679_21
679,6378,121,Café,35.607588430185686,139.73360642499838,2012-12-08 14:56:10,2012-12-03,train,679_21
679,5817,69,Train Station,35.60704570415802,139.73441964516493,2012-12-08 16:04:45,2012-12-03,train,679_21
679,918,236,Subway,35.74075631120272,139.66827750205994,2012-12-08 17:12:33,2012-12-03,train,679_21
679,3327,189,Ramen /  Noodle House,35.605014128290854,139.74248617887497,2012-12-09 14:26:09,2012-12-03,train,679_21
679,1107,69,Train Station,35.605143883973426,139.74254719913006,2012-12-09 14:35:20,2012-12-03,train,679_21
679,1704,121,Café,35.629099282309845,139.74288180470467,2012-12-09 15:05:51,2012-12-03,train,679_21
679,1252,69,Train Station,35.628118180509254,139.7380268850527,2012-12-09 15:49:13,2012-12-03,train,679_21
679,578,69,Train Station,35.57907348779101,139.73499476909635,2012-12-09 16:01:59,2012-12-03,train,679_21
679,578,69,Train Station,35.57907348779101,139.73499476909635,2012-12-09 20:15:02,2012-12-03,train,679_21
679,4902,83,Spiritual Center,35.604660842845114,139.74230110645294,2012-12-09 20:24:24,2012-12-03,train,679_21
682,3892,122,Fast Food Restaurant,35.60999921216182,139.74875450134277,2012-12-03 12:05:00,2012-12-03,train,682_5
682,3079,26,Japanese Restaurant,35.70038549599711,139.77272808551788,2012-12-05 21:39:52,2012-12-03,train,682_5
682,3892,122,Fast Food Restaurant,35.60999921216182,139.74875450134277,2012-12-06 12:12:54,2012-12-03,train,682_5
693,2360,236,Subway,35.71245048148083,139.77592863234182,2012-12-05 15:16:41,2012-12-03,train,693_11
693,3570,48,Food & Drink Shop,35.70256254441745,139.77378487586975,2012-12-05 20:43:51,2012-12-03,train,693_11
693,3280,69,Train Station,35.69833581429355,139.77303385734558,2012-12-08 12:13:41,2012-12-03,train,693_11
693,5504,69,Train Station,35.70604750437385,139.66596368060758,2012-12-08 12:37:46,2012-12-03,train,693_11
693,5504,69,Train Station,35.70604750437385,139.66596368060758,2012-12-08 18:51:02,2012-12-03,train,693_11
693,633,56,Electronics Store,35.69901541704127,139.7746217250824,2012-12-08 19:12:02,2012-12-03,train,693_11
693,4573,5,Home (private),35.704528485059896,139.77798811779195,2012-12-08 19:23:08,2012-12-03,train,693_11
693,3280,69,Train Station,35.69833581429355,139.77303385734558,2012-12-09 10:15:44,2012-12-03,train,693_11
693,5504,69,Train Station,35.70604750437385,139.66596368060758,2012-12-09 10:37:15,2012-12-03,train,693_11
693,5504,69,Train Station,35.70604750437385,139.66596368060758,2012-12-09 12:24:58,2012-12-03,train,693_11
709,6276,256,Convenience Store,35.52320659125645,139.69232082366943,2012-12-03 07:45:41,2012-12-03,train,709_17
709,748,69,Train Station,35.53275445184632,139.7007429599762,2012-12-03 07:48:12,2012-12-03,train,709_17
709,578,69,Train Station,35.57907348779101,139.73499476909635,2012-12-03 08:11:45,2012-12-03,train,709_17
709,394,69,Train Station,35.56068371332292,139.72373016178608,2012-12-03 13:48:04,2012-12-03,train,709_17
709,6276,256,Convenience Store,35.52320659125645,139.69232082366943,2012-12-03 14:07:55,2012-12-03,train,709_17
709,748,69,Train Station,35.53275445184632,139.7007429599762,2012-12-04 07:48:34,2012-12-03,train,709_17
709,394,69,Train Station,35.56068371332292,139.72373016178608,2012-12-04 08:00:34,2012-12-03,train,709_17
709,578,69,Train Station,35.57907348779101,139.73499476909635,2012-12-04 08:11:20,2012-12-03,train,709_17
709,578,69,Train Station,35.57907348779101,139.73499476909635,2012-12-04 12:22:24,2012-12-03,train,709_17
709,394,69,Train Station,35.56068371332292,139.72373016178608,2012-12-04 12:29:33,2012-12-03,train,709_17
709,748,69,Train Station,35.53275445184632,139.7007429599762,2012-12-04 12:37:11,2012-12-03,train,709_17
709,1799,69,Train Station,35.523110539333615,139.6914866566658,2012-12-05 07:43:12,2012-12-03,train,709_17
709,748,69,Train Station,35.53275445184632,139.7007429599762,2012-12-05 07:49:25,2012-12-03,train,709_17
709,394,69,Train Station,35.56068371332292,139.72373016178608,2012-12-05 07:59:37,2012-12-03,train,709_17
709,578,69,Train Station,35.57907348779101,139.73499476909635,2012-12-05 08:09:49,2012-12-03,train,709_17
709,1799,69,Train Station,35.523110539333615,139.6914866566658,2012-12-05 13:08:05,2012-12-03,train,709_17
709,748,69,Train Station,35.53275445184632,139.7007429599762,2012-12-06 07:48:58,2012-12-03,train,709_17
709,394,69,Train Station,35.56068371332292,139.72373016178608,2012-12-06 07:59:26,2012-12-03,train,709_17
709,578,69,Train Station,35.57907348779101,139.73499476909635,2012-12-06 08:08:58,2012-12-03,train,709_17
709,578,69,Train Station,35.57907348779101,139.73499476909635,2012-12-06 11:37:26,2012-12-03,train,709_17
709,748,69,Train Station,35.53275445184632,139.7007429599762,2012-12-06 11:58:07,2012-12-03,train,709_17
709,1799,69,Train Station,35.523110539333615,139.6914866566658,2012-12-07 07:40:47,2012-12-03,train,709_17
709,748,69,Train Station,35.53275445184632,139.7007429599762,2012-12-07 07:48:51,2012-12-03,train,709_17
709,578,69,Train Station,35.57907348779101,139.73499476909635,2012-12-07 13:22:36,2012-12-03,train,709_17
709,394,69,Train Station,35.56068371332292,139.72373016178608,2012-12-07 13:28:48,2012-12-03,train,709_17
709,748,69,Train Station,35.53275445184632,139.7007429599762,2012-12-07 14:35:58,2012-12-03,train,709_17
709,394,69,Train Station,35.56068371332292,139.72373016178608,2012-12-08 07:57:47,2012-12-03,train,709_17
709,578,69,Train Station,35.57907348779101,139.73499476909635,2012-12-08 11:49:30,2012-12-03,train,709_17
709,44,69,Train Station,35.68137872227962,139.76608157157898,2012-12-08 12:21:28,2012-12-03,train,709_17
709,5883,200,Arcade,35.698025,139.772411,2012-12-08 15:11:21,2012-12-03,train,709_17
709,142,69,Train Station,35.698596195264464,139.77301824864617,2012-12-08 17:19:53,2012-12-03,train,709_17
709,44,69,Train Station,35.68137872227962,139.76608157157898,2012-12-08 17:51:18,2012-12-03,train,709_17
709,3868,69,Train Station,35.62925625028608,139.73875522613525,2012-12-08 18:05:55,2012-12-03,train,709_17
709,3810,69,Train Station,35.53098641522781,139.69662576913834,2012-12-08 18:15:22,2012-12-03,train,709_17
709,5216,237,Mall,35.53049746982908,139.69831824302673,2012-12-08 18:20:34,2012-12-03,train,709_17
709,2125,200,Arcade,35.53138368117034,139.70021724700928,2012-12-08 18:22:29,2012-12-03,train,709_17
709,748,69,Train Station,35.53275445184632,139.7007429599762,2012-12-08 18:52:28,2012-12-03,train,709_17
709,1799,69,Train Station,35.523110539333615,139.6914866566658,2012-12-08 18:55:39,2012-12-03,train,709_17
709,1799,69,Train Station,35.523110539333615,139.6914866566658,2012-12-09 07:57:23,2012-12-03,train,709_17
709,748,69,Train Station,35.53275445184632,139.7007429599762,2012-12-09 08:01:29,2012-12-03,train,709_17
709,394,69,Train Station,35.56068371332292,139.72373016178608,2012-12-09 08:07:47,2012-12-03,train,709_17
709,578,69,Train Station,35.57907348779101,139.73499476909635,2012-12-09 08:10:25,2012-12-03,train,709_17
709,394,69,Train Station,35.56068371332292,139.72373016178608,2012-12-09 15:08:04,2012-12-03,train,709_17
709,748,69,Train Station,35.53275445184632,139.7007429599762,2012-12-09 15:16:24,2012-12-03,train,709_17
709,2125,200,Arcade,35.53138368117034,139.70021724700928,2012-12-09 15:16:46,2012-12-03,train,709_17
709,748,69,Train Station,35.53275445184632,139.7007429599762,2012-12-09 17:07:36,2012-12-03,train,709_17
709,1799,69,Train Station,35.523110539333615,139.6914866566658,2012-12-09 17:25:31,2012-12-03,train,709_17
713,6867,137,Park,35.63829639887273,139.87673974195215,2012-12-06 20:17:39,2012-12-03,train,713_14
713,5214,189,Ramen /  Noodle House,35.671129315514335,139.90108343551253,2012-12-07 12:13:33,2012-12-03,train,713_14
717,1741,172,University,35.6097898710558,139.55456256866455,2012-12-03 20:24:57,2012-12-03,train,717_14
717,7721,162,College Academic Building,35.61094737152573,139.55354707263248,2012-12-03 20:26:20,2012-12-03,train,717_14
717,6462,153,College Academic Building,35.60828085437723,139.55499708652496,2012-12-03 20:42:51,2012-12-03,train,717_14
717,3268,26,Japanese Restaurant,35.61668911650859,139.555903673172,2012-12-03 22:11:34,2012-12-03,train,717_14
717,1741,172,University,35.6097898710558,139.55456256866455,2012-12-04 08:45:42,2012-12-03,train,717_14
717,7707,169,College Academic Building,35.61094124036004,139.55520629882812,2012-12-04 14:00:28,2012-12-03,train,717_14
717,6512,153,College Academic Building,35.61138608315322,139.55487370491028,2012-12-04 16:26:01,2012-12-03,train,717_14
717,6897,153,College Academic Building,35.61062287095995,139.55454647541046,2012-12-04 18:47:08,2012-12-03,train,717_14
717,7721,162,College Academic Building,35.61094737152573,139.55354707263248,2012-12-05 08:56:13,2012-12-03,train,717_14
717,6599,162,College Academic Building,35.61026251636765,139.55450703053415,2012-12-05 11:35:49,2012-12-03,train,717_14
717,6512,153,College Academic Building,35.61138608315322,139.55487370491028,2012-12-05 15:15:29,2012-12-03,train,717_14
717,6462,153,College Academic Building,35.60828085437723,139.55499708652496,2012-12-05 15:26:40,2012-12-03,train,717_14
717,7721,162,College Academic Building,35.61094737152573,139.55354707263248,2012-12-07 11:37:07,2012-12-03,train,717_14
717,1741,172,University,35.6097898710558,139.55456256866455,2012-12-07 11:38:15,2012-12-03,train,717_14
717,6599,162,College Academic Building,35.61026251636765,139.55450703053415,2012-12-07 11:46:08,2012-12-03,train,717_14
717,7707,169,College Academic Building,35.61094124036004,139.55520629882812,2012-12-07 12:34:46,2012-12-03,train,717_14
717,6512,153,College Academic Building,35.61138608315322,139.55487370491028,2012-12-07 13:05:04,2012-12-03,train,717_14
717,6552,153,College Academic Building,35.61084529355093,139.5537042617798,2012-12-07 14:34:43,2012-12-03,train,717_14
717,3677,189,Ramen /  Noodle House,35.620365272913745,139.56166237592697,2012-12-08 15:11:26,2012-12-03,train,717_14
717,4136,69,Train Station,35.690999221033536,139.7355741262436,2012-12-09 11:42:53,2012-12-03,train,717_14
717,4136,69,Train Station,35.690999221033536,139.7355741262436,2012-12-09 17:11:45,2012-12-03,train,717_14
717,142,69,Train Station,35.698596195264464,139.77301824864617,2012-12-09 17:23:56,2012-12-03,train,717_14
717,43,69,Train Station,35.69080269423021,139.70027922656513,2012-12-09 18:17:41,2012-12-03,train,717_14
717,630,69,Train Station,35.61718625786023,139.56456184387207,2012-12-09 18:45:34,2012-12-03,train,717_14
717,3268,26,Japanese Restaurant,35.61668911650859,139.555903673172,2012-12-09 19:06:04,2012-12-03,train,717_14
722,109,69,Train Station,35.63014572966312,139.74042892456055,2012-12-03 16:25:47,2012-12-03,train,722_20
722,174,69,Train Station,35.619699172885795,139.72855277359486,2012-12-04 15:38:20,2012-12-03,train,722_20
722,5952,197,Bridge,35.5810018896392,139.67066131532192,2012-12-04 15:47:23,2012-12-03,train,722_20
723,4872,256,Convenience Store,35.67262863826835,139.60924744606018,2012-12-03 22:30:37,2012-12-03,train,723_6
723,2242,256,Convenience Store,35.670839720610644,139.62309300899506,2012-12-04 22:09:50,2012-12-03,train,723_6
723,1372,39,Food & Drink Shop,35.66697223952106,139.60111121875582,2012-12-06 21:28:12,2012-12-03,train,723_6
723,4451,39,Food & Drink Shop,35.670560769328134,139.60901659785625,2012-12-07 21:27:47,2012-12-03,train,723_6
723,4607,39,Food & Drink Shop,35.669937877346094,139.6157429801692,2012-12-09 21:24:24,2012-12-03,train,723_6
726,221,56,Electronics Store,35.67226693586124,139.76577579975128,2012-12-03 20:01:54,2012-12-03,train,726_16
726,43,69,Train Station,35.69080269423021,139.70027922656513,2012-12-06 23:03:04,2012-12-03,train,726_16
726,4905,69,Train Station,35.56247782390475,139.7160503268242,2012-12-06 23:34:24,2012-12-03,train,726_16
726,44,69,Train Station,35.68137872227962,139.76608157157898,2012-12-08 17:53:22,2012-12-03,train,726_16
728,1818,69,Train Station,35.689657835710044,139.70007455736703,2012-12-03 11:28:33,2012-12-03,train,728_10
728,43,69,Train Station,35.69080269423021,139.70027922656513,2012-12-03 20:44:23,2012-12-03,train,728_10
728,7756,281,Train Station,35.690572634267426,139.6998451915852,2012-12-04 13:04:17,2012-12-03,train,728_10
728,149,69,Train Station,35.712902440367635,139.7038972377777,2012-12-04 18:38:47,2012-12-03,train,728_10
728,189,69,Train Station,35.729864636451765,139.7109555727517,2012-12-04 18:48:04,2012-12-03,train,728_10
728,43,69,Train Station,35.69080269423021,139.70027922656513,2012-12-04 23:00:41,2012-12-03,train,728_10
728,4570,189,Ramen /  Noodle House,35.70804138620013,139.7172975540161,2012-12-05 15:39:19,2012-12-03,train,728_10
728,3965,114,Plaza,35.713224757851165,139.70470190048218,2012-12-05 18:23:09,2012-12-03,train,728_10
728,7756,281,Train Station,35.690572634267426,139.6998451915852,2012-12-06 14:08:44,2012-12-03,train,728_10
728,149,69,Train Station,35.712902440367635,139.7038972377777,2012-12-06 14:12:06,2012-12-03,train,728_10
728,149,69,Train Station,35.712902440367635,139.7038972377777,2012-12-06 18:34:28,2012-12-03,train,728_10
728,43,69,Train Station,35.69080269423021,139.70027922656513,2012-12-06 18:47:11,2012-12-03,train,728_10
728,1818,69,Train Station,35.68985816279872,139.70011444715897,2012-12-08 10:36:42,2012-12-03,train,728_10
728,3586,189,Ramen /  Noodle House,35.689975355366045,139.70377385616302,2012-12-08 16:36:51,2012-12-03,train,728_10
728,1818,69,Train Station,35.69019598742318,139.70004962626072,2012-12-09 10:12:38,2012-12-03,train,728_10
728,43,69,Train Station,35.69080269423021,139.70027922656513,2012-12-09 21:23:05,2012-12-03,train,728_10
731,43,69,Train Station,35.69080269423021,139.70027922656513,2012-12-04 15:46:48,2012-12-03,train,731_3
731,44,69,Train Station,35.68137872227962,139.76608157157898,2012-12-04 16:23:19,2012-12-03,train,731_3
731,260,225,Department Store,35.68164016421078,139.76898908615112,2012-12-04 16:37:00,2012-12-03,train,731_3
731,7784,233,Hobby Shop,35.68106297770911,139.76899930000351,2012-12-04 16:49:16,2012-12-03,train,731_3
731,142,69,Train Station,35.698596195264464,139.77301824864617,2012-12-04 16:55:17,2012-12-03,train,731_3
731,472,269,Shrine,35.702056132756816,139.76794302463531,2012-12-04 17:10:07,2012-12-03,train,731_3
731,5664,69,Train Station,35.68170116720479,139.76932168006897,2012-12-05 00:08:36,2012-12-03,train,731_3
735,412,238,Bus Station,35.65795004853385,139.70075368881226,2012-12-07 08:18:18,2012-12-03,train,735_8
735,2648,10,Clothing Store,35.533090592672,139.69471335411072,2012-12-08 16:23:23,2012-12-03,train,735_8
735,2584,39,Food & Drink Shop,35.533151709034456,139.6963334083557,2012-12-09 16:09:10,2012-12-03,train,735_8
737,5962,268,River,35.79031697078945,139.7217607498169,2012-12-03 17:46:55,2012-12-03,train,737_8
737,537,197,Bridge,35.79220981404536,139.71773207187653,2012-12-04 09:19:38,2012-12-03,train,737_8
737,537,197,Bridge,35.79220981404536,139.71773207187653,2012-12-04 11:40:36,2012-12-03,train,737_8
737,6225,238,Bus Station,35.68433296624852,139.70251858234406,2012-12-04 12:35:03,2012-12-03,train,737_8
737,4905,69,Train Station,35.56247782390475,139.7160503268242,2012-12-05 08:32:50,2012-12-03,train,737_8
737,537,197,Bridge,35.79220981404536,139.71773207187653,2012-12-05 17:39:20,2012-12-03,train,737_8
737,109,69,Train Station,35.63014572966312,139.74042892456055,2012-12-07 20:30:54,2012-12-03,train,737_8
737,4259,197,Bridge,35.5367662225232,139.70287799835205,2012-12-07 20:42:37,2012-12-03,train,737_8
739,1594,135,Movie Theater,35.671626326370976,139.4809627532959,2012-12-06 14:00:28,2012-12-03,train,739_13
739,893,69,Train Station,35.672195030970535,139.48046654462814,2012-12-07 09:41:34,2012-12-03,train,739_13
739,1831,69,Train Station,35.65819631197759,139.70203042030334,2012-12-07 10:18:13,2012-12-03,train,739_13
739,3396,69,Train Station,35.60749357553002,139.6688192064755,2012-12-07 10:31:07,2012-12-03,train,739_13
739,142,69,Train Station,35.698596195264464,139.77301824864617,2012-12-09 10:41:26,2012-12-03,train,739_13
739,1651,194,Tea Room,35.703151720387424,139.77020412683487,2012-12-09 12:22:07,2012-12-03,train,739_13
739,633,56,Electronics Store,35.69901541704127,139.7746217250824,2012-12-09 17:55:50,2012-12-03,train,739_13
739,261,69,Train Station,35.70320181647976,139.57990407943726,2012-12-09 19:34:29,2012-12-03,train,739_13
744,6095,277,Neighborhood,35.62272437798053,139.7503638267517,2012-12-06 17:19:45,2012-12-03,train,744_11
744,608,58,Smoke Shop,35.70207355772759,139.77142453193665,2012-12-08 15:05:58,2012-12-03,train,744_11
749,2183,225,Department Store,35.69236725932771,139.7047045826912,2012-12-04 17:42:26,2012-12-03,train,749_9
749,73,69,Train Station,35.70537552095303,139.64986145496368,2012-12-07 18:29:49,2012-12-03,train,749_9
749,3473,237,Mall,35.705975123542295,139.64973017448682,2012-12-07 18:30:10,2012-12-03,train,749_9
749,2225,198,Coffee Shop,35.688158506064,139.69879031181335,2012-12-08 17:53:21,2012-12-03,train,749_9
749,4931,198,Coffee Shop,35.66944080700506,139.60077971220016,2012-12-08 18:21:10,2012-12-03,train,749_9
751,2184,269,Shrine,35.66957808465869,139.74799275398254,2012-12-03 07:33:07,2012-12-03,train,751_18
751,881,114,Plaza,35.66708090185773,139.75739657878876,2012-12-04 06:39:52,2012-12-03,train,751_18
751,881,114,Plaza,35.66708090185773,139.75739657878876,2012-12-05 07:18:26,2012-12-03,train,751_18
751,881,114,Plaza,35.66708090185773,139.75739657878876,2012-12-06 07:05:08,2012-12-03,train,751_18
751,2184,269,Shrine,35.66957808465869,139.74799275398254,2012-12-06 07:46:36,2012-12-03,train,751_18
761,7315,26,Japanese Restaurant,35.69953872899186,139.77477461099625,2012-12-03 22:11:06,2012-12-03,train,761_21
761,7458,241,Miscellaneous Shop,35.69892001844411,139.773816797748,2012-12-08 11:46:12,2012-12-03,train,761_21
761,1527,22,Indian Restaurant,35.70037351607646,139.7702081501484,2012-12-08 15:21:00,2012-12-03,train,761_21
761,1200,69,Train Station,35.71202259411466,139.79840755462646,2012-12-08 16:25:19,2012-12-03,train,761_21
763,2569,69,Train Station,35.65948427920908,139.70020651817322,2012-12-03 14:40:24,2012-12-03,train,763_9
763,413,63,Video Store,35.659817708965214,139.70037549734116,2012-12-03 16:25:38,2012-12-03,train,763_9
763,433,69,Train Station,35.65060102359122,139.6843063831329,2012-12-04 13:20:47,2012-12-03,train,763_9
763,2569,69,Train Station,35.65948427920908,139.70020651817322,2012-12-04 13:25:11,2012-12-03,train,763_9
763,189,69,Train Station,35.729864636451765,139.7109555727517,2012-12-04 13:52:20,2012-12-03,train,763_9
763,2711,69,Train Station,35.729025427145416,139.71109628677368,2012-12-04 13:52:57,2012-12-03,train,763_9
763,2711,69,Train Station,35.729025427145416,139.71109628677368,2012-12-07 14:17:30,2012-12-03,train,763_9
763,189,69,Train Station,35.729864636451765,139.7109555727517,2012-12-07 14:29:35,2012-12-03,train,763_9
763,87,69,Train Station,35.65852172695124,139.7013260344949,2012-12-07 14:47:06,2012-12-03,train,763_9
763,2569,69,Train Station,35.65948427920908,139.70020651817322,2012-12-07 14:56:03,2012-12-03,train,763_9
763,433,69,Train Station,35.65060102359122,139.6843063831329,2012-12-07 15:11:09,2012-12-03,train,763_9
763,2569,69,Train Station,35.65948427920908,139.70020651817322,2012-12-07 17:06:20,2012-12-03,train,763_9
763,1957,236,Subway,35.65890458756057,139.7025829553604,2012-12-07 17:06:40,2012-12-03,train,763_9
770,1974,236,Subway,35.690310836202634,139.84593629837036,2012-12-06 08:21:46,2012-12-03,train,770_13
770,1974,236,Subway,35.690310836202634,139.84593629837036,2012-12-07 07:49:15,2012-12-03,train,770_13
770,1974,236,Subway,35.690310836202634,139.84593629837036,2012-12-08 08:25:50,2012-12-03,train,770_13
770,1974,236,Subway,35.690310836202634,139.84593629837036,2012-12-09 13:28:29,2012-12-03,train,770_13
773,345,236,Subway,35.65486406347791,139.79626715183258,2012-12-03 10:22:06,2012-12-03,train,773_17
773,345,236,Subway,35.65486406347791,139.79626715183258,2012-12-03 16:49:20,2012-12-03,train,773_17
773,345,236,Subway,35.65486406347791,139.79626715183258,2012-12-07 22:10:05,2012-12-03,train,773_17
773,320,236,Subway,35.67834593327503,139.7400963306427,2012-12-07 22:33:14,2012-12-03,train,773_17
773,58,204,Music Venue,35.69533416620789,139.70262050628662,2012-12-07 23:35:33,2012-12-03,train,773_17
773,99,69,Train Station,35.674975820792184,139.76307905553185,2012-12-08 06:45:31,2012-12-03,train,773_17
773,281,69,Train Station,35.74964694346383,139.80514526367188,2012-12-08 07:34:18,2012-12-03,train,773_17
784,5258,57,Bar,35.73360651253888,139.69769060611725,2012-12-04 21:25:31,2012-12-03,train,784_7
784,4689,46,Bar,35.66603929641651,139.75942432880402,2012-12-07 18:22:17,2012-12-03,train,784_7
784,7747,57,Bar,35.74762430373588,139.7192047977324,2012-12-08 21:26:23,2012-12-03,train,784_7
784,5258,57,Bar,35.73360651253888,139.69769060611725,2012-12-09 22:59:29,2012-12-03,train,784_7
793,44,69,Train Station,35.68137872227962,139.76608157157898,2012-12-04 05:57:28,2012-12-03,train,793_8
793,4507,281,Train Station,35.68122185670974,139.7683346271515,2012-12-04 20:14:39,2012-12-03,train,793_8
793,157,198,Coffee Shop,35.69781521724527,139.7737741470337,2012-12-04 20:25:39,2012-12-03,train,793_8
793,914,69,Train Station,35.80785559131008,139.84503775835037,2012-12-04 21:26:09,2012-12-03,train,793_8
793,2271,69,Train Station,35.77203021900083,139.82043385505676,2012-12-07 12:09:59,2012-12-03,train,793_8
793,134,69,Train Station,35.70230879446056,139.7450315952301,2012-12-07 17:25:57,2012-12-03,train,793_8
793,4558,69,Train Station,35.7070395191946,139.78216409683228,2012-12-07 17:40:50,2012-12-03,train,793_8
793,914,69,Train Station,35.80785559131008,139.84503775835037,2012-12-07 17:58:52,2012-12-03,train,793_8
793,281,69,Train Station,35.74964694346383,139.80514526367188,2012-12-08 16:37:47,2012-12-03,train,793_8
793,772,69,Train Station,35.82801739067087,139.69051837921145,2012-12-08 21:44:58,2012-12-03,train,793_8
793,914,69,Train Station,35.80785559131008,139.84503775835037,2012-12-08 22:32:19,2012-12-03,train,793_8
793,1471,32,Bookstore,35.69880630912043,139.7747826576233,2012-12-09 13:04:50,2012-12-03,train,793_8
799,1611,241,Miscellaneous Shop,35.677151958855944,139.6587610244751,2012-12-03 16:25:43,2012-12-03,train,799_16
799,117,69,Train Station,35.67374424018757,139.66725826263428,2012-12-03 17:35:10,2012-12-03,train,799_16
799,43,69,Train Station,35.69080269423021,139.70027922656513,2012-12-03 17:49:28,2012-12-03,train,799_16
799,43,69,Train Station,35.69080269423021,139.70027922656513,2012-12-05 10:06:50,2012-12-03,train,799_16
799,43,69,Train Station,35.69080269423021,139.70027922656513,2012-12-05 12:31:20,2012-12-03,train,799_16
799,87,69,Train Station,35.65852172695124,139.7013260344949,2012-12-05 12:45:04,2012-12-03,train,799_16
799,4559,237,Mall,35.6589002289608,139.7032642364502,2012-12-05 12:52:31,2012-12-03,train,799_16
799,7502,225,Department Store,35.65901065427148,139.70276717868973,2012-12-05 14:41:19,2012-12-03,train,799_16
799,43,69,Train Station,35.69080269423021,139.70027922656513,2012-12-05 16:21:48,2012-12-03,train,799_16
799,117,69,Train Station,35.67374424018757,139.66725826263428,2012-12-05 16:40:44,2012-12-03,train,799_16
799,43,69,Train Station,35.69080269423021,139.70027922656513,2012-12-07 12:20:12,2012-12-03,train,799_16
799,106,236,Subway,35.66318884920453,139.73212469669195,2012-12-07 12:41:10,2012-12-03,train,799_16
799,106,236,Subway,35.66318884920453,139.73212469669195,2012-12-07 14:19:20,2012-12-03,train,799_16
799,43,69,Train Station,35.69080269423021,139.70027922656513,2012-12-07 14:40:22,2012-12-03,train,799_16
799,124,56,Electronics Store,35.689809792874755,139.69790518283844,2012-12-07 14:44:19,2012-12-03,train,799_16
799,43,69,Train Station,35.69080269423021,139.70027922656513,2012-12-07 14:55:07,2012-12-03,train,799_16
799,117,69,Train Station,35.67374424018757,139.66725826263428,2012-12-07 15:07:05,2012-12-03,train,799_16
799,117,69,Train Station,35.67374424018757,139.66725826263428,2012-12-07 18:44:04,2012-12-03,train,799_16
799,43,69,Train Station,35.69080269423021,139.70027922656513,2012-12-07 18:56:43,2012-12-03,train,799_16
799,106,236,Subway,35.66318884920453,139.73212469669195,2012-12-07 19:14:30,2012-12-03,train,799_16
799,6554,219,Performing Arts Venue,35.663816578277306,139.73087221384048,2012-12-07 19:45:55,2012-12-03,train,799_16
799,2106,189,Ramen /  Noodle House,35.662014,139.730048,2012-12-07 22:21:24,2012-12-03,train,799_16
799,106,236,Subway,35.66318884920453,139.73212469669195,2012-12-07 22:43:37,2012-12-03,train,799_16
799,43,69,Train Station,35.69080269423021,139.70027922656513,2012-12-07 23:09:49,2012-12-03,train,799_16
799,117,69,Train Station,35.67374424018757,139.66725826263428,2012-12-07 23:28:23,2012-12-03,train,799_16
799,2033,256,Convenience Store,35.67377038692052,139.66390281915665,2012-12-08 22:58:02,2012-12-03,train,799_16
800,1538,241,Miscellaneous Shop,35.6611143670042,139.69965934753418,2012-12-03 15:46:45,2012-12-03,train,800_5
800,2115,56,Electronics Store,35.659824246789654,139.69820022583008,2012-12-03 16:04:56,2012-12-03,train,800_5
800,5440,32,Bookstore,35.6607264614284,139.69644606113434,2012-12-03 16:49:50,2012-12-03,train,800_5
800,1654,198,Coffee Shop,35.669126,139.688926,2012-12-03 17:15:41,2012-12-03,train,800_5
800,1248,113,Park,35.67070244512674,139.69663381576538,2012-12-05 16:01:18,2012-12-03,train,800_5
800,4850,113,Park,35.67221899927465,139.69136595726013,2012-12-09 15:27:07,2012-12-03,train,800_5
800,1248,113,Park,35.67070244512674,139.69663381576538,2012-12-09 15:31:51,2012-12-03,train,800_5
800,652,241,Miscellaneous Shop,35.66735764411464,139.7054086625576,2012-12-09 17:30:18,2012-12-03,train,800_5
800,431,32,Bookstore,35.662831589276216,139.70792591571808,2012-12-09 18:19:09,2012-12-03,train,800_5
800,2123,237,Mall,35.660132,139.69929698448018,2012-12-09 18:50:50,2012-12-03,train,800_5
800,1654,198,Coffee Shop,35.669126,139.688926,2012-12-09 20:08:43,2012-12-03,train,800_5
802,6304,134,Movie Theater,35.65929250198666,139.69527125358582,2012-12-03 20:39:08,2012-12-03,train,802_19
802,1530,133,Movie Theater,35.66050670271506,139.70700581235536,2012-12-06 15:53:53,2012-12-03,train,802_19
802,53,210,Music Venue,35.649070981401835,139.71064031124115,2012-12-08 16:54:49,2012-12-03,train,802_19
803,3176,172,University,35.70986213834684,139.76232647895813,2012-12-03 08:53:28,2012-12-03,train,803_7
803,2495,151,Medical Center,35.71206615108838,139.76523399353027,2012-12-03 15:23:12,2012-12-03,train,803_7
803,5355,69,Train Station,35.71393666,139.775845,2012-12-03 17:23:51,2012-12-03,train,803_7
803,7770,5,Home (private),35.775772804536714,139.726884066015,2012-12-03 17:56:49,2012-12-03,train,803_7
803,4568,26,Japanese Restaurant,35.776371,139.722189,2012-12-03 19:54:36,2012-12-03,train,803_7
803,7770,5,Home (private),35.775772804536714,139.726884066015,2012-12-03 21:12:57,2012-12-03,train,803_7
803,4568,26,Japanese Restaurant,35.776371,139.722189,2012-12-04 19:47:13,2012-12-03,train,803_7
803,3649,39,Food & Drink Shop,35.7782909239493,139.72351491451263,2012-12-04 21:13:50,2012-12-03,train,803_7
803,7770,5,Home (private),35.775772804536714,139.726884066015,2012-12-04 21:28:23,2012-12-03,train,803_7
803,7675,281,Train Station,35.77820989091063,139.7211899889558,2012-12-05 07:51:14,2012-12-03,train,803_7
803,6766,169,College Academic Building,35.71059935121059,139.7652504088746,2012-12-05 08:37:46,2012-12-03,train,803_7
803,3176,172,University,35.70986213834684,139.76232647895813,2012-12-05 08:45:06,2012-12-03,train,803_7
803,7672,165,College Academic Building,35.711115246247125,139.76410731871232,2012-12-05 13:42:21,2012-12-03,train,803_7
803,1758,162,College Academic Building,35.713329292971295,139.76179003715515,2012-12-05 17:10:34,2012-12-03,train,803_7
803,2842,167,General College & University,35.71294164121228,139.75964695215225,2012-12-05 17:29:07,2012-12-03,train,803_7
803,1020,236,Subway,35.7779362291257,139.732583463192,2012-12-05 18:14:21,2012-12-03,train,803_7
803,3974,14,Dumpling Restaurant,35.776028901301544,139.7222039848566,2012-12-07 21:56:21,2012-12-03,train,803_7
803,4568,26,Japanese Restaurant,35.776371,139.722189,2012-12-08 05:57:21,2012-12-03,train,803_7
803,3649,39,Food & Drink Shop,35.7782909239493,139.72351491451263,2012-12-08 06:14:37,2012-12-03,train,803_7
803,7675,281,Train Station,35.77820989091063,139.7211899889558,2012-12-09 05:45:04,2012-12-03,train,803_7
803,4210,281,Train Station,35.6813177190391,139.76661264896393,2012-12-09 06:21:12,2012-12-03,train,803_7
803,4507,281,Train Station,35.68122185670974,139.7683346271515,2012-12-09 06:26:16,2012-12-03,train,803_7
803,5898,281,Train Station,35.62893327926646,139.73983807165675,2012-12-09 16:07:42,2012-12-03,train,803_7
803,7770,5,Home (private),35.775772804536714,139.726884066015,2012-12-09 19:18:33,2012-12-03,train,803_7
806,3558,241,Miscellaneous Shop,35.69440620279024,139.83115196228027,2012-12-06 21:35:43,2012-12-03,train,806_2
806,3558,241,Miscellaneous Shop,35.69440620279024,139.83115196228027,2012-12-08 21:09:06,2012-12-03,train,806_2
806,5414,69,Train Station,35.69718570414092,139.82857167720795,2012-12-09 10:06:10,2012-12-03,train,806_2
806,620,69,Train Station,35.697584868303494,139.8260772228241,2012-12-09 10:06:24,2012-12-03,train,806_2
806,142,69,Train Station,35.698596195264464,139.77301824864617,2012-12-09 22:08:04,2012-12-03,train,806_2
809,112,69,Train Station,35.62645040122807,139.72343981266022,2012-12-03 07:49:34,2012-12-03,train,809_10
809,726,69,Train Station,35.706356,139.6843,2012-12-04 08:05:34,2012-12-03,train,809_10
809,112,69,Train Station,35.62645040122807,139.72343981266022,2012-12-04 16:03:29,2012-12-03,train,809_10
809,112,69,Train Station,35.62645040122807,139.72343981266022,2012-12-05 15:56:01,2012-12-03,train,809_10
809,726,69,Train Station,35.706356,139.6843,2012-12-06 08:06:16,2012-12-03,train,809_10
809,112,69,Train Station,35.62645040122807,139.72343981266022,2012-12-06 15:56:23,2012-12-03,train,809_10
809,718,189,Ramen /  Noodle House,35.624370477536594,139.72333788871765,2012-12-07 14:20:24,2012-12-03,train,809_10
809,726,69,Train Station,35.706356,139.6843,2012-12-08 07:50:00,2012-12-03,train,809_10
809,112,69,Train Station,35.62645040122807,139.72343981266022,2012-12-08 12:29:26,2012-12-03,train,809_10
811,7254,129,Medical Center,35.66949535936955,139.49431875834514,2012-12-05 11:54:29,2012-12-03,train,811_16
811,504,69,Train Station,35.66903442018625,139.49523746967316,2012-12-06 17:50:47,2012-12-03,train,811_16
815,7310,201,Art Gallery,35.72959007178227,139.7178032329471,2012-12-04 13:02:10,2012-12-03,train,815_13
815,2764,200,Arcade,35.66126691362452,139.69824850559235,2012-12-04 20:46:15,2012-12-03,train,815_13
815,6638,67,Gift Shop,35.68130028953327,139.7692358493805,2012-12-04 21:06:05,2012-12-03,train,815_13
815,140,69,Train Station,35.7134004657276,139.776113359032,2012-12-04 21:10:34,2012-12-03,train,815_13
815,7310,201,Art Gallery,35.72959007178227,139.7178032329471,2012-12-05 13:07:58,2012-12-03,train,815_13
815,7310,201,Art Gallery,35.72975462667658,139.71669098272042,2012-12-06 12:58:25,2012-12-03,train,815_13
815,7310,201,Art Gallery,35.72975462667658,139.71669098272042,2012-12-07 10:00:58,2012-12-03,train,815_13
815,140,69,Train Station,35.71340465841867,139.77645785088006,2012-12-07 18:57:47,2012-12-03,train,815_13
817,536,69,Train Station,35.67096773523412,139.65878918766975,2012-12-03 10:47:14,2012-12-03,train,817_17
817,2221,69,Train Station,35.688927513277505,139.69956278800964,2012-12-03 11:01:19,2012-12-03,train,817_17
817,536,69,Train Station,35.67096773523412,139.65878918766975,2012-12-05 20:58:43,2012-12-03,train,817_17
817,1434,69,Train Station,35.68971829766635,139.69925165176392,2012-12-06 22:14:55,2012-12-03,train,817_17
817,536,69,Train Station,35.67096773523412,139.65878918766975,2012-12-06 22:31:40,2012-12-03,train,817_17
817,536,69,Train Station,35.67096773523412,139.65878918766975,2012-12-07 10:49:30,2012-12-03,train,817_17
817,43,69,Train Station,35.69080269423021,139.70027922656513,2012-12-07 11:04:22,2012-12-03,train,817_17
817,1434,69,Train Station,35.68971829766635,139.69925165176392,2012-12-07 21:47:56,2012-12-03,train,817_17
817,536,69,Train Station,35.67096773523412,139.65878918766975,2012-12-07 21:59:18,2012-12-03,train,817_17
817,1434,69,Train Station,35.68971829766635,139.69925165176392,2012-12-09 08:23:06,2012-12-03,train,817_17
817,4422,95,Chinese Restaurant,35.68815305981086,139.69372630119324,2012-12-09 13:38:24,2012-12-03,train,817_17
817,7197,58,Smoke Shop,35.687892728476,139.69480723142624,2012-12-09 19:05:55,2012-12-03,train,817_17
817,536,69,Train Station,35.67096773523412,139.65878918766975,2012-12-09 20:02:00,2012-12-03,train,817_17
817,2750,256,Convenience Store,35.670754,139.658669,2012-12-09 20:05:14,2012-12-03,train,817_17
828,151,236,Subway,35.68691239365025,139.76361393928528,2012-12-03 18:35:32,2012-12-03,train,828_14
828,151,236,Subway,35.68691239365025,139.76361393928528,2012-12-05 18:35:38,2012-12-03,train,828_14
828,151,236,Subway,35.68691239365025,139.76361393928528,2012-12-06 07:05:04,2012-12-03,train,828_14
828,151,236,Subway,35.68691239365025,139.76361393928528,2012-12-07 18:35:09,2012-12-03,train,828_14
828,151,236,Subway,35.68691239365025,139.76361393928528,2012-12-08 18:39:33,2012-12-03,train,828_14
835,129,69,Train Station,35.70582855009322,139.66579914093018,2012-12-03 12:46:56,2012-12-03,train,835_8
835,129,69,Train Station,35.70582855009322,139.66579914093018,2012-12-04 09:24:27,2012-12-03,train,835_8
835,129,69,Train Station,35.70582855009322,139.66579914093018,2012-12-05 10:09:13,2012-12-03,train,835_8
835,201,236,Subway,35.6689505277435,139.69131231307983,2012-12-05 11:09:57,2012-12-03,train,835_8
835,129,69,Train Station,35.70582855009322,139.66579914093018,2012-12-07 09:54:09,2012-12-03,train,835_8
835,201,236,Subway,35.6689505277435,139.69131231307983,2012-12-07 11:34:32,2012-12-03,train,835_8
835,131,69,Train Station,35.66158508135192,139.66747283935547,2012-12-07 21:59:02,2012-12-03,train,835_8
835,73,69,Train Station,35.70537552095303,139.64986145496368,2012-12-09 13:23:31,2012-12-03,train,835_8
835,129,69,Train Station,35.70582855009322,139.66579914093018,2012-12-09 18:07:28,2012-12-03,train,835_8
835,726,69,Train Station,35.706356,139.6843,2012-12-09 18:11:58,2012-12-03,train,835_8
848,6422,26,Japanese Restaurant,35.65820344034991,139.74524701325754,2012-12-03 08:20:15,2012-12-03,train,848_7
848,2807,44,Bar,35.695046629402,139.79271590709686,2012-12-04 00:07:11,2012-12-03,train,848_7
848,7251,256,Convenience Store,35.65910944,139.743948,2012-12-04 08:17:22,2012-12-03,train,848_7
848,6422,26,Japanese Restaurant,35.65820344034991,139.74524701325754,2012-12-05 08:17:22,2012-12-03,train,848_7
848,7251,256,Convenience Store,35.65910944,139.743948,2012-12-05 08:22:36,2012-12-03,train,848_7
848,7251,256,Convenience Store,35.65910944,139.743948,2012-12-06 08:20:56,2012-12-03,train,848_7
848,6422,26,Japanese Restaurant,35.65820344034991,139.74524701325754,2012-12-06 08:20:56,2012-12-03,train,848_7
848,6422,26,Japanese Restaurant,35.65820344034991,139.74524701325754,2012-12-08 13:58:14,2012-12-03,train,848_7
855,3367,236,Subway,35.674236929560095,139.75907399825647,2012-12-03 09:02:25,2012-12-03,train,855_6
855,1142,81,Building,35.67438047492463,139.7614359855652,2012-12-03 09:04:50,2012-12-03,train,855_6
855,3367,236,Subway,35.674236929560095,139.75907399825647,2012-12-05 12:14:34,2012-12-03,train,855_6
855,1975,256,Convenience Store,35.67439415208858,139.7614019266096,2012-12-05 14:51:08,2012-12-03,train,855_6
855,3367,236,Subway,35.674236929560095,139.75907399825647,2012-12-06 18:09:24,2012-12-03,train,855_6
860,6176,195,Soup Place,35.69548664742672,139.77280721068382,2012-12-06 17:16:32,2012-12-03,train,860_19
860,7738,121,Café,35.700418,139.76992,2012-12-09 15:54:10,2012-12-03,train,860_19
864,2832,69,Train Station,35.67160235788891,139.70288336277008,2012-12-06 08:27:38,2012-12-03,train,864_8
864,4639,229,Road,35.66742519522852,139.70757722854614,2012-12-06 08:30:19,2012-12-03,train,864_8
864,2216,229,Road,35.671212324305515,139.7047233581543,2012-12-06 08:37:10,2012-12-03,train,864_8
864,485,69,Train Station,35.73787382649612,139.65452313423157,2012-12-07 13:00:14,2012-12-03,train,864_8
864,2216,229,Road,35.671212324305515,139.7047233581543,2012-12-09 09:43:32,2012-12-03,train,864_8
874,564,236,Subway,35.66360737808987,139.872704744339,2012-12-08 12:21:59,2012-12-03,train,874_4
874,3477,236,Subway,35.68243319949497,139.77392435073853,2012-12-08 15:51:19,2012-12-03,train,874_4
876,178,236,Subway,35.65686825257085,139.754547162523,2012-12-03 07:28:18,2012-12-03,train,876_17
876,4947,59,Office,35.68377741987099,139.78212922811508,2012-12-03 10:32:53,2012-12-03,train,876_17
876,221,56,Electronics Store,35.67226693586124,139.76577579975128,2012-12-03 17:13:58,2012-12-03,train,876_17
876,1930,69,Train Station,35.666692051408944,139.7581327376774,2012-12-03 18:41:08,2012-12-03,train,876_17
876,75,236,Subway,35.67278116288847,139.7240298986435,2012-12-04 16:47:20,2012-12-03,train,876_17
876,5440,32,Bookstore,35.6607264614284,139.69644606113434,2012-12-04 18:48:09,2012-12-03,train,876_17
876,85,236,Subway,35.69793937668257,139.70742970705032,2012-12-04 19:25:49,2012-12-03,train,876_17
876,331,69,Train Station,35.64687830575068,139.7099483013153,2012-12-05 15:31:46,2012-12-03,train,876_17
876,813,69,Train Station,35.68120442718294,139.68636095523834,2012-12-06 14:08:57,2012-12-03,train,876_17
876,1615,69,Train Station,35.645731813210055,139.7475689649582,2012-12-08 12:51:17,2012-12-03,train,876_17
876,1200,69,Train Station,35.71202259411466,139.79840755462646,2012-12-08 15:41:18,2012-12-03,train,876_17
876,3743,69,Train Station,35.73037539414103,139.71240520477295,2012-12-09 07:55:11,2012-12-03,train,876_17
888,615,69,Train Station,35.822215145141776,139.5751941204071,2012-12-04 08:34:01,2012-12-03,train,888_17
888,3262,16,Bank,35.73018902961168,139.71267109557232,2012-12-04 12:54:06,2012-12-03,train,888_17
888,615,69,Train Station,35.822215145141776,139.5751941204071,2012-12-05 08:29:59,2012-12-03,train,888_17
888,37,237,Mall,35.7293476794105,139.71816658973694,2012-12-05 11:16:33,2012-12-03,train,888_17
888,615,69,Train Station,35.822215145141776,139.5751941204071,2012-12-05 23:22:02,2012-12-03,train,888_17
888,189,69,Train Station,35.729864636451765,139.7109555727517,2012-12-06 22:44:09,2012-12-03,train,888_17
888,3615,237,Mall,35.66903115165117,139.70548510551453,2012-12-09 18:40:18,2012-12-03,train,888_17
892,5041,263,Airport,35.54951051921849,139.7826091139324,2012-12-06 07:03:21,2012-12-03,train,892_12
892,643,56,Electronics Store,35.67543940231658,139.7628951072693,2012-12-07 22:20:29,2012-12-03,train,892_12
892,6242,126,Office,35.66832540063447,139.82195829098336,2012-12-08 09:54:30,2012-12-03,train,892_12
892,2740,228,Furniture / Home Store,35.569128065242275,139.69536244869232,2012-12-09 14:48:09,2012-12-03,train,892_12
895,442,69,Train Station,35.762201854859505,139.82492923736572,2012-12-05 13:25:55,2012-12-03,train,895_3
895,2314,137,Park,35.707098324779736,139.752936065197,2012-12-06 17:09:55,2012-12-03,train,895_3
895,3255,137,Park,35.7047830943467,139.7534966468811,2012-12-06 17:24:00,2012-12-03,train,895_3
895,3848,197,Bridge,35.70020035156797,139.76360321044922,2012-12-07 16:06:14,2012-12-03,train,895_3
895,3536,69,Train Station,35.69971897404021,139.76447492837906,2012-12-07 16:11:35,2012-12-03,train,895_3
895,303,69,Train Station,35.7021955324165,139.54482078552246,2012-12-07 16:51:03,2012-12-03,train,895_3
895,303,69,Train Station,35.7021955324165,139.54482078552246,2012-12-07 20:34:16,2012-12-03,train,895_3
895,6118,197,Bridge,35.702073557727616,139.7553151845932,2012-12-08 11:42:45,2012-12-03,train,895_3
895,2314,137,Park,35.707098324779736,139.752936065197,2012-12-08 21:41:17,2012-12-03,train,895_3
895,3255,137,Park,35.7047830943467,139.7534966468811,2012-12-08 21:56:15,2012-12-03,train,895_3
895,3848,197,Bridge,35.70020035156797,139.76360321044922,2012-12-09 10:40:25,2012-12-03,train,895_3
895,3536,69,Train Station,35.69971897404021,139.76447492837906,2012-12-09 10:48:12,2012-12-03,train,895_3
895,3742,281,Train Station,35.68137000753384,139.76645708084106,2012-12-09 11:01:52,2012-12-03,train,895_3
895,4969,69,Train Station,35.681295932156175,139.76703107357025,2012-12-09 11:05:28,2012-12-03,train,895_3
897,4553,56,Electronics Store,35.70018728253319,139.7719770669937,2012-12-08 11:38:11,2012-12-03,train,897_8
897,4546,56,Electronics Store,35.70065885551537,139.77126225829124,2012-12-08 11:45:15,2012-12-03,train,897_8
897,4853,29,Hardware Store,35.69933887977613,139.76989030838013,2012-12-08 11:54:44,2012-12-03,train,897_8
897,1874,39,Food & Drink Shop,35.65752721069586,139.54746438857077,2012-12-09 10:27:20,2012-12-03,train,897_8
902,2059,62,Government Building,35.64137891511245,139.69810634851456,2012-12-04 14:33:36,2012-12-03,train,902_11
902,93,237,Mall,35.532942167026505,139.69576478004456,2012-12-04 17:53:08,2012-12-03,train,902_11
902,1269,39,Food & Drink Shop,35.622340646591006,139.68418836593628,2012-12-06 19:05:57,2012-12-03,train,902_11
902,3925,113,Park,35.615655575914,139.77611303329468,2012-12-08 00:44:14,2012-12-03,train,902_11
902,142,69,Train Station,35.698596195264464,139.77301824864617,2012-12-09 13:41:35,2012-12-03,train,902_11
902,44,69,Train Station,35.68137872227962,139.76608157157898,2012-12-09 13:49:21,2012-12-03,train,902_11
902,2178,237,Mall,35.68113470903764,139.7668594121933,2012-12-09 15:06:22,2012-12-03,train,902_11
902,1241,113,Park,35.64299847375349,139.8603343963623,2012-12-09 15:54:10,2012-12-03,train,902_11
902,44,69,Train Station,35.68137872227962,139.76608157157898,2012-12-09 18:13:00,2012-12-03,train,902_11
909,3782,220,Sporting Goods Shop,35.689788008310835,139.70146715641022,2012-12-04 21:22:07,2012-12-03,train,909_7
909,5721,241,Miscellaneous Shop,35.69721184319223,139.81248378753662,2012-12-06 20:08:23,2012-12-03,train,909_7
909,7349,273,Mobile Phone Shop,35.69940749291482,139.77112412452698,2012-12-08 18:15:26,2012-12-03,train,909_7
909,7225,121,Café,35.70062073771047,139.77054208517075,2012-12-08 20:47:48,2012-12-03,train,909_7
909,6749,273,Mobile Phone Shop,35.69943363123786,139.77163910865784,2012-12-09 12:31:32,2012-12-03,train,909_7
909,6749,273,Mobile Phone Shop,35.69943363123786,139.77163910865784,2012-12-09 13:05:20,2012-12-03,train,909_7
909,6749,273,Mobile Phone Shop,35.69943363123786,139.77163910865784,2012-12-09 14:27:13,2012-12-03,train,909_7
909,142,69,Train Station,35.698596195264464,139.77301824864617,2012-12-09 14:54:47,2012-12-03,train,909_7
918,4286,69,Train Station,35.575729760171434,139.65965151786804,2012-12-03 08:49:37,2012-12-03,train,918_4
918,178,236,Subway,35.65686825257085,139.754547162523,2012-12-03 18:30:15,2012-12-03,train,918_4
918,133,236,Subway,35.687564,139.79738,2012-12-03 18:48:41,2012-12-03,train,918_4
918,4059,189,Ramen /  Noodle House,35.684097676490275,139.88193958997726,2012-12-03 19:12:13,2012-12-03,train,918_4
918,943,236,Subway,35.69213199326626,139.78275418281555,2012-12-03 21:28:08,2012-12-03,train,918_4
918,736,69,Train Station,35.60426612084161,139.60000187158585,2012-12-04 07:23:25,2012-12-03,train,918_4
918,4286,69,Train Station,35.575729760171434,139.65965151786804,2012-12-04 07:37:43,2012-12-03,train,918_4
918,333,69,Train Station,35.65561813580688,139.75674211978912,2012-12-04 08:08:15,2012-12-03,train,918_4
918,208,69,Train Station,35.53132692901326,139.69690203666687,2012-12-04 15:11:08,2012-12-03,train,918_4
918,2405,238,Bus Station,35.5323048067217,139.69707369804382,2012-12-04 15:14:30,2012-12-03,train,918_4
918,357,69,Train Station,35.551330668348115,139.675130546093,2012-12-04 19:44:58,2012-12-03,train,918_4
918,4286,69,Train Station,35.575729760171434,139.65965151786804,2012-12-05 07:39:22,2012-12-03,train,918_4
918,174,69,Train Station,35.619699172885795,139.72855277359486,2012-12-05 07:57:30,2012-12-03,train,918_4
918,2405,238,Bus Station,35.5323048067217,139.69707369804382,2012-12-05 13:09:05,2012-12-03,train,918_4
918,357,69,Train Station,35.551330668348115,139.675130546093,2012-12-05 17:45:03,2012-12-03,train,918_4
918,736,69,Train Station,35.60426612084161,139.60000187158585,2012-12-06 07:43:08,2012-12-03,train,918_4
918,4286,69,Train Station,35.575729760171434,139.65965151786804,2012-12-06 07:59:10,2012-12-03,train,918_4
918,109,69,Train Station,35.63014572966312,139.74042892456055,2012-12-06 08:17:40,2012-12-03,train,918_4
918,208,69,Train Station,35.53132692901326,139.69690203666687,2012-12-06 12:09:38,2012-12-03,train,918_4
918,736,69,Train Station,35.60426612084161,139.60000187158585,2012-12-07 09:38:25,2012-12-03,train,918_4
918,4286,69,Train Station,35.575729760171434,139.65965151786804,2012-12-07 09:49:45,2012-12-03,train,918_4
918,44,69,Train Station,35.68137872227962,139.76608157157898,2012-12-07 12:41:41,2012-12-03,train,918_4
918,143,69,Train Station,35.691670172683054,139.7708773612976,2012-12-07 17:19:13,2012-12-03,train,918_4
918,43,69,Train Station,35.69080269423021,139.70027922656513,2012-12-07 17:33:47,2012-12-03,train,918_4
918,378,69,Train Station,35.62081442397418,139.56971168518066,2012-12-07 21:31:45,2012-12-03,train,918_4
918,7778,76,Government Building,35.620470120642864,139.57031097859092,2012-12-07 22:31:22,2012-12-03,train,918_4
918,938,69,Train Station,35.610559633051565,139.5925386250019,2012-12-07 22:40:28,2012-12-03,train,918_4
918,43,69,Train Station,35.69080269423021,139.70027922656513,2012-12-08 16:31:34,2012-12-03,train,918_4
918,2698,56,Electronics Store,35.69163313978463,139.70186412334442,2012-12-08 21:35:16,2012-12-03,train,918_4
918,7233,235,Laundry Service,35.604431084969775,139.59927939335313,2012-12-09 20:16:09,2012-12-03,train,918_4
925,358,236,Subway,35.670545558570325,139.7178554534912,2012-12-08 16:10:11,2012-12-03,train,925_8
925,3757,122,Fast Food Restaurant,35.61518016,139.5423967,2012-12-08 22:26:42,2012-12-03,train,925_8
925,1095,69,Train Station,35.61501015138457,139.54221904277802,2012-12-09 09:44:56,2012-12-03,train,925_8
927,3003,189,Ramen /  Noodle House,35.69617280930353,139.77088809013367,2012-12-03 11:39:18,2012-12-03,train,927_18
927,633,56,Electronics Store,35.69901541704127,139.7746217250824,2012-12-03 13:54:18,2012-12-03,train,927_18
927,3003,189,Ramen /  Noodle House,35.69617280930353,139.77088809013367,2012-12-05 11:35:56,2012-12-03,train,927_18
927,7719,56,Electronics Store,35.691322,139.702979,2012-12-05 17:52:38,2012-12-03,train,927_18
927,3003,189,Ramen /  Noodle House,35.69617280930353,139.77088809013367,2012-12-06 11:36:12,2012-12-03,train,927_18
927,324,69,Train Station,35.77760438130889,139.63292732834816,2012-12-08 17:22:33,2012-12-03,train,927_18
932,2004,197,Bridge,35.69974729044582,139.76551830768585,2012-12-03 07:18:34,2012-12-03,train,932_6
932,280,81,Building,35.68597561800512,139.76699352264404,2012-12-04 07:58:25,2012-12-03,train,932_6
932,3273,237,Mall,35.68355302160991,139.7665348649025,2012-12-04 13:46:49,2012-12-03,train,932_6
932,44,69,Train Station,35.68137872227962,139.76608157157898,2012-12-04 17:57:18,2012-12-03,train,932_6
932,3273,237,Mall,35.68355302160991,139.7665348649025,2012-12-05 13:42:58,2012-12-03,train,932_6
932,633,56,Electronics Store,35.69901541704127,139.7746217250824,2012-12-05 17:59:29,2012-12-03,train,932_6
932,142,69,Train Station,35.698596195264464,139.77301824864617,2012-12-05 18:12:14,2012-12-03,train,932_6
932,2004,197,Bridge,35.69974729044582,139.76551830768585,2012-12-06 07:18:41,2012-12-03,train,932_6
932,3273,237,Mall,35.68355302160991,139.7665348649025,2012-12-06 13:41:27,2012-12-03,train,932_6
932,44,69,Train Station,35.68137872227962,139.76608157157898,2012-12-06 18:01:30,2012-12-03,train,932_6
932,142,69,Train Station,35.698596195264464,139.77301824864617,2012-12-07 07:07:21,2012-12-03,train,932_6
932,3273,237,Mall,35.68355302160991,139.7665348649025,2012-12-07 14:10:38,2012-12-03,train,932_6
932,142,69,Train Station,35.698596195264464,139.77301824864617,2012-12-07 17:42:45,2012-12-03,train,932_6
932,142,69,Train Station,35.698596195264464,139.77301824864617,2012-12-07 18:38:14,2012-12-03,train,932_6
936,763,69,Train Station,35.752433225195475,139.7381329536438,2012-12-09 16:39:11,2012-12-03,train,936_11
936,4832,124,Event Space,35.80094241730704,139.71669673919678,2012-12-09 16:53:56,2012-12-03,train,936_11
936,633,56,Electronics Store,35.69901541704127,139.7746217250824,2012-12-09 21:17:20,2012-12-03,train,936_11
938,633,56,Electronics Store,35.69901541704127,139.7746217250824,2012-12-06 19:53:11,2012-12-03,train,938_6
938,142,69,Train Station,35.698596195264464,139.77301824864617,2012-12-06 20:22:22,2012-12-03,train,938_6
946,2473,98,Donut Shop,35.73070471363347,139.71481566641685,2012-12-04 00:04:27,2012-12-03,train,946_9
946,3098,213,Spa / Massage,35.72918540222114,139.71745409385508,2012-12-07 17:31:24,2012-12-03,train,946_9
948,44,69,Train Station,35.68137872227962,139.76608157157898,2012-12-08 17:28:30,2012-12-03,train,948_13
948,142,69,Train Station,35.698596195264464,139.77301824864617,2012-12-08 17:34:40,2012-12-03,train,948_13
948,6307,56,Electronics Store,35.700426881163665,139.7709846496582,2012-12-08 18:04:39,2012-12-03,train,948_13
948,7829,52,Bar,35.697699770577486,139.77038383483887,2012-12-08 18:25:27,2012-12-03,train,948_13
948,7738,121,Café,35.700418,139.76992,2012-12-08 22:04:49,2012-12-03,train,948_13
953,1624,59,Office,35.65559403143691,139.7967963927741,2012-12-03 08:54:57,2012-12-03,train,953_10
953,1375,228,Furniture / Home Store,35.65683422589268,139.79827880859375,2012-12-03 12:29:54,2012-12-03,train,953_10
953,372,120,Burger Joint,35.654807398795626,139.7973132133484,2012-12-03 20:06:58,2012-12-03,train,953_10
953,615,69,Train Station,35.822215145141776,139.5751941204071,2012-12-04 09:39:26,2012-12-03,train,953_10
953,187,69,Train Station,35.7437954343205,139.67858791351318,2012-12-04 10:04:39,2012-12-03,train,953_10
953,345,236,Subway,35.65486406347791,139.79626715183258,2012-12-04 10:40:15,2012-12-03,train,953_10
953,2474,14,Dumpling Restaurant,35.65504713371508,139.7930109500885,2012-12-04 12:31:40,2012-12-03,train,953_10
953,1375,228,Furniture / Home Store,35.65683422589268,139.79827880859375,2012-12-04 19:03:37,2012-12-03,train,953_10
953,3791,26,Japanese Restaurant,35.6550374530392,139.79665155656974,2012-12-04 19:07:58,2012-12-03,train,953_10
953,3084,56,Electronics Store,35.65682114975369,139.79827880859375,2012-12-04 19:08:43,2012-12-03,train,953_10
953,1695,39,Food & Drink Shop,35.65677320389239,139.79797840118408,2012-12-04 19:13:18,2012-12-03,train,953_10
953,5603,189,Ramen /  Noodle House,35.65427133188843,139.796506720718,2012-12-04 19:20:59,2012-12-03,train,953_10
953,345,236,Subway,35.65486406347791,139.79626715183258,2012-12-04 23:44:34,2012-12-03,train,953_10
953,1548,69,Train Station,35.78827415409564,139.6129149182259,2012-12-05 00:32:58,2012-12-03,train,953_10
953,615,69,Train Station,35.822215145141776,139.5751941204071,2012-12-05 00:48:41,2012-12-03,train,953_10
953,1417,241,Miscellaneous Shop,35.820573,139.571778,2012-12-05 01:12:29,2012-12-03,train,953_10
953,615,69,Train Station,35.822215145141776,139.5751941204071,2012-12-05 08:47:40,2012-12-03,train,953_10
953,1548,69,Train Station,35.78827415409564,139.6129149182259,2012-12-05 08:58:08,2012-12-03,train,953_10
953,187,69,Train Station,35.7437954343205,139.67858791351318,2012-12-05 09:15:59,2012-12-03,train,953_10
953,1375,228,Furniture / Home Store,35.65683422589268,139.79827880859375,2012-12-05 12:31:26,2012-12-03,train,953_10
953,3084,56,Electronics Store,35.65682114975369,139.79827880859375,2012-12-05 12:33:31,2012-12-03,train,953_10
953,615,69,Train Station,35.822215145141776,139.5751941204071,2012-12-06 00:27:05,2012-12-03,train,953_10
953,2677,32,Bookstore,35.65606038717687,139.79755054560445,2012-12-06 12:29:18,2012-12-03,train,953_10
953,345,236,Subway,35.65486406347791,139.79626715183258,2012-12-06 21:52:23,2012-12-03,train,953_10
953,187,69,Train Station,35.7437954343205,139.67858791351318,2012-12-06 22:31:35,2012-12-03,train,953_10
953,4728,189,Ramen /  Noodle House,35.82094736,139.5735591,2012-12-06 23:08:28,2012-12-03,train,953_10
953,615,69,Train Station,35.822215145141776,139.5751941204071,2012-12-07 07:54:29,2012-12-03,train,953_10
953,189,69,Train Station,35.729864636451765,139.7109555727517,2012-12-08 00:42:57,2012-12-03,train,953_10
953,615,69,Train Station,35.822215145141776,139.5751941204071,2012-12-08 01:19:53,2012-12-03,train,953_10
953,1841,237,Mall,35.82681696087999,139.65267777442932,2012-12-08 17:47:40,2012-12-03,train,953_10
954,2343,238,Bus Station,35.691713740776834,139.6986347436905,2012-12-03 08:09:29,2012-12-03,train,954_19
954,6000,238,Bus Station,35.68882076767683,139.69185948371887,2012-12-03 08:20:41,2012-12-03,train,954_19
954,2630,69,Train Station,35.69074652349464,139.7006356716156,2012-12-03 22:26:03,2012-12-03,train,954_19
954,4341,238,Bus Station,35.71160009023425,139.7171312570572,2012-12-04 07:47:37,2012-12-03,train,954_19
954,600,65,Arts & Crafts Store,35.68993614322811,139.70631390810013,2012-12-04 14:38:47,2012-12-03,train,954_19
954,1461,198,Coffee Shop,35.68972102073954,139.70695830881596,2012-12-04 14:41:21,2012-12-03,train,954_19
954,2630,69,Train Station,35.69074652349464,139.7006356716156,2012-12-04 19:51:29,2012-12-03,train,954_19
954,2986,69,Train Station,35.71295470815622,139.70370411872864,2012-12-04 19:56:40,2012-12-03,train,954_19
954,4181,238,Bus Station,35.71327702542838,139.70442295074463,2012-12-04 20:11:13,2012-12-03,train,954_19
954,4339,128,Gym / Fitness Center,35.71431891785044,139.71590793119069,2012-12-04 21:45:57,2012-12-03,train,954_19
954,6211,238,Bus Station,35.70936121786035,139.71635341644287,2012-12-05 20:57:16,2012-12-03,train,954_19
954,4341,238,Bus Station,35.71160009023425,139.7171312570572,2012-12-06 07:46:05,2012-12-03,train,954_19
954,2343,238,Bus Station,35.691713740776834,139.6986347436905,2012-12-06 08:10:42,2012-12-03,train,954_19
954,2630,69,Train Station,35.69074652349464,139.7006356716156,2012-12-06 20:18:58,2012-12-03,train,954_19
954,2986,69,Train Station,35.71295470815622,139.70370411872864,2012-12-06 20:26:14,2012-12-03,train,954_19
954,4181,238,Bus Station,35.71327702542838,139.70442295074463,2012-12-06 20:27:58,2012-12-03,train,954_19
954,2986,69,Train Station,35.71295470815622,139.70370411872864,2012-12-06 20:28:22,2012-12-03,train,954_19
954,4341,238,Bus Station,35.71160009023425,139.7171312570572,2012-12-06 20:38:25,2012-12-03,train,954_19
954,2343,238,Bus Station,35.691713740776834,139.6986347436905,2012-12-07 08:08:19,2012-12-03,train,954_19
954,97,81,Building,35.685766841531574,139.69101029976176,2012-12-07 13:14:36,2012-12-03,train,954_19
954,2343,238,Bus Station,35.691713740776834,139.6986347436905,2012-12-07 14:09:13,2012-12-03,train,954_19
954,3410,236,Subway,35.690785735234165,139.70635414123535,2012-12-07 15:44:26,2012-12-03,train,954_19
954,813,69,Train Station,35.68120442718294,139.68636095523834,2012-12-07 15:54:09,2012-12-03,train,954_19
954,3846,69,Train Station,35.68931963874774,139.70046132802963,2012-12-07 20:35:59,2012-12-03,train,954_19
954,2986,69,Train Station,35.71295470815622,139.70370411872864,2012-12-07 20:45:17,2012-12-03,train,954_19
954,4181,238,Bus Station,35.71327702542838,139.70442295074463,2012-12-08 08:57:49,2012-12-03,train,954_19
954,2986,69,Train Station,35.71295470815622,139.70370411872864,2012-12-08 08:58:18,2012-12-03,train,954_19
954,2090,69,Train Station,35.69034569127357,139.6997880935669,2012-12-08 14:35:38,2012-12-03,train,954_19
954,2986,69,Train Station,35.71295470815622,139.70370411872864,2012-12-08 14:45:40,2012-12-03,train,954_19
960,3460,281,Train Station,35.65573582275349,139.70353245735168,2012-12-07 18:23:36,2012-12-03,train,960_15
960,1831,69,Train Station,35.65819631197759,139.70203042030334,2012-12-07 18:33:13,2012-12-03,train,960_15
960,383,69,Train Station,35.61783384524961,139.676393866539,2012-12-07 18:44:00,2012-12-03,train,960_15
960,383,69,Train Station,35.61783384524961,139.676393866539,2012-12-09 18:26:07,2012-12-03,train,960_15
960,903,39,Food & Drink Shop,35.61957826442435,139.6763997276213,2012-12-09 18:29:28,2012-12-03,train,960_15
960,903,39,Food & Drink Shop,35.61957826442435,139.6763997276213,2012-12-09 18:34:20,2012-12-03,train,960_15
968,5746,59,Office,35.655212,139.762435,2012-12-04 05:40:42,2012-12-03,train,968_12
968,5125,69,Train Station,35.65633045106149,139.7572841770941,2012-12-04 06:14:43,2012-12-03,train,968_12
968,5125,69,Train Station,35.65633045106149,139.7572841770941,2012-12-04 19:22:04,2012-12-03,train,968_12
968,5746,59,Office,35.655212,139.762435,2012-12-05 08:21:24,2012-12-03,train,968_12
968,333,69,Train Station,35.65561813580688,139.75674211978912,2012-12-06 17:57:55,2012-12-03,train,968_12
968,5746,59,Office,35.655212,139.762435,2012-12-07 08:20:07,2012-12-03,train,968_12
968,5183,5,Home (private),35.65041658244714,139.7575412161298,2012-12-08 06:18:16,2012-12-03,train,968_12
968,5741,229,Road,35.655217,139.762425,2012-12-08 06:19:30,2012-12-03,train,968_12
968,5183,5,Home (private),35.65041658244714,139.7575412161298,2012-12-08 06:38:42,2012-12-03,train,968_12
968,5746,59,Office,35.655212,139.762435,2012-12-08 16:11:01,2012-12-03,train,968_12
968,333,69,Train Station,35.65561813580688,139.75674211978912,2012-12-08 21:52:18,2012-12-03,train,968_12
968,5183,5,Home (private),35.65041658244714,139.7575412161298,2012-12-09 00:55:45,2012-12-03,train,968_12
985,6681,139,Food & Drink Shop,35.65704739694294,139.69574667472173,2012-12-03 20:57:30,2012-12-03,train,985_17
985,5769,35,Bar,35.66269212082495,139.73302334547043,2012-12-04 20:35:08,2012-12-03,train,985_17
985,436,35,Bar,35.657784419595906,139.70377922058103,2012-12-09 15:48:42,2012-12-03,train,985_17
985,5769,35,Bar,35.66269212082495,139.73302334547043,2012-12-09 21:41:27,2012-12-03,train,985_17
997,2029,56,Electronics Store,35.69805700123433,139.77229356765747,2012-12-08 10:59:12,2012-12-03,train,997_9
997,6792,56,Electronics Store,35.700566,139.770775,2012-12-08 11:08:51,2012-12-03,train,997_9
997,1680,225,Department Store,35.707337902641136,139.7765502333641,2012-12-08 13:21:49,2012-12-03,train,997_9
997,7802,38,Candy Store,35.70847457701688,139.77454070422522,2012-12-08 13:43:44,2012-12-03,train,997_9
997,267,56,Electronics Store,35.71114927176825,139.77445542812347,2012-12-08 14:21:59,2012-12-03,train,997_9
1013,87,69,Train Station,35.65852172695124,139.7013260344949,2012-12-04 22:25:02,2012-12-03,train,1013_9
1013,656,81,Building,35.65637220101617,139.69942331314087,2012-12-05 14:47:06,2012-12-03,train,1013_9
1013,87,69,Train Station,35.65852172695124,139.7013260344949,2012-12-06 22:30:59,2012-12-03,train,1013_9
1013,75,236,Subway,35.67278116288847,139.7240298986435,2012-12-08 17:16:36,2012-12-03,train,1013_9
1013,545,236,Subway,35.62752522528485,139.77879524230957,2012-12-09 11:43:46,2012-12-03,train,1013_9
1013,545,236,Subway,35.62752522528485,139.77879524230957,2012-12-09 16:21:04,2012-12-03,train,1013_9
1013,87,69,Train Station,35.65852172695124,139.7013260344949,2012-12-09 16:43:15,2012-12-03,train,1013_9
1013,413,63,Video Store,35.659817708965214,139.70037549734116,2012-12-09 17:12:43,2012-12-03,train,1013_9
1013,1342,20,Record Shop,35.66188145562874,139.70105677843094,2012-12-09 17:37:35,2012-12-03,train,1013_9
1014,142,69,Train Station,35.698596195264464,139.77301824864617,2012-12-03 14:11:42,2012-12-03,train,1014_11
1014,884,92,Asian Restaurant,35.7006546457463,139.76925389373358,2012-12-03 14:51:46,2012-12-03,train,1014_11
1014,1848,69,Train Station,35.7277712437567,139.77096319198608,2012-12-03 16:30:20,2012-12-03,train,1014_11
1014,1848,69,Train Station,35.7277712437567,139.77096319198608,2012-12-03 17:28:37,2012-12-03,train,1014_11
1017,3087,199,Harbor / Marina,35.65374819772036,139.86525356769562,2012-12-03 07:15:57,2012-12-03,train,1017_7
1017,3032,39,Food & Drink Shop,35.63660723861222,139.62090969085693,2012-12-03 12:11:56,2012-12-03,train,1017_7
1017,3087,199,Harbor / Marina,35.65374819772036,139.86525356769562,2012-12-04 10:14:17,2012-12-03,train,1017_7
1017,6489,7,Medical Center,35.664025777916585,139.85803842544556,2012-12-04 11:59:36,2012-12-03,train,1017_7
1017,5536,121,Café,35.664019240436154,139.85747784376144,2012-12-04 13:36:31,2012-12-03,train,1017_7
1017,3032,39,Food & Drink Shop,35.63660723861222,139.62090969085693,2012-12-05 12:31:40,2012-12-03,train,1017_7
1017,2658,29,Hardware Store,35.54656125911815,139.57622408866882,2012-12-05 19:17:02,2012-12-03,train,1017_7
1017,5825,236,Subway,35.70225651969096,139.7449028491974,2012-12-06 23:26:27,2012-12-03,train,1017_7
1017,4572,236,Subway,35.66458473051395,139.85937416553497,2012-12-06 23:50:59,2012-12-03,train,1017_7
1017,3087,199,Harbor / Marina,35.65374819772036,139.86525356769562,2012-12-07 07:14:23,2012-12-03,train,1017_7
1017,3087,199,Harbor / Marina,35.65374819772036,139.86525356769562,2012-12-08 09:21:27,2012-12-03,train,1017_7
1017,6489,7,Medical Center,35.664025777916585,139.85803842544556,2012-12-08 09:34:11,2012-12-03,train,1017_7
1017,3433,88,Temple,35.75817091683515,139.87844467163086,2012-12-08 12:59:17,2012-12-03,train,1017_7
1017,632,237,Mall,35.69589616697144,139.82937097549438,2012-12-08 16:41:58,2012-12-03,train,1017_7
1017,2313,39,Food & Drink Shop,35.65357225108964,139.88157595993115,2012-12-09 18:16:47,2012-12-03,train,1017_7
1019,4839,198,Coffee Shop,35.67946799149171,139.74145084619522,2012-12-03 08:36:32,2012-12-03,train,1019_19
1019,4839,198,Coffee Shop,35.67946799149171,139.74145084619522,2012-12-07 08:33:27,2012-12-03,train,1019_19
1019,5509,198,Coffee Shop,35.62042632272058,139.70448464155197,2012-12-07 20:15:49,2012-12-03,train,1019_19
1026,6190,23,Drugstore / Pharmacy,35.7107463642181,139.77455332875252,2012-12-04 19:02:37,2012-12-03,train,1026_20
1026,4395,122,Fast Food Restaurant,35.813774,139.801536,2012-12-05 15:08:35,2012-12-03,train,1026_20
1026,241,7,Medical Center,35.69732511231562,139.7725510597229,2012-12-09 17:04:40,2012-12-03,train,1026_20
1026,3820,238,Bus Station,35.75385244995318,139.73835825920105,2012-12-09 17:29:12,2012-12-03,train,1026_20
1029,5625,220,Sporting Goods Shop,35.706781427502385,139.77509379386902,2012-12-06 18:14:38,2012-12-03,train,1029_22
1029,1403,46,Bar,35.71033723169536,139.77535448548443,2012-12-07 18:05:21,2012-12-03,train,1029_22
1029,43,69,Train Station,35.69080269423021,139.70027922656513,2012-12-09 14:45:27,2012-12-03,train,1029_22
1029,3865,69,Train Station,35.64351288927903,139.67115819454193,2012-12-09 15:09:12,2012-12-03,train,1029_22
1030,1271,99,Thai Restaurant,35.600088708698486,139.61003876747512,2012-12-03 22:36:35,2012-12-03,train,1030_8
1030,4559,237,Mall,35.6589002289608,139.7032642364502,2012-12-09 19:49:10,2012-12-03,train,1030_8
1030,3329,26,Japanese Restaurant,35.649397,139.682089,2012-12-09 19:56:35,2012-12-03,train,1030_8
1030,400,69,Train Station,35.63346919921755,139.6616443991661,2012-12-09 20:04:42,2012-12-03,train,1030_8
1030,1271,99,Thai Restaurant,35.600088708698486,139.61003876747512,2012-12-09 20:15:19,2012-12-03,train,1030_8
1030,2927,122,Fast Food Restaurant,35.57734846681688,139.58379596471786,2012-12-09 20:24:14,2012-12-03,train,1030_8
1039,1434,69,Train Station,35.68971829766635,139.69925165176392,2012-12-06 08:58:34,2012-12-03,train,1039_16
1039,2913,236,Subway,35.65688048559283,139.75433801683195,2012-12-06 09:27:39,2012-12-03,train,1039_16
1039,2913,236,Subway,35.65688048559283,139.75433801683195,2012-12-06 17:59:58,2012-12-03,train,1039_16
1039,1934,236,Subway,35.68860291906892,139.69895124435425,2012-12-06 18:22:19,2012-12-03,train,1039_16
1039,1434,69,Train Station,35.68971829766635,139.69925165176392,2012-12-06 18:27:57,2012-12-03,train,1039_16
1039,192,69,Train Station,35.60375363356726,139.50759172439575,2012-12-08 10:05:23,2012-12-03,train,1039_16
1039,192,69,Train Station,35.60375363356726,139.50759172439575,2012-12-09 17:10:35,2012-12-03,train,1039_16
1040,2431,200,Arcade,35.7012393329779,139.77203339338303,2012-12-04 13:04:33,2012-12-03,train,1040_8
1040,2751,39,Food & Drink Shop,35.669464776136195,139.85840320587158,2012-12-04 19:28:50,2012-12-03,train,1040_8
1040,5412,200,Arcade,35.664334420192326,139.87218288095096,2012-12-05 16:21:37,2012-12-03,train,1040_8
1040,2751,39,Food & Drink Shop,35.669464776136195,139.85840320587158,2012-12-05 17:56:54,2012-12-03,train,1040_8
1040,6914,200,Arcade,35.664925390249586,139.86049851512772,2012-12-05 19:00:19,2012-12-03,train,1040_8
1040,6914,200,Arcade,35.664925390249586,139.86049851512772,2012-12-06 15:41:53,2012-12-03,train,1040_8
1040,6008,23,Drugstore / Pharmacy,35.66369454490125,139.86185789108276,2012-12-07 13:05:24,2012-12-03,train,1040_8
1040,6914,200,Arcade,35.664925390249586,139.86049851512772,2012-12-07 18:33:19,2012-12-03,train,1040_8
1040,5412,200,Arcade,35.664334420192326,139.87218288095096,2012-12-08 14:07:10,2012-12-03,train,1040_8
1040,6008,23,Drugstore / Pharmacy,35.66369454490125,139.86185789108276,2012-12-08 20:07:06,2012-12-03,train,1040_8
1040,4572,236,Subway,35.66458473051395,139.85937416553497,2012-12-09 11:04:08,2012-12-03,train,1040_8
1040,4203,189,Ramen /  Noodle House,35.680192343713244,139.76831539675888,2012-12-09 12:23:14,2012-12-03,train,1040_8
1040,6914,200,Arcade,35.664925390249586,139.86049851512772,2012-12-09 17:18:59,2012-12-03,train,1040_8
1057,189,69,Train Station,35.729864636451765,139.7109555727517,2012-12-04 19:53:04,2012-12-03,train,1057_19
1057,3893,58,Smoke Shop,35.689590857736896,139.70153018832207,2012-12-04 20:03:54,2012-12-03,train,1057_19
1057,482,225,Department Store,35.691199635753776,139.70116138458252,2012-12-04 20:17:02,2012-12-03,train,1057_19
1057,440,69,Train Station,35.66987442926479,139.6157169342041,2012-12-05 09:35:19,2012-12-03,train,1057_19
1057,3893,58,Smoke Shop,35.689590857736896,139.70153018832207,2012-12-05 10:07:23,2012-12-03,train,1057_19
1057,418,189,Ramen /  Noodle House,35.69562452935405,139.69843909905495,2012-12-05 10:42:45,2012-12-03,train,1057_19
1057,142,69,Train Station,35.698596195264464,139.77301824864617,2012-12-07 14:42:05,2012-12-03,train,1057_19
1057,606,121,Café,35.69938571097244,139.77157473564148,2012-12-07 14:49:20,2012-12-03,train,1057_19
1057,990,52,Bar,35.69927353387485,139.7752010822296,2012-12-07 15:40:20,2012-12-03,train,1057_19
1057,142,69,Train Station,35.698596195264464,139.77301824864617,2012-12-07 16:44:46,2012-12-03,train,1057_19
1057,145,69,Train Station,35.6961052825236,139.79252815246582,2012-12-07 16:54:09,2012-12-03,train,1057_19
1057,142,69,Train Station,35.698596195264464,139.77301824864617,2012-12-08 11:49:55,2012-12-03,train,1057_19
1057,541,69,Train Station,35.84768054178072,139.66914921998978,2012-12-08 12:25:00,2012-12-03,train,1057_19
1057,1970,69,Train Station,35.845676114271136,139.6472043674592,2012-12-09 16:32:40,2012-12-03,train,1057_19
1057,43,69,Train Station,35.69080269423021,139.70027922656513,2012-12-09 17:10:33,2012-12-03,train,1057_19
1057,6439,46,Bar,35.69061534898183,139.70297162346213,2012-12-09 17:47:06,2012-12-03,train,1057_19
1057,541,69,Train Station,35.84768054178072,139.66914921998978,2012-12-09 23:37:56,2012-12-03,train,1057_19
1074,151,236,Subway,35.68691239365025,139.76361393928528,2012-12-03 17:25:53,2012-12-03,train,1074_4
1074,189,69,Train Station,35.729864636451765,139.7109555727517,2012-12-04 08:00:33,2012-12-03,train,1074_4
1074,398,236,Subway,35.68239834096679,139.77385997772217,2012-12-04 08:34:48,2012-12-03,train,1074_4
1074,508,236,Subway,35.6955607096278,139.77587163448334,2012-12-04 17:51:57,2012-12-03,train,1074_4
1074,142,69,Train Station,35.698596195264464,139.77301824864617,2012-12-04 17:59:10,2012-12-03,train,1074_4
1074,189,69,Train Station,35.729864636451765,139.7109555727517,2012-12-06 07:52:10,2012-12-03,train,1074_4
1074,151,236,Subway,35.68691239365025,139.76361393928528,2012-12-06 08:14:57,2012-12-03,train,1074_4
1074,398,236,Subway,35.68239834096679,139.77385997772217,2012-12-06 08:25:03,2012-12-03,train,1074_4
1074,44,69,Train Station,35.68137872227962,139.76608157157898,2012-12-06 17:45:51,2012-12-03,train,1074_4
1074,43,69,Train Station,35.69080269423021,139.70027922656513,2012-12-06 18:02:18,2012-12-03,train,1074_4
1074,43,69,Train Station,35.69080269423021,139.70027922656513,2012-12-06 23:13:26,2012-12-03,train,1074_4
1074,398,236,Subway,35.68239834096679,139.77385997772217,2012-12-07 08:22:25,2012-12-03,train,1074_4
1074,43,69,Train Station,35.69080269423021,139.70027922656513,2012-12-08 16:01:21,2012-12-03,train,1074_4
1074,2434,69,Train Station,35.67067629738875,139.70252394676208,2012-12-08 16:11:13,2012-12-03,train,1074_4
1074,43,69,Train Station,35.69080269423021,139.70027922656513,2012-12-08 18:51:37,2012-12-03,train,1074_4
1077,487,125,Post Office,35.69024112601506,139.69679474830627,2012-12-03 20:36:48,2012-12-03,train,1077_17
1077,43,69,Train Station,35.69080269423021,139.70027922656513,2012-12-05 21:30:15,2012-12-03,train,1077_17
1077,43,69,Train Station,35.69080269423021,139.70027922656513,2012-12-06 22:54:17,2012-12-03,train,1077_17
1077,7722,130,Medical Center,35.80389082150764,139.71901027252366,2012-12-08 14:51:20,2012-12-03,train,1077_17
1079,3362,69,Train Station,35.65561377702775,139.70369338989258,2012-12-04 23:42:35,2012-12-03,train,1079_9
1079,1681,124,Event Space,35.63056866491478,139.71433639526367,2012-12-06 14:27:04,2012-12-03,train,1079_9
1079,46,237,Mall,35.66100976343899,139.7295069694519,2012-12-06 17:34:24,2012-12-03,train,1079_9
1085,507,236,Subway,35.68401924641666,139.7376823425293,2012-12-03 13:34:01,2012-12-03,train,1085_9
1085,2533,236,Subway,35.68892097783667,139.69956278800964,2012-12-03 13:50:09,2012-12-03,train,1085_9
1085,124,56,Electronics Store,35.689809792874755,139.69790518283844,2012-12-03 14:26:53,2012-12-03,train,1085_9
1085,43,69,Train Station,35.69080269423021,139.70027922656513,2012-12-03 15:05:33,2012-12-03,train,1085_9
1085,633,56,Electronics Store,35.69901541704127,139.7746217250824,2012-12-03 15:40:47,2012-12-03,train,1085_9
1085,142,69,Train Station,35.698596195264464,139.77301824864617,2012-12-03 15:44:06,2012-12-03,train,1085_9
1085,2491,16,Bank,35.67103162098307,139.75727419501806,2012-12-05 13:17:28,2012-12-03,train,1085_9
1085,2278,127,Gym / Fitness Center,35.602349183533526,139.5076882839203,2012-12-05 20:01:23,2012-12-03,train,1085_9
1085,1022,81,Building,35.6730992847296,139.7407615184784,2012-12-07 13:29:07,2012-12-03,train,1085_9
1085,2278,127,Gym / Fitness Center,35.602349183533526,139.5076882839203,2012-12-08 19:25:23,2012-12-03,train,1085_9
1085,2936,39,Food & Drink Shop,35.60291923358821,139.50749254626274,2012-12-09 18:11:33,2012-12-03,train,1085_9
1085,2278,127,Gym / Fitness Center,35.602349183533526,139.5076882839203,2012-12-09 18:15:18,2012-12-03,train,1085_9
1091,193,69,Train Station,35.704621918699345,139.6199870109558,2012-12-03 08:55:51,2012-12-03,train,1091_11
1091,5364,151,Medical Center,35.706818,139.646496,2012-12-03 19:53:00,2012-12-03,train,1091_11
1091,137,69,Train Station,35.70477438215786,139.63537216186523,2012-12-03 20:08:26,2012-12-03,train,1091_11
1091,328,69,Train Station,35.72387563259421,139.62472098537563,2012-12-04 08:30:19,2012-12-03,train,1091_11
1091,328,69,Train Station,35.72387563259421,139.62472098537563,2012-12-08 10:18:50,2012-12-03,train,1091_11
1091,1341,269,Shrine,35.70722246976144,139.63701903820038,2012-12-08 10:34:57,2012-12-03,train,1091_11
1091,5364,151,Medical Center,35.706818,139.646496,2012-12-08 11:28:03,2012-12-03,train,1091_11
1092,1252,69,Train Station,35.628118180509254,139.7380268850527,2012-12-03 06:58:07,2012-12-03,train,1092_18
1092,142,69,Train Station,35.698596195264464,139.77301824864617,2012-12-03 18:56:12,2012-12-03,train,1092_18
1092,44,69,Train Station,35.68137872227962,139.76608157157898,2012-12-03 19:33:10,2012-12-03,train,1092_18
1092,3479,139,Food & Drink Shop,35.682189189477825,139.76793766021729,2012-12-03 19:44:22,2012-12-03,train,1092_18
1092,1252,69,Train Station,35.628118180509254,139.7380268850527,2012-12-04 07:27:16,2012-12-03,train,1092_18
1092,141,69,Train Station,35.70735750443432,139.77461636066437,2012-12-04 20:51:20,2012-12-03,train,1092_18
1092,142,69,Train Station,35.698596195264464,139.77301824864617,2012-12-06 20:48:06,2012-12-03,train,1092_18
1092,2965,26,Japanese Restaurant,35.700941,139.770555,2012-12-06 20:55:30,2012-12-03,train,1092_18
1092,1252,69,Train Station,35.628118180509254,139.7380268850527,2012-12-07 06:55:29,2012-12-03,train,1092_18
1094,419,69,Train Station,35.6805882195558,139.47176970135368,2012-12-05 18:57:39,2012-12-03,train,1094_16
1094,1676,69,Train Station,35.815446772620184,139.58718359470367,2012-12-05 19:25:01,2012-12-03,train,1094_16
1094,3998,69,Train Station,35.81478313055768,139.58686629778316,2012-12-05 19:49:35,2012-12-03,train,1094_16
1094,1676,69,Train Station,35.815446772620184,139.58718359470367,2012-12-06 07:35:42,2012-12-03,train,1094_16
1094,419,69,Train Station,35.6805882195558,139.47176970135368,2012-12-06 08:04:13,2012-12-03,train,1094_16
1094,419,69,Train Station,35.6805882195558,139.47176970135368,2012-12-06 19:10:55,2012-12-03,train,1094_16
1094,1676,69,Train Station,35.815446772620184,139.58718359470367,2012-12-06 19:39:11,2012-12-03,train,1094_16
1094,3998,69,Train Station,35.81478313055768,139.58686629778316,2012-12-06 19:51:25,2012-12-03,train,1094_16
1094,615,69,Train Station,35.822215145141776,139.5751941204071,2012-12-06 19:55:12,2012-12-03,train,1094_16
1094,419,69,Train Station,35.6805882195558,139.47176970135368,2012-12-07 07:58:47,2012-12-03,train,1094_16
1094,1676,69,Train Station,35.815446772620184,139.58718359470367,2012-12-07 19:12:19,2012-12-03,train,1094_16
1094,615,69,Train Station,35.822215145141776,139.5751941204071,2012-12-07 19:30:04,2012-12-03,train,1094_16
1096,279,69,Train Station,35.699583,139.765222,2012-12-04 18:51:56,2012-12-03,train,1096_22
1096,189,69,Train Station,35.729864636451765,139.7109555727517,2012-12-04 19:04:58,2012-12-03,train,1096_22
1096,615,69,Train Station,35.822215145141776,139.5751941204071,2012-12-06 16:07:01,2012-12-03,train,1096_22
1096,1508,225,Department Store,35.82310572912241,139.57495338637966,2012-12-06 16:07:19,2012-12-03,train,1096_22
1096,142,69,Train Station,35.698596195264464,139.77301824864617,2012-12-07 15:27:29,2012-12-03,train,1096_22
1096,1495,200,Arcade,35.69870393316757,139.77099269628525,2012-12-07 15:39:22,2012-12-03,train,1096_22
1096,189,69,Train Station,35.729864636451765,139.7109555727517,2012-12-07 17:59:48,2012-12-03,train,1096_22
1096,3998,69,Train Station,35.81478313055768,139.58686629778316,2012-12-07 18:27:26,2012-12-03,train,1096_22
1096,3801,39,Food & Drink Shop,35.812535192194446,139.58449745632825,2012-12-07 18:32:48,2012-12-03,train,1096_22
1101,172,236,Subway,35.70734443657273,139.75144743919373,2012-12-04 19:16:41,2012-12-03,train,1101_9
1101,1162,69,Train Station,35.702002,139.754315,2012-12-04 19:39:59,2012-12-03,train,1101_9
1101,43,69,Train Station,35.69080269423021,139.70027922656513,2012-12-04 19:54:58,2012-12-03,train,1101_9
1101,328,69,Train Station,35.72387563259421,139.62472098537563,2012-12-04 21:17:23,2012-12-03,train,1101_9
1101,3477,236,Subway,35.68243319949497,139.77392435073853,2012-12-06 19:38:36,2012-12-03,train,1101_9
1101,481,236,Subway,35.70300578811289,139.77166056632996,2012-12-06 19:47:53,2012-12-03,train,1101_9
1101,4473,287,Concert Hall,35.70074053646446,139.77187514305115,2012-12-06 19:52:29,2012-12-03,train,1101_9
1101,142,69,Train Station,35.698596195264464,139.77301824864617,2012-12-06 21:34:07,2012-12-03,train,1101_9
1101,149,69,Train Station,35.712902440367635,139.7038972377777,2012-12-07 20:52:50,2012-12-03,train,1101_9
1101,149,69,Train Station,35.712902440367635,139.7038972377777,2012-12-09 14:34:33,2012-12-03,train,1101_9
1101,142,69,Train Station,35.698596195264464,139.77301824864617,2012-12-09 14:53:18,2012-12-03,train,1101_9
1101,4889,24,Italian Restaurant,35.701500709817566,139.77119654417038,2012-12-09 19:14:31,2012-12-03,train,1101_9
1102,142,69,Train Station,35.698596195264464,139.77301824864617,2012-12-03 18:05:10,2012-12-03,train,1102_1
1102,2780,153,College Academic Building,35.657592638291206,139.5435869693756,2012-12-03 19:18:53,2012-12-03,train,1102_1
1102,2780,153,College Academic Building,35.657592638291206,139.5435869693756,2012-12-04 11:51:13,2012-12-03,train,1102_1
1102,220,69,Train Station,35.651889113311164,139.5443956553936,2012-12-04 18:23:40,2012-12-03,train,1102_1
1102,735,69,Train Station,35.63364359852691,139.53526139259338,2012-12-04 18:33:43,2012-12-03,train,1102_1
1102,289,69,Train Station,35.55319972801149,139.64681446552277,2012-12-04 19:13:11,2012-12-03,train,1102_1
1102,2780,153,College Academic Building,35.657592638291206,139.5435869693756,2012-12-05 13:43:33,2012-12-03,train,1102_1
1102,220,69,Train Station,35.651889113311164,139.5443956553936,2012-12-06 11:29:03,2012-12-03,train,1102_1
1102,2780,153,College Academic Building,35.657592638291206,139.5435869693756,2012-12-06 11:36:36,2012-12-03,train,1102_1
1102,2780,153,College Academic Building,35.657592638291206,139.5435869693756,2012-12-07 12:10:10,2012-12-03,train,1102_1
1102,4751,173,College Academic Building,35.6555756377002,139.5443259179592,2012-12-09 13:05:03,2012-12-03,train,1102_1
1104,44,69,Train Station,35.68137872227962,139.76608157157898,2012-12-07 19:17:27,2012-12-03,train,1104_16
1104,99,69,Train Station,35.674975820792184,139.76307905553185,2012-12-08 17:26:06,2012-12-03,train,1104_16
1104,142,69,Train Station,35.698596195264464,139.77301824864617,2012-12-08 21:01:18,2012-12-03,train,1104_16
1104,87,69,Train Station,35.65852172695124,139.7013260344949,2012-12-09 13:45:51,2012-12-03,train,1104_16
1105,299,69,Train Station,35.668361407560894,139.6504027448891,2012-12-03 18:47:10,2012-12-03,train,1105_17
1105,261,69,Train Station,35.70320181647976,139.57990407943726,2012-12-04 16:49:05,2012-12-03,train,1105_17
1105,2594,56,Electronics Store,35.70470468461301,139.58154559135437,2012-12-04 16:53:22,2012-12-03,train,1105_17
1105,158,69,Train Station,35.77806243973507,139.72083806991577,2012-12-04 17:38:51,2012-12-03,train,1105_17
1105,541,69,Train Station,35.84768054178072,139.66914921998978,2012-12-04 23:38:29,2012-12-03,train,1105_17
1105,261,69,Train Station,35.70320181647976,139.57990407943726,2012-12-05 17:20:31,2012-12-03,train,1105_17
1105,261,69,Train Station,35.70320181647976,139.57990407943726,2012-12-06 08:31:08,2012-12-03,train,1105_17
1105,299,69,Train Station,35.668361407560894,139.6504027448891,2012-12-06 12:38:07,2012-12-03,train,1105_17
1105,3571,225,Department Store,35.69049818202984,139.70489501953125,2012-12-06 19:45:13,2012-12-03,train,1105_17
1118,189,69,Train Station,35.729864636451765,139.7109555727517,2012-12-03 16:57:07,2012-12-03,train,1118_17
1118,665,200,Arcade,35.68987514653078,139.70226645469666,2012-12-04 13:40:27,2012-12-03,train,1118_17
1118,189,69,Train Station,35.729864636451765,139.7109555727517,2012-12-04 15:04:59,2012-12-03,train,1118_17
1118,848,113,Park,35.699756003183985,139.57340240478516,2012-12-04 15:16:10,2012-12-03,train,1118_17
1118,43,69,Train Station,35.69080269423021,139.70027922656513,2012-12-05 13:44:35,2012-12-03,train,1118_17
1118,1041,32,Bookstore,35.69218209628195,139.70295310020447,2012-12-05 13:52:50,2012-12-03,train,1118_17
1118,1665,233,Hobby Shop,35.729909,139.713527,2012-12-06 15:14:21,2012-12-03,train,1118_17
1118,485,69,Train Station,35.73787382649612,139.65452313423157,2012-12-07 13:13:40,2012-12-03,train,1118_17
1118,261,69,Train Station,35.70320181647976,139.57990407943726,2012-12-08 16:40:30,2012-12-03,train,1118_17
1118,848,113,Park,35.699756003183985,139.57340240478516,2012-12-08 16:40:43,2012-12-03,train,1118_17
1118,5641,32,Bookstore,35.704905064890234,139.57950711250305,2012-12-08 17:11:27,2012-12-03,train,1118_17
1118,407,234,Light Rail,35.63022857282679,139.79136675596237,2012-12-09 19:20:45,2012-12-03,train,1118_17
1118,2549,240,Convention Center,35.62986667837494,139.79426622390747,2012-12-09 19:20:55,2012-12-03,train,1118_17
1118,189,69,Train Station,35.729864636451765,139.7109555727517,2012-12-09 19:26:40,2012-12-03,train,1118_17
1118,1740,234,Light Rail,35.66549724218351,139.75963957607746,2012-12-09 19:29:50,2012-12-03,train,1118_17
1118,387,69,Train Station,35.737489559889184,139.67291101813316,2012-12-09 20:40:23,2012-12-03,train,1118_17
1118,3368,200,Arcade,35.73732083033988,139.6725234389305,2012-12-09 21:24:20,2012-12-03,train,1118_17
1123,43,69,Train Station,35.69080269423021,139.70027922656513,2012-12-05 09:01:13,2012-12-03,train,1123_9
1123,1807,287,Concert Hall,35.68289071626577,139.68716830015182,2012-12-05 18:25:47,2012-12-03,train,1123_9
1128,4376,287,Concert Hall,35.66654484719824,139.6969985961914,2012-12-03 19:05:51,2012-12-03,train,1128_10
1128,142,69,Train Station,35.698596195264464,139.77301824864617,2012-12-04 18:03:34,2012-12-03,train,1128_10
1128,4473,287,Concert Hall,35.70074053646446,139.77187514305115,2012-12-04 18:28:16,2012-12-03,train,1128_10
1128,3853,69,Train Station,35.53153647523985,139.69675183296204,2012-12-06 08:33:06,2012-12-03,train,1128_10
1128,6335,238,Bus Station,35.53076697276234,139.69859865397302,2012-12-06 08:50:09,2012-12-03,train,1128_10
1128,3810,69,Train Station,35.53098641522781,139.69662576913834,2012-12-06 16:43:04,2012-12-03,train,1128_10
1128,142,69,Train Station,35.698596195264464,139.77301824864617,2012-12-06 17:13:17,2012-12-03,train,1128_10
1128,6916,121,Café,35.698993634991766,139.77293729782104,2012-12-06 17:21:44,2012-12-03,train,1128_10
1128,7816,46,Bar,35.69669777361022,139.76901054382324,2012-12-06 19:05:24,2012-12-03,train,1128_10
1128,6335,238,Bus Station,35.53076697276234,139.69859865397302,2012-12-07 09:04:57,2012-12-03,train,1128_10
1128,3853,69,Train Station,35.53153647523985,139.69675183296204,2012-12-07 16:38:08,2012-12-03,train,1128_10
1128,939,69,Train Station,35.59902114917961,139.61120009422302,2012-12-08 16:35:28,2012-12-03,train,1128_10
1128,2297,225,Department Store,35.599275501207934,139.6123722246953,2012-12-08 17:11:43,2012-12-03,train,1128_10
1128,3421,229,Road,35.673264881898525,139.7203016281128,2012-12-09 12:16:55,2012-12-03,train,1128_10
1128,521,69,Train Station,35.68008021466177,139.72023725509644,2012-12-09 15:55:07,2012-12-03,train,1128_10
1128,189,69,Train Station,35.729864636451765,139.7109555727517,2012-12-09 16:15:19,2012-12-03,train,1128_10
1128,189,69,Train Station,35.729864636451765,139.7109555727517,2012-12-09 18:52:41,2012-12-03,train,1128_10
1128,1434,69,Train Station,35.68971829766635,139.69925165176392,2012-12-09 19:03:50,2012-12-03,train,1128_10
1131,5698,69,Train Station,35.59995458300269,139.6105992794037,2012-12-03 08:33:12,2012-12-03,train,1131_10
1131,87,69,Train Station,35.65852172695124,139.7013260344949,2012-12-05 08:10:57,2012-12-03,train,1131_10
1131,2569,69,Train Station,35.65948427920908,139.70020651817322,2012-12-05 08:11:08,2012-12-03,train,1131_10
1131,5698,69,Train Station,35.59995458300269,139.6105992794037,2012-12-05 08:33:03,2012-12-03,train,1131_10
1131,2569,69,Train Station,35.65948427920908,139.70020651817322,2012-12-06 19:47:23,2012-12-03,train,1131_10
1131,87,69,Train Station,35.65852172695124,139.7013260344949,2012-12-06 19:47:41,2012-12-03,train,1131_10
1131,772,69,Train Station,35.82801739067087,139.69051837921145,2012-12-06 20:25:34,2012-12-03,train,1131_10
1131,87,69,Train Station,35.65852172695124,139.7013260344949,2012-12-07 08:08:05,2012-12-03,train,1131_10
1131,2569,69,Train Station,35.65948427920908,139.70020651817322,2012-12-07 08:08:22,2012-12-03,train,1131_10
1131,5698,69,Train Station,35.59995458300269,139.6105992794037,2012-12-07 19:17:27,2012-12-03,train,1131_10
1131,2569,69,Train Station,35.65948427920908,139.70020651817322,2012-12-07 19:42:28,2012-12-03,train,1131_10
1131,87,69,Train Station,35.65852172695124,139.7013260344949,2012-12-07 19:42:46,2012-12-03,train,1131_10
1131,772,69,Train Station,35.82801739067087,139.69051837921145,2012-12-08 16:37:31,2012-12-03,train,1131_10
1135,284,69,Train Station,35.65797184178961,139.5750331878662,2012-12-04 21:19:29,2012-12-03,train,1135_2
1135,203,236,Subway,35.68859747284611,139.71069127321243,2012-12-04 21:50:51,2012-12-03,train,1135_2
1135,3410,236,Subway,35.690785735234165,139.70635414123535,2012-12-05 10:19:25,2012-12-03,train,1135_2
1135,219,69,Train Station,35.654105625167865,139.56666469573975,2012-12-06 18:08:08,2012-12-03,train,1135_2
1135,3318,241,Miscellaneous Shop,35.652737727902334,139.5437693293284,2012-12-06 18:28:51,2012-12-03,train,1135_2
1135,2498,198,Coffee Shop,35.652176805639336,139.54456463456154,2012-12-06 19:22:44,2012-12-03,train,1135_2
1135,220,69,Train Station,35.651889113311164,139.5443956553936,2012-12-06 20:25:53,2012-12-03,train,1135_2
1135,284,69,Train Station,35.65797184178961,139.5750331878662,2012-12-07 21:10:18,2012-12-03,train,1135_2
1135,3410,236,Subway,35.690785735234165,139.70635414123535,2012-12-08 09:43:47,2012-12-03,train,1135_2
1135,284,69,Train Station,35.65797184178961,139.5750331878662,2012-12-08 10:10:51,2012-12-03,train,1135_2
1135,284,69,Train Station,35.65797184178961,139.5750331878662,2012-12-08 21:17:52,2012-12-03,train,1135_2
1135,203,236,Subway,35.68859747284611,139.71069127321243,2012-12-09 10:06:49,2012-12-03,train,1135_2
1135,1434,69,Train Station,35.68971829766635,139.69925165176392,2012-12-09 10:12:08,2012-12-03,train,1135_2
1135,219,69,Train Station,35.654105625167865,139.56666469573975,2012-12-09 17:20:51,2012-12-03,train,1135_2
1135,220,69,Train Station,35.651889113311164,139.5443956553936,2012-12-09 17:31:39,2012-12-03,train,1135_2
1135,303,69,Train Station,35.7021955324165,139.54482078552246,2012-12-09 18:38:21,2012-12-03,train,1135_2
1135,2090,69,Train Station,35.69034569127357,139.6997880935669,2012-12-09 19:07:01,2012-12-03,train,1135_2
1135,284,69,Train Station,35.65797184178961,139.5750331878662,2012-12-09 22:59:36,2012-12-03,train,1135_2
1141,3281,39,Food & Drink Shop,35.860335179057806,139.655499458313,2012-12-04 18:28:58,2012-12-03,train,1141_8
1141,3281,39,Food & Drink Shop,35.860335179057806,139.655499458313,2012-12-05 18:21:48,2012-12-03,train,1141_8
1141,6754,59,Office,35.863827,139.652214,2012-12-06 10:00:54,2012-12-03,train,1141_8
1141,5237,69,Train Station,35.85915697651632,139.656942486763,2012-12-07 13:41:47,2012-12-03,train,1141_8
1141,2183,225,Department Store,35.69236725932771,139.7047045826912,2012-12-09 15:27:56,2012-12-03,train,1141_8
1141,5681,197,Bridge,35.79647833645081,139.64550018310547,2012-12-09 22:31:54,2012-12-03,train,1141_8
1141,6754,59,Office,35.863827,139.652214,2012-12-09 22:42:09,2012-12-03,train,1141_8
1147,333,69,Train Station,35.65561813580688,139.75674211978912,2012-12-06 10:13:59,2012-12-03,train,1147_15
1147,5184,81,Building,35.68576937172338,139.74069628407557,2012-12-06 10:42:36,2012-12-03,train,1147_15
1147,322,236,Subway,35.68569676173495,139.7416439652443,2012-12-06 14:04:59,2012-12-03,train,1147_15
1147,1930,69,Train Station,35.666692051408944,139.7581327376774,2012-12-06 14:24:09,2012-12-03,train,1147_15
1147,1827,211,Airport,35.54912365434053,139.7841370425711,2012-12-06 15:49:02,2012-12-03,train,1147_15
1147,3229,263,Airport,35.54982600547244,139.7833013534546,2012-12-06 16:12:15,2012-12-03,train,1147_15
1149,107,236,Subway,35.673892404894445,139.75096464157104,2012-12-03 08:34:04,2012-12-03,train,1149_10
1149,313,236,Subway,35.674212701188424,139.74505841732025,2012-12-03 23:26:33,2012-12-03,train,1149_10
1149,107,236,Subway,35.673892404894445,139.75096464157104,2012-12-07 08:40:46,2012-12-03,train,1149_10
1149,4600,189,Ramen /  Noodle House,35.73770727490835,139.7112062573433,2012-12-09 17:42:37,2012-12-03,train,1149_10
1157,1434,69,Train Station,35.68971829766635,139.69925165176392,2012-12-06 07:26:12,2012-12-03,train,1157_11
1157,7193,69,Train Station,35.68855063531451,139.69866156578064,2012-12-06 08:25:47,2012-12-03,train,1157_11
1157,323,69,Train Station,35.64592362299403,139.8269248008728,2012-12-06 08:58:34,2012-12-03,train,1157_11
1157,367,69,Train Station,35.69129548609415,139.73547220230105,2012-12-06 20:59:22,2012-12-03,train,1157_11
1157,142,69,Train Station,35.698596195264464,139.77301824864617,2012-12-08 13:47:38,2012-12-03,train,1157_11
1157,6982,233,Hobby Shop,35.69888254644675,139.77041333913803,2012-12-08 13:59:33,2012-12-03,train,1157_11
1157,114,32,Bookstore,35.69949897700794,139.77110266685486,2012-12-08 14:47:09,2012-12-03,train,1157_11
1157,6588,32,Bookstore,35.699507689773235,139.77045357227323,2012-12-08 15:06:30,2012-12-03,train,1157_11
1157,7377,189,Ramen /  Noodle House,35.702364715464775,139.77052687875178,2012-12-08 15:43:12,2012-12-03,train,1157_11
1157,4315,61,Office,35.69982798063144,139.77235902664074,2012-12-08 16:21:19,2012-12-03,train,1157_11
1157,2081,256,Convenience Store,35.69979085412712,139.7742462158203,2012-12-08 16:25:29,2012-12-03,train,1157_11
1157,508,236,Subway,35.6955607096278,139.77587163448334,2012-12-08 16:35:10,2012-12-03,train,1157_11
1157,312,236,Subway,35.69085980180074,139.704852104187,2012-12-08 16:54:10,2012-12-03,train,1157_11
1157,1670,32,Bookstore,35.690057064563035,139.69741197457262,2012-12-08 19:21:47,2012-12-03,train,1157_11
1157,1207,32,Bookstore,35.688905728472655,139.69852477312088,2012-12-08 19:27:49,2012-12-03,train,1157_11
1163,5370,148,Science Museum,35.74627256074248,139.5854429908362,2012-12-03 09:50:10,2012-12-03,train,1163_4
1163,503,69,Train Station,35.74953810235406,139.5865398645401,2012-12-03 17:22:12,2012-12-03,train,1163_4
1163,5171,39,Food & Drink Shop,35.74890246730022,139.58560913801193,2012-12-03 17:28:48,2012-12-03,train,1163_4
1163,6890,115,Scenic Lookout,35.744335323712534,139.58235025405884,2012-12-04 06:49:47,2012-12-03,train,1163_4
1163,5854,69,Train Station,35.728372209094694,139.71112310886383,2012-12-04 17:09:41,2012-12-03,train,1163_4
1163,1564,225,Department Store,35.7294779855176,139.71199699788025,2012-12-04 17:13:46,2012-12-03,train,1163_4
1163,486,69,Train Station,35.743553244845074,139.6070272475481,2012-12-04 17:51:07,2012-12-03,train,1163_4
1163,503,69,Train Station,35.74953810235406,139.5865398645401,2012-12-04 17:56:14,2012-12-03,train,1163_4
1163,5171,39,Food & Drink Shop,35.74890246730022,139.58560913801193,2012-12-04 18:09:59,2012-12-03,train,1163_4
1163,6124,39,Food & Drink Shop,35.7478096855821,139.5821464061737,2012-12-04 18:19:11,2012-12-03,train,1163_4
1163,5630,161,College Academic Building,35.744463800835014,139.5816310868002,2012-12-04 18:22:12,2012-12-03,train,1163_4
1163,6890,115,Scenic Lookout,35.744335323712534,139.58235025405884,2012-12-05 09:08:07,2012-12-03,train,1163_4
1163,503,69,Train Station,35.74953810235406,139.5865398645401,2012-12-05 09:22:40,2012-12-03,train,1163_4
1163,751,69,Train Station,35.74830601061255,139.56767320632937,2012-12-05 09:26:20,2012-12-03,train,1163_4
1163,488,69,Train Station,35.76031917974254,139.53393504023552,2012-12-05 09:33:50,2012-12-03,train,1163_4
1163,761,69,Train Station,35.77209985763748,139.51989769935608,2012-12-05 09:36:37,2012-12-03,train,1163_4
1163,503,69,Train Station,35.74953810235406,139.5865398645401,2012-12-05 17:48:57,2012-12-03,train,1163_4
1163,5171,39,Food & Drink Shop,35.74890246730022,139.58560913801193,2012-12-05 17:59:20,2012-12-03,train,1163_4
1163,6890,115,Scenic Lookout,35.744335323712534,139.58235025405884,2012-12-06 09:11:57,2012-12-03,train,1163_4
1163,6217,118,Bakery,35.749578,139.586345,2012-12-06 17:33:54,2012-12-03,train,1163_4
1163,5171,39,Food & Drink Shop,35.74890246730022,139.58560913801193,2012-12-06 17:44:08,2012-12-03,train,1163_4
1163,6890,115,Scenic Lookout,35.744335323712534,139.58235025405884,2012-12-07 09:21:50,2012-12-03,train,1163_4
1163,759,69,Train Station,35.735961,139.629695,2012-12-07 14:01:00,2012-12-03,train,1163_4
1163,3208,69,Train Station,35.736793956413635,139.63776469230652,2012-12-07 14:02:54,2012-12-03,train,1163_4
1163,485,69,Train Station,35.73787382649612,139.65452313423157,2012-12-07 14:04:45,2012-12-03,train,1163_4
1163,918,236,Subway,35.74075631120272,139.66827750205994,2012-12-07 14:10:35,2012-12-03,train,1163_4
1163,503,69,Train Station,35.74953810235406,139.5865398645401,2012-12-07 16:32:09,2012-12-03,train,1163_4
1163,5171,39,Food & Drink Shop,35.74890246730022,139.58560913801193,2012-12-07 16:39:17,2012-12-03,train,1163_4
1163,6890,115,Scenic Lookout,35.744335323712534,139.58235025405884,2012-12-08 09:34:58,2012-12-03,train,1163_4
1163,503,69,Train Station,35.74953810235406,139.5865398645401,2012-12-08 17:43:14,2012-12-03,train,1163_4
1163,6217,118,Bakery,35.749578,139.586345,2012-12-08 17:46:34,2012-12-03,train,1163_4
1163,5061,237,Mall,35.749174571968645,139.58553403615952,2012-12-08 17:48:32,2012-12-03,train,1163_4
1163,5171,39,Food & Drink Shop,35.74890246730022,139.58560913801193,2012-12-08 17:55:48,2012-12-03,train,1163_4
1163,6124,39,Food & Drink Shop,35.7478096855821,139.5821464061737,2012-12-08 18:05:43,2012-12-03,train,1163_4
1163,6890,115,Scenic Lookout,35.744335323712534,139.58235025405884,2012-12-08 18:40:56,2012-12-03,train,1163_4
1163,5171,39,Food & Drink Shop,35.74890246730022,139.58560913801193,2012-12-09 16:02:10,2012-12-03,train,1163_4
1163,6124,39,Food & Drink Shop,35.7478096855821,139.5821464061737,2012-12-09 16:16:46,2012-12-03,train,1163_4
1165,1171,56,Electronics Store,35.73099375847875,139.71370339393616,2012-12-03 20:36:02,2012-12-03,train,1165_3
1165,690,236,Subway,35.669590069204546,139.8175974190235,2012-12-09 13:23:44,2012-12-03,train,1165_3
1169,134,69,Train Station,35.70230879446056,139.7450315952301,2012-12-04 13:32:17,2012-12-03,train,1169_14
1169,221,56,Electronics Store,35.67226693586124,139.76577579975128,2012-12-04 14:03:01,2012-12-03,train,1169_14
1183,238,236,Subway,35.68632418697207,139.78227138519287,2012-12-03 19:35:20,2012-12-03,train,1183_0
1183,140,69,Train Station,35.7134004657276,139.776113359032,2012-12-05 08:46:46,2012-12-03,train,1183_0
1183,281,69,Train Station,35.74964694346383,139.80514526367188,2012-12-05 09:07:42,2012-12-03,train,1183_0
1183,750,69,Train Station,35.82842622855593,139.80346620082855,2012-12-05 09:20:10,2012-12-03,train,1183_0
1183,238,236,Subway,35.68632418697207,139.78227138519287,2012-12-07 15:15:30,2012-12-03,train,1183_0
1183,281,69,Train Station,35.74964694346383,139.80514526367188,2012-12-07 18:53:24,2012-12-03,train,1183_0
1183,281,69,Train Station,35.74964694346383,139.80514526367188,2012-12-08 17:13:28,2012-12-03,train,1183_0
1183,142,69,Train Station,35.698596195264464,139.77301824864617,2012-12-08 17:31:52,2012-12-03,train,1183_0
1183,2095,221,Toy / Game Store,35.69889343748743,139.77101683616638,2012-12-08 17:41:54,2012-12-03,train,1183_0
1183,7731,189,Ramen /  Noodle House,35.698961,139.770433,2012-12-08 18:15:31,2012-12-03,train,1183_0
1183,1360,233,Hobby Shop,35.698327101400224,139.77162837982178,2012-12-09 13:36:01,2012-12-03,train,1183_0
1183,7731,189,Ramen /  Noodle House,35.698961,139.770433,2012-12-09 13:58:38,2012-12-03,train,1183_0
1183,389,69,Train Station,35.70642532493498,139.84250843524933,2012-12-09 14:58:47,2012-12-03,train,1183_0
1184,748,69,Train Station,35.53275445184632,139.7007429599762,2012-12-05 09:40:46,2012-12-03,train,1184_13
1184,1252,69,Train Station,35.628118180509254,139.7380268850527,2012-12-09 13:33:50,2012-12-03,train,1184_13
1188,142,69,Train Station,35.698596195264464,139.77301824864617,2012-12-06 18:52:42,2012-12-03,train,1188_17
1188,2938,32,Bookstore,35.6989849221703,139.77105975151062,2012-12-06 19:02:19,2012-12-03,train,1188_17
1188,142,69,Train Station,35.698596195264464,139.77301824864617,2012-12-06 23:16:38,2012-12-03,train,1188_17
1196,248,69,Train Station,35.65591998068309,139.6536131948233,2012-12-03 08:55:03,2012-12-03,train,1196_4
1196,212,69,Train Station,35.64004270002671,139.59873855113983,2012-12-03 16:43:56,2012-12-03,train,1196_4
1196,212,69,Train Station,35.64004270002671,139.59873855113983,2012-12-06 16:25:44,2012-12-03,train,1196_4
1196,94,69,Train Station,35.66898975019524,139.67971444129944,2012-12-06 16:45:27,2012-12-03,train,1196_4
1196,1818,69,Train Station,35.68985816279872,139.70011444715897,2012-12-06 16:51:29,2012-12-03,train,1196_4
1196,6225,238,Bus Station,35.68433296624852,139.70251858234406,2012-12-06 17:27:03,2012-12-03,train,1196_4
1196,43,69,Train Station,35.69080269423021,139.70027922656513,2012-12-06 17:54:13,2012-12-03,train,1196_4
1196,416,69,Train Station,35.63216446231243,139.5774096250534,2012-12-06 18:37:04,2012-12-03,train,1196_4
1196,212,69,Train Station,35.64004270002671,139.59873855113983,2012-12-06 18:43:11,2012-12-03,train,1196_4
1196,212,69,Train Station,35.64004270002671,139.59873855113983,2012-12-07 08:32:26,2012-12-03,train,1196_4
1196,248,69,Train Station,35.65591998068309,139.6536131948233,2012-12-07 16:01:40,2012-12-03,train,1196_4
1196,5662,256,Convenience Store,35.63718273229371,139.5875322818756,2012-12-08 03:30:48,2012-12-03,train,1196_4
1196,212,69,Train Station,35.64004270002671,139.59873855113983,2012-12-08 12:46:43,2012-12-03,train,1196_4
1204,5435,35,Bar,35.69375705764299,139.76137161254883,2012-12-03 21:26:58,2012-12-03,train,1204_18
1204,1232,122,Fast Food Restaurant,35.691911975303064,139.77050185203552,2012-12-03 22:14:22,2012-12-03,train,1204_18
1204,5435,35,Bar,35.69375705764299,139.76137161254883,2012-12-07 21:56:25,2012-12-03,train,1204_18
1204,882,26,Japanese Restaurant,35.699534,139.764529,2012-12-08 15:18:49,2012-12-03,train,1204_18
1204,43,69,Train Station,35.69080269423021,139.70027922656513,2012-12-09 07:05:26,2012-12-03,train,1204_18
1204,4588,229,Road,35.59436472206261,139.57339972257614,2012-12-09 08:00:15,2012-12-03,train,1204_18
1204,4917,122,Fast Food Restaurant,35.68982722052159,139.69869911670685,2012-12-09 16:58:46,2012-12-03,train,1204_18
1210,7443,126,Office,35.66170509865423,139.70010447470847,2012-12-03 10:50:07,2012-12-03,train,1210_10
1210,7443,126,Office,35.66170509865423,139.70010447470847,2012-12-04 09:52:55,2012-12-03,train,1210_10
1210,7443,126,Office,35.66170509865423,139.70010447470847,2012-12-05 09:39:56,2012-12-03,train,1210_10
1210,7443,126,Office,35.66170509865423,139.70010447470847,2012-12-05 18:27:47,2012-12-03,train,1210_10
1210,7443,126,Office,35.66170509865423,139.70010447470847,2012-12-06 10:33:13,2012-12-03,train,1210_10
1210,5136,97,Diner,35.66197298275662,139.69973176717758,2012-12-07 21:46:27,2012-12-03,train,1210_10
1210,5136,97,Diner,35.66197298275662,139.69973176717758,2012-12-08 20:59:24,2012-12-03,train,1210_10
1220,2239,69,Train Station,35.71115144964136,139.7735595703125,2012-12-03 08:15:43,2012-12-03,train,1220_8
1220,5099,256,Convenience Store,35.71113624275206,139.77434599747806,2012-12-03 08:18:30,2012-12-03,train,1220_8
1220,395,236,Subway,35.67020563664028,139.74981665611267,2012-12-03 08:43:41,2012-12-03,train,1220_8
1220,395,236,Subway,35.67020563664028,139.74981665611267,2012-12-03 22:24:06,2012-12-03,train,1220_8
1220,2360,236,Subway,35.71245048148083,139.77592863234182,2012-12-03 22:45:17,2012-12-03,train,1220_8
1220,1091,69,Train Station,35.747644243217515,139.82751488685608,2012-12-03 23:07:04,2012-12-03,train,1220_8
1220,1091,69,Train Station,35.747644243217515,139.82751488685608,2012-12-04 07:46:30,2012-12-03,train,1220_8
1220,2360,236,Subway,35.71245048148083,139.77592863234182,2012-12-04 08:12:38,2012-12-03,train,1220_8
1220,395,236,Subway,35.67020563664028,139.74981665611267,2012-12-04 08:32:43,2012-12-03,train,1220_8
1220,395,236,Subway,35.67020563664028,139.74981665611267,2012-12-04 22:47:31,2012-12-03,train,1220_8
1220,2360,236,Subway,35.71245048148083,139.77592863234182,2012-12-04 23:20:43,2012-12-03,train,1220_8
1220,1091,69,Train Station,35.747644243217515,139.82751488685608,2012-12-04 23:40:03,2012-12-03,train,1220_8
1220,1091,69,Train Station,35.747644243217515,139.82751488685608,2012-12-05 07:47:09,2012-12-03,train,1220_8
1220,2239,69,Train Station,35.71115144964136,139.7735595703125,2012-12-05 08:04:47,2012-12-03,train,1220_8
1220,5099,256,Convenience Store,35.71113624275206,139.77434599747806,2012-12-05 08:08:10,2012-12-03,train,1220_8
1220,2360,236,Subway,35.71245048148083,139.77592863234182,2012-12-05 08:10:14,2012-12-03,train,1220_8
1220,2239,69,Train Station,35.71115144964136,139.7735595703125,2012-12-06 08:11:16,2012-12-03,train,1220_8
1220,5099,256,Convenience Store,35.71113624275206,139.77434599747806,2012-12-06 08:15:06,2012-12-03,train,1220_8
1220,2239,69,Train Station,35.71115144964136,139.7735595703125,2012-12-06 22:53:50,2012-12-03,train,1220_8
1220,1091,69,Train Station,35.747644243217515,139.82751488685608,2012-12-07 07:47:31,2012-12-03,train,1220_8
1220,5099,256,Convenience Store,35.71113624275206,139.77434599747806,2012-12-07 08:06:04,2012-12-03,train,1220_8
1220,2360,236,Subway,35.71245048148083,139.77592863234182,2012-12-07 08:10:34,2012-12-03,train,1220_8
1220,395,236,Subway,35.67020563664028,139.74981665611267,2012-12-07 08:34:33,2012-12-03,train,1220_8
1220,1091,69,Train Station,35.747644243217515,139.82751488685608,2012-12-08 08:00:17,2012-12-03,train,1220_8
1220,2239,69,Train Station,35.71115144964136,139.7735595703125,2012-12-08 08:18:08,2012-12-03,train,1220_8
1220,5099,256,Convenience Store,35.71113624275206,139.77434599747806,2012-12-08 08:20:32,2012-12-03,train,1220_8
1220,2360,236,Subway,35.71245048148083,139.77592863234182,2012-12-08 08:33:55,2012-12-03,train,1220_8
1220,395,236,Subway,35.67020563664028,139.74981665611267,2012-12-08 08:51:25,2012-12-03,train,1220_8
1220,2360,236,Subway,35.71245048148083,139.77592863234182,2012-12-08 19:52:10,2012-12-03,train,1220_8
1220,5099,256,Convenience Store,35.71113624275206,139.77434599747806,2012-12-08 19:57:33,2012-12-03,train,1220_8
1220,2239,69,Train Station,35.71115144964136,139.7735595703125,2012-12-08 19:58:13,2012-12-03,train,1220_8
1220,1091,69,Train Station,35.747644243217515,139.82751488685608,2012-12-08 20:21:39,2012-12-03,train,1220_8
1220,1091,69,Train Station,35.747644243217515,139.82751488685608,2012-12-09 12:10:08,2012-12-03,train,1220_8
1220,1472,234,Light Rail,35.742759184745275,139.7808873653412,2012-12-09 12:17:55,2012-12-03,train,1220_8
1220,2303,234,Light Rail,35.75110975353587,139.74745631217957,2012-12-09 12:36:22,2012-12-03,train,1220_8
1220,1076,234,Light Rail,35.75090078231451,139.75264370441437,2012-12-09 21:00:59,2012-12-03,train,1220_8
1220,1472,234,Light Rail,35.742759184745275,139.7808873653412,2012-12-09 21:13:28,2012-12-03,train,1220_8
1229,4443,287,Concert Hall,35.74261688215231,139.85254952430245,2012-12-04 11:00:48,2012-12-03,train,1229_19
1229,7165,241,Miscellaneous Shop,35.74701552883572,139.8550790883404,2012-12-05 12:21:59,2012-12-03,train,1229_19
1229,2248,237,Mall,35.76439571369829,139.85263109207153,2012-12-05 17:26:42,2012-12-03,train,1229_19
1229,4443,287,Concert Hall,35.74261688215231,139.85254952430245,2012-12-05 22:01:03,2012-12-03,train,1229_19
1229,3149,39,Food & Drink Shop,35.76319432230466,139.86124634742737,2012-12-07 20:15:27,2012-12-03,train,1229_19
1229,7165,241,Miscellaneous Shop,35.74701552883572,139.8550790883404,2012-12-08 17:35:03,2012-12-03,train,1229_19
1229,2248,237,Mall,35.76439571369829,139.85263109207153,2012-12-08 17:48:27,2012-12-03,train,1229_19
1230,6393,172,University,35.69931110548406,139.77259366546537,2012-12-06 16:17:23,2012-12-03,train,1230_8
1230,1012,172,University,35.70001738488623,139.76969987154007,2012-12-06 16:17:32,2012-12-03,train,1230_8
1231,4037,189,Ramen /  Noodle House,35.60660649741801,139.68532715058598,2012-12-04 20:31:14,2012-12-03,train,1231_14
1231,2955,200,Arcade,35.59997911820752,139.6123393625021,2012-12-05 15:16:51,2012-12-03,train,1231_14
1231,78,172,University,35.604373,139.683963,2012-12-07 10:37:07,2012-12-03,train,1231_14
1231,4561,111,Other Great Outdoors,35.60176471569719,139.6904754638672,2012-12-07 10:43:10,2012-12-03,train,1231_14
1231,142,69,Train Station,35.698596195264464,139.77301824864617,2012-12-08 11:30:24,2012-12-03,train,1231_14
1231,172,236,Subway,35.70734443657273,139.75144743919373,2012-12-08 18:04:10,2012-12-03,train,1231_14
1231,1195,200,Arcade,35.69903719908481,139.77086260914805,2012-12-08 20:05:14,2012-12-03,train,1231_14
1232,4079,281,Train Station,35.68113470903764,139.76781964302063,2012-12-03 13:16:26,2012-12-03,train,1232_3
1232,2480,231,Hotel,35.66691890661741,139.76313895386946,2012-12-06 14:44:15,2012-12-03,train,1232_3
1232,2480,231,Hotel,35.66691890661741,139.76313895386946,2012-12-06 23:56:57,2012-12-03,train,1232_3
1232,2480,231,Hotel,35.66691890661741,139.76313895386946,2012-12-08 09:14:55,2012-12-03,train,1232_3
1232,333,69,Train Station,35.65561813580688,139.75674211978912,2012-12-09 08:34:40,2012-12-03,train,1232_3
1232,2701,211,Airport,35.544780432352695,139.76855993270874,2012-12-09 09:25:17,2012-12-03,train,1232_3
1239,313,236,Subway,35.674212701188424,139.74505841732025,2012-12-03 23:57:43,2012-12-03,train,1239_8
1239,3179,62,Government Building,35.67265478536679,139.74915146827698,2012-12-05 16:23:07,2012-12-03,train,1239_8
1239,313,236,Subway,35.674212701188424,139.74505841732025,2012-12-06 23:54:05,2012-12-03,train,1239_8
1240,823,62,Government Building,35.692750654385335,139.72841262817383,2012-12-05 18:46:49,2012-12-03,train,1240_9
1240,823,62,Government Building,35.692750654385335,139.72841262817383,2012-12-07 12:10:05,2012-12-03,train,1240_9
1240,43,69,Train Station,35.69080269423021,139.70027922656513,2012-12-08 16:15:05,2012-12-03,train,1240_9
1240,3665,81,Building,35.691360133036895,139.69812497656767,2012-12-08 16:18:46,2012-12-03,train,1240_9
1240,3233,264,Camera Store,35.69164859314717,139.69772609327356,2012-12-08 16:28:32,2012-12-03,train,1240_9
1240,43,69,Train Station,35.69080269423021,139.70027922656513,2012-12-08 16:39:05,2012-12-03,train,1240_9
1240,44,69,Train Station,35.68137872227962,139.76608157157898,2012-12-08 16:55:17,2012-12-03,train,1240_9
1245,4421,69,Train Station,35.666309504991226,139.75861966609955,2012-12-05 08:16:09,2012-12-03,train,1245_19
1245,1842,236,Subway,35.59634728082161,139.71177220344543,2012-12-05 08:42:01,2012-12-03,train,1245_19
1245,3298,256,Convenience Store,35.59601577,139.7112358,2012-12-05 08:43:47,2012-12-03,train,1245_19
1245,574,69,Train Station,35.60160805870854,139.721778576026,2012-12-05 18:35:51,2012-12-03,train,1245_19
1254,3605,212,Airport,35.550227542635206,139.78566169738767,2012-12-04 17:43:23,2012-12-03,train,1254_9
1254,1826,211,Airport,35.55137976854632,139.78840827941897,2012-12-04 17:43:40,2012-12-03,train,1254_9
1254,5425,69,Train Station,35.53278501016141,139.7009038925171,2012-12-04 18:26:33,2012-12-03,train,1254_9
1254,7421,6,Clothing Store,35.670326023776376,139.76324377610575,2012-12-07 19:31:12,2012-12-03,train,1254_9
1254,453,6,Clothing Store,35.67004000792837,139.76286442031815,2012-12-08 13:01:47,2012-12-03,train,1254_9
1254,7421,6,Clothing Store,35.670326023776376,139.76324377610575,2012-12-08 14:49:22,2012-12-03,train,1254_9
1254,4950,237,Mall,35.65772775698564,139.7001475095749,2012-12-09 16:11:26,2012-12-03,train,1254_9
1254,236,236,Subway,35.67204468417157,139.76417183876038,2012-12-09 18:42:11,2012-12-03,train,1254_9
1254,221,56,Electronics Store,35.67226693586124,139.76577579975128,2012-12-09 19:08:24,2012-12-03,train,1254_9
1254,234,69,Train Station,35.6443150221341,139.69909071922302,2012-12-09 22:37:31,2012-12-03,train,1254_9
1258,2576,236,Subway,35.69807224884871,139.77548003196716,2012-12-07 18:39:26,2012-12-03,train,1258_21
1258,142,69,Train Station,35.698596195264464,139.77301824864617,2012-12-07 19:02:54,2012-12-03,train,1258_21
1258,5588,52,Bar,35.69789145551914,139.77459490299225,2012-12-08 04:52:40,2012-12-03,train,1258_21
1258,142,69,Train Station,35.698596195264464,139.77301824864617,2012-12-08 05:53:17,2012-12-03,train,1258_21
1258,3990,197,Bridge,35.696915600108895,139.7754693031311,2012-12-08 05:58:07,2012-12-03,train,1258_21
1258,508,236,Subway,35.6955607096278,139.77587163448334,2012-12-08 05:59:23,2012-12-03,train,1258_21
1258,2160,280,Recycling Facility,35.70054885837171,139.7711992263794,2012-12-09 01:45:02,2012-12-03,train,1258_21
1258,1293,277,Neighborhood,35.69961659925912,139.77139234542847,2012-12-09 01:47:06,2012-12-03,train,1258_21
1258,142,69,Train Station,35.698596195264464,139.77301824864617,2012-12-09 01:48:46,2012-12-03,train,1258_21
1258,3085,44,Bar,35.700104511929894,139.77396726608276,2012-12-09 01:51:47,2012-12-03,train,1258_21
1258,2993,236,Subway,35.6955215002358,139.75816369056702,2012-12-09 05:42:08,2012-12-03,train,1258_21
1264,360,236,Subway,35.66937761562483,139.8065185546875,2012-12-03 07:10:09,2012-12-03,train,1264_8
1264,4605,127,Gym / Fitness Center,35.667320392046754,139.80451817115136,2012-12-03 20:12:00,2012-12-03,train,1264_8
1264,360,236,Subway,35.66937761562483,139.8065185546875,2012-12-04 07:10:28,2012-12-03,train,1264_8
1264,360,236,Subway,35.66937761562483,139.8065185546875,2012-12-05 07:14:31,2012-12-03,train,1264_8
1264,4605,127,Gym / Fitness Center,35.667320392046754,139.80451817115136,2012-12-07 14:39:00,2012-12-03,train,1264_8
1268,2706,147,History Museum,35.67891693154247,139.52586427367038,2012-12-03 07:49:06,2012-12-03,train,1268_22
1268,504,69,Train Station,35.66903442018625,139.49523746967316,2012-12-03 16:05:59,2012-12-03,train,1268_22
1268,2090,69,Train Station,35.69034569127357,139.6997880935669,2012-12-04 05:49:38,2012-12-03,train,1268_22
1268,1434,69,Train Station,35.68971829766635,139.69925165176392,2012-12-04 18:30:07,2012-12-03,train,1268_22
1268,2307,225,Department Store,35.67115429171883,139.48016931301797,2012-12-04 18:56:15,2012-12-03,train,1268_22
1268,841,141,Stadium,35.66413037753068,139.52701091766355,2012-12-05 11:51:32,2012-12-03,train,1268_22
1268,749,69,Train Station,35.66020343969126,139.52329605817795,2012-12-05 11:54:02,2012-12-03,train,1268_22
1268,5519,128,Gym / Fitness Center,35.669711004066606,139.4855761528015,2012-12-06 21:11:43,2012-12-03,train,1268_22
1268,1729,269,Shrine,35.66750364161161,139.47896718978882,2012-12-06 23:15:12,2012-12-03,train,1268_22
1268,5181,229,Road,35.67256544941178,139.48466420173645,2012-12-06 23:24:59,2012-12-03,train,1268_22
1268,898,69,Train Station,35.66629207220754,139.4770547747612,2012-12-07 16:16:54,2012-12-03,train,1268_22
1268,1729,269,Shrine,35.66750364161161,139.47896718978882,2012-12-07 21:00:48,2012-12-03,train,1268_22
1268,5181,229,Road,35.67256544941178,139.48466420173645,2012-12-08 05:20:03,2012-12-03,train,1268_22
1268,504,69,Train Station,35.66903442018625,139.49523746967316,2012-12-08 05:34:29,2012-12-03,train,1268_22
1268,5587,256,Convenience Store,35.62949565,139.755531,2012-12-08 06:54:51,2012-12-03,train,1268_22
1268,1845,9,Gym / Fitness Center,35.64762809425529,139.81903910636902,2012-12-08 14:14:38,2012-12-03,train,1268_22
1268,3633,69,Train Station,35.62850802377022,139.73833131832686,2012-12-08 17:39:59,2012-12-03,train,1268_22
1268,1434,69,Train Station,35.68971829766635,139.69925165176392,2012-12-08 18:09:13,2012-12-03,train,1268_22
1268,5181,229,Road,35.67256544941178,139.48466420173645,2012-12-08 19:12:00,2012-12-03,train,1268_22
1268,5181,229,Road,35.67256544941178,139.48466420173645,2012-12-09 07:00:38,2012-12-03,train,1268_22
1268,2090,69,Train Station,35.69034569127357,139.6997880935669,2012-12-09 08:09:34,2012-12-03,train,1268_22
1268,1845,9,Gym / Fitness Center,35.64762809425529,139.81903910636902,2012-12-09 15:04:34,2012-12-03,train,1268_22
1270,5077,69,Train Station,35.550004406063394,139.78646233677864,2012-12-03 14:01:42,2012-12-03,train,1270_16
1270,6757,241,Miscellaneous Shop,35.67549605235727,139.76484775543213,2012-12-09 16:23:11,2012-12-03,train,1270_16
1296,162,69,Train Station,35.63367738834909,139.71551656723022,2012-12-04 17:34:12,2012-12-03,train,1296_14
1296,122,69,Train Station,35.64356520253678,139.67065930366516,2012-12-08 14:25:43,2012-12-03,train,1296_14
1297,633,56,Electronics Store,35.69901541704127,139.7746217250824,2012-12-04 13:49:56,2012-12-03,train,1297_13
1297,1306,237,Mall,35.7099644999719,139.77458149194717,2012-12-04 14:16:42,2012-12-03,train,1297_13
1297,141,69,Train Station,35.70735750443432,139.77461636066437,2012-12-04 15:18:16,2012-12-03,train,1297_13
1297,4905,69,Train Station,35.56247782390475,139.7160503268242,2012-12-04 15:52:55,2012-12-03,train,1297_13
1297,2434,69,Train Station,35.67067629738875,139.70252394676208,2012-12-09 16:10:10,2012-12-03,train,1297_13
1307,6331,59,Office,35.78982090785953,139.60715532302856,2012-12-03 18:09:38,2012-12-03,train,1307_7
1307,6331,59,Office,35.78982090785953,139.60715532302856,2012-12-04 08:28:23,2012-12-03,train,1307_7
1307,6331,59,Office,35.78982090785953,139.60715532302856,2012-12-05 18:20:37,2012-12-03,train,1307_7
1307,1930,69,Train Station,35.666692051408944,139.7581327376774,2012-12-05 23:40:46,2012-12-03,train,1307_7
1307,1548,69,Train Station,35.78827415409564,139.6129149182259,2012-12-06 08:54:48,2012-12-03,train,1307_7
1307,6331,59,Office,35.78982090785953,139.60715532302856,2012-12-06 22:14:55,2012-12-03,train,1307_7
1307,142,69,Train Station,35.698596195264464,139.77301824864617,2012-12-08 00:51:34,2012-12-03,train,1307_7
1308,6212,281,Train Station,35.714549929416286,139.77808547705263,2012-12-08 16:14:34,2012-12-03,train,1308_20
1308,44,69,Train Station,35.68137872227962,139.76608157157898,2012-12-08 16:39:24,2012-12-03,train,1308_20
1308,43,69,Train Station,35.69080269423021,139.70027922656513,2012-12-08 16:57:12,2012-12-03,train,1308_20
1308,43,69,Train Station,35.69080269423021,139.70027922656513,2012-12-08 17:28:38,2012-12-03,train,1308_20
1308,87,69,Train Station,35.65852172695124,139.7013260344949,2012-12-08 17:41:41,2012-12-03,train,1308_20
1308,43,69,Train Station,35.69080269423021,139.70027922656513,2012-12-09 10:04:53,2012-12-03,train,1308_20
1308,43,69,Train Station,35.69080269423021,139.70027922656513,2012-12-09 12:06:43,2012-12-03,train,1308_20
1308,142,69,Train Station,35.698596195264464,139.77301824864617,2012-12-09 12:17:33,2012-12-03,train,1308_20
1308,1136,95,Chinese Restaurant,35.69901541704127,139.7746217250824,2012-12-09 12:29:58,2012-12-03,train,1308_20
1308,140,69,Train Station,35.71349413258592,139.77619324102182,2012-12-09 13:43:50,2012-12-03,train,1308_20
1308,6212,281,Train Station,35.714549929416286,139.77808547705263,2012-12-09 13:53:03,2012-12-03,train,1308_20
1310,7435,97,Diner,35.729378,139.715281,2012-12-03 13:00:35,2012-12-03,train,1310_4
1310,2796,234,Light Rail,35.65551788382668,139.75673139095306,2012-12-04 21:09:53,2012-12-03,train,1310_4
1310,768,236,Subway,35.63440986098353,139.79161351919174,2012-12-04 21:40:32,2012-12-03,train,1310_4
1310,4816,189,Ramen /  Noodle House,35.69908047825554,139.7726785350557,2012-12-05 09:04:54,2012-12-03,train,1310_4
1310,774,69,Train Station,35.69746615393185,139.78597551584244,2012-12-08 12:39:39,2012-12-03,train,1310_4
1310,3576,32,Bookstore,35.700371337908884,139.77054342627525,2012-12-08 15:06:28,2012-12-03,train,1310_4
1310,4491,56,Electronics Store,35.699881833333336,139.770556,2012-12-08 15:48:35,2012-12-03,train,1310_4
1310,6982,233,Hobby Shop,35.69888254644675,139.77041333913803,2012-12-08 15:48:58,2012-12-03,train,1310_4
1310,6588,32,Bookstore,35.699507689773235,139.77045357227323,2012-12-08 15:49:23,2012-12-03,train,1310_4
1310,5751,3,Thrift / Vintage Store,35.699520758919384,139.77111607789993,2012-12-08 16:11:09,2012-12-03,train,1310_4
1310,5700,181,Sandwich Place,35.70145496893249,139.7724491357803,2012-12-08 16:41:55,2012-12-03,train,1310_4
1310,5856,6,Clothing Store,35.69842820241749,139.7726935120548,2012-12-08 19:59:19,2012-12-03,train,1310_4
1316,4394,78,Government Building,35.69727283427865,139.7717946767807,2012-12-03 15:15:22,2012-12-03,train,1316_8
1316,4394,78,Government Building,35.69727283427865,139.7717946767807,2012-12-05 15:21:33,2012-12-03,train,1316_8
1316,7829,52,Bar,35.697699770577486,139.77038383483887,2012-12-05 15:33:16,2012-12-03,train,1316_8
1316,3695,229,Road,35.69762135387762,139.77111876010895,2012-12-05 16:13:13,2012-12-03,train,1316_8
1316,1486,197,Bridge,35.69710946519229,139.77097392082214,2012-12-05 16:14:23,2012-12-03,train,1316_8
1316,3003,189,Ramen /  Noodle House,35.69617280930353,139.77088809013367,2012-12-05 16:16:22,2012-12-03,train,1316_8
1316,1420,241,Miscellaneous Shop,35.7007492490941,139.7719180583954,2012-12-05 16:49:34,2012-12-03,train,1316_8
1316,5762,200,Arcade,35.7007383583069,139.7718831896782,2012-12-05 16:53:37,2012-12-03,train,1316_8
1318,143,69,Train Station,35.691670172683054,139.7708773612976,2012-12-03 21:36:31,2012-12-03,train,1318_7
1318,143,69,Train Station,35.691670172683054,139.7708773612976,2012-12-04 22:39:58,2012-12-03,train,1318_7
1318,143,69,Train Station,35.691670172683054,139.7708773612976,2012-12-05 21:14:02,2012-12-03,train,1318_7
1318,143,69,Train Station,35.691670172683054,139.7708773612976,2012-12-06 20:32:29,2012-12-03,train,1318_7
1318,31,51,Bar,35.6941317,139.701244,2012-12-06 21:06:49,2012-12-03,train,1318_7
1318,261,69,Train Station,35.70320181647976,139.57990407943726,2012-12-07 23:50:07,2012-12-03,train,1318_7
1318,4432,237,Mall,35.70378772061421,139.5798236131668,2012-12-09 00:12:55,2012-12-03,train,1318_7
1318,87,69,Train Station,35.65852172695124,139.7013260344949,2012-12-09 17:25:30,2012-12-03,train,1318_7
1318,656,81,Building,35.65637220101617,139.69942331314087,2012-12-09 19:07:54,2012-12-03,train,1318_7
1322,5945,200,Arcade,35.75324297002921,139.73665237426758,2012-12-03 23:59:43,2012-12-03,train,1322_21
1322,5945,200,Arcade,35.75324297002921,139.73665237426758,2012-12-05 21:31:27,2012-12-03,train,1322_21
1322,5945,200,Arcade,35.75324297002921,139.73665237426758,2012-12-06 18:41:52,2012-12-03,train,1322_21
1322,5945,200,Arcade,35.75324297002921,139.73665237426758,2012-12-06 21:22:10,2012-12-03,train,1322_21
1322,4896,200,Arcade,35.73013780156566,139.71615232195785,2012-12-08 22:10:48,2012-12-03,train,1322_21
1322,189,69,Train Station,35.729864636451765,139.7109555727517,2012-12-09 15:59:41,2012-12-03,train,1322_21
1322,3645,200,Arcade,35.72983105536349,139.71479773521423,2012-12-09 16:32:02,2012-12-03,train,1322_21
1322,3645,200,Arcade,35.72983105536349,139.71479773521423,2012-12-09 19:08:45,2012-12-03,train,1322_21
1326,1001,269,Shrine,35.69442362943279,139.74307894706726,2012-12-03 08:59:40,2012-12-03,train,1326_1
1326,6256,269,Shrine,35.69513120907,139.74815127951817,2012-12-03 09:05:28,2012-12-03,train,1326_1
1326,1293,277,Neighborhood,35.69961659925912,139.77139234542847,2012-12-03 09:39:12,2012-12-03,train,1326_1
1326,6111,237,Mall,35.70189330900192,139.7403070931837,2012-12-03 10:24:57,2012-12-03,train,1326_1
1326,5950,237,Mall,35.702769053297736,139.7366897359534,2012-12-03 10:28:21,2012-12-03,train,1326_1
1326,5950,237,Mall,35.702769053297736,139.7366897359534,2012-12-04 16:45:21,2012-12-03,train,1326_1
1326,3977,112,Other Great Outdoors,35.701359130802444,139.7402787208557,2012-12-04 16:56:02,2012-12-03,train,1326_1
1326,1244,113,Park,35.69710334965598,139.74156947806284,2012-12-06 16:59:01,2012-12-03,train,1326_1
1326,6691,153,College Academic Building,35.69588225323214,139.74114036398242,2012-12-06 17:16:01,2012-12-03,train,1326_1
1326,4095,197,Bridge,35.70024827134381,139.74318623542786,2012-12-06 17:24:59,2012-12-03,train,1326_1
1326,3977,112,Other Great Outdoors,35.701359130802444,139.7402787208557,2012-12-06 17:27:30,2012-12-03,train,1326_1
1326,1361,113,Park,35.70368099490302,139.7134780883789,2012-12-06 18:41:12,2012-12-03,train,1326_1
1326,149,69,Train Station,35.712902440367635,139.7038972377777,2012-12-06 19:17:37,2012-12-03,train,1326_1
1326,779,236,Subway,35.705837,139.721117,2012-12-06 19:24:54,2012-12-03,train,1326_1
1326,6983,197,Bridge,35.709156492929225,139.73605424165726,2012-12-07 09:45:59,2012-12-03,train,1326_1
1326,2153,287,Concert Hall,35.69541694176286,139.7093904018402,2012-12-07 16:40:57,2012-12-03,train,1326_1
1326,778,269,Shrine,35.69353050909954,139.70513105392456,2012-12-07 16:49:21,2012-12-03,train,1326_1
1326,2719,236,Subway,35.693312673354704,139.69913095235825,2012-12-07 18:16:01,2012-12-03,train,1326_1
1326,6111,237,Mall,35.70206742491844,139.74040189585796,2012-12-08 10:55:25,2012-12-03,train,1326_1
1326,3977,112,Other Great Outdoors,35.701359130802444,139.7402787208557,2012-12-08 10:58:03,2012-12-03,train,1326_1
1326,5950,237,Mall,35.70268941651585,139.73694419110788,2012-12-08 11:01:06,2012-12-03,train,1326_1
1326,6983,197,Bridge,35.709156492929225,139.73605424165726,2012-12-08 11:39:01,2012-12-03,train,1326_1
1326,6111,237,Mall,35.70206742491844,139.74040189585796,2012-12-09 11:37:59,2012-12-03,train,1326_1
1326,3977,112,Other Great Outdoors,35.701359130802444,139.7402787208557,2012-12-09 11:40:13,2012-12-03,train,1326_1
1326,2889,88,Temple,35.7015464506764,139.73951160907745,2012-12-09 11:40:22,2012-12-03,train,1326_1
1326,3511,237,Mall,35.72832866103416,139.76450443267822,2012-12-09 14:38:52,2012-12-03,train,1326_1
1326,269,69,Train Station,35.732117253229084,139.76670384407043,2012-12-09 17:30:39,2012-12-03,train,1326_1
1326,141,69,Train Station,35.70735750443432,139.77461636066437,2012-12-09 17:38:54,2012-12-03,train,1326_1
1326,673,236,Subway,35.70788892898983,139.77432668209076,2012-12-09 17:39:38,2012-12-03,train,1326_1
1326,1857,236,Subway,35.69950333339069,139.725022315979,2012-12-09 18:01:45,2012-12-03,train,1326_1
1338,208,69,Train Station,35.53132692901326,139.69690203666687,2012-12-03 19:07:37,2012-12-03,train,1338_15
1338,5307,14,Dumpling Restaurant,35.53037174633066,139.6972239018202,2012-12-03 19:35:42,2012-12-03,train,1338_15
1338,1008,69,Train Station,35.540886918445715,139.7077864408493,2012-12-04 16:57:36,2012-12-03,train,1338_15
1338,208,69,Train Station,35.53132692901326,139.69690203666687,2012-12-05 20:04:43,2012-12-03,train,1338_15
1338,6127,241,Miscellaneous Shop,35.54092878504995,139.70863652052253,2012-12-07 08:10:22,2012-12-03,train,1338_15
1338,44,69,Train Station,35.68137872227962,139.76608157157898,2012-12-07 08:57:46,2012-12-03,train,1338_15
1338,44,69,Train Station,35.68137872227962,139.76608157157898,2012-12-07 22:12:41,2012-12-03,train,1338_15
1338,1008,69,Train Station,35.540886918445715,139.7077864408493,2012-12-08 04:56:01,2012-12-03,train,1338_15
1338,951,236,Subway,35.69800309000299,139.657841026783,2012-12-08 06:00:06,2012-12-03,train,1338_15
1338,1252,69,Train Station,35.628118180509254,139.7380268850527,2012-12-09 07:16:14,2012-12-03,train,1338_15
1338,43,69,Train Station,35.69080269423021,139.70027922656513,2012-12-09 16:41:34,2012-12-03,train,1338_15
1338,44,69,Train Station,35.68137872227962,139.76608157157898,2012-12-09 17:03:34,2012-12-03,train,1338_15
1338,260,225,Department Store,35.68164016421078,139.76898908615112,2012-12-09 17:49:08,2012-12-03,train,1338_15
1343,1462,101,American Restaurant,35.60323132932962,139.6528333425522,2012-12-04 00:37:02,2012-12-03,train,1343_9
1343,1462,101,American Restaurant,35.60323132932962,139.6528333425522,2012-12-06 02:08:40,2012-12-03,train,1343_9
1343,2767,198,Coffee Shop,35.66819222322196,139.77380365133286,2012-12-06 18:47:42,2012-12-03,train,1343_9
1343,157,198,Coffee Shop,35.69781521724527,139.7737741470337,2012-12-06 22:15:12,2012-12-03,train,1343_9
1343,2767,198,Coffee Shop,35.66819222322196,139.77380365133286,2012-12-07 19:36:24,2012-12-03,train,1343_9
1343,1462,101,American Restaurant,35.60323132932962,139.6528333425522,2012-12-07 22:49:53,2012-12-03,train,1343_9
1343,1462,101,American Restaurant,35.60323132932962,139.6528333425522,2012-12-09 02:12:47,2012-12-03,train,1343_9
1358,2647,120,Burger Joint,35.71056995540639,139.68503326177597,2012-12-04 20:08:36,2012-12-03,train,1358_13
1358,2592,122,Fast Food Restaurant,35.72272600449263,139.68371897935867,2012-12-05 22:59:16,2012-12-03,train,1358_13
1362,142,69,Train Station,35.698596195264464,139.77301824864617,2012-12-09 15:36:30,2012-12-03,train,1362_18
1362,4315,61,Office,35.69982798063144,139.77235902664074,2012-12-09 16:44:28,2012-12-03,train,1362_18
1362,142,69,Train Station,35.698596195264464,139.77301824864617,2012-12-09 18:22:34,2012-12-03,train,1362_18
1364,4514,22,Indian Restaurant,35.67304699081541,139.7950440645218,2012-12-03 18:30:25,2012-12-03,train,1364_17
1364,5174,203,Bowling Alley,35.671727779724435,139.83696783068854,2012-12-04 20:42:25,2012-12-03,train,1364_17
1364,1653,189,Ramen /  Noodle House,35.70077756513382,139.77066278457642,2012-12-07 21:29:32,2012-12-03,train,1364_17
1364,3819,200,Arcade,35.71259318858375,139.70429956912994,2012-12-09 19:55:02,2012-12-03,train,1364_17
1377,5180,237,Mall,35.777609821448195,139.6297985315323,2012-12-03 16:42:06,2012-12-03,train,1377_18
1377,4135,39,Food & Drink Shop,35.77815818558097,139.63326930999756,2012-12-03 17:15:26,2012-12-03,train,1377_18
1377,324,69,Train Station,35.77760438130889,139.63292732834816,2012-12-03 17:35:03,2012-12-03,train,1377_18
1377,5452,118,Bakery,35.76471346998201,139.629744887352,2012-12-09 15:06:00,2012-12-03,train,1377_18
1379,6191,237,Mall,35.53583205227609,139.66726899147034,2012-12-03 11:08:31,2012-12-03,train,1379_19
1379,93,237,Mall,35.532942167026505,139.69576478004456,2012-12-05 11:54:29,2012-12-03,train,1379_19
1379,109,69,Train Station,35.63014572966312,139.74042892456055,2012-12-06 05:44:42,2012-12-03,train,1379_19
1379,7093,69,Train Station,35.6282272323851,139.73871231079102,2012-12-06 05:45:13,2012-12-03,train,1379_19
1379,7093,69,Train Station,35.6282272323851,139.73871231079102,2012-12-06 17:03:37,2012-12-03,train,1379_19
1379,2117,56,Electronics Store,35.532915974237056,139.69706296920776,2012-12-08 10:42:58,2012-12-03,train,1379_19
1381,5461,166,College Academic Building,35.697120356475125,139.76113557815552,2012-12-04 11:19:57,2012-12-03,train,1381_14
1381,5982,166,College Academic Building,35.67075474057702,139.64930891990662,2012-12-05 12:18:13,2012-12-03,train,1381_14
1390,2397,32,Bookstore,35.674890330607965,139.76385533809662,2012-12-06 12:39:50,2012-12-03,train,1390_15
1390,5444,59,Office,35.708979922493434,139.73753792404872,2012-12-06 14:58:56,2012-12-03,train,1390_15
1390,99,69,Train Station,35.674975820792184,139.76307905553185,2012-12-08 09:06:46,2012-12-03,train,1390_15
1390,5331,110,Other Great Outdoors,35.69795175227444,139.76800090374937,2012-12-08 13:14:08,2012-12-03,train,1390_15
1393,6584,189,Ramen /  Noodle House,35.71799403312011,139.85859364271164,2012-12-04 18:53:59,2012-12-03,train,1393_15
1393,6468,189,Ramen /  Noodle House,35.6830127202949,139.73939895629883,2012-12-05 17:47:24,2012-12-03,train,1393_15
1393,7806,189,Ramen /  Noodle House,35.53200628681955,139.6958812930276,2012-12-06 18:16:39,2012-12-03,train,1393_15
1394,1227,6,Clothing Store,35.69247617856559,139.69959765672684,2012-12-03 21:36:27,2012-12-03,train,1394_7
1394,2221,69,Train Station,35.688927513277505,139.69956278800964,2012-12-03 21:49:18,2012-12-03,train,1394_7
1394,3417,236,Subway,35.69097307994596,139.73549365997314,2012-12-03 21:53:30,2012-12-03,train,1394_7
1394,1816,236,Subway,35.69553021343568,139.75202679634094,2012-12-03 21:57:08,2012-12-03,train,1394_7
1394,338,69,Train Station,35.695965872216426,139.75806713104248,2012-12-03 22:01:32,2012-12-03,train,1394_7
1394,1848,69,Train Station,35.7277712437567,139.77096319198608,2012-12-05 09:16:15,2012-12-03,train,1394_7
1394,1848,69,Train Station,35.7277712437567,139.77096319198608,2012-12-05 20:32:32,2012-12-03,train,1394_7
1394,6298,69,Train Station,35.72729847792175,139.77151034075743,2012-12-05 20:32:38,2012-12-03,train,1394_7
1394,281,69,Train Station,35.74964694346383,139.80514526367188,2012-12-05 20:43:26,2012-12-03,train,1394_7
1394,281,69,Train Station,35.74964694346383,139.80514526367188,2012-12-06 09:10:28,2012-12-03,train,1394_7
1394,142,69,Train Station,35.698596195264464,139.77301824864617,2012-12-06 22:41:50,2012-12-03,train,1394_7
1394,281,69,Train Station,35.74964694346383,139.80514526367188,2012-12-08 16:12:54,2012-12-03,train,1394_7
1394,142,69,Train Station,35.698596195264464,139.77301824864617,2012-12-08 16:44:26,2012-12-03,train,1394_7
1394,142,69,Train Station,35.698596195264464,139.77301824864617,2012-12-08 22:06:00,2012-12-03,train,1394_7
1400,3164,59,Office,35.64227479884827,139.71345126628876,2012-12-03 14:59:41,2012-12-03,train,1400_8
1400,4559,237,Mall,35.6589002289608,139.7032642364502,2012-12-04 15:46:29,2012-12-03,train,1400_8
1400,1819,59,Office,35.65679935618394,139.75714445114136,2012-12-06 13:54:19,2012-12-03,train,1400_8
1400,3977,112,Other Great Outdoors,35.701359130802444,139.7402787208557,2012-12-06 16:04:30,2012-12-03,train,1400_8
1401,3436,237,Mall,35.5813296478932,139.64092433452606,2012-12-04 18:40:16,2012-12-03,train,1401_8
1401,3312,149,Planetarium,35.72907332959166,139.7202104330063,2012-12-08 13:48:54,2012-12-03,train,1401_8
1405,556,135,Movie Theater,35.68997971226908,139.70543146133423,2012-12-03 18:45:31,2012-12-03,train,1405_13
1405,2287,241,Miscellaneous Shop,35.691574322792974,139.70375508069992,2012-12-03 19:25:37,2012-12-03,train,1405_13
1405,312,236,Subway,35.69085980180074,139.704852104187,2012-12-06 18:34:18,2012-12-03,train,1405_13
1405,2275,69,Train Station,35.73371972994383,139.76812541484833,2012-12-07 19:07:11,2012-12-03,train,1405_13
1410,1615,69,Train Station,35.645731813210055,139.7475689649582,2012-12-03 06:35:09,2012-12-03,train,1410_12
1410,6290,79,Library,35.64338433029598,139.7483908129793,2012-12-04 16:05:17,2012-12-03,train,1410_12
1410,6290,79,Library,35.64338433029598,139.7483908129793,2012-12-05 15:15:33,2012-12-03,train,1410_12
1410,3501,69,Train Station,35.70463063090483,139.61998164653778,2012-12-06 15:56:04,2012-12-03,train,1410_12
1410,279,69,Train Station,35.699583,139.765222,2012-12-06 23:26:56,2012-12-03,train,1410_12
1410,221,56,Electronics Store,35.67226693586124,139.76577579975128,2012-12-07 15:54:53,2012-12-03,train,1410_12
1420,275,69,Train Station,35.71048066190842,139.8133099079132,2012-12-07 16:37:18,2012-12-03,train,1420_0
1420,322,236,Subway,35.68569676173495,139.7416439652443,2012-12-07 17:06:38,2012-12-03,train,1420_0
1420,507,236,Subway,35.68401924641666,139.7376823425293,2012-12-07 23:17:40,2012-12-03,train,1420_0
1420,108,236,Subway,35.67514525722818,139.75975155830383,2012-12-07 23:30:38,2012-12-03,train,1420_0
1420,139,69,Train Station,35.72047220136041,139.77882742881775,2012-12-08 20:42:18,2012-12-03,train,1420_0
1420,4706,69,Train Station,35.681283949368016,139.76607084274292,2012-12-08 20:50:39,2012-12-03,train,1420_0
1420,7732,46,Bar,35.709987495748095,139.66692049064517,2012-12-08 21:21:55,2012-12-03,train,1420_0
1420,4349,69,Train Station,35.69168759992342,139.77088004350662,2012-12-09 00:41:31,2012-12-03,train,1420_0
1420,139,69,Train Station,35.72047220136041,139.77882742881775,2012-12-09 00:59:49,2012-12-03,train,1420_0
1420,2983,256,Convenience Store,35.72237106194896,139.7892665863037,2012-12-09 01:25:06,2012-12-03,train,1420_0
1420,2152,269,Shrine,35.72240590300483,139.79162693023682,2012-12-09 01:32:51,2012-12-03,train,1420_0
1420,6481,238,Bus Station,35.72869881878969,139.77139234542847,2012-12-09 10:35:38,2012-12-03,train,1420_0
1420,1111,71,Train Station,35.72707446667437,139.77145671844482,2012-12-09 10:38:44,2012-12-03,train,1420_0
1420,4706,69,Train Station,35.681283949368016,139.76607084274292,2012-12-09 10:50:44,2012-12-03,train,1420_0
1420,4706,69,Train Station,35.681283949368016,139.76607084274292,2012-12-09 20:45:11,2012-12-03,train,1420_0
1420,1111,71,Train Station,35.72707446667437,139.77145671844482,2012-12-09 20:58:36,2012-12-03,train,1420_0
1420,6481,238,Bus Station,35.72869881878969,139.77139234542847,2012-12-09 21:12:04,2012-12-03,train,1420_0
1420,4497,238,Bus Station,35.724269877280925,139.79102075099945,2012-12-09 21:23:00,2012-12-03,train,1420_0
1427,6,231,Hotel,35.668126851805255,139.74106192588806,2012-12-03 17:16:24,2012-12-03,train,1427_8
1427,4199,231,Hotel,35.70372020028293,139.75352346897125,2012-12-09 10:41:48,2012-12-03,train,1427_8
1427,5067,121,Café,35.65610631756425,139.69815731048584,2012-12-09 16:19:45,2012-12-03,train,1427_8
1441,457,234,Light Rail,35.750091013649204,139.76496577262878,2012-12-03 19:23:34,2012-12-03,train,1441_4
1441,2015,234,Light Rail,35.74916804146749,139.76921439170837,2012-12-03 19:24:12,2012-12-03,train,1441_4
1441,1215,236,Subway,35.7435341962034,139.7287130355835,2012-12-05 22:03:12,2012-12-03,train,1441_4
1441,43,69,Train Station,35.69080269423021,139.70027922656513,2012-12-06 20:57:23,2012-12-03,train,1441_4
1442,2031,256,Convenience Store,35.662753138302364,139.76059913635254,2012-12-03 09:40:16,2012-12-03,train,1442_15
1442,4016,66,Office,35.66299720774568,139.7613286972046,2012-12-03 13:59:43,2012-12-03,train,1442_15
1442,4016,66,Office,35.66299720774568,139.7613286972046,2012-12-05 11:42:54,2012-12-03,train,1442_15
1442,141,69,Train Station,35.70735750443432,139.77461636066437,2012-12-06 21:01:37,2012-12-03,train,1442_15
1442,6386,112,Other Great Outdoors,35.768957190583045,139.88417677663193,2012-12-07 09:27:39,2012-12-03,train,1442_15
1446,1559,225,Department Store,35.70739670800615,139.7733449935913,2012-12-03 16:34:36,2012-12-03,train,1446_11
1446,281,69,Train Station,35.74964694346383,139.80514526367188,2012-12-04 06:18:10,2012-12-03,train,1446_11
1446,6985,225,Department Store,35.67352199261152,139.7627341747284,2012-12-05 11:22:05,2012-12-03,train,1446_11
1446,281,69,Train Station,35.74964694346383,139.80514526367188,2012-12-07 15:07:33,2012-12-03,train,1446_11
1446,1559,225,Department Store,35.70739670800615,139.7733449935913,2012-12-09 14:56:28,2012-12-03,train,1446_11
1446,1928,213,Spa / Massage,35.70719633399188,139.75364685058594,2012-12-09 16:30:33,2012-12-03,train,1446_11
1456,7822,189,Ramen /  Noodle House,35.65314666986842,139.54235315322876,2012-12-04 18:04:12,2012-12-03,train,1456_13
1456,2549,240,Convention Center,35.62986667837494,139.79426622390747,2012-12-09 18:07:57,2012-12-03,train,1456_13
1456,4345,26,Japanese Restaurant,35.65339076867334,139.54303175210953,2012-12-09 20:51:18,2012-12-03,train,1456_13
1458,1647,172,University,35.69541694176286,139.7414857149124,2012-12-05 14:57:26,2012-12-03,train,1458_20
1458,6568,35,Bar,35.700921522217435,139.75343122048477,2012-12-05 18:46:42,2012-12-03,train,1458_20
1458,6568,35,Bar,35.700921522217435,139.75343122048477,2012-12-07 17:55:42,2012-12-03,train,1458_20
1458,6568,35,Bar,35.700921522217435,139.75343122048477,2012-12-08 16:10:44,2012-12-03,train,1458_20
1460,295,69,Train Station,35.6622998644997,139.58487153053284,2012-12-03 07:46:04,2012-12-03,train,1460_14
1460,295,69,Train Station,35.6622998644997,139.58487153053284,2012-12-03 20:35:52,2012-12-03,train,1460_14
1460,295,69,Train Station,35.6622998644997,139.58487153053284,2012-12-04 20:36:24,2012-12-03,train,1460_14
1460,1831,69,Train Station,35.65819631197759,139.70203042030334,2012-12-05 08:35:17,2012-12-03,train,1460_14
1460,295,69,Train Station,35.6622998644997,139.58487153053284,2012-12-05 20:06:34,2012-12-03,train,1460_14
1460,295,69,Train Station,35.6622998644997,139.58487153053284,2012-12-06 07:33:40,2012-12-03,train,1460_14
1460,295,69,Train Station,35.6622998644997,139.58487153053284,2012-12-07 07:51:13,2012-12-03,train,1460_14
1460,1831,69,Train Station,35.65819631197759,139.70203042030334,2012-12-07 19:29:17,2012-12-03,train,1460_14
1460,2594,56,Electronics Store,35.70470468461301,139.58154559135437,2012-12-09 13:56:13,2012-12-03,train,1460_14
1468,106,236,Subway,35.66318884920453,139.73212469669195,2012-12-06 18:14:05,2012-12-03,train,1468_6
1468,190,63,Video Store,35.65881741552013,139.73216235637665,2012-12-06 19:03:48,2012-12-03,train,1468_6
1468,87,69,Train Station,35.65852172695124,139.7013260344949,2012-12-06 20:07:50,2012-12-03,train,1468_6
1468,57,210,Music Venue,35.66099015025527,139.69756186008453,2012-12-06 20:13:00,2012-12-03,train,1468_6
1468,189,69,Train Station,35.729864636451765,139.7109555727517,2012-12-09 18:22:12,2012-12-03,train,1468_6
1473,7704,122,Fast Food Restaurant,35.57766020476424,139.70031888276495,2012-12-03 01:55:38,2012-12-03,train,1473_8
1473,2265,88,Temple,35.5789886283173,139.70526114106178,2012-12-03 21:09:41,2012-12-03,train,1473_8
1473,4441,233,Hobby Shop,35.70280104685957,139.77100610733032,2012-12-04 16:48:09,2012-12-03,train,1473_8
1473,3464,122,Fast Food Restaurant,35.579582315525656,139.70117144286633,2012-12-07 13:21:16,2012-12-03,train,1473_8
1482,4612,225,Department Store,35.69263302200682,139.7063273191452,2012-12-08 16:31:55,2012-12-03,train,1482_7
1482,44,69,Train Station,35.68137872227962,139.76608157157898,2012-12-08 20:02:36,2012-12-03,train,1482_7
1498,5387,237,Mall,35.62003848958129,139.72883708838566,2012-12-08 18:14:04,2012-12-03,train,1498_19
1498,6428,39,Food & Drink Shop,35.620317305175675,139.7292709350586,2012-12-08 18:27:56,2012-12-03,train,1498_19
1498,5687,39,Food & Drink Shop,35.62025625528561,139.72715735435486,2012-12-08 18:43:43,2012-12-03,train,1498_19
1500,876,69,Train Station,35.75128501398858,139.545997277953,2012-12-03 07:31:05,2012-12-03,train,1500_20
1500,2711,69,Train Station,35.729025427145416,139.71109628677368,2012-12-03 08:04:09,2012-12-03,train,1500_20
1500,189,69,Train Station,35.729864636451765,139.7109555727517,2012-12-03 08:11:32,2012-12-03,train,1500_20
1500,1538,241,Miscellaneous Shop,35.6611143670042,139.69965934753418,2012-12-03 18:13:02,2012-12-03,train,1500_20
1500,7719,56,Electronics Store,35.691322,139.702979,2012-12-03 19:43:13,2012-12-03,train,1500_20
1500,6747,236,Subway,35.74367134632177,139.67923164367676,2012-12-03 19:43:15,2012-12-03,train,1500_20
1500,876,69,Train Station,35.75128501398858,139.545997277953,2012-12-03 20:09:33,2012-12-03,train,1500_20
1500,3546,225,Department Store,35.75074405353843,139.5452606678009,2012-12-03 20:17:37,2012-12-03,train,1500_20
1500,876,69,Train Station,35.75128501398858,139.545997277953,2012-12-04 13:02:27,2012-12-03,train,1500_20
1500,2988,236,Subway,35.730273058734824,139.71137791872025,2012-12-04 13:31:54,2012-12-03,train,1500_20
1500,3206,236,Subway,35.68173602603758,139.76484775543213,2012-12-04 13:50:00,2012-12-03,train,1500_20
1500,7428,38,Candy Store,35.680550817179466,139.7684097290039,2012-12-04 15:01:47,2012-12-03,train,1500_20
1500,3206,236,Subway,35.68173602603758,139.76484775543213,2012-12-04 15:20:35,2012-12-03,train,1500_20
1500,188,69,Train Station,35.7332058958136,139.69869375228882,2012-12-04 15:47:06,2012-12-03,train,1500_20
1500,2336,241,Miscellaneous Shop,35.72875741059328,139.71126968543118,2012-12-04 17:55:14,2012-12-03,train,1500_20
1500,625,228,Furniture / Home Store,35.72766237273936,139.71147179603577,2012-12-04 18:04:07,2012-12-03,train,1500_20
1500,4126,163,Community College,35.728091606205005,139.71067621569105,2012-12-04 18:17:03,2012-12-03,train,1500_20
1500,876,69,Train Station,35.75128501398858,139.545997277953,2012-12-04 21:05:28,2012-12-03,train,1500_20
1500,6169,23,Drugstore / Pharmacy,35.751334643884995,139.545286115509,2012-12-04 21:09:54,2012-12-03,train,1500_20
1500,6747,236,Subway,35.74367134632177,139.67923164367676,2012-12-05 22:17:47,2012-12-03,train,1500_20
1500,876,69,Train Station,35.75128501398858,139.545997277953,2012-12-05 22:49:05,2012-12-03,train,1500_20
1500,3546,225,Department Store,35.75074405353843,139.5452606678009,2012-12-05 22:52:43,2012-12-03,train,1500_20
1500,507,236,Subway,35.68401924641666,139.7376823425293,2012-12-06 14:59:44,2012-12-03,train,1500_20
1500,3080,236,Subway,35.729391226913904,139.71004486083984,2012-12-06 15:17:22,2012-12-03,train,1500_20
1500,2336,241,Miscellaneous Shop,35.72875741059328,139.71126968543118,2012-12-06 18:43:40,2012-12-03,train,1500_20
1500,2711,69,Train Station,35.729025427145416,139.71109628677368,2012-12-06 20:16:07,2012-12-03,train,1500_20
1500,876,69,Train Station,35.75128501398858,139.545997277953,2012-12-06 20:49:27,2012-12-03,train,1500_20
1500,3546,225,Department Store,35.75074405353843,139.5452606678009,2012-12-06 20:53:43,2012-12-03,train,1500_20
1500,876,69,Train Station,35.75128501398858,139.545997277953,2012-12-07 07:51:41,2012-12-03,train,1500_20
1500,1957,236,Subway,35.65890458756057,139.7025829553604,2012-12-07 08:40:34,2012-12-03,train,1500_20
1500,1831,69,Train Station,35.65819631197759,139.70203042030334,2012-12-07 08:48:20,2012-12-03,train,1500_20
1500,3633,69,Train Station,35.62850802377022,139.73833131832686,2012-12-07 18:55:31,2012-12-03,train,1500_20
1500,726,69,Train Station,35.706356,139.6843,2012-12-07 19:21:29,2012-12-03,train,1500_20
1500,3773,69,Train Station,35.73781504362258,139.65356022119522,2012-12-07 23:56:00,2012-12-03,train,1500_20
1500,4385,256,Convenience Store,35.75130859948943,139.54525130358286,2012-12-08 00:12:32,2012-12-03,train,1500_20
1500,3944,236,Subway,35.67567471760676,139.76346373558044,2012-12-08 09:39:18,2012-12-03,train,1500_20
1500,2771,69,Train Station,35.67505156634274,139.7633135318756,2012-12-08 14:28:39,2012-12-03,train,1500_20
1500,6757,241,Miscellaneous Shop,35.67549605235727,139.76484775543213,2012-12-08 19:37:48,2012-12-03,train,1500_20
1500,2771,69,Train Station,35.67505156634274,139.7633135318756,2012-12-08 19:38:30,2012-12-03,train,1500_20
1500,44,69,Train Station,35.68137872227962,139.76608157157898,2012-12-08 19:40:14,2012-12-03,train,1500_20
1500,3206,236,Subway,35.68173602603758,139.76484775543213,2012-12-08 20:27:36,2012-12-03,train,1500_20
1500,2988,236,Subway,35.730273058734824,139.71137791872025,2012-12-08 20:48:41,2012-12-03,train,1500_20
1500,2711,69,Train Station,35.729025427145416,139.71109628677368,2012-12-08 21:00:02,2012-12-03,train,1500_20
1500,876,69,Train Station,35.75128501398858,139.545997277953,2012-12-08 21:30:59,2012-12-03,train,1500_20
1500,876,69,Train Station,35.75128501398858,139.545997277953,2012-12-09 08:19:51,2012-12-03,train,1500_20
1500,189,69,Train Station,35.729864636451765,139.7109555727517,2012-12-09 21:26:26,2012-12-03,train,1500_20
1500,4385,256,Convenience Store,35.75130859948943,139.54525130358286,2012-12-09 22:02:59,2012-12-03,train,1500_20
1500,3546,225,Department Store,35.75074405353843,139.5452606678009,2012-12-09 22:03:42,2012-12-03,train,1500_20
1507,6468,189,Ramen /  Noodle House,35.6830127202949,139.73939895629883,2012-12-04 11:01:13,2012-12-03,train,1507_15
1507,981,26,Japanese Restaurant,35.69540169364076,139.75895762443542,2012-12-05 13:29:47,2012-12-03,train,1507_15
1507,7459,69,Train Station,35.589074886660654,139.72843300951052,2012-12-06 12:03:39,2012-12-03,train,1507_15
1507,2672,223,Food & Drink Shop,35.674487,139.766776,2012-12-07 13:32:00,2012-12-03,train,1507_15
1507,7407,189,Ramen /  Noodle House,35.58740465785017,139.72858428955078,2012-12-09 14:34:24,2012-12-03,train,1507_15
1509,4706,69,Train Station,35.681283949368016,139.76607084274292,2012-12-03 08:01:13,2012-12-03,train,1509_19
1509,6986,69,Train Station,35.678415653856945,139.7661191225052,2012-12-03 08:02:58,2012-12-03,train,1509_19
1509,4818,69,Train Station,35.67751799670805,139.76539492607117,2012-12-03 08:07:50,2012-12-03,train,1509_19
1509,6709,69,Train Station,35.66694908111091,139.7934652492797,2012-12-03 17:46:33,2012-12-03,train,1509_19
1509,4706,69,Train Station,35.681283949368016,139.76607084274292,2012-12-03 18:11:49,2012-12-03,train,1509_19
1509,553,69,Train Station,35.81565557422877,139.70435857772827,2012-12-03 18:46:06,2012-12-03,train,1509_19
1509,7827,256,Convenience Store,35.81564899018176,139.70362984069828,2012-12-04 07:14:03,2012-12-03,train,1509_19
1509,4706,69,Train Station,35.681283949368016,139.76607084274292,2012-12-04 07:51:49,2012-12-03,train,1509_19
1509,6986,69,Train Station,35.678415653856945,139.7661191225052,2012-12-04 07:54:22,2012-12-03,train,1509_19
1509,7037,162,College Academic Building,35.66667559256904,139.79325771331787,2012-12-04 12:06:16,2012-12-03,train,1509_19
1509,6709,69,Train Station,35.66694908111091,139.7934652492797,2012-12-04 15:24:18,2012-12-03,train,1509_19
1509,142,69,Train Station,35.698596195264464,139.77301824864617,2012-12-04 15:58:56,2012-12-03,train,1509_19
1509,553,69,Train Station,35.81565557422877,139.70435857772827,2012-12-04 23:54:56,2012-12-03,train,1509_19
1509,7827,256,Convenience Store,35.81564899018176,139.70362984069828,2012-12-04 23:56:01,2012-12-03,train,1509_19
1509,6377,256,Convenience Store,35.815890475382034,139.7019875049591,2012-12-04 23:58:13,2012-12-03,train,1509_19
1509,6377,256,Convenience Store,35.815890475382034,139.7019875049591,2012-12-05 07:12:14,2012-12-03,train,1509_19
1509,7827,256,Convenience Store,35.81564899018176,139.70362984069828,2012-12-05 07:14:05,2012-12-03,train,1509_19
1509,4706,69,Train Station,35.681283949368016,139.76607084274292,2012-12-05 07:50:21,2012-12-03,train,1509_19
1509,6986,69,Train Station,35.678415653856945,139.7661191225052,2012-12-05 07:55:00,2012-12-03,train,1509_19
1509,4818,69,Train Station,35.67751799670805,139.76539492607117,2012-12-05 07:58:54,2012-12-03,train,1509_19
1509,6709,69,Train Station,35.66694908111091,139.7934652492797,2012-12-05 08:08:03,2012-12-03,train,1509_19
1509,1901,172,University,35.66811312915365,139.79220675485897,2012-12-05 08:13:28,2012-12-03,train,1509_19
1509,6709,69,Train Station,35.66694908111091,139.7934652492797,2012-12-05 18:02:19,2012-12-03,train,1509_19
1509,553,69,Train Station,35.81565557422877,139.70435857772827,2012-12-05 18:52:47,2012-12-03,train,1509_19
1509,7827,256,Convenience Store,35.81564899018176,139.70362984069828,2012-12-05 18:54:27,2012-12-03,train,1509_19
1509,7827,256,Convenience Store,35.81564899018176,139.70362984069828,2012-12-06 08:54:13,2012-12-03,train,1509_19
1509,553,69,Train Station,35.81565557422877,139.70435857772827,2012-12-06 08:55:50,2012-12-03,train,1509_19
1509,4706,69,Train Station,35.681283949368016,139.76607084274292,2012-12-06 09:43:34,2012-12-03,train,1509_19
1509,7037,162,College Academic Building,35.66667559256904,139.79325771331787,2012-12-06 10:10:20,2012-12-03,train,1509_19
1509,7037,162,College Academic Building,35.66667559256904,139.79325771331787,2012-12-06 12:05:24,2012-12-03,train,1509_19
1509,6709,69,Train Station,35.66694908111091,139.7934652492797,2012-12-06 14:40:20,2012-12-03,train,1509_19
1509,4818,69,Train Station,35.67751799670805,139.76539492607117,2012-12-06 14:48:39,2012-12-03,train,1509_19
1509,6986,69,Train Station,35.678415653856945,139.7661191225052,2012-12-06 14:50:55,2012-12-03,train,1509_19
1509,4706,69,Train Station,35.681283949368016,139.76607084274292,2012-12-06 14:55:02,2012-12-03,train,1509_19
1509,142,69,Train Station,35.698596195264464,139.77301824864617,2012-12-06 14:55:51,2012-12-03,train,1509_19
1509,1420,241,Miscellaneous Shop,35.7007492490941,139.7719180583954,2012-12-06 15:01:43,2012-12-03,train,1509_19
1509,5762,200,Arcade,35.7007383583069,139.7718831896782,2012-12-06 15:02:09,2012-12-03,train,1509_19
1509,1856,69,Train Station,35.80191699809086,139.71758723258972,2012-12-06 16:52:21,2012-12-03,train,1509_19
1509,7827,256,Convenience Store,35.81564899018176,139.70362984069828,2012-12-07 07:27:10,2012-12-03,train,1509_19
1509,553,69,Train Station,35.81565557422877,139.70435857772827,2012-12-07 07:28:32,2012-12-03,train,1509_19
1509,4706,69,Train Station,35.681283949368016,139.76607084274292,2012-12-07 08:03:59,2012-12-03,train,1509_19
1509,4818,69,Train Station,35.67751799670805,139.76539492607117,2012-12-07 08:07:29,2012-12-03,train,1509_19
1509,1901,172,University,35.66811312915365,139.79220675485897,2012-12-07 08:24:52,2012-12-03,train,1509_19
1509,6709,69,Train Station,35.66694908111091,139.7934652492797,2012-12-07 16:16:33,2012-12-03,train,1509_19
1509,4818,69,Train Station,35.67751799670805,139.76539492607117,2012-12-07 16:28:18,2012-12-03,train,1509_19
1509,6986,69,Train Station,35.678415653856945,139.7661191225052,2012-12-07 16:28:29,2012-12-03,train,1509_19
1509,142,69,Train Station,35.698596195264464,139.77301824864617,2012-12-07 16:40:39,2012-12-03,train,1509_19
1509,553,69,Train Station,35.81565557422877,139.70435857772827,2012-12-07 18:32:36,2012-12-03,train,1509_19
1509,7827,256,Convenience Store,35.81564899018176,139.70362984069828,2012-12-07 18:34:27,2012-12-03,train,1509_19
1509,6377,256,Convenience Store,35.815890475382034,139.7019875049591,2012-12-07 18:35:23,2012-12-03,train,1509_19
1509,6377,256,Convenience Store,35.815890475382034,139.7019875049591,2012-12-09 09:04:48,2012-12-03,train,1509_19
1509,7827,256,Convenience Store,35.81564899018176,139.70362984069828,2012-12-09 09:06:18,2012-12-03,train,1509_19
1509,553,69,Train Station,35.81565557422877,139.70435857772827,2012-12-09 15:48:43,2012-12-03,train,1509_19
1509,7827,256,Convenience Store,35.81564899018176,139.70362984069828,2012-12-09 15:51:10,2012-12-03,train,1509_19
1513,158,69,Train Station,35.77806243973507,139.72083806991577,2012-12-04 23:02:08,2012-12-03,train,1513_16
1513,700,69,Train Station,35.79123348242127,139.69139009714127,2012-12-06 08:40:27,2012-12-03,train,1513_16
1513,158,69,Train Station,35.77806243973507,139.72083806991577,2012-12-06 22:59:41,2012-12-03,train,1513_16
1514,43,69,Train Station,35.69080269423021,139.70027922656513,2012-12-03 12:27:12,2012-12-03,train,1514_10
1514,2921,69,Train Station,35.699847486877246,139.7637802362442,2012-12-03 12:35:46,2012-12-03,train,1514_10
1514,4013,153,College Academic Building,35.69747051042566,139.7615211457014,2012-12-03 12:52:08,2012-12-03,train,1514_10
1514,43,69,Train Station,35.69080269423021,139.70027922656513,2012-12-03 20:01:35,2012-12-03,train,1514_10
1514,2013,32,Bookstore,35.65359999562667,139.54433530569077,2012-12-03 21:11:12,2012-12-03,train,1514_10
1514,43,69,Train Station,35.69080269423021,139.70027922656513,2012-12-05 08:55:47,2012-12-03,train,1514_10
1514,602,32,Bookstore,35.695652198134205,139.76068496704102,2012-12-05 12:11:02,2012-12-03,train,1514_10
1514,4510,69,Train Station,35.69078552508644,139.7001643094368,2012-12-05 21:31:11,2012-12-03,train,1514_10
1514,220,69,Train Station,35.651889113311164,139.5443956553936,2012-12-06 09:43:24,2012-12-03,train,1514_10
1514,299,69,Train Station,35.668361407560894,139.6504027448891,2012-12-06 09:57:25,2012-12-03,train,1514_10
1514,4122,122,Fast Food Restaurant,35.69924195000338,139.76268589496613,2012-12-06 14:09:16,2012-12-03,train,1514_10
1514,220,69,Train Station,35.651889113311164,139.5443956553936,2012-12-07 10:42:55,2012-12-03,train,1514_10
1514,5441,162,College Academic Building,35.69745559105258,139.76145067476455,2012-12-07 15:04:09,2012-12-03,train,1514_10
1514,43,69,Train Station,35.69080269423021,139.70027922656513,2012-12-07 18:14:13,2012-12-03,train,1514_10
1520,2446,189,Ramen /  Noodle House,35.697491,139.669153,2012-12-07 12:05:47,2012-12-03,train,1520_14
1520,43,69,Train Station,35.69080269423021,139.70027922656513,2012-12-07 19:44:35,2012-12-03,train,1520_14
1520,124,56,Electronics Store,35.689809792874755,139.69790518283844,2012-12-08 15:12:01,2012-12-03,train,1520_14
1520,43,69,Train Station,35.69080269423021,139.70027922656513,2012-12-08 16:27:37,2012-12-03,train,1520_14
1520,2520,81,Building,35.692494694821235,139.7011285275221,2012-12-08 16:27:49,2012-12-03,train,1520_14
1520,7719,56,Electronics Store,35.691322,139.702979,2012-12-08 16:31:30,2012-12-03,train,1520_14
1520,312,236,Subway,35.69085980180074,139.704852104187,2012-12-08 18:47:54,2012-12-03,train,1520_14
1520,43,69,Train Station,35.69080269423021,139.70027922656513,2012-12-08 18:48:57,2012-12-03,train,1520_14
1520,312,236,Subway,35.69085980180074,139.704852104187,2012-12-09 16:57:45,2012-12-03,train,1520_14
1520,87,69,Train Station,35.65852172695124,139.7013260344949,2012-12-09 21:44:06,2012-12-03,train,1520_14
1520,43,69,Train Station,35.69080269423021,139.70027922656513,2012-12-09 22:05:23,2012-12-03,train,1520_14
1526,566,69,Train Station,35.72863349695783,139.55260455608368,2012-12-06 06:17:08,2012-12-03,train,1526_8
1526,505,69,Train Station,35.72736406538938,139.5392471551895,2012-12-06 13:32:44,2012-12-03,train,1526_8
1526,6630,39,Food & Drink Shop,35.73214338082541,139.54987406730652,2012-12-07 11:48:45,2012-12-03,train,1526_8
1526,87,69,Train Station,35.65852172695124,139.7013260344949,2012-12-07 16:50:25,2012-12-03,train,1526_8
1533,220,69,Train Station,35.651889113311164,139.5443956553936,2012-12-04 17:42:27,2012-12-03,train,1533_14
1533,5597,160,College Academic Building,35.65679935618394,139.54041123390198,2012-12-06 22:22:51,2012-12-03,train,1533_14
1533,5597,160,College Academic Building,35.65679935618394,139.54041123390198,2012-12-07 18:55:17,2012-12-03,train,1533_14
1533,6480,152,College Academic Building,35.657419380921134,139.54024761915207,2012-12-08 23:36:15,2012-12-03,train,1533_14
1533,5597,160,College Academic Building,35.65679935618394,139.54041123390198,2012-12-09 16:03:58,2012-12-03,train,1533_14
1533,6480,152,College Academic Building,35.657419380921134,139.54024761915207,2012-12-09 23:30:31,2012-12-03,train,1533_14
1552,62,56,Electronics Store,35.73169485589919,139.71287727355957,2012-12-03 20:54:38,2012-12-03,train,1552_4
1552,2207,200,Arcade,35.72991814981789,139.7159966826439,2012-12-04 21:38:20,2012-12-03,train,1552_4
1552,5306,13,Clothing Store,35.729659,139.71462275,2012-12-04 21:40:43,2012-12-03,train,1552_4
1552,1310,225,Department Store,35.73134866260269,139.70748871564865,2012-12-05 18:39:55,2012-12-03,train,1552_4
1552,189,69,Train Station,35.729864636451765,139.7109555727517,2012-12-05 18:49:04,2012-12-03,train,1552_4
1552,1171,56,Electronics Store,35.73099375847875,139.71370339393616,2012-12-05 18:58:43,2012-12-03,train,1552_4
1552,225,236,Subway,35.6684885729729,139.70538854599,2012-12-05 19:23:29,2012-12-03,train,1552_4
1552,3269,236,Subway,35.674349970635205,139.76704448461533,2012-12-07 18:28:28,2012-12-03,train,1552_4
1552,5749,211,Airport,35.54467463678478,139.76855001961243,2012-12-07 22:31:35,2012-12-03,train,1552_4
1553,44,69,Train Station,35.68137872227962,139.76608157157898,2012-12-03 12:57:34,2012-12-03,train,1553_11
1553,44,69,Train Station,35.68137872227962,139.76608157157898,2012-12-03 18:40:19,2012-12-03,train,1553_11
1553,895,236,Subway,35.69807878353967,139.76599842309952,2012-12-03 20:12:29,2012-12-03,train,1553_11
1553,281,69,Train Station,35.74964694346383,139.80514526367188,2012-12-03 20:34:22,2012-12-03,train,1553_11
1553,7729,189,Ramen /  Noodle House,35.74936453480226,139.80676097111055,2012-12-03 23:00:10,2012-12-03,train,1553_11
1553,7093,69,Train Station,35.6282272323851,139.73871231079102,2012-12-04 19:15:52,2012-12-03,train,1553_11
1553,7093,69,Train Station,35.6282272323851,139.73871231079102,2012-12-04 22:37:05,2012-12-03,train,1553_11
1553,140,69,Train Station,35.7134004657276,139.776113359032,2012-12-04 22:59:02,2012-12-03,train,1553_11
1553,7729,189,Ramen /  Noodle House,35.74936453480226,139.80676097111055,2012-12-04 23:20:23,2012-12-03,train,1553_11
1553,208,69,Train Station,35.53132692901326,139.69690203666687,2012-12-05 08:31:33,2012-12-03,train,1553_11
1553,281,69,Train Station,35.74964694346383,139.80514526367188,2012-12-05 19:47:08,2012-12-03,train,1553_11
1553,5012,151,Medical Center,35.56017803853671,139.55862879753113,2012-12-07 16:12:31,2012-12-03,train,1553_11
1553,3027,69,Train Station,35.5586331741205,139.55151557922363,2012-12-07 18:00:10,2012-12-03,train,1553_11
1553,7577,95,Chinese Restaurant,35.827036,139.80227,2012-12-07 19:34:59,2012-12-03,train,1553_11
1553,189,69,Train Station,35.729864636451765,139.7109555727517,2012-12-08 19:28:05,2012-12-03,train,1553_11
1553,485,69,Train Station,35.73787382649612,139.65452313423157,2012-12-08 19:45:00,2012-12-03,train,1553_11
1553,7577,95,Chinese Restaurant,35.827036,139.80227,2012-12-09 21:03:08,2012-12-03,train,1553_11
1570,7007,69,Train Station,35.6342834227343,139.7156721353531,2012-12-03 14:21:12,2012-12-03,train,1570_13
1570,5719,197,Bridge,35.623404624554475,139.57097232341766,2012-12-03 21:38:19,2012-12-03,train,1570_13
1570,1827,211,Airport,35.5492149803978,139.7843667345853,2012-12-04 22:11:02,2012-12-03,train,1570_13
1570,5719,197,Bridge,35.623404624554475,139.57097232341766,2012-12-05 07:41:13,2012-12-03,train,1570_13
1570,3768,69,Train Station,35.646552450704014,139.71022725105286,2012-12-05 14:19:37,2012-12-03,train,1570_13
1570,271,236,Subway,35.66511535050908,139.71245884895325,2012-12-05 22:31:42,2012-12-03,train,1570_13
1570,192,69,Train Station,35.60375363356726,139.50759172439575,2012-12-05 23:08:02,2012-12-03,train,1570_13
1570,5719,197,Bridge,35.623404624554475,139.57097232341766,2012-12-06 07:44:01,2012-12-03,train,1570_13
1570,250,236,Subway,35.67232358815374,139.73654508590698,2012-12-06 14:45:55,2012-12-03,train,1570_13
1570,5673,101,American Restaurant,35.676572395489735,139.73782181739807,2012-12-06 16:07:36,2012-12-03,train,1570_13
1570,5623,69,Train Station,35.66661457808932,139.75817441940308,2012-12-06 18:34:54,2012-12-03,train,1570_13
1570,6844,76,Government Building,35.620576766688515,139.56992357969284,2012-12-06 23:45:14,2012-12-03,train,1570_13
1570,93,237,Mall,35.532942167026505,139.69576478004456,2012-12-08 13:06:39,2012-12-03,train,1570_13
1570,4235,44,Bar,35.530157005118475,139.69869338990927,2012-12-08 13:17:59,2012-12-03,train,1570_13
1571,898,69,Train Station,35.66629207220754,139.4770547747612,2012-12-03 07:01:37,2012-12-03,train,1571_17
1571,942,222,Racetrack,35.66249163449946,139.48564052581787,2012-12-07 06:53:43,2012-12-03,train,1571_17
1571,4286,69,Train Station,35.575729760171434,139.65965151786804,2012-12-07 07:31:58,2012-12-03,train,1571_17
1572,6272,69,Train Station,35.67458964688105,139.77767944335938,2012-12-03 08:21:09,2012-12-03,train,1572_19
1572,4231,256,Convenience Store,35.674334392444194,139.77662260855683,2012-12-03 08:21:22,2012-12-03,train,1572_19
1572,6188,81,Building,35.674016864529634,139.77543935901826,2012-12-03 08:21:42,2012-12-03,train,1572_19
1572,3719,236,Subway,35.67051941078094,139.77372586727142,2012-12-03 11:14:56,2012-12-03,train,1572_19
1572,5313,59,Office,35.656404459281575,139.79600229515904,2012-12-03 11:23:13,2012-12-03,train,1572_19
1572,3269,236,Subway,35.674349970635205,139.76704448461533,2012-12-03 13:12:21,2012-12-03,train,1572_19
1572,2990,236,Subway,35.67535660603098,139.77184295654297,2012-12-03 14:39:45,2012-12-03,train,1572_19
1572,2831,69,Train Station,35.73190932080286,139.83496002852917,2012-12-03 15:01:57,2012-12-03,train,1572_19
1572,103,69,Train Station,35.536940832577606,139.63486790657043,2012-12-03 19:26:48,2012-12-03,train,1572_19
1572,1799,69,Train Station,35.523110539333615,139.6914866566658,2012-12-04 19:24:47,2012-12-03,train,1572_19
1572,103,69,Train Station,35.536940832577606,139.63486790657043,2012-12-05 07:09:36,2012-12-03,train,1572_19
1572,289,69,Train Station,35.55319972801149,139.64681446552277,2012-12-05 07:33:18,2012-12-03,train,1572_19
1572,144,69,Train Station,35.69070402187532,139.7784203457596,2012-12-05 09:06:12,2012-12-03,train,1572_19
1572,4690,16,Bank,35.690156482962685,139.77942855184762,2012-12-05 09:06:31,2012-12-03,train,1572_19
1572,365,69,Train Station,35.62885510928976,139.6852719783783,2012-12-05 18:23:29,2012-12-03,train,1572_19
1572,103,69,Train Station,35.536940832577606,139.63486790657043,2012-12-05 18:48:47,2012-12-03,train,1572_19
1572,331,69,Train Station,35.64687830575068,139.7099483013153,2012-12-06 08:52:38,2012-12-03,train,1572_19
1572,143,69,Train Station,35.691670172683054,139.7708773612976,2012-12-06 18:41:43,2012-12-03,train,1572_19
1572,4286,69,Train Station,35.575729760171434,139.65965151786804,2012-12-06 19:26:08,2012-12-03,train,1572_19
1572,164,69,Train Station,35.60753807817138,139.6688391408238,2012-12-07 08:30:58,2012-12-03,train,1572_19
1572,6272,69,Train Station,35.67458964688105,139.77767944335938,2012-12-07 09:29:14,2012-12-03,train,1572_19
1572,6188,81,Building,35.674016864529634,139.77543935901826,2012-12-07 09:29:53,2012-12-03,train,1572_19
1572,158,69,Train Station,35.77806243973507,139.72083806991577,2012-12-07 11:17:05,2012-12-03,train,1572_19
1572,189,69,Train Station,35.729864636451765,139.7109555727517,2012-12-07 13:49:44,2012-12-03,train,1572_19
1572,345,236,Subway,35.65486406347791,139.79626715183258,2012-12-07 14:26:12,2012-12-03,train,1572_19
1572,108,236,Subway,35.67514525722818,139.75975155830383,2012-12-07 16:14:31,2012-12-03,train,1572_19
1572,103,69,Train Station,35.536940832577606,139.63486790657043,2012-12-08 07:22:04,2012-12-03,train,1572_19
1572,398,236,Subway,35.68239834096679,139.77385997772217,2012-12-08 13:18:02,2012-12-03,train,1572_19
1573,87,69,Train Station,35.65852172695124,139.7013260344949,2012-12-08 08:52:40,2012-12-03,train,1573_17
1573,6303,180,Restaurant,35.663526748704626,139.69956815242767,2012-12-08 10:22:03,2012-12-03,train,1573_17
1573,331,69,Train Station,35.64687830575068,139.7099483013153,2012-12-08 16:09:15,2012-12-03,train,1573_17
1573,449,198,Coffee Shop,35.646686498258696,139.71132427453995,2012-12-08 17:03:18,2012-12-03,train,1573_17
1573,121,198,Coffee Shop,35.65772775698564,139.70033526420593,2012-12-08 19:59:07,2012-12-03,train,1573_17
1591,4560,128,Gym / Fitness Center,35.67906056635195,139.76271271705627,2012-12-05 19:00:24,2012-12-03,train,1591_19
1591,2447,69,Train Station,35.682282871983375,139.7661419212818,2012-12-06 18:43:28,2012-12-03,train,1591_19
1591,112,69,Train Station,35.62645040122807,139.72343981266022,2012-12-06 19:16:46,2012-12-03,train,1591_19
1591,528,69,Train Station,35.664592357520384,139.78460490703583,2012-12-06 23:57:40,2012-12-03,train,1591_19
1591,1441,225,Department Store,35.67143457831287,139.76576507091522,2012-12-08 17:57:14,2012-12-03,train,1591_19
1610,3998,69,Train Station,35.81478313055768,139.58686629778316,2012-12-08 08:55:01,2012-12-03,train,1610_11
1610,1676,69,Train Station,35.815446772620184,139.58718359470367,2012-12-08 19:09:18,2012-12-03,train,1610_11
1610,3998,69,Train Station,35.81478313055768,139.58686629778316,2012-12-08 19:11:20,2012-12-03,train,1610_11
1610,189,69,Train Station,35.729864636451765,139.7109555727517,2012-12-09 11:01:11,2012-12-03,train,1610_11
1610,2434,69,Train Station,35.67067629738875,139.70252394676208,2012-12-09 11:12:44,2012-12-03,train,1610_11
1610,1342,20,Record Shop,35.66188145562874,139.70105677843094,2012-12-09 11:39:05,2012-12-03,train,1610_11
1610,87,69,Train Station,35.65852172695124,139.7013260344949,2012-12-09 12:02:30,2012-12-03,train,1610_11
1610,3249,26,Japanese Restaurant,35.69937,139.771078,2012-12-09 12:42:39,2012-12-03,train,1610_11
1610,2159,56,Electronics Store,35.70033975447226,139.77115899324417,2012-12-09 12:51:51,2012-12-03,train,1610_11
1610,5450,281,Train Station,35.69836195296789,139.772926568985,2012-12-09 16:37:10,2012-12-03,train,1610_11
1610,189,69,Train Station,35.729864636451765,139.7109555727517,2012-12-09 16:59:46,2012-12-03,train,1610_11
1614,43,69,Train Station,35.69080269423021,139.70027922656513,2012-12-03 18:53:39,2012-12-03,train,1614_15
1614,43,69,Train Station,35.69080269423021,139.70027922656513,2012-12-04 08:44:07,2012-12-03,train,1614_15
1614,43,69,Train Station,35.69080269423021,139.70027922656513,2012-12-04 18:30:32,2012-12-03,train,1614_15
1614,43,69,Train Station,35.69080269423021,139.70027922656513,2012-12-07 08:37:20,2012-12-03,train,1614_15
1614,43,69,Train Station,35.69080269423021,139.70027922656513,2012-12-09 13:14:08,2012-12-03,train,1614_15
1614,87,69,Train Station,35.65852172695124,139.7013260344949,2012-12-09 13:18:51,2012-12-03,train,1614_15
1614,354,69,Train Station,35.6483652265509,139.70339048812886,2012-12-09 13:27:25,2012-12-03,train,1614_15
1624,4130,189,Ramen /  Noodle House,35.70327587151515,139.75542783737183,2012-12-03 12:37:28,2012-12-03,train,1624_22
1624,3496,236,Subway,35.70736349387014,139.75114703178406,2012-12-05 14:23:20,2012-12-03,train,1624_22
1624,5733,189,Ramen /  Noodle House,35.70161887364924,139.75239291787148,2012-12-06 12:41:58,2012-12-03,train,1624_22
1625,142,69,Train Station,35.698596195264464,139.77301824864617,2012-12-03 16:31:50,2012-12-03,train,1625_13
1625,6154,16,Bank,35.69994768318275,139.77257251739502,2012-12-03 16:32:05,2012-12-03,train,1625_13
1625,1420,241,Miscellaneous Shop,35.7007492490941,139.7719180583954,2012-12-03 17:41:30,2012-12-03,train,1625_13
1625,4473,287,Concert Hall,35.70074053646446,139.77187514305115,2012-12-03 18:11:26,2012-12-03,train,1625_13
1625,2663,24,Italian Restaurant,35.698314032058406,139.77481484413147,2012-12-03 21:16:14,2012-12-03,train,1625_13
1625,142,69,Train Station,35.698596195264464,139.77301824864617,2012-12-03 22:13:52,2012-12-03,train,1625_13
1647,385,22,Indian Restaurant,35.70214777465637,139.77175,2012-12-04 21:02:16,2012-12-03,train,1647_16
1647,958,189,Ramen /  Noodle House,35.69638954809798,139.75647658109665,2012-12-08 01:09:36,2012-12-03,train,1647_16
1647,7842,121,Café,35.70243637464421,139.77047024030892,2012-12-08 16:49:26,2012-12-03,train,1647_16
1647,988,189,Ramen /  Noodle House,35.6948913,139.76744,2012-12-09 16:18:06,2012-12-03,train,1647_16
1649,146,69,Train Station,35.6964320244761,139.81394290924072,2012-12-03 11:46:28,2012-12-03,train,1649_15
1649,5475,256,Convenience Store,35.69456304,139.7398764,2012-12-03 12:07:28,2012-12-03,train,1649_15
1649,5454,197,Bridge,35.69524267733666,139.73921656608582,2012-12-03 12:07:54,2012-12-03,train,1649_15
1649,146,69,Train Station,35.6964320244761,139.81394290924072,2012-12-04 12:14:18,2012-12-03,train,1649_15
1649,5454,197,Bridge,35.69524267733666,139.73921656608582,2012-12-05 13:42:08,2012-12-03,train,1649_15
1649,4837,151,Medical Center,35.69758684405324,139.7422081652348,2012-12-06 09:22:25,2012-12-03,train,1649_15
1649,5454,197,Bridge,35.69524267733666,139.73921656608582,2012-12-06 09:22:57,2012-12-03,train,1649_15
1649,5475,256,Convenience Store,35.69456304,139.7398764,2012-12-06 09:23:18,2012-12-03,train,1649_15
1649,1244,113,Park,35.69710334965598,139.74156947806284,2012-12-07 12:38:46,2012-12-03,train,1649_15
1649,4837,151,Medical Center,35.69758684405324,139.7422081652348,2012-12-07 12:38:58,2012-12-03,train,1649_15
1649,5475,256,Convenience Store,35.69456304,139.7398764,2012-12-07 12:39:32,2012-12-03,train,1649_15
1649,279,69,Train Station,35.699583,139.765222,2012-12-07 19:26:15,2012-12-03,train,1649_15
1649,146,69,Train Station,35.6964320244761,139.81394290924072,2012-12-09 11:03:01,2012-12-03,train,1649_15
1649,1244,113,Park,35.69710334965598,139.74156947806284,2012-12-09 11:24:14,2012-12-03,train,1649_15
1649,5475,256,Convenience Store,35.69456304,139.7398764,2012-12-09 11:24:50,2012-12-03,train,1649_15
1649,1264,189,Ramen /  Noodle House,35.69581230276781,139.73869889974594,2012-12-09 11:57:39,2012-12-03,train,1649_15
1665,4761,125,Post Office,35.55958017081161,139.70503449440002,2012-12-06 18:33:36,2012-12-03,train,1665_7
1665,7167,256,Convenience Store,35.56003839100011,139.71036672592163,2012-12-07 19:08:44,2012-12-03,train,1665_7
1665,4090,23,Drugstore / Pharmacy,35.56241496571143,139.7148904784298,2012-12-07 19:27:27,2012-12-03,train,1665_7
1665,4187,256,Convenience Store,35.558577,139.708808,2012-12-07 21:01:19,2012-12-03,train,1665_7
1665,4761,125,Post Office,35.55958017081161,139.70503449440002,2012-12-07 22:12:58,2012-12-03,train,1665_7
1665,4187,256,Convenience Store,35.558577,139.708808,2012-12-08 11:24:35,2012-12-03,train,1665_7
1665,210,69,Train Station,35.56225734268442,139.71595281921518,2012-12-08 11:34:29,2012-12-03,train,1665_7
1665,5817,69,Train Station,35.60704570415802,139.73441964516493,2012-12-08 11:46:26,2012-12-03,train,1665_7
1665,333,69,Train Station,35.65561813580688,139.75674211978912,2012-12-08 11:55:09,2012-12-03,train,1665_7
1665,2771,69,Train Station,35.67505156634274,139.7633135318756,2012-12-08 12:02:12,2012-12-03,train,1665_7
1665,3016,225,Department Store,35.67428460426141,139.76369574666023,2012-12-08 13:59:36,2012-12-03,train,1665_7
1665,2771,69,Train Station,35.67505156634274,139.7633135318756,2012-12-08 14:25:20,2012-12-03,train,1665_7
1665,1930,69,Train Station,35.666692051408944,139.7581327376774,2012-12-08 14:27:05,2012-12-03,train,1665_7
1665,210,69,Train Station,35.56225734268442,139.71595281921518,2012-12-08 18:52:00,2012-12-03,train,1665_7
1665,6648,69,Train Station,35.56263055873643,139.7160530090332,2012-12-08 18:52:00,2012-12-03,train,1665_7
1665,6647,281,Train Station,35.56322611397552,139.71638175094284,2012-12-08 18:52:00,2012-12-03,train,1665_7
1665,6647,281,Train Station,35.56322611397552,139.71638175094284,2012-12-08 18:52:02,2012-12-03,train,1665_7
1677,96,237,Mall,35.6657865198251,139.73096072673798,2012-12-04 23:52:03,2012-12-03,train,1677_16
1677,99,69,Train Station,35.674975820792184,139.76307905553185,2012-12-08 16:03:35,2012-12-03,train,1677_16
1677,643,56,Electronics Store,35.67543940231658,139.7628951072693,2012-12-08 16:06:49,2012-12-03,train,1677_16
1677,96,237,Mall,35.6657865198251,139.73096072673798,2012-12-09 11:09:39,2012-12-03,train,1677_16
1680,5817,69,Train Station,35.607094351597496,139.73485868891063,2012-12-03 19:42:05,2012-12-03,train,1680_21
1680,3845,236,Subway,35.68468154239262,139.7660493850708,2012-12-03 20:01:26,2012-12-03,train,1680_21
1680,827,236,Subway,35.67254956451001,139.9021505101476,2012-12-04 08:49:42,2012-12-03,train,1680_21
1680,44,69,Train Station,35.68137872227962,139.76608157157898,2012-12-04 09:33:47,2012-12-03,train,1680_21
1680,5817,69,Train Station,35.607094351597496,139.73485868891063,2012-12-04 19:25:47,2012-12-03,train,1680_21
1680,3845,236,Subway,35.68468154239262,139.7660493850708,2012-12-04 19:45:27,2012-12-03,train,1680_21
1680,827,236,Subway,35.67254956451001,139.9021505101476,2012-12-05 08:51:20,2012-12-03,train,1680_21
1680,7093,69,Train Station,35.6282272323851,139.73871231079102,2012-12-05 19:20:39,2012-12-03,train,1680_21
1680,827,236,Subway,35.67254956451001,139.9021505101476,2012-12-06 08:50:53,2012-12-03,train,1680_21
1680,44,69,Train Station,35.68137872227962,139.76608157157898,2012-12-06 09:26:51,2012-12-03,train,1680_21
1680,5817,69,Train Station,35.60704570415802,139.73441964516493,2012-12-06 20:04:08,2012-12-03,train,1680_21
1680,827,236,Subway,35.67254956451001,139.9021505101476,2012-12-07 08:50:42,2012-12-03,train,1680_21
1680,5817,69,Train Station,35.60704570415802,139.73441964516493,2012-12-07 19:15:51,2012-12-03,train,1680_21
1680,3845,236,Subway,35.68468154239262,139.7660493850708,2012-12-07 19:38:31,2012-12-03,train,1680_21
1684,192,69,Train Station,35.60375363356726,139.50759172439575,2012-12-03 08:03:12,2012-12-03,train,1684_20
1684,43,69,Train Station,35.69080269423021,139.70027922656513,2012-12-03 08:57:46,2012-12-03,train,1684_20
1684,1930,69,Train Station,35.666692051408944,139.7581327376774,2012-12-03 19:16:13,2012-12-03,train,1684_20
1684,43,69,Train Station,35.69080269423021,139.70027922656513,2012-12-03 19:45:07,2012-12-03,train,1684_20
1684,192,69,Train Station,35.60375363356726,139.50759172439575,2012-12-03 20:23:43,2012-12-03,train,1684_20
1684,6549,198,Coffee Shop,35.60389320489487,139.50794577598572,2012-12-03 20:25:11,2012-12-03,train,1684_20
1684,192,69,Train Station,35.60375363356726,139.50759172439575,2012-12-04 08:06:50,2012-12-03,train,1684_20
1684,43,69,Train Station,35.69080269423021,139.70027922656513,2012-12-04 09:03:42,2012-12-03,train,1684_20
1684,1930,69,Train Station,35.666692051408944,139.7581327376774,2012-12-04 19:44:42,2012-12-03,train,1684_20
1684,192,69,Train Station,35.60375363356726,139.50759172439575,2012-12-04 20:53:16,2012-12-03,train,1684_20
1684,1930,69,Train Station,35.666692051408944,139.7581327376774,2012-12-05 18:58:10,2012-12-03,train,1684_20
1684,43,69,Train Station,35.69080269423021,139.70027922656513,2012-12-05 19:26:57,2012-12-03,train,1684_20
1684,192,69,Train Station,35.60375363356726,139.50759172439575,2012-12-05 20:04:38,2012-12-03,train,1684_20
1684,43,69,Train Station,35.69080269423021,139.70027922656513,2012-12-06 08:09:40,2012-12-03,train,1684_20
1684,3633,69,Train Station,35.62850802377022,139.73833131832686,2012-12-06 18:37:17,2012-12-03,train,1684_20
1684,43,69,Train Station,35.69080269423021,139.70027922656513,2012-12-06 19:03:07,2012-12-03,train,1684_20
1684,192,69,Train Station,35.60375363356726,139.50759172439575,2012-12-06 19:32:02,2012-12-03,train,1684_20
1684,1930,69,Train Station,35.666692051408944,139.7581327376774,2012-12-07 18:58:32,2012-12-03,train,1684_20
1684,43,69,Train Station,35.69080269423021,139.70027922656513,2012-12-07 19:29:19,2012-12-03,train,1684_20
1684,192,69,Train Station,35.60375363356726,139.50759172439575,2012-12-07 20:09:36,2012-12-03,train,1684_20
1689,1615,69,Train Station,35.645731813210055,139.7475689649582,2012-12-04 15:52:23,2012-12-03,train,1689_17
1689,1615,69,Train Station,35.645731813210055,139.7475689649582,2012-12-06 08:56:41,2012-12-03,train,1689_17
1689,1615,69,Train Station,35.645731813210055,139.7475689649582,2012-12-07 10:24:55,2012-12-03,train,1689_17
1689,1615,69,Train Station,35.645731813210055,139.7475689649582,2012-12-08 10:27:27,2012-12-03,train,1689_17
1689,43,69,Train Station,35.69080269423021,139.70027922656513,2012-12-09 16:19:40,2012-12-03,train,1689_17
1702,5817,69,Train Station,35.60704570415802,139.73441964516493,2012-12-07 15:23:45,2012-12-03,train,1702_17
1702,2407,39,Food & Drink Shop,35.61041622405178,139.74836087124376,2012-12-07 15:42:42,2012-12-03,train,1702_17
1705,94,69,Train Station,35.66898975019524,139.67971444129944,2012-12-04 09:10:26,2012-12-03,train,1705_16
1705,108,236,Subway,35.67514525722818,139.75975155830383,2012-12-04 09:29:07,2012-12-03,train,1705_16
1705,43,69,Train Station,35.69080269423021,139.70027922656513,2012-12-04 20:42:53,2012-12-03,train,1705_16
1710,4,231,Hotel,35.690062,139.694569,2012-12-04 19:10:33,2012-12-03,train,1710_6
1710,43,69,Train Station,35.69080269423021,139.70027922656513,2012-12-04 22:29:48,2012-12-03,train,1710_6
1710,140,69,Train Station,35.7134004657276,139.776113359032,2012-12-04 22:57:45,2012-12-03,train,1710_6
1710,158,69,Train Station,35.77806243973507,139.72083806991577,2012-12-05 14:47:03,2012-12-03,train,1710_6
1710,6551,225,Department Store,35.71966669151427,139.79508834687255,2012-12-07 16:01:16,2012-12-03,train,1710_6
1710,998,236,Subway,35.720210886727784,139.78417038917542,2012-12-07 16:47:36,2012-12-03,train,1710_6
1710,142,69,Train Station,35.698596195264464,139.77301824864617,2012-12-08 12:12:52,2012-12-03,train,1710_6
1710,2938,32,Bookstore,35.6989849221703,139.77105975151062,2012-12-08 12:30:58,2012-12-03,train,1710_6
1710,3669,221,Toy / Game Store,35.6988270021162,139.77188855409622,2012-12-08 12:43:02,2012-12-03,train,1710_6
1710,140,69,Train Station,35.71349413258592,139.77619324102182,2012-12-08 20:54:31,2012-12-03,train,1710_6
1710,267,56,Electronics Store,35.71114927176825,139.77445542812347,2012-12-08 21:03:27,2012-12-03,train,1710_6
1710,142,69,Train Station,35.698596195264464,139.77301824864617,2012-12-08 21:25:09,2012-12-03,train,1710_6
1710,633,56,Electronics Store,35.69901541704127,139.7746217250824,2012-12-08 21:26:48,2012-12-03,train,1710_6
1710,142,69,Train Station,35.698596195264464,139.77301824864617,2012-12-08 21:55:49,2012-12-03,train,1710_6
1710,147,236,Subway,35.72949574082487,139.79130506515503,2012-12-09 19:11:49,2012-12-03,train,1710_6
1710,140,69,Train Station,35.71349413258592,139.77619324102182,2012-12-09 19:21:52,2012-12-03,train,1710_6
1710,158,69,Train Station,35.77806243973507,139.72083806991577,2012-12-09 19:40:42,2012-12-03,train,1710_6
1720,264,69,Train Station,35.63626717221624,139.88343089818954,2012-12-04 18:26:53,2012-12-03,train,1720_14
1720,4277,69,Train Station,35.6352208049991,139.88508582115173,2012-12-04 18:32:25,2012-12-03,train,1720_14
1720,323,69,Train Station,35.64592362299403,139.8269248008728,2012-12-08 16:07:25,2012-12-03,train,1720_14
1720,264,69,Train Station,35.63626717221624,139.88343089818954,2012-12-08 22:49:52,2012-12-03,train,1720_14
1720,208,69,Train Station,35.53132692901326,139.69690203666687,2012-12-09 15:00:13,2012-12-03,train,1720_14
1720,1505,69,Train Station,35.53473417006644,139.7480021417141,2012-12-09 17:15:55,2012-12-03,train,1720_14
1720,748,69,Train Station,35.53275445184632,139.7007429599762,2012-12-09 17:38:11,2012-12-03,train,1720_14
1720,306,56,Electronics Store,35.52956759223309,139.69642460346222,2012-12-09 17:45:11,2012-12-03,train,1720_14
1720,93,237,Mall,35.532942167026505,139.69576478004456,2012-12-09 18:20:00,2012-12-03,train,1720_14
1740,893,69,Train Station,35.672195030970535,139.48046654462814,2012-12-03 17:43:35,2012-12-03,train,1740_18
1740,1135,189,Ramen /  Noodle House,35.67214963369757,139.47732791351527,2012-12-03 18:05:31,2012-12-03,train,1740_18
1740,3447,237,Mall,35.671539,139.48109,2012-12-03 18:51:09,2012-12-03,train,1740_18
1740,303,69,Train Station,35.7021955324165,139.54482078552246,2012-12-04 12:34:24,2012-12-03,train,1740_18
1740,1001,269,Shrine,35.69442362943279,139.74307894706726,2012-12-04 13:13:41,2012-12-03,train,1740_18
1740,43,69,Train Station,35.69080269423021,139.70027922656513,2012-12-04 14:42:09,2012-12-03,train,1740_18
1740,931,69,Train Station,35.701341705675524,139.50644373893738,2012-12-05 17:17:07,2012-12-03,train,1740_18
1740,129,69,Train Station,35.70582855009322,139.66579914093018,2012-12-06 07:01:26,2012-12-03,train,1740_18
1740,931,69,Train Station,35.701341705675524,139.50644373893738,2012-12-06 07:29:20,2012-12-03,train,1740_18
1740,136,236,Subway,35.66882850221484,139.83066111803055,2012-12-08 18:31:01,2012-12-03,train,1740_18
1740,129,69,Train Station,35.70582855009322,139.66579914093018,2012-12-09 07:03:10,2012-12-03,train,1740_18
1740,931,69,Train Station,35.701341705675524,139.50644373893738,2012-12-09 07:26:57,2012-12-03,train,1740_18
1740,931,69,Train Station,35.701341705675524,139.50644373893738,2012-12-09 17:11:28,2012-12-03,train,1740_18
1740,129,69,Train Station,35.70582855009322,139.66579914093018,2012-12-09 17:33:52,2012-12-03,train,1740_18
1740,136,236,Subway,35.66882850221484,139.83066111803055,2012-12-09 18:06:29,2012-12-03,train,1740_18
1749,7812,81,Building,35.68036244379114,139.7801874774194,2012-12-03 08:52:47,2012-12-03,train,1749_6
1749,766,69,Train Station,35.75870200242442,139.68940258026123,2012-12-03 13:44:23,2012-12-03,train,1749_6
1749,87,69,Train Station,35.65852172695124,139.7013260344949,2012-12-04 14:29:20,2012-12-03,train,1749_6
1749,3755,69,Train Station,35.7129459968605,139.70402598381042,2012-12-04 14:57:50,2012-12-03,train,1749_6
1749,3755,69,Train Station,35.7129459968605,139.70402598381042,2012-12-06 08:25:02,2012-12-03,train,1749_6
1749,496,236,Subway,35.67983619744879,139.7800612449646,2012-12-06 08:50:17,2012-12-03,train,1749_6
1749,7812,81,Building,35.68036244379114,139.7801874774194,2012-12-06 08:51:52,2012-12-03,train,1749_6
1749,1306,237,Mall,35.7099644999719,139.77458149194717,2012-12-06 10:26:36,2012-12-03,train,1749_6
1749,2581,234,Light Rail,35.64410577086131,139.6689534187317,2012-12-06 13:32:51,2012-12-03,train,1749_6
1749,265,234,Light Rail,35.64398370736576,139.6552312374115,2012-12-06 13:42:05,2012-12-03,train,1749_6
1749,7007,69,Train Station,35.6342834227343,139.7156721353531,2012-12-07 08:12:03,2012-12-03,train,1749_6
1754,177,236,Subway,35.67157800991645,139.74125512674627,2012-12-03 09:22:30,2012-12-03,train,1754_12
1754,7824,59,Office,35.66954322051505,139.73962426185608,2012-12-03 09:28:48,2012-12-03,train,1754_12
1754,7824,59,Office,35.66954322051505,139.73962426185608,2012-12-03 14:20:15,2012-12-03,train,1754_12
1754,1930,69,Train Station,35.666692051408944,139.7581327376774,2012-12-03 20:33:24,2012-12-03,train,1754_12
1754,7824,59,Office,35.66954322051505,139.73962426185608,2012-12-04 09:36:23,2012-12-03,train,1754_12
1754,177,236,Subway,35.67157800991645,139.74125512674627,2012-12-04 22:30:04,2012-12-03,train,1754_12
1754,7824,59,Office,35.66954322051505,139.73962426185608,2012-12-05 09:17:56,2012-12-03,train,1754_12
1754,1930,69,Train Station,35.666692051408944,139.7581327376774,2012-12-05 21:17:56,2012-12-03,train,1754_12
1754,177,236,Subway,35.67157800991645,139.74125512674627,2012-12-06 20:02:52,2012-12-03,train,1754_12
1754,1930,69,Train Station,35.666692051408944,139.7581327376774,2012-12-06 20:14:06,2012-12-03,train,1754_12
1754,7824,59,Office,35.66954322051505,139.73962426185608,2012-12-07 15:17:47,2012-12-03,train,1754_12
1757,654,69,Train Station,35.69589616697144,139.69995975494385,2012-12-08 12:20:04,2012-12-03,train,1757_18
1757,665,200,Arcade,35.68987514653078,139.70226645469666,2012-12-08 12:34:59,2012-12-03,train,1757_18
1757,986,120,Burger Joint,35.6908162332405,139.70273852348328,2012-12-08 19:50:27,2012-12-03,train,1757_18
1757,458,135,Movie Theater,35.742362968107706,139.64863300323486,2012-12-09 15:23:48,2012-12-03,train,1757_18
1757,43,69,Train Station,35.69080269423021,139.70027922656513,2012-12-09 19:30:44,2012-12-03,train,1757_18
1769,2083,122,Fast Food Restaurant,35.605553,139.74239169999998,2012-12-05 20:05:49,2012-12-03,train,1769_7
1769,4286,69,Train Station,35.575729760171434,139.65965151786804,2012-12-06 14:03:25,2012-12-03,train,1769_7
1769,5817,69,Train Station,35.60704570415802,139.73441964516493,2012-12-06 14:47:26,2012-12-03,train,1769_7
1769,7380,26,Japanese Restaurant,35.607289031241194,139.73542745496138,2012-12-06 14:54:29,2012-12-03,train,1769_7
1769,208,69,Train Station,35.53132692901326,139.69690203666687,2012-12-06 20:31:39,2012-12-03,train,1769_7
1769,192,69,Train Station,35.60375363356726,139.50759172439575,2012-12-07 12:51:38,2012-12-03,train,1769_7
1769,220,69,Train Station,35.651889113311164,139.5443956553936,2012-12-07 18:27:40,2012-12-03,train,1769_7
1769,298,69,Train Station,35.633894296867474,139.53109860420227,2012-12-07 18:39:49,2012-12-03,train,1769_7
1769,735,69,Train Station,35.63364359852691,139.53526139259338,2012-12-07 19:08:18,2012-12-03,train,1769_7
1769,4286,69,Train Station,35.575729760171434,139.65965151786804,2012-12-07 19:34:46,2012-12-03,train,1769_7
1769,768,236,Subway,35.63440986098353,139.79161351919174,2012-12-09 12:32:05,2012-12-03,train,1769_7
1769,4659,240,Convention Center,35.6288420285712,139.795081615448,2012-12-09 12:32:41,2012-12-03,train,1769_7
1769,7451,256,Convenience Store,35.634079,139.791346,2012-12-09 19:04:04,2012-12-03,train,1769_7
1769,423,69,Train Station,35.62051789734346,139.75081980228424,2012-12-09 19:08:18,2012-12-03,train,1769_7
1769,109,69,Train Station,35.63014572966312,139.74042892456055,2012-12-09 19:32:53,2012-12-03,train,1769_7
1777,149,69,Train Station,35.712902440367635,139.7038972377777,2012-12-04 13:56:34,2012-12-03,train,1777_13
1777,129,69,Train Station,35.70582855009322,139.66579914093018,2012-12-04 15:03:57,2012-12-03,train,1777_13
1777,1915,166,College Academic Building,35.710692731932305,139.71853144396266,2012-12-04 16:57:27,2012-12-03,train,1777_13
1777,3965,114,Plaza,35.713224757851165,139.70470190048218,2012-12-04 22:31:43,2012-12-03,train,1777_13
1777,102,69,Train Station,35.72614905018888,139.51322972774506,2012-12-04 23:17:52,2012-12-03,train,1777_13
1777,3315,39,Food & Drink Shop,35.727858340463435,139.5116901397705,2012-12-04 23:23:59,2012-12-03,train,1777_13
1777,1632,68,Government Building,35.70718762206679,139.66376066207886,2012-12-05 14:34:20,2012-12-03,train,1777_13
1777,1753,26,Japanese Restaurant,35.70663,139.719079,2012-12-07 15:47:47,2012-12-03,train,1777_13
1777,1915,166,College Academic Building,35.710905881100665,139.7182920311339,2012-12-07 16:25:55,2012-12-03,train,1777_13
1777,111,172,University,35.70905630819684,139.71950232982635,2012-12-07 19:50:32,2012-12-03,train,1777_13
1777,3965,114,Plaza,35.713224757851165,139.70470190048218,2012-12-09 18:47:47,2012-12-03,train,1777_13
1778,335,236,Subway,35.68848092358864,139.78815078735352,2012-12-03 18:31:35,2012-12-03,train,1778_2
1778,335,236,Subway,35.68848092358864,139.78815078735352,2012-12-04 13:28:22,2012-12-03,train,1778_2
1778,3451,236,Subway,35.67221899927465,139.79570388793945,2012-12-04 20:37:07,2012-12-03,train,1778_2
1778,4800,236,Subway,35.6879755117541,139.7969913482666,2012-12-04 20:39:33,2012-12-03,train,1778_2
1778,326,236,Subway,35.69210149576304,139.7848892211914,2012-12-05 18:05:44,2012-12-03,train,1778_2
1778,1930,69,Train Station,35.666692051408944,139.7581327376774,2012-12-05 22:17:21,2012-12-03,train,1778_2
1778,3280,69,Train Station,35.69833581429355,139.77303385734558,2012-12-05 22:28:15,2012-12-03,train,1778_2
1778,943,236,Subway,35.69213199326626,139.78275418281555,2012-12-06 18:11:20,2012-12-03,train,1778_2
1778,3160,236,Subway,35.69055482137934,139.70592498779297,2012-12-06 23:25:21,2012-12-03,train,1778_2
1778,3280,69,Train Station,35.69833581429355,139.77303385734558,2012-12-09 12:27:41,2012-12-03,train,1778_2
1778,4507,281,Train Station,35.68122185670974,139.7683346271515,2012-12-09 12:39:55,2012-12-03,train,1778_2
1779,2806,81,Building,35.660364705092164,139.72897052764893,2012-12-03 19:17:36,2012-12-03,train,1779_8
1779,6863,167,General College & University,35.65894676038441,139.7029167723563,2012-12-04 22:04:01,2012-12-03,train,1779_8
1779,6863,167,General College & University,35.65894676038441,139.7029167723563,2012-12-06 22:20:23,2012-12-03,train,1779_8
1779,7752,58,Smoke Shop,35.65935824514092,139.702393196178,2012-12-06 22:26:47,2012-12-03,train,1779_8
1779,4559,237,Mall,35.6589002289608,139.7032642364502,2012-12-07 14:49:52,2012-12-03,train,1779_8
1779,5269,121,Café,35.661583344272124,139.70292674528085,2012-12-07 14:57:32,2012-12-03,train,1779_8
1779,6863,167,General College & University,35.65894676038441,139.7029167723563,2012-12-07 15:58:57,2012-12-03,train,1779_8
1779,6863,167,General College & University,35.65894676038441,139.7029167723563,2012-12-08 17:05:31,2012-12-03,train,1779_8
1780,208,69,Train Station,35.53132692901326,139.69690203666687,2012-12-03 08:05:19,2012-12-03,train,1780_12
1780,4905,69,Train Station,35.56247782390475,139.7160503268242,2012-12-03 08:12:52,2012-12-03,train,1780_12
1780,4905,69,Train Station,35.56247782390475,139.7160503268242,2012-12-03 18:01:57,2012-12-03,train,1780_12
1780,208,69,Train Station,35.53132692901326,139.69690203666687,2012-12-03 18:08:50,2012-12-03,train,1780_12
1780,681,69,Train Station,35.58105260772628,139.64142322540283,2012-12-03 18:31:44,2012-12-03,train,1780_12
1780,1829,26,Japanese Restaurant,35.58116167877252,139.64158952236176,2012-12-03 18:31:59,2012-12-03,train,1780_12
1780,681,69,Train Station,35.58105260772628,139.64142322540283,2012-12-04 08:42:06,2012-12-03,train,1780_12
1780,1930,69,Train Station,35.666692051408944,139.7581327376774,2012-12-04 09:13:39,2012-12-03,train,1780_12
1780,1930,69,Train Station,35.666692051408944,139.7581327376774,2012-12-04 15:06:25,2012-12-03,train,1780_12
1780,142,69,Train Station,35.698596195264464,139.77301824864617,2012-12-04 17:14:38,2012-12-03,train,1780_12
1780,44,69,Train Station,35.68137872227962,139.76608157157898,2012-12-04 17:19:34,2012-12-03,train,1780_12
1780,4286,69,Train Station,35.575729760171434,139.65965151786804,2012-12-04 17:51:13,2012-12-03,train,1780_12
1780,681,69,Train Station,35.58105260772628,139.64142322540283,2012-12-04 18:08:23,2012-12-03,train,1780_12
1780,1700,122,Fast Food Restaurant,35.5800927761141,139.64179873466492,2012-12-04 18:08:40,2012-12-03,train,1780_12
1780,681,69,Train Station,35.58105260772628,139.64142322540283,2012-12-05 07:42:28,2012-12-03,train,1780_12
1780,4905,69,Train Station,35.56247782390475,139.7160503268242,2012-12-05 18:04:20,2012-12-03,train,1780_12
1780,681,69,Train Station,35.58105260772628,139.64142322540283,2012-12-05 18:38:03,2012-12-03,train,1780_12
1780,4733,59,Office,35.62656595095779,139.7413945198059,2012-12-06 09:21:47,2012-12-03,train,1780_12
1780,7093,69,Train Station,35.6282272323851,139.73871231079102,2012-12-06 17:40:59,2012-12-03,train,1780_12
1780,1930,69,Train Station,35.666692051408944,139.7581327376774,2012-12-06 17:49:06,2012-12-03,train,1780_12
1780,681,69,Train Station,35.58105260772628,139.64142322540283,2012-12-06 21:36:52,2012-12-03,train,1780_12
1780,1829,26,Japanese Restaurant,35.58116167877252,139.64158952236176,2012-12-06 21:37:03,2012-12-03,train,1780_12
1780,109,69,Train Station,35.63014572966312,139.74042892456055,2012-12-07 17:17:53,2012-12-03,train,1780_12
1780,2403,6,Clothing Store,35.53308186175928,139.69515323638916,2012-12-07 17:54:06,2012-12-03,train,1780_12
1780,208,69,Train Station,35.53132692901326,139.69690203666687,2012-12-07 23:14:14,2012-12-03,train,1780_12
1780,2568,14,Dumpling Restaurant,35.58062068492434,139.64216083288193,2012-12-08 19:15:11,2012-12-03,train,1780_12
1780,1829,26,Japanese Restaurant,35.58116167877252,139.64158952236176,2012-12-09 19:15:24,2012-12-03,train,1780_12
1780,2566,32,Bookstore,35.58122712132894,139.64144468307495,2012-12-09 19:39:28,2012-12-03,train,1780_12
1782,5446,59,Office,35.673909836018346,139.7411048412323,2012-12-03 09:16:05,2012-12-03,train,1782_9
1782,177,236,Subway,35.67157800991645,139.74125512674627,2012-12-03 18:44:29,2012-12-03,train,1782_9
1782,177,236,Subway,35.67157800991645,139.74125512674627,2012-12-05 18:45:25,2012-12-03,train,1782_9
1782,5446,59,Office,35.673909836018346,139.7411048412323,2012-12-06 09:19:23,2012-12-03,train,1782_9
1782,107,236,Subway,35.673892404894445,139.75096464157104,2012-12-06 19:12:56,2012-12-03,train,1782_9
1782,2434,69,Train Station,35.67067629738875,139.70252394676208,2012-12-09 15:35:20,2012-12-03,train,1782_9
1782,662,69,Train Station,35.73651527788601,139.74682331085205,2012-12-09 20:55:10,2012-12-03,train,1782_9
1785,149,69,Train Station,35.712902440367635,139.7038972377777,2012-12-08 16:49:36,2012-12-03,train,1785_8
1785,1158,198,Coffee Shop,35.695072805068534,139.70024408916862,2012-12-08 18:04:22,2012-12-03,train,1785_8
1785,2119,225,Department Store,35.69414332530905,139.70047844275317,2012-12-09 11:42:28,2012-12-03,train,1785_8
1785,1158,198,Coffee Shop,35.695072805068534,139.70024408916862,2012-12-09 20:46:04,2012-12-03,train,1785_8
1794,3164,59,Office,35.64227479884827,139.71345126628876,2012-12-03 08:46:13,2012-12-03,train,1794_14
1794,331,69,Train Station,35.64687830575068,139.7099483013153,2012-12-03 19:39:39,2012-12-03,train,1794_14
1794,109,69,Train Station,35.63014572966312,139.74042892456055,2012-12-03 19:49:29,2012-12-03,train,1794_14
1794,3164,59,Office,35.64227479884827,139.71345126628876,2012-12-04 08:46:06,2012-12-03,train,1794_14
1794,1898,198,Coffee Shop,35.6423976342725,139.71368851019537,2012-12-04 08:51:05,2012-12-03,train,1794_14
1794,109,69,Train Station,35.63014572966312,139.74042892456055,2012-12-04 19:33:52,2012-12-03,train,1794_14
1794,43,69,Train Station,35.69080269423021,139.70027922656513,2012-12-05 08:52:31,2012-12-03,train,1794_14
1794,931,69,Train Station,35.701341705675524,139.50644373893738,2012-12-05 09:22:36,2012-12-03,train,1794_14
1794,304,69,Train Station,35.70025262768564,139.48025465011597,2012-12-05 09:25:56,2012-12-03,train,1794_14
1794,129,69,Train Station,35.70582855009322,139.66579914093018,2012-12-05 13:10:57,2012-12-03,train,1794_14
1794,726,69,Train Station,35.706356,139.6843,2012-12-05 13:17:27,2012-12-03,train,1794_14
1794,565,236,Subway,35.72359048983877,139.68326568603516,2012-12-05 13:31:02,2012-12-03,train,1794_14
1794,195,69,Train Station,35.68417610648677,139.70206260681152,2012-12-05 15:32:50,2012-12-03,train,1794_14
1794,43,69,Train Station,35.69080269423021,139.70027922656513,2012-12-06 22:31:57,2012-12-03,train,1794_14
1799,281,69,Train Station,35.74964694346383,139.80514526367188,2012-12-03 17:06:10,2012-12-03,train,1799_14
1799,496,236,Subway,35.67983619744879,139.7800612449646,2012-12-03 17:29:39,2012-12-03,train,1799_14
1799,496,236,Subway,35.67983619744879,139.7800612449646,2012-12-04 10:21:06,2012-12-03,train,1799_14
1799,142,69,Train Station,35.698596195264464,139.77301824864617,2012-12-04 16:46:35,2012-12-03,train,1799_14
1799,496,236,Subway,35.67983619744879,139.7800612449646,2012-12-05 08:39:40,2012-12-03,train,1799_14
1799,281,69,Train Station,35.74964694346383,139.80514526367188,2012-12-05 10:34:11,2012-12-03,train,1799_14
1799,1360,233,Hobby Shop,35.698327101400224,139.77162837982178,2012-12-05 12:08:08,2012-12-03,train,1799_14
1799,496,236,Subway,35.67983619744879,139.7800612449646,2012-12-07 08:27:42,2012-12-03,train,1799_14
1799,496,236,Subway,35.67983619744879,139.7800612449646,2012-12-07 23:31:16,2012-12-03,train,1799_14
1799,496,236,Subway,35.67983619744879,139.7800612449646,2012-12-08 17:32:13,2012-12-03,train,1799_14
1799,142,69,Train Station,35.698596195264464,139.77301824864617,2012-12-08 17:43:26,2012-12-03,train,1799_14
1799,496,236,Subway,35.67983619744879,139.7800612449646,2012-12-08 23:31:05,2012-12-03,train,1799_14
1799,496,236,Subway,35.67983619744879,139.7800612449646,2012-12-09 13:31:29,2012-12-03,train,1799_14
1799,1360,233,Hobby Shop,35.698327101400224,139.77162837982178,2012-12-09 13:50:23,2012-12-03,train,1799_14
1808,3778,69,Train Station,35.63002364484439,139.7403860092163,2012-12-03 16:39:43,2012-12-03,train,1808_8
1808,44,69,Train Station,35.68137872227962,139.76608157157898,2012-12-03 16:47:55,2012-12-03,train,1808_8
1808,189,69,Train Station,35.729864636451765,139.7109555727517,2012-12-04 12:21:21,2012-12-03,train,1808_8
1808,43,69,Train Station,35.69080269423021,139.70027922656513,2012-12-04 20:04:51,2012-12-03,train,1808_8
1808,2434,69,Train Station,35.67067629738875,139.70252394676208,2012-12-04 20:05:02,2012-12-03,train,1808_8
1808,87,69,Train Station,35.65852172695124,139.7013260344949,2012-12-04 20:07:50,2012-12-03,train,1808_8
1808,70,15,Clothing Store,35.65958452621023,139.6987098455429,2012-12-04 20:29:27,2012-12-03,train,1808_8
1808,331,69,Train Station,35.64687830575068,139.7099483013153,2012-12-04 20:46:26,2012-12-03,train,1808_8
1808,43,69,Train Station,35.69080269423021,139.70027922656513,2012-12-05 10:31:07,2012-12-03,train,1808_8
1808,2434,69,Train Station,35.67067629738875,139.70252394676208,2012-12-05 10:36:00,2012-12-03,train,1808_8
1808,3746,81,Building,35.65978719911075,139.70037013292313,2012-12-05 10:44:30,2012-12-03,train,1808_8
1808,279,69,Train Station,35.699583,139.765222,2012-12-05 16:44:08,2012-12-03,train,1808_8
1808,189,69,Train Station,35.729864636451765,139.7109555727517,2012-12-06 16:22:49,2012-12-03,train,1808_8
1808,279,69,Train Station,35.699583,139.765222,2012-12-06 16:37:58,2012-12-03,train,1808_8
1808,44,69,Train Station,35.68137872227962,139.76608157157898,2012-12-06 16:53:03,2012-12-03,train,1808_8
1808,264,69,Train Station,35.63626717221624,139.88343089818954,2012-12-06 17:23:29,2012-12-03,train,1808_8
1808,4079,281,Train Station,35.68113470903764,139.76781964302063,2012-12-07 14:20:30,2012-12-03,train,1808_8
1808,1827,211,Airport,35.54896343042385,139.7843717278998,2012-12-08 16:12:15,2012-12-03,train,1808_8
1808,1826,211,Airport,35.55137976854632,139.78840827941897,2012-12-08 16:12:28,2012-12-03,train,1808_8
1808,3605,212,Airport,35.550227542635206,139.78566169738767,2012-12-08 16:12:51,2012-12-03,train,1808_8
1808,896,80,Hotel,35.63599399691247,139.883646600972,2012-12-08 17:14:16,2012-12-03,train,1808_8
1808,44,69,Train Station,35.68137872227962,139.76608157157898,2012-12-09 16:05:16,2012-12-03,train,1808_8
1808,264,69,Train Station,35.63626717221624,139.88343089818954,2012-12-09 17:03:14,2012-12-03,train,1808_8
1811,302,69,Train Station,35.70270629939949,139.56082955002785,2012-12-04 22:26:30,2012-12-03,train,1811_14
1811,660,237,Mall,35.66464029868698,139.76191341876984,2012-12-05 20:56:56,2012-12-03,train,1811_14
1811,455,69,Train Station,35.70173812637094,139.52482223510742,2012-12-06 09:07:55,2012-12-03,train,1811_14
1818,661,236,Subway,35.7019167328534,139.7449779510498,2012-12-03 13:41:09,2012-12-03,train,1818_12
1818,142,69,Train Station,35.698596195264464,139.77301824864617,2012-12-03 14:38:01,2012-12-03,train,1818_12
1818,633,56,Electronics Store,35.69901541704127,139.7746217250824,2012-12-03 14:38:09,2012-12-03,train,1818_12
1818,869,32,Bookstore,35.69766927520336,139.77349519729614,2012-12-03 15:18:12,2012-12-03,train,1818_12
1818,2611,56,Electronics Store,35.699114,139.770549,2012-12-03 15:47:32,2012-12-03,train,1818_12
1818,2067,56,Electronics Store,35.700517108631374,139.770851369492,2012-12-03 15:50:17,2012-12-03,train,1818_12
1818,3576,32,Bookstore,35.700371337908884,139.77054342627525,2012-12-03 15:50:59,2012-12-03,train,1818_12
1818,4883,238,Bus Station,35.698910521335264,139.77361210855048,2012-12-03 16:04:34,2012-12-03,train,1818_12
1818,662,69,Train Station,35.73651527788601,139.74682331085205,2012-12-03 16:25:32,2012-12-03,train,1818_12
1818,662,69,Train Station,35.73651527788601,139.74682331085205,2012-12-03 16:25:43,2012-12-03,train,1818_12
1818,6992,69,Train Station,35.73660236503065,139.74705398082733,2012-12-03 16:25:54,2012-12-03,train,1818_12
1818,846,59,Office,35.72989637621322,139.7474241256714,2012-12-03 16:38:24,2012-12-03,train,1818_12
1818,194,236,Subway,35.725682527331706,139.71950568258762,2012-12-04 12:34:17,2012-12-03,train,1818_12
1818,110,189,Ramen /  Noodle House,35.72644736208901,139.7188425064087,2012-12-04 12:34:37,2012-12-03,train,1818_12
1818,176,236,Subway,35.709470113886056,139.73347127437592,2012-12-04 13:01:02,2012-12-03,train,1818_12
1818,1672,236,Subway,35.70108904090712,139.743213057518,2012-12-04 14:36:19,2012-12-03,train,1818_12
1818,1192,236,Subway,35.724399,139.753634,2012-12-04 14:58:06,2012-12-03,train,1818_12
1818,568,236,Subway,35.72791059844179,139.74472045898438,2012-12-04 19:00:12,2012-12-03,train,1818_12
1818,3485,236,Subway,35.73363076430695,139.73928423186445,2012-12-04 19:09:35,2012-12-03,train,1818_12
1818,184,69,Train Station,35.73345743556765,139.73963349959945,2012-12-04 19:09:43,2012-12-03,train,1818_12
1818,5245,69,Train Station,35.73369360286466,139.7402787208557,2012-12-04 19:09:54,2012-12-03,train,1818_12
1818,333,69,Train Station,35.65561813580688,139.75674211978912,2012-12-04 19:33:43,2012-12-03,train,1818_12
1818,2796,234,Light Rail,35.65551788382668,139.75673139095306,2012-12-04 19:37:56,2012-12-03,train,1818_12
1818,1549,69,Train Station,35.65563992969896,139.7567367553711,2012-12-04 19:38:37,2012-12-03,train,1818_12
1818,4097,234,Light Rail,35.54917132100349,139.78479266166687,2012-12-04 20:03:05,2012-12-03,train,1818_12
1818,1827,211,Airport,35.5492149803978,139.7843667345853,2012-12-04 20:03:27,2012-12-03,train,1818_12
1818,3605,212,Airport,35.550227542635206,139.78566169738767,2012-12-04 20:03:57,2012-12-03,train,1818_12
1818,4918,115,Scenic Lookout,35.54859009937324,139.78391234472025,2012-12-04 20:04:08,2012-12-03,train,1818_12
1818,3999,234,Light Rail,35.54428720618168,139.76827293634415,2012-12-04 22:12:59,2012-12-03,train,1818_12
1818,1826,211,Airport,35.55137976854632,139.78840827941897,2012-12-05 05:38:12,2012-12-03,train,1818_12
1818,1827,211,Airport,35.54896343042385,139.7843717278998,2012-12-09 18:00:40,2012-12-03,train,1818_12
1818,1827,211,Airport,35.54896343042385,139.7843717278998,2012-12-09 18:03:15,2012-12-03,train,1818_12
1818,3605,212,Airport,35.550227542635206,139.78566169738767,2012-12-09 18:03:27,2012-12-03,train,1818_12
1818,6092,215,Airport,35.550588,139.782144,2012-12-09 18:03:53,2012-12-03,train,1818_12
1818,6548,211,Airport,35.54900110216595,139.7844386100769,2012-12-09 18:07:06,2012-12-03,train,1818_12
1818,4918,115,Scenic Lookout,35.54859009937324,139.78391234472025,2012-12-09 18:33:13,2012-12-03,train,1818_12
1818,4097,234,Light Rail,35.54917132100349,139.78479266166687,2012-12-09 18:50:53,2012-12-03,train,1818_12
1818,2796,234,Light Rail,35.65551788382668,139.75673139095306,2012-12-09 19:11:08,2012-12-03,train,1818_12
1818,333,69,Train Station,35.65561813580688,139.75674211978912,2012-12-09 19:11:14,2012-12-03,train,1818_12
1818,1549,69,Train Station,35.65563992969896,139.7567367553711,2012-12-09 19:11:47,2012-12-03,train,1818_12
1818,6735,281,Train Station,35.6549026510188,139.75711448203003,2012-12-09 19:13:48,2012-12-03,train,1818_12
1818,44,69,Train Station,35.68137872227962,139.76608157157898,2012-12-09 19:20:12,2012-12-03,train,1818_12
1818,3512,281,Train Station,35.681356935413355,139.76652145385742,2012-12-09 19:20:23,2012-12-03,train,1818_12
1829,5193,229,Road,35.663363310511734,139.76279318332672,2012-12-04 17:01:47,2012-12-03,train,1829_6
1829,2008,257,Rest Area,35.5936689609791,139.75559949874878,2012-12-04 17:08:22,2012-12-03,train,1829_6
1829,2933,236,Subway,35.67170476862561,139.74148035049438,2012-12-05 08:21:26,2012-12-03,train,1829_6
1829,1605,69,Train Station,35.62567861195804,139.71341103315353,2012-12-05 08:44:40,2012-12-03,train,1829_6
1829,1772,231,Hotel,35.66410422764,139.76044356822968,2012-12-05 20:01:17,2012-12-03,train,1829_6
1829,5193,229,Road,35.663363310511734,139.76279318332672,2012-12-05 20:02:09,2012-12-03,train,1829_6
1829,874,197,Bridge,35.63519464564313,139.767524600029,2012-12-05 20:06:10,2012-12-03,train,1829_6
1829,2008,257,Rest Area,35.5936689609791,139.75559949874878,2012-12-05 20:11:10,2012-12-03,train,1829_6
1829,1605,69,Train Station,35.62567861195804,139.71341103315353,2012-12-06 13:45:44,2012-12-03,train,1829_6
1829,1605,69,Train Station,35.62567861195804,139.71341103315353,2012-12-06 19:09:58,2012-12-03,train,1829_6
1829,174,69,Train Station,35.619699172885795,139.72855277359486,2012-12-06 19:15:05,2012-12-03,train,1829_6
1829,4276,237,Mall,35.6112770532857,139.749156832695,2012-12-06 19:21:45,2012-12-03,train,1829_6
1829,2549,240,Convention Center,35.62986667837494,139.79426622390747,2012-12-08 15:54:42,2012-12-03,train,1829_6
1833,7274,69,Train Station,35.55331135478374,139.64713960459878,2012-12-03 17:16:25,2012-12-03,train,1833_11
1833,907,69,Train Station,35.71942693768768,139.6638035774231,2012-12-05 19:36:41,2012-12-03,train,1833_11
1833,861,240,Convention Center,35.70750125077018,139.66468334197998,2012-12-08 14:31:48,2012-12-03,train,1833_11
1844,3160,236,Subway,35.69055482137934,139.70592498779297,2012-12-03 17:53:47,2012-12-03,train,1844_14
1844,3160,236,Subway,35.69055482137934,139.70592498779297,2012-12-04 08:35:49,2012-12-03,train,1844_14
1844,3160,236,Subway,35.69055482137934,139.70592498779297,2012-12-04 17:54:57,2012-12-03,train,1844_14
1852,331,69,Train Station,35.64687830575068,139.7099483013153,2012-12-03 12:52:55,2012-12-03,train,1852_9
1852,7506,281,Train Station,35.750027,139.80548,2012-12-05 11:45:33,2012-12-03,train,1852_9
1852,6311,238,Bus Station,35.78025422098599,139.8673334934494,2012-12-06 11:11:49,2012-12-03,train,1852_9
1852,131,69,Train Station,35.66158508135192,139.66747283935547,2012-12-08 15:56:00,2012-12-03,train,1852_9
1852,2069,201,Art Gallery,35.704269073577095,139.7707164287567,2012-12-08 18:04:00,2012-12-03,train,1852_9
1852,6311,238,Bus Station,35.78025422098599,139.8673334934494,2012-12-08 19:39:17,2012-12-03,train,1852_9
1852,666,69,Train Station,35.7666243337412,139.84766364097595,2012-12-09 13:54:37,2012-12-03,train,1852_9
1855,3479,139,Food & Drink Shop,35.682189189477825,139.76793766021729,2012-12-03 20:02:01,2012-12-03,train,1855_8
1855,1360,233,Hobby Shop,35.698327101400224,139.77162837982178,2012-12-05 18:50:31,2012-12-03,train,1855_8
1855,1856,69,Train Station,35.80191699809086,139.71758723258972,2012-12-09 16:39:51,2012-12-03,train,1855_8
1858,1434,69,Train Station,35.68971829766635,139.69925165176392,2012-12-08 11:05:45,2012-12-03,train,1858_19
1858,43,69,Train Station,35.69080269423021,139.70027922656513,2012-12-08 11:38:18,2012-12-03,train,1858_19
1858,189,69,Train Station,35.729864636451765,139.7109555727517,2012-12-08 17:58:23,2012-12-03,train,1858_19
1858,189,69,Train Station,35.729864636451765,139.7109555727517,2012-12-08 22:52:39,2012-12-03,train,1858_19
1859,2172,269,Shrine,35.67472909454745,139.7395384311676,2012-12-09 15:56:28,2012-12-03,train,1859_4
1859,4234,26,Japanese Restaurant,35.64691994149861,139.7462469333316,2012-12-09 17:42:51,2012-12-03,train,1859_4
1864,2427,189,Ramen /  Noodle House,35.699856005659775,139.75323658294087,2012-12-08 15:29:45,2012-12-03,train,1864_14
1864,1342,20,Record Shop,35.66188145562874,139.70105677843094,2012-12-09 18:24:37,2012-12-03,train,1864_14
1864,1538,241,Miscellaneous Shop,35.6611143670042,139.69965934753418,2012-12-09 19:08:07,2012-12-03,train,1864_14
1864,2123,237,Mall,35.660132,139.69929698448018,2012-12-09 19:08:40,2012-12-03,train,1864_14
1869,178,236,Subway,35.65686825257085,139.754547162523,2012-12-05 14:45:31,2012-12-03,train,1869_8
1869,1385,69,Train Station,35.75086595372428,139.86690044403076,2012-12-05 15:21:56,2012-12-03,train,1869_8
1878,2975,198,Coffee Shop,35.58822530623615,139.72840333582246,2012-12-03 08:54:25,2012-12-03,train,1878_9
1878,3288,32,Bookstore,35.58923688636136,139.72832679748535,2012-12-03 20:15:46,2012-12-03,train,1878_9
1878,3811,69,Train Station,35.531649979217406,139.69715416431427,2012-12-04 08:46:23,2012-12-03,train,1878_9
1878,2975,198,Coffee Shop,35.58822530623615,139.72840333582246,2012-12-05 08:57:28,2012-12-03,train,1878_9
1878,209,69,Train Station,35.58843420093637,139.7279191017151,2012-12-05 20:13:24,2012-12-03,train,1878_9
1878,210,69,Train Station,35.56225734268442,139.71595281921518,2012-12-06 08:56:22,2012-12-03,train,1878_9
1878,2975,198,Coffee Shop,35.58822530623615,139.72840333582246,2012-12-06 09:05:48,2012-12-03,train,1878_9
1878,3810,69,Train Station,35.53098641522781,139.69662576913834,2012-12-06 20:39:16,2012-12-03,train,1878_9
1885,4174,208,Playground,35.59177437751179,139.75231331098016,2012-12-05 18:40:31,2012-12-03,train,1885_12
1885,578,69,Train Station,35.57907348779101,139.73499476909635,2012-12-06 17:05:59,2012-12-03,train,1885_12
1885,578,69,Train Station,35.57907348779101,139.73499476909635,2012-12-07 17:06:12,2012-12-03,train,1885_12
1885,3811,69,Train Station,35.531649979217406,139.69715416431427,2012-12-08 13:24:24,2012-12-03,train,1885_12
1885,93,237,Mall,35.532942167026505,139.69576478004456,2012-12-08 13:24:36,2012-12-03,train,1885_12
1885,3760,237,Mall,35.52929692161215,139.6966391801834,2012-12-08 15:35:40,2012-12-03,train,1885_12
1885,877,220,Sporting Goods Shop,35.52990374641056,139.6967625617981,2012-12-08 15:37:41,2012-12-03,train,1885_12
1885,2737,98,Donut Shop,35.53073321173258,139.69759941101074,2012-12-08 16:18:13,2012-12-03,train,1885_12
1885,2507,225,Department Store,35.52970292720117,139.6964406967163,2012-12-08 17:16:48,2012-12-03,train,1885_12
1885,2622,237,Mall,35.588498078054926,139.7281935566625,2012-12-09 13:52:39,2012-12-03,train,1885_12
1885,2449,225,Department Store,35.59701123330767,139.74503244252506,2012-12-09 17:03:20,2012-12-03,train,1885_12
1885,4909,56,Electronics Store,35.59835679217814,139.73886012380916,2012-12-09 17:04:37,2012-12-03,train,1885_12
1891,7261,105,Garden,35.72832866103417,139.55312490463257,2012-12-03 08:56:02,2012-12-03,train,1891_22
1891,7261,105,Garden,35.72832866103417,139.55312490463257,2012-12-04 08:43:27,2012-12-03,train,1891_22
1891,141,69,Train Station,35.70735750443432,139.77461636066437,2012-12-04 18:35:54,2012-12-03,train,1891_22
1891,142,69,Train Station,35.698596195264464,139.77301824864617,2012-12-04 21:47:32,2012-12-03,train,1891_22
1891,7261,105,Garden,35.72832866103417,139.55312490463257,2012-12-05 08:36:13,2012-12-03,train,1891_22
1891,5799,26,Japanese Restaurant,35.7042712516382,139.5809742808342,2012-12-06 18:23:59,2012-12-03,train,1891_22
1891,2594,56,Electronics Store,35.70470468461301,139.58154559135437,2012-12-06 18:41:15,2012-12-03,train,1891_22
1891,261,69,Train Station,35.70320181647976,139.57990407943726,2012-12-06 19:00:03,2012-12-03,train,1891_22
1891,953,69,Train Station,35.72866506918325,139.56423126161098,2012-12-06 19:25:12,2012-12-03,train,1891_22
1891,7261,105,Garden,35.72832866103417,139.55312490463257,2012-12-07 08:43:07,2012-12-03,train,1891_22
1891,7261,105,Garden,35.72832866103417,139.55312490463257,2012-12-08 00:12:35,2012-12-03,train,1891_22
1891,43,69,Train Station,35.69080269423021,139.70027922656513,2012-12-08 17:09:55,2012-12-03,train,1891_22
1891,289,69,Train Station,35.55319972801149,139.64681446552277,2012-12-08 18:55:42,2012-12-03,train,1891_22
1891,4286,69,Train Station,35.575729760171434,139.65965151786804,2012-12-08 19:05:45,2012-12-03,train,1891_22
1891,149,69,Train Station,35.712902440367635,139.7038972377777,2012-12-09 11:57:49,2012-12-03,train,1891_22
1891,87,69,Train Station,35.65852172695124,139.7013260344949,2012-12-09 12:24:24,2012-12-03,train,1891_22
1891,7601,44,Bar,35.68502140266677,139.7034788131714,2012-12-09 15:37:00,2012-12-03,train,1891_22
1891,6630,39,Food & Drink Shop,35.73214338082541,139.54987406730652,2012-12-09 18:10:09,2012-12-03,train,1891_22
1893,5434,49,Bar,35.71108550537292,139.77512482829474,2012-12-03 21:47:00,2012-12-03,train,1893_1
1893,1075,69,Train Station,35.57261660301611,139.73216772079468,2012-12-04 00:21:25,2012-12-03,train,1893_1
1893,400,69,Train Station,35.63346919921755,139.6616443991661,2012-12-07 14:17:32,2012-12-03,train,1893_1
1893,5434,49,Bar,35.71108550537292,139.77512482829474,2012-12-07 22:27:01,2012-12-03,train,1893_1
1893,1075,69,Train Station,35.57261660301611,139.73216772079468,2012-12-07 23:57:09,2012-12-03,train,1893_1
1893,736,69,Train Station,35.60426612084161,139.60000187158585,2012-12-08 10:28:52,2012-12-03,train,1893_1
1893,533,69,Train Station,35.59379110129347,139.60565328598022,2012-12-08 16:35:37,2012-12-03,train,1893_1
1893,5346,35,Bar,35.663512810346745,139.7329279185504,2012-12-08 17:01:05,2012-12-03,train,1893_1
1893,106,236,Subway,35.66318884920453,139.73212469669195,2012-12-08 20:17:38,2012-12-03,train,1893_1
1893,5434,49,Bar,35.71108550537292,139.77512482829474,2012-12-08 21:09:01,2012-12-03,train,1893_1
1893,140,69,Train Station,35.71349413258592,139.77619324102182,2012-12-08 22:17:23,2012-12-03,train,1893_1
1893,1075,69,Train Station,35.57261660301611,139.73216772079468,2012-12-09 07:11:52,2012-12-03,train,1893_1
1893,331,69,Train Station,35.64687830575068,139.7099483013153,2012-12-09 09:43:51,2012-12-03,train,1893_1
1893,354,69,Train Station,35.6483652265509,139.70339048812886,2012-12-09 15:37:36,2012-12-03,train,1893_1
1893,1342,20,Record Shop,35.66188145562874,139.70105677843094,2012-12-09 22:00:58,2012-12-03,train,1893_1
1901,4032,69,Train Station,35.7332058958136,139.77757215499878,2012-12-03 18:54:23,2012-12-03,train,1901_16
1901,5909,237,Mall,35.71388550837579,139.77676739598317,2012-12-04 19:02:33,2012-12-03,train,1901_16
1901,281,69,Train Station,35.74964694346383,139.80514526367188,2012-12-04 19:17:42,2012-12-03,train,1901_16
1901,184,69,Train Station,35.73345743556765,139.73963349959945,2012-12-05 19:23:06,2012-12-03,train,1901_16
1901,148,69,Train Station,35.73313214348965,139.79887408195768,2012-12-06 19:14:42,2012-12-03,train,1901_16
1901,281,69,Train Station,35.74964694346383,139.80514526367188,2012-12-07 08:12:31,2012-12-03,train,1901_16
1901,142,69,Train Station,35.698596195264464,139.77301824864617,2012-12-07 08:31:50,2012-12-03,train,1901_16
1901,666,69,Train Station,35.7666243337412,139.84766364097595,2012-12-08 12:46:35,2012-12-03,train,1901_16
1901,1848,69,Train Station,35.7277712437567,139.77096319198608,2012-12-09 10:20:41,2012-12-03,train,1901_16
1901,142,69,Train Station,35.698596195264464,139.77301824864617,2012-12-09 14:08:04,2012-12-03,train,1901_16
1901,1792,56,Electronics Store,35.69980827959299,139.77182149887085,2012-12-09 14:13:15,2012-12-03,train,1901_16
1901,142,69,Train Station,35.698596195264464,139.77301824864617,2012-12-09 14:39:04,2012-12-03,train,1901_16
1901,3967,39,Food & Drink Shop,35.752954446508525,139.7302838131227,2012-12-09 16:13:42,2012-12-03,train,1901_16
1901,3967,39,Food & Drink Shop,35.752954446508525,139.7302838131227,2012-12-09 19:46:16,2012-12-03,train,1901_16
1902,6462,153,College Academic Building,35.60828085437723,139.55499708652496,2012-12-03 08:57:49,2012-12-03,train,1902_14
1902,2801,69,Train Station,35.62104117889108,139.56945419311523,2012-12-03 22:28:51,2012-12-03,train,1902_14
1902,43,69,Train Station,35.69080269423021,139.70027922656513,2012-12-05 17:24:39,2012-12-03,train,1902_14
1902,44,69,Train Station,35.68137872227962,139.76608157157898,2012-12-05 17:42:02,2012-12-03,train,1902_14
1902,4818,69,Train Station,35.67751799670805,139.76539492607117,2012-12-06 09:12:08,2012-12-03,train,1902_14
1902,630,69,Train Station,35.61718625786023,139.56456184387207,2012-12-06 14:04:22,2012-12-03,train,1902_14
1902,64,6,Clothing Store,35.68979,139.70171,2012-12-06 14:47:20,2012-12-03,train,1902_14
1902,264,69,Train Station,35.63626717221624,139.88343089818954,2012-12-06 15:39:54,2012-12-03,train,1902_14
1902,6897,153,College Academic Building,35.61062287095995,139.55454647541046,2012-12-07 10:51:00,2012-12-03,train,1902_14
1902,2801,69,Train Station,35.62104117889108,139.56945419311523,2012-12-07 18:43:06,2012-12-03,train,1902_14
1904,1481,189,Ramen /  Noodle House,35.633576,139.53457587,2012-12-03 18:24:20,2012-12-03,train,1904_3
1904,306,56,Electronics Store,35.52956759223309,139.69642460346222,2012-12-09 20:48:56,2012-12-03,train,1904_3
1908,6871,256,Convenience Store,35.77174295898009,139.67004776000977,2012-12-03 16:34:43,2012-12-03,train,1908_22
1908,6835,32,Bookstore,35.76867813080449,139.66149378915694,2012-12-03 16:59:27,2012-12-03,train,1908_22
1908,1456,39,Food & Drink Shop,35.770128,139.660808,2012-12-03 17:03:14,2012-12-03,train,1908_22
1908,1456,39,Food & Drink Shop,35.770128,139.660808,2012-12-03 17:07:26,2012-12-03,train,1908_22
1908,7057,241,Miscellaneous Shop,35.76796060526723,139.66136813163757,2012-12-04 16:45:51,2012-12-03,train,1908_22
1908,6835,32,Bookstore,35.76867813080449,139.66149378915694,2012-12-04 16:49:05,2012-12-03,train,1908_22
1908,1068,69,Train Station,35.768687561684025,139.66219639181472,2012-12-04 16:49:25,2012-12-03,train,1908_22
1908,5915,241,Miscellaneous Shop,35.76967552670894,139.65952813625336,2012-12-04 16:56:01,2012-12-03,train,1908_22
1908,1456,39,Food & Drink Shop,35.770128,139.660808,2012-12-04 17:02:34,2012-12-03,train,1908_22
1908,6723,32,Bookstore,35.769687080623164,139.66092573354797,2012-12-04 17:21:06,2012-12-03,train,1908_22
1908,6871,256,Convenience Store,35.77174295898009,139.67004776000977,2012-12-05 16:52:20,2012-12-03,train,1908_22
1908,6723,32,Bookstore,35.769687080623164,139.66092573354797,2012-12-05 17:13:46,2012-12-03,train,1908_22
1908,6835,32,Bookstore,35.76867813080449,139.66149378915694,2012-12-06 17:47:22,2012-12-03,train,1908_22
1908,1456,39,Food & Drink Shop,35.770128,139.660808,2012-12-06 17:51:59,2012-12-03,train,1908_22
1908,6048,241,Miscellaneous Shop,35.7698069771204,139.660744,2012-12-06 18:03:04,2012-12-03,train,1908_22
1908,5399,256,Convenience Store,35.76942307866547,139.66723144054413,2012-12-06 18:59:48,2012-12-03,train,1908_22
1908,1613,69,Train Station,35.7634337314575,139.67648774385452,2012-12-07 15:24:21,2012-12-03,train,1908_22
1908,189,69,Train Station,35.729864636451765,139.7109555727517,2012-12-07 15:43:57,2012-12-03,train,1908_22
1908,312,236,Subway,35.69085980180074,139.704852104187,2012-12-07 16:02:27,2012-12-03,train,1908_22
1908,556,135,Movie Theater,35.68997971226908,139.70543146133423,2012-12-07 16:02:31,2012-12-03,train,1908_22
1908,1613,69,Train Station,35.7634337314575,139.67648774385452,2012-12-07 19:48:48,2012-12-03,train,1908_22
1908,1456,39,Food & Drink Shop,35.770128,139.660808,2012-12-07 19:58:21,2012-12-03,train,1908_22
1908,1455,134,Movie Theater,35.770193477944666,139.660906791687,2012-12-07 20:07:01,2012-12-03,train,1908_22
1908,6723,32,Bookstore,35.769687080623164,139.66092573354797,2012-12-07 20:07:14,2012-12-03,train,1908_22
1908,1456,39,Food & Drink Shop,35.770128,139.660808,2012-12-08 09:26:48,2012-12-03,train,1908_22
1908,6753,197,Bridge,35.77645215141448,139.67722535133362,2012-12-08 16:51:22,2012-12-03,train,1908_22
1908,1106,125,Post Office,35.77804503138708,139.68623757362366,2012-12-08 17:03:15,2012-12-03,train,1908_22
1908,5823,237,Mall,35.77971621541425,139.69405889511108,2012-12-08 17:11:25,2012-12-03,train,1908_22
1908,6753,197,Bridge,35.77645215141448,139.67722535133362,2012-12-08 18:20:24,2012-12-03,train,1908_22
1908,7726,277,Neighborhood,35.73310982635617,139.71336433206957,2012-12-09 08:46:57,2012-12-03,train,1908_22
1908,3353,69,Train Station,35.73029700958634,139.7106885910034,2012-12-09 08:47:01,2012-12-03,train,1908_22
1908,2422,69,Train Station,35.730227334361864,139.71116065979004,2012-12-09 08:47:06,2012-12-03,train,1908_22
1908,4658,240,Convention Center,35.631732815339795,139.79763507843018,2012-12-09 09:37:07,2012-12-03,train,1908_22
1908,4316,240,Convention Center,35.63193773894066,139.79659974575043,2012-12-09 12:48:53,2012-12-03,train,1908_22
1908,4315,61,Office,35.69982798063144,139.77235902664074,2012-12-09 21:50:26,2012-12-03,train,1908_22
1917,7468,287,Concert Hall,35.62480870495168,139.77458953857422,2012-12-04 19:38:03,2012-12-03,train,1917_14
1917,1527,22,Indian Restaurant,35.70037351607646,139.7702081501484,2012-12-04 20:32:45,2012-12-03,train,1917_14
1917,3418,114,Plaza,35.729060265291,139.71898466348648,2012-12-06 19:12:25,2012-12-03,train,1917_14
1917,5729,69,Train Station,35.68957996542578,139.7014577686787,2012-12-08 10:39:03,2012-12-03,train,1917_14
1917,2122,20,Record Shop,35.68994485703822,139.70154762268066,2012-12-08 11:30:10,2012-12-03,train,1917_14
1922,257,69,Train Station,35.60350065991548,139.61753010749817,2012-12-08 18:09:30,2012-12-03,train,1922_8
1922,1459,146,Art Museum,35.71698707069705,139.7733475113645,2012-12-09 11:27:53,2012-12-03,train,1922_8
1929,3651,69,Train Station,35.70027005305057,139.47976112365723,2012-12-07 18:33:07,2012-12-03,train,1929_12
1929,4011,69,Train Station,35.70025480585646,139.48025733232498,2012-12-07 18:37:00,2012-12-03,train,1929_12
1929,4011,69,Train Station,35.70025480585646,139.48025733232498,2012-12-07 21:04:42,2012-12-03,train,1929_12
1932,6636,221,Toy / Game Store,35.69920492062089,139.7704267501831,2012-12-08 08:44:21,2012-12-03,train,1932_3
1932,1722,200,Arcade,35.700226,139.771692,2012-12-08 10:50:48,2012-12-03,train,1932_3
1932,101,32,Bookstore,35.700426881163665,139.77175176143646,2012-12-08 10:51:03,2012-12-03,train,1932_3
1932,2003,233,Hobby Shop,35.700487869791004,139.77178394794464,2012-12-08 10:55:12,2012-12-03,train,1932_3
1932,2159,56,Electronics Store,35.70033975447226,139.77115899324417,2012-12-08 10:57:17,2012-12-03,train,1932_3
1932,6636,221,Toy / Game Store,35.69920492062089,139.7704267501831,2012-12-08 12:26:25,2012-12-03,train,1932_3
1932,43,69,Train Station,35.69080269423021,139.70027922656513,2012-12-08 14:52:52,2012-12-03,train,1932_3
1932,2330,52,Bar,35.69522089425661,139.70130622386932,2012-12-08 15:05:13,2012-12-03,train,1932_3
1932,43,69,Train Station,35.69080269423021,139.70027922656513,2012-12-09 08:39:22,2012-12-03,train,1932_3
1932,1495,200,Arcade,35.69870393316757,139.77099269628525,2012-12-09 10:17:55,2012-12-03,train,1932_3
1932,6460,81,Building,35.698083684557574,139.77145805954933,2012-12-09 10:27:24,2012-12-03,train,1932_3
1932,4203,189,Ramen /  Noodle House,35.680192343713244,139.76831539675888,2012-12-09 11:01:01,2012-12-03,train,1932_3
1932,189,69,Train Station,35.729864636451765,139.7109555727517,2012-12-09 12:42:26,2012-12-03,train,1932_3
1932,158,69,Train Station,35.77806243973507,139.72083806991577,2012-12-09 12:55:24,2012-12-03,train,1932_3
1932,6841,69,Train Station,35.77766178195395,139.7212199169708,2012-12-09 12:56:34,2012-12-03,train,1932_3
1932,1856,69,Train Station,35.80191699809086,139.71758723258972,2012-12-09 13:05:33,2012-12-03,train,1932_3
1932,4832,124,Event Space,35.80094241730704,139.71669673919678,2012-12-09 17:15:57,2012-12-03,train,1932_3
1932,44,69,Train Station,35.68137872227962,139.76608157157898,2012-12-09 22:37:37,2012-12-03,train,1932_3
1934,7274,69,Train Station,35.55331135478374,139.64713960459878,2012-12-07 17:14:00,2012-12-03,train,1934_15
1934,228,69,Train Station,35.615524747038364,139.69873666763306,2012-12-07 17:33:25,2012-12-03,train,1934_15
1934,237,236,Subway,35.66953450447677,139.75550293922424,2012-12-08 12:42:49,2012-12-03,train,1934_15
1934,228,69,Train Station,35.615524747038364,139.69873666763306,2012-12-08 23:48:34,2012-12-03,train,1934_15
1936,399,236,Subway,35.71072458537359,139.68632340431213,2012-12-03 07:41:02,2012-12-03,train,1936_8
1936,4572,236,Subway,35.66458473051395,139.85937416553497,2012-12-03 08:18:03,2012-12-03,train,1936_8
1936,564,236,Subway,35.66360737808987,139.872704744339,2012-12-03 08:20:19,2012-12-03,train,1936_8
1936,6156,238,Bus Station,35.66314539240082,139.87308025360107,2012-12-03 08:22:48,2012-12-03,train,1936_8
1936,2128,39,Food & Drink Shop,35.712458162780656,139.68531489372253,2012-12-04 20:22:55,2012-12-03,train,1936_8
1936,4572,236,Subway,35.66458473051395,139.85937416553497,2012-12-05 08:20:41,2012-12-03,train,1936_8
1936,6156,238,Bus Station,35.66314539240082,139.87308025360107,2012-12-05 08:25:14,2012-12-03,train,1936_8
1936,6156,238,Bus Station,35.66314539240082,139.87308025360107,2012-12-05 18:11:45,2012-12-03,train,1936_8
1936,5798,197,Bridge,35.665673205920875,139.8462688922882,2012-12-06 08:19:38,2012-12-03,train,1936_8
1936,6156,238,Bus Station,35.66314539240082,139.87308025360107,2012-12-06 08:26:06,2012-12-03,train,1936_8
1936,7533,69,Train Station,35.700197084309465,139.74364288151264,2012-12-06 17:02:24,2012-12-03,train,1936_8
1936,3659,236,Subway,35.71397610097812,139.68631267547607,2012-12-06 17:41:44,2012-12-03,train,1936_8
1936,5798,197,Bridge,35.665673205920875,139.8462688922882,2012-12-07 08:16:23,2012-12-03,train,1936_8
1936,4572,236,Subway,35.66458473051395,139.85937416553497,2012-12-07 08:17:30,2012-12-03,train,1936_8
1936,564,236,Subway,35.66360737808987,139.872704744339,2012-12-07 08:19:35,2012-12-03,train,1936_8
1936,6156,238,Bus Station,35.66314539240082,139.87308025360107,2012-12-07 18:31:33,2012-12-03,train,1936_8
1936,4572,236,Subway,35.66458473051395,139.85937416553497,2012-12-07 18:43:00,2012-12-03,train,1936_8
1936,1205,237,Mall,35.712636745245646,139.70429688692093,2012-12-09 15:14:32,2012-12-03,train,1936_8
1936,3819,200,Arcade,35.71259318858375,139.70429956912994,2012-12-09 15:14:47,2012-12-03,train,1936_8
1937,3353,69,Train Station,35.73029700958634,139.7106885910034,2012-12-03 10:15:13,2012-12-03,train,1937_12
1937,189,69,Train Station,35.729864636451765,139.7109555727517,2012-12-03 10:15:29,2012-12-03,train,1937_12
1937,4210,281,Train Station,35.6813177190391,139.76661264896393,2012-12-03 10:40:02,2012-12-03,train,1937_12
1937,44,69,Train Station,35.68137872227962,139.76608157157898,2012-12-03 10:40:07,2012-12-03,train,1937_12
1937,6638,67,Gift Shop,35.68130028953327,139.7692358493805,2012-12-03 10:40:39,2012-12-03,train,1937_12
1937,189,69,Train Station,35.729864636451765,139.7109555727517,2012-12-03 20:58:41,2012-12-03,train,1937_12
1937,3353,69,Train Station,35.73029700958634,139.7106885910034,2012-12-03 20:58:47,2012-12-03,train,1937_12
1937,3353,69,Train Station,35.73029700958634,139.7106885910034,2012-12-04 15:45:27,2012-12-03,train,1937_12
1937,189,69,Train Station,35.729864636451765,139.7109555727517,2012-12-04 15:45:34,2012-12-03,train,1937_12
1937,968,32,Bookstore,35.727292210167334,139.71135914325714,2012-12-04 15:52:34,2012-12-03,train,1937_12
1937,822,32,Bookstore,35.72686107747378,139.71225768327713,2012-12-04 15:52:58,2012-12-03,train,1937_12
1937,866,69,Train Station,35.740987518110416,139.716666044614,2012-12-04 16:16:23,2012-12-03,train,1937_12
1937,6819,283,Elementary School,35.74102504132459,139.71536927755125,2012-12-04 16:19:37,2012-12-03,train,1937_12
1937,189,69,Train Station,35.729864636451765,139.7109555727517,2012-12-04 18:32:54,2012-12-03,train,1937_12
1937,189,69,Train Station,35.729864636451765,139.7109555727517,2012-12-04 20:14:06,2012-12-03,train,1937_12
1937,1389,87,Theater,35.730333,139.70855497625502,2012-12-04 20:20:38,2012-12-03,train,1937_12
1937,3353,69,Train Station,35.73029700958634,139.7106885910034,2012-12-05 12:43:11,2012-12-03,train,1937_12
1937,189,69,Train Station,35.729864636451765,139.7109555727517,2012-12-05 12:43:25,2012-12-03,train,1937_12
1937,6819,283,Elementary School,35.74102504132459,139.71536927755125,2012-12-05 12:48:23,2012-12-03,train,1937_12
1937,189,69,Train Station,35.729864636451765,139.7109555727517,2012-12-08 10:34:45,2012-12-03,train,1937_12
1937,6638,67,Gift Shop,35.68130028953327,139.7692358493805,2012-12-08 19:56:56,2012-12-03,train,1937_12
1937,3512,281,Train Station,35.681356935413355,139.76652145385742,2012-12-08 19:57:27,2012-12-03,train,1937_12
1937,114,32,Bookstore,35.69949897700794,139.77110266685486,2012-12-08 20:14:48,2012-12-03,train,1937_12
1937,1360,233,Hobby Shop,35.698327101400224,139.77162837982178,2012-12-08 20:29:13,2012-12-03,train,1937_12
1937,142,69,Train Station,35.698596195264464,139.77301824864617,2012-12-08 20:55:46,2012-12-03,train,1937_12
1937,4393,281,Train Station,35.729701616191086,139.7108607392586,2012-12-08 21:19:15,2012-12-03,train,1937_12
1937,189,69,Train Station,35.729864636451765,139.7109555727517,2012-12-08 21:19:24,2012-12-03,train,1937_12
1937,189,69,Train Station,35.729864636451765,139.7109555727517,2012-12-09 10:16:55,2012-12-03,train,1937_12
1937,422,69,Train Station,35.73792607790286,139.76102828979492,2012-12-09 10:27:58,2012-12-03,train,1937_12
1937,44,69,Train Station,35.68137872227962,139.76608157157898,2012-12-09 10:40:55,2012-12-03,train,1937_12
1937,5664,69,Train Station,35.68170116720479,139.76932168006897,2012-12-09 10:42:57,2012-12-03,train,1937_12
1937,6638,67,Gift Shop,35.68130028953327,139.7692358493805,2012-12-09 10:43:01,2012-12-03,train,1937_12
1937,142,69,Train Station,35.698596195264464,139.77301824864617,2012-12-09 20:17:29,2012-12-03,train,1937_12
1937,3353,69,Train Station,35.73029700958634,139.7106885910034,2012-12-09 21:11:50,2012-12-03,train,1937_12
1954,7670,81,Building,35.706893437946405,139.66262493371204,2012-12-03 17:46:23,2012-12-03,train,1954_7
1954,7670,81,Building,35.706893437946405,139.66262493371204,2012-12-09 17:45:47,2012-12-03,train,1954_7
1956,281,69,Train Station,35.74964694346383,139.80514526367188,2012-12-03 05:52:02,2012-12-03,train,1956_8
1956,144,69,Train Station,35.69070402187532,139.7784203457596,2012-12-03 06:10:31,2012-12-03,train,1956_8
1956,144,69,Train Station,35.69070402187532,139.7784203457596,2012-12-04 06:57:45,2012-12-03,train,1956_8
1956,144,69,Train Station,35.69070402187532,139.7784203457596,2012-12-05 06:09:54,2012-12-03,train,1956_8
1956,3725,81,Building,35.68695596434279,139.77313041687012,2012-12-05 09:52:59,2012-12-03,train,1956_8
1956,450,69,Train Station,35.843186474808554,139.80073034763336,2012-12-05 17:42:56,2012-12-03,train,1956_8
1956,144,69,Train Station,35.69070402187532,139.7784203457596,2012-12-06 06:10:41,2012-12-03,train,1956_8
1956,912,269,Shrine,35.68821056959461,139.77955836737684,2012-12-06 06:18:10,2012-12-03,train,1956_8
1956,144,69,Train Station,35.69070402187532,139.7784203457596,2012-12-07 06:11:11,2012-12-03,train,1956_8
1956,450,69,Train Station,35.843186474808554,139.80073034763336,2012-12-07 17:53:58,2012-12-03,train,1956_8
1967,1763,225,Department Store,35.75092690374719,139.8046624660492,2012-12-03 19:07:35,2012-12-03,train,1967_7
1967,1362,69,Train Station,35.713250891644044,139.79230552911758,2012-12-05 18:46:48,2012-12-03,train,1967_7
1967,158,69,Train Station,35.77806243973507,139.72083806991577,2012-12-06 18:52:10,2012-12-03,train,1967_7
1967,2232,46,Bar,35.78004112,139.720823,2012-12-06 19:10:20,2012-12-03,train,1967_7
1967,2913,236,Subway,35.65688048559283,139.75433801683195,2012-12-07 19:02:36,2012-12-03,train,1967_7
1968,4503,69,Train Station,35.698494824429865,139.7725135087967,2012-12-03 09:17:53,2012-12-03,train,1968_14
1968,5717,26,Japanese Restaurant,35.69855363631777,139.77070033550262,2012-12-03 15:09:45,2012-12-03,train,1968_14
1968,142,69,Train Station,35.698596195264464,139.77301824864617,2012-12-03 20:11:49,2012-12-03,train,1968_14
1968,5717,26,Japanese Restaurant,35.69855363631777,139.77070033550262,2012-12-04 14:21:35,2012-12-03,train,1968_14
1968,4315,61,Office,35.69982798063144,139.77235902664074,2012-12-05 09:19:13,2012-12-03,train,1968_14
1968,1181,39,Food & Drink Shop,35.70025262768564,139.77230429649353,2012-12-05 09:19:42,2012-12-03,train,1968_14
1968,5717,26,Japanese Restaurant,35.69855363631777,139.77070033550262,2012-12-05 17:56:23,2012-12-03,train,1968_14
1968,5715,22,Indian Restaurant,35.69824623894549,139.77204950450232,2012-12-06 14:51:03,2012-12-03,train,1968_14
1968,3691,189,Ramen /  Noodle House,35.701635754182334,139.77131724357605,2012-12-07 13:38:21,2012-12-03,train,1968_14
1968,142,69,Train Station,35.698596195264464,139.77301824864617,2012-12-08 17:08:27,2012-12-03,train,1968_14
1968,6588,32,Bookstore,35.699507689773235,139.77045357227323,2012-12-08 17:20:21,2012-12-03,train,1968_14
1968,7022,121,Café,35.699527,139.770389,2012-12-08 17:21:19,2012-12-03,train,1968_14
1968,1060,180,Restaurant,35.70172941384936,139.77201730012894,2012-12-09 09:07:03,2012-12-03,train,1968_14
1968,142,69,Train Station,35.698596195264464,139.77301824864617,2012-12-09 10:07:45,2012-12-03,train,1968_14
1972,6564,69,Train Station,35.629073264174785,139.7396684264861,2012-12-05 10:19:04,2012-12-03,train,1972_15
1972,2487,69,Train Station,35.57490948663387,139.663245677948,2012-12-05 10:30:38,2012-12-03,train,1972_15
1972,2631,69,Train Station,35.65850795400803,139.70132499933243,2012-12-06 00:22:00,2012-12-03,train,1972_15
1972,7093,69,Train Station,35.6282272323851,139.73871231079102,2012-12-06 00:40:06,2012-12-03,train,1972_15
1972,1549,69,Train Station,35.65563992969896,139.7567367553711,2012-12-06 01:03:52,2012-12-03,train,1972_15
1972,2846,236,Subway,35.686520256346704,139.7661942243576,2012-12-06 09:14:22,2012-12-03,train,1972_15
1972,2552,236,Subway,35.69541694176286,139.75110948085785,2012-12-06 09:23:03,2012-12-03,train,1972_15
1972,2552,236,Subway,35.69541694176286,139.75110948085785,2012-12-06 17:38:55,2012-12-03,train,1972_15
1972,87,69,Train Station,35.65852172695124,139.7013260344949,2012-12-06 18:01:27,2012-12-03,train,1972_15
1972,1549,69,Train Station,35.65563992969896,139.7567367553711,2012-12-06 19:59:31,2012-12-03,train,1972_15
1972,1549,69,Train Station,35.65563992969896,139.7567367553711,2012-12-07 08:53:36,2012-12-03,train,1972_15
1972,3206,236,Subway,35.68173602603758,139.76484775543213,2012-12-07 09:04:01,2012-12-03,train,1972_15
1972,2846,236,Subway,35.686520256346704,139.7661942243576,2012-12-07 09:06:04,2012-12-03,train,1972_15
1972,2907,236,Subway,35.68658996978597,139.76590991020203,2012-12-07 17:49:02,2012-12-03,train,1972_15
1972,2846,236,Subway,35.686520256346704,139.7661942243576,2012-12-07 17:51:22,2012-12-03,train,1972_15
1972,3206,236,Subway,35.68173602603758,139.76484775543213,2012-12-07 17:53:05,2012-12-03,train,1972_15
1972,3185,69,Train Station,35.68082969143581,139.76808786392212,2012-12-07 18:14:14,2012-12-03,train,1972_15
1977,1165,166,College Academic Building,35.69920709882033,139.75462317466736,2012-12-03 12:20:46,2012-12-03,train,1977_3
1977,6662,89,School,35.70165209017868,139.75399687886238,2012-12-03 16:36:09,2012-12-03,train,1977_3
1977,142,69,Train Station,35.698596195264464,139.77301824864617,2012-12-04 12:27:34,2012-12-03,train,1977_3
1977,7072,281,Train Station,35.69827482402015,139.77340936660767,2012-12-04 12:41:48,2012-12-03,train,1977_3
1977,1163,172,University,35.700309260107765,139.75617349147797,2012-12-04 14:53:57,2012-12-03,train,1977_3
1977,4311,180,Restaurant,35.69766491872041,139.75748777389526,2012-12-04 15:06:10,2012-12-03,train,1977_3
1977,2680,200,Arcade,35.69777165248459,139.7574046254158,2012-12-04 16:06:25,2012-12-03,train,1977_3
1977,2680,200,Arcade,35.69777165248459,139.7574046254158,2012-12-05 16:42:39,2012-12-03,train,1977_3
1977,1165,166,College Academic Building,35.69920709882033,139.75462317466736,2012-12-06 14:35:16,2012-12-03,train,1977_3
1977,1162,69,Train Station,35.702002,139.754315,2012-12-07 12:52:21,2012-12-03,train,1977_3
1977,981,26,Japanese Restaurant,35.69540169364076,139.75895762443542,2012-12-07 14:59:29,2012-12-03,train,1977_3
1977,6662,89,School,35.70165209017868,139.75399687886238,2012-12-07 16:15:14,2012-12-03,train,1977_3
1977,6662,89,School,35.70165209017868,139.75399687886238,2012-12-08 09:29:19,2012-12-03,train,1977_3
1977,1165,166,College Academic Building,35.69920709882033,139.75462317466736,2012-12-08 13:14:25,2012-12-03,train,1977_3
1987,309,69,Train Station,35.57742263857478,139.55844104290009,2012-12-03 21:49:51,2012-12-03,train,1987_14
1987,1017,69,Train Station,35.56771428060273,139.6925863623619,2012-12-04 00:48:47,2012-12-03,train,1987_14
1987,7059,32,Bookstore,35.682521,139.768695,2012-12-04 17:05:11,2012-12-03,train,1987_14
1987,2672,223,Food & Drink Shop,35.674487,139.766776,2012-12-04 17:29:14,2012-12-03,train,1987_14
1987,2740,228,Furniture / Home Store,35.569128065242275,139.69536244869232,2012-12-04 18:48:11,2012-12-03,train,1987_14
1987,8,231,Hotel,35.68607583173909,139.76199388504028,2012-12-05 09:47:55,2012-12-03,train,1987_14
1987,8,231,Hotel,35.68607583173909,139.76199388504028,2012-12-06 16:58:10,2012-12-03,train,1987_14
1987,1865,68,Government Building,35.561242843002255,139.71601009368896,2012-12-09 16:51:42,2012-12-03,train,1987_14
2003,73,69,Train Station,35.70537552095303,139.64986145496368,2012-12-05 20:45:21,2012-12-03,train,2003_6
2003,279,69,Train Station,35.699583,139.765222,2012-12-06 21:10:32,2012-12-03,train,2003_6
2003,96,237,Mall,35.6657865198251,139.73096072673798,2012-12-09 16:44:26,2012-12-03,train,2003_6
2003,87,69,Train Station,35.65852172695124,139.7013260344949,2012-12-09 17:00:00,2012-12-03,train,2003_6
2005,4791,237,Mall,35.6682793850276,139.8617935180664,2012-12-04 18:50:22,2012-12-03,train,2005_13
2005,4791,237,Mall,35.6682793850276,139.8617935180664,2012-12-05 19:17:58,2012-12-03,train,2005_13
2008,87,69,Train Station,35.65852172695124,139.7013260344949,2012-12-03 18:14:01,2012-12-03,train,2008_7
2008,158,69,Train Station,35.77806243973507,139.72083806991577,2012-12-03 18:43:07,2012-12-03,train,2008_7
2008,3743,69,Train Station,35.73037539414103,139.71240520477295,2012-12-04 08:21:05,2012-12-03,train,2008_7
2008,87,69,Train Station,35.65852172695124,139.7013260344949,2012-12-04 08:39:10,2012-12-03,train,2008_7
2008,87,69,Train Station,35.65852172695124,139.7013260344949,2012-12-04 18:19:26,2012-12-03,train,2008_7
2008,87,69,Train Station,35.65852172695124,139.7013260344949,2012-12-05 08:36:26,2012-12-03,train,2008_7
2008,87,69,Train Station,35.65852172695124,139.7013260344949,2012-12-06 18:14:27,2012-12-03,train,2008_7
2008,87,69,Train Station,35.65852172695124,139.7013260344949,2012-12-07 18:19:48,2012-12-03,train,2008_7
2008,129,69,Train Station,35.70582855009322,139.66579914093018,2012-12-09 12:17:53,2012-12-03,train,2008_7
2009,6439,46,Bar,35.69061534898183,139.70297162346213,2012-12-04 18:47:58,2012-12-03,train,2009_19
2009,2970,198,Coffee Shop,35.69061716988411,139.70320100136473,2012-12-07 13:48:22,2012-12-03,train,2009_19
2009,508,236,Subway,35.6955607096278,139.77587163448334,2012-12-09 13:32:00,2012-12-03,train,2009_19
2009,6176,195,Soup Place,35.69548664742672,139.77280721068382,2012-12-09 14:13:54,2012-12-03,train,2009_19
2015,333,69,Train Station,35.65561813580688,139.75674211978912,2012-12-03 18:07:40,2012-12-03,train,2015_20
2015,1930,69,Train Station,35.666692051408944,139.7581327376774,2012-12-03 18:14:18,2012-12-03,train,2015_20
2015,208,69,Train Station,35.53132692901326,139.69690203666687,2012-12-03 18:33:02,2012-12-03,train,2015_20
2015,1930,69,Train Station,35.666692051408944,139.7581327376774,2012-12-04 12:20:32,2012-12-03,train,2015_20
2015,208,69,Train Station,35.53132692901326,139.69690203666687,2012-12-05 08:36:17,2012-12-03,train,2015_20
2015,3633,69,Train Station,35.62850802377022,139.73833131832686,2012-12-05 08:47:50,2012-12-03,train,2015_20
2015,1930,69,Train Station,35.666692051408944,139.7581327376774,2012-12-06 20:15:43,2012-12-03,train,2015_20
2015,208,69,Train Station,35.53132692901326,139.69690203666687,2012-12-07 08:44:00,2012-12-03,train,2015_20
2018,311,69,Train Station,35.568403721907565,139.5535111427307,2012-12-08 12:33:57,2012-12-03,train,2018_12
2018,2295,124,Event Space,35.56492472104849,139.55397483928687,2012-12-08 12:40:22,2012-12-03,train,2018_12
2018,7093,69,Train Station,35.6282272323851,139.73871231079102,2012-12-09 09:05:36,2012-12-03,train,2018_12
2018,4349,69,Train Station,35.69168759992342,139.77088004350662,2012-12-09 09:23:24,2012-12-03,train,2018_12
2018,1052,122,Fast Food Restaurant,35.69616409617386,139.77509111166,2012-12-09 09:34:56,2012-12-03,train,2018_12
2018,142,69,Train Station,35.698596195264464,139.77301824864617,2012-12-09 18:05:50,2012-12-03,train,2018_12
2018,6834,281,Train Station,35.62820962139427,139.73841117491816,2012-12-09 18:37:32,2012-12-03,train,2018_12
2018,7093,69,Train Station,35.6282272323851,139.73871231079102,2012-12-09 18:37:37,2012-12-03,train,2018_12
2018,1252,69,Train Station,35.628118180509254,139.7380268850527,2012-12-09 18:38:05,2012-12-03,train,2018_12
2033,4831,69,Train Station,35.64560124661176,139.74765225458034,2012-12-04 20:16:48,2012-12-03,train,2033_4
2033,4701,69,Train Station,35.84756205126618,139.66937720775604,2012-12-08 17:07:47,2012-12-03,train,2033_4
2033,4701,69,Train Station,35.84756205126618,139.66937720775604,2012-12-09 20:16:28,2012-12-03,train,2033_4
2033,1488,98,Donut Shop,35.84650432534296,139.6691358089447,2012-12-09 20:25:28,2012-12-03,train,2033_4
2036,300,69,Train Station,35.74588638274114,139.85629266137698,2012-12-07 18:31:18,2012-12-03,train,2036_13
2036,1715,69,Train Station,35.728102210735656,139.7712743282318,2012-12-07 18:51:51,2012-12-03,train,2036_13
2036,4402,69,Train Station,35.72890115251862,139.7711259399643,2012-12-07 18:56:03,2012-12-03,train,2036_13
2037,179,122,Fast Food Restaurant,35.670741121372096,139.74764726435217,2012-12-04 07:30:46,2012-12-03,train,2037_11
2037,179,122,Fast Food Restaurant,35.670741121372096,139.74764726435217,2012-12-06 07:30:53,2012-12-03,train,2037_11
2037,1319,26,Japanese Restaurant,35.690433,139.70412573,2012-12-07 18:35:12,2012-12-03,train,2037_11
2045,1818,69,Train Station,35.689657835710044,139.70007455736703,2012-12-03 09:32:09,2012-12-03,train,2045_18
2045,142,69,Train Station,35.698596195264464,139.77301824864617,2012-12-03 09:49:46,2012-12-03,train,2045_18
2045,2953,26,Japanese Restaurant,35.69901977345045,139.77462708950043,2012-12-06 21:34:57,2012-12-03,train,2045_18
2045,633,56,Electronics Store,35.69901541704127,139.7746217250824,2012-12-07 17:19:02,2012-12-03,train,2045_18
2045,269,69,Train Station,35.732117253229084,139.76670384407043,2012-12-08 07:07:14,2012-12-03,train,2045_18
2045,4402,69,Train Station,35.72890115251862,139.7711259399643,2012-12-08 13:13:20,2012-12-03,train,2045_18
2045,4031,281,Train Station,35.72797156603984,139.77124750614166,2012-12-08 13:37:18,2012-12-03,train,2045_18
2045,142,69,Train Station,35.698596195264464,139.77301824864617,2012-12-08 17:58:10,2012-12-03,train,2045_18
2064,4249,59,Office,35.60994903582562,139.74740274368554,2012-12-06 12:55:36,2012-12-03,train,2064_13
2064,2549,240,Convention Center,35.62986667837494,139.79426622390747,2012-12-08 08:21:16,2012-12-03,train,2064_13
2065,7450,26,Japanese Restaurant,35.7019379119296,139.63613095211898,2012-12-07 20:18:58,2012-12-03,train,2065_10
2065,7267,237,Mall,35.709914,139.809866,2012-12-08 14:06:12,2012-12-03,train,2065_10
2065,7450,26,Japanese Restaurant,35.7019379119296,139.63613095211898,2012-12-08 19:44:06,2012-12-03,train,2065_10
2067,3846,69,Train Station,35.68931963874774,139.70046132802963,2012-12-03 14:27:11,2012-12-03,train,2067_12
2067,633,56,Electronics Store,35.69901541704127,139.7746217250824,2012-12-03 20:18:37,2012-12-03,train,2067_12
2067,57,210,Music Venue,35.66099015025527,139.69756186008453,2012-12-04 18:41:48,2012-12-03,train,2067_12
2067,1545,20,Record Shop,35.689689977699615,139.7023120522499,2012-12-08 13:11:32,2012-12-03,train,2067_12
2067,331,69,Train Station,35.64687830575068,139.7099483013153,2012-12-08 17:21:47,2012-12-03,train,2067_12
2072,4152,69,Train Station,35.696906887060386,139.81450080871582,2012-12-03 19:56:45,2012-12-03,train,2072_12
2072,4349,69,Train Station,35.69168759992342,139.77088004350662,2012-12-04 16:03:28,2012-12-03,train,2072_12
2072,208,69,Train Station,35.53132692901326,139.69690203666687,2012-12-04 16:34:22,2012-12-03,train,2072_12
2072,44,69,Train Station,35.68137872227962,139.76608157157898,2012-12-04 20:47:28,2012-12-03,train,2072_12
2072,1189,69,Train Station,35.688672630688174,139.77317333221436,2012-12-05 09:50:16,2012-12-03,train,2072_12
2076,220,69,Train Station,35.651889113311164,139.5443956553936,2012-12-08 10:25:55,2012-12-03,train,2076_5
2076,142,69,Train Station,35.698596195264464,139.77301824864617,2012-12-08 11:18:41,2012-12-03,train,2076_5
2076,388,122,Fast Food Restaurant,35.69980392322686,139.77180004119873,2012-12-08 15:01:38,2012-12-03,train,2076_5
2076,142,69,Train Station,35.698596195264464,139.77301824864617,2012-12-08 16:16:47,2012-12-03,train,2076_5
2076,1930,69,Train Station,35.666692051408944,139.7581327376774,2012-12-08 16:33:18,2012-12-03,train,2076_5
2076,87,69,Train Station,35.65852172695124,139.7013260344949,2012-12-08 22:11:29,2012-12-03,train,2076_5
2076,43,69,Train Station,35.69080269423021,139.70027922656513,2012-12-09 08:58:20,2012-12-03,train,2076_5
2076,158,69,Train Station,35.77806243973507,139.72083806991577,2012-12-09 09:26:40,2012-12-03,train,2076_5
2076,4832,124,Event Space,35.80094241730704,139.71669673919678,2012-12-09 09:41:25,2012-12-03,train,2076_5
2076,2368,237,Mall,35.807553234105065,139.7139796614647,2012-12-09 14:59:08,2012-12-03,train,2076_5
2076,44,69,Train Station,35.68137872227962,139.76608157157898,2012-12-09 21:15:39,2012-12-03,train,2076_5
2076,43,69,Train Station,35.69080269423021,139.70027922656513,2012-12-09 21:36:51,2012-12-03,train,2076_5
2082,2837,172,University,35.59837995234855,139.65107917785645,2012-12-04 13:38:11,2012-12-03,train,2082_5
2082,4014,11,Gym / Fitness Center,35.667059111088115,139.69382286071777,2012-12-05 13:51:44,2012-12-03,train,2082_5
2082,1119,32,Bookstore,35.549476841087575,139.6941339969635,2012-12-09 13:56:37,2012-12-03,train,2082_5
2082,1146,62,Government Building,35.57629696568392,139.65564966201782,2012-12-09 18:45:16,2012-12-03,train,2082_5
2089,189,69,Train Station,35.729864636451765,139.7109555727517,2012-12-04 13:37:07,2012-12-03,train,2089_20
2089,968,32,Bookstore,35.727292210167334,139.71135914325714,2012-12-04 13:39:35,2012-12-03,train,2089_20
2089,822,32,Bookstore,35.72686107747378,139.71225768327713,2012-12-04 13:52:28,2012-12-03,train,2089_20
2089,142,69,Train Station,35.698596195264464,139.77301824864617,2012-12-04 15:36:56,2012-12-03,train,2089_20
2089,2159,56,Electronics Store,35.70033975447226,139.77115899324417,2012-12-04 15:46:45,2012-12-03,train,2089_20
2089,1792,56,Electronics Store,35.69980827959299,139.77182149887085,2012-12-04 16:01:45,2012-12-03,train,2089_20
2089,2095,221,Toy / Game Store,35.69889343748743,139.77101683616638,2012-12-04 16:11:49,2012-12-03,train,2089_20
2089,3576,32,Bookstore,35.700371337908884,139.77054342627525,2012-12-04 16:21:24,2012-12-03,train,2089_20
2089,189,69,Train Station,35.729864636451765,139.7109555727517,2012-12-08 07:20:46,2012-12-03,train,2089_20
2089,896,80,Hotel,35.63604669201795,139.88339151813105,2012-12-08 08:06:09,2012-12-03,train,2089_20
2089,264,69,Train Station,35.63626717221624,139.88343089818954,2012-12-08 18:09:04,2012-12-03,train,2089_20
2089,323,69,Train Station,35.64592362299403,139.8269248008728,2012-12-08 18:23:26,2012-12-03,train,2089_20
2089,323,69,Train Station,35.64592362299403,139.8269248008728,2012-12-09 06:34:48,2012-12-03,train,2089_20
2089,264,69,Train Station,35.63626717221624,139.88343089818954,2012-12-09 16:17:02,2012-12-03,train,2089_20
2089,323,69,Train Station,35.64592362299403,139.8269248008728,2012-12-09 16:36:27,2012-12-03,train,2089_20
2089,189,69,Train Station,35.729864636451765,139.7109555727517,2012-12-09 17:20:56,2012-12-03,train,2089_20
2096,1360,233,Hobby Shop,35.698327101400224,139.77162837982178,2012-12-09 13:22:58,2012-12-03,train,2096_10
2096,143,69,Train Station,35.691670172683054,139.7708773612976,2012-12-09 14:33:18,2012-12-03,train,2096_10
2096,2362,69,Train Station,35.71369516481194,139.77750778198242,2012-12-09 15:18:41,2012-12-03,train,2096_10
2100,357,69,Train Station,35.551330668348115,139.675130546093,2012-12-03 00:49:24,2012-12-03,train,2100_4
2100,197,69,Train Station,35.55137976854632,139.67172145843506,2012-12-03 08:09:50,2012-12-03,train,2100_4
2100,6950,193,Bar,35.55174638240904,139.67150688171387,2012-12-03 08:10:27,2012-12-03,train,2100_4
2100,158,69,Train Station,35.77806243973507,139.72083806991577,2012-12-03 08:55:48,2012-12-03,train,2100_4
2100,189,69,Train Station,35.729864636451765,139.7109555727517,2012-12-03 09:08:24,2012-12-03,train,2100_4
2100,197,69,Train Station,35.55137976854632,139.67172145843506,2012-12-03 19:18:20,2012-12-03,train,2100_4
2100,6950,193,Bar,35.55174638240904,139.67150688171387,2012-12-03 19:21:04,2012-12-03,train,2100_4
2100,197,69,Train Station,35.55137976854632,139.67172145843506,2012-12-04 08:41:21,2012-12-03,train,2100_4
2100,6950,193,Bar,35.55174638240904,139.67150688171387,2012-12-04 08:41:57,2012-12-03,train,2100_4
2100,189,69,Train Station,35.729864636451765,139.7109555727517,2012-12-04 09:15:31,2012-12-03,train,2100_4
2100,189,69,Train Station,35.729864636451765,139.7109555727517,2012-12-04 16:43:20,2012-12-03,train,2100_4
2100,189,69,Train Station,35.729864636451765,139.7109555727517,2012-12-04 21:39:56,2012-12-03,train,2100_4
2100,4286,69,Train Station,35.575729760171434,139.65965151786804,2012-12-04 22:20:31,2012-12-03,train,2100_4
2100,6950,193,Bar,35.55174638240904,139.67150688171387,2012-12-04 22:32:45,2012-12-03,train,2100_4
2100,5483,256,Convenience Store,35.55183426514661,139.666561685064,2012-12-04 23:21:01,2012-12-03,train,2100_4
2100,197,69,Train Station,35.55137976854632,139.67172145843506,2012-12-05 09:10:46,2012-12-03,train,2100_4
2100,6950,193,Bar,35.55174638240904,139.67150688171387,2012-12-05 09:11:05,2012-12-03,train,2100_4
2100,197,69,Train Station,35.55137976854632,139.67172145843506,2012-12-05 18:11:04,2012-12-03,train,2100_4
2100,6950,193,Bar,35.55174638240904,139.67150688171387,2012-12-05 18:16:04,2012-12-03,train,2100_4
2100,357,69,Train Station,35.551330668348115,139.675130546093,2012-12-05 18:19:33,2012-12-03,train,2100_4
2100,2733,122,Fast Food Restaurant,35.551235741213,139.67544436454773,2012-12-05 18:20:12,2012-12-03,train,2100_4
2100,6950,193,Bar,35.55174638240904,139.67150688171387,2012-12-06 09:10:03,2012-12-03,train,2100_4
2100,189,69,Train Station,35.729864636451765,139.7109555727517,2012-12-06 17:32:57,2012-12-03,train,2100_4
2100,4286,69,Train Station,35.575729760171434,139.65965151786804,2012-12-06 23:19:16,2012-12-03,train,2100_4
2100,5483,256,Convenience Store,35.55183426514661,139.666561685064,2012-12-07 20:32:01,2012-12-03,train,2100_4
2100,5072,256,Convenience Store,35.55144087097319,139.6719440817833,2012-12-08 11:08:41,2012-12-03,train,2100_4
2100,197,69,Train Station,35.55137976854632,139.67172145843506,2012-12-08 11:11:06,2012-12-03,train,2100_4
2100,6950,193,Bar,35.55174638240904,139.67150688171387,2012-12-08 11:11:29,2012-12-03,train,2100_4
2100,4286,69,Train Station,35.575729760171434,139.65965151786804,2012-12-08 17:22:10,2012-12-03,train,2100_4
2100,6950,193,Bar,35.55174638240904,139.67150688171387,2012-12-08 17:27:47,2012-12-03,train,2100_4
2100,357,69,Train Station,35.551330668348115,139.675130546093,2012-12-08 17:34:50,2012-12-03,train,2100_4
2100,2733,122,Fast Food Restaurant,35.551235741213,139.67544436454773,2012-12-08 17:37:00,2012-12-03,train,2100_4
2100,357,69,Train Station,35.551330668348115,139.675130546093,2012-12-08 18:13:31,2012-12-03,train,2100_4
2100,5072,256,Convenience Store,35.55144087097319,139.6719440817833,2012-12-09 15:46:22,2012-12-03,train,2100_4
2100,197,69,Train Station,35.55137976854632,139.67172145843506,2012-12-09 15:48:31,2012-12-03,train,2100_4
2100,6950,193,Bar,35.55174638240904,139.67150688171387,2012-12-09 15:48:47,2012-12-03,train,2100_4
2100,4286,69,Train Station,35.575729760171434,139.65965151786804,2012-12-09 15:53:25,2012-12-03,train,2100_4
2100,189,69,Train Station,35.729864636451765,139.7109555727517,2012-12-09 21:34:14,2012-12-03,train,2100_4
2100,6950,193,Bar,35.55174638240904,139.67150688171387,2012-12-09 22:19:54,2012-12-03,train,2100_4
2101,659,69,Train Station,35.737055216647526,139.4882583618164,2012-12-03 16:26:08,2012-12-03,train,2101_9
2101,659,69,Train Station,35.737055216647526,139.4882583618164,2012-12-04 07:06:25,2012-12-03,train,2101_9
2101,659,69,Train Station,35.737055216647526,139.4882583618164,2012-12-04 12:42:49,2012-12-03,train,2101_9
2101,659,69,Train Station,35.737055216647526,139.4882583618164,2012-12-05 07:04:21,2012-12-03,train,2101_9
2101,659,69,Train Station,35.737055216647526,139.4882583618164,2012-12-06 14:01:55,2012-12-03,train,2101_9
2101,659,69,Train Station,35.737055216647526,139.4882583618164,2012-12-07 07:04:49,2012-12-03,train,2101_9
2101,659,69,Train Station,35.737055216647526,139.4882583618164,2012-12-07 14:02:33,2012-12-03,train,2101_9
2101,659,69,Train Station,35.737055216647526,139.4882583618164,2012-12-09 09:28:58,2012-12-03,train,2101_9
2101,659,69,Train Station,35.737055216647526,139.4882583618164,2012-12-09 12:42:26,2012-12-03,train,2101_9
2101,1233,122,Fast Food Restaurant,35.72900332098821,139.71941002664653,2012-12-09 14:03:51,2012-12-03,train,2101_9
2101,657,233,Hobby Shop,35.731267,139.715835,2012-12-09 15:01:00,2012-12-03,train,2101_9
2101,3230,264,Camera Store,35.72991814981789,139.71329033374786,2012-12-09 15:21:27,2012-12-03,train,2101_9
2101,1171,56,Electronics Store,35.73099375847875,139.71370339393616,2012-12-09 15:33:31,2012-12-03,train,2101_9
2101,2657,120,Burger Joint,35.72939558166291,139.71291482448578,2012-12-09 16:18:28,2012-12-03,train,2101_9
2101,189,69,Train Station,35.729864636451765,139.7109555727517,2012-12-09 17:57:03,2012-12-03,train,2101_9
2101,659,69,Train Station,35.737055216647526,139.4882583618164,2012-12-09 18:55:23,2012-12-03,train,2101_9
2106,143,69,Train Station,35.691670172683054,139.7708773612976,2012-12-03 10:49:31,2012-12-03,train,2106_11
2106,118,180,Restaurant,35.69854452748974,139.77159141006314,2012-12-03 12:48:45,2012-12-03,train,2106_11
2106,142,69,Train Station,35.698596195264464,139.77301824864617,2012-12-04 21:16:27,2012-12-03,train,2106_11
2106,142,69,Train Station,35.698596195264464,139.77301824864617,2012-12-07 23:02:40,2012-12-03,train,2106_11
2106,1471,32,Bookstore,35.69880630912043,139.7747826576233,2012-12-08 12:32:16,2012-12-03,train,2106_11
2117,264,69,Train Station,35.63626717221624,139.88343089818954,2012-12-03 11:55:50,2012-12-03,train,2117_8
2117,323,69,Train Station,35.64592362299403,139.8269248008728,2012-12-03 12:03:11,2012-12-03,train,2117_8
2117,2071,256,Convenience Store,35.73037103944558,139.72229182720184,2012-12-03 13:33:03,2012-12-03,train,2117_8
2117,189,69,Train Station,35.729864636451765,139.7109555727517,2012-12-03 16:35:32,2012-12-03,train,2117_8
2117,479,236,Subway,35.665876065677715,139.893045411523,2012-12-03 17:20:52,2012-12-03,train,2117_8
2117,6483,241,Miscellaneous Shop,35.69964036798454,139.77054684736154,2012-12-05 13:58:25,2012-12-03,train,2117_8
2117,7736,189,Ramen /  Noodle House,35.70027046928828,139.77050191799904,2012-12-07 12:47:01,2012-12-03,train,2117_8
2117,886,200,Arcade,35.72998489451176,139.71536429004044,2012-12-09 19:21:54,2012-12-03,train,2117_8
2117,3080,236,Subway,35.729391226913904,139.71004486083984,2012-12-09 20:02:03,2012-12-03,train,2117_8
2131,259,225,Department Store,35.660473668016515,139.70034062862396,2012-12-04 14:00:47,2012-12-03,train,2131_0
2131,271,236,Subway,35.66511535050908,139.71245884895325,2012-12-04 15:01:06,2012-12-03,train,2131_0
2131,129,69,Train Station,35.70582855009322,139.66579914093018,2012-12-04 23:14:02,2012-12-03,train,2131_0
2131,4473,287,Concert Hall,35.70074053646446,139.77187514305115,2012-12-05 19:36:59,2012-12-03,train,2131_0
2131,87,69,Train Station,35.65852172695124,139.7013260344949,2012-12-06 08:53:49,2012-12-03,train,2131_0
2131,142,69,Train Station,35.698596195264464,139.77301824864617,2012-12-06 20:26:33,2012-12-03,train,2131_0
2131,87,69,Train Station,35.65852172695124,139.7013260344949,2012-12-07 08:42:31,2012-12-03,train,2131_0
2131,2123,237,Mall,35.660132,139.69929698448018,2012-12-08 18:25:22,2012-12-03,train,2131_0
2131,87,69,Train Station,35.65852172695124,139.7013260344949,2012-12-08 20:48:08,2012-12-03,train,2131_0
2131,3430,242,Parking,35.70067083539314,139.77285146713257,2012-12-09 18:41:21,2012-12-03,train,2131_0
2134,2487,69,Train Station,35.57490948663387,139.663245677948,2012-12-06 07:11:27,2012-12-03,train,2134_14
2134,683,69,Train Station,35.69336059726962,139.78237867355347,2012-12-07 11:44:41,2012-12-03,train,2134_14
2134,142,69,Train Station,35.698596195264464,139.77301824864617,2012-12-07 12:01:27,2012-12-03,train,2134_14
2134,7235,233,Hobby Shop,35.70181653902226,139.7712180018425,2012-12-07 12:50:58,2012-12-03,train,2134_14
2134,763,69,Train Station,35.752433225195475,139.7381329536438,2012-12-08 14:04:03,2012-12-03,train,2134_14
2137,1385,69,Train Station,35.75086595372428,139.86690044403076,2012-12-09 11:28:01,2012-12-03,train,2137_9
2137,1715,69,Train Station,35.728102210735656,139.7712743282318,2012-12-09 11:46:18,2012-12-03,train,2137_9
2137,142,69,Train Station,35.698596195264464,139.77301824864617,2012-12-09 11:53:44,2012-12-03,train,2137_9
2137,3633,69,Train Station,35.62850802377022,139.73833131832686,2012-12-09 12:08:36,2012-12-03,train,2137_9
2137,4171,237,Mall,35.628184,139.737987,2012-12-09 12:12:27,2012-12-03,train,2137_9
2137,1144,231,Hotel,35.62786959699341,139.73629116333768,2012-12-09 12:59:13,2012-12-03,train,2137_9
2137,2961,287,Concert Hall,35.6277563214705,139.73502159118652,2012-12-09 14:05:50,2012-12-03,train,2137_9
2137,1144,231,Hotel,35.62786959699341,139.73629116333768,2012-12-09 19:15:29,2012-12-03,train,2137_9
2137,4171,237,Mall,35.628184,139.737987,2012-12-09 19:20:24,2012-12-03,train,2137_9
2137,7093,69,Train Station,35.6282272323851,139.73871231079102,2012-12-09 19:22:05,2012-12-03,train,2137_9
2137,3778,69,Train Station,35.63002364484439,139.7403860092163,2012-12-09 19:22:41,2012-12-03,train,2137_9
2137,3778,69,Train Station,35.63002364484439,139.7403860092163,2012-12-09 19:27:03,2012-12-03,train,2137_9
2137,5898,281,Train Station,35.62893327926646,139.73983807165675,2012-12-09 19:53:14,2012-12-03,train,2137_9
2142,5268,69,Train Station,35.69612270879486,139.79251205921173,2012-12-06 17:50:49,2012-12-03,train,2142_9
2142,3922,237,Mall,35.70078845591565,139.81578290462494,2012-12-09 20:06:22,2012-12-03,train,2142_9
2150,3743,69,Train Station,35.73037539414103,139.71240520477295,2012-12-04 15:30:48,2012-12-03,train,2150_14
2150,1676,69,Train Station,35.815446772620184,139.58718359470367,2012-12-05 19:57:48,2012-12-03,train,2150_14
2150,704,39,Food & Drink Shop,35.8069419904843,139.71427738666534,2012-12-08 16:53:36,2012-12-03,train,2150_14
2150,142,69,Train Station,35.698596195264464,139.77301824864617,2012-12-08 17:34:08,2012-12-03,train,2150_14
2150,5763,233,Hobby Shop,35.70154138323032,139.7710560491782,2012-12-08 17:51:42,2012-12-03,train,2150_14
2150,142,69,Train Station,35.698596195264464,139.77301824864617,2012-12-08 21:59:59,2012-12-03,train,2150_14
2150,704,39,Food & Drink Shop,35.8069419904843,139.71427738666534,2012-12-08 22:33:42,2012-12-03,train,2150_14
2150,5438,69,Train Station,35.802125835274666,139.71798419952393,2012-12-09 13:14:25,2012-12-03,train,2150_14
2150,158,69,Train Station,35.77806243973507,139.72083806991577,2012-12-09 13:19:56,2012-12-03,train,2150_14
2150,189,69,Train Station,35.729864636451765,139.7109555727517,2012-12-09 13:38:45,2012-12-03,train,2150_14
2153,248,69,Train Station,35.65591998068309,139.6536131948233,2012-12-04 18:09:51,2012-12-03,train,2153_0
2153,43,69,Train Station,35.69080269423021,139.70027922656513,2012-12-04 18:27:46,2012-12-03,train,2153_0
2153,1818,69,Train Station,35.689657835710044,139.70007455736703,2012-12-04 18:28:25,2012-12-03,train,2153_0
2153,4934,281,Train Station,35.69059839008235,139.69956278800964,2012-12-04 18:33:12,2012-12-03,train,2153_0
2153,7078,69,Train Station,35.689230321449045,139.70056056976318,2012-12-04 18:33:18,2012-12-03,train,2153_0
2153,2090,69,Train Station,35.69034569127357,139.6997880935669,2012-12-04 18:33:28,2012-12-03,train,2153_0
2153,3552,69,Train Station,35.69086851550992,139.70030307769775,2012-12-04 18:33:41,2012-12-03,train,2153_0
2153,5873,281,Train Station,35.68998842607441,139.70112919807434,2012-12-04 18:33:51,2012-12-03,train,2153_0
2153,706,69,Train Station,35.82746937062757,139.6603274345398,2012-12-04 19:06:23,2012-12-03,train,2153_0
2153,43,69,Train Station,35.69080269423021,139.70027922656513,2012-12-05 08:29:44,2012-12-03,train,2153_0
2153,7078,69,Train Station,35.689230321449045,139.70056056976318,2012-12-05 08:34:12,2012-12-03,train,2153_0
2153,248,69,Train Station,35.65591998068309,139.6536131948233,2012-12-05 08:48:35,2012-12-03,train,2153_0
2153,4934,281,Train Station,35.69059839008235,139.69956278800964,2012-12-05 14:57:46,2012-12-03,train,2153_0
2153,7078,69,Train Station,35.689230321449045,139.70056056976318,2012-12-05 14:58:08,2012-12-03,train,2153_0
2153,2090,69,Train Station,35.69034569127357,139.6997880935669,2012-12-05 15:02:42,2012-12-03,train,2153_0
2153,3552,69,Train Station,35.69086851550992,139.70030307769775,2012-12-05 15:02:51,2012-12-03,train,2153_0
2153,6412,281,Train Station,35.689940290391995,139.70097707048998,2012-12-05 15:02:57,2012-12-03,train,2153_0
2153,706,69,Train Station,35.82746937062757,139.6603274345398,2012-12-05 15:37:49,2012-12-03,train,2153_0
2153,43,69,Train Station,35.69080269423021,139.70027922656513,2012-12-06 10:25:17,2012-12-03,train,2153_0
2153,248,69,Train Station,35.65591998068309,139.6536131948233,2012-12-06 10:40:43,2012-12-03,train,2153_0
2153,43,69,Train Station,35.69080269423021,139.70027922656513,2012-12-06 16:27:25,2012-12-03,train,2153_0
2153,4934,281,Train Station,35.69059839008235,139.69956278800964,2012-12-06 16:27:53,2012-12-03,train,2153_0
2153,7078,69,Train Station,35.689230321449045,139.70056056976318,2012-12-06 16:33:29,2012-12-03,train,2153_0
2153,2090,69,Train Station,35.69034569127357,139.6997880935669,2012-12-06 16:33:44,2012-12-03,train,2153_0
2153,706,69,Train Station,35.82746937062757,139.6603274345398,2012-12-06 17:24:08,2012-12-03,train,2153_0
2153,43,69,Train Station,35.69080269423021,139.70027922656513,2012-12-08 11:16:46,2012-12-03,train,2153_0
2153,2090,69,Train Station,35.69034569127357,139.6997880935669,2012-12-08 11:16:54,2012-12-03,train,2153_0
2153,5873,281,Train Station,35.68998842607441,139.70112919807434,2012-12-08 11:17:14,2012-12-03,train,2153_0
2153,1818,69,Train Station,35.68985816279872,139.70011444715897,2012-12-08 11:17:29,2012-12-03,train,2153_0
2153,4934,281,Train Station,35.69059839008235,139.69956278800964,2012-12-08 11:19:17,2012-12-03,train,2153_0
2153,4615,281,Train Station,35.690498549862845,139.69999976407956,2012-12-08 11:20:16,2012-12-03,train,2153_0
2153,7078,69,Train Station,35.689230321449045,139.70056056976318,2012-12-08 11:20:27,2012-12-03,train,2153_0
2153,170,69,Train Station,35.6513682132017,139.63663816452026,2012-12-08 17:20:00,2012-12-03,train,2153_0
2153,248,69,Train Station,35.65591998068309,139.6536131948233,2012-12-08 17:23:22,2012-12-03,train,2153_0
2153,43,69,Train Station,35.69080269423021,139.70027922656513,2012-12-08 18:00:38,2012-12-03,train,2153_0
2153,1818,69,Train Station,35.69019598742318,139.70004962626072,2012-12-08 18:00:49,2012-12-03,train,2153_0
2153,4934,281,Train Station,35.69059839008235,139.69956278800964,2012-12-08 18:00:58,2012-12-03,train,2153_0
2153,2090,69,Train Station,35.69034569127357,139.6997880935669,2012-12-08 18:03:06,2012-12-03,train,2153_0
2153,3552,69,Train Station,35.69086851550992,139.70030307769775,2012-12-08 18:03:15,2012-12-03,train,2153_0
2156,774,69,Train Station,35.69746615393185,139.78597551584244,2012-12-05 13:06:48,2012-12-03,train,2156_2
2156,774,69,Train Station,35.69746615393185,139.78597551584244,2012-12-05 14:50:06,2012-12-03,train,2156_2
2156,633,56,Electronics Store,35.69901541704127,139.7746217250824,2012-12-08 12:52:14,2012-12-03,train,2156_2
2176,5103,32,Bookstore,35.833123363777666,139.7069549560547,2012-12-03 17:25:12,2012-12-03,train,2176_7
2176,7064,20,Record Shop,35.83358321719387,139.70680135364495,2012-12-04 16:34:09,2012-12-03,train,2176_7
2176,772,69,Train Station,35.82801739067087,139.69051837921145,2012-12-05 13:57:15,2012-12-03,train,2176_7
2176,1970,69,Train Station,35.845676114271136,139.6472043674592,2012-12-05 14:22:22,2012-12-03,train,2176_7
2176,174,69,Train Station,35.619699172885795,139.72855277359486,2012-12-05 15:19:04,2012-12-03,train,2176_7
2176,1930,69,Train Station,35.666692051408944,139.7581327376774,2012-12-05 18:25:54,2012-12-03,train,2176_7
2176,772,69,Train Station,35.82801739067087,139.69051837921145,2012-12-06 08:54:28,2012-12-03,train,2176_7
2176,2158,71,Train Station,35.74548029329842,139.7196138015372,2012-12-06 09:17:46,2012-12-03,train,2176_7
2176,174,69,Train Station,35.619699172885795,139.72855277359486,2012-12-06 17:44:27,2012-12-03,train,2176_7
2176,333,69,Train Station,35.65561813580688,139.75674211978912,2012-12-06 17:55:43,2012-12-03,train,2176_7
2176,10,231,Hotel,35.65301696037888,139.76220790066373,2012-12-06 18:28:44,2012-12-03,train,2176_7
2176,772,69,Train Station,35.82801739067087,139.69051837921145,2012-12-07 00:05:37,2012-12-03,train,2176_7
2176,772,69,Train Station,35.82801739067087,139.69051837921145,2012-12-07 11:21:45,2012-12-03,train,2176_7
2176,43,69,Train Station,35.69080269423021,139.70027922656513,2012-12-07 11:51:38,2012-12-03,train,2176_7
2176,87,69,Train Station,35.65852172695124,139.7013260344949,2012-12-07 11:58:35,2012-12-03,train,2176_7
2176,7171,69,Train Station,35.777476863125585,139.72098049327437,2012-12-07 16:37:52,2012-12-03,train,2176_7
2176,772,69,Train Station,35.82801739067087,139.69051837921145,2012-12-08 11:38:58,2012-12-03,train,2176_7
2176,333,69,Train Station,35.65561813580688,139.75674211978912,2012-12-09 08:46:21,2012-12-03,train,2176_7
2176,5396,69,Train Station,35.85908550355676,139.65739793165358,2012-12-09 21:51:20,2012-12-03,train,2176_7
2178,4011,69,Train Station,35.70025480585646,139.48025733232498,2012-12-07 11:12:07,2012-12-03,train,2178_9
2178,6066,69,Train Station,35.70031361644626,139.48014199733734,2012-12-07 20:43:23,2012-12-03,train,2178_9
2186,308,69,Train Station,35.57957795260064,139.57301884889603,2012-12-06 11:54:11,2012-12-03,train,2186_12
2186,6448,39,Food & Drink Shop,35.57869227389735,139.57364916801453,2012-12-06 18:22:57,2012-12-03,train,2186_12
2186,308,69,Train Station,35.57957795260064,139.57301884889603,2012-12-06 18:25:07,2012-12-03,train,2186_12
2186,308,69,Train Station,35.57957795260064,139.57301884889603,2012-12-07 11:45:45,2012-12-03,train,2186_12
2186,6448,39,Food & Drink Shop,35.57869227389735,139.57364916801453,2012-12-07 18:22:09,2012-12-03,train,2186_12
2186,6448,39,Food & Drink Shop,35.57869227389735,139.57364916801453,2012-12-08 18:13:04,2012-12-03,train,2186_12
2186,308,69,Train Station,35.57957795260064,139.57301884889603,2012-12-08 18:19:07,2012-12-03,train,2186_12
2186,311,69,Train Station,35.568403721907565,139.5535111427307,2012-12-08 18:33:11,2012-12-03,train,2186_12
2191,7202,71,Train Station,35.57567571562858,139.66321792123583,2012-12-04 08:25:20,2012-12-03,train,2191_6
2191,7202,71,Train Station,35.57567571562858,139.66321792123583,2012-12-04 22:09:49,2012-12-03,train,2191_6
2191,2487,69,Train Station,35.57490948663387,139.663245677948,2012-12-04 22:12:24,2012-12-03,train,2191_6
2191,7202,71,Train Station,35.57567571562858,139.66321792123583,2012-12-05 21:05:16,2012-12-03,train,2191_6
2191,655,69,Train Station,35.71678758588956,139.8582637310028,2012-12-05 21:46:07,2012-12-03,train,2191_6
2191,7202,71,Train Station,35.57567571562858,139.66321792123583,2012-12-06 08:26:02,2012-12-03,train,2191_6
2191,7202,71,Train Station,35.57567571562858,139.66321792123583,2012-12-07 08:27:05,2012-12-03,train,2191_6
2191,1507,146,Art Museum,35.71252886384085,139.77453571173655,2012-12-08 12:53:08,2012-12-03,train,2191_6
2196,1085,69,Train Station,35.762915736201656,139.72768306732178,2012-12-09 12:25:04,2012-12-03,train,2196_7
2196,158,69,Train Station,35.77806243973507,139.72083806991577,2012-12-09 12:27:21,2012-12-03,train,2196_7
2196,1856,69,Train Station,35.80191699809086,139.71758723258972,2012-12-09 12:56:48,2012-12-03,train,2196_7
2196,1856,69,Train Station,35.80191699809086,139.71758723258972,2012-12-09 16:43:52,2012-12-03,train,2196_7
2196,158,69,Train Station,35.77806243973507,139.72083806991577,2012-12-09 19:19:09,2012-12-03,train,2196_7
2196,140,69,Train Station,35.71349413258592,139.77619324102182,2012-12-09 19:29:44,2012-12-03,train,2196_7
2196,44,69,Train Station,35.68137872227962,139.76608157157898,2012-12-09 20:03:11,2012-12-03,train,2196_7
2200,3353,69,Train Station,35.73029700958634,139.7106885910034,2012-12-06 16:20:32,2012-12-03,train,2200_15
2200,189,69,Train Station,35.729864636451765,139.7109555727517,2012-12-06 16:21:24,2012-12-03,train,2200_15
2200,1338,225,Department Store,35.730366684749875,139.71076369285583,2012-12-06 16:45:53,2012-12-03,train,2200_15
2200,1171,56,Electronics Store,35.73099375847875,139.71370339393616,2012-12-06 19:00:45,2012-12-03,train,2200_15
2200,3426,233,Hobby Shop,35.72958590425744,139.7156735165047,2012-12-06 19:15:07,2012-12-03,train,2200_15
2200,657,233,Hobby Shop,35.731267,139.715835,2012-12-06 19:26:47,2012-12-03,train,2200_15
2200,2207,200,Arcade,35.72991814981789,139.7159966826439,2012-12-06 19:46:13,2012-12-03,train,2200_15
2200,3353,69,Train Station,35.73029700958634,139.7106885910034,2012-12-06 20:52:06,2012-12-03,train,2200_15
2200,905,69,Train Station,35.74824717733813,139.70289682651224,2012-12-06 21:02:01,2012-12-03,train,2200_15
2200,7215,200,Arcade,35.761339965190935,139.72170442342758,2012-12-07 20:52:45,2012-12-03,train,2200_15
2200,3649,39,Food & Drink Shop,35.7782909239493,139.72351491451263,2012-12-08 14:15:15,2012-12-03,train,2200_15
2200,158,69,Train Station,35.77806243973507,139.72083806991577,2012-12-08 14:24:37,2012-12-03,train,2200_15
2200,1970,69,Train Station,35.845676114271136,139.6472043674592,2012-12-08 14:46:22,2012-12-03,train,2200_15
2200,5581,200,Arcade,35.84575205947307,139.62573766708374,2012-12-08 15:00:51,2012-12-03,train,2200_15
2200,3131,69,Train Station,35.84421489286455,139.62791830301285,2012-12-08 19:20:37,2012-12-03,train,2200_15
2200,1970,69,Train Station,35.845676114271136,139.6472043674592,2012-12-08 19:29:00,2012-12-03,train,2200_15
2200,158,69,Train Station,35.77806243973507,139.72083806991577,2012-12-08 21:03:51,2012-12-03,train,2200_15
2201,220,69,Train Station,35.651889113311164,139.5443956553936,2012-12-03 07:15:12,2012-12-03,train,2201_5
2201,319,69,Train Station,35.632922018914606,139.51734624803066,2012-12-03 18:04:28,2012-12-03,train,2201_5
2201,220,69,Train Station,35.651889113311164,139.5443956553936,2012-12-03 18:11:22,2012-12-03,train,2201_5
2201,299,69,Train Station,35.668361407560894,139.6504027448891,2012-12-03 18:29:01,2012-12-03,train,2201_5
2201,1084,69,Train Station,35.661628665873394,139.66655015945437,2012-12-03 18:36:28,2012-12-03,train,2201_5
2201,3547,69,Train Station,35.66140311571781,139.66725558042526,2012-12-03 18:37:08,2012-12-03,train,2201_5
2201,249,69,Train Station,35.65815054626231,139.66125011444092,2012-12-03 18:47:30,2012-12-03,train,2201_5
2201,5644,256,Convenience Store,35.65792767892501,139.66083604105685,2012-12-03 18:48:03,2012-12-03,train,2201_5
2201,299,69,Train Station,35.668361407560894,139.6504027448891,2012-12-04 07:03:15,2012-12-03,train,2201_5
2201,220,69,Train Station,35.651889113311164,139.5443956553936,2012-12-04 07:15:38,2012-12-03,train,2201_5
2201,319,69,Train Station,35.632922018914606,139.51734624803066,2012-12-04 18:09:42,2012-12-03,train,2201_5
2201,220,69,Train Station,35.651889113311164,139.5443956553936,2012-12-04 18:22:08,2012-12-03,train,2201_5
2201,299,69,Train Station,35.668361407560894,139.6504027448891,2012-12-04 18:38:31,2012-12-03,train,2201_5
2201,1084,69,Train Station,35.661628665873394,139.66655015945437,2012-12-04 18:44:35,2012-12-03,train,2201_5
2201,3547,69,Train Station,35.66140311571781,139.66725558042526,2012-12-04 18:44:50,2012-12-03,train,2201_5
2201,249,69,Train Station,35.65815054626231,139.66125011444092,2012-12-04 18:53:15,2012-12-03,train,2201_5
2201,5644,256,Convenience Store,35.65792767892501,139.66083604105685,2012-12-04 18:54:34,2012-12-03,train,2201_5
2201,378,69,Train Station,35.62081442397418,139.56971168518066,2012-12-05 06:58:25,2012-12-03,train,2201_5
2201,319,69,Train Station,35.632922018914606,139.51734624803066,2012-12-05 18:31:54,2012-12-03,train,2201_5
2201,220,69,Train Station,35.651889113311164,139.5443956553936,2012-12-05 18:40:42,2012-12-03,train,2201_5
2201,299,69,Train Station,35.668361407560894,139.6504027448891,2012-12-05 18:57:47,2012-12-03,train,2201_5
2201,1084,69,Train Station,35.661628665873394,139.66655015945437,2012-12-05 19:05:13,2012-12-03,train,2201_5
2201,3547,69,Train Station,35.66140311571781,139.66725558042526,2012-12-05 19:06:05,2012-12-03,train,2201_5
2201,249,69,Train Station,35.65815054626231,139.66125011444092,2012-12-05 19:16:05,2012-12-03,train,2201_5
2201,5644,256,Convenience Store,35.65792767892501,139.66083604105685,2012-12-05 19:20:49,2012-12-03,train,2201_5
2201,3547,69,Train Station,35.66140311571781,139.66725558042526,2012-12-06 06:52:30,2012-12-03,train,2201_5
2201,220,69,Train Station,35.651889113311164,139.5443956553936,2012-12-06 18:31:00,2012-12-03,train,2201_5
2201,1084,69,Train Station,35.661628665873394,139.66655015945437,2012-12-06 18:56:28,2012-12-03,train,2201_5
2201,3547,69,Train Station,35.66140311571781,139.66725558042526,2012-12-06 18:56:56,2012-12-03,train,2201_5
2201,249,69,Train Station,35.65815054626231,139.66125011444092,2012-12-06 19:01:35,2012-12-03,train,2201_5
2201,5644,256,Convenience Store,35.65792767892501,139.66083604105685,2012-12-06 19:02:40,2012-12-03,train,2201_5
2201,249,69,Train Station,35.65815054626231,139.66125011444092,2012-12-07 06:46:58,2012-12-03,train,2201_5
2201,1084,69,Train Station,35.661628665873394,139.66655015945437,2012-12-07 06:53:06,2012-12-03,train,2201_5
2201,220,69,Train Station,35.651889113311164,139.5443956553936,2012-12-07 07:14:11,2012-12-03,train,2201_5
2201,319,69,Train Station,35.632884,139.517269,2012-12-07 07:23:52,2012-12-03,train,2201_5
2201,319,69,Train Station,35.632884,139.517269,2012-12-07 18:26:39,2012-12-03,train,2201_5
2201,299,69,Train Station,35.668361407560894,139.6504027448891,2012-12-07 18:58:27,2012-12-03,train,2201_5
2201,1084,69,Train Station,35.661628665873394,139.66655015945437,2012-12-07 19:05:08,2012-12-03,train,2201_5
2201,6310,237,Mall,35.661023411631206,139.66764309183554,2012-12-07 19:14:12,2012-12-03,train,2201_5
2201,5644,256,Convenience Store,35.65792767892501,139.66083604105685,2012-12-07 19:32:15,2012-12-03,train,2201_5
2201,3547,69,Train Station,35.66140311571781,139.66725558042526,2012-12-08 15:16:32,2012-12-03,train,2201_5
2201,2800,56,Electronics Store,35.68958541158154,139.6977925300598,2012-12-08 15:41:11,2012-12-03,train,2201_5
2201,5020,114,Plaza,35.68787346672609,139.70036375896814,2012-12-08 16:40:57,2012-12-03,train,2201_5
2201,1818,69,Train Station,35.69019598742318,139.70004962626072,2012-12-08 17:04:53,2012-12-03,train,2201_5
2201,3547,69,Train Station,35.66140311571781,139.66725558042526,2012-12-08 17:20:42,2012-12-03,train,2201_5
2201,6310,237,Mall,35.661023411631206,139.66764309183554,2012-12-08 17:26:52,2012-12-03,train,2201_5
2201,6959,6,Clothing Store,35.66023721154528,139.66736900068784,2012-12-08 17:27:51,2012-12-03,train,2201_5
2201,2144,39,Food & Drink Shop,35.65399001547144,139.6637959652277,2012-12-08 18:06:19,2012-12-03,train,2201_5
2201,6310,237,Mall,35.661023411631206,139.66764309183554,2012-12-09 14:16:59,2012-12-03,train,2201_5
2201,6959,6,Clothing Store,35.66023721154528,139.66736900068784,2012-12-09 14:18:12,2012-12-03,train,2201_5
2201,2144,39,Food & Drink Shop,35.65399001547144,139.6637959652277,2012-12-09 16:55:31,2012-12-03,train,2201_5
2203,208,69,Train Station,35.53132692901326,139.69690203666687,2012-12-03 08:24:22,2012-12-03,train,2203_3
2203,208,69,Train Station,35.53132692901326,139.69690203666687,2012-12-03 19:19:21,2012-12-03,train,2203_3
2203,142,69,Train Station,35.698596195264464,139.77301824864617,2012-12-07 20:02:53,2012-12-03,train,2203_3
2210,398,236,Subway,35.68239834096679,139.77385997772217,2012-12-03 17:06:53,2012-12-03,train,2210_7
2210,1540,69,Train Station,35.55115035374652,139.78793206789035,2012-12-03 17:57:01,2012-12-03,train,2210_7
2210,1540,69,Train Station,35.55115035374652,139.78793206789035,2012-12-05 11:18:24,2012-12-03,train,2210_7
2210,2541,236,Subway,35.64561138694559,139.81054186820984,2012-12-05 12:58:04,2012-12-03,train,2210_7
2210,44,69,Train Station,35.68137872227962,139.76608157157898,2012-12-05 19:45:42,2012-12-03,train,2210_7
2210,4605,127,Gym / Fitness Center,35.667320392046754,139.80451817115136,2012-12-08 16:06:24,2012-12-03,train,2210_7
2210,48,237,Mall,35.655134309871,139.79300022125244,2012-12-08 18:40:31,2012-12-03,train,2210_7
2210,6426,237,Mall,35.67369412559211,139.7630077600479,2012-12-09 15:35:31,2012-12-03,train,2210_7
2212,333,69,Train Station,35.65561813580688,139.75674211978912,2012-12-03 09:48:09,2012-12-03,train,2212_7
2212,748,69,Train Station,35.53275445184632,139.7007429599762,2012-12-03 23:08:01,2012-12-03,train,2212_7
2212,2362,69,Train Station,35.71369516481194,139.77750778198242,2012-12-03 23:41:26,2012-12-03,train,2212_7
2212,2362,69,Train Station,35.71369516481194,139.77750778198242,2012-12-04 18:32:54,2012-12-03,train,2212_7
2212,2362,69,Train Station,35.71369516481194,139.77750778198242,2012-12-05 08:16:57,2012-12-03,train,2212_7
2212,2362,69,Train Station,35.71369516481194,139.77750778198242,2012-12-05 23:45:08,2012-12-03,train,2212_7
2212,208,69,Train Station,35.53132692901326,139.69690203666687,2012-12-07 19:50:49,2012-12-03,train,2212_7
2212,142,69,Train Station,35.698596195264464,139.77301824864617,2012-12-08 00:09:44,2012-12-03,train,2212_7
2212,1856,69,Train Station,35.80191699809086,139.71758723258972,2012-12-09 10:29:34,2012-12-03,train,2212_7
2212,5194,198,Coffee Shop,35.80138185030132,139.71807539463043,2012-12-09 11:19:19,2012-12-03,train,2212_7
2212,2362,69,Train Station,35.71369516481194,139.77750778198242,2012-12-09 13:41:58,2012-12-03,train,2212_7
2212,2362,69,Train Station,35.71369516481194,139.77750778198242,2012-12-09 15:56:26,2012-12-03,train,2212_7
2213,6098,268,River,35.644207891503186,139.7008224954421,2012-12-04 12:47:08,2012-12-03,train,2213_13
2213,1395,134,Movie Theater,35.75283374517528,139.59448993206024,2012-12-08 23:42:12,2012-12-03,train,2213_13
2213,87,69,Train Station,35.65852172695124,139.7013260344949,2012-12-09 13:56:06,2012-12-03,train,2213_13
2217,80,69,Train Station,35.6114994740578,139.62661743164062,2012-12-03 09:22:10,2012-12-03,train,2217_14
2217,5817,69,Train Station,35.607094351597496,139.73485868891063,2012-12-03 09:39:21,2012-12-03,train,2217_14
2217,323,69,Train Station,35.64592362299403,139.8269248008728,2012-12-03 10:00:57,2012-12-03,train,2217_14
2217,1063,69,Train Station,35.64318157118457,139.60929036140442,2012-12-04 14:26:05,2012-12-03,train,2217_14
2217,124,56,Electronics Store,35.689809792874755,139.69790518283844,2012-12-04 15:09:33,2012-12-03,train,2217_14
2217,43,69,Train Station,35.69080269423021,139.70027922656513,2012-12-04 15:52:05,2012-12-03,train,2217_14
2217,142,69,Train Station,35.698596195264464,139.77301824864617,2012-12-04 16:21:59,2012-12-03,train,2217_14
2217,6588,32,Bookstore,35.699507689773235,139.77045357227323,2012-12-04 16:30:16,2012-12-03,train,2217_14
2217,2160,280,Recycling Facility,35.70054885837171,139.7711992263794,2012-12-04 17:29:53,2012-12-03,train,2217_14
2217,142,69,Train Station,35.698596195264464,139.77301824864617,2012-12-04 18:21:07,2012-12-03,train,2217_14
2217,43,69,Train Station,35.69080269423021,139.70027922656513,2012-12-04 18:56:18,2012-12-03,train,2217_14
2217,1063,69,Train Station,35.64318157118457,139.60929036140442,2012-12-04 19:32:04,2012-12-03,train,2217_14
2217,80,69,Train Station,35.6114994740578,139.62661743164062,2012-12-05 09:20:45,2012-12-03,train,2217_14
2217,323,69,Train Station,35.64592362299403,139.8269248008728,2012-12-05 10:08:17,2012-12-03,train,2217_14
2217,320,236,Subway,35.67834593327503,139.7400963306427,2012-12-05 16:59:00,2012-12-03,train,2217_14
2217,80,69,Train Station,35.6114994740578,139.62661743164062,2012-12-05 17:29:29,2012-12-03,train,2217_14
2217,80,69,Train Station,35.6114994740578,139.62661743164062,2012-12-06 11:41:21,2012-12-03,train,2217_14
2217,631,69,Train Station,35.631663053994096,139.64477062225342,2012-12-06 11:46:52,2012-12-03,train,2217_14
2217,2746,69,Train Station,35.64440221000271,139.86158967018127,2012-12-06 17:55:16,2012-12-03,train,2217_14
2217,323,69,Train Station,35.64592362299403,139.8269248008728,2012-12-06 18:07:12,2012-12-03,train,2217_14
2217,80,69,Train Station,35.6114994740578,139.62661743164062,2012-12-06 18:56:25,2012-12-03,train,2217_14
2217,80,69,Train Station,35.6114994740578,139.62661743164062,2012-12-07 08:28:50,2012-12-03,train,2217_14
2217,320,236,Subway,35.67834593327503,139.7400963306427,2012-12-07 09:03:41,2012-12-03,train,2217_14
2217,264,69,Train Station,35.63626717221624,139.88343089818954,2012-12-07 13:28:40,2012-12-03,train,2217_14
2217,6157,237,Mall,35.61223214987442,139.627765417099,2012-12-07 14:33:13,2012-12-03,train,2217_14
2217,219,69,Train Station,35.654105625167865,139.56666469573975,2012-12-09 09:11:59,2012-12-03,train,2217_14
2217,487,125,Post Office,35.69024112601506,139.69679474830627,2012-12-09 09:51:36,2012-12-03,train,2217_14
2217,219,69,Train Station,35.654105625167865,139.56666469573975,2012-12-09 13:34:59,2012-12-03,train,2217_14
2222,1091,69,Train Station,35.747644243217515,139.82751488685608,2012-12-03 17:10:06,2012-12-03,train,2222_14
2222,1048,69,Train Station,35.73827441973809,139.8485970497131,2012-12-03 17:29:25,2012-12-03,train,2222_14
2222,1048,69,Train Station,35.73827441973809,139.8485970497131,2012-12-05 16:53:32,2012-12-03,train,2222_14
2222,5043,69,Train Station,35.71076378728942,139.81289148330688,2012-12-05 17:07:28,2012-12-03,train,2222_14
2222,7268,237,Mall,35.71035,139.812242,2012-12-05 17:15:09,2012-12-03,train,2222_14
2222,275,69,Train Station,35.71048066190842,139.8133099079132,2012-12-05 17:29:41,2012-12-03,train,2222_14
2222,2694,236,Subway,35.68490811606959,139.77315187454224,2012-12-05 17:47:26,2012-12-03,train,2222_14
2222,481,236,Subway,35.70300578811289,139.77166056632996,2012-12-05 17:58:55,2012-12-03,train,2222_14
2222,6390,238,Bus Station,35.67999306574279,139.76953089237213,2012-12-05 21:34:11,2012-12-03,train,2222_14
2248,2312,69,Train Station,35.65869120755842,139.6988230288047,2012-12-08 17:05:17,2012-12-03,train,2248_0
2248,220,69,Train Station,35.651889113311164,139.5443956553936,2012-12-08 17:31:03,2012-12-03,train,2248_0
2248,569,69,Train Station,35.65707068570345,139.53021481633186,2012-12-09 10:11:57,2012-12-03,train,2248_0
2248,43,69,Train Station,35.69080269423021,139.70027922656513,2012-12-09 10:43:58,2012-12-03,train,2248_0
2248,4832,124,Event Space,35.80094241730704,139.71669673919678,2012-12-09 11:18:10,2012-12-03,train,2248_0
2248,2368,237,Mall,35.807553234105065,139.7139796614647,2012-12-09 14:58:26,2012-12-03,train,2248_0
2248,1856,69,Train Station,35.80191699809086,139.71758723258972,2012-12-09 20:00:58,2012-12-03,train,2248_0
2248,158,69,Train Station,35.77806243973507,139.72083806991577,2012-12-09 20:08:32,2012-12-03,train,2248_0
2248,43,69,Train Station,35.69080269423021,139.70027922656513,2012-12-09 20:27:04,2012-12-03,train,2248_0
2248,6412,281,Train Station,35.689940290391995,139.70097707048998,2012-12-09 20:27:13,2012-12-03,train,2248_0
2252,1426,198,Coffee Shop,35.68812097,139.700305,2012-12-04 14:05:27,2012-12-03,train,2252_17
2252,1906,121,Café,35.69272451387176,139.70367193222046,2012-12-04 16:18:13,2012-12-03,train,2252_17
2252,2763,122,Fast Food Restaurant,35.701154385320535,139.52428579330444,2012-12-08 16:53:36,2012-12-03,train,2252_17
2270,795,59,Office,35.669582442675576,139.74035382270813,2012-12-06 16:38:30,2012-12-03,train,2270_8
2270,7007,69,Train Station,35.6342834227343,139.7156721353531,2012-12-07 20:10:37,2012-12-03,train,2270_8
2270,4559,237,Mall,35.6589002289608,139.7032642364502,2012-12-08 18:39:12,2012-12-03,train,2270_8
2272,197,69,Train Station,35.55137976854632,139.67172145843506,2012-12-05 13:20:13,2012-12-03,train,2272_14
2272,307,237,Mall,35.53095149065529,139.69767451286316,2012-12-09 11:10:03,2012-12-03,train,2272_14
2272,93,237,Mall,35.532942167026505,139.69576478004456,2012-12-09 13:26:10,2012-12-03,train,2272_14
2274,2179,113,Park,35.62575055873029,139.66177582740784,2012-12-03 10:38:10,2012-12-03,train,2274_5
2274,6314,46,Bar,35.69053085858252,139.76933509111404,2012-12-04 22:19:12,2012-12-03,train,2274_5
2274,7079,76,Government Building,35.58879111122083,139.6690484518875,2012-12-05 00:08:39,2012-12-03,train,2274_5
2274,3492,7,Medical Center,35.72887736485677,139.70875740051267,2012-12-06 11:19:08,2012-12-03,train,2274_5
2274,6040,35,Bar,35.73125068309459,139.71381604671478,2012-12-07 13:09:07,2012-12-03,train,2274_5
2274,189,69,Train Station,35.729864636451765,139.7109555727517,2012-12-07 13:11:12,2012-12-03,train,2274_5
2274,1952,56,Electronics Store,35.73156421709618,139.71359074115753,2012-12-07 13:41:34,2012-12-03,train,2274_5
2274,189,69,Train Station,35.729864636451765,139.7109555727517,2012-12-07 13:54:17,2012-12-03,train,2274_5
2274,3492,7,Medical Center,35.72887736485677,139.70875740051267,2012-12-07 15:09:25,2012-12-03,train,2274_5
2274,2116,55,Bar,35.60853867615653,139.66851022493697,2012-12-08 23:56:50,2012-12-03,train,2274_5
2274,3492,7,Medical Center,35.72887736485677,139.70875740051267,2012-12-09 14:26:46,2012-12-03,train,2274_5
2276,1548,69,Train Station,35.78827415409564,139.6129149182259,2012-12-03 08:15:14,2012-12-03,train,2276_2
2276,189,69,Train Station,35.729864636451765,139.7109555727517,2012-12-04 08:36:40,2012-12-03,train,2276_2
2276,189,69,Train Station,35.729864636451765,139.7109555727517,2012-12-04 15:53:21,2012-12-03,train,2276_2
2276,1548,69,Train Station,35.78827415409564,139.6129149182259,2012-12-04 16:15:09,2012-12-03,train,2276_2
2276,189,69,Train Station,35.729864636451765,139.7109555727517,2012-12-06 14:10:56,2012-12-03,train,2276_2
2276,1548,69,Train Station,35.78827415409564,139.6129149182259,2012-12-06 14:24:58,2012-12-03,train,2276_2
2276,1548,69,Train Station,35.788071101660144,139.6129647068738,2012-12-07 08:06:19,2012-12-03,train,2276_2
2276,189,69,Train Station,35.729864636451765,139.7109555727517,2012-12-07 16:32:24,2012-12-03,train,2276_2
2276,1548,69,Train Station,35.788071101660144,139.6129647068738,2012-12-07 17:01:56,2012-12-03,train,2276_2
2281,142,69,Train Station,35.698596195264464,139.77301824864617,2012-12-03 16:16:55,2012-12-03,train,2281_15
2281,2669,120,Burger Joint,35.72164810660129,139.70626831054688,2012-12-05 17:23:33,2012-12-03,train,2281_15
2281,2986,69,Train Station,35.71295470815622,139.70370411872864,2012-12-05 18:05:11,2012-12-03,train,2281_15
2281,2669,120,Burger Joint,35.72164810660129,139.70626831054688,2012-12-06 12:24:59,2012-12-03,train,2281_15
2281,2800,56,Electronics Store,35.68958541158154,139.6977925300598,2012-12-06 13:26:26,2012-12-03,train,2281_15
2281,2090,69,Train Station,35.69034569127357,139.6997880935669,2012-12-07 14:32:53,2012-12-03,train,2281_15
2281,1207,32,Bookstore,35.688905728472655,139.69852477312088,2012-12-08 12:56:23,2012-12-03,train,2281_15
2281,498,69,Train Station,35.683313312334235,139.615409381287,2012-12-08 13:37:15,2012-12-03,train,2281_15
2292,1818,69,Train Station,35.689657835710044,139.70007455736703,2012-12-03 09:01:29,2012-12-03,train,2292_2
2292,43,69,Train Station,35.69080269423021,139.70027922656513,2012-12-03 09:03:49,2012-12-03,train,2292_2
2292,43,69,Train Station,35.69080269423021,139.70027922656513,2012-12-03 17:06:17,2012-12-03,train,2292_2
2292,3859,69,Train Station,35.69137390901421,139.6993589401245,2012-12-03 17:08:28,2012-12-03,train,2292_2
2292,1818,69,Train Station,35.689657835710044,139.70007455736703,2012-12-03 17:08:41,2012-12-03,train,2292_2
2292,1818,69,Train Station,35.689657835710044,139.70007455736703,2012-12-04 09:11:53,2012-12-03,train,2292_2
2292,43,69,Train Station,35.69080269423021,139.70027922656513,2012-12-04 09:13:36,2012-12-03,train,2292_2
2292,1818,69,Train Station,35.689657835710044,139.70007455736703,2012-12-04 15:26:40,2012-12-03,train,2292_2
2292,1818,69,Train Station,35.68985816279872,139.70011444715897,2012-12-05 08:54:03,2012-12-03,train,2292_2
2292,3859,69,Train Station,35.69137390901421,139.6993589401245,2012-12-05 08:56:07,2012-12-03,train,2292_2
2292,4040,281,Train Station,35.690903370337175,139.70004558563232,2012-12-05 08:57:14,2012-12-03,train,2292_2
2292,1818,69,Train Station,35.68985816279872,139.70011444715897,2012-12-05 17:26:57,2012-12-03,train,2292_2
2292,43,69,Train Station,35.69080269423021,139.70027922656513,2012-12-06 09:27:23,2012-12-03,train,2292_2
2292,43,69,Train Station,35.69080269423021,139.70027922656513,2012-12-06 16:27:10,2012-12-03,train,2292_2
2292,1818,69,Train Station,35.68985816279872,139.70011444715897,2012-12-06 16:28:21,2012-12-03,train,2292_2
2292,1818,69,Train Station,35.68985816279872,139.70011444715897,2012-12-07 10:05:04,2012-12-03,train,2292_2
2292,3859,69,Train Station,35.69137390901421,139.6993589401245,2012-12-07 10:05:29,2012-12-03,train,2292_2
2292,43,69,Train Station,35.69080269423021,139.70027922656513,2012-12-07 18:04:37,2012-12-03,train,2292_2
2292,1818,69,Train Station,35.68985816279872,139.70011444715897,2012-12-07 18:05:00,2012-12-03,train,2292_2
2292,87,69,Train Station,35.65852172695124,139.7013260344949,2012-12-08 13:27:36,2012-12-03,train,2292_2
2292,2312,69,Train Station,35.65869120755842,139.6988230288047,2012-12-08 13:32:16,2012-12-03,train,2292_2
2292,131,69,Train Station,35.66158508135192,139.66747283935547,2012-12-08 13:43:32,2012-12-03,train,2292_2
