user_index,poi_index,cat_index,POI_catname,latitude,longitude,local_time,week_start,split_week,session_id
16,5078,245,General Entertainment,40.757042207227045,-73.99813359642076,2012-10-11 16:10:06,2012-10-08,train,16_16
16,5078,245,General Entertainment,40.757042207227045,-73.99813359642076,2012-10-12 09:19:10,2012-10-08,train,16_16
26,4007,131,Café,40.64836553184176,-73.97875878919255,2012-10-11 09:35:17,2012-10-08,train,26_9
26,2046,121,Park,40.65684334757191,-73.96807193756104,2012-10-12 09:02:09,2012-10-08,train,26_9
26,5078,245,General Entertainment,40.757042207227045,-73.99813359642076,2012-10-12 13:54:26,2012-10-08,train,26_9
34,3464,6,Home (private),40.85155841497341,-74.14161270853154,2012-10-12 04:08:38,2012-10-08,train,34_20
34,872,37,Bar,40.816129,-74.21840954,2012-10-13 00:52:22,2012-10-08,train,34_20
34,1908,37,Bar,40.85785364392424,-74.14799451828003,2012-10-13 02:19:27,2012-10-08,train,34_20
43,279,121,Park,40.7714256153356,-73.97350072860723,2012-10-08 13:14:43,2012-10-08,train,43_0
43,625,122,Plaza,40.756489872673846,-73.98626804351807,2012-10-12 17:12:13,2012-10-08,train,43_0
47,215,50,Bar,40.739977397073,-73.99332451104736,2012-10-11 23:14:53,2012-10-08,train,47_21
47,475,63,Office,40.74106165791133,-74.0025638164589,2012-10-12 10:32:24,2012-10-08,train,47_21
49,2445,61,Office,40.74190869100568,-73.98925563221387,2012-10-12 08:45:56,2012-10-08,train,49_17
49,265,37,Bar,40.740727951827786,-74.00861104297583,2012-10-12 20:51:24,2012-10-08,train,49_17
50,1293,138,Gym / Fitness Center,40.721273088874895,-73.84692305545667,2012-10-08 05:36:37,2012-10-08,train,50_3
50,1754,222,Coffee Shop,40.72111512901744,-73.8473308194441,2012-10-08 07:26:06,2012-10-08,train,50_3
50,1754,222,Coffee Shop,40.72111512901744,-73.8473308194441,2012-10-13 07:47:32,2012-10-08,train,50_3
52,439,58,Electronics Store,40.76392076968141,-73.9731227408518,2012-10-08 15:37:20,2012-10-08,train,52_19
52,2275,78,Library,40.73699909877152,-73.99245220578715,2012-10-12 08:55:26,2012-10-08,train,52_19
62,4036,279,Outdoors & Recreation,40.879797,-74.10825,2012-10-08 16:23:10,2012-10-08,train,62_22
62,919,221,Bridge,40.85121557428245,-73.95206451416016,2012-10-11 16:54:06,2012-10-08,train,62_22
62,190,157,Stadium,40.82827721161922,-73.92655344439045,2012-10-11 22:10:44,2012-10-08,train,62_22
62,919,221,Bridge,40.85121557428245,-73.95206451416016,2012-10-11 22:31:18,2012-10-08,train,62_22
62,4801,308,Funeral Home,40.87053932297712,-74.0979549522799,2012-10-12 15:56:12,2012-10-08,train,62_22
66,2684,191,Latin American Restaurant,40.75228597087123,-73.99172336874453,2012-10-11 13:06:13,2012-10-08,train,66_14
66,2684,191,Latin American Restaurant,40.75228597087123,-73.99172336874453,2012-10-12 13:13:57,2012-10-08,train,66_14
77,5078,245,General Entertainment,40.757042207227045,-73.99813359642076,2012-10-11 18:25:31,2012-10-08,train,77_21
77,3818,189,Cupcake Shop,40.76300141892671,-73.96764149685488,2012-10-12 19:36:28,2012-10-08,train,77_21
87,444,85,Theater,40.76331287656422,-73.97056293322844,2012-10-08 12:45:33,2012-10-08,train,87_11
87,444,85,Theater,40.76331287656422,-73.97056293322844,2012-10-11 14:39:37,2012-10-08,train,87_11
94,357,70,Train Station,40.750794799423865,-73.99357639021292,2012-10-08 08:39:42,2012-10-08,train,94_21
94,1007,61,Office,40.74551752113523,-73.99235129356384,2012-10-08 08:56:32,2012-10-08,train,94_21
94,528,42,Food & Drink Shop,40.74481848035928,-73.99515151977539,2012-10-08 13:14:08,2012-10-08,train,94_21
94,177,41,Bar,40.72563263365638,-74.00750041007996,2012-10-12 22:23:28,2012-10-08,train,94_21
94,259,214,Bar,40.72459570391395,-73.99055837150034,2012-10-13 01:24:56,2012-10-08,train,94_21
94,1543,47,Bar,40.726946267342754,-73.99148807430478,2012-10-13 01:27:52,2012-10-08,train,94_21
95,2588,82,Spiritual Center,40.736325342180585,-73.99245220578715,2012-10-08 17:31:57,2012-10-08,train,95_0
95,1300,37,Bar,40.76548383013281,-73.91906686259051,2012-10-12 19:32:44,2012-10-08,train,95_0
99,552,50,Bar,40.71112557540723,-73.94836120300144,2012-10-12 00:17:15,2012-10-08,train,99_7
99,1417,37,Bar,40.71118782053748,-73.94923370801148,2012-10-12 00:37:18,2012-10-08,train,99_7
107,663,97,Diner,40.60570191978616,-73.98525553606459,2012-10-08 09:54:46,2012-10-08,train,107_17
107,2184,42,Food & Drink Shop,40.76903673486817,-73.8347299485058,2012-10-08 15:45:00,2012-10-08,train,107_17
107,877,222,Coffee Shop,40.718090320753845,-73.99999866268365,2012-10-12 20:57:24,2012-10-08,train,107_17
108,3583,136,Office,40.688073736593104,-73.981043006149,2012-10-09 14:24:09,2012-10-08,train,108_22
108,4420,136,Office,40.6866771440928,-73.97945323993258,2012-10-09 14:24:48,2012-10-08,train,108_22
108,3657,6,Home (private),40.60259048645985,-73.98887973002674,2012-10-11 20:17:31,2012-10-08,train,108_22
108,5065,6,Home (private),40.62239908525515,-73.98887973002674,2012-10-12 00:38:22,2012-10-08,train,108_22
112,724,222,Coffee Shop,40.74845178656272,-73.98507714271545,2012-10-08 15:41:32,2012-10-08,train,112_18
112,2392,61,Office,40.747832910398266,-73.98552527257162,2012-10-11 13:54:17,2012-10-08,train,112_18
112,999,259,Hotel,40.7625685886431,-73.9822769165039,2012-10-11 19:05:09,2012-10-08,train,112_18
112,391,80,Building,40.74828059076867,-73.98556262254715,2012-10-12 09:38:00,2012-10-08,train,112_18
112,2392,61,Office,40.747832910398266,-73.98552527257162,2012-10-12 09:38:16,2012-10-08,train,112_18
112,724,222,Coffee Shop,40.74845178656272,-73.98507714271545,2012-10-12 09:38:43,2012-10-08,train,112_18
114,434,183,University,40.694135602127766,-73.98635169695791,2012-10-08 09:45:37,2012-10-08,train,114_11
114,244,214,Bar,40.731895408411134,-73.98397571726198,2012-10-11 20:05:30,2012-10-08,train,114_11
114,979,138,Gym / Fitness Center,40.66600335047696,-73.99015188217163,2012-10-12 20:27:10,2012-10-08,train,114_11
117,405,241,Airport,40.645089355976346,-73.7845230102539,2012-10-11 20:03:27,2012-10-08,train,117_17
117,661,37,Bar,40.71655807771725,-74.00008678436278,2012-10-13 01:55:54,2012-10-08,train,117_17
121,622,61,Office,40.74050711736373,-73.98690838360204,2012-10-08 09:04:08,2012-10-08,train,121_21
121,622,61,Office,40.74050711736373,-73.98690838360204,2012-10-12 07:51:42,2012-10-08,train,121_21
121,3391,141,Bagel Shop,40.61639571556192,-74.03059959411621,2012-10-13 07:23:28,2012-10-08,train,121_21
129,234,121,Park,40.74218830848454,-73.98792418909154,2012-10-08 06:37:34,2012-10-08,train,129_22
129,3234,222,Coffee Shop,40.741904376575214,-73.98906826972961,2012-10-08 17:24:28,2012-10-08,train,129_22
129,234,121,Park,40.74218830848454,-73.98792418909154,2012-10-13 09:31:48,2012-10-08,train,129_22
133,2432,165,College Academic Building,40.721957424936726,-73.79645347595215,2012-10-11 17:47:57,2012-10-08,train,133_11
133,357,70,Train Station,40.750794799423865,-73.99357639021292,2012-10-13 00:36:24,2012-10-08,train,133_11
136,430,35,Bookstore,40.785870598954766,-73.97828578948975,2012-10-08 15:28:31,2012-10-08,train,136_3
136,3314,90,School,40.76539704528552,-73.95949682648256,2012-10-12 07:50:32,2012-10-08,train,136_3
136,3314,90,School,40.76539704528552,-73.95949682648256,2012-10-12 08:04:03,2012-10-08,train,136_3
136,3405,73,Bus Station,40.77934649096886,-73.94979050191382,2012-10-12 17:04:06,2012-10-08,train,136_3
141,673,259,Hotel,40.77127936209544,-73.98193359375,2012-10-11 14:09:12,2012-10-08,train,141_19
141,412,265,Mall,40.76792357432163,-73.98194432258606,2012-10-12 14:45:41,2012-10-08,train,141_19
141,2402,121,Park,40.770949639292695,-73.98340180471577,2012-10-12 18:04:59,2012-10-08,train,141_19
141,2402,121,Park,40.770949639292695,-73.98340180471577,2012-10-13 01:05:38,2012-10-08,train,141_19
141,1506,122,Plaza,40.7722274447236,-73.98302876064133,2012-10-13 01:06:00,2012-10-08,train,141_19
143,148,48,Bar,40.760753,-73.990799,2012-10-12 00:43:04,2012-10-08,train,143_15
143,3637,61,Office,40.73659884931666,-73.99576350140552,2012-10-12 22:02:36,2012-10-08,train,143_15
144,467,99,Thai Restaurant,40.73136898702117,-73.99431158852991,2012-10-08 15:47:21,2012-10-08,train,144_17
144,4735,27,Italian Restaurant,40.73710687747345,-73.99720966456215,2012-10-08 16:30:46,2012-10-08,train,144_17
144,659,222,Coffee Shop,40.736772,-74.000943,2012-10-08 16:57:42,2012-10-08,train,144_17
144,284,260,Food & Drink Shop,40.74193085348367,-74.00498547371578,2012-10-08 17:32:29,2012-10-08,train,144_17
144,284,260,Food & Drink Shop,40.74193085348367,-74.00498547371578,2012-10-12 14:36:46,2012-10-08,train,144_17
144,190,157,Stadium,40.82827721161922,-73.92655344439045,2012-10-12 17:17:40,2012-10-08,train,144_17
145,1802,194,Mexican Restaurant,40.75315436423719,-73.98905476854135,2012-10-11 20:27:57,2012-10-08,train,145_4
145,5000,6,Home (private),40.62562269014469,-73.94186034276925,2012-10-12 05:47:29,2012-10-08,train,145_4
145,2500,264,Subway,40.63523850278024,-73.9628791809082,2012-10-12 05:58:13,2012-10-08,train,145_4
145,3362,16,Clothing Store,40.761268375278135,-73.96862983703613,2012-10-12 06:55:54,2012-10-08,train,145_4
145,439,58,Electronics Store,40.76392076968141,-73.9731227408518,2012-10-12 07:11:33,2012-10-08,train,145_4
147,5012,281,Residential Building (Apartment / Condo),40.709071733503215,-74.01479229823786,2012-10-12 07:09:09,2012-10-08,train,147_6
147,910,137,Gym / Fitness Center,40.707330764823126,-74.01048860454246,2012-10-12 07:57:40,2012-10-08,train,147_6
155,637,111,Swiss Restaurant,40.72164843796456,-73.99753332138062,2012-10-11 18:06:23,2012-10-08,train,155_8
155,571,159,Art Museum,40.72241283071901,-73.9931638235344,2012-10-11 18:57:58,2012-10-08,train,155_8
155,3716,37,Bar,40.734853,-73.988588,2012-10-12 18:21:47,2012-10-08,train,155_8
156,1885,138,Gym / Fitness Center,40.722427710238776,-73.99760563590422,2012-10-08 09:39:16,2012-10-08,train,156_16
156,406,147,Movie Theater,40.73416736029532,-73.99048715829849,2012-10-12 19:18:19,2012-10-08,train,156_16
157,1047,137,Gym / Fitness Center,40.70819,-74.00648,2012-10-08 04:47:59,2012-10-08,train,157_6
157,680,222,Coffee Shop,40.71493168249224,-74.01143789291382,2012-10-08 08:35:07,2012-10-08,train,157_6
157,921,4,Gym / Fitness Center,40.72090442397552,-74.00063395500183,2012-10-08 17:12:09,2012-10-08,train,157_6
157,1047,137,Gym / Fitness Center,40.70819,-74.00648,2012-10-12 04:46:58,2012-10-08,train,157_6
157,1047,137,Gym / Fitness Center,40.70819,-74.00648,2012-10-13 07:50:25,2012-10-08,train,157_6
164,1791,303,Recycling Facility,40.73115325587209,-74.00852608804568,2012-10-08 16:59:31,2012-10-08,train,164_12
164,583,259,Hotel,40.7526195459056,-73.99336294005377,2012-10-08 17:57:35,2012-10-08,train,164_12
164,1348,37,Bar,40.729751,-73.9987545,2012-10-11 22:01:58,2012-10-08,train,164_12
164,1872,98,Donut Shop,40.72935205409404,-74.00692507282733,2012-10-12 09:31:21,2012-10-08,train,164_12
179,3578,257,Road,40.96535005,-74.06280286666667,2012-10-08 08:09:48,2012-10-08,train,179_23
179,4413,245,General Entertainment,40.96183293901183,-74.0603022124755,2012-10-08 08:49:59,2012-10-08,train,179_23
179,4363,211,Bar,40.96533885740628,-74.06283213352812,2012-10-08 09:45:32,2012-10-08,train,179_23
179,4620,213,Bar,40.96541694223362,-74.06288376421803,2012-10-11 18:16:23,2012-10-08,train,179_23
179,4902,50,Bar,40.96517162512245,-74.06274608234698,2012-10-11 19:08:17,2012-10-08,train,179_23
179,4562,102,American Restaurant,40.96532877881822,-74.06292392141155,2012-10-11 20:01:16,2012-10-08,train,179_23
179,3708,121,Park,40.96541698333333,-74.06291968333333,2012-10-11 20:20:42,2012-10-08,train,179_23
179,3577,73,Bus Station,40.96457180013344,-74.06643390655518,2012-10-11 22:00:58,2012-10-08,train,179_23
179,4413,245,General Entertainment,40.96183293901183,-74.0603022124755,2012-10-11 22:25:24,2012-10-08,train,179_23
179,2660,61,Office,40.96522921442873,-74.06305586641602,2012-10-11 23:23:50,2012-10-08,train,179_23
179,4562,102,American Restaurant,40.96532877881822,-74.06292392141155,2012-10-12 06:57:12,2012-10-08,train,179_23
179,4633,116,Pool,40.96535501903463,-74.06283213352812,2012-10-12 07:31:34,2012-10-08,train,179_23
179,3696,64,Government Building,40.92680715314999,-74.06860894667008,2012-10-12 10:02:10,2012-10-08,train,179_23
179,4562,102,American Restaurant,40.96532877881822,-74.06292392141155,2012-10-12 13:58:26,2012-10-08,train,179_23
179,3561,45,Other Nightlife,40.96533795,-74.0628079,2012-10-12 14:27:33,2012-10-08,train,179_23
179,4902,50,Bar,40.96517162512245,-74.06274608234698,2012-10-12 16:13:05,2012-10-08,train,179_23
179,4363,211,Bar,40.96533885740628,-74.06283213352812,2012-10-12 18:00:48,2012-10-08,train,179_23
179,3578,257,Road,40.96535005,-74.06280286666667,2012-10-12 18:28:46,2012-10-08,train,179_23
179,4620,213,Bar,40.96541694223362,-74.06288376421803,2012-10-12 20:52:49,2012-10-08,train,179_23
179,2660,61,Office,40.96522921442873,-74.06305586641602,2012-10-12 21:27:51,2012-10-08,train,179_23
179,3708,121,Park,40.96541698333333,-74.06291968333333,2012-10-12 22:11:51,2012-10-08,train,179_23
179,2675,259,Hotel,40.96031922320731,-74.06725511155042,2012-10-12 22:43:42,2012-10-08,train,179_23
179,3502,259,Hotel,40.96537083236714,-74.06281492329502,2012-10-12 23:25:51,2012-10-08,train,179_23
179,3561,45,Other Nightlife,40.96533795,-74.0628079,2012-10-12 23:53:03,2012-10-08,train,179_23
179,3578,257,Road,40.96535005,-74.06280286666667,2012-10-13 07:37:27,2012-10-08,train,179_23
183,5036,7,Clothing Store,40.91900160446153,-74.07459209340789,2012-10-11 20:54:21,2012-10-08,train,183_12
183,5036,7,Clothing Store,40.91900160446153,-74.07459209340789,2012-10-12 13:31:15,2012-10-08,train,183_12
183,1630,97,Diner,40.80381274223328,-74.19446,2012-10-12 23:59:28,2012-10-08,train,183_12
184,4228,317,City,40.7433065763416,-74.03240203857422,2012-10-11 12:56:45,2012-10-08,train,184_15
184,735,122,Plaza,40.74982540095488,-73.98796319961548,2012-10-11 18:22:36,2012-10-08,train,184_15
184,391,80,Building,40.74828059076867,-73.98556262254715,2012-10-11 18:39:08,2012-10-08,train,184_15
187,464,222,Coffee Shop,40.72645383618287,-73.99859547615051,2012-10-11 15:14:58,2012-10-08,train,187_5
187,486,147,Movie Theater,40.74276195733468,-73.97692322731018,2012-10-11 21:56:12,2012-10-08,train,187_5
202,4903,281,Residential Building (Apartment / Condo),40.7794836539293,-74.23431096075899,2012-10-08 08:16:20,2012-10-08,train,202_6
202,4903,281,Residential Building (Apartment / Condo),40.7794836539293,-74.23431096075899,2012-10-11 21:17:18,2012-10-08,train,202_6
202,4925,136,Office,40.63906640818128,-74.21741381582459,2012-10-12 05:54:11,2012-10-08,train,202_6
207,2134,138,Gym / Fitness Center,40.76011192810937,-73.96294644345505,2012-10-12 20:07:12,2012-10-08,train,207_18
207,2134,138,Gym / Fitness Center,40.76011192810937,-73.96294644345505,2012-10-13 10:34:16,2012-10-08,train,207_18
211,2414,88,Synagogue,40.77316471772558,-73.95498525432538,2012-10-08 09:47:53,2012-10-08,train,211_15
211,2414,88,Synagogue,40.77316471772558,-73.95498525432538,2012-10-13 10:05:32,2012-10-08,train,211_15
218,223,121,Park,40.72133752277011,-73.9521841234126,2012-10-08 04:39:36,2012-10-08,train,218_0
218,311,183,University,40.80821992957681,-73.96215395358303,2012-10-08 04:49:19,2012-10-08,train,218_0
218,947,222,Coffee Shop,40.737146255826325,-73.99040915951959,2012-10-08 05:01:50,2012-10-08,train,218_0
218,727,222,Coffee Shop,40.75503606545005,-73.98651239017553,2012-10-08 05:02:22,2012-10-08,train,218_0
218,1651,222,Coffee Shop,40.729545,-73.99658518000001,2012-10-08 05:03:08,2012-10-08,train,218_0
218,110,55,Bar,40.72714571556443,-74.00021099215293,2012-10-08 05:11:03,2012-10-08,train,218_0
218,254,121,Park,40.74706188749892,-74.00519371032715,2012-10-08 05:11:20,2012-10-08,train,218_0
218,1464,96,Deli / Bodega,40.72230706635953,-73.98735165596008,2012-10-08 07:15:15,2012-10-08,train,218_0
218,690,202,Pizza Place,40.59464553547787,-73.98148492438628,2012-10-08 07:15:31,2012-10-08,train,218_0
218,208,37,Bar,40.71402088381144,-73.98987293243407,2012-10-08 07:32:16,2012-10-08,train,218_0
218,248,228,Pool Hall,40.74143709197248,-73.99324416730772,2012-10-08 07:32:36,2012-10-08,train,218_0
218,339,159,Art Museum,40.778936659294864,-73.96229820007625,2012-10-08 10:21:14,2012-10-08,train,218_0
218,1144,53,Bar,40.75026475714144,-73.98647221688374,2012-10-08 10:25:11,2012-10-08,train,218_0
218,971,221,Bridge,40.705953265881305,-73.99656772613525,2012-10-12 04:39:58,2012-10-08,train,218_0
218,342,159,Art Museum,40.6716389935202,-73.96381202180841,2012-10-12 04:42:10,2012-10-08,train,218_0
218,242,35,Bookstore,40.75485025788179,-73.98800493858226,2012-10-12 04:43:54,2012-10-08,train,218_0
218,339,159,Art Museum,40.778936659294864,-73.96229820007625,2012-10-12 05:39:21,2012-10-08,train,218_0
218,309,159,Art Museum,40.77361447158453,-73.9641058682518,2012-10-12 06:16:42,2012-10-08,train,218_0
218,586,255,Flea Market,40.687415187557306,-73.96922528743744,2012-10-12 06:28:20,2012-10-08,train,218_0
218,1490,55,Bar,40.74070400463454,-74.00763089839269,2012-10-12 06:46:41,2012-10-08,train,218_0
218,1534,52,Bar,40.74423228466319,-74.00669553549685,2012-10-12 06:47:57,2012-10-08,train,218_0
228,4911,250,Design Studio,40.67282273372251,-73.99241777260337,2012-10-08 09:28:35,2012-10-08,train,228_10
228,4703,6,Home (private),40.70477380546345,-73.94186034276925,2012-10-11 22:46:08,2012-10-08,train,228_10
228,1030,264,Subway,40.69716886084869,-73.93569231033325,2012-10-12 07:39:54,2012-10-08,train,228_10
228,4911,250,Design Studio,40.67282273372251,-73.99241777260337,2012-10-12 16:00:15,2012-10-08,train,228_10
234,1122,61,Office,40.761358979518974,-73.98041106489133,2012-10-08 09:08:53,2012-10-08,train,234_11
234,1122,61,Office,40.761358979518974,-73.98041106489133,2012-10-12 10:31:54,2012-10-08,train,234_11
234,972,221,Bridge,40.75673368214285,-73.95445704460144,2012-10-13 10:06:03,2012-10-08,train,234_11
237,3177,6,Home (private),40.85040528700932,-73.7183639073073,2012-10-12 00:22:33,2012-10-08,train,237_8
237,3177,6,Home (private),40.85040528700932,-73.7183639073073,2012-10-13 06:59:22,2012-10-08,train,237_8
242,2496,232,Music Venue,40.71971101647132,-74.00456656363339,2012-10-08 05:31:50,2012-10-08,train,242_12
242,2646,155,Stadium,40.8134844303353,-74.07433032989502,2012-10-08 15:53:26,2012-10-08,train,242_12
242,2496,232,Music Venue,40.71971101647132,-74.00456656363339,2012-10-12 05:40:10,2012-10-08,train,242_12
251,279,121,Park,40.7714256153356,-73.97350072860723,2012-10-08 08:08:08,2012-10-08,train,251_1
251,4466,214,Bar,40.76000064275873,-73.99648189544678,2012-10-12 00:20:19,2012-10-08,train,251_1
251,2669,214,Bar,40.740787336369145,-73.99331877220993,2012-10-12 19:42:41,2012-10-08,train,251_1
252,354,121,Park,40.66390776998241,-73.970947265625,2012-10-08 08:25:44,2012-10-08,train,252_18
252,354,121,Park,40.66390776998241,-73.970947265625,2012-10-13 09:12:59,2012-10-08,train,252_18
253,2019,138,Gym / Fitness Center,40.71601683241224,-74.01281261117745,2012-10-08 12:48:04,2012-10-08,train,253_11
253,134,130,Burger Joint,40.73809430948774,-74.00388368084829,2012-10-12 21:04:55,2012-10-08,train,253_11
256,1632,264,Subway,40.88941188949587,-73.89850616455078,2012-10-08 10:01:14,2012-10-08,train,256_21
256,1920,264,Subway,40.72526674807949,-73.99617075920105,2012-10-08 16:42:55,2012-10-08,train,256_21
256,1920,264,Subway,40.72526674807949,-73.99617075920105,2012-10-09 14:07:28,2012-10-08,train,256_21
256,1917,264,Subway,40.82650767315227,-73.95039081573486,2012-10-11 14:00:43,2012-10-08,train,256_21
256,1632,264,Subway,40.88941188949587,-73.89850616455078,2012-10-12 10:00:28,2012-10-08,train,256_21
265,3555,80,Building,40.969114326041066,-73.88059232489422,2012-10-08 08:14:35,2012-10-08,train,265_13
265,4531,94,Caribbean Restaurant,40.88805430354332,-73.8604305062176,2012-10-08 17:24:30,2012-10-08,train,265_13
265,2655,263,Laundry Service,40.889121,-73.859668,2012-10-08 17:26:14,2012-10-08,train,265_13
265,3555,80,Building,40.969114326041066,-73.88059232489422,2012-10-11 16:44:03,2012-10-08,train,265_13
265,4531,94,Caribbean Restaurant,40.88805430354332,-73.8604305062176,2012-10-11 17:37:13,2012-10-08,train,265_13
265,3881,301,Neighborhood,40.89821955159699,-73.86741399765015,2012-10-11 17:39:10,2012-10-08,train,265_13
265,3881,301,Neighborhood,40.89821955159699,-73.86741399765015,2012-10-11 19:15:24,2012-10-08,train,265_13
265,3881,301,Neighborhood,40.89821955159699,-73.86741399765015,2012-10-12 17:43:37,2012-10-08,train,265_13
266,1271,61,Office,40.725049708722366,-73.99685960225945,2012-10-08 08:50:36,2012-10-08,train,266_7
266,2758,211,Bar,40.731226367111525,-73.95257606506347,2012-10-12 18:31:11,2012-10-08,train,266_7
269,1050,239,Airport,40.640725851595455,-73.78937244415283,2012-10-11 13:40:46,2012-10-08,train,269_7
269,1475,241,Airport,40.773839,-73.87122,2012-10-12 07:51:56,2012-10-08,train,269_7
269,3354,73,Bus Station,40.74433674934242,-73.97573990806953,2012-10-12 10:29:50,2012-10-08,train,269_7
273,351,268,Convention Center,40.75671096305903,-74.00100198012031,2012-10-11 19:09:31,2012-10-08,train,273_14
273,3533,6,Home (private),40.88729678663871,-73.90658830179062,2012-10-11 21:43:56,2012-10-08,train,273_14
273,351,268,Convention Center,40.75671096305903,-74.00100198012031,2012-10-12 21:20:47,2012-10-08,train,273_14
273,2968,130,Burger Joint,40.75845677498381,-73.98914046612941,2012-10-12 21:21:35,2012-10-08,train,273_14
273,4130,37,Bar,40.75599818752485,-73.99114966392517,2012-10-12 21:22:19,2012-10-08,train,273_14
273,3533,6,Home (private),40.88729678663871,-73.90658830179062,2012-10-13 04:39:35,2012-10-08,train,273_14
281,2346,136,Office,40.755253353706,-73.97945897918443,2012-10-08 09:03:20,2012-10-08,train,281_11
281,4872,29,Japanese Restaurant,40.73105527532634,-73.98871043032793,2012-10-12 19:31:43,2012-10-08,train,281_11
289,773,15,Dumpling Restaurant,40.71830136403906,-73.99192996850243,2012-10-11 13:07:22,2012-10-08,train,289_6
289,337,214,Bar,40.76430758425931,-73.98882150650024,2012-10-11 22:58:13,2012-10-08,train,289_6
289,3301,214,Bar,40.76421262848506,-73.9870174251268,2012-10-11 23:31:28,2012-10-08,train,289_6
289,3354,73,Bus Station,40.74433674934242,-73.97573990806953,2012-10-12 22:16:33,2012-10-08,train,289_6
293,2650,61,Office,40.74646496169778,-73.98116352940538,2012-10-08 08:01:29,2012-10-08,train,293_22
293,349,70,Train Station,40.75280620914171,-73.97717535495758,2012-10-08 15:13:50,2012-10-08,train,293_22
293,349,70,Train Station,40.75280620914171,-73.97717535495758,2012-10-11 16:08:39,2012-10-08,train,293_22
293,2763,102,American Restaurant,40.74733835203195,-73.98198997255602,2012-10-12 08:02:52,2012-10-08,train,293_22
293,2650,61,Office,40.74646496169778,-73.98116352940538,2012-10-12 08:37:07,2012-10-08,train,293_22
299,1753,264,Subway,40.67933621045698,-73.93028497695923,2012-10-08 12:39:53,2012-10-08,train,299_24
299,1339,121,Park,40.72678506374359,-74.00346747445712,2012-10-08 13:23:00,2012-10-08,train,299_24
299,2451,282,Convenience Store,40.72704803712337,-74.00345902982042,2012-10-08 13:24:33,2012-10-08,train,299_24
299,5063,282,Convenience Store,40.68904527212705,-73.93031898445723,2012-10-11 12:55:27,2012-10-08,train,299_24
299,3557,253,General Travel,40.68896799720544,-73.92899861616681,2012-10-11 12:57:04,2012-10-08,train,299_24
299,1611,264,Subway,40.7255768,-74.004252,2012-10-11 13:30:28,2012-10-08,train,299_24
299,1339,121,Park,40.72678506374359,-74.00346747445712,2012-10-11 13:31:42,2012-10-08,train,299_24
299,630,245,General Entertainment,40.72692705548838,-74.0054904599932,2012-10-11 18:39:57,2012-10-08,train,299_24
299,832,97,Diner,40.726347595238224,-74.00433702347331,2012-10-11 20:04:27,2012-10-08,train,299_24
299,1611,264,Subway,40.7255768,-74.004252,2012-10-11 20:06:48,2012-10-08,train,299_24
299,1514,264,Subway,40.73977358599364,-74.00257587432861,2012-10-11 20:13:17,2012-10-08,train,299_24
299,4039,264,Subway,40.71380944662146,-73.95024061203003,2012-10-11 20:30:10,2012-10-08,train,299_24
299,3628,120,Other Great Outdoors,40.7140882616396,-73.94940591248245,2012-10-11 20:30:40,2012-10-08,train,299_24
299,1781,202,Pizza Place,40.71416030830439,-73.94938295189516,2012-10-11 20:31:09,2012-10-08,train,299_24
299,359,128,Bakery,40.71505590186361,-73.9495034949479,2012-10-11 20:31:38,2012-10-08,train,299_24
299,2504,96,Deli / Bodega,40.716069008205125,-73.9497388406914,2012-10-11 20:32:47,2012-10-08,train,299_24
299,3636,60,Smoke Shop,40.71595073760232,-73.94959533722336,2012-10-11 21:56:56,2012-10-08,train,299_24
299,3628,120,Other Great Outdoors,40.7140882616396,-73.94940591248245,2012-10-12 00:40:04,2012-10-08,train,299_24
299,5003,253,General Travel,40.71532844619961,-73.94954367594879,2012-10-12 00:41:03,2012-10-08,train,299_24
299,5067,253,General Travel,40.70427839194181,-73.94789624806582,2012-10-12 00:51:16,2012-10-08,train,299_24
299,4039,264,Subway,40.71380944662146,-73.95024061203003,2012-10-12 14:54:17,2012-10-08,train,299_24
299,3628,120,Other Great Outdoors,40.7140882616396,-73.94940591248245,2012-10-12 14:55:39,2012-10-08,train,299_24
299,1781,202,Pizza Place,40.71416030830439,-73.94938295189516,2012-10-12 14:56:07,2012-10-08,train,299_24
299,359,128,Bakery,40.71505590186361,-73.9495034949479,2012-10-12 14:56:36,2012-10-08,train,299_24
299,2504,96,Deli / Bodega,40.716069008205125,-73.9497388406914,2012-10-12 15:23:51,2012-10-08,train,299_24
299,4367,96,Deli / Bodega,40.71559176749147,-73.94962403792549,2012-10-12 15:26:28,2012-10-08,train,299_24
299,3628,120,Other Great Outdoors,40.7140882616396,-73.94940591248245,2012-10-13 03:08:58,2012-10-08,train,299_24
299,3837,141,Bagel Shop,40.714049,-73.949311,2012-10-13 03:10:02,2012-10-08,train,299_24
299,3593,96,Deli / Bodega,40.70427317579925,-73.94809715465664,2012-10-13 03:25:15,2012-10-08,train,299_24
299,5067,253,General Travel,40.70427839194181,-73.94789624806582,2012-10-13 03:31:38,2012-10-08,train,299_24
301,1448,63,Office,40.73329164379054,-73.9928367092527,2012-10-11 09:33:26,2012-10-08,train,301_19
301,1448,63,Office,40.73329164379054,-73.9928367092527,2012-10-12 09:54:17,2012-10-08,train,301_19
301,866,61,Office,40.74170613161901,-73.98518666710845,2012-10-12 14:12:43,2012-10-08,train,301_19
305,3645,6,Home (private),40.68833899115064,-73.96537147003376,2012-10-12 20:38:20,2012-10-08,train,305_15
305,777,183,University,40.76815921628347,-73.96420955657959,2012-10-13 09:19:47,2012-10-08,train,305_15
307,1142,138,Gym / Fitness Center,40.74650474095836,-74.0088531755274,2012-10-08 16:38:05,2012-10-08,train,307_9
307,1142,138,Gym / Fitness Center,40.74650474095836,-74.0088531755274,2012-10-12 15:53:25,2012-10-08,train,307_9
319,2813,54,Food & Drink Shop,40.7645026089675,-73.9740800857544,2012-10-08 17:02:29,2012-10-08,train,319_17
319,4840,134,Event Space,40.643109,-73.983272,2012-10-11 21:15:21,2012-10-08,train,319_17
319,412,265,Mall,40.76792357432163,-73.98194432258606,2012-10-12 18:25:48,2012-10-08,train,319_17
319,4961,281,Residential Building (Apartment / Condo),40.76620905075257,-73.92425537109375,2012-10-12 22:44:36,2012-10-08,train,319_17
320,5061,6,Home (private),40.72554094394651,-73.74190167904314,2012-10-12 04:28:55,2012-10-08,train,320_17
320,2097,146,Movie Theater,40.7715858,-73.8364432,2012-10-12 13:39:09,2012-10-08,train,320_17
324,4219,113,Garden,40.67290578748258,-73.87081315402881,2012-10-08 06:42:21,2012-10-08,train,324_22
324,4814,94,Caribbean Restaurant,40.67295509289303,-73.87084186634232,2012-10-08 06:42:54,2012-10-08,train,324_22
324,4818,96,Deli / Bodega,40.67295591375991,-73.87084186634232,2012-10-08 06:48:53,2012-10-08,train,324_22
324,2645,95,Chinese Restaurant,40.67295263029044,-73.87085335126653,2012-10-08 06:49:14,2012-10-08,train,324_22
324,2273,34,Gas Station / Garage,40.67297503890257,-73.87077869924707,2012-10-08 06:49:41,2012-10-08,train,324_22
324,3231,95,Chinese Restaurant,40.67295591375991,-73.87083612387994,2012-10-08 06:50:51,2012-10-08,train,324_22
324,3027,202,Pizza Place,40.6729684719258,-73.87084186634232,2012-10-08 06:51:11,2012-10-08,train,324_22
324,4175,73,Bus Station,40.67285165272676,-73.87068107733259,2012-10-08 06:57:17,2012-10-08,train,324_22
324,3409,95,Chinese Restaurant,40.67295354709571,-73.87089354849601,2012-10-12 16:51:09,2012-10-08,train,324_22
329,2213,222,Coffee Shop,40.612287,-74.1324905,2012-10-08 09:34:40,2012-10-08,train,329_9
329,718,208,Ramen /  Noodle House,40.72931975,-73.98924,2012-10-12 21:45:57,2012-10-08,train,329_9
335,804,70,Train Station,40.73420076077984,-74.16483829470191,2012-10-12 15:50:28,2012-10-08,train,335_13
335,357,70,Train Station,40.750794799423865,-73.99357639021292,2012-10-12 16:14:47,2012-10-08,train,335_13
335,1524,264,Subway,40.74970348366515,-73.98781299591064,2012-10-12 16:22:31,2012-10-08,train,335_13
335,2084,264,Subway,40.82786090041683,-73.925651460886,2012-10-12 16:55:09,2012-10-08,train,335_13
335,190,157,Stadium,40.82827721161922,-73.92655344439045,2012-10-12 16:55:51,2012-10-08,train,335_13
335,2572,37,Bar,40.82839741960333,-73.92538765006168,2012-10-12 21:33:36,2012-10-08,train,335_13
335,357,70,Train Station,40.750794799423865,-73.99357639021292,2012-10-13 00:43:04,2012-10-08,train,335_13
342,2035,61,Office,40.746102944047806,-73.98232858365381,2012-10-08 08:41:44,2012-10-08,train,342_22
342,787,138,Gym / Fitness Center,40.746639222374434,-73.98150444030762,2012-10-11 13:23:25,2012-10-08,train,342_22
345,1788,190,Salad Place,40.755352083329136,-73.98656845092773,2012-10-11 13:33:45,2012-10-08,train,345_18
345,661,37,Bar,40.71655807771725,-74.00008678436278,2012-10-12 22:28:44,2012-10-08,train,345_18
345,2319,223,Harbor / Marina,40.68571485984485,-74.07188415527344,2012-10-13 02:35:10,2012-10-08,train,345_18
348,522,91,High School,40.82297200193111,-74.21314001083374,2012-10-12 07:47:17,2012-10-08,train,348_13
348,357,70,Train Station,40.750794799423865,-73.99357639021292,2012-10-12 17:10:42,2012-10-08,train,348_13
351,4598,6,Home (private),40.767237460001375,-73.89482953406639,2012-10-08 06:43:04,2012-10-08,train,351_22
351,4598,6,Home (private),40.767237460001375,-73.89482953406639,2012-10-13 01:18:20,2012-10-08,train,351_22
352,3853,61,Office,40.75447224802054,-73.98662143192519,2012-10-08 10:14:56,2012-10-08,train,352_17
352,4042,222,Coffee Shop,40.75379775034375,-73.9868152141571,2012-10-12 08:43:57,2012-10-08,train,352_17
355,5069,61,Office,40.64791919344307,-73.79936971013167,2012-10-08 08:33:57,2012-10-08,train,355_8
355,978,239,Airport,40.649257213175055,-73.78267765045166,2012-10-12 08:10:48,2012-10-08,train,355_8
355,3104,254,Department Store,40.661280884565485,-73.72556172309093,2012-10-12 19:13:06,2012-10-08,train,355_8
355,5069,61,Office,40.64791919344307,-73.79936971013167,2012-10-13 07:42:12,2012-10-08,train,355_8
355,978,239,Airport,40.649257213175055,-73.78267765045166,2012-10-13 07:52:00,2012-10-08,train,355_8
356,1357,96,Deli / Bodega,40.77893543470787,-73.94720742388425,2012-10-08 15:31:34,2012-10-08,train,356_22
356,1836,264,Subway,40.77950085761895,-73.9558461945179,2012-10-11 16:44:23,2012-10-08,train,356_22
356,3531,6,Home (private),40.773942932058,-73.94186034276925,2012-10-12 07:29:56,2012-10-08,train,356_22
356,2061,264,Subway,40.7625685886431,-73.96796464920044,2012-10-12 08:00:13,2012-10-08,train,356_22
356,2072,264,Subway,40.721717045393135,-73.8445246964693,2012-10-12 08:36:09,2012-10-08,train,356_22
356,2338,73,Bus Station,40.721502075213984,-73.84417533874512,2012-10-12 08:36:26,2012-10-08,train,356_22
356,3642,301,Neighborhood,40.71623280185079,-73.85018348693848,2012-10-12 08:36:40,2012-10-08,train,356_22
356,2581,167,College Academic Building,40.73523006577503,-73.8201523688399,2012-10-12 08:54:33,2012-10-08,train,356_22
356,4335,172,College Academic Building,40.735309,-73.82007195368169,2012-10-12 08:54:43,2012-10-08,train,356_22
356,1836,264,Subway,40.77950085761895,-73.9558461945179,2012-10-12 14:57:23,2012-10-08,train,356_22
356,3531,6,Home (private),40.773942932058,-73.94186034276925,2012-10-12 21:54:01,2012-10-08,train,356_22
370,4982,63,Office,40.758454,-73.988858,2012-10-08 08:21:27,2012-10-08,train,370_13
370,4982,63,Office,40.758454,-73.988858,2012-10-12 08:37:24,2012-10-08,train,370_13
370,15,37,Bar,40.73233045525843,-74.0016399059716,2012-10-12 18:45:52,2012-10-08,train,370_13
372,3919,257,Road,40.807736076276925,-73.94555423584045,2012-10-11 18:58:17,2012-10-08,train,372_21
372,2865,222,Coffee Shop,40.80798043673493,-73.94569774230696,2012-10-12 08:13:49,2012-10-08,train,372_21
372,3919,257,Road,40.807736076276925,-73.94555423584045,2012-10-12 08:26:47,2012-10-08,train,372_21
375,190,157,Stadium,40.82827721161922,-73.92655344439045,2012-10-11 19:51:18,2012-10-08,train,375_13
375,1475,241,Airport,40.773839,-73.87122,2012-10-12 06:08:26,2012-10-08,train,375_13
398,4342,61,Office,40.867133274376464,-73.8783413787014,2012-10-12 07:43:01,2012-10-08,train,398_8
398,3466,113,Garden,40.860702837951166,-73.87331685197428,2012-10-13 08:32:19,2012-10-08,train,398_8
407,577,202,Pizza Place,40.70507898542075,-73.93364403923762,2012-10-11 20:04:45,2012-10-08,train,407_21
407,4953,61,Office,40.70679141937431,-74.00988607969092,2012-10-12 08:13:46,2012-10-08,train,407_21
407,4199,127,Australian Restaurant,40.678989,-73.968288,2012-10-12 20:39:09,2012-10-08,train,407_21
407,3678,37,Bar,40.708226,-74.004974,2012-10-12 22:47:03,2012-10-08,train,407_21
409,1182,61,Office,40.719893,-74.000054,2012-10-11 20:15:53,2012-10-08,train,409_9
409,357,70,Train Station,40.750794799423865,-73.99357639021292,2012-10-12 19:57:36,2012-10-08,train,409_9
424,610,222,Coffee Shop,40.725292088686246,-73.99214602821085,2012-10-08 08:04:16,2012-10-08,train,424_14
424,1479,203,Food Truck,40.74265628447347,-73.98901462554932,2012-10-08 13:10:49,2012-10-08,train,424_14
424,2857,47,Bar,40.755998370536446,-73.9677333304998,2012-10-11 19:33:52,2012-10-08,train,424_14
424,1475,241,Airport,40.773839,-73.87122,2012-10-12 09:51:02,2012-10-08,train,424_14
427,349,70,Train Station,40.75280620914171,-73.97717535495758,2012-10-08 08:33:28,2012-10-08,train,427_14
427,3653,61,Office,40.76060517542807,-73.97460925028328,2012-10-09 14:16:57,2012-10-08,train,427_14
427,1722,222,Coffee Shop,40.76116538129582,-73.97340397324646,2012-10-11 14:01:58,2012-10-08,train,427_14
450,2621,177,College Academic Building,40.597721848677686,-74.14854252965651,2012-10-11 16:23:23,2012-10-08,train,450_13
450,804,70,Train Station,40.73420076077984,-74.16483829470191,2012-10-12 18:52:25,2012-10-08,train,450_13
452,4877,281,Residential Building (Apartment / Condo),40.706889,-73.818512,2012-10-12 03:15:03,2012-10-08,train,452_14
452,3157,19,Bank,40.78097593619557,-73.80258088208117,2012-10-12 09:57:54,2012-10-08,train,452_14
452,3157,19,Bank,40.78097593619557,-73.80258088208117,2012-10-13 08:35:24,2012-10-08,train,452_14
457,726,70,Train Station,40.805144639820114,-73.93914699554443,2012-10-08 07:35:56,2012-10-08,train,457_16
457,652,260,Food & Drink Shop,40.73652697126574,-73.9905595779419,2012-10-08 15:36:59,2012-10-08,train,457_16
457,249,130,Burger Joint,40.741160589048285,-73.98811340332031,2012-10-08 15:38:46,2012-10-08,train,457_16
457,349,70,Train Station,40.75280620914171,-73.97717535495758,2012-10-08 16:42:39,2012-10-08,train,457_16
476,1832,42,Food & Drink Shop,40.582704252811,-73.98557118513084,2012-10-08 07:29:52,2012-10-08,train,476_4
476,2522,42,Food & Drink Shop,40.58990215209122,-73.99124704067701,2012-10-08 08:05:20,2012-10-08,train,476_4
478,1514,264,Subway,40.73977358599364,-74.00257587432861,2012-10-11 23:27:21,2012-10-08,train,478_7
478,4542,214,Bar,40.76371235871056,-73.9929572251056,2012-10-13 00:41:47,2012-10-08,train,478_7
481,597,47,Bar,40.749522986346776,-73.98322963061759,2012-10-11 21:22:17,2012-10-08,train,481_13
481,597,47,Bar,40.749522986346776,-73.98322963061759,2012-10-13 00:03:18,2012-10-08,train,481_13
484,2085,138,Gym / Fitness Center,40.73714913245652,-73.88753449342389,2012-10-08 08:14:16,2012-10-08,train,484_18
484,2085,138,Gym / Fitness Center,40.73714913245652,-73.88753449342389,2012-10-13 10:36:13,2012-10-08,train,484_18
486,1326,42,Food & Drink Shop,40.6467216781025,-73.95701719681918,2012-10-11 16:16:08,2012-10-08,train,486_16
486,233,147,Movie Theater,40.756931775430665,-73.98897442301349,2012-10-11 19:41:35,2012-10-08,train,486_16
486,435,224,Arcade,40.756717428206045,-73.98858547210693,2012-10-11 22:19:46,2012-10-08,train,486_16
486,3751,281,Residential Building (Apartment / Condo),40.65036206222911,-73.96493812432726,2012-10-12 02:19:06,2012-10-08,train,486_16
486,3751,281,Residential Building (Apartment / Condo),40.65036206222911,-73.96493812432726,2012-10-13 03:20:53,2012-10-08,train,486_16
488,1097,61,Office,40.76321020137383,-73.98303449978644,2012-10-12 15:07:29,2012-10-08,train,488_12
488,1,37,Bar,40.756363,-73.967635,2012-10-12 18:00:59,2012-10-08,train,488_12
490,1997,61,Office,40.734311,-73.990991,2012-10-08 09:41:43,2012-10-08,train,490_16
490,1997,61,Office,40.734311,-73.990991,2012-10-12 07:10:00,2012-10-08,train,490_16
493,1257,265,Mall,40.90579352751887,-74.03098583221436,2012-10-08 13:31:26,2012-10-08,train,493_15
493,3268,178,General College & University,40.962576,-74.07160158333333,2012-10-12 09:03:49,2012-10-08,train,493_15
505,1358,47,Bar,40.777423,-73.948947,2012-10-08 08:06:39,2012-10-08,train,505_0
505,3000,254,Department Store,40.79535805750898,-73.93105745315552,2012-10-08 17:45:30,2012-10-08,train,505_0
505,4001,42,Food & Drink Shop,40.7783736214385,-73.95255722721059,2012-10-12 08:09:05,2012-10-08,train,505_0
505,457,106,Burrito Place,40.774772,-73.954047,2012-10-12 08:10:08,2012-10-08,train,505_0
505,332,59,Bar,40.77225671639142,-73.95570275058576,2012-10-12 08:12:44,2012-10-08,train,505_0
505,945,222,Coffee Shop,40.764346528997145,-73.95938776936617,2012-10-12 08:21:13,2012-10-08,train,505_0
505,2775,167,College Academic Building,40.76162173827517,-73.95653504290809,2012-10-12 08:43:43,2012-10-08,train,505_0
505,1470,183,University,40.76253816214488,-73.9563111853258,2012-10-12 08:43:54,2012-10-08,train,505_0
505,1532,42,Food & Drink Shop,40.77939389900411,-73.94523829221725,2012-10-12 17:31:52,2012-10-08,train,505_0
508,3936,80,Building,40.74311584876924,-73.99978059433505,2012-10-11 16:13:04,2012-10-08,train,508_16
508,3038,301,Neighborhood,40.63382181425697,-74.0152359008789,2012-10-12 20:36:16,2012-10-08,train,508_16
513,5017,61,Office,40.72308950066463,-74.00607004487341,2012-10-08 09:44:22,2012-10-08,train,513_7
513,3448,215,Tapas Restaurant,40.72908901998626,-73.9842454555664,2012-10-11 19:56:28,2012-10-08,train,513_7
513,5017,61,Office,40.72308950066463,-74.00607004487341,2012-10-12 09:59:22,2012-10-08,train,513_7
513,4800,37,Bar,40.70725559211751,-73.95383725476475,2012-10-13 00:16:03,2012-10-08,train,513_7
515,3336,301,Neighborhood,40.8673996356938,-73.92311999791536,2012-10-08 13:26:04,2012-10-08,train,515_6
515,3096,83,Church,40.86835079578941,-73.92031840631334,2012-10-08 13:35:26,2012-10-08,train,515_6
515,2737,97,Diner,40.86840303957776,-73.92228182105531,2012-10-08 15:32:46,2012-10-08,train,515_6
515,182,121,Park,40.70483494533927,-74.01370167732239,2012-10-11 17:31:15,2012-10-08,train,515_6
515,1942,264,Subway,40.70491221172606,-74.01401281356812,2012-10-11 17:32:42,2012-10-08,train,515_6
515,1522,264,Subway,40.71037756449118,-74.00755405426025,2012-10-11 17:32:59,2012-10-08,train,515_6
515,1918,264,Subway,40.86802856198655,-73.9199048280716,2012-10-11 18:36:32,2012-10-08,train,515_6
515,5077,269,Miscellaneous Shop,40.86849116684047,-73.92241960380116,2012-10-11 19:16:52,2012-10-08,train,515_6
515,4409,80,Building,40.86855201040876,-73.92238515812386,2012-10-11 19:19:30,2012-10-08,train,515_6
515,3096,83,Church,40.86835079578941,-73.92031840631334,2012-10-12 16:12:00,2012-10-08,train,515_6
515,5077,269,Miscellaneous Shop,40.86849116684047,-73.92241960380116,2012-10-12 19:21:00,2012-10-08,train,515_6
515,2737,97,Diner,40.86840303957776,-73.92228182105531,2012-10-12 19:21:27,2012-10-08,train,515_6
515,4409,80,Building,40.86855201040876,-73.92238515812386,2012-10-12 19:31:00,2012-10-08,train,515_6
517,651,61,Office,40.89499427038625,-73.94231096131689,2012-10-08 08:53:59,2012-10-08,train,517_21
517,4773,253,General Travel,40.75821867565886,-73.98996152288103,2012-10-12 08:04:38,2012-10-08,train,517_21
517,651,61,Office,40.89499427038625,-73.94231096131689,2012-10-12 08:30:59,2012-10-08,train,517_21
518,1747,222,Coffee Shop,40.7591180719511,-73.98258684595439,2012-10-08 09:23:48,2012-10-08,train,518_1
518,2426,138,Gym / Fitness Center,40.96165519347528,-74.07493114471436,2012-10-11 19:41:07,2012-10-08,train,518_1
520,4364,131,Café,40.80817287926464,-74.20878696126519,2012-10-08 07:38:19,2012-10-08,train,520_19
520,2204,70,Train Station,40.808157479622295,-74.20869827270508,2012-10-08 07:40:54,2012-10-08,train,520_19
520,357,70,Train Station,40.750794799423865,-73.99357639021292,2012-10-08 17:59:02,2012-10-08,train,520_19
522,1145,264,Subway,40.708588361482406,-73.99103164672852,2012-10-08 09:10:39,2012-10-08,train,522_8
522,1733,264,Subway,40.75650612666626,-73.98802757263184,2012-10-08 09:28:25,2012-10-08,train,522_8
524,4753,28,Salon / Barbershop,40.84859709833727,-73.93165082510875,2012-10-11 16:30:32,2012-10-08,train,524_15
524,4086,70,Train Station,40.74947590412627,-73.99223327636719,2012-10-13 07:44:12,2012-10-08,train,524_15
526,2287,257,Road,40.5847565470127,-73.95034790039062,2012-10-11 13:38:11,2012-10-08,train,526_16
526,3202,301,Neighborhood,40.59112794405122,-73.94521951675415,2012-10-11 15:41:47,2012-10-08,train,526_16
526,4660,6,Home (private),40.59424065296898,-73.93010370763156,2012-10-12 01:47:51,2012-10-08,train,526_16
526,4660,6,Home (private),40.59424065296898,-73.93010370763156,2012-10-13 00:58:55,2012-10-08,train,526_16
532,3179,80,Building,40.76416302508225,-73.97197484926564,2012-10-08 08:46:53,2012-10-08,train,532_5
532,1899,264,Subway,40.76487640472523,-73.97264242172241,2012-10-12 07:35:45,2012-10-08,train,532_5
532,3179,80,Building,40.76416302508225,-73.97197484926564,2012-10-12 08:21:08,2012-10-08,train,532_5
532,357,70,Train Station,40.750794799423865,-73.99357639021292,2012-10-12 17:17:42,2012-10-08,train,532_5
546,1484,214,Bar,40.760871,-73.990166,2012-10-11 18:24:27,2012-10-08,train,546_20
546,3572,245,General Entertainment,40.82446718763418,-73.9537396744875,2012-10-12 01:33:03,2012-10-08,train,546_20
549,300,37,Bar,40.726963,-73.98375,2012-10-12 00:50:16,2012-10-08,train,549_20
549,3771,281,Residential Building (Apartment / Condo),40.68881469717024,-73.98510631996176,2012-10-12 02:49:48,2012-10-08,train,549_20
549,3425,63,Office,40.73953974476804,-73.98840052540763,2012-10-12 09:26:13,2012-10-08,train,549_20
549,75,97,Diner,40.73653170754329,-73.9908281005557,2012-10-12 19:08:10,2012-10-08,train,549_20
549,3771,281,Residential Building (Apartment / Condo),40.68881469717024,-73.98510631996176,2012-10-12 19:50:43,2012-10-08,train,549_20
550,4292,61,Office,40.75142691110971,-73.97468386242315,2012-10-08 07:59:53,2012-10-08,train,550_22
550,109,50,Bar,40.75250681453614,-73.97759371330933,2012-10-11 18:09:00,2012-10-08,train,550_22
550,192,121,Park,40.73528249691621,-73.99040315158283,2012-10-11 19:46:53,2012-10-08,train,550_22
550,2128,6,Home (private),40.73122649796362,-73.98887973002674,2012-10-11 20:27:31,2012-10-08,train,550_22
550,1937,120,Other Great Outdoors,40.74582837946323,-73.95688517860609,2012-10-12 19:12:00,2012-10-08,train,550_22
552,4991,301,Neighborhood,40.694809888122464,-73.99426102638245,2012-10-08 08:27:48,2012-10-08,train,552_13
552,4991,301,Neighborhood,40.694809888122464,-73.99426102638245,2012-10-12 07:47:21,2012-10-08,train,552_13
552,4431,37,Bar,40.76406380256933,-73.77111196517944,2012-10-12 21:22:37,2012-10-08,train,552_13
553,4161,301,Neighborhood,40.62038116692997,-73.96068497107262,2012-10-12 07:31:58,2012-10-08,train,553_23
553,2610,264,Subway,40.60906562433294,-73.95777225494385,2012-10-12 07:58:37,2012-10-08,train,553_23
553,2872,294,River,40.71039864992392,-73.98853826098953,2012-10-12 08:30:58,2012-10-08,train,553_23
553,5047,6,Home (private),40.619062926127285,-73.96537147003376,2012-10-12 17:25:23,2012-10-08,train,553_23
553,4161,301,Neighborhood,40.62038116692997,-73.96068497107262,2012-10-13 08:43:11,2012-10-08,train,553_23
555,3759,54,Food & Drink Shop,40.74863806916286,-73.9893417165806,2012-10-08 09:06:52,2012-10-08,train,555_8
555,1949,61,Office,40.74900633787963,-73.98881373185682,2012-10-08 09:10:32,2012-10-08,train,555_8
561,1709,77,Government Building,40.7117844949098,-74.00208234786987,2012-10-08 17:04:26,2012-10-08,train,561_23
561,1984,42,Food & Drink Shop,40.89656884509741,-73.79472806765762,2012-10-12 16:17:53,2012-10-08,train,561_23
566,4947,136,Office,40.81142848322627,-74.1967430825946,2012-10-08 07:23:30,2012-10-08,train,566_21
566,4947,136,Office,40.81142848322627,-74.1967430825946,2012-10-12 08:19:48,2012-10-08,train,566_21
567,4747,55,Bar,40.718690227529656,-73.98931302179598,2012-10-11 22:57:55,2012-10-08,train,567_11
567,3977,281,Residential Building (Apartment / Condo),40.64977003699423,-73.9605912566185,2012-10-13 05:55:00,2012-10-08,train,567_11
572,674,254,Department Store,40.758017730590645,-73.97692322731018,2012-10-11 16:34:23,2012-10-08,train,572_15
572,2907,281,Residential Building (Apartment / Condo),40.75757750382832,-73.96870332070132,2012-10-12 00:23:21,2012-10-08,train,572_15
572,1013,222,Coffee Shop,40.75784646513721,-73.97099913603616,2012-10-12 08:06:24,2012-10-08,train,572_15
572,2907,281,Residential Building (Apartment / Condo),40.75757750382832,-73.96870332070132,2012-10-12 15:56:54,2012-10-08,train,572_15
573,4552,63,Office,40.724169079279605,-73.99721145629883,2012-10-09 14:27:17,2012-10-08,train,573_11
573,278,29,Japanese Restaurant,40.72903593565604,-73.98856121691024,2012-10-11 18:53:24,2012-10-08,train,573_11
580,3201,6,Home (private),40.69617272249676,-73.81249842275241,2012-10-08 13:25:31,2012-10-08,train,580_9
580,1849,58,Electronics Store,40.75364621555035,-73.91210859193421,2012-10-12 15:55:47,2012-10-08,train,580_9
580,3201,6,Home (private),40.69617272249676,-73.81249842275241,2012-10-13 04:27:25,2012-10-08,train,580_9
581,3009,301,Neighborhood,40.72288437724696,-73.99875640869139,2012-10-08 16:56:46,2012-10-08,train,581_2
581,5026,14,Clothing Store,40.723199218995006,-73.99869598754455,2012-10-08 16:56:51,2012-10-08,train,581_2
581,5026,14,Clothing Store,40.723199218995006,-73.99869598754455,2012-10-12 14:41:40,2012-10-08,train,581_2
581,4231,214,Bar,40.765162620688834,-73.98763149992548,2012-10-13 00:46:39,2012-10-08,train,581_2
584,788,138,Gym / Fitness Center,40.744372067717286,-73.99622260200258,2012-10-11 17:20:36,2012-10-08,train,584_7
584,379,52,Bar,40.7397980131948,-74.00699967240043,2012-10-12 22:22:52,2012-10-08,train,584_7
587,2821,132,Fast Food Restaurant,40.68014053344931,-73.8780025860915,2012-10-11 23:32:36,2012-10-08,train,587_0
587,3007,26,Drugstore / Pharmacy,40.64153995987908,-73.93751621246338,2012-10-12 16:13:34,2012-10-08,train,587_0
588,1833,222,Coffee Shop,40.70813495353977,-73.83076429367065,2012-10-08 07:18:31,2012-10-08,train,588_21
588,753,97,Diner,40.73596877446251,-73.87561379445675,2012-10-11 14:07:48,2012-10-08,train,588_21
592,1577,2,Gym / Fitness Center,40.748818545337386,-73.99218821788688,2012-10-08 07:21:27,2012-10-08,train,592_18
592,1577,2,Gym / Fitness Center,40.748818545337386,-73.99218821788688,2012-10-12 15:41:33,2012-10-08,train,592_18
592,1313,2,Gym / Fitness Center,40.71926874226221,-74.00171450760502,2012-10-13 09:32:46,2012-10-08,train,592_18
605,3685,216,Tea Room,40.75338271988277,-73.97444280771313,2012-10-12 16:17:48,2012-10-08,train,605_8
605,190,157,Stadium,40.82827721161922,-73.92655344439045,2012-10-12 17:31:45,2012-10-08,train,605_8
608,1298,221,Bridge,40.82809886666084,-73.93391132354736,2012-10-08 08:33:48,2012-10-08,train,608_20
608,311,183,University,40.80821992957681,-73.96215395358303,2012-10-11 13:15:48,2012-10-08,train,608_20
608,370,27,Italian Restaurant,40.75930175423635,-73.9849591255188,2012-10-12 18:34:12,2012-10-08,train,608_20
608,2026,87,Theater,40.76373252155103,-73.97949341469202,2012-10-12 19:41:16,2012-10-08,train,608_20
614,674,254,Department Store,40.758017730590645,-73.97692322731018,2012-10-08 15:35:40,2012-10-08,train,614_16
614,2941,42,Food & Drink Shop,40.74174,-73.99365,2012-10-12 16:48:24,2012-10-08,train,614_16
614,192,121,Park,40.73528249691621,-73.99040315158283,2012-10-12 17:43:00,2012-10-08,train,614_16
614,447,102,American Restaurant,40.729334571108616,-74.00369100272655,2012-10-12 21:12:10,2012-10-08,train,614_16
620,4649,6,Home (private),40.625784494598165,-74.0828838592642,2012-10-08 17:13:24,2012-10-08,train,620_21
620,2599,222,Coffee Shop,40.78195703357537,-73.82981210947037,2012-10-09 14:08:31,2012-10-08,train,620_21
620,2599,222,Coffee Shop,40.78195703357537,-73.82981210947037,2012-10-09 14:10:31,2012-10-08,train,620_21
620,1832,42,Food & Drink Shop,40.582704252811,-73.98557118513084,2012-10-11 18:32:17,2012-10-08,train,620_21
620,4649,6,Home (private),40.625784494598165,-74.0828838592642,2012-10-11 19:52:52,2012-10-08,train,620_21
620,2139,221,Bridge,40.72784213324929,-73.929163813591,2012-10-12 13:24:56,2012-10-08,train,620_21
620,4649,6,Home (private),40.625784494598165,-74.0828838592642,2012-10-12 17:45:49,2012-10-08,train,620_21
621,2509,26,Drugstore / Pharmacy,40.71292912879564,-73.87201398611069,2012-10-08 09:08:56,2012-10-08,train,621_9
621,1480,222,Coffee Shop,40.69238982068587,-73.99091631174088,2012-10-11 17:10:31,2012-10-08,train,621_9
621,1373,183,University,40.69331340019489,-73.99198161840714,2012-10-12 09:07:03,2012-10-08,train,621_9
626,3994,282,Convenience Store,40.9728397699418,-73.96039224047603,2012-10-08 07:12:39,2012-10-08,train,626_5
626,4536,6,Home (private),40.94660079949698,-73.97712595918333,2012-10-08 08:26:40,2012-10-08,train,626_5
626,1814,222,Coffee Shop,40.972154374213545,-73.96090507507324,2012-10-08 17:38:55,2012-10-08,train,626_5
626,2757,121,Park,40.97407205524195,-73.96234376939638,2012-10-11 18:34:58,2012-10-08,train,626_5
626,4855,6,Home (private),40.974462476997545,-73.96537147003376,2012-10-11 18:50:34,2012-10-08,train,626_5
626,4545,6,Home (private),40.94660079949698,-73.97712595918333,2012-10-12 16:59:26,2012-10-08,train,626_5
626,4536,6,Home (private),40.94660079949698,-73.97712595918333,2012-10-13 09:49:50,2012-10-08,train,626_5
633,5007,281,Residential Building (Apartment / Condo),40.62506712088796,-74.07837233484676,2012-10-08 13:15:56,2012-10-08,train,633_9
633,985,288,Ferry,40.6444055420497,-74.0729570388794,2012-10-08 15:26:38,2012-10-08,train,633_9
633,3340,73,Bus Station,40.64329716786612,-74.0743798469562,2012-10-08 15:31:31,2012-10-08,train,633_9
633,1884,35,Bookstore,40.59245497715398,-74.16285436034939,2012-10-08 15:50:34,2012-10-08,train,633_9
633,5007,281,Residential Building (Apartment / Condo),40.62506712088796,-74.07837233484676,2012-10-11 15:08:27,2012-10-08,train,633_9
633,985,288,Ferry,40.6444055420497,-74.0729570388794,2012-10-12 14:50:46,2012-10-08,train,633_9
633,3573,222,Coffee Shop,40.59244808052431,-74.16294036561932,2012-10-12 15:53:01,2012-10-08,train,633_9
633,2099,71,Train Station,40.63167229840464,-74.0753173828125,2012-10-12 21:27:35,2012-10-08,train,633_9
633,2157,121,Park,40.62689263449373,-74.07646536827087,2012-10-12 21:41:06,2012-10-08,train,633_9
633,5007,281,Residential Building (Apartment / Condo),40.62506712088796,-74.07837233484676,2012-10-12 21:46:45,2012-10-08,train,633_9
633,2157,121,Park,40.62689263449373,-74.07646536827087,2012-10-13 05:36:09,2012-10-08,train,633_9
633,2507,122,Plaza,40.6372657806203,-74.07631516456604,2012-10-13 05:48:06,2012-10-08,train,633_9
633,985,288,Ferry,40.6444055420497,-74.0729570388794,2012-10-13 05:56:28,2012-10-08,train,633_9
633,3340,73,Bus Station,40.64329716786612,-74.0743798469562,2012-10-13 06:03:32,2012-10-08,train,633_9
634,2251,264,Subway,40.66869292137888,-73.93140077590942,2012-10-12 02:50:59,2012-10-08,train,634_17
634,1522,264,Subway,40.71037756449118,-74.00755405426025,2012-10-12 03:27:29,2012-10-08,train,634_17
634,1913,264,Subway,40.69147464622913,-73.98738384246826,2012-10-12 03:51:23,2012-10-08,train,634_17
634,4905,6,Home (private),40.85155841497341,-74.14161270853154,2012-10-12 17:29:15,2012-10-08,train,634_17
636,908,256,Furniture / Home Store,40.76266834615508,-73.96865740411552,2012-10-08 10:08:18,2012-10-08,train,636_19
636,2767,131,Café,40.690049464648695,-73.96514475286511,2012-10-12 15:08:52,2012-10-08,train,636_19
636,259,214,Bar,40.72459570391395,-73.99055837150034,2012-10-12 21:24:11,2012-10-08,train,636_19
645,1901,19,Bank,40.77755076676488,-73.97868991790808,2012-10-12 13:52:37,2012-10-08,train,645_3
645,1158,42,Food & Drink Shop,40.77856926162736,-73.97810451099409,2012-10-12 14:13:10,2012-10-08,train,645_3
648,3599,61,Office,40.759838111199954,-73.98109674453735,2012-10-08 13:27:21,2012-10-08,train,648_13
648,3599,61,Office,40.759838111199954,-73.98109674453735,2012-10-12 13:37:19,2012-10-08,train,648_13
652,3073,165,College Academic Building,40.74657419673222,-73.99579524993895,2012-10-11 13:47:15,2012-10-08,train,652_17
652,3073,165,College Academic Building,40.74657419673222,-73.99579524993895,2012-10-12 13:45:13,2012-10-08,train,652_17
658,4222,202,Pizza Place,40.823047,-73.975966,2012-10-08 17:32:25,2012-10-08,train,658_14
658,4221,130,Burger Joint,40.82305195646278,-73.97602113663933,2012-10-08 17:32:49,2012-10-08,train,658_14
658,565,310,Concert Hall,40.76950686568525,-73.99265306590263,2012-10-11 23:35:08,2012-10-08,train,658_14
658,379,52,Bar,40.7397980131948,-74.00699967240043,2012-10-12 00:47:50,2012-10-08,train,658_14
658,587,266,Bus Station,40.75722129839836,-73.99154663085938,2012-10-12 04:12:30,2012-10-08,train,658_14
658,4952,6,Home (private),40.8283149288856,-73.97712595918333,2012-10-12 05:11:39,2012-10-08,train,658_14
658,4977,6,Home (private),40.8283149288856,-73.97712595918333,2012-10-12 14:12:15,2012-10-08,train,658_14
658,5033,298,Travel Lounge,40.827343,-73.975336,2012-10-12 14:12:23,2012-10-08,train,658_14
658,4957,6,Home (private),40.78229374678743,-74.00063278107605,2012-10-12 22:38:48,2012-10-08,train,658_14
658,987,257,Road,40.76117085825042,-74.01128768920898,2012-10-13 00:24:41,2012-10-08,train,658_14
658,48,232,Music Venue,40.73169799836348,-73.98922693741638,2012-10-13 00:52:02,2012-10-08,train,658_14
658,4952,6,Home (private),40.8283149288856,-73.97712595918333,2012-10-13 06:26:37,2012-10-08,train,658_14
663,2010,42,Food & Drink Shop,40.82118176815919,-73.99176120758057,2012-10-12 15:05:27,2012-10-08,train,663_20
663,4437,61,Office,40.843089,-73.973083,2012-10-13 09:06:03,2012-10-08,train,663_20
670,2870,96,Deli / Bodega,40.812158822891696,-74.19442355632782,2012-10-08 05:46:46,2012-10-08,train,670_13
670,3605,6,Home (private),40.81866124816049,-74.1885824928771,2012-10-08 06:13:00,2012-10-08,train,670_13
670,2870,96,Deli / Bodega,40.812158822891696,-74.19442355632782,2012-10-12 05:56:53,2012-10-08,train,670_13
670,2594,98,Donut Shop,40.802794,-74.169468,2012-10-13 09:53:37,2012-10-08,train,670_13
684,4403,222,Coffee Shop,40.72795460840525,-73.99326138382618,2012-10-08 16:11:11,2012-10-08,train,684_11
684,1197,222,Coffee Shop,40.7270333463285,-73.99521257923753,2012-10-11 15:13:56,2012-10-08,train,684_11
684,546,138,Gym / Fitness Center,40.75552694404017,-73.98908346336458,2012-10-11 20:02:53,2012-10-08,train,684_11
684,2669,214,Bar,40.740787336369145,-73.99331877220993,2012-10-13 01:17:23,2012-10-08,train,684_11
685,1035,163,Medical Center,40.7646651291205,-73.9548110961914,2012-10-08 17:57:13,2012-10-08,train,685_10
685,1002,70,Train Station,40.69902344282463,-73.81001472473143,2012-10-12 19:27:03,2012-10-08,train,685_10
688,436,241,Airport,40.68968493541091,-74.17938709259033,2012-10-08 07:37:30,2012-10-08,train,688_9
688,1650,239,Airport,40.77025558040047,-73.86387348175049,2012-10-11 15:50:33,2012-10-08,train,688_9
688,1475,241,Airport,40.773839,-73.87122,2012-10-12 19:02:49,2012-10-08,train,688_9
689,1415,42,Food & Drink Shop,40.74299725135464,-74.05132961240221,2012-10-11 19:04:11,2012-10-08,train,689_14
689,2505,52,Bar,40.742019,-74.048426,2012-10-11 19:59:24,2012-10-08,train,689_14
689,4602,295,Shrine,40.74203589692204,-74.04859873680917,2012-10-12 03:25:48,2012-10-08,train,689_14
689,4122,276,College & University,40.78258118052461,-74.02333053940993,2012-10-12 07:54:26,2012-10-08,train,689_14
689,4202,173,Community College,40.78236482850316,-74.02322725651749,2012-10-12 07:54:33,2012-10-08,train,689_14
689,4602,295,Shrine,40.74203589692204,-74.04859873680917,2012-10-12 15:38:38,2012-10-08,train,689_14
689,2227,222,Coffee Shop,40.74550126445644,-74.0494179725647,2012-10-12 15:45:03,2012-10-08,train,689_14
689,2505,52,Bar,40.742019,-74.048426,2012-10-12 17:39:45,2012-10-08,train,689_14
689,1483,26,Drugstore / Pharmacy,40.73680709413176,-74.03088725252944,2012-10-13 09:36:12,2012-10-08,train,689_14
689,2691,98,Donut Shop,40.73729142446389,-74.03733632862806,2012-10-13 09:53:42,2012-10-08,train,689_14
694,3643,106,Burrito Place,40.80494,-73.992149,2012-10-08 08:57:38,2012-10-08,train,694_20
694,3368,6,Home (private),40.76597116277859,-74.16509908485864,2012-10-11 16:46:28,2012-10-08,train,694_20
694,3643,106,Burrito Place,40.80494,-73.992149,2012-10-12 10:28:56,2012-10-08,train,694_20
694,3368,6,Home (private),40.76597116277859,-74.16509908485864,2012-10-12 18:30:20,2012-10-08,train,694_20
694,3643,106,Burrito Place,40.80494,-73.992149,2012-10-13 08:39:12,2012-10-08,train,694_20
695,2361,156,Stadium,40.68312,-73.975979,2012-10-11 19:05:48,2012-10-08,train,695_7
695,1438,222,Coffee Shop,40.78089970281194,-73.98125535659763,2012-10-12 07:05:48,2012-10-08,train,695_7
697,2646,155,Stadium,40.8134844303353,-74.07433032989502,2012-10-08 16:31:32,2012-10-08,train,697_21
697,144,37,Bar,40.74939032832351,-73.98286232535908,2012-10-11 22:59:12,2012-10-08,train,697_21
697,1857,19,Bank,40.73275480550195,-74.0388822555542,2012-10-12 15:22:42,2012-10-08,train,697_21
702,3999,6,Home (private),40.75765180683012,-74.03588760058483,2012-10-11 23:19:40,2012-10-08,train,702_20
702,3999,6,Home (private),40.75765180683012,-74.03588760058483,2012-10-13 00:15:27,2012-10-08,train,702_20
702,2734,73,Bus Station,40.75816401301727,-73.99508714675903,2012-10-13 09:19:40,2012-10-08,train,702_20
702,351,268,Convention Center,40.75671096305903,-74.00100198012031,2012-10-13 10:15:09,2012-10-08,train,702_20
707,4116,6,Home (private),40.86633340833704,-74.10637760442646,2012-10-12 20:19:47,2012-10-08,train,707_12
707,4116,6,Home (private),40.86633340833704,-74.10637760442646,2012-10-13 07:54:17,2012-10-08,train,707_12
708,1871,99,Thai Restaurant,40.74322529020578,-73.99635314941406,2012-10-08 16:47:09,2012-10-08,train,708_16
708,1871,99,Thai Restaurant,40.74322529020578,-73.99635314941406,2012-10-11 17:30:34,2012-10-08,train,708_16
710,1145,264,Subway,40.708588361482406,-73.99103164672852,2012-10-11 18:01:01,2012-10-08,train,710_15
710,2935,6,Home (private),40.63886446869532,-73.96537147003376,2012-10-12 00:18:49,2012-10-08,train,710_15
710,264,37,Bar,40.666674206504105,-73.98817096588479,2012-10-13 00:52:48,2012-10-08,train,710_15
717,4560,253,General Travel,40.88866543447817,-74.10835344601192,2012-10-11 19:50:56,2012-10-08,train,717_0
717,5073,6,Home (private),40.886059666322495,-74.10637760442646,2012-10-11 19:51:03,2012-10-08,train,717_0
717,5079,6,Home (private),40.886059666322495,-74.10637760442646,2012-10-12 05:29:53,2012-10-08,train,717_0
717,5073,6,Home (private),40.886059666322495,-74.10637760442646,2012-10-12 05:30:12,2012-10-08,train,717_0
717,4560,253,General Travel,40.88866543447817,-74.10835344601192,2012-10-12 05:30:23,2012-10-08,train,717_0
717,5073,6,Home (private),40.886059666322495,-74.10637760442646,2012-10-12 18:20:49,2012-10-08,train,717_0
719,4780,42,Food & Drink Shop,40.884835891587976,-74.21012257381425,2012-10-08 06:52:41,2012-10-08,train,719_15
719,1843,147,Movie Theater,40.91532869189857,-74.07670140266418,2012-10-12 18:36:55,2012-10-08,train,719_15
720,3269,19,Bank,40.63673571148898,-73.99040342059492,2012-10-11 13:33:30,2012-10-08,train,720_19
720,2974,88,Synagogue,40.64118376972367,-73.99622834075308,2012-10-11 19:20:33,2012-10-08,train,720_19
720,3220,6,Home (private),40.632300871701176,-73.98887973002674,2012-10-11 20:07:59,2012-10-08,train,720_19
720,1952,42,Food & Drink Shop,40.64017661414315,-73.98533014407252,2012-10-12 13:25:04,2012-10-08,train,720_19
720,3618,6,Home (private),40.63396697468096,-74.00063278107605,2012-10-12 16:11:45,2012-10-08,train,720_19
722,2174,222,Coffee Shop,40.772298,-73.949633,2012-10-11 15:17:46,2012-10-08,train,722_11
722,2174,222,Coffee Shop,40.772298,-73.949633,2012-10-13 09:08:44,2012-10-08,train,722_11
727,1189,96,Deli / Bodega,40.799143375287656,-73.96300384088624,2012-10-11 19:44:22,2012-10-08,train,727_1
727,1963,122,Plaza,40.80070777919297,-73.95825127574912,2012-10-11 20:07:25,2012-10-08,train,727_1
727,1189,96,Deli / Bodega,40.799143375287656,-73.96300384088624,2012-10-11 23:16:18,2012-10-08,train,727_1
727,1963,122,Plaza,40.80070777919297,-73.95825127574912,2012-10-12 14:13:05,2012-10-08,train,727_1
727,1189,96,Deli / Bodega,40.799143375287656,-73.96300384088624,2012-10-12 15:53:04,2012-10-08,train,727_1
727,625,122,Plaza,40.756489872673846,-73.98626804351807,2012-10-12 21:10:58,2012-10-08,train,727_1
727,1733,264,Subway,40.75650612666626,-73.98802757263184,2012-10-12 21:13:19,2012-10-08,train,727_1
727,587,266,Bus Station,40.75722129839836,-73.99154663085938,2012-10-12 21:15:11,2012-10-08,train,727_1
727,2288,262,Light Rail,40.74862247391861,-74.03892517089844,2012-10-13 06:38:00,2012-10-08,train,727_1
727,2312,262,Light Rail,40.72703111110143,-74.0348482131958,2012-10-13 06:52:08,2012-10-08,train,727_1
732,351,268,Convention Center,40.75671096305903,-74.00100198012031,2012-10-12 14:28:07,2012-10-08,train,732_13
732,351,268,Convention Center,40.75671096305903,-74.00100198012031,2012-10-13 08:34:52,2012-10-08,train,732_13
736,674,254,Department Store,40.758017730590645,-73.97692322731018,2012-10-11 16:55:22,2012-10-08,train,736_19
736,3383,206,Seafood Restaurant,40.74588914242651,-73.98852104404719,2012-10-11 19:23:47,2012-10-08,train,736_19
736,302,50,Bar,40.733412,-74.00624967,2012-10-12 00:19:10,2012-10-08,train,736_19
737,857,259,Hotel,40.76224486711165,-73.9792871763928,2012-10-08 09:30:07,2012-10-08,train,737_23
737,3116,319,Market,40.74186151409088,-73.98943362953369,2012-10-11 14:15:03,2012-10-08,train,737_23
737,576,102,American Restaurant,40.731155872068506,-73.98872764725327,2012-10-11 19:15:03,2012-10-08,train,737_23
737,48,232,Music Venue,40.73169799836348,-73.98922693741638,2012-10-12 00:15:04,2012-10-08,train,737_23
737,857,259,Hotel,40.76224486711165,-73.9792871763928,2012-10-12 02:30:05,2012-10-08,train,737_23
737,857,259,Hotel,40.76224486711165,-73.9792871763928,2012-10-12 09:30:06,2012-10-08,train,737_23
737,3116,319,Market,40.74186151409088,-73.98943362953369,2012-10-12 14:15:03,2012-10-08,train,737_23
737,576,102,American Restaurant,40.731155872068506,-73.98872764725327,2012-10-12 19:15:03,2012-10-08,train,737_23
737,398,52,Bar,40.76362499327396,-73.99757623672485,2012-10-12 20:45:08,2012-10-08,train,737_23
737,230,52,Bar,40.75006726071233,-74.00270154186394,2012-10-12 22:30:09,2012-10-08,train,737_23
737,857,259,Hotel,40.76224486711165,-73.9792871763928,2012-10-13 02:30:05,2012-10-08,train,737_23
737,857,259,Hotel,40.76224486711165,-73.9792871763928,2012-10-13 09:30:05,2012-10-08,train,737_23
744,2965,130,Burger Joint,40.804518529155104,-73.96629268515318,2012-10-08 17:37:52,2012-10-08,train,744_9
744,326,37,Bar,40.805097,-73.966071,2012-10-11 17:50:02,2012-10-08,train,744_9
744,2965,130,Burger Joint,40.804518529155104,-73.96629268515318,2012-10-11 20:44:35,2012-10-08,train,744_9
750,1145,264,Subway,40.708588361482406,-73.99103164672852,2012-10-08 07:28:15,2012-10-08,train,750_21
750,2298,264,Subway,40.63625944917977,-73.99479021681918,2012-10-12 06:21:36,2012-10-08,train,750_21
750,2103,264,Subway,40.6930853448663,-73.92848253250122,2012-10-12 20:05:54,2012-10-08,train,750_21
750,2298,264,Subway,40.63625944917977,-73.99479021681918,2012-10-13 06:22:45,2012-10-08,train,750_21
750,1353,264,Subway,40.71306941116871,-74.0044105052948,2012-10-13 07:28:06,2012-10-08,train,750_21
750,1367,264,Subway,40.712830986410005,-73.96920266286533,2012-10-13 07:39:55,2012-10-08,train,750_21
751,4971,61,Office,40.75329969943864,-73.99249811668923,2012-10-11 17:48:43,2012-10-08,train,751_2
751,2716,211,Bar,40.72705648280683,-73.98041169261889,2012-10-11 18:48:33,2012-10-08,train,751_2
751,516,59,Bar,40.726876,-73.983532,2012-10-11 19:43:36,2012-10-08,train,751_2
751,1916,141,Bagel Shop,40.752036441838,-73.99116095716512,2012-10-12 15:18:29,2012-10-08,train,751_2
751,1149,194,Mexican Restaurant,40.73714480561841,-73.99020552635193,2012-10-12 21:34:33,2012-10-08,train,751_2
751,992,245,General Entertainment,40.74049401829621,-73.98710489273071,2012-10-12 23:43:58,2012-10-08,train,751_2
753,351,268,Convention Center,40.75671096305903,-74.00100198012031,2012-10-11 15:25:03,2012-10-08,train,753_23
753,4245,6,Home (private),40.57912417974672,-73.82426211435131,2012-10-12 00:19:52,2012-10-08,train,753_23
753,3068,71,Train Station,40.58358323125094,-73.8265585899353,2012-10-12 09:01:49,2012-10-08,train,753_23
753,2113,264,Subway,40.68047529976021,-73.84372472763062,2012-10-12 09:33:34,2012-10-08,train,753_23
753,4245,6,Home (private),40.57912417974672,-73.82426211435131,2012-10-13 00:13:41,2012-10-08,train,753_23
760,489,7,Clothing Store,40.723546865121946,-73.99813359642076,2012-10-08 16:05:49,2012-10-08,train,760_8
760,3018,301,Neighborhood,40.67001121908946,-73.98583889007568,2012-10-08 17:50:09,2012-10-08,train,760_8
760,351,268,Convention Center,40.75671096305903,-74.00100198012031,2012-10-11 14:45:26,2012-10-08,train,760_8
760,5078,245,General Entertainment,40.757042207227045,-73.99813359642076,2012-10-11 14:53:44,2012-10-08,train,760_8
760,5078,245,General Entertainment,40.757042207227045,-73.99813359642076,2012-10-12 13:57:40,2012-10-08,train,760_8
763,5057,214,Bar,40.7938881280977,-73.94269556485277,2012-10-12 01:38:44,2012-10-08,train,763_12
763,5057,214,Bar,40.7938881280977,-73.94269556485277,2012-10-12 17:07:03,2012-10-08,train,763_12
769,2852,4,Gym / Fitness Center,40.77202687527417,-73.95888805389404,2012-10-08 08:50:21,2012-10-08,train,769_13
769,2852,4,Gym / Fitness Center,40.77202687527417,-73.95888805389404,2012-10-12 09:01:31,2012-10-08,train,769_13
769,3662,4,Gym / Fitness Center,40.75968986010941,-73.96237246820378,2012-10-13 08:57:00,2012-10-08,train,769_13
771,987,257,Road,40.76117085825042,-74.01128768920898,2012-10-08 15:39:00,2012-10-08,train,771_8
771,1292,265,Mall,40.95634251626308,-74.06902771574032,2012-10-12 17:53:39,2012-10-08,train,771_8
772,2009,138,Gym / Fitness Center,40.66275977158627,-73.98301728235063,2012-10-08 06:38:15,2012-10-08,train,772_15
772,2009,138,Gym / Fitness Center,40.66275977158627,-73.98301728235063,2012-10-12 06:37:56,2012-10-08,train,772_15
772,183,223,Harbor / Marina,40.70566047104496,-74.00287628173828,2012-10-12 15:59:38,2012-10-08,train,772_15
784,625,122,Plaza,40.756489872673846,-73.98626804351807,2012-10-08 13:00:17,2012-10-08,train,784_20
784,4868,281,Residential Building (Apartment / Condo),40.758017730590645,-73.9922547340393,2012-10-08 13:10:05,2012-10-08,train,784_20
784,830,37,Bar,40.73743415035814,-73.99128147407096,2012-10-08 13:30:05,2012-10-08,train,784_20
784,2332,19,Bank,40.84350462709147,-73.93913651788439,2012-10-08 13:40:04,2012-10-08,train,784_20
784,4868,281,Residential Building (Apartment / Condo),40.758017730590645,-73.9922547340393,2012-10-11 13:10:04,2012-10-08,train,784_20
784,830,37,Bar,40.73743415035814,-73.99128147407096,2012-10-11 13:30:05,2012-10-08,train,784_20
784,2240,19,Bank,40.81011509621309,-73.95118534970048,2012-10-11 13:50:03,2012-10-08,train,784_20
784,402,259,Hotel,40.758328,-73.985457,2012-10-11 14:01:07,2012-10-08,train,784_20
784,351,268,Convention Center,40.75671096305903,-74.00100198012031,2012-10-12 02:36:56,2012-10-08,train,784_20
784,2332,19,Bank,40.84350462709147,-73.93913651788439,2012-10-12 13:40:03,2012-10-08,train,784_20
784,2240,19,Bank,40.81011509621309,-73.95118534970048,2012-10-12 13:50:03,2012-10-08,train,784_20
786,406,147,Movie Theater,40.73416736029532,-73.99048715829849,2012-10-08 15:31:53,2012-10-08,train,786_2
786,576,102,American Restaurant,40.731155872068506,-73.98872764725327,2012-10-11 19:16:01,2012-10-08,train,786_2
786,1442,95,Chinese Restaurant,40.7199434551993,-74.00856625671392,2012-10-12 21:05:50,2012-10-08,train,786_2
786,4518,37,Bar,40.732461021437416,-73.98789302811853,2012-10-12 23:17:23,2012-10-08,train,786_2
786,465,214,Bar,40.725379,-73.983596,2012-10-13 00:49:44,2012-10-08,train,786_2
788,3475,317,City,40.94269410852135,-73.99635314941406,2012-10-08 16:23:52,2012-10-08,train,788_23
788,3930,6,Home (private),40.94175914870915,-74.01238511084367,2012-10-08 16:24:00,2012-10-08,train,788_23
788,3930,6,Home (private),40.94175914870915,-74.01238511084367,2012-10-11 15:04:32,2012-10-08,train,788_23
788,4455,253,General Travel,40.94278742803187,-74.01612929267351,2012-10-12 19:31:28,2012-10-08,train,788_23
788,3475,317,City,40.94269410852135,-73.99635314941406,2012-10-12 19:31:38,2012-10-08,train,788_23
789,2992,233,Other Great Outdoors,40.626351503681065,-74.09220771673321,2012-10-08 08:20:47,2012-10-08,train,789_18
789,2992,233,Other Great Outdoors,40.626351503681065,-74.09220771673321,2012-10-08 17:54:45,2012-10-08,train,789_18
789,3689,6,Home (private),40.62743941221212,-74.09463109843134,2012-10-11 21:13:57,2012-10-08,train,789_18
789,2992,233,Other Great Outdoors,40.626351503681065,-74.09220771673321,2012-10-12 07:05:28,2012-10-08,train,789_18
789,3060,58,Electronics Store,40.59537149298445,-74.16234979529759,2012-10-12 15:30:53,2012-10-08,train,789_18
789,3689,6,Home (private),40.62743941221212,-74.09463109843134,2012-10-12 21:07:36,2012-10-08,train,789_18
798,5054,281,Residential Building (Apartment / Condo),40.67743868226379,-73.94246021054094,2012-10-08 04:41:41,2012-10-08,train,798_3
798,3487,28,Salon / Barbershop,40.67527609007841,-73.9633252661851,2012-10-08 15:48:53,2012-10-08,train,798_3
798,5054,281,Residential Building (Apartment / Condo),40.67743868226379,-73.94246021054094,2012-10-12 05:39:09,2012-10-08,train,798_3
798,3710,194,Mexican Restaurant,40.67335042443954,-73.95708033593266,2012-10-12 17:14:34,2012-10-08,train,798_3
798,1734,37,Bar,40.676955386270215,-73.96361799233043,2012-10-12 20:25:54,2012-10-08,train,798_3
799,2900,131,Café,40.7513102,-73.983793,2012-10-08 08:24:27,2012-10-08,train,799_18
799,4209,80,Building,40.75117963791028,-73.9834132829835,2012-10-08 09:04:01,2012-10-08,train,799_18
799,2406,61,Office,40.75013222514482,-73.98493766784668,2012-10-08 09:04:30,2012-10-08,train,799_18
799,1575,7,Clothing Store,40.75371559794147,-73.98094721858729,2012-10-11 13:20:49,2012-10-08,train,799_18
799,1303,70,Train Station,40.73929092246981,-74.15574073791504,2012-10-11 18:48:02,2012-10-08,train,799_18
799,4209,80,Building,40.75117963791028,-73.9834132829835,2012-10-12 08:34:19,2012-10-08,train,799_18
808,1645,70,Train Station,40.73606359173575,-74.02938723564148,2012-10-08 06:52:11,2012-10-08,train,808_2
808,1645,70,Train Station,40.73606359173575,-74.02938723564148,2012-10-08 07:20:53,2012-10-08,train,808_2
808,2850,136,Office,40.738478007566,-73.99049520492554,2012-10-08 07:28:35,2012-10-08,train,808_2
808,1276,264,Subway,40.73733991001137,-73.99686813354492,2012-10-08 16:41:06,2012-10-08,train,808_2
808,4331,73,Bus Station,40.74690057601383,-74.0519147949156,2012-10-08 17:19:13,2012-10-08,train,808_2
808,1276,264,Subway,40.73733991001137,-73.99686813354492,2012-10-11 17:38:53,2012-10-08,train,808_2
808,4088,281,Residential Building (Apartment / Condo),40.74928103988808,-74.05019940185012,2012-10-11 23:10:18,2012-10-08,train,808_2
808,4946,6,Home (private),40.74943136628766,-74.04763775758458,2012-10-11 23:10:31,2012-10-08,train,808_2
808,1645,70,Train Station,40.73606359173575,-74.02938723564148,2012-10-12 07:19:03,2012-10-08,train,808_2
808,2850,136,Office,40.738478007566,-73.99049520492554,2012-10-12 08:03:58,2012-10-08,train,808_2
808,1276,264,Subway,40.73733991001137,-73.99686813354492,2012-10-12 17:42:31,2012-10-08,train,808_2
808,1707,97,Diner,40.76013133908869,-74.04415237421385,2012-10-12 20:48:15,2012-10-08,train,808_2
808,4088,281,Residential Building (Apartment / Condo),40.74928103988808,-74.05019940185012,2012-10-13 04:05:59,2012-10-08,train,808_2
808,4946,6,Home (private),40.74943136628766,-74.04763775758458,2012-10-13 04:06:09,2012-10-08,train,808_2
809,3011,6,Home (private),40.833165200622425,-73.94186034276925,2012-10-08 09:11:14,2012-10-08,train,809_14
809,3242,134,Event Space,40.77056711201932,-73.98410197779206,2012-10-11 14:40:30,2012-10-08,train,809_14
809,1406,176,Law School,40.77095773223109,-73.98431432486001,2012-10-11 15:16:32,2012-10-08,train,809_14
809,3011,6,Home (private),40.833165200622425,-73.94186034276925,2012-10-11 16:49:30,2012-10-08,train,809_14
809,2347,264,Subway,40.83128282647834,-73.94139250202096,2012-10-12 06:59:08,2012-10-08,train,809_14
809,1704,97,Diner,40.770983215678605,-73.98713220561226,2012-10-12 08:01:38,2012-10-08,train,809_14
809,2196,174,College Academic Building,40.77079184896987,-73.98592472076416,2012-10-12 08:05:21,2012-10-08,train,809_14
809,2654,177,College Academic Building,40.77085290125466,-73.98486527831999,2012-10-12 09:20:54,2012-10-08,train,809_14
809,2196,174,College Academic Building,40.77079184896987,-73.98592472076416,2012-10-12 09:55:04,2012-10-08,train,809_14
809,2654,177,College Academic Building,40.77085290125466,-73.98486527831999,2012-10-12 14:15:53,2012-10-08,train,809_14
809,3011,6,Home (private),40.833165200622425,-73.94186034276925,2012-10-12 18:08:21,2012-10-08,train,809_14
814,4667,55,Bar,40.7290474687069,-74.0003228187561,2012-10-11 18:42:06,2012-10-08,train,814_7
814,4667,55,Bar,40.7290474687069,-74.0003228187561,2012-10-11 21:05:28,2012-10-08,train,814_7
814,217,52,Bar,40.72946499945696,-73.9999412763002,2012-10-12 03:18:59,2012-10-08,train,814_7
824,4599,91,High School,40.80112460013346,-74.01424884796143,2012-10-11 15:24:15,2012-10-08,train,824_20
824,4600,117,Other Great Outdoors,40.80117332934505,-74.01482820510864,2012-10-11 15:26:39,2012-10-08,train,824_20
824,4264,6,Home (private),40.80204208379726,-74.00063278107605,2012-10-12 00:03:27,2012-10-08,train,824_20
824,3288,305,Elementary School,40.76187988504444,-74.04414743185043,2012-10-12 08:22:12,2012-10-08,train,824_20
824,2792,257,Road,40.70644125441471,-74.15183544158936,2012-10-12 17:55:53,2012-10-08,train,824_20
824,4264,6,Home (private),40.80204208379726,-74.00063278107605,2012-10-13 00:00:18,2012-10-08,train,824_20
826,3929,6,Home (private),40.66353831793504,-73.93010370763156,2012-10-08 05:25:03,2012-10-08,train,826_7
826,3839,122,Plaza,40.67263892270076,-73.96990862716433,2012-10-08 05:32:45,2012-10-08,train,826_7
826,3551,138,Gym / Fitness Center,40.92609035622175,-73.85365392482477,2012-10-08 06:08:55,2012-10-08,train,826_7
826,3929,6,Home (private),40.66353831793504,-73.93010370763156,2012-10-11 22:40:22,2012-10-08,train,826_7
826,3929,6,Home (private),40.66353831793504,-73.93010370763156,2012-10-12 05:57:42,2012-10-08,train,826_7
826,3551,138,Gym / Fitness Center,40.92609035622175,-73.85365392482477,2012-10-12 07:22:26,2012-10-08,train,826_7
826,4466,214,Bar,40.76000064275873,-73.99648189544678,2012-10-13 01:11:15,2012-10-08,train,826_7
826,3474,257,Road,40.75712761097714,-73.98989839455311,2012-10-13 02:17:27,2012-10-08,train,826_7
826,625,122,Plaza,40.756489872673846,-73.98626804351807,2012-10-13 02:19:21,2012-10-08,train,826_7
830,3130,301,Neighborhood,40.76487640472523,-73.81782531738281,2012-10-11 16:31:19,2012-10-08,train,830_10
830,2131,137,Gym / Fitness Center,40.91195586575817,-74.02976274490356,2012-10-12 05:06:57,2012-10-08,train,830_10
830,3619,221,Bridge,40.75912296762007,-73.95833015441895,2012-10-12 15:24:49,2012-10-08,train,830_10
830,3130,301,Neighborhood,40.76487640472523,-73.81782531738281,2012-10-12 20:08:16,2012-10-08,train,830_10
830,5052,93,Breakfast Spot,40.76319956513836,-73.82610299994819,2012-10-13 04:17:43,2012-10-08,train,830_10
832,530,102,American Restaurant,40.762098,-73.925686,2012-10-12 05:27:54,2012-10-08,train,832_4
832,844,47,Bar,40.75518276974093,-73.97856939310088,2012-10-12 21:06:52,2012-10-08,train,832_4
841,1235,137,Gym / Fitness Center,40.738949,-73.989828,2012-10-12 10:07:04,2012-10-08,train,841_17
841,1235,137,Gym / Fitness Center,40.738949,-73.989828,2012-10-12 10:10:42,2012-10-08,train,841_17
846,4538,246,Performing Arts Venue,40.823747348954086,-73.93987655639648,2012-10-11 14:17:08,2012-10-08,train,846_16
846,190,157,Stadium,40.82827721161922,-73.92655344439045,2012-10-11 19:42:49,2012-10-08,train,846_16
848,5078,245,General Entertainment,40.757042207227045,-73.99813359642076,2012-10-11 15:19:08,2012-10-08,train,848_14
848,612,48,Bar,40.760353,-73.989636,2012-10-11 22:50:12,2012-10-08,train,848_14
855,4040,96,Deli / Bodega,40.85251320813948,-73.78934523538065,2012-10-08 12:45:39,2012-10-08,train,855_5
855,190,157,Stadium,40.82827721161922,-73.92655344439045,2012-10-11 19:48:30,2012-10-08,train,855_5
861,3651,145,Movie Theater,40.77347312689622,-73.98300647735596,2012-10-11 14:41:07,2012-10-08,train,861_17
861,426,145,Movie Theater,40.77364925929136,-73.9840216301916,2012-10-12 23:32:44,2012-10-08,train,861_17
864,1070,76,Ferry,40.77662552133105,-74.01072978973389,2012-10-08 06:32:41,2012-10-08,train,864_10
864,1696,76,Ferry,40.75944803383743,-74.00562286376953,2012-10-08 06:47:22,2012-10-08,train,864_10
864,1070,76,Ferry,40.77662552133105,-74.01072978973389,2012-10-12 06:33:23,2012-10-08,train,864_10
867,3505,52,Bar,40.72987911109646,-74.0100524915064,2012-10-11 20:06:32,2012-10-08,train,867_21
867,792,44,Food & Drink Shop,40.72801404034635,-73.99303756896549,2012-10-12 16:19:15,2012-10-08,train,867_21
871,1933,264,Subway,40.78577311803029,-73.9509916305542,2012-10-12 09:31:00,2012-10-08,train,871_19
871,1933,264,Subway,40.78577311803029,-73.9509916305542,2012-10-13 00:09:58,2012-10-08,train,871_19
871,1933,264,Subway,40.78577311803029,-73.9509916305542,2012-10-13 10:28:05,2012-10-08,train,871_19
872,2138,131,Café,40.90546761666667,-74.064304,2012-10-08 08:51:14,2012-10-08,train,872_3
872,2975,269,Miscellaneous Shop,40.905543,-74.0643,2012-10-12 08:40:41,2012-10-08,train,872_3
878,4282,6,Home (private),40.93508141690897,-73.96537147003376,2012-10-08 09:52:10,2012-10-08,train,878_15
878,2175,197,Sandwich Place,40.89643068952154,-73.97470108060517,2012-10-08 10:00:58,2012-10-08,train,878_15
878,1680,173,Community College,40.95105710437937,-74.08986568450928,2012-10-11 16:51:23,2012-10-08,train,878_15
878,2567,178,General College & University,40.94931791975774,-74.08792872284181,2012-10-11 16:51:33,2012-10-08,train,878_15
878,4282,6,Home (private),40.93508141690897,-73.96537147003376,2012-10-11 18:45:08,2012-10-08,train,878_15
878,2175,197,Sandwich Place,40.89643068952154,-73.97470108060517,2012-10-12 10:19:37,2012-10-08,train,878_15
878,2789,19,Bank,40.896013691315474,-73.97192319398332,2012-10-12 16:54:21,2012-10-08,train,878_15
878,847,265,Mall,40.917335441802095,-74.0756607055664,2012-10-12 18:52:33,2012-10-08,train,878_15
878,2133,54,Food & Drink Shop,40.91637850483696,-74.07649656441112,2012-10-12 18:52:41,2012-10-08,train,878_15
878,847,265,Mall,40.917335441802095,-74.0756607055664,2012-10-12 20:04:14,2012-10-08,train,878_15
878,4282,6,Home (private),40.93508141690897,-73.96537147003376,2012-10-12 22:24:22,2012-10-08,train,878_15
879,190,157,Stadium,40.82827721161922,-73.92655344439045,2012-10-11 18:09:25,2012-10-08,train,879_12
879,2403,282,Convenience Store,40.81366776769526,-74.10953492625622,2012-10-12 23:20:49,2012-10-08,train,879_12
879,1761,222,Coffee Shop,40.7200437873327,-74.04286721260127,2012-10-13 10:10:46,2012-10-08,train,879_12
882,5062,131,Café,40.78040832788754,-73.77632702756408,2012-10-08 15:34:35,2012-10-08,train,882_7
882,2259,265,Mall,40.7795359365368,-73.77673493663156,2012-10-08 15:34:51,2012-10-08,train,882_7
882,878,35,Bookstore,40.78011897959241,-73.77649784088135,2012-10-08 15:34:52,2012-10-08,train,882_7
882,2259,265,Mall,40.7795359365368,-73.77673493663156,2012-10-11 14:39:38,2012-10-08,train,882_7
882,878,35,Bookstore,40.78011897959241,-73.77649784088135,2012-10-11 14:40:02,2012-10-08,train,882_7
882,5062,131,Café,40.78040832788754,-73.77632702756408,2012-10-11 14:40:45,2012-10-08,train,882_7
882,4162,6,Home (private),40.75686177990922,-73.75366953292578,2012-10-11 18:25:05,2012-10-08,train,882_7
882,1894,222,Coffee Shop,40.77433,-73.732803,2012-10-11 20:03:53,2012-10-08,train,882_7
882,4162,6,Home (private),40.75686177990922,-73.75366953292578,2012-10-12 16:24:47,2012-10-08,train,882_7
882,2259,265,Mall,40.7795359365368,-73.77673493663156,2012-10-12 17:34:56,2012-10-08,train,882_7
882,1894,222,Coffee Shop,40.77433,-73.732803,2012-10-12 18:40:30,2012-10-08,train,882_7
882,4162,6,Home (private),40.75686177990922,-73.75366953292578,2012-10-12 20:37:50,2012-10-08,train,882_7
886,1336,31,Bar,40.725567587478615,-73.9978551864624,2012-10-11 17:30:11,2012-10-08,train,886_11
886,625,122,Plaza,40.756489872673846,-73.98626804351807,2012-10-12 18:43:32,2012-10-08,train,886_11
886,1301,42,Food & Drink Shop,40.76175595827059,-73.98618221282959,2012-10-12 19:00:37,2012-10-08,train,886_11
900,4262,175,College Academic Building,40.817635,-73.950606,2012-10-11 18:36:56,2012-10-08,train,900_17
900,3164,169,College Academic Building,40.81775999484179,-73.95060559937363,2012-10-12 09:37:07,2012-10-08,train,900_17
900,3362,16,Clothing Store,40.761268375278135,-73.96862983703613,2012-10-12 15:33:22,2012-10-08,train,900_17
900,924,222,Coffee Shop,40.76139825093475,-73.96798013320362,2012-10-12 15:34:38,2012-10-08,train,900_17
907,1915,222,Coffee Shop,40.75271883902363,-73.90970706939697,2012-10-08 09:04:20,2012-10-08,train,907_19
907,3943,6,Home (private),40.76071686239771,-73.91834636014222,2012-10-12 00:32:16,2012-10-08,train,907_19
907,3294,61,Office,40.75010293240894,-73.91019674628517,2012-10-12 09:06:04,2012-10-08,train,907_19
907,3943,6,Home (private),40.76071686239771,-73.91834636014222,2012-10-13 01:58:36,2012-10-08,train,907_19
908,2192,222,Coffee Shop,40.77702130253044,-73.94996844601872,2012-10-11 18:48:10,2012-10-08,train,908_10
908,5030,6,Home (private),40.775615852364126,-73.95361626406626,2012-10-11 18:48:37,2012-10-08,train,908_10
908,2192,222,Coffee Shop,40.77702130253044,-73.94996844601872,2012-10-11 21:10:14,2012-10-08,train,908_10
908,5030,6,Home (private),40.775615852364126,-73.95361626406626,2012-10-11 21:10:29,2012-10-08,train,908_10
912,817,138,Gym / Fitness Center,40.7292388125015,-74.00527239790054,2012-10-11 13:59:16,2012-10-08,train,912_12
912,858,61,Office,40.726087955120704,-74.0055799484253,2012-10-12 09:43:38,2012-10-08,train,912_12
912,1999,138,Gym / Fitness Center,40.75962681957941,-73.97417664527893,2012-10-12 18:20:42,2012-10-08,train,912_12
913,640,137,Gym / Fitness Center,40.72424,-73.997779,2012-10-11 19:37:45,2012-10-08,train,913_14
913,640,137,Gym / Fitness Center,40.72424,-73.997779,2012-10-12 16:38:00,2012-10-08,train,913_14
923,356,259,Hotel,40.75671463992893,-73.97383443019756,2012-10-08 07:04:45,2012-10-08,train,923_20
923,482,254,Department Store,40.76232480057456,-73.9678144454956,2012-10-11 19:24:08,2012-10-08,train,923_20
923,356,259,Hotel,40.75671463992893,-73.97383443019756,2012-10-12 07:09:46,2012-10-08,train,923_20
923,688,102,American Restaurant,40.91922020055109,-74.07471656799316,2012-10-12 19:29:10,2012-10-08,train,923_20
923,1843,147,Movie Theater,40.91532869189857,-74.07670140266418,2012-10-12 21:18:43,2012-10-08,train,923_20
924,290,102,American Restaurant,40.7219574249367,-73.99249076843262,2012-10-08 13:07:45,2012-10-08,train,924_5
924,3346,136,Office,40.7634453983153,-73.99613078197115,2012-10-12 09:13:31,2012-10-08,train,924_5
925,3141,264,Subway,40.60790819430413,-74.00176041628802,2012-10-08 05:53:59,2012-10-08,train,925_17
925,3470,259,Hotel,40.71982701192806,-74.00000095367432,2012-10-08 07:14:02,2012-10-08,train,925_17
925,3470,259,Hotel,40.71982701192806,-74.00000095367432,2012-10-12 06:33:09,2012-10-08,train,925_17
925,3470,259,Hotel,40.71982701192806,-74.00000095367432,2012-10-13 08:07:13,2012-10-08,train,925_17
927,4777,102,American Restaurant,40.808534159065616,-73.94512371580227,2012-10-12 23:02:21,2012-10-08,train,927_4
927,255,48,Bar,40.74311402567613,-73.98917528677009,2012-10-13 02:22:50,2012-10-08,train,927_4
929,3189,264,Subway,40.67396595585016,-73.88071775436401,2012-10-12 07:13:29,2012-10-08,train,929_9
929,1874,264,Subway,40.73158408988183,-74.00021553039551,2012-10-12 08:07:08,2012-10-08,train,929_9
929,3189,264,Subway,40.67396595585016,-73.88071775436401,2012-10-13 09:55:06,2012-10-08,train,929_9
932,351,268,Convention Center,40.75671096305903,-74.00100198012031,2012-10-11 17:46:43,2012-10-08,train,932_13
932,192,121,Park,40.73528249691621,-73.99040315158283,2012-10-12 19:20:54,2012-10-08,train,932_13
932,431,42,Food & Drink Shop,40.733650249582254,-73.98775201904792,2012-10-12 19:33:00,2012-10-08,train,932_13
940,2800,96,Deli / Bodega,40.80276513058523,-73.96798610687256,2012-10-09 14:26:02,2012-10-08,train,940_19
940,1507,137,Gym / Fitness Center,40.7918,-73.974,2012-10-11 15:13:23,2012-10-08,train,940_19
940,1883,42,Food & Drink Shop,40.80245899068115,-73.96771037209267,2012-10-11 17:42:23,2012-10-08,train,940_19
940,1679,42,Food & Drink Shop,40.8039685675861,-73.96643043656833,2012-10-11 18:01:48,2012-10-08,train,940_19
940,2800,96,Deli / Bodega,40.80276513058523,-73.96798610687256,2012-10-11 18:03:24,2012-10-08,train,940_19
940,1425,19,Bank,40.80383638197959,-73.96740617294,2012-10-11 19:45:58,2012-10-08,train,940_19
940,325,37,Bar,40.802321434021,-73.967963,2012-10-12 01:40:54,2012-10-08,train,940_19
940,5023,282,Convenience Store,40.803002608979725,-73.96761853843681,2012-10-12 01:41:43,2012-10-08,train,940_19
940,1883,42,Food & Drink Shop,40.80245899068115,-73.96771037209267,2012-10-12 15:30:05,2012-10-08,train,940_19
940,3601,301,Neighborhood,40.80486852367005,-73.96618902683258,2012-10-12 17:41:25,2012-10-08,train,940_19
940,1786,26,Drugstore / Pharmacy,40.804072,-73.96695077419281,2012-10-12 17:57:25,2012-10-08,train,940_19
940,1639,121,Park,40.801866941926,-73.9679284768499,2012-10-12 20:52:29,2012-10-08,train,940_19
940,325,37,Bar,40.802321434021,-73.967963,2012-10-13 00:51:02,2012-10-08,train,940_19
943,361,137,Gym / Fitness Center,40.75231,-73.975419,2012-10-08 05:53:09,2012-10-08,train,943_10
943,361,137,Gym / Fitness Center,40.75231,-73.975419,2012-10-12 05:42:40,2012-10-08,train,943_10
948,1030,264,Subway,40.69716886084869,-73.93569231033325,2012-10-08 09:05:46,2012-10-08,train,948_12
948,198,214,Bar,40.73353038489922,-74.00329835080741,2012-10-12 18:27:45,2012-10-08,train,948_12
948,1030,264,Subway,40.69716886084869,-73.93569231033325,2012-10-13 10:18:48,2012-10-08,train,948_12
950,1600,264,Subway,40.81554068461798,-73.95842347218186,2012-10-11 18:11:32,2012-10-08,train,950_15
950,90,37,Bar,40.798840875789125,-73.96306123830033,2012-10-11 23:09:36,2012-10-08,train,950_15
950,3148,96,Deli / Bodega,40.834315,-73.944861,2012-10-12 07:41:26,2012-10-08,train,950_15
950,5018,6,Home (private),40.833165200622425,-73.94186034276925,2012-10-12 15:30:09,2012-10-08,train,950_15
950,3321,191,Latin American Restaurant,40.83398774310584,-73.94515815744059,2012-10-12 17:06:22,2012-10-08,train,950_15
950,2159,138,Gym / Fitness Center,40.84981921208277,-73.93463595197066,2012-10-12 19:59:51,2012-10-08,train,950_15
950,4069,43,Bar,40.76984343642478,-73.91000154176955,2012-10-12 23:58:15,2012-10-08,train,950_15
950,4987,96,Deli / Bodega,40.83409780410722,-73.9452672225881,2012-10-13 05:37:32,2012-10-08,train,950_15
950,5018,6,Home (private),40.833165200622425,-73.94186034276925,2012-10-13 05:56:55,2012-10-08,train,950_15
954,2753,264,Subway,40.816188,-73.917947,2012-10-08 08:10:26,2012-10-08,train,954_22
954,4890,96,Deli / Bodega,40.82161194372715,-73.91215452192912,2012-10-08 08:14:58,2012-10-08,train,954_22
954,3274,6,Home (private),40.81827071326029,-73.90658830179062,2012-10-08 08:15:15,2012-10-08,train,954_22
954,1241,222,Coffee Shop,40.70964742200671,-74.01051729615469,2012-10-11 22:56:31,2012-10-08,train,954_22
954,1274,61,Office,40.70986496772808,-74.01053451111994,2012-10-11 22:56:45,2012-10-08,train,954_22
954,1274,61,Office,40.70986496772808,-74.01053451111994,2012-10-12 06:46:33,2012-10-08,train,954_22
954,1241,222,Coffee Shop,40.70964742200671,-74.01051729615469,2012-10-12 06:46:49,2012-10-08,train,954_22
954,1522,264,Subway,40.71037756449118,-74.00755405426025,2012-10-12 06:47:04,2012-10-08,train,954_22
954,1585,69,Government Building,40.69277622390466,-73.99032354354858,2012-10-12 07:55:19,2012-10-08,train,954_22
954,2753,264,Subway,40.816188,-73.917947,2012-10-12 10:40:59,2012-10-08,train,954_22
954,3274,6,Home (private),40.81827071326029,-73.90658830179062,2012-10-12 15:06:12,2012-10-08,train,954_22
955,4238,222,Coffee Shop,40.75557768724385,-73.97818048527262,2012-10-08 13:28:55,2012-10-08,train,955_3
955,4238,222,Coffee Shop,40.75557768724385,-73.97818048527262,2012-10-11 16:22:11,2012-10-08,train,955_3
955,143,133,Hot Dog Joint,40.72704085086805,-73.98383596074753,2012-10-12 19:29:51,2012-10-08,train,955_3
957,48,232,Music Venue,40.73169799836348,-73.98922693741638,2012-10-11 20:21:24,2012-10-08,train,957_18
957,4963,222,Coffee Shop,40.72825068953495,-73.98465871810913,2012-10-12 16:44:00,2012-10-08,train,957_18
960,3417,63,Office,40.74226610630077,-73.98446559906006,2012-10-08 09:24:37,2012-10-08,train,960_15
960,3417,63,Office,40.74226610630077,-73.98446559906006,2012-10-12 07:52:58,2012-10-08,train,960_15
966,5053,8,Medical Center,40.97149974418423,-73.87811743110963,2012-10-08 08:13:07,2012-10-08,train,966_6
966,5053,8,Medical Center,40.97149974418423,-73.87811743110963,2012-10-12 08:12:40,2012-10-08,train,966_6
969,2767,131,Café,40.690049464648695,-73.96514475286511,2012-10-08 16:44:03,2012-10-08,train,969_0
969,490,138,Gym / Fitness Center,40.74272121548715,-73.99276210416295,2012-10-11 17:58:52,2012-10-08,train,969_0
969,1105,138,Gym / Fitness Center,40.72918161936382,-73.9905971288681,2012-10-13 09:17:30,2012-10-08,train,969_0
971,1681,222,Coffee Shop,40.755404,-73.979639,2012-10-08 09:42:57,2012-10-08,train,971_15
971,835,137,Gym / Fitness Center,40.75400242666037,-73.98013047046975,2012-10-11 12:54:30,2012-10-08,train,971_15
971,3861,61,Office,40.75615113,-73.978965,2012-10-11 16:22:03,2012-10-08,train,971_15
971,361,137,Gym / Fitness Center,40.75231,-73.975419,2012-10-11 19:03:08,2012-10-08,train,971_15
971,4238,222,Coffee Shop,40.75557768724385,-73.97818048527262,2012-10-12 09:45:45,2012-10-08,train,971_15
971,3861,61,Office,40.75615113,-73.978965,2012-10-12 17:17:48,2012-10-08,train,971_15
971,526,222,Coffee Shop,40.741136037741065,-73.9857892696372,2012-10-13 08:35:08,2012-10-08,train,971_15
972,1134,222,Coffee Shop,40.71554971735815,-74.00900781154633,2012-10-08 07:41:36,2012-10-08,train,972_20
972,2802,61,Office,40.71942993955881,-74.034054441765,2012-10-08 09:37:58,2012-10-08,train,972_20
973,2641,37,Bar,40.71406101907229,-73.95600122824496,2012-10-12 22:07:56,2012-10-08,train,973_19
973,103,37,Bar,40.71804197564418,-73.95757903554863,2012-10-12 22:24:25,2012-10-08,train,973_19
973,239,232,Music Venue,40.717776,-73.957848,2012-10-12 23:35:33,2012-10-08,train,973_19
982,4791,139,Medical Center,40.77846185063751,-73.96112693603378,2012-10-08 09:08:28,2012-10-08,train,982_20
982,4791,139,Medical Center,40.77846185063751,-73.96112693603378,2012-10-11 14:17:47,2012-10-08,train,982_20
982,4791,139,Medical Center,40.77846185063751,-73.96112693603378,2012-10-12 09:41:52,2012-10-08,train,982_20
987,3824,301,Neighborhood,40.82296794249877,-73.8196063041687,2012-10-08 08:02:15,2012-10-08,train,987_4
987,2515,98,Donut Shop,40.826378527466936,-73.8221397616641,2012-10-08 08:18:51,2012-10-08,train,987_4
987,5043,6,Home (private),40.82452993826894,-73.81249842275241,2012-10-11 14:30:05,2012-10-08,train,987_4
987,5043,6,Home (private),40.82452993826894,-73.81249842275241,2012-10-11 20:31:48,2012-10-08,train,987_4
987,2515,98,Donut Shop,40.826378527466936,-73.8221397616641,2012-10-12 08:47:49,2012-10-08,train,987_4
987,3912,8,Medical Center,40.82798022702566,-73.81888869829497,2012-10-12 08:48:14,2012-10-08,train,987_4
987,3912,8,Medical Center,40.82798022702566,-73.81888869829497,2012-10-12 18:11:15,2012-10-08,train,987_4
987,3824,301,Neighborhood,40.82296794249877,-73.8196063041687,2012-10-13 07:14:42,2012-10-08,train,987_4
987,5043,6,Home (private),40.82452993826894,-73.81249842275241,2012-10-13 07:58:09,2012-10-08,train,987_4
987,2515,98,Donut Shop,40.826378527466936,-73.8221397616641,2012-10-13 09:24:30,2012-10-08,train,987_4
987,3912,8,Medical Center,40.82798022702566,-73.81888869829497,2012-10-13 09:26:08,2012-10-08,train,987_4
991,643,194,Mexican Restaurant,40.72583691889508,-73.99480551481247,2012-10-11 18:37:00,2012-10-08,train,991_17
991,3358,138,Gym / Fitness Center,40.72800542208163,-73.99348519842566,2012-10-12 19:21:40,2012-10-08,train,991_17
991,718,208,Ramen /  Noodle House,40.72931975,-73.98924,2012-10-12 20:23:49,2012-10-08,train,991_17
992,4065,270,Parking,40.77634770909651,-73.70125765081454,2012-10-08 07:14:44,2012-10-08,train,992_3
992,1620,163,Medical Center,40.77696675093165,-73.70148181915283,2012-10-11 22:48:36,2012-10-08,train,992_3
992,4690,131,Café,40.77725461191122,-73.70149329191291,2012-10-12 03:15:38,2012-10-08,train,992_3
992,4515,163,Medical Center,40.77725225011519,-73.7014875445723,2012-10-12 03:16:34,2012-10-08,train,992_3
992,5038,163,Medical Center,40.77729034423828,-73.70121765136719,2012-10-12 04:15:11,2012-10-08,train,992_3
992,4065,270,Parking,40.77634770909651,-73.70125765081454,2012-10-12 07:15:05,2012-10-08,train,992_3
1000,407,42,Food & Drink Shop,40.73485228613973,-73.99108529090881,2012-10-11 21:44:54,2012-10-08,train,1000_10
1000,1563,4,Gym / Fitness Center,40.74130690856319,-73.99004459381104,2012-10-12 19:12:01,2012-10-08,train,1000_10
1002,4990,281,Residential Building (Apartment / Condo),40.84115128538078,-73.91632836497436,2012-10-08 10:22:01,2012-10-08,train,1002_11
1002,4956,6,Home (private),40.76071686239771,-73.91834636014222,2012-10-11 18:16:16,2012-10-08,train,1002_11
1002,4610,6,Home (private),40.87239871611352,-73.87130987645999,2012-10-12 00:42:05,2012-10-08,train,1002_11
1002,1978,264,Subway,40.87967830256009,-73.88464450836182,2012-10-12 07:56:25,2012-10-08,train,1002_11
1002,4769,307,Nursery School,40.768522910406574,-73.96591960790946,2012-10-12 08:57:33,2012-10-08,train,1002_11
1002,1804,264,Subway,40.76791696540287,-73.96357597575265,2012-10-12 16:40:03,2012-10-08,train,1002_11
1002,4990,281,Residential Building (Apartment / Condo),40.84115128538078,-73.91632836497436,2012-10-12 19:06:37,2012-10-08,train,1002_11
1002,4603,6,Home (private),40.8910364638721,-74.2120629207231,2012-10-12 22:05:56,2012-10-08,train,1002_11
1004,1757,61,Office,40.72852752666652,-74.00748169970981,2012-10-12 09:49:51,2012-10-08,train,1004_16
1004,989,194,Mexican Restaurant,40.72819472159206,-74.00538716745397,2012-10-12 14:37:57,2012-10-08,train,1004_16
1004,2631,264,Subway,40.68331766179663,-73.87325942806751,2012-10-12 17:33:48,2012-10-08,train,1004_16
1009,2007,37,Bar,40.806180734527125,-74.1040977613822,2012-10-11 09:32:27,2012-10-08,train,1009_13
1009,1264,26,Drugstore / Pharmacy,40.77943748615269,-73.97724361523622,2012-10-11 13:57:02,2012-10-08,train,1009_13
1009,1212,197,Sandwich Place,40.778906,-73.97777,2012-10-12 15:11:26,2012-10-08,train,1009_13
1009,4237,6,Home (private),40.81024606751669,-73.98887973002674,2012-10-12 20:54:38,2012-10-08,train,1009_13
1013,616,130,Burger Joint,40.78082577322013,-73.97648334503174,2012-10-12 16:22:29,2012-10-08,train,1013_10
1013,3806,201,Ice Cream Shop,40.78082031141009,-73.98017064508767,2012-10-12 17:23:21,2012-10-08,train,1013_10
1014,3699,128,Bakery,40.758759027055184,-73.97877802472269,2012-10-08 15:59:19,2012-10-08,train,1014_12
1014,814,137,Gym / Fitness Center,40.7688813932515,-73.9820036551295,2012-10-11 20:25:11,2012-10-08,train,1014_12
1014,574,102,American Restaurant,40.75687996739505,-73.9888858795166,2012-10-11 22:22:37,2012-10-08,train,1014_12
1019,4945,6,Home (private),40.72966216538398,-74.04763775758458,2012-10-08 07:48:34,2012-10-08,train,1019_24
1019,2749,61,Office,40.91085000393453,-74.03146676029525,2012-10-08 09:00:48,2012-10-08,train,1019_24
1019,2749,61,Office,40.91085000393453,-74.03146676029525,2012-10-11 13:44:02,2012-10-08,train,1019_24
1019,2792,257,Road,40.70644125441471,-74.15183544158936,2012-10-11 18:08:27,2012-10-08,train,1019_24
1019,4945,6,Home (private),40.72966216538398,-74.04763775758458,2012-10-11 18:44:46,2012-10-08,train,1019_24
1019,4945,6,Home (private),40.72966216538398,-74.04763775758458,2012-10-11 20:49:40,2012-10-08,train,1019_24
1019,492,37,Bar,40.722839538401246,-74.04749719603645,2012-10-11 22:33:33,2012-10-08,train,1019_24
1019,2749,61,Office,40.91085000393453,-74.03146676029525,2012-10-12 08:58:13,2012-10-08,train,1019_24
1019,4945,6,Home (private),40.72966216538398,-74.04763775758458,2012-10-13 00:23:34,2012-10-08,train,1019_24
1019,492,37,Bar,40.722839538401246,-74.04749719603645,2012-10-13 02:08:40,2012-10-08,train,1019_24
1019,4945,6,Home (private),40.72966216538398,-74.04763775758458,2012-10-13 04:09:38,2012-10-08,train,1019_24
1025,4044,6,Home (private),40.761942896511016,-73.78896894871082,2012-10-12 02:56:30,2012-10-08,train,1025_19
1025,4044,6,Home (private),40.761942896511016,-73.78896894871082,2012-10-12 10:17:56,2012-10-08,train,1025_19
1027,1762,264,Subway,40.79467578552487,-73.97176265716553,2012-10-11 20:48:05,2012-10-08,train,1027_21
1027,1758,264,Subway,40.85541922129015,-73.92921209335327,2012-10-11 21:08:54,2012-10-08,train,1027_21
1027,1758,264,Subway,40.85541922129015,-73.92921209335327,2012-10-13 07:19:33,2012-10-08,train,1027_21
1028,2432,165,College Academic Building,40.721957424936726,-73.79645347595215,2012-10-11 15:35:05,2012-10-08,train,1028_9
1028,3365,172,College Academic Building,40.722904,-73.79474,2012-10-12 09:19:06,2012-10-08,train,1028_9
1028,2054,201,Ice Cream Shop,40.725891,-73.79143081000001,2012-10-12 16:52:02,2012-10-08,train,1028_9
1030,1257,265,Mall,40.90579352751887,-74.03098583221436,2012-10-11 21:00:41,2012-10-08,train,1030_12
1030,1595,102,American Restaurant,40.90514482692817,-74.03167247772217,2012-10-11 21:02:34,2012-10-08,train,1030_12
1030,2364,102,American Restaurant,40.910107224587655,-74.0324878692627,2012-10-13 00:58:12,2012-10-08,train,1030_12
1032,2044,2,Gym / Fitness Center,40.71834706657437,-74.00261878967285,2012-10-11 17:53:14,2012-10-08,train,1032_5
1032,2044,2,Gym / Fitness Center,40.71834706657437,-74.00261878967285,2012-10-13 09:58:10,2012-10-08,train,1032_5
1034,4133,281,Residential Building (Apartment / Condo),40.76926045164202,-74.1994431351561,2012-10-11 23:33:54,2012-10-08,train,1034_20
1034,2760,79,Hotel,40.769253995481485,-74.1994603328166,2012-10-12 00:23:08,2012-10-08,train,1034_20
1034,3006,61,Office,40.838915391622365,-74.18075406522664,2012-10-12 13:56:16,2012-10-08,train,1034_20
1034,4133,281,Residential Building (Apartment / Condo),40.76926045164202,-74.1994431351561,2012-10-13 00:38:01,2012-10-08,train,1034_20
1034,2760,79,Hotel,40.769253995481485,-74.1994603328166,2012-10-13 00:54:10,2012-10-08,train,1034_20
1040,1491,58,Electronics Store,40.77953911885943,-73.95525231957436,2012-10-08 09:19:43,2012-10-08,train,1040_4
1040,880,239,Airport,40.643965943682936,-73.78272056579588,2012-10-11 13:11:03,2012-10-08,train,1040_4
1043,736,222,Coffee Shop,40.74696599525917,-73.98107170216927,2012-10-08 08:23:58,2012-10-08,train,1043_13
1043,736,222,Coffee Shop,40.74696599525917,-73.98107170216927,2012-10-12 08:23:17,2012-10-08,train,1043_13
1043,3795,275,Arts & Entertainment,40.7465648747259,-73.98202440761015,2012-10-12 08:39:11,2012-10-08,train,1043_13
1052,1002,70,Train Station,40.69902344282463,-73.81001472473143,2012-10-08 13:27:33,2012-10-08,train,1052_22
1052,3088,70,Train Station,40.69978803615198,-73.80866289138794,2012-10-08 13:28:21,2012-10-08,train,1052_22
1052,4184,264,Subway,40.69772338867188,-73.81159210205078,2012-10-08 13:36:25,2012-10-08,train,1052_22
1052,3017,80,Building,40.81592964912693,-73.95819387690405,2012-10-08 16:10:12,2012-10-08,train,1052_22
1052,4604,253,General Travel,40.82641025190119,-73.95053029060364,2012-10-08 16:10:39,2012-10-08,train,1052_22
1052,3825,123,Scenic Lookout,40.827401798512426,-73.9518798997826,2012-10-08 16:11:27,2012-10-08,train,1052_22
1052,3856,301,Neighborhood,40.72540497175607,-73.83224487304688,2012-10-12 02:11:42,2012-10-08,train,1052_22
1052,4244,301,Neighborhood,40.669929843442304,-73.81906986236572,2012-10-12 02:12:15,2012-10-08,train,1052_22
1052,4301,257,Road,40.67562089466698,-73.81916440891932,2012-10-12 02:12:52,2012-10-08,train,1052_22
1052,4882,245,General Entertainment,40.67178890039381,-73.80651578950645,2012-10-12 02:13:34,2012-10-08,train,1052_22
1052,4362,231,Campground,40.67172008474036,-73.8066029548645,2012-10-12 02:14:00,2012-10-08,train,1052_22
1063,670,137,Gym / Fitness Center,40.74618839286139,-73.98157101223633,2012-10-08 06:40:16,2012-10-08,train,1063_14
1063,670,137,Gym / Fitness Center,40.74618839286139,-73.98157101223633,2012-10-12 05:37:36,2012-10-08,train,1063_14
1067,1875,301,Neighborhood,40.78911988122579,-73.97335052490234,2012-10-11 21:13:26,2012-10-08,train,1067_8
1067,405,241,Airport,40.645089355976346,-73.7845230102539,2012-10-12 09:10:35,2012-10-08,train,1067_8
1069,4430,6,Home (private),40.94009178576504,-74.00063278107605,2012-10-08 07:35:58,2012-10-08,train,1069_19
1069,2713,6,Home (private),40.7625386814685,-74.00063278107605,2012-10-08 07:36:04,2012-10-08,train,1069_19
1069,4085,139,Medical Center,40.88951061904137,-73.97568251443336,2012-10-08 09:07:50,2012-10-08,train,1069_19
1069,3769,8,Medical Center,40.88955564775923,-73.97585469529054,2012-10-08 09:09:30,2012-10-08,train,1069_19
1069,588,150,Stadium,40.81143815229546,-74.06779646873474,2012-10-08 17:22:49,2012-10-08,train,1069_19
1069,4085,139,Medical Center,40.88951061904137,-73.97568251443336,2012-10-11 09:40:58,2012-10-08,train,1069_19
1069,3769,8,Medical Center,40.88955564775923,-73.97585469529054,2012-10-11 09:41:28,2012-10-08,train,1069_19
1069,4430,6,Home (private),40.94009178576504,-74.00063278107605,2012-10-11 20:03:01,2012-10-08,train,1069_19
