user_index,poi_index,cat_index,POI_catname,latitude,longitude,local_time,week_start,split_week,session_id
16,2141,42,Food & Drink Shop,40.75714910340871,-73.83652191722476,2012-10-22 13:47:56,2012-10-22,train,16_18
16,2068,138,Gym / Fitness Center,40.70257473392312,-73.8189978337963,2012-10-22 18:13:41,2012-10-22,train,16_18
16,2068,138,Gym / Fitness Center,40.70257473392312,-73.8189978337963,2012-10-24 14:37:14,2012-10-22,train,16_18
16,3921,144,Casino,40.67328243786832,-73.8326096534729,2012-10-25 09:52:03,2012-10-22,train,16_18
16,5084,58,Electronics Store,40.75794644028298,-73.98576057432156,2012-10-27 19:03:42,2012-10-22,train,16_18
16,4780,42,Food & Drink Shop,40.884835891587976,-74.21012257381425,2012-10-28 09:16:21,2012-10-22,train,16_18
18,199,97,Diner,40.7337627,-74.006264,2012-10-26 23:22:31,2012-10-22,train,18_12
18,1567,212,Hotel,40.745884,-73.988116,2012-10-28 00:35:41,2012-10-22,train,18_12
18,437,55,Bar,40.74421527986642,-73.9885380368106,2012-10-28 01:46:16,2012-10-22,train,18_12
21,3727,6,Home (private),40.84594087143545,-73.82426211435131,2012-10-23 03:39:39,2012-10-22,train,21_15
21,3235,301,Neighborhood,40.85058256958224,-73.83346796035767,2012-10-28 18:55:08,2012-10-22,train,21_15
21,5088,120,Other Great Outdoors,40.78782018739577,-73.79104614257812,2012-10-28 18:58:13,2012-10-22,train,21_15
23,348,61,Office,40.71384307252043,-74.01427012190386,2012-10-22 10:03:27,2012-10-22,train,23_15
23,566,138,Gym / Fitness Center,40.71670851726798,-74.01054739952087,2012-10-22 19:15:17,2012-10-22,train,23_15
23,348,61,Office,40.713627072480925,-74.01412666661709,2012-10-23 12:40:00,2012-10-22,train,23_15
23,826,130,Burger Joint,40.713240189310966,-74.01618003845215,2012-10-23 17:02:33,2012-10-22,train,23_15
23,1361,222,Coffee Shop,40.71388620551895,-74.00896220456364,2012-10-24 08:13:08,2012-10-22,train,23_15
23,348,61,Office,40.713627072480925,-74.01412666661709,2012-10-24 09:46:16,2012-10-22,train,23_15
23,770,222,Coffee Shop,40.71333777662413,-74.015793800354,2012-10-24 13:26:20,2012-10-22,train,23_15
23,1361,222,Coffee Shop,40.71388620551895,-74.00896220456364,2012-10-25 07:39:07,2012-10-22,train,23_15
23,1511,6,Home (private),40.6784474407319,-73.96537147003376,2012-10-25 22:32:23,2012-10-22,train,23_15
23,757,260,Food & Drink Shop,40.6724520326176,-73.97003700441346,2012-10-27 13:06:57,2012-10-22,train,23_15
23,1511,6,Home (private),40.6784474407319,-73.96537147003376,2012-10-27 22:55:18,2012-10-22,train,23_15
23,1511,6,Home (private),40.6784474407319,-73.96537147003376,2012-10-28 21:59:47,2012-10-22,train,23_15
23,5088,120,Other Great Outdoors,40.78782018739577,-73.79104614257812,2012-10-28 23:04:09,2012-10-22,train,23_15
24,1266,222,Coffee Shop,40.72568701208368,-74.00570103493192,2012-10-25 12:42:52,2012-10-22,train,24_2
24,506,238,Music Venue,40.71496421078609,-73.96650552749634,2012-10-25 20:58:23,2012-10-22,train,24_2
24,1667,42,Food & Drink Shop,40.679933891960935,-73.94473337680637,2012-10-28 09:26:13,2012-10-22,train,24_2
26,364,37,Bar,40.673543,-73.967318,2012-10-22 20:35:39,2012-10-22,train,26_10
26,2046,121,Park,40.65684334757191,-73.96807193756104,2012-10-25 12:29:42,2012-10-22,train,26_10
26,4007,131,Café,40.64836553184176,-73.97875878919255,2012-10-25 15:36:22,2012-10-22,train,26_10
26,2046,121,Park,40.65684334757191,-73.96807193756104,2012-10-26 13:33:43,2012-10-22,train,26_10
26,5088,120,Other Great Outdoors,40.78782018739577,-73.79104614257812,2012-10-28 22:48:53,2012-10-22,train,26_10
28,3612,212,Hotel,40.71965180963259,-73.99967156006764,2012-10-25 22:02:23,2012-10-22,train,28_9
28,4932,63,Office,40.745731,-73.992756,2012-10-26 16:03:34,2012-10-22,train,28_9
28,2063,55,Bar,40.73941845745583,-74.00677013515947,2012-10-27 19:56:04,2012-10-22,train,28_9
32,1311,95,Chinese Restaurant,40.72894871751376,-74.00533552116346,2012-10-22 19:14:05,2012-10-22,train,32_8
32,1045,222,Coffee Shop,40.76185347443989,-73.98369312286377,2012-10-25 08:32:03,2012-10-22,train,32_8
32,638,42,Food & Drink Shop,40.715902761944456,-74.0124281478333,2012-10-27 15:41:18,2012-10-22,train,32_8
34,1908,37,Bar,40.85785364392424,-74.14799451828003,2012-10-23 02:49:43,2012-10-22,train,34_21
34,4284,37,Bar,40.87218788712199,-74.11272947394428,2012-10-24 21:54:54,2012-10-22,train,34_21
34,2007,37,Bar,40.806180734527125,-74.1040977613822,2012-10-26 20:09:10,2012-10-22,train,34_21
34,2007,37,Bar,40.806180734527125,-74.1040977613822,2012-10-26 22:29:51,2012-10-22,train,34_21
34,3464,6,Home (private),40.85155841497341,-74.14161270853154,2012-10-27 03:27:52,2012-10-22,train,34_21
43,279,121,Park,40.7714256153356,-73.97350072860723,2012-10-23 00:23:38,2012-10-22,train,43_1
43,3602,317,City,40.91192343390238,-73.78237724304199,2012-10-24 15:01:49,2012-10-22,train,43_1
47,475,63,Office,40.74106165791133,-74.0025638164589,2012-10-23 15:48:22,2012-10-22,train,47_22
47,1028,137,Gym / Fitness Center,40.743854,-73.987898,2012-10-24 06:25:54,2012-10-22,train,47_22
47,3587,6,Home (private),40.750991477566174,-73.98887973002674,2012-10-24 23:15:50,2012-10-22,train,47_22
47,447,102,American Restaurant,40.729334571108616,-74.00369100272655,2012-10-27 18:02:49,2012-10-22,train,47_22
47,12,48,Bar,40.73258001246407,-74.00255978107452,2012-10-27 21:43:47,2012-10-22,train,47_22
47,66,48,Bar,40.78345291250954,-73.97912610229315,2012-10-28 15:31:53,2012-10-22,train,47_22
49,2445,61,Office,40.74190869100568,-73.98925563221387,2012-10-22 09:07:59,2012-10-22,train,49_19
49,2445,61,Office,40.74190869100568,-73.98925563221387,2012-10-23 08:59:00,2012-10-22,train,49_19
49,2445,61,Office,40.74190869100568,-73.98925563221387,2012-10-25 08:54:07,2012-10-22,train,49_19
49,486,147,Movie Theater,40.74276195733468,-73.97692322731018,2012-10-25 20:24:53,2012-10-22,train,49_19
49,357,70,Train Station,40.750794799423865,-73.99357639021292,2012-10-26 18:01:27,2012-10-22,train,49_19
50,4272,61,Office,40.7107336885848,-73.85139118382254,2012-10-22 07:41:03,2012-10-22,train,50_5
50,4272,61,Office,40.7107336885848,-73.85139118382254,2012-10-23 15:38:12,2012-10-22,train,50_5
50,1293,138,Gym / Fitness Center,40.721273088874895,-73.84692305545667,2012-10-24 05:39:58,2012-10-22,train,50_5
50,1754,222,Coffee Shop,40.72111512901744,-73.8473308194441,2012-10-24 07:35:43,2012-10-22,train,50_5
50,4272,61,Office,40.7107336885848,-73.85139118382254,2012-10-24 16:16:39,2012-10-22,train,50_5
50,1293,138,Gym / Fitness Center,40.721273088874895,-73.84692305545667,2012-10-25 05:44:15,2012-10-22,train,50_5
50,1293,138,Gym / Fitness Center,40.721273088874895,-73.84692305545667,2012-10-26 06:15:28,2012-10-22,train,50_5
50,4272,61,Office,40.7107336885848,-73.85139118382254,2012-10-26 08:51:19,2012-10-22,train,50_5
50,1754,222,Coffee Shop,40.72111512901744,-73.8473308194441,2012-10-27 07:35:46,2012-10-22,train,50_5
52,2275,78,Library,40.73699909877152,-73.99245220578715,2012-10-23 08:29:17,2012-10-22,train,52_21
52,2275,78,Library,40.73699909877152,-73.99245220578715,2012-10-24 08:05:50,2012-10-22,train,52_21
52,2275,78,Library,40.73699909877152,-73.99245220578715,2012-10-25 08:16:45,2012-10-22,train,52_21
52,2275,78,Library,40.73699909877152,-73.99245220578715,2012-10-26 08:16:34,2012-10-22,train,52_21
55,4132,49,Food & Drink Shop,40.74370081269097,-73.98277580738068,2012-10-23 18:12:18,2012-10-22,train,55_13
55,1143,222,Coffee Shop,40.752285553402615,-73.98580074776224,2012-10-26 13:31:31,2012-10-22,train,55_13
55,3702,201,Ice Cream Shop,40.730121,-74.00296,2012-10-26 20:51:11,2012-10-22,train,55_13
55,286,37,Bar,40.7120462,-73.9511408,2012-10-27 16:37:47,2012-10-22,train,55_13
57,1680,173,Community College,40.95105710437937,-74.08986568450928,2012-10-22 09:54:08,2012-10-22,train,57_16
57,3437,6,Home (private),40.92039063491639,-74.00063278107605,2012-10-24 02:32:01,2012-10-22,train,57_16
57,3437,6,Home (private),40.92039063491639,-74.00063278107605,2012-10-25 03:45:13,2012-10-22,train,57_16
57,1961,56,Paper / Office Supplies Store,40.82660915346994,-74.13912177085876,2012-10-26 00:06:07,2012-10-22,train,57_16
57,3437,6,Home (private),40.92039063491639,-74.00063278107605,2012-10-28 03:45:00,2012-10-22,train,57_16
58,5088,120,Other Great Outdoors,40.78782018739577,-73.79104614257812,2012-10-28 10:51:46,2012-10-22,train,58_6
58,5088,120,Other Great Outdoors,40.78782018739577,-73.79104614257812,2012-10-28 10:56:48,2012-10-22,train,58_6
61,1557,61,Office,40.74263037484376,-74.00586346036502,2012-10-24 15:52:13,2012-10-22,train,61_13
61,4997,138,Gym / Fitness Center,40.76936,-73.987263,2012-10-24 18:58:54,2012-10-22,train,61_13
61,2361,156,Stadium,40.68312,-73.975979,2012-10-26 22:02:20,2012-10-22,train,61_13
62,4285,6,Home (private),40.87454170662472,-74.09463109843134,2012-10-22 11:24:26,2012-10-22,train,62_24
62,3190,135,Post Office,40.873059,-74.109526,2012-10-22 14:13:48,2012-10-22,train,62_24
62,4155,281,Residential Building (Apartment / Condo),40.8706300946324,-74.09792627389562,2012-10-22 15:25:49,2012-10-22,train,62_24
62,4801,308,Funeral Home,40.87053932297712,-74.0979549522799,2012-10-23 11:51:34,2012-10-22,train,62_24
62,3190,135,Post Office,40.873059,-74.109526,2012-10-24 19:27:24,2012-10-22,train,62_24
62,4801,308,Funeral Home,40.87053932297712,-74.0979549522799,2012-10-25 10:45:39,2012-10-22,train,62_24
62,3156,254,Department Store,40.86679532183928,-74.10016536712646,2012-10-25 13:57:18,2012-10-22,train,62_24
62,4155,281,Residential Building (Apartment / Condo),40.8706300946324,-74.09792627389562,2012-10-25 16:21:12,2012-10-22,train,62_24
62,720,146,Movie Theater,40.828585959081536,-74.14026975631714,2012-10-25 17:52:09,2012-10-22,train,62_24
62,4285,6,Home (private),40.87454170662472,-74.09463109843134,2012-10-25 21:33:37,2012-10-22,train,62_24
62,3156,254,Department Store,40.86679532183928,-74.10016536712646,2012-10-26 13:30:36,2012-10-22,train,62_24
62,4285,6,Home (private),40.87454170662472,-74.09463109843134,2012-10-26 17:03:29,2012-10-22,train,62_24
62,3156,254,Department Store,40.86679532183928,-74.10016536712646,2012-10-27 11:43:21,2012-10-22,train,62_24
62,4801,308,Funeral Home,40.87053932297712,-74.0979549522799,2012-10-28 13:30:25,2012-10-22,train,62_24
62,4285,6,Home (private),40.87454170662472,-74.09463109843134,2012-10-28 15:44:05,2012-10-22,train,62_24
65,2171,138,Gym / Fitness Center,40.75618883982813,-73.9225516455076,2012-10-23 18:35:44,2012-10-22,train,65_17
65,4705,6,Home (private),40.767237460001375,-73.89482953406639,2012-10-26 02:20:46,2012-10-22,train,65_17
65,2032,239,Airport,40.77387937168837,-73.87237071990967,2012-10-26 15:20:08,2012-10-22,train,65_17
65,4705,6,Home (private),40.767237460001375,-73.89482953406639,2012-10-28 18:43:11,2012-10-22,train,65_17
66,349,70,Train Station,40.75280620914171,-73.97717535495758,2012-10-22 17:21:05,2012-10-22,train,66_15
66,349,70,Train Station,40.75280620914171,-73.97717535495758,2012-10-24 06:27:25,2012-10-22,train,66_15
66,3548,61,Office,40.75322745786959,-73.99013942987524,2012-10-24 06:45:55,2012-10-22,train,66_15
66,2684,191,Latin American Restaurant,40.75228597087123,-73.99172336874453,2012-10-25 13:16:40,2012-10-22,train,66_15
66,349,70,Train Station,40.75280620914171,-73.97717535495758,2012-10-26 07:16:15,2012-10-22,train,66_15
66,1527,70,Train Station,40.86149293891381,-73.89058023691177,2012-10-27 15:49:00,2012-10-22,train,66_15
67,734,247,Sporting Goods Shop,40.73753501383214,-73.99030208587646,2012-10-23 18:29:45,2012-10-22,train,67_16
67,956,201,Ice Cream Shop,40.68410746342771,-73.999344456893,2012-10-27 17:55:49,2012-10-22,train,67_16
67,3479,50,Bar,40.7216130038783,-73.95814221792891,2012-10-27 22:36:45,2012-10-22,train,67_16
67,4432,138,Gym / Fitness Center,40.71637917618738,-73.9609694480896,2012-10-28 14:01:44,2012-10-22,train,67_16
74,2295,222,Coffee Shop,40.69677841595902,-73.93549919128418,2012-10-25 04:34:49,2012-10-22,train,74_6
74,2295,222,Coffee Shop,40.69677841595902,-73.93549919128418,2012-10-26 04:36:44,2012-10-22,train,74_6
76,1257,265,Mall,40.90579352751887,-74.03098583221436,2012-10-23 17:19:57,2012-10-22,train,76_6
76,847,265,Mall,40.917335441802095,-74.0756607055664,2012-10-23 18:59:49,2012-10-22,train,76_6
76,5084,58,Electronics Store,40.75794644028298,-73.98576057432156,2012-10-24 19:54:18,2012-10-22,train,76_6
77,1675,301,Neighborhood,40.84894322160766,-73.9369797706604,2012-10-23 16:49:37,2012-10-22,train,77_23
77,1332,301,Neighborhood,40.741672705942285,-73.98928821086884,2012-10-25 12:07:23,2012-10-22,train,77_23
77,2868,297,Mobile Phone Shop,40.74123705590996,-73.99148807430478,2012-10-25 12:09:03,2012-10-22,train,77_23
77,1675,301,Neighborhood,40.84894322160766,-73.9369797706604,2012-10-26 00:29:05,2012-10-22,train,77_23
77,2868,297,Mobile Phone Shop,40.74123705590996,-73.99148807430478,2012-10-26 10:24:19,2012-10-22,train,77_23
77,1471,96,Deli / Bodega,40.74131672712246,-73.98830870163144,2012-10-26 15:27:05,2012-10-22,train,77_23
77,26,37,Bar,40.73878324326924,-73.98893998920552,2012-10-27 19:59:50,2012-10-22,train,77_23
77,1332,301,Neighborhood,40.741672705942285,-73.98928821086884,2012-10-27 23:27:39,2012-10-22,train,77_23
77,234,121,Park,40.74218830848454,-73.98792418909154,2012-10-27 23:27:58,2012-10-22,train,77_23
77,1332,301,Neighborhood,40.741672705942285,-73.98928821086884,2012-10-28 11:26:48,2012-10-22,train,77_23
87,444,85,Theater,40.76331287656422,-73.97056293322844,2012-10-27 20:18:08,2012-10-22,train,87_12
87,4894,128,Bakery,40.78260006270388,-73.97871287500564,2012-10-28 08:13:39,2012-10-22,train,87_12
88,3169,90,School,40.765378,-74.147923,2012-10-22 16:53:09,2012-10-22,train,88_19
88,3169,90,School,40.765378,-74.147923,2012-10-23 16:55:30,2012-10-22,train,88_19
88,5080,6,Home (private),40.78243805095295,-74.14161270853154,2012-10-24 17:05:01,2012-10-22,train,88_19
88,5080,6,Home (private),40.78243805095295,-74.14161270853154,2012-10-26 18:21:11,2012-10-22,train,88_19
88,3169,90,School,40.765378,-74.147923,2012-10-27 10:15:54,2012-10-22,train,88_19
94,4481,138,Gym / Fitness Center,40.74611901545656,-73.99307012557983,2012-10-24 07:18:02,2012-10-22,train,94_23
94,1144,53,Bar,40.75026475714144,-73.98647221688374,2012-10-26 00:35:07,2012-10-22,train,94_23
94,561,57,Bar,40.72574081337552,-73.99028290313753,2012-10-26 22:55:38,2012-10-22,train,94_23
94,389,37,Bar,40.71990943,-73.987776,2012-10-27 01:47:42,2012-10-22,train,94_23
97,617,222,Coffee Shop,40.727612,-74.007306,2012-10-22 09:17:39,2012-10-22,train,97_14
97,3815,61,Office,40.724656934314574,-74.00762915611267,2012-10-22 09:22:40,2012-10-22,train,97_14
97,346,61,Office,40.75453841655905,-73.98646647784138,2012-10-23 11:33:55,2012-10-22,train,97_14
97,346,61,Office,40.75453841655905,-73.98646647784138,2012-10-24 09:27:53,2012-10-22,train,97_14
97,346,61,Office,40.75453841655905,-73.98646647784138,2012-10-25 11:26:30,2012-10-22,train,97_14
97,3815,61,Office,40.724656934314574,-74.00762915611267,2012-10-26 09:07:50,2012-10-22,train,97_14
98,420,194,Mexican Restaurant,40.73808374026024,-73.99064004421234,2012-10-24 20:52:01,2012-10-22,train,98_12
98,4919,6,Home (private),40.80055075705235,-74.20032308006297,2012-10-26 10:10:25,2012-10-22,train,98_12
102,2185,57,Bar,40.72114429824649,-73.95695686340332,2012-10-23 00:43:05,2012-10-22,train,102_10
102,309,159,Art Museum,40.77361447158453,-73.9641058682518,2012-10-27 10:17:49,2012-10-22,train,102_10
102,2205,27,Italian Restaurant,40.72154512476467,-73.98884242671608,2012-10-27 17:38:21,2012-10-22,train,102_10
102,2937,87,Theater,40.75691247518513,-73.98746967315674,2012-10-27 19:13:26,2012-10-22,train,102_10
107,3130,301,Neighborhood,40.76487640472523,-73.81782531738281,2012-10-24 20:50:37,2012-10-22,train,107_18
107,663,97,Diner,40.60570191978616,-73.98525553606459,2012-10-27 12:17:31,2012-10-22,train,107_18
107,2991,254,Department Store,40.66094628812604,-73.7224412643994,2012-10-27 19:58:46,2012-10-22,train,107_18
107,1832,42,Food & Drink Shop,40.582704252811,-73.98557118513084,2012-10-27 20:48:52,2012-10-22,train,107_18
107,5088,120,Other Great Outdoors,40.78782018739577,-73.79104614257812,2012-10-28 19:45:09,2012-10-22,train,107_18
108,4420,136,Office,40.6866771440928,-73.97945323993258,2012-10-25 08:42:08,2012-10-22,train,108_23
108,1391,163,Medical Center,40.63904061589954,-73.99794101715088,2012-10-25 09:13:37,2012-10-22,train,108_23
108,862,147,Movie Theater,40.58606020705239,-73.92983436584473,2012-10-27 00:00:12,2012-10-22,train,108_23
108,1426,264,Subway,40.62020951410479,-73.99021977491533,2012-10-27 05:33:52,2012-10-22,train,108_23
108,5065,6,Home (private),40.62239908525515,-73.98887973002674,2012-10-27 05:34:28,2012-10-22,train,108_23
108,1426,264,Subway,40.62020951410479,-73.99021977491533,2012-10-28 06:29:09,2012-10-22,train,108_23
110,281,37,Bar,40.77947180359367,-73.9776970208157,2012-10-26 19:31:29,2012-10-22,train,110_9
110,30,310,Concert Hall,40.78055870045957,-73.98077326334892,2012-10-26 20:04:33,2012-10-22,train,110_9
112,391,80,Building,40.74828059076867,-73.98556262254715,2012-10-23 12:33:07,2012-10-22,train,112_20
112,2392,61,Office,40.747832910398266,-73.98552527257162,2012-10-23 12:33:17,2012-10-22,train,112_20
112,391,80,Building,40.74828059076867,-73.98556262254715,2012-10-24 11:53:35,2012-10-22,train,112_20
112,2392,61,Office,40.747832910398266,-73.98552527257162,2012-10-26 15:31:33,2012-10-22,train,112_20
114,434,183,University,40.694135602127766,-73.98635169695791,2012-10-22 09:46:19,2012-10-22,train,114_12
114,162,259,Hotel,40.71933912149095,-74.00487184524536,2012-10-23 18:13:41,2012-10-22,train,114_12
114,434,183,University,40.69405738280599,-73.98659847577252,2012-10-24 07:58:04,2012-10-22,train,114_12
114,3302,183,University,40.7050892364702,-74.01143542547192,2012-10-24 16:18:49,2012-10-22,train,114_12
114,3302,183,University,40.7050892364702,-74.01143542547192,2012-10-25 17:04:29,2012-10-22,train,114_12
114,979,138,Gym / Fitness Center,40.66600335047696,-73.99015188217163,2012-10-27 10:50:24,2012-10-22,train,114_12
117,2274,61,Office,40.75005297929758,-73.97360801696777,2012-10-22 09:07:21,2012-10-22,train,117_19
117,627,59,Bar,40.72635525176133,-74.0057623386383,2012-10-24 09:06:54,2012-10-22,train,117_19
117,117,142,Cajun / Creole Restaurant,40.76198065788244,-73.9900246511882,2012-10-25 18:37:34,2012-10-22,train,117_19
117,5088,120,Other Great Outdoors,40.78782018739577,-73.79104614257812,2012-10-28 18:54:00,2012-10-22,train,117_19
118,5044,164,College Academic Building,40.913596103806974,-73.90890494806025,2012-10-26 15:16:11,2012-10-22,train,118_0
118,4909,177,College Academic Building,40.91183,-73.906612,2012-10-26 16:10:32,2012-10-22,train,118_0
118,3574,174,College Academic Building,40.91163003603256,-73.90776815853675,2012-10-26 18:12:12,2012-10-22,train,118_0
118,4852,186,College Academic Building,40.91159986224817,-73.90760165850426,2012-10-26 19:43:43,2012-10-22,train,118_0
118,4852,186,College Academic Building,40.91159986224817,-73.90760165850426,2012-10-26 23:01:07,2012-10-22,train,118_0
118,3781,174,College Academic Building,40.91118965891332,-73.90711069107056,2012-10-27 10:02:23,2012-10-22,train,118_0
118,3781,174,College Academic Building,40.91118965891332,-73.90711069107056,2012-10-27 10:59:02,2012-10-22,train,118_0
118,3781,174,College Academic Building,40.91118965891332,-73.90711069107056,2012-10-27 12:50:07,2012-10-22,train,118_0
118,3574,174,College Academic Building,40.91163003603256,-73.90776815853675,2012-10-27 13:20:53,2012-10-22,train,118_0
118,3781,174,College Academic Building,40.91118965891332,-73.90711069107056,2012-10-28 03:29:41,2012-10-22,train,118_0
118,5088,120,Other Great Outdoors,40.78782018739577,-73.79104614257812,2012-10-28 13:18:40,2012-10-22,train,118_0
118,3574,174,College Academic Building,40.91163003603256,-73.90776815853675,2012-10-28 14:42:34,2012-10-22,train,118_0
119,3794,123,Scenic Lookout,40.79173406918958,-73.978902270956,2012-10-27 17:36:19,2012-10-22,train,119_15
119,254,121,Park,40.74706188749892,-74.00519371032715,2012-10-28 14:35:58,2012-10-22,train,119_15
119,4735,27,Italian Restaurant,40.73710687747345,-73.99720966456215,2012-10-28 15:18:34,2012-10-22,train,119_15
119,625,122,Plaza,40.756489872673846,-73.98626804351807,2012-10-28 16:46:32,2012-10-22,train,119_15
119,3111,226,Art Gallery,40.758513464178,-73.98532390594482,2012-10-28 16:53:28,2012-10-22,train,119_15
120,1626,232,Music Venue,40.81440531649213,-73.94437173850456,2012-10-24 22:18:51,2012-10-22,train,120_8
120,1543,47,Bar,40.726946267342754,-73.99148807430478,2012-10-27 23:57:53,2012-10-22,train,120_8
120,1543,47,Bar,40.726946267342754,-73.99148807430478,2012-10-28 01:24:26,2012-10-22,train,120_8
120,398,52,Bar,40.76362499327396,-73.99757623672485,2012-10-28 04:38:51,2012-10-22,train,120_8
121,622,61,Office,40.74050711736373,-73.98690838360204,2012-10-25 07:29:22,2012-10-22,train,121_22
121,1910,197,Sandwich Place,40.740861,-73.987365,2012-10-25 11:51:59,2012-10-22,train,121_22
121,622,61,Office,40.74050711736373,-73.98690838360204,2012-10-26 07:42:50,2012-10-22,train,121_22
124,3383,206,Seafood Restaurant,40.74588914242651,-73.98852104404719,2012-10-22 19:04:25,2012-10-22,train,124_9
124,450,202,Pizza Place,40.74448927837927,-73.9813220500946,2012-10-26 20:52:26,2012-10-22,train,124_9
126,4403,222,Coffee Shop,40.72795460840525,-73.99326138382618,2012-10-23 07:59:52,2012-10-22,train,126_9
126,3670,61,Office,40.7308129866281,-73.991706152088,2012-10-23 09:29:48,2012-10-22,train,126_9
126,2937,87,Theater,40.75691247518513,-73.98746967315674,2012-10-23 18:40:39,2012-10-22,train,126_9
126,4157,222,Coffee Shop,40.73317755885807,-73.99116039276123,2012-10-25 07:49:48,2012-10-22,train,126_9
126,2937,87,Theater,40.75691247518513,-73.98746967315674,2012-10-25 19:17:32,2012-10-22,train,126_9
126,4157,222,Coffee Shop,40.73317755885807,-73.99116039276123,2012-10-26 07:52:48,2012-10-22,train,126_9
126,3670,61,Office,40.7308129866281,-73.991706152088,2012-10-26 08:02:59,2012-10-22,train,126_9
127,1461,137,Gym / Fitness Center,40.7669055013556,-73.95784948347529,2012-10-22 09:31:49,2012-10-22,train,127_20
127,2869,301,Neighborhood,40.77352187640244,-73.95678520202637,2012-10-22 16:29:37,2012-10-22,train,127_20
127,2552,257,Road,40.76776459046976,-73.96407716970236,2012-10-23 09:26:51,2012-10-22,train,127_20
127,2869,301,Neighborhood,40.77352187640244,-73.95678520202637,2012-10-23 09:27:40,2012-10-22,train,127_20
127,2160,91,High School,40.76557770834161,-73.95987565598689,2012-10-23 14:51:06,2012-10-22,train,127_20
127,1461,137,Gym / Fitness Center,40.7669055013556,-73.95784948347529,2012-10-23 15:34:25,2012-10-22,train,127_20
127,357,70,Train Station,40.750794799423865,-73.99357639021292,2012-10-23 21:08:00,2012-10-22,train,127_20
127,2732,304,Train Station,40.75067614234247,-73.99135034084028,2012-10-23 21:11:42,2012-10-22,train,127_20
127,1549,131,Café,40.748572,-73.9924751,2012-10-24 09:05:26,2012-10-22,train,127_20
127,3565,317,City,40.74959782183326,-73.98605346679688,2012-10-24 09:06:14,2012-10-22,train,127_20
127,2552,257,Road,40.76776459046976,-73.96407716970236,2012-10-24 12:46:28,2012-10-22,train,127_20
127,1275,131,Café,40.7652370075898,-73.95760840770957,2012-10-24 12:47:04,2012-10-22,train,127_20
127,2869,301,Neighborhood,40.77352187640244,-73.95678520202637,2012-10-24 12:47:31,2012-10-22,train,127_20
127,1461,137,Gym / Fitness Center,40.7669055013556,-73.95784948347529,2012-10-24 12:56:03,2012-10-22,train,127_20
127,1461,137,Gym / Fitness Center,40.7669055013556,-73.95784948347529,2012-10-24 15:36:05,2012-10-22,train,127_20
127,357,70,Train Station,40.750794799423865,-73.99357639021292,2012-10-24 21:00:16,2012-10-22,train,127_20
127,2552,257,Road,40.76776459046976,-73.96407716970236,2012-10-25 09:24:12,2012-10-22,train,127_20
127,3565,317,City,40.74959782183326,-73.98605346679688,2012-10-25 09:24:54,2012-10-22,train,127_20
127,2869,301,Neighborhood,40.77352187640244,-73.95678520202637,2012-10-25 09:25:17,2012-10-22,train,127_20
127,2869,301,Neighborhood,40.77352187640244,-73.95678520202637,2012-10-25 16:31:57,2012-10-22,train,127_20
127,2552,257,Road,40.76776459046976,-73.96407716970236,2012-10-26 09:42:27,2012-10-22,train,127_20
127,3565,317,City,40.74959782183326,-73.98605346679688,2012-10-26 09:42:59,2012-10-22,train,127_20
127,2869,301,Neighborhood,40.77352187640244,-73.95678520202637,2012-10-26 09:43:23,2012-10-22,train,127_20
127,1461,137,Gym / Fitness Center,40.7669055013556,-73.95784948347529,2012-10-26 09:48:16,2012-10-22,train,127_20
127,3290,305,Elementary School,40.76431514872408,-73.95789540263462,2012-10-26 14:58:09,2012-10-22,train,127_20
127,1461,137,Gym / Fitness Center,40.7669055013556,-73.95784948347529,2012-10-26 15:13:48,2012-10-22,train,127_20
127,357,70,Train Station,40.750794799423865,-73.99357639021292,2012-10-26 19:19:25,2012-10-22,train,127_20
127,3565,317,City,40.74959782183326,-73.98605346679688,2012-10-26 19:20:05,2012-10-22,train,127_20
127,1477,317,City,40.71421605600625,-74.00596618652344,2012-10-27 10:40:26,2012-10-22,train,127_20
127,357,70,Train Station,40.750794799423865,-73.99357639021292,2012-10-27 10:48:18,2012-10-22,train,127_20
127,2869,301,Neighborhood,40.77352187640244,-73.95678520202637,2012-10-27 11:16:08,2012-10-22,train,127_20
127,1461,137,Gym / Fitness Center,40.7669055013556,-73.95784948347529,2012-10-27 11:21:07,2012-10-22,train,127_20
133,1068,183,University,40.721664700472566,-73.79473686218262,2012-10-22 12:45:58,2012-10-22,train,133_12
133,2210,165,College Academic Building,40.72200363430237,-73.79322870209799,2012-10-25 12:43:44,2012-10-22,train,133_12
133,1068,183,University,40.721664700472566,-73.79473686218262,2012-10-26 10:59:55,2012-10-22,train,133_12
134,1291,264,Subway,40.76669659750053,-73.92148733139038,2012-10-23 07:27:22,2012-10-22,train,134_11
134,4337,165,College Academic Building,40.77089747711729,-73.98957252502441,2012-10-23 09:30:55,2012-10-22,train,134_11
134,2391,186,College Academic Building,40.77022307913594,-73.98811340332031,2012-10-23 12:20:46,2012-10-22,train,134_11
134,1291,264,Subway,40.76669659750053,-73.92148733139038,2012-10-25 06:54:39,2012-10-22,train,134_11
134,4337,165,College Academic Building,40.77089747711729,-73.98957252502441,2012-10-25 10:00:50,2012-10-22,train,134_11
136,3314,90,School,40.76539704528552,-73.95949682648256,2012-10-22 07:59:40,2012-10-22,train,136_5
136,3314,90,School,40.76539704528552,-73.95949682648256,2012-10-23 07:54:03,2012-10-22,train,136_5
137,1550,78,Library,40.79659548530821,-74.1974997892039,2012-10-22 10:48:03,2012-10-22,train,137_7
137,1550,78,Library,40.79659548530821,-74.1974997892039,2012-10-24 18:07:02,2012-10-22,train,137_7
137,847,265,Mall,40.917335441802095,-74.0756607055664,2012-10-26 18:52:11,2012-10-22,train,137_7
137,720,146,Movie Theater,40.828585959081536,-74.14026975631714,2012-10-26 20:28:01,2012-10-22,train,137_7
137,210,232,Music Venue,40.72930063756496,-73.99192996850243,2012-10-27 20:54:31,2012-10-22,train,137_7
138,971,221,Bridge,40.705953265881305,-73.99656772613525,2012-10-25 20:07:44,2012-10-22,train,138_11
138,3953,51,Food & Drink Shop,40.73898201597659,-73.989677131176,2012-10-26 19:51:44,2012-10-22,train,138_11
138,3710,194,Mexican Restaurant,40.67335042443954,-73.95708033593266,2012-10-27 12:34:03,2012-10-22,train,138_11
139,1559,128,Bakery,40.755564,-73.922738,2012-10-24 17:01:45,2012-10-22,train,139_18
139,1268,4,Gym / Fitness Center,40.75538459186637,-73.9226245880127,2012-10-26 19:25:57,2012-10-22,train,139_18
139,1559,128,Bakery,40.755564,-73.922738,2012-10-26 19:26:02,2012-10-22,train,139_18
139,1559,128,Bakery,40.755564,-73.922738,2012-10-27 10:50:47,2012-10-22,train,139_18
139,2308,42,Food & Drink Shop,40.75208489426303,-73.91483545303345,2012-10-28 13:12:57,2012-10-22,train,139_18
141,357,70,Train Station,40.750794799423865,-73.99357639021292,2012-10-22 19:51:31,2012-10-22,train,141_21
141,1723,246,Performing Arts Venue,40.77114935894503,-73.98270606994629,2012-10-23 12:13:19,2012-10-22,train,141_21
141,2402,121,Park,40.770949639292695,-73.98340180471577,2012-10-23 12:13:30,2012-10-22,train,141_21
141,1950,78,Library,40.77322937882862,-73.98461580276489,2012-10-23 12:37:58,2012-10-22,train,141_21
141,4718,264,Subway,40.71137560892254,-74.00988607969092,2012-10-23 20:16:02,2012-10-22,train,141_21
141,2994,19,Bank,40.71116686307952,-74.0089392510875,2012-10-23 20:20:01,2012-10-22,train,141_21
141,660,122,Plaza,40.76803326982161,-73.98186922073364,2012-10-23 21:41:26,2012-10-22,train,141_21
141,1294,121,Park,40.76864674872412,-73.98086071014404,2012-10-23 21:41:37,2012-10-22,train,141_21
141,1723,246,Performing Arts Venue,40.77114935894503,-73.98270606994629,2012-10-24 10:23:14,2012-10-22,train,141_21
141,2402,121,Park,40.770949639292695,-73.98340180471577,2012-10-24 10:23:31,2012-10-22,train,141_21
141,1723,246,Performing Arts Venue,40.77114935894503,-73.98270606994629,2012-10-24 12:47:58,2012-10-22,train,141_21
141,2402,121,Park,40.770949639292695,-73.98340180471577,2012-10-24 12:48:06,2012-10-22,train,141_21
141,1506,122,Plaza,40.7722274447236,-73.98302876064133,2012-10-24 12:48:14,2012-10-22,train,141_21
141,33,246,Performing Arts Venue,40.77253079341116,-73.98344197864982,2012-10-24 17:17:28,2012-10-22,train,141_21
141,1406,176,Law School,40.77095773223109,-73.98431432486001,2012-10-24 18:59:25,2012-10-22,train,141_21
141,1506,122,Plaza,40.7722274447236,-73.98302876064133,2012-10-24 20:48:33,2012-10-22,train,141_21
141,1723,246,Performing Arts Venue,40.77114935894503,-73.98270606994629,2012-10-25 11:15:39,2012-10-22,train,141_21
141,2402,121,Park,40.770949639292695,-73.98340180471577,2012-10-25 11:18:06,2012-10-22,train,141_21
141,328,216,Tea Room,40.778056,-73.97846529,2012-10-25 14:39:06,2012-10-22,train,141_21
141,1183,146,Movie Theater,40.77082543131949,-73.98216214776504,2012-10-26 00:20:00,2012-10-22,train,141_21
141,731,147,Movie Theater,40.774697291507216,-73.98194979831837,2012-10-26 21:56:04,2012-10-22,train,141_21
141,1723,246,Performing Arts Venue,40.77114935894503,-73.98270606994629,2012-10-27 13:05:31,2012-10-22,train,141_21
141,3772,80,Building,40.76796322894073,-73.981680056791,2012-10-27 21:15:18,2012-10-22,train,141_21
141,2402,121,Park,40.770949639292695,-73.98340180471577,2012-10-28 00:35:35,2012-10-22,train,141_21
142,357,70,Train Station,40.750794799423865,-73.99357639021292,2012-10-23 07:02:40,2012-10-22,train,142_3
142,357,70,Train Station,40.750794799423865,-73.99357639021292,2012-10-24 20:50:15,2012-10-22,train,142_3
142,4447,222,Coffee Shop,40.73946479913673,-74.00265603689895,2012-10-26 12:43:45,2012-10-22,train,142_3
142,189,238,Music Venue,40.7221525738643,-73.98682594299316,2012-10-27 01:30:12,2012-10-22,train,142_3
143,3637,61,Office,40.73659884931666,-73.99576350140552,2012-10-25 01:19:14,2012-10-22,train,143_16
143,783,220,BBQ Joint,40.78413298467147,-73.97762240984444,2012-10-27 01:55:06,2012-10-22,train,143_16
144,4592,37,Bar,40.82865090446733,-73.94854545593262,2012-10-24 19:14:58,2012-10-22,train,144_18
144,535,222,Coffee Shop,40.73819586330371,-74.00347050688761,2012-10-25 15:48:58,2012-10-22,train,144_18
144,4592,37,Bar,40.82865090446733,-73.94854545593262,2012-10-28 19:01:09,2012-10-22,train,144_18
145,2500,264,Subway,40.63523850278024,-73.9628791809082,2012-10-22 20:24:11,2012-10-22,train,145_6
145,660,122,Plaza,40.76803326982161,-73.98186922073364,2012-10-22 21:20:17,2012-10-22,train,145_6
145,660,122,Plaza,40.76803326982161,-73.98186922073364,2012-10-23 07:33:31,2012-10-22,train,145_6
145,2500,264,Subway,40.63523850278024,-73.9628791809082,2012-10-23 09:45:27,2012-10-22,train,145_6
145,5000,6,Home (private),40.62562269014469,-73.94186034276925,2012-10-23 19:08:35,2012-10-22,train,145_6
145,660,122,Plaza,40.76803326982161,-73.98186922073364,2012-10-24 08:09:55,2012-10-22,train,145_6
145,660,122,Plaza,40.76803326982161,-73.98186922073364,2012-10-25 03:14:12,2012-10-22,train,145_6
145,5000,6,Home (private),40.62562269014469,-73.94186034276925,2012-10-26 01:59:51,2012-10-22,train,145_6
145,4029,61,Office,40.69999172936684,-73.91195931937592,2012-10-27 12:28:40,2012-10-22,train,145_6
145,2361,156,Stadium,40.68312,-73.975979,2012-10-27 18:56:07,2012-10-22,train,145_6
145,5000,6,Home (private),40.62562269014469,-73.94186034276925,2012-10-27 19:41:34,2012-10-22,train,145_6
147,910,137,Gym / Fitness Center,40.707330764823126,-74.01048860454246,2012-10-23 08:29:35,2012-10-22,train,147_7
147,910,137,Gym / Fitness Center,40.707330764823126,-74.01048860454246,2012-10-24 07:46:41,2012-10-22,train,147_7
147,910,137,Gym / Fitness Center,40.707330764823126,-74.01048860454246,2012-10-26 08:39:32,2012-10-22,train,147_7
147,751,146,Movie Theater,40.7148694149892,-74.01538906944295,2012-10-26 18:58:21,2012-10-22,train,147_7
147,5012,281,Residential Building (Apartment / Condo),40.709071733503215,-74.01479229823786,2012-10-28 08:27:03,2012-10-22,train,147_7
147,5088,120,Other Great Outdoors,40.78782018739577,-73.79104614257812,2012-10-28 16:55:17,2012-10-22,train,147_7
147,5088,120,Other Great Outdoors,40.78782018739577,-73.79104614257812,2012-10-28 18:25:50,2012-10-22,train,147_7
152,3081,301,Neighborhood,40.75538459186637,-73.88606071472168,2012-10-25 19:12:54,2012-10-22,train,152_8
152,5088,120,Other Great Outdoors,40.78782018739577,-73.79104614257812,2012-10-28 22:41:31,2012-10-22,train,152_8
156,565,310,Concert Hall,40.76950686568525,-73.99265306590263,2012-10-24 20:51:50,2012-10-22,train,156_17
156,565,310,Concert Hall,40.76950686568525,-73.99265306590263,2012-10-24 20:52:21,2012-10-22,train,156_17
156,1464,96,Deli / Bodega,40.72230706635953,-73.98735165596008,2012-10-24 22:28:18,2012-10-22,train,156_17
156,34,50,Bar,40.71998484765193,-73.98781514808185,2012-10-25 20:09:32,2012-10-22,train,156_17
156,371,194,Mexican Restaurant,40.734195,-74.00316,2012-10-27 19:54:49,2012-10-22,train,156_17
156,618,108,Gastropub,40.73400374936925,-74.00299564003944,2012-10-27 21:27:15,2012-10-22,train,156_17
156,290,102,American Restaurant,40.7219574249367,-73.99249076843262,2012-10-28 13:32:48,2012-10-22,train,156_17
158,186,37,Bar,40.73185406724251,-74.00334999764773,2012-10-22 22:30:39,2012-10-22,train,158_11
158,274,37,Bar,40.70443641202592,-74.01012361049652,2012-10-25 13:40:47,2012-10-22,train,158_11
158,5088,120,Other Great Outdoors,40.78782018739577,-73.79104614257812,2012-10-28 20:49:22,2012-10-22,train,158_11
162,3872,61,Office,40.70976868707421,-74.18928477064311,2012-10-22 09:29:07,2012-10-22,train,162_13
162,3872,61,Office,40.70976868707421,-74.18928477064311,2012-10-23 18:26:11,2012-10-22,train,162_13
164,311,183,University,40.80821992957681,-73.96215395358303,2012-10-22 17:46:28,2012-10-22,train,164_14
164,4399,27,Italian Restaurant,40.736013,-74.001056,2012-10-23 12:18:39,2012-10-22,train,164_14
164,1791,303,Recycling Facility,40.73115325587209,-74.00852608804568,2012-10-24 14:07:27,2012-10-22,train,164_14
164,1791,303,Recycling Facility,40.73115325587209,-74.00852608804568,2012-10-25 11:54:41,2012-10-22,train,164_14
164,1335,222,Coffee Shop,40.745901560214506,-73.98814227092512,2012-10-25 17:32:08,2012-10-22,train,164_14
164,2812,259,Hotel,40.74393865874401,-73.98399867372817,2012-10-27 00:32:47,2012-10-22,train,164_14
164,3517,137,Gym / Fitness Center,40.72983,-74.00692,2012-10-27 13:33:37,2012-10-22,train,164_14
164,1645,70,Train Station,40.73606359173575,-74.02938723564148,2012-10-27 19:40:20,2012-10-22,train,164_14
167,4242,181,Student Center,40.62029339217903,-74.02953314830125,2012-10-25 08:36:03,2012-10-22,train,167_6
167,3979,42,Food & Drink Shop,40.62027905907095,-74.03229872380605,2012-10-26 19:57:44,2012-10-22,train,167_6
168,494,177,College Academic Building,40.72962472112688,-73.99666428565979,2012-10-23 18:50:58,2012-10-22,train,168_10
168,2153,301,Neighborhood,40.728596,-73.98936,2012-10-27 18:20:58,2012-10-22,train,168_10
172,3886,74,Government Building,40.90300406983152,-74.07862186431885,2012-10-27 17:19:29,2012-10-22,train,172_10
172,3844,83,Church,40.9250807762146,-74.1067879,2012-10-28 08:53:57,2012-10-22,train,172_10
176,2844,245,General Entertainment,40.84336374022088,-73.93525593409399,2012-10-22 13:48:15,2012-10-22,train,176_20
176,4474,27,Italian Restaurant,40.7792778038002,-73.97388608496698,2012-10-23 13:45:14,2012-10-22,train,176_20
176,3712,233,Other Great Outdoors,40.8466605456246,-73.94214449089279,2012-10-23 20:09:46,2012-10-22,train,176_20
176,2844,245,General Entertainment,40.84336374022088,-73.93525593409399,2012-10-25 22:19:16,2012-10-22,train,176_20
176,2844,245,General Entertainment,40.84336374022088,-73.93525593409399,2012-10-26 09:24:49,2012-10-22,train,176_20
176,2844,245,General Entertainment,40.84336374022088,-73.93525593409399,2012-10-28 03:32:19,2012-10-22,train,176_20
177,3893,197,Sandwich Place,40.60948916260309,-73.92172336578369,2012-10-24 08:48:04,2012-10-22,train,177_10
177,4173,18,Clothing Store,40.609421487157285,-73.92155846003689,2012-10-25 07:52:31,2012-10-22,train,177_10
177,4173,18,Clothing Store,40.609421487157285,-73.92155846003689,2012-10-28 08:56:58,2012-10-22,train,177_10
179,3578,257,Road,40.96535005,-74.06280286666667,2012-10-22 05:01:52,2012-10-22,train,179_25
179,3577,73,Bus Station,40.96457180013344,-74.06643390655518,2012-10-22 06:31:04,2012-10-22,train,179_25
179,4633,116,Pool,40.96535501903463,-74.06283213352812,2012-10-22 07:15:50,2012-10-22,train,179_25
179,4363,211,Bar,40.96533885740628,-74.06283213352812,2012-10-22 09:33:38,2012-10-22,train,179_25
179,4673,102,American Restaurant,40.965446426312695,-74.06296407859656,2012-10-22 11:17:57,2012-10-22,train,179_25
179,3502,259,Hotel,40.96537083236714,-74.06281492329502,2012-10-22 13:46:48,2012-10-22,train,179_25
179,4413,245,General Entertainment,40.96183293901183,-74.0603022124755,2012-10-22 19:33:25,2012-10-22,train,179_25
179,3136,91,High School,40.96529141557918,-74.0627346088532,2012-10-22 23:27:31,2012-10-22,train,179_25
179,4673,102,American Restaurant,40.965446426312695,-74.06296407859656,2012-10-23 00:01:49,2012-10-22,train,179_25
179,4269,6,Home (private),40.96811001522211,-74.05938718735511,2012-10-23 00:49:41,2012-10-22,train,179_25
179,3578,257,Road,40.96535005,-74.06280286666667,2012-10-23 06:39:54,2012-10-22,train,179_25
179,2660,61,Office,40.96522921442873,-74.06305586641602,2012-10-23 07:15:48,2012-10-22,train,179_25
179,4562,102,American Restaurant,40.96532877881822,-74.06292392141155,2012-10-23 07:50:41,2012-10-22,train,179_25
179,4363,211,Bar,40.96533885740628,-74.06283213352812,2012-10-23 08:14:30,2012-10-22,train,179_25
179,2987,135,Post Office,40.94892337953688,-74.069721837773,2012-10-23 09:15:39,2012-10-22,train,179_25
179,4902,50,Bar,40.96517162512245,-74.06274608234698,2012-10-24 19:23:13,2012-10-22,train,179_25
179,2660,61,Office,40.96522921442873,-74.06305586641602,2012-10-24 20:39:27,2012-10-22,train,179_25
179,4562,102,American Restaurant,40.96532877881822,-74.06292392141155,2012-10-24 23:47:00,2012-10-22,train,179_25
179,4269,6,Home (private),40.96811001522211,-74.05938718735511,2012-10-25 00:21:18,2012-10-22,train,179_25
179,3790,257,Road,40.96530185,-74.06305251666667,2012-10-25 05:51:52,2012-10-22,train,179_25
179,3578,257,Road,40.96535005,-74.06280286666667,2012-10-25 06:30:27,2012-10-22,train,179_25
179,4363,211,Bar,40.96533885740628,-74.06283213352812,2012-10-25 07:54:21,2012-10-22,train,179_25
179,4633,116,Pool,40.96535501903463,-74.06283213352812,2012-10-25 08:10:37,2012-10-22,train,179_25
179,4620,213,Bar,40.96541694223362,-74.06288376421803,2012-10-25 09:08:53,2012-10-22,train,179_25
179,4562,102,American Restaurant,40.96532877881822,-74.06292392141155,2012-10-25 11:11:23,2012-10-22,train,179_25
179,3578,257,Road,40.96535005,-74.06280286666667,2012-10-26 06:30:25,2012-10-22,train,179_25
179,4363,211,Bar,40.96533885740628,-74.06283213352812,2012-10-26 07:44:56,2012-10-22,train,179_25
179,2660,61,Office,40.96522921442873,-74.06305586641602,2012-10-26 09:01:23,2012-10-22,train,179_25
179,3561,45,Other Nightlife,40.96533795,-74.0628079,2012-10-26 10:39:54,2012-10-22,train,179_25
179,3696,64,Government Building,40.92680715314999,-74.06860894667008,2012-10-26 13:03:33,2012-10-22,train,179_25
179,3502,259,Hotel,40.96537083236714,-74.06281492329502,2012-10-26 16:52:48,2012-10-22,train,179_25
179,4633,116,Pool,40.96535501903463,-74.06283213352812,2012-10-26 17:36:39,2012-10-22,train,179_25
179,4363,211,Bar,40.96533885740628,-74.06283213352812,2012-10-26 18:17:49,2012-10-22,train,179_25
179,4902,50,Bar,40.96517162512245,-74.06274608234698,2012-10-27 01:01:46,2012-10-22,train,179_25
179,3708,121,Park,40.96541698333333,-74.06291968333333,2012-10-27 06:17:48,2012-10-22,train,179_25
179,3578,257,Road,40.96535005,-74.06280286666667,2012-10-27 08:50:28,2012-10-22,train,179_25
179,4363,211,Bar,40.96533885740628,-74.06283213352812,2012-10-27 10:42:38,2012-10-22,train,179_25
179,2987,135,Post Office,40.94892337953688,-74.069721837773,2012-10-27 11:49:55,2012-10-22,train,179_25
179,3582,19,Bank,40.94816296428713,-74.06981935884615,2012-10-27 12:07:55,2012-10-22,train,179_25
179,4562,102,American Restaurant,40.96532877881822,-74.06292392141155,2012-10-27 14:58:40,2012-10-22,train,179_25
179,4620,213,Bar,40.96541694223362,-74.06288376421803,2012-10-27 18:43:53,2012-10-22,train,179_25
179,3561,45,Other Nightlife,40.96533795,-74.0628079,2012-10-27 20:26:15,2012-10-22,train,179_25
179,2913,34,Gas Station / Garage,40.94816651666667,-74.06842515,2012-10-27 22:18:01,2012-10-22,train,179_25
179,3708,121,Park,40.96541698333333,-74.06291968333333,2012-10-27 23:01:51,2012-10-22,train,179_25
179,2660,61,Office,40.96522921442873,-74.06305586641602,2012-10-28 01:01:48,2012-10-22,train,179_25
179,2675,259,Hotel,40.96031922320731,-74.06725511155042,2012-10-28 01:11:20,2012-10-22,train,179_25
179,2517,90,School,40.965810267788015,-74.06760603189468,2012-10-28 01:27:38,2012-10-22,train,179_25
179,3578,257,Road,40.96535005,-74.06280286666667,2012-10-28 05:49:51,2012-10-22,train,179_25
179,3577,73,Bus Station,40.96457180013344,-74.06643390655518,2012-10-28 07:30:11,2012-10-22,train,179_25
179,4562,102,American Restaurant,40.96532877881822,-74.06292392141155,2012-10-28 09:13:41,2012-10-22,train,179_25
179,4633,116,Pool,40.96535501903463,-74.06283213352812,2012-10-28 10:54:03,2012-10-22,train,179_25
179,4620,213,Bar,40.96541694223362,-74.06288376421803,2012-10-28 12:24:13,2012-10-22,train,179_25
179,4673,102,American Restaurant,40.965446426312695,-74.06296407859656,2012-10-28 12:56:01,2012-10-22,train,179_25
179,3532,80,Building,40.96516606425115,-74.06289523770276,2012-10-28 14:14:21,2012-10-22,train,179_25
179,3708,121,Park,40.96541698333333,-74.06291968333333,2012-10-28 15:43:34,2012-10-22,train,179_25
179,3526,107,Cuban Restaurant,40.9653582,-74.06283223333334,2012-10-28 21:07:53,2012-10-22,train,179_25
179,3482,232,Music Venue,40.96532194280211,-74.06280344980541,2012-10-28 23:58:16,2012-10-22,train,179_25
180,4869,139,Medical Center,40.88822292326856,-73.91164355012553,2012-10-24 11:07:09,2012-10-22,train,180_17
180,2460,42,Food & Drink Shop,40.886210928571394,-73.90973169991108,2012-10-24 12:42:16,2012-10-22,train,180_17
181,3004,301,Neighborhood,40.766596163537606,-73.74551312741599,2012-10-22 18:18:42,2012-10-22,train,181_19
181,2953,257,Road,40.76305616209761,-73.74328136444092,2012-10-23 18:58:09,2012-10-22,train,181_19
181,3004,301,Neighborhood,40.766596163537606,-73.74551312741599,2012-10-23 18:58:28,2012-10-22,train,181_19
181,2557,221,Bridge,40.79981701959628,-73.79351377487183,2012-10-24 18:05:56,2012-10-22,train,181_19
181,2953,257,Road,40.76305616209761,-73.74328136444092,2012-10-24 19:12:13,2012-10-22,train,181_19
181,3004,301,Neighborhood,40.766596163537606,-73.74551312741599,2012-10-24 19:12:30,2012-10-22,train,181_19
181,1907,221,Bridge,40.80023122491412,-73.82881164550781,2012-10-25 17:43:54,2012-10-22,train,181_19
181,794,26,Drugstore / Pharmacy,40.76503892396417,-73.74358177185059,2012-10-25 18:13:17,2012-10-22,train,181_19
181,2953,257,Road,40.76305616209761,-73.74328136444092,2012-10-25 18:29:21,2012-10-22,train,181_19
181,3004,301,Neighborhood,40.766596163537606,-73.74551312741599,2012-10-25 18:29:39,2012-10-22,train,181_19
181,2953,257,Road,40.76305616209761,-73.74328136444092,2012-10-26 07:28:00,2012-10-22,train,181_19
181,3004,301,Neighborhood,40.766596163537606,-73.74551312741599,2012-10-26 07:28:26,2012-10-22,train,181_19
181,1475,241,Airport,40.773839,-73.87122,2012-10-26 10:13:26,2012-10-22,train,181_19
181,1474,239,Airport,40.76915667368325,-73.86195399349938,2012-10-26 10:13:46,2012-10-22,train,181_19
181,1650,239,Airport,40.77025558040047,-73.86387348175049,2012-10-26 10:32:34,2012-10-22,train,181_19
183,5036,7,Clothing Store,40.91900160446153,-74.07459209340789,2012-10-22 23:33:49,2012-10-22,train,183_13
183,1948,183,University,40.74091672247482,-74.17513847351074,2012-10-23 16:42:56,2012-10-22,train,183_13
183,1948,183,University,40.74091672247482,-74.17513847351074,2012-10-24 09:25:15,2012-10-22,train,183_13
183,1948,183,University,40.74091672247482,-74.17513847351074,2012-10-25 10:10:11,2012-10-22,train,183_13
183,1501,254,Department Store,40.824648526250215,-74.13560271263123,2012-10-25 19:19:41,2012-10-22,train,183_13
183,1863,35,Bookstore,40.8292029376781,-74.13943290710449,2012-10-25 20:06:32,2012-10-22,train,183_13
187,411,216,Tea Room,40.73046578912947,-73.98927858804879,2012-10-22 18:38:17,2012-10-22,train,187_6
187,231,93,Breakfast Spot,40.721294,-73.983994,2012-10-25 19:22:43,2012-10-22,train,187_6
187,134,130,Burger Joint,40.73809430948774,-74.00388368084829,2012-10-26 20:51:11,2012-10-22,train,187_6
192,625,122,Plaza,40.756489872673846,-73.98626804351807,2012-10-26 17:49:17,2012-10-22,train,192_8
192,1299,222,Coffee Shop,40.69386993257195,-73.98745202134512,2012-10-27 15:22:55,2012-10-22,train,192_8
197,440,61,Office,40.76173157920592,-73.96798610687256,2012-10-22 12:53:29,2012-10-22,train,197_6
197,3000,254,Department Store,40.79535805750898,-73.93105745315552,2012-10-27 13:58:20,2012-10-22,train,197_6
197,1685,42,Food & Drink Shop,40.79515543869133,-73.93099638731043,2012-10-27 14:02:41,2012-10-22,train,197_6
198,671,222,Coffee Shop,40.77612993333334,-73.910881,2012-10-22 08:08:20,2012-10-22,train,198_9
198,671,222,Coffee Shop,40.77612993333334,-73.910881,2012-10-23 08:10:30,2012-10-22,train,198_9
198,3955,138,Gym / Fitness Center,40.756754060781375,-73.97431654083975,2012-10-23 12:15:52,2012-10-22,train,198_9
198,2412,61,Office,40.75673068586622,-73.97406974625711,2012-10-23 13:09:43,2012-10-22,train,198_9
198,2982,6,Home (private),40.778790222504085,-73.90658830179062,2012-10-23 21:34:43,2012-10-22,train,198_9
198,929,163,Medical Center,40.74196016330615,-73.9743796742868,2012-10-24 09:42:04,2012-10-22,train,198_9
198,671,222,Coffee Shop,40.77612993333334,-73.910881,2012-10-25 08:11:38,2012-10-22,train,198_9
198,2412,61,Office,40.75673068586622,-73.97406974625711,2012-10-25 08:44:08,2012-10-22,train,198_9
198,3955,138,Gym / Fitness Center,40.756754060781375,-73.97431654083975,2012-10-25 11:21:34,2012-10-22,train,198_9
198,2982,6,Home (private),40.778790222504085,-73.90658830179062,2012-10-28 04:09:30,2012-10-22,train,198_9
198,5088,120,Other Great Outdoors,40.78782018739577,-73.79104614257812,2012-10-28 20:19:22,2012-10-22,train,198_9
200,1110,138,Gym / Fitness Center,40.76364734011364,-73.97844135761261,2012-10-22 20:24:54,2012-10-22,train,200_14
200,1118,54,Food & Drink Shop,40.746858397620215,-73.94391251429022,2012-10-24 08:43:39,2012-10-22,train,200_14
202,5021,6,Home (private),40.7544177031222,-74.22380201337529,2012-10-22 18:31:57,2012-10-22,train,202_7
202,4903,281,Residential Building (Apartment / Condo),40.7794836539293,-74.23431096075899,2012-10-22 23:01:18,2012-10-22,train,202_7
202,5021,6,Home (private),40.7544177031222,-74.22380201337529,2012-10-23 07:01:57,2012-10-22,train,202_7
202,4903,281,Residential Building (Apartment / Condo),40.7794836539293,-74.23431096075899,2012-10-23 22:57:51,2012-10-22,train,202_7
202,5021,6,Home (private),40.7544177031222,-74.22380201337529,2012-10-24 07:08:52,2012-10-22,train,202_7
202,4925,136,Office,40.63906640818128,-74.21741381582459,2012-10-24 07:09:21,2012-10-22,train,202_7
202,1356,42,Food & Drink Shop,40.8041295012635,-74.2486310005188,2012-10-24 16:00:59,2012-10-22,train,202_7
202,4903,281,Residential Building (Apartment / Condo),40.7794836539293,-74.23431096075899,2012-10-24 16:04:33,2012-10-22,train,202_7
202,4925,136,Office,40.63906640818128,-74.21741381582459,2012-10-24 16:38:26,2012-10-22,train,202_7
202,4903,281,Residential Building (Apartment / Condo),40.7794836539293,-74.23431096075899,2012-10-25 19:52:32,2012-10-22,train,202_7
202,4925,136,Office,40.63906640818128,-74.21741381582459,2012-10-26 06:17:49,2012-10-22,train,202_7
202,4903,281,Residential Building (Apartment / Condo),40.7794836539293,-74.23431096075899,2012-10-26 19:43:58,2012-10-22,train,202_7
202,4903,281,Residential Building (Apartment / Condo),40.7794836539293,-74.23431096075899,2012-10-28 05:10:59,2012-10-22,train,202_7
207,2137,137,Gym / Fitness Center,40.76264961219945,-73.9719117150298,2012-10-22 19:35:34,2012-10-22,train,207_19
207,2134,138,Gym / Fitness Center,40.76011192810937,-73.96294644345505,2012-10-23 19:37:53,2012-10-22,train,207_19
207,2134,138,Gym / Fitness Center,40.76011192810937,-73.96294644345505,2012-10-24 20:03:05,2012-10-22,train,207_19
207,4388,209,Sushi Restaurant,40.759154333333335,-73.962321,2012-10-25 20:02:29,2012-10-22,train,207_19
207,2134,138,Gym / Fitness Center,40.76011192810937,-73.96294644345505,2012-10-27 11:02:58,2012-10-22,train,207_19
207,76,21,French Restaurant,40.74364391274361,-73.9838882535696,2012-10-27 13:10:33,2012-10-22,train,207_19
207,2134,138,Gym / Fitness Center,40.76011192810937,-73.96294644345505,2012-10-28 10:54:13,2012-10-22,train,207_19
211,2357,61,Office,40.74963093971689,-73.97543572160268,2012-10-23 08:36:17,2012-10-22,train,211_17
211,2357,61,Office,40.74963093971689,-73.97543572160268,2012-10-26 10:18:05,2012-10-22,train,211_17
211,2414,88,Synagogue,40.77316471772558,-73.95498525432538,2012-10-27 09:58:49,2012-10-22,train,211_17
213,4079,90,School,40.74995168874415,-74.15273412926199,2012-10-26 08:57:07,2012-10-22,train,213_16
213,436,241,Airport,40.68968493541091,-74.17938709259033,2012-10-28 07:10:37,2012-10-22,train,213_16
213,1018,104,Spanish Restaurant,40.75543084,-74.144715,2012-10-28 09:55:12,2012-10-22,train,213_16
217,971,221,Bridge,40.705953265881305,-73.99656772613525,2012-10-22 09:01:56,2012-10-22,train,217_5
217,110,55,Bar,40.72714571556443,-74.00021099215293,2012-10-22 09:41:28,2012-10-22,train,217_5
217,747,59,Bar,40.766826609362575,-73.98624658584595,2012-10-22 09:52:27,2012-10-22,train,217_5
217,567,48,Bar,40.74091798573515,-73.98169727434663,2012-10-23 22:18:35,2012-10-22,train,217_5
217,1019,7,Clothing Store,40.73216902800922,-73.99034603133893,2012-10-26 22:42:40,2012-10-22,train,217_5
217,497,254,Department Store,40.76346247057747,-73.97400498390198,2012-10-26 22:53:35,2012-10-22,train,217_5
219,611,183,University,40.74709440008955,-73.99452924728394,2012-10-22 18:23:06,2012-10-22,train,219_6
219,351,268,Convention Center,40.75671096305903,-74.00100198012031,2012-10-24 20:35:44,2012-10-22,train,219_6
221,439,58,Electronics Store,40.76392076968141,-73.9731227408518,2012-10-27 14:03:22,2012-10-22,train,221_8
221,1637,256,Furniture / Home Store,40.76374688503551,-73.97148907184601,2012-10-27 14:03:47,2012-10-22,train,221_8
221,3888,254,Department Store,40.773883557841096,-73.98221953946711,2012-10-27 14:38:36,2012-10-22,train,221_8
222,4500,201,Ice Cream Shop,40.73647548003712,-73.99754824880391,2012-10-23 16:35:40,2012-10-22,train,222_7
222,4121,80,Building,40.7420383,-73.990214,2012-10-23 17:36:43,2012-10-22,train,222_7
222,1176,259,Hotel,40.75559589697087,-73.97380113601685,2012-10-24 14:43:46,2012-10-22,train,222_7
222,4121,80,Building,40.7420383,-73.990214,2012-10-24 16:38:11,2012-10-22,train,222_7
228,4703,6,Home (private),40.70477380546345,-73.94186034276925,2012-10-24 02:21:53,2012-10-22,train,228_11
228,1030,264,Subway,40.69716886084869,-73.93569231033325,2012-10-26 08:31:56,2012-10-22,train,228_11
230,48,232,Music Venue,40.73169799836348,-73.98922693741638,2012-10-25 18:03:34,2012-10-22,train,230_14
230,4747,55,Bar,40.718690227529656,-73.98931302179598,2012-10-26 00:44:44,2012-10-22,train,230_14
230,48,232,Music Venue,40.73169799836348,-73.98922693741638,2012-10-26 14:11:49,2012-10-22,train,230_14
233,597,47,Bar,40.749522986346776,-73.98322963061759,2012-10-25 18:59:34,2012-10-22,train,233_14
233,305,52,Bar,40.72029728839815,-73.98828574568053,2012-10-25 22:11:20,2012-10-22,train,233_14
233,4893,37,Bar,40.74422471878332,-73.98403884753738,2012-10-26 23:17:59,2012-10-22,train,233_14
233,1347,37,Bar,40.73907152609708,-73.98379780455603,2012-10-27 01:37:18,2012-10-22,train,233_14
234,1122,61,Office,40.761358979518974,-73.98041106489133,2012-10-26 10:46:22,2012-10-22,train,234_13
234,224,39,Beer Garden,40.721128035611365,-73.99304866790771,2012-10-26 20:42:46,2012-10-22,train,234_13
234,2804,12,Gym / Fitness Center,40.73441328403598,-74.01000022888184,2012-10-27 10:18:31,2012-10-22,train,234_13
236,5035,6,Home (private),40.82497237470613,-73.95361626406626,2012-10-22 17:34:54,2012-10-22,train,236_5
236,5028,6,Home (private),40.82497237470613,-73.95361626406626,2012-10-23 03:55:23,2012-10-22,train,236_5
236,5035,6,Home (private),40.82497237470613,-73.95361626406626,2012-10-23 03:58:30,2012-10-22,train,236_5
236,5035,6,Home (private),40.82497237470613,-73.95361626406626,2012-10-23 18:41:47,2012-10-22,train,236_5
236,5035,6,Home (private),40.82497237470613,-73.95361626406626,2012-10-23 18:46:09,2012-10-22,train,236_5
236,1873,264,Subway,40.821344149632274,-73.95403861999512,2012-10-23 23:43:20,2012-10-22,train,236_5
236,1873,264,Subway,40.821344149632274,-73.95403861999512,2012-10-24 20:02:05,2012-10-22,train,236_5
236,2718,28,Salon / Barbershop,40.815458,-73.94730238999999,2012-10-26 20:22:49,2012-10-22,train,236_5
242,2496,232,Music Venue,40.71971101647132,-74.00456656363339,2012-10-22 07:13:52,2012-10-22,train,242_14
242,2496,232,Music Venue,40.71971101647132,-74.00456656363339,2012-10-23 08:31:08,2012-10-22,train,242_14
242,2496,232,Music Venue,40.71971101647132,-74.00456656363339,2012-10-24 05:50:42,2012-10-22,train,242_14
242,2496,232,Music Venue,40.71971101647132,-74.00456656363339,2012-10-26 05:43:28,2012-10-22,train,242_14
242,2773,257,Road,40.729798,-74.038666,2012-10-26 19:25:22,2012-10-22,train,242_14
242,2646,155,Stadium,40.8134844303353,-74.07433032989502,2012-10-28 09:03:11,2012-10-22,train,242_14
246,1067,138,Gym / Fitness Center,40.73232210301891,-73.98535883945247,2012-10-22 07:48:12,2012-10-22,train,246_9
246,319,258,Food & Drink Shop,40.67685118834076,-73.98010177430896,2012-10-23 19:12:22,2012-10-22,train,246_9
246,235,37,Bar,40.737831,-73.981022,2012-10-24 21:54:27,2012-10-22,train,246_9
250,1078,137,Gym / Fitness Center,40.76164249465777,-73.9841880644695,2012-10-22 17:37:19,2012-10-22,train,250_10
250,910,137,Gym / Fitness Center,40.707330764823126,-74.01048860454246,2012-10-23 06:41:18,2012-10-22,train,250_10
250,1129,137,Gym / Fitness Center,40.75915,-73.978449,2012-10-23 17:37:13,2012-10-22,train,250_10
250,4883,50,Bar,40.73256253271892,-73.98537031760324,2012-10-24 19:38:33,2012-10-22,train,250_10
250,3838,50,Bar,40.74225734075718,-74.0062364600096,2012-10-25 20:42:51,2012-10-22,train,250_10
250,1187,39,Beer Garden,40.7405579801227,-74.00777996246534,2012-10-25 23:34:17,2012-10-22,train,250_10
251,279,121,Park,40.7714256153356,-73.97350072860723,2012-10-22 08:12:53,2012-10-22,train,251_3
251,279,121,Park,40.7714256153356,-73.97350072860723,2012-10-24 08:12:05,2012-10-22,train,251_3
251,616,130,Burger Joint,40.78082577322013,-73.97648334503174,2012-10-24 20:59:00,2012-10-22,train,251_3
251,3875,197,Sandwich Place,40.7522887787384,-73.97421323151809,2012-10-25 13:49:49,2012-10-22,train,251_3
251,279,121,Park,40.7714256153356,-73.97350072860723,2012-10-25 17:40:55,2012-10-22,train,251_3
251,731,147,Movie Theater,40.774697291507216,-73.98194979831837,2012-10-26 20:10:03,2012-10-22,train,251_3
251,1526,137,Gym / Fitness Center,40.78135679017438,-73.97971724534096,2012-10-27 15:35:12,2012-10-22,train,251_3
251,1414,214,Bar,40.76171380095544,-73.99395004329756,2012-10-28 01:03:52,2012-10-22,train,251_3
251,41,42,Food & Drink Shop,40.780557679970805,-73.98171901702881,2012-10-28 13:17:39,2012-10-22,train,251_3
252,354,121,Park,40.66390776998241,-73.970947265625,2012-10-25 08:39:01,2012-10-22,train,252_20
252,354,121,Park,40.66390776998241,-73.970947265625,2012-10-27 08:47:16,2012-10-22,train,252_20
252,354,121,Park,40.66390776998241,-73.970947265625,2012-10-28 09:13:39,2012-10-22,train,252_20
256,1632,264,Subway,40.88941188949587,-73.89850616455078,2012-10-24 12:37:14,2012-10-22,train,256_23
256,3918,80,Building,40.720668689038845,-73.99896570515081,2012-10-24 16:18:16,2012-10-22,train,256_23
256,3093,26,Drugstore / Pharmacy,40.72229086788776,-73.99711784500364,2012-10-24 16:30:47,2012-10-22,train,256_23
256,1920,264,Subway,40.72526674807949,-73.99617075920105,2012-10-24 19:02:17,2012-10-22,train,256_23
256,1632,264,Subway,40.88941188949587,-73.89850616455078,2012-10-24 20:07:28,2012-10-22,train,256_23
256,4309,122,Plaza,40.8614401969361,-73.8909101486206,2012-10-25 12:03:36,2012-10-22,train,256_23
256,1570,163,Medical Center,40.85550037015262,-73.84623527526855,2012-10-25 12:28:29,2012-10-22,train,256_23
256,1632,264,Subway,40.88941188949587,-73.89850616455078,2012-10-26 10:39:50,2012-10-22,train,256_23
256,1920,264,Subway,40.72526674807949,-73.99617075920105,2012-10-26 11:45:14,2012-10-22,train,256_23
256,3093,26,Drugstore / Pharmacy,40.72229086788776,-73.99711784500364,2012-10-26 14:32:33,2012-10-22,train,256_23
256,1920,264,Subway,40.72526674807949,-73.99617075920105,2012-10-26 17:14:44,2012-10-22,train,256_23
265,3881,301,Neighborhood,40.89821955159699,-73.86741399765015,2012-10-22 20:37:24,2012-10-22,train,265_15
265,4531,94,Caribbean Restaurant,40.88805430354332,-73.8604305062176,2012-10-22 20:37:55,2012-10-22,train,265_15
265,3555,80,Building,40.969114326041066,-73.88059232489422,2012-10-23 09:00:30,2012-10-22,train,265_15
265,2618,19,Bank,40.96520125865936,-73.872517,2012-10-23 09:00:48,2012-10-22,train,265_15
265,3881,301,Neighborhood,40.89821955159699,-73.86741399765015,2012-10-23 17:19:07,2012-10-22,train,265_15
265,1558,163,Medical Center,40.89416436095309,-73.86074635813047,2012-10-23 17:21:03,2012-10-22,train,265_15
265,3998,282,Convenience Store,40.89636854723403,-73.85535957788257,2012-10-23 17:22:48,2012-10-22,train,265_15
265,3881,301,Neighborhood,40.89821955159699,-73.86741399765015,2012-10-24 17:20:43,2012-10-22,train,265_15
265,4531,94,Caribbean Restaurant,40.88805430354332,-73.8604305062176,2012-10-24 17:21:04,2012-10-22,train,265_15
265,3998,282,Convenience Store,40.89636854723403,-73.85535957788257,2012-10-24 17:23:16,2012-10-22,train,265_15
265,1558,163,Medical Center,40.89416436095309,-73.86074635813047,2012-10-24 17:23:37,2012-10-22,train,265_15
265,2618,19,Bank,40.96520125865936,-73.872517,2012-10-25 09:20:20,2012-10-22,train,265_15
265,3555,80,Building,40.969114326041066,-73.88059232489422,2012-10-25 11:00:40,2012-10-22,train,265_15
265,3881,301,Neighborhood,40.89821955159699,-73.86741399765015,2012-10-25 17:20:31,2012-10-22,train,265_15
265,3998,282,Convenience Store,40.89636854723403,-73.85535957788257,2012-10-25 17:21:33,2012-10-22,train,265_15
265,1558,163,Medical Center,40.89416436095309,-73.86074635813047,2012-10-25 17:28:42,2012-10-22,train,265_15
265,2176,70,Train Station,40.89544599443902,-73.86297225952148,2012-10-25 17:29:04,2012-10-22,train,265_15
265,1647,264,Subway,40.8864595193891,-73.87842178344727,2012-10-25 18:15:41,2012-10-22,train,265_15
265,2618,19,Bank,40.96520125865936,-73.872517,2012-10-26 08:19:26,2012-10-22,train,265_15
265,3555,80,Building,40.969114326041066,-73.88059232489422,2012-10-26 08:19:47,2012-10-22,train,265_15
265,2176,70,Train Station,40.89544599443902,-73.86297225952148,2012-10-26 17:25:40,2012-10-22,train,265_15
265,1558,163,Medical Center,40.89416436095309,-73.86074635813047,2012-10-26 17:26:20,2012-10-22,train,265_15
265,3998,282,Convenience Store,40.89636854723403,-73.85535957788257,2012-10-26 17:28:21,2012-10-22,train,265_15
265,1647,264,Subway,40.8864595193891,-73.87842178344727,2012-10-26 19:41:37,2012-10-22,train,265_15
265,3695,73,Bus Station,40.88649029052588,-73.87826672953258,2012-10-26 19:42:09,2012-10-22,train,265_15
265,1647,264,Subway,40.8864595193891,-73.87842178344727,2012-10-26 19:42:35,2012-10-22,train,265_15
265,1171,265,Mall,40.92664586048168,-73.85567665100098,2012-10-26 20:12:26,2012-10-22,train,265_15
265,3881,301,Neighborhood,40.89821955159699,-73.86741399765015,2012-10-27 10:36:18,2012-10-22,train,265_15
265,4531,94,Caribbean Restaurant,40.88805430354332,-73.8604305062176,2012-10-27 10:36:51,2012-10-22,train,265_15
265,3998,282,Convenience Store,40.89636854723403,-73.85535957788257,2012-10-27 10:37:12,2012-10-22,train,265_15
265,3881,301,Neighborhood,40.89821955159699,-73.86741399765015,2012-10-28 22:00:50,2012-10-22,train,265_15
266,228,37,Bar,40.72218306583256,-73.94993484020233,2012-10-27 00:06:45,2012-10-22,train,266_9
266,2758,211,Bar,40.731226367111525,-73.95257606506347,2012-10-27 23:22:50,2012-10-22,train,266_9
272,3025,61,Office,40.766645892668514,-73.98231136615475,2012-10-22 07:03:02,2012-10-22,train,272_15
272,3025,61,Office,40.766645892668514,-73.98231136615475,2012-10-23 06:46:36,2012-10-22,train,272_15
272,1255,222,Coffee Shop,40.767614327003976,-73.98287380365903,2012-10-23 06:55:46,2012-10-22,train,272_15
272,3025,61,Office,40.766645892668514,-73.98231136615475,2012-10-25 07:50:39,2012-10-22,train,272_15
273,1839,37,Bar,40.887145,-73.904555,2012-10-25 23:21:03,2012-10-22,train,273_15
273,971,221,Bridge,40.705953265881305,-73.99656772613525,2012-10-26 21:41:00,2012-10-22,train,273_15
273,1839,37,Bar,40.887145,-73.904555,2012-10-26 22:12:25,2012-10-22,train,273_15
273,3533,6,Home (private),40.88729678663871,-73.90658830179062,2012-10-27 10:53:57,2012-10-22,train,273_15
273,1194,222,Coffee Shop,40.76900427024065,-73.98231983184814,2012-10-27 13:47:12,2012-10-22,train,273_15
273,1043,121,Park,40.77585368600669,-73.97525489330292,2012-10-27 20:36:24,2012-10-22,train,273_15
273,249,130,Burger Joint,40.741160589048285,-73.98811340332031,2012-10-27 20:37:34,2012-10-22,train,273_15
273,2302,96,Deli / Bodega,40.88726162910461,-73.904543,2012-10-28 02:36:10,2012-10-22,train,273_15
281,2346,136,Office,40.755253353706,-73.97945897918443,2012-10-22 08:51:19,2012-10-22,train,281_13
281,2090,32,Hardware Store,40.75280845335031,-73.97370242350156,2012-10-22 12:40:49,2012-10-22,train,281_13
281,3298,137,Gym / Fitness Center,40.78285517060552,-73.95284996968618,2012-10-23 07:23:00,2012-10-22,train,281_13
281,647,239,Airport,40.64557779020594,-73.77643346786499,2012-10-24 19:36:44,2012-10-22,train,281_13
281,3298,137,Gym / Fitness Center,40.78285517060552,-73.95284996968618,2012-10-26 07:07:10,2012-10-22,train,281_13
281,2346,136,Office,40.755253353706,-73.97945897918443,2012-10-26 09:36:44,2012-10-22,train,281_13
281,4403,222,Coffee Shop,40.72795460840525,-73.99326138382618,2012-10-27 12:06:48,2012-10-22,train,281_13
287,3417,63,Office,40.74226610630077,-73.98446559906006,2012-10-22 09:43:09,2012-10-22,train,287_17
287,3417,63,Office,40.74226610630077,-73.98446559906006,2012-10-24 09:23:41,2012-10-22,train,287_17
287,3875,197,Sandwich Place,40.7522887787384,-73.97421323151809,2012-10-26 13:24:14,2012-10-22,train,287_17
287,4893,37,Bar,40.74422471878332,-73.98403884753738,2012-10-26 18:35:12,2012-10-22,train,287_17
289,928,138,Gym / Fitness Center,40.72241034998236,-73.99948218461356,2012-10-25 15:39:47,2012-10-22,train,289_7
289,1236,72,Government Building,40.714167263011184,-74.00162100791931,2012-10-26 12:43:36,2012-10-22,train,289_7
289,5088,120,Other Great Outdoors,40.78782018739577,-73.79104614257812,2012-10-28 23:18:40,2012-10-22,train,289_7
291,3647,211,Bar,40.72568187382265,-74.00740136190926,2012-10-23 19:02:31,2012-10-22,train,291_8
291,1156,61,Office,40.76066701799484,-73.98106455802917,2012-10-25 10:37:20,2012-10-22,train,291_8
293,1333,194,Mexican Restaurant,40.748485,-73.985041,2012-10-22 12:14:49,2012-10-22,train,293_24
293,2763,102,American Restaurant,40.74733835203195,-73.98198997255602,2012-10-23 07:47:51,2012-10-22,train,293_24
293,349,70,Train Station,40.75280620914171,-73.97717535495758,2012-10-23 13:33:21,2012-10-22,train,293_24
293,349,70,Train Station,40.75280620914171,-73.97717535495758,2012-10-28 10:18:04,2012-10-22,train,293_24
293,5088,120,Other Great Outdoors,40.78782018739577,-73.79104614257812,2012-10-28 12:54:34,2012-10-22,train,293_24
294,1869,264,Subway,40.86761099088508,-73.89724967038386,2012-10-24 15:22:42,2012-10-22,train,294_17
294,2361,156,Stadium,40.68312,-73.975979,2012-10-24 16:34:33,2012-10-22,train,294_17
294,4778,281,Residential Building (Apartment / Condo),40.86810091102874,-73.88818907725427,2012-10-25 04:08:25,2012-10-22,train,294_17
294,4929,6,Home (private),40.86590418380428,-73.89482953406639,2012-10-25 17:58:04,2012-10-22,train,294_17
296,449,138,Gym / Fitness Center,40.73675459511588,-73.99521589279175,2012-10-22 08:53:40,2012-10-22,train,296_14
296,3612,212,Hotel,40.71965180963259,-73.99967156006764,2012-10-25 22:07:47,2012-10-22,train,296_14
299,3598,6,Home (private),40.69321217941903,-73.93010370763156,2012-10-22 12:03:15,2012-10-22,train,299_26
299,3553,6,Home (private),40.69321217941903,-73.93010370763156,2012-10-22 12:05:07,2012-10-22,train,299_26
299,4153,6,Home (private),40.69321217941903,-73.93010370763156,2012-10-22 12:37:08,2012-10-22,train,299_26
299,5029,96,Deli / Bodega,40.68914413452149,-73.9303207397461,2012-10-22 12:37:52,2012-10-22,train,299_26
299,3557,253,General Travel,40.68896799720544,-73.92899861616681,2012-10-22 12:39:32,2012-10-22,train,299_26
299,1753,264,Subway,40.67933621045698,-73.93028497695923,2012-10-22 12:40:23,2012-10-22,train,299_26
299,1611,264,Subway,40.7255768,-74.004252,2012-10-22 16:24:10,2012-10-22,train,299_26
299,2067,56,Paper / Office Supplies Store,40.72702212508501,-74.00527813637986,2012-10-22 16:41:52,2012-10-22,train,299_26
299,630,245,General Entertainment,40.72692705548838,-74.0054904599932,2012-10-22 16:45:15,2012-10-22,train,299_26
299,832,97,Diner,40.726347595238224,-74.00433702347331,2012-10-22 19:55:49,2012-10-22,train,299_26
299,3783,257,Road,40.72584842252312,-74.00399271271695,2012-10-22 19:56:34,2012-10-22,train,299_26
299,1330,254,Department Store,40.751575,-73.992015,2012-10-22 20:09:19,2012-10-22,train,299_26
299,357,70,Train Station,40.750794799423865,-73.99357639021292,2012-10-22 20:21:12,2012-10-22,train,299_26
299,1514,264,Subway,40.73977358599364,-74.00257587432861,2012-10-22 20:37:37,2012-10-22,train,299_26
299,3360,71,Train Station,40.73977053760343,-74.00258123874664,2012-10-22 20:38:08,2012-10-22,train,299_26
299,2504,96,Deli / Bodega,40.716069008205125,-73.9497388406914,2012-10-22 20:59:13,2012-10-22,train,299_26
299,3628,120,Other Great Outdoors,40.7140882616396,-73.94940591248245,2012-10-22 23:27:34,2012-10-22,train,299_26
299,5003,253,General Travel,40.71532844619961,-73.94954367594879,2012-10-22 23:29:38,2012-10-22,train,299_26
299,5003,253,General Travel,40.71532844619961,-73.94954367594879,2012-10-22 23:30:15,2012-10-22,train,299_26
299,3593,96,Deli / Bodega,40.70427317579925,-73.94809715465664,2012-10-22 23:40:09,2012-10-22,train,299_26
299,5067,253,General Travel,40.70427839194181,-73.94789624806582,2012-10-22 23:40:48,2012-10-22,train,299_26
299,3787,95,Chinese Restaurant,40.68990012489897,-73.93075527809141,2012-10-23 12:33:39,2012-10-22,train,299_26
299,4153,6,Home (private),40.69321217941903,-73.93010370763156,2012-10-23 12:34:13,2012-10-22,train,299_26
299,5063,282,Convenience Store,40.68904527212705,-73.93031898445723,2012-10-23 12:36:17,2012-10-22,train,299_26
299,3557,253,General Travel,40.68896799720544,-73.92899861616681,2012-10-23 12:37:00,2012-10-22,train,299_26
299,1753,264,Subway,40.67933621045698,-73.93028497695923,2012-10-23 13:27:16,2012-10-22,train,299_26
299,1611,264,Subway,40.7255768,-74.004252,2012-10-23 14:20:03,2012-10-22,train,299_26
299,3783,257,Road,40.72584842252312,-74.00399271271695,2012-10-23 14:20:26,2012-10-22,train,299_26
299,2451,282,Convenience Store,40.72704803712337,-74.00345902982042,2012-10-23 14:31:28,2012-10-22,train,299_26
299,2067,56,Paper / Office Supplies Store,40.72702212508501,-74.00527813637986,2012-10-23 14:39:21,2012-10-22,train,299_26
299,4896,67,Office,40.72648554606392,-74.00508876647187,2012-10-23 14:57:18,2012-10-22,train,299_26
299,3783,257,Road,40.72584842252312,-74.00399271271695,2012-10-23 19:57:51,2012-10-22,train,299_26
299,1611,264,Subway,40.7255768,-74.004252,2012-10-23 19:58:32,2012-10-22,train,299_26
299,1514,264,Subway,40.73977358599364,-74.00257587432861,2012-10-23 20:05:52,2012-10-22,train,299_26
299,3360,71,Train Station,40.73977053760343,-74.00258123874664,2012-10-23 20:06:55,2012-10-22,train,299_26
299,4039,264,Subway,40.71380944662146,-73.95024061203003,2012-10-23 20:24:42,2012-10-22,train,299_26
299,3628,120,Other Great Outdoors,40.71430292374222,-73.94942887306698,2012-10-23 20:25:25,2012-10-22,train,299_26
299,1781,202,Pizza Place,40.71416030830439,-73.94938295189516,2012-10-23 20:26:13,2012-10-22,train,299_26
299,359,128,Bakery,40.71505590186361,-73.9495034949479,2012-10-23 20:27:04,2012-10-22,train,299_26
299,2504,96,Deli / Bodega,40.716069008205125,-73.9497388406914,2012-10-23 20:28:02,2012-10-22,train,299_26
299,3628,120,Other Great Outdoors,40.71430292374222,-73.94942887306698,2012-10-23 23:25:59,2012-10-22,train,299_26
299,5003,253,General Travel,40.71532844619961,-73.94954367594879,2012-10-23 23:26:19,2012-10-22,train,299_26
299,5003,253,General Travel,40.71532844619961,-73.94954367594879,2012-10-23 23:26:43,2012-10-22,train,299_26
299,3593,96,Deli / Bodega,40.70427317579925,-73.94809715465664,2012-10-23 23:38:06,2012-10-22,train,299_26
299,3553,6,Home (private),40.69321217941903,-73.93010370763156,2012-10-24 12:22:45,2012-10-22,train,299_26
299,3787,95,Chinese Restaurant,40.68990012489897,-73.93075527809141,2012-10-24 12:36:40,2012-10-22,train,299_26
299,4153,6,Home (private),40.69321217941903,-73.93010370763156,2012-10-24 12:37:02,2012-10-22,train,299_26
299,5063,282,Convenience Store,40.68904527212705,-73.93031898445723,2012-10-24 12:39:05,2012-10-22,train,299_26
299,3557,253,General Travel,40.68896799720544,-73.92899861616681,2012-10-24 12:40:43,2012-10-22,train,299_26
299,1753,264,Subway,40.67933621045698,-73.93028497695923,2012-10-24 12:42:07,2012-10-22,train,299_26
299,1339,121,Park,40.72678506374359,-74.00346747445712,2012-10-24 13:16:20,2012-10-22,train,299_26
299,2067,56,Paper / Office Supplies Store,40.72702212508501,-74.00527813637986,2012-10-24 13:20:22,2012-10-22,train,299_26
299,630,245,General Entertainment,40.72692705548838,-74.0054904599932,2012-10-24 13:33:14,2012-10-22,train,299_26
299,4896,67,Office,40.72648554606392,-74.00508876647187,2012-10-24 13:33:45,2012-10-22,train,299_26
299,1611,264,Subway,40.7255768,-74.004252,2012-10-24 19:57:59,2012-10-22,train,299_26
299,1514,264,Subway,40.73977358599364,-74.00257587432861,2012-10-24 20:06:46,2012-10-22,train,299_26
299,4039,264,Subway,40.71380944662146,-73.95024061203003,2012-10-24 20:25:20,2012-10-22,train,299_26
299,1781,202,Pizza Place,40.71416030830439,-73.94938295189516,2012-10-24 20:26:22,2012-10-22,train,299_26
299,359,128,Bakery,40.71505590186361,-73.9495034949479,2012-10-24 20:26:50,2012-10-22,train,299_26
299,3636,60,Smoke Shop,40.71595073760232,-73.94959533722336,2012-10-24 21:02:20,2012-10-22,train,299_26
299,5003,253,General Travel,40.71532844619961,-73.94954367594879,2012-10-24 23:23:08,2012-10-22,train,299_26
299,3593,96,Deli / Bodega,40.70427317579925,-73.94809715465664,2012-10-24 23:37:35,2012-10-22,train,299_26
299,4314,253,General Travel,40.70408637926169,-73.9480799340999,2012-10-24 23:38:05,2012-10-22,train,299_26
299,3598,6,Home (private),40.69321217941903,-73.93010370763156,2012-10-25 08:59:17,2012-10-22,train,299_26
299,3553,6,Home (private),40.69321217941903,-73.93010370763156,2012-10-25 08:59:36,2012-10-22,train,299_26
299,5029,96,Deli / Bodega,40.68914413452149,-73.9303207397461,2012-10-25 09:06:47,2012-10-22,train,299_26
299,5063,282,Convenience Store,40.68904527212705,-73.93031898445723,2012-10-25 09:07:30,2012-10-22,train,299_26
299,3557,253,General Travel,40.68896799720544,-73.92899861616681,2012-10-25 09:07:55,2012-10-22,train,299_26
299,1679,42,Food & Drink Shop,40.8039685675861,-73.96643043656833,2012-10-25 12:58:43,2012-10-22,train,299_26
299,1963,122,Plaza,40.80070777919297,-73.95825127574912,2012-10-25 13:10:50,2012-10-22,train,299_26
299,2149,264,Subway,40.80057233323509,-73.95817995071411,2012-10-25 13:23:00,2012-10-22,train,299_26
299,1823,264,Subway,40.76799670467506,-73.98189067840576,2012-10-25 13:38:06,2012-10-22,train,299_26
299,2003,60,Smoke Shop,40.75714063260104,-73.96696996199624,2012-10-25 13:56:13,2012-10-22,train,299_26
299,1514,264,Subway,40.73977358599364,-74.00257587432861,2012-10-25 15:27:28,2012-10-22,train,299_26
299,3360,71,Train Station,40.73977053760343,-74.00258123874664,2012-10-25 15:28:12,2012-10-22,train,299_26
299,4039,264,Subway,40.71380944662146,-73.95024061203003,2012-10-25 15:45:42,2012-10-22,train,299_26
299,4367,96,Deli / Bodega,40.71559176749147,-73.94962403792549,2012-10-25 15:47:07,2012-10-22,train,299_26
299,3636,60,Smoke Shop,40.71595073760232,-73.94959533722336,2012-10-25 16:49:31,2012-10-22,train,299_26
299,3628,120,Other Great Outdoors,40.71430292374222,-73.94942887306698,2012-10-25 23:23:02,2012-10-22,train,299_26
299,5003,253,General Travel,40.71532844619961,-73.94954367594879,2012-10-25 23:23:38,2012-10-22,train,299_26
299,5003,253,General Travel,40.71532844619961,-73.94954367594879,2012-10-25 23:23:55,2012-10-22,train,299_26
299,3598,6,Home (private),40.69321217941903,-73.93010370763156,2012-10-26 10:59:38,2012-10-22,train,299_26
299,3553,6,Home (private),40.69321217941903,-73.93010370763156,2012-10-26 11:00:07,2012-10-22,train,299_26
299,4153,6,Home (private),40.69321217941903,-73.93010370763156,2012-10-26 11:30:30,2012-10-22,train,299_26
299,5063,282,Convenience Store,40.68904527212705,-73.93031898445723,2012-10-26 11:32:06,2012-10-22,train,299_26
299,4039,264,Subway,40.71380944662146,-73.95024061203003,2012-10-26 15:05:42,2012-10-22,train,299_26
299,359,128,Bakery,40.71505590186361,-73.9495034949479,2012-10-26 15:07:11,2012-10-22,train,299_26
299,2504,96,Deli / Bodega,40.716069008205125,-73.9497388406914,2012-10-26 15:07:55,2012-10-22,train,299_26
299,3628,120,Other Great Outdoors,40.71430292374222,-73.94942887306698,2012-10-27 02:00:25,2012-10-22,train,299_26
299,5003,253,General Travel,40.71532844619961,-73.94954367594879,2012-10-27 02:01:03,2012-10-22,train,299_26
299,5003,253,General Travel,40.71532844619961,-73.94954367594879,2012-10-27 02:01:36,2012-10-22,train,299_26
299,3593,96,Deli / Bodega,40.70427317579925,-73.94809715465664,2012-10-27 02:16:39,2012-10-22,train,299_26
299,5067,253,General Travel,40.70427839194181,-73.94789624806582,2012-10-27 02:36:37,2012-10-22,train,299_26
299,3553,6,Home (private),40.69321217941903,-73.93010370763156,2012-10-27 10:49:27,2012-10-22,train,299_26
299,3964,96,Deli / Bodega,40.69050658427037,-73.933539497251,2012-10-27 11:42:22,2012-10-22,train,299_26
299,4153,6,Home (private),40.69321217941903,-73.93010370763156,2012-10-27 13:35:35,2012-10-22,train,299_26
299,3557,253,General Travel,40.68896799720544,-73.92899861616681,2012-10-27 13:36:19,2012-10-22,train,299_26
299,4153,6,Home (private),40.69321217941903,-73.93010370763156,2012-10-27 17:37:32,2012-10-22,train,299_26
299,5063,282,Convenience Store,40.68904527212705,-73.93031898445723,2012-10-27 17:40:01,2012-10-22,train,299_26
299,3557,253,General Travel,40.68896799720544,-73.92899861616681,2012-10-27 17:42:49,2012-10-22,train,299_26
299,3628,120,Other Great Outdoors,40.71430292374222,-73.94942887306698,2012-10-27 18:08:35,2012-10-22,train,299_26
299,2504,96,Deli / Bodega,40.716069008205125,-73.9497388406914,2012-10-27 18:18:02,2012-10-22,train,299_26
299,3628,120,Other Great Outdoors,40.71430292374222,-73.94942887306698,2012-10-28 03:10:26,2012-10-22,train,299_26
299,3593,96,Deli / Bodega,40.70427317579925,-73.94809715465664,2012-10-28 03:26:49,2012-10-22,train,299_26
299,4314,253,General Travel,40.70408637926169,-73.9480799340999,2012-10-28 03:28:40,2012-10-22,train,299_26
299,1781,202,Pizza Place,40.71416030830439,-73.94938295189516,2012-10-28 12:22:17,2012-10-22,train,299_26
299,2504,96,Deli / Bodega,40.716069008205125,-73.9497388406914,2012-10-28 12:24:32,2012-10-22,train,299_26
299,4367,96,Deli / Bodega,40.71559176749147,-73.94962403792549,2012-10-28 12:39:06,2012-10-22,train,299_26
299,3636,60,Smoke Shop,40.71595073760232,-73.94959533722336,2012-10-28 13:21:15,2012-10-22,train,299_26
301,1448,63,Office,40.73329164379054,-73.9928367092527,2012-10-22 09:56:46,2012-10-22,train,301_21
301,1008,208,Ramen /  Noodle House,40.73085850344144,-73.99070758336508,2012-10-22 12:32:58,2012-10-22,train,301_21
301,1448,63,Office,40.73329164379054,-73.9928367092527,2012-10-22 18:26:19,2012-10-22,train,301_21
301,1448,63,Office,40.73329164379054,-73.9928367092527,2012-10-23 09:11:24,2012-10-22,train,301_21
301,346,61,Office,40.75453841655905,-73.98646647784138,2012-10-24 13:29:44,2012-10-22,train,301_21
301,1380,222,Coffee Shop,40.75544236028292,-73.99124704067701,2012-10-24 14:44:22,2012-10-22,train,301_21
301,1448,63,Office,40.73329164379054,-73.9928367092527,2012-10-24 18:11:42,2012-10-22,train,301_21
301,404,48,Bar,40.73203003131454,-73.98549657721655,2012-10-24 20:55:55,2012-10-22,train,301_21
301,1448,63,Office,40.73329164379054,-73.9928367092527,2012-10-25 10:31:02,2012-10-22,train,301_21
301,675,197,Sandwich Place,40.73403986666158,-73.99317530121836,2012-10-25 12:02:21,2012-10-22,train,301_21
301,2787,37,Bar,40.729395470403695,-73.98717237876596,2012-10-26 02:42:43,2012-10-22,train,301_21
301,1448,63,Office,40.73329164379054,-73.9928367092527,2012-10-26 09:45:09,2012-10-22,train,301_21
301,406,147,Movie Theater,40.73416736029532,-73.99048715829849,2012-10-26 19:51:59,2012-10-22,train,301_21
301,1499,43,Bar,40.72868613780489,-74.00022246941484,2012-10-28 01:49:48,2012-10-22,train,301_21
301,83,55,Bar,40.729470245617904,-73.9879846572876,2012-10-28 03:17:33,2012-10-22,train,301_21
301,5088,120,Other Great Outdoors,40.78782018739577,-73.79104614257812,2012-10-28 20:34:52,2012-10-22,train,301_21
303,1678,27,Italian Restaurant,40.7384337749997,-73.9856285758144,2012-10-23 19:46:40,2012-10-22,train,303_12
303,405,241,Airport,40.645089355976346,-73.7845230102539,2012-10-25 14:42:19,2012-10-22,train,303_12
307,1142,138,Gym / Fitness Center,40.74650474095836,-74.0088531755274,2012-10-24 10:02:10,2012-10-22,train,307_10
307,1142,138,Gym / Fitness Center,40.74650474095836,-74.0088531755274,2012-10-26 11:01:41,2012-10-22,train,307_10
307,751,146,Movie Theater,40.7148694149892,-74.01538906944295,2012-10-27 15:11:50,2012-10-22,train,307_10
307,3864,130,Burger Joint,40.71529762488199,-74.0147852897644,2012-10-27 18:57:02,2012-10-22,train,307_10
307,1517,6,Home (private),40.70489848699077,-74.01238511084367,2012-10-27 20:06:52,2012-10-22,train,307_10
312,1858,264,Subway,40.746639222374434,-73.94554138183594,2012-10-26 09:44:24,2012-10-22,train,312_12
312,4458,216,Tea Room,40.73151269111616,-74.003206534168,2012-10-26 10:24:37,2012-10-22,train,312_12
312,471,128,Bakery,40.73091,-74.002819,2012-10-26 13:06:36,2012-10-22,train,312_12
312,1103,41,Bar,40.749695355837886,-73.97648334503174,2012-10-27 02:29:54,2012-10-22,train,312_12
312,1103,41,Bar,40.749695355837886,-73.97648334503174,2012-10-27 02:34:53,2012-10-22,train,312_12
312,1103,41,Bar,40.749695355837886,-73.97648334503174,2012-10-27 22:10:38,2012-10-22,train,312_12
312,3750,64,Government Building,40.75052331906269,-73.93994017936863,2012-10-28 03:22:52,2012-10-22,train,312_12
312,5088,120,Other Great Outdoors,40.78782018739577,-73.79104614257812,2012-10-28 20:10:54,2012-10-22,train,312_12
313,3854,61,Office,40.75863761433932,-73.98477345285308,2012-10-23 10:35:16,2012-10-22,train,313_15
313,3854,61,Office,40.75863761433932,-73.98477345285308,2012-10-24 09:59:11,2012-10-22,train,313_15
313,3854,61,Office,40.75863761433932,-73.98477345285308,2012-10-25 10:12:05,2012-10-22,train,313_15
318,1889,222,Coffee Shop,40.72285185282303,-73.86757493019104,2012-10-23 20:49:09,2012-10-22,train,318_11
318,1665,173,Community College,40.74480286916825,-73.9351870472893,2012-10-24 09:37:15,2012-10-22,train,318_11
318,1889,222,Coffee Shop,40.72285185282303,-73.86757493019104,2012-10-28 09:09:50,2012-10-22,train,318_11
319,2813,54,Food & Drink Shop,40.7645026089675,-73.9740800857544,2012-10-22 10:51:13,2012-10-22,train,319_19
319,130,47,Bar,40.765006420148175,-73.98313522338867,2012-10-23 19:31:49,2012-10-22,train,319_19
320,4555,6,Home (private),40.72554094394651,-73.74190167904314,2012-10-23 12:34:10,2012-10-22,train,320_18
320,5061,6,Home (private),40.72554094394651,-73.74190167904314,2012-10-23 12:38:42,2012-10-22,train,320_18
320,5061,6,Home (private),40.72554094394651,-73.74190167904314,2012-10-25 01:02:03,2012-10-22,train,320_18
321,1306,138,Gym / Fitness Center,40.74908499868447,-73.982256978576,2012-10-22 07:07:50,2012-10-22,train,321_18
321,4379,224,Arcade,40.71119344335056,-74.00895646619486,2012-10-23 09:59:02,2012-10-22,train,321_18
321,4379,224,Arcade,40.71119344335056,-74.00895646619486,2012-10-24 12:31:41,2012-10-22,train,321_18
321,4893,37,Bar,40.74422471878332,-73.98403884753738,2012-10-26 00:20:35,2012-10-22,train,321_18
321,749,204,Steakhouse,40.7510329280088,-73.97515449217718,2012-10-26 13:45:50,2012-10-22,train,321_18
321,932,61,Office,40.75013914092584,-73.97353598014715,2012-10-26 14:49:58,2012-10-22,train,321_18
321,100,232,Music Venue,40.768369,-73.955709,2012-10-26 23:46:45,2012-10-22,train,321_18
321,3660,137,Gym / Fitness Center,40.7663885759652,-73.96260779826342,2012-10-28 12:50:10,2012-10-22,train,321_18
322,625,122,Plaza,40.756489872673846,-73.98626804351807,2012-10-22 12:19:28,2012-10-22,train,322_17
322,192,121,Park,40.73528249691621,-73.99040315158283,2012-10-22 17:45:34,2012-10-22,train,322_17
322,2233,12,Gym / Fitness Center,40.77792543423929,-73.96661281585693,2012-10-23 07:10:55,2012-10-22,train,322_17
322,2233,12,Gym / Fitness Center,40.77792543423929,-73.96661281585693,2012-10-24 07:07:11,2012-10-22,train,322_17
322,1475,241,Airport,40.773839,-73.87122,2012-10-25 09:02:34,2012-10-22,train,322_17
324,2645,95,Chinese Restaurant,40.67295263029044,-73.87085335126653,2012-10-22 09:15:49,2012-10-22,train,324_24
324,3231,95,Chinese Restaurant,40.67295591375991,-73.87083612387994,2012-10-22 09:16:37,2012-10-22,train,324_24
324,4219,113,Garden,40.67290578748258,-73.87081315402881,2012-10-22 09:17:32,2012-10-22,train,324_24
324,4219,113,Garden,40.67290578748258,-73.87081315402881,2012-10-22 18:27:02,2012-10-22,train,324_24
324,4009,28,Salon / Barbershop,40.672888741097566,-73.87088780603517,2012-10-22 18:27:32,2012-10-22,train,324_24
324,4814,94,Caribbean Restaurant,40.67295509289303,-73.87084186634232,2012-10-22 18:29:47,2012-10-22,train,324_24
324,3409,95,Chinese Restaurant,40.67295354709571,-73.87089354849601,2012-10-22 18:30:45,2012-10-22,train,324_24
324,3399,42,Food & Drink Shop,40.67298252266685,-73.87070978966543,2012-10-22 18:31:37,2012-10-22,train,324_24
324,3663,263,Laundry Service,40.673068287143664,-73.8721970827602,2012-10-22 18:32:19,2012-10-22,train,324_24
324,4175,73,Bus Station,40.67285165272676,-73.87068107733259,2012-10-22 18:32:44,2012-10-22,train,324_24
324,4219,113,Garden,40.67290578748258,-73.87081315402881,2012-10-23 05:11:00,2012-10-22,train,324_24
324,4814,94,Caribbean Restaurant,40.67295509289303,-73.87084186634232,2012-10-23 05:11:15,2012-10-22,train,324_24
324,4818,96,Deli / Bodega,40.67295591375991,-73.87084186634232,2012-10-23 05:11:30,2012-10-22,train,324_24
324,2645,95,Chinese Restaurant,40.67295263029044,-73.87085335126653,2012-10-23 05:11:48,2012-10-22,train,324_24
324,3231,95,Chinese Restaurant,40.67295591375991,-73.87083612387994,2012-10-23 05:12:23,2012-10-22,train,324_24
324,2273,34,Gas Station / Garage,40.67297503890257,-73.87077869924707,2012-10-23 23:24:57,2012-10-22,train,324_24
324,3399,42,Food & Drink Shop,40.67298252266685,-73.87070978966543,2012-10-23 23:27:25,2012-10-22,train,324_24
324,3663,263,Laundry Service,40.673068287143664,-73.8721970827602,2012-10-23 23:27:44,2012-10-22,train,324_24
324,4814,94,Caribbean Restaurant,40.67295509289303,-73.87084186634232,2012-10-24 12:16:31,2012-10-22,train,324_24
324,4009,28,Salon / Barbershop,40.672888741097566,-73.87088780603517,2012-10-24 12:17:12,2012-10-22,train,324_24
324,4814,94,Caribbean Restaurant,40.67295509289303,-73.87084186634232,2012-10-24 12:17:50,2012-10-22,train,324_24
324,2645,95,Chinese Restaurant,40.67295263029044,-73.87085335126653,2012-10-24 17:17:07,2012-10-22,train,324_24
324,3399,42,Food & Drink Shop,40.67298252266685,-73.87070978966543,2012-10-25 10:48:10,2012-10-22,train,324_24
324,3231,95,Chinese Restaurant,40.67295591375991,-73.87083612387994,2012-10-25 22:16:21,2012-10-22,train,324_24
324,4818,96,Deli / Bodega,40.67295591375991,-73.87084186634232,2012-10-25 22:17:20,2012-10-22,train,324_24
324,2273,34,Gas Station / Garage,40.67297503890257,-73.87077869924707,2012-10-25 22:18:30,2012-10-22,train,324_24
324,3409,95,Chinese Restaurant,40.67295354709571,-73.87089354849601,2012-10-26 01:06:09,2012-10-22,train,324_24
324,4066,64,Government Building,40.67288482867463,-73.87079018417498,2012-10-26 01:08:04,2012-10-22,train,324_24
324,3663,263,Laundry Service,40.673068287143664,-73.8721970827602,2012-10-26 01:09:13,2012-10-22,train,324_24
324,3663,263,Laundry Service,40.673068287143664,-73.8721970827602,2012-10-26 01:09:14,2012-10-22,train,324_24
324,3399,42,Food & Drink Shop,40.67298252266685,-73.87070978966543,2012-10-26 01:09:45,2012-10-22,train,324_24
324,2645,95,Chinese Restaurant,40.67295263029044,-73.87085335126653,2012-10-26 18:58:27,2012-10-22,train,324_24
324,2273,34,Gas Station / Garage,40.67297503890257,-73.87077869924707,2012-10-26 23:34:58,2012-10-22,train,324_24
324,4818,96,Deli / Bodega,40.67295591375991,-73.87084186634232,2012-10-27 01:03:30,2012-10-22,train,324_24
324,2273,34,Gas Station / Garage,40.67297503890257,-73.87077869924707,2012-10-27 02:56:39,2012-10-22,train,324_24
324,3027,202,Pizza Place,40.6729684719258,-73.87084186634232,2012-10-27 02:57:05,2012-10-22,train,324_24
324,4219,113,Garden,40.67290578748258,-73.87081315402881,2012-10-27 02:57:36,2012-10-22,train,324_24
324,4175,73,Bus Station,40.67285165272676,-73.87068107733259,2012-10-27 02:57:57,2012-10-22,train,324_24
324,2187,147,Movie Theater,40.66860605357424,-73.86195807621588,2012-10-27 02:58:40,2012-10-22,train,324_24
324,3399,42,Food & Drink Shop,40.67298252266685,-73.87070978966543,2012-10-27 03:00:58,2012-10-22,train,324_24
324,4009,28,Salon / Barbershop,40.672888741097566,-73.87088780603517,2012-10-27 03:01:26,2012-10-22,train,324_24
324,2645,95,Chinese Restaurant,40.67295263029044,-73.87085335126653,2012-10-27 08:01:44,2012-10-22,train,324_24
324,3027,202,Pizza Place,40.6729684719258,-73.87084186634232,2012-10-27 08:02:07,2012-10-22,train,324_24
324,2273,34,Gas Station / Garage,40.67297503890257,-73.87077869924707,2012-10-27 08:03:34,2012-10-22,train,324_24
324,3027,202,Pizza Place,40.6729684719258,-73.87084186634232,2012-10-27 08:03:59,2012-10-22,train,324_24
324,3409,95,Chinese Restaurant,40.67295354709571,-73.87089354849601,2012-10-28 01:01:52,2012-10-22,train,324_24
324,4219,113,Garden,40.67290578748258,-73.87081315402881,2012-10-28 09:41:08,2012-10-22,train,324_24
324,4814,94,Caribbean Restaurant,40.67295509289303,-73.87084186634232,2012-10-28 09:41:30,2012-10-22,train,324_24
324,2645,95,Chinese Restaurant,40.67295263029044,-73.87085335126653,2012-10-28 09:41:53,2012-10-22,train,324_24
324,2273,34,Gas Station / Garage,40.67297503890257,-73.87077869924707,2012-10-28 12:30:29,2012-10-22,train,324_24
324,3231,95,Chinese Restaurant,40.67295591375991,-73.87083612387994,2012-10-28 21:49:12,2012-10-22,train,324_24
324,3399,42,Food & Drink Shop,40.67298252266685,-73.87070978966543,2012-10-28 21:49:58,2012-10-22,train,324_24
324,2645,95,Chinese Restaurant,40.67295263029044,-73.87085335126653,2012-10-28 21:51:09,2012-10-22,train,324_24
333,1516,222,Coffee Shop,40.74064691662654,-73.99104044018358,2012-10-24 10:10:19,2012-10-22,train,333_18
333,5088,120,Other Great Outdoors,40.78782018739577,-73.79104614257812,2012-10-28 13:15:07,2012-10-22,train,333_18
336,436,241,Airport,40.68968493541091,-74.17938709259033,2012-10-23 16:19:48,2012-10-22,train,336_2
336,1921,239,Airport,40.69576975606927,-74.1773271560669,2012-10-23 16:53:19,2012-10-22,train,336_2
336,1923,138,Gym / Fitness Center,40.720677,-74.269471,2012-10-24 05:47:03,2012-10-22,train,336_2
336,202,214,Bar,40.73347071903565,-74.00228836535156,2012-10-27 19:02:37,2012-10-22,train,336_2
338,4255,37,Bar,40.70442904718259,-74.01023037983863,2012-10-24 21:43:25,2012-10-22,train,338_8
338,977,27,Italian Restaurant,40.707555,-74.007066,2012-10-27 13:26:44,2012-10-22,train,338_8
338,762,21,French Restaurant,40.7099505999586,-74.00893270969391,2012-10-27 20:45:29,2012-10-22,train,338_8
338,2519,138,Gym / Fitness Center,40.707353,-74.004935,2012-10-28 10:18:17,2012-10-22,train,338_8
338,64,194,Mexican Restaurant,40.72167044027728,-73.99737034868367,2012-10-28 16:54:09,2012-10-22,train,338_8
338,5088,120,Other Great Outdoors,40.78782018739577,-73.79104614257812,2012-10-28 16:56:37,2012-10-22,train,338_8
341,885,108,Gastropub,40.72436428193752,-73.99249811668923,2012-10-22 19:28:53,2012-10-22,train,341_15
341,268,37,Bar,40.72041790246302,-73.98438319412892,2012-10-23 20:33:00,2012-10-22,train,341_15
341,885,108,Gastropub,40.72436428193752,-73.99249811668923,2012-10-25 13:23:49,2012-10-22,train,341_15
341,161,196,Restaurant,40.723168316666666,-74.003018,2012-10-26 09:03:50,2012-10-22,train,341_15
341,86,21,French Restaurant,40.73826312619508,-73.98783810408904,2012-10-26 19:24:55,2012-10-22,train,341_15
342,2035,61,Office,40.746102944047806,-73.98232858365381,2012-10-23 08:20:58,2012-10-22,train,342_24
342,1210,96,Deli / Bodega,40.7462750388816,-73.97971724534096,2012-10-23 14:15:26,2012-10-22,train,342_24
342,787,138,Gym / Fitness Center,40.746639222374434,-73.98150444030762,2012-10-24 13:58:10,2012-10-22,train,342_24
342,2035,61,Office,40.746102944047806,-73.98232858365381,2012-10-24 13:58:56,2012-10-22,train,342_24
342,1995,70,Train Station,40.72465693431455,-73.70641708374023,2012-10-25 06:51:11,2012-10-22,train,342_24
342,357,70,Train Station,40.750794799423865,-73.99357639021292,2012-10-25 07:43:35,2012-10-22,train,342_24
342,2035,61,Office,40.746102944047806,-73.98232858365381,2012-10-25 07:57:55,2012-10-22,train,342_24
342,787,138,Gym / Fitness Center,40.746639222374434,-73.98150444030762,2012-10-25 16:08:51,2012-10-22,train,342_24
342,1995,70,Train Station,40.72465693431455,-73.70641708374023,2012-10-26 07:22:55,2012-10-22,train,342_24
342,2035,61,Office,40.746102944047806,-73.98232858365381,2012-10-26 08:19:10,2012-10-22,train,342_24
342,5088,120,Other Great Outdoors,40.78782018739577,-73.79104614257812,2012-10-28 19:17:11,2012-10-22,train,342_24
345,1130,61,Office,40.75628266864383,-73.9934220712574,2012-10-22 10:41:40,2012-10-22,train,345_19
345,1788,190,Salad Place,40.755352083329136,-73.98656845092773,2012-10-22 13:21:38,2012-10-22,train,345_19
345,1492,76,Ferry,40.70325299803113,-74.00609493255615,2012-10-22 20:09:43,2012-10-22,train,345_19
345,406,147,Movie Theater,40.73416736029532,-73.99048715829849,2012-10-23 18:56:33,2012-10-22,train,345_19
345,1492,76,Ferry,40.70325299803113,-74.00609493255615,2012-10-23 22:06:50,2012-10-22,train,345_19
345,2319,223,Harbor / Marina,40.68571485984485,-74.07188415527344,2012-10-23 22:25:43,2012-10-22,train,345_19
345,2319,223,Harbor / Marina,40.68571485984485,-74.07188415527344,2012-10-26 00:00:17,2012-10-22,train,345_19
345,2319,223,Harbor / Marina,40.68571485984485,-74.07188415527344,2012-10-26 03:02:06,2012-10-22,train,345_19
345,2319,223,Harbor / Marina,40.68571485984485,-74.07188415527344,2012-10-26 06:18:44,2012-10-22,train,345_19
345,2319,223,Harbor / Marina,40.68571485984485,-74.07188415527344,2012-10-26 09:24:21,2012-10-22,train,345_19
345,2319,223,Harbor / Marina,40.68571485984485,-74.07188415527344,2012-10-27 08:30:53,2012-10-22,train,345_19
345,2319,223,Harbor / Marina,40.68571485984485,-74.07188415527344,2012-10-27 16:58:37,2012-10-22,train,345_19
345,2319,223,Harbor / Marina,40.68571485984485,-74.07188415527344,2012-10-28 01:29:07,2012-10-22,train,345_19
347,1019,7,Clothing Store,40.73216902800922,-73.99034603133893,2012-10-27 01:04:13,2012-10-22,train,347_0
347,1019,7,Clothing Store,40.73216902800922,-73.99034603133893,2012-10-27 01:54:26,2012-10-22,train,347_0
347,1019,7,Clothing Store,40.73216902800922,-73.99034603133893,2012-10-27 03:28:20,2012-10-22,train,347_0
348,522,91,High School,40.82297200193111,-74.21314001083374,2012-10-24 07:47:36,2012-10-22,train,348_15
348,3707,6,Home (private),40.83018008129999,-74.20032308006297,2012-10-27 00:56:21,2012-10-22,train,348_15
350,1142,138,Gym / Fitness Center,40.74650474095836,-74.0088531755274,2012-10-22 07:19:24,2012-10-22,train,350_8
350,1142,138,Gym / Fitness Center,40.74650474095836,-74.0088531755274,2012-10-25 12:23:02,2012-10-22,train,350_8
350,1142,138,Gym / Fitness Center,40.74650474095836,-74.0088531755274,2012-10-25 18:40:48,2012-10-22,train,350_8
350,1142,138,Gym / Fitness Center,40.74650474095836,-74.0088531755274,2012-10-26 11:53:14,2012-10-22,train,350_8
350,357,70,Train Station,40.750794799423865,-73.99357639021292,2012-10-26 17:23:46,2012-10-22,train,350_8
351,4598,6,Home (private),40.767237460001375,-73.89482953406639,2012-10-22 07:53:45,2012-10-22,train,351_24
351,957,138,Gym / Fitness Center,40.76396628964295,-73.915114402771,2012-10-22 19:40:38,2012-10-22,train,351_24
351,4598,6,Home (private),40.767237460001375,-73.89482953406639,2012-10-22 20:45:37,2012-10-22,train,351_24
351,4598,6,Home (private),40.767237460001375,-73.89482953406639,2012-10-23 06:33:40,2012-10-22,train,351_24
351,1068,183,University,40.721664700472566,-73.79473686218262,2012-10-23 10:25:07,2012-10-22,train,351_24
351,789,141,Bagel Shop,40.77464642864513,-73.90869251819866,2012-10-23 12:32:37,2012-10-22,train,351_24
351,4598,6,Home (private),40.767237460001375,-73.89482953406639,2012-10-23 21:14:16,2012-10-22,train,351_24
351,2501,64,Government Building,40.699168629214334,-73.98959423050022,2012-10-23 21:34:22,2012-10-22,train,351_24
351,4598,6,Home (private),40.767237460001375,-73.89482953406639,2012-10-24 13:34:03,2012-10-22,train,351_24
351,4598,6,Home (private),40.767237460001375,-73.89482953406639,2012-10-24 20:32:55,2012-10-22,train,351_24
351,4598,6,Home (private),40.767237460001375,-73.89482953406639,2012-10-25 06:10:46,2012-10-22,train,351_24
351,4178,130,Burger Joint,40.77432474461852,-73.91280902317928,2012-10-25 20:00:15,2012-10-22,train,351_24
351,4598,6,Home (private),40.767237460001375,-73.89482953406639,2012-10-25 20:32:46,2012-10-22,train,351_24
351,2501,64,Government Building,40.699168629214334,-73.98959423050022,2012-10-25 21:32:02,2012-10-22,train,351_24
351,1383,96,Deli / Bodega,40.69813445726876,-73.99260715503765,2012-10-26 00:48:42,2012-10-22,train,351_24
351,4598,6,Home (private),40.767237460001375,-73.89482953406639,2012-10-26 06:48:26,2012-10-22,train,351_24
351,1068,183,University,40.721664700472566,-73.79473686218262,2012-10-26 10:23:32,2012-10-22,train,351_24
351,2432,165,College Academic Building,40.721957424936726,-73.79645347595215,2012-10-26 11:27:28,2012-10-22,train,351_24
351,2501,64,Government Building,40.699168629214334,-73.98959423050022,2012-10-26 21:38:40,2012-10-22,train,351_24
351,4598,6,Home (private),40.767237460001375,-73.89482953406639,2012-10-27 12:36:14,2012-10-22,train,351_24
351,5088,120,Other Great Outdoors,40.78782018739577,-73.79104614257812,2012-10-28 16:14:36,2012-10-22,train,351_24
351,4598,6,Home (private),40.767237460001375,-73.89482953406639,2012-10-28 17:20:21,2012-10-22,train,351_24
351,2501,64,Government Building,40.699168629214334,-73.98959423050022,2012-10-28 20:39:07,2012-10-22,train,351_24
352,3853,61,Office,40.75447224802054,-73.98662143192519,2012-10-22 09:28:38,2012-10-22,train,352_19
352,189,238,Music Venue,40.7221525738643,-73.98682594299316,2012-10-23 18:34:14,2012-10-22,train,352_19
352,3654,158,Comedy Club,40.7238209721987,-73.98535072803497,2012-10-24 19:23:54,2012-10-22,train,352_19
352,4985,130,Burger Joint,40.75702324096167,-73.9894392788162,2012-10-25 12:46:34,2012-10-22,train,352_19
352,2612,39,Beer Garden,40.68183918319127,-73.96677481467539,2012-10-27 01:19:34,2012-10-22,train,352_19
352,441,37,Bar,40.67625243531423,-73.98015260696411,2012-10-27 23:25:28,2012-10-22,train,352_19
352,5088,120,Other Great Outdoors,40.78782018739577,-73.79104614257812,2012-10-28 20:32:20,2012-10-22,train,352_19
354,3759,54,Food & Drink Shop,40.74863806916286,-73.9893417165806,2012-10-24 13:30:18,2012-10-22,train,354_18
354,4744,37,Bar,40.74446539326095,-73.97613018434151,2012-10-26 19:26:14,2012-10-22,train,354_18
355,5069,61,Office,40.64791919344307,-73.79936971013167,2012-10-22 05:48:51,2012-10-22,train,355_9
355,978,239,Airport,40.649257213175055,-73.78267765045166,2012-10-22 06:53:10,2012-10-22,train,355_9
355,5069,61,Office,40.64791919344307,-73.79936971013167,2012-10-23 05:31:38,2012-10-22,train,355_9
355,978,239,Airport,40.649257213175055,-73.78267765045166,2012-10-23 06:51:26,2012-10-22,train,355_9
355,1319,222,Coffee Shop,40.66144181812587,-73.84009838104248,2012-10-23 15:58:57,2012-10-22,train,355_9
355,2821,132,Fast Food Restaurant,40.68014053344931,-73.8780025860915,2012-10-24 00:07:23,2012-10-22,train,355_9
355,978,239,Airport,40.649257213175055,-73.78267765045166,2012-10-24 07:56:30,2012-10-22,train,355_9
355,978,239,Airport,40.649257213175055,-73.78267765045166,2012-10-25 06:43:14,2012-10-22,train,355_9
355,2630,64,Government Building,40.650624734601685,-73.76847267150879,2012-10-25 17:32:58,2012-10-22,train,355_9
355,3921,144,Casino,40.67328243786832,-73.8326096534729,2012-10-25 20:24:09,2012-10-22,train,355_9
355,1921,239,Airport,40.69576975606927,-74.1773271560669,2012-10-28 18:56:04,2012-10-22,train,355_9
355,5088,120,Other Great Outdoors,40.78782018739577,-73.79104614257812,2012-10-28 22:16:29,2012-10-22,train,355_9
356,2924,301,Neighborhood,40.775276834803655,-73.95360946655273,2012-10-22 07:45:59,2012-10-22,train,356_24
356,1836,264,Subway,40.77950085761895,-73.9558461945179,2012-10-22 07:52:17,2012-10-22,train,356_24
356,2061,264,Subway,40.7625685886431,-73.96796464920044,2012-10-22 08:00:29,2012-10-22,train,356_24
356,2125,264,Subway,40.76464887712308,-73.9663553237915,2012-10-22 08:02:10,2012-10-22,train,356_24
356,2072,264,Subway,40.721717045393135,-73.8445246964693,2012-10-22 08:21:15,2012-10-22,train,356_24
356,3642,301,Neighborhood,40.71623280185079,-73.85018348693848,2012-10-22 08:21:44,2012-10-22,train,356_24
356,1836,264,Subway,40.77950085761895,-73.9558461945179,2012-10-23 07:52:52,2012-10-22,train,356_24
356,2061,264,Subway,40.7625685886431,-73.96796464920044,2012-10-23 08:02:50,2012-10-22,train,356_24
356,2125,264,Subway,40.76464887712308,-73.9663553237915,2012-10-23 08:04:06,2012-10-22,train,356_24
356,4234,98,Donut Shop,40.720751845290096,-73.84438456208835,2012-10-23 08:29:31,2012-10-22,train,356_24
356,1124,183,University,40.73569577852807,-73.8180156121208,2012-10-23 09:50:23,2012-10-22,train,356_24
356,1357,96,Deli / Bodega,40.77893543470787,-73.94720742388425,2012-10-23 16:05:09,2012-10-22,train,356_24
356,2924,301,Neighborhood,40.775276834803655,-73.95360946655273,2012-10-24 07:56:46,2012-10-22,train,356_24
356,2072,264,Subway,40.721717045393135,-73.8445246964693,2012-10-24 08:37:03,2012-10-22,train,356_24
356,3642,301,Neighborhood,40.71623280185079,-73.85018348693848,2012-10-24 08:37:14,2012-10-22,train,356_24
356,2584,172,College Academic Building,40.737116,-73.81773096975977,2012-10-24 08:53:20,2012-10-22,train,356_24
356,1124,183,University,40.73569577852807,-73.8180156121208,2012-10-24 09:40:42,2012-10-22,train,356_24
356,2125,264,Subway,40.76464887712308,-73.9663553237915,2012-10-25 08:16:10,2012-10-22,train,356_24
356,3642,301,Neighborhood,40.71623280185079,-73.85018348693848,2012-10-25 08:39:50,2012-10-22,train,356_24
356,2584,172,College Academic Building,40.737116,-73.81773096975977,2012-10-25 09:32:41,2012-10-22,train,356_24
356,1124,183,University,40.73569577852807,-73.8180156121208,2012-10-25 09:33:53,2012-10-22,train,356_24
356,1357,96,Deli / Bodega,40.77893543470787,-73.94720742388425,2012-10-25 15:00:56,2012-10-22,train,356_24
356,3531,6,Home (private),40.773942932058,-73.94186034276925,2012-10-25 21:03:42,2012-10-22,train,356_24
356,2924,301,Neighborhood,40.775276834803655,-73.95360946655273,2012-10-26 07:53:42,2012-10-22,train,356_24
356,1836,264,Subway,40.77950085761895,-73.9558461945179,2012-10-26 08:03:13,2012-10-22,train,356_24
356,2061,264,Subway,40.7625685886431,-73.96796464920044,2012-10-26 08:22:52,2012-10-22,train,356_24
356,2125,264,Subway,40.76464887712308,-73.9663553237915,2012-10-26 08:23:07,2012-10-22,train,356_24
356,3642,301,Neighborhood,40.71623280185079,-73.85018348693848,2012-10-26 08:46:39,2012-10-22,train,356_24
356,2584,172,College Academic Building,40.737116,-73.81773096975977,2012-10-26 09:01:38,2012-10-22,train,356_24
356,1732,132,Fast Food Restaurant,40.7200302985548,-73.84515970945358,2012-10-26 13:29:39,2012-10-22,train,356_24
356,1206,42,Food & Drink Shop,40.77914001737549,-73.94793659448624,2012-10-26 16:44:26,2012-10-22,train,356_24
356,2566,132,Fast Food Restaurant,40.76609348850453,-73.98334441336685,2012-10-27 14:08:40,2012-10-22,train,356_24
356,909,194,Mexican Restaurant,40.766038408545775,-73.98682594299316,2012-10-27 17:05:30,2012-10-22,train,356_24
356,3531,6,Home (private),40.773942932058,-73.94186034276925,2012-10-28 01:52:18,2012-10-22,train,356_24
356,1357,96,Deli / Bodega,40.77893543470787,-73.94720742388425,2012-10-28 16:45:47,2012-10-22,train,356_24
363,5041,281,Residential Building (Apartment / Condo),40.82890436602111,-73.93824100544589,2012-10-23 16:13:09,2012-10-22,train,363_6
363,5041,281,Residential Building (Apartment / Condo),40.82890436602111,-73.93824100544589,2012-10-25 00:05:06,2012-10-22,train,363_6
363,916,221,Bridge,40.705888200473375,-73.9900016784668,2012-10-27 20:35:51,2012-10-22,train,363_6
363,2888,264,Subway,40.64639997975282,-73.99432003498077,2012-10-27 21:00:19,2012-10-22,train,363_6
363,2480,133,Hot Dog Joint,40.57514126948244,-73.98150444030762,2012-10-27 21:28:33,2012-10-22,train,363_6
363,916,221,Bridge,40.705888200473375,-73.9900016784668,2012-10-28 00:31:02,2012-10-22,train,363_6
363,1145,264,Subway,40.708588361482406,-73.99103164672852,2012-10-28 00:31:39,2012-10-22,train,363_6
363,5088,120,Other Great Outdoors,40.78782018739577,-73.79104614257812,2012-10-28 16:23:34,2012-10-22,train,363_6
367,1145,264,Subway,40.708588361482406,-73.99103164672852,2012-10-22 16:30:28,2012-10-22,train,367_23
367,3305,132,Fast Food Restaurant,40.57696138238364,-73.98161692574057,2012-10-23 00:52:31,2012-10-22,train,367_23
367,2637,264,Subway,40.57745558120849,-73.98124694824219,2012-10-23 00:52:49,2012-10-22,train,367_23
367,740,227,Beach,40.57334843776636,-73.98030281066895,2012-10-23 00:53:52,2012-10-22,train,367_23
367,3174,63,Office,40.80036117114784,-73.94424319267273,2012-10-23 14:16:11,2012-10-22,train,367_23
367,1133,264,Subway,40.71063780819672,-73.79437208175659,2012-10-23 14:16:40,2012-10-22,train,367_23
367,2637,264,Subway,40.57745558120849,-73.98124694824219,2012-10-24 00:05:58,2012-10-22,train,367_23
367,3305,132,Fast Food Restaurant,40.57696138238364,-73.98161692574057,2012-10-24 00:06:13,2012-10-22,train,367_23
367,740,227,Beach,40.57334843776636,-73.98030281066895,2012-10-24 00:06:27,2012-10-22,train,367_23
367,2665,149,Park,40.57485998907254,-73.978434,2012-10-24 00:07:05,2012-10-22,train,367_23
367,3174,63,Office,40.80036117114784,-73.94424319267273,2012-10-24 16:08:12,2012-10-22,train,367_23
367,2511,264,Subway,40.70240710847517,-73.79997253417969,2012-10-24 16:09:54,2012-10-22,train,367_23
367,740,227,Beach,40.57334843776636,-73.98030281066895,2012-10-24 16:11:50,2012-10-22,train,367_23
367,3113,102,American Restaurant,40.57689110532319,-73.98192110242921,2012-10-24 16:12:54,2012-10-22,train,367_23
367,2511,264,Subway,40.70240710847517,-73.79997253417969,2012-10-25 11:34:17,2012-10-22,train,367_23
367,1514,264,Subway,40.73977358599364,-74.00257587432861,2012-10-25 18:07:35,2012-10-22,train,367_23
367,653,58,Electronics Store,40.74107414663219,-74.0051408163161,2012-10-25 19:09:22,2012-10-22,train,367_23
367,3031,132,Fast Food Restaurant,40.70344664573301,-73.80027734538457,2012-10-25 20:32:53,2012-10-22,train,367_23
367,3174,63,Office,40.80036117114784,-73.94424319267273,2012-10-26 05:23:35,2012-10-22,train,367_23
367,2511,264,Subway,40.70240710847517,-73.79997253417969,2012-10-26 05:23:44,2012-10-22,train,367_23
367,1870,264,Subway,40.71814377480724,-74.00015652179718,2012-10-26 06:32:51,2012-10-22,train,367_23
367,1145,264,Subway,40.708588361482406,-73.99103164672852,2012-10-26 06:33:12,2012-10-22,train,367_23
367,2742,264,Subway,40.57782667559751,-73.9607481089862,2012-10-26 07:07:02,2012-10-22,train,367_23
367,2637,264,Subway,40.57745558120849,-73.98124694824219,2012-10-26 07:19:20,2012-10-22,train,367_23
367,740,227,Beach,40.57334843776636,-73.98030281066895,2012-10-26 07:19:54,2012-10-22,train,367_23
367,3305,132,Fast Food Restaurant,40.57696138238364,-73.98161692574057,2012-10-26 07:21:18,2012-10-22,train,367_23
367,4899,19,Bank,40.57684370773071,-73.98132996615902,2012-10-26 08:34:59,2012-10-22,train,367_23
367,3174,63,Office,40.80036117114784,-73.94424319267273,2012-10-26 18:42:00,2012-10-22,train,367_23
367,2511,264,Subway,40.70240710847517,-73.79997253417969,2012-10-27 20:03:21,2012-10-22,train,367_23
367,1514,264,Subway,40.73977358599364,-74.00257587432861,2012-10-27 21:05:01,2012-10-22,train,367_23
367,1133,264,Subway,40.71063780819672,-73.79437208175659,2012-10-28 02:27:33,2012-10-22,train,367_23
367,3174,63,Office,40.80036117114784,-73.94424319267273,2012-10-28 02:27:59,2012-10-22,train,367_23
367,1594,264,Subway,40.73822396962131,-73.99621367454529,2012-10-28 02:38:04,2012-10-22,train,367_23
370,4982,63,Office,40.758454,-73.988858,2012-10-25 08:53:02,2012-10-22,train,370_15
370,396,259,Hotel,40.75925299429778,-73.98515224456787,2012-10-25 18:42:49,2012-10-22,train,370_15
370,4982,63,Office,40.758454,-73.988858,2012-10-26 08:50:20,2012-10-22,train,370_15
373,1888,138,Gym / Fitness Center,40.73690899164595,-74.03093315419896,2012-10-22 19:27:49,2012-10-22,train,373_3
373,1888,138,Gym / Fitness Center,40.73690899164595,-74.03093315419896,2012-10-24 19:15:12,2012-10-22,train,373_3
373,406,147,Movie Theater,40.73416736029532,-73.99048715829849,2012-10-26 18:45:48,2012-10-22,train,373_3
381,1475,241,Airport,40.773839,-73.87122,2012-10-25 05:28:39,2012-10-22,train,381_10
381,1475,241,Airport,40.773839,-73.87122,2012-10-28 19:38:30,2012-10-22,train,381_10
383,4579,61,Office,40.75757730864698,-73.9862082207571,2012-10-23 10:33:13,2012-10-22,train,383_10
383,3552,138,Gym / Fitness Center,40.74508413434562,-73.99430584972202,2012-10-26 08:44:29,2012-10-22,train,383_10
383,865,37,Bar,40.729765,-73.980866,2012-10-28 00:03:47,2012-10-22,train,383_10
383,1351,5,Clothing Store,40.7622718722179,-73.97446576531758,2012-10-28 12:10:29,2012-10-22,train,383_10
387,693,61,Office,40.72029878702279,-74.00604709105016,2012-10-23 10:19:33,2012-10-22,train,387_22
387,693,61,Office,40.72029878702279,-74.00604709105016,2012-10-24 10:16:04,2012-10-22,train,387_22
387,2464,80,Building,40.72688322060254,-73.99640624193349,2012-10-24 18:52:18,2012-10-22,train,387_22
387,693,61,Office,40.72029878702279,-74.00604709105016,2012-10-25 10:30:46,2012-10-22,train,387_22
387,693,61,Office,40.72029878702279,-74.00604709105016,2012-10-26 10:30:02,2012-10-22,train,387_22
387,1157,61,Office,40.728445820010194,-74.00768280029297,2012-10-26 17:55:22,2012-10-22,train,387_22
387,357,70,Train Station,40.750794799423865,-73.99357639021292,2012-10-28 15:26:47,2012-10-22,train,387_22
387,5088,120,Other Great Outdoors,40.78782018739577,-73.79104614257812,2012-10-28 22:12:55,2012-10-22,train,387_22
398,4811,243,Rental Car Location,40.873274800615,-73.88054638747536,2012-10-25 07:30:42,2012-10-22,train,398_9
398,4342,61,Office,40.867133274376464,-73.8783413787014,2012-10-25 08:08:56,2012-10-22,train,398_9
398,4342,61,Office,40.867133274376464,-73.8783413787014,2012-10-26 07:47:40,2012-10-22,train,398_9
402,3067,34,Gas Station / Garage,40.81104837789448,-74.13724422454834,2012-10-22 16:42:23,2012-10-22,train,402_15
402,4975,270,Parking,40.7515,-74.166768,2012-10-22 18:13:32,2012-10-22,train,402_15
402,2262,132,Fast Food Restaurant,40.80332477451794,-74.14633487773128,2012-10-22 18:25:27,2012-10-22,train,402_15
402,4166,182,Trade School,40.74254248274287,-74.16908740997314,2012-10-23 08:27:08,2012-10-22,train,402_15
402,4218,90,School,40.80236660521468,-74.15596807597697,2012-10-23 15:04:54,2012-10-22,train,402_15
402,2262,132,Fast Food Restaurant,40.80332477451794,-74.14633487773128,2012-10-24 07:51:40,2012-10-22,train,402_15
402,4218,90,School,40.80236660521468,-74.15596807597697,2012-10-25 07:44:38,2012-10-22,train,402_15
402,4166,182,Trade School,40.74254248274287,-74.16908740997314,2012-10-25 08:53:38,2012-10-22,train,402_15
402,4218,90,School,40.80236660521468,-74.15596807597697,2012-10-25 15:01:39,2012-10-22,train,402_15
402,2551,91,High School,40.802933373524425,-74.16259061060678,2012-10-26 08:08:38,2012-10-22,train,402_15
402,4218,90,School,40.80236660521468,-74.15596807597697,2012-10-26 08:08:59,2012-10-22,train,402_15
402,4975,270,Parking,40.7515,-74.166768,2012-10-26 14:00:26,2012-10-22,train,402_15
402,4218,90,School,40.80236660521468,-74.15596807597697,2012-10-26 15:04:59,2012-10-22,train,402_15
402,2551,91,High School,40.802933373524425,-74.16259061060678,2012-10-27 19:49:18,2012-10-22,train,402_15
404,185,47,Bar,40.77932013777914,-73.95068596090888,2012-10-23 18:03:49,2012-10-22,train,404_12
404,339,159,Art Museum,40.778936659294864,-73.96229820007625,2012-10-25 16:06:15,2012-10-22,train,404_12
404,1519,138,Gym / Fitness Center,40.78001090572607,-73.94644971445123,2012-10-26 19:17:40,2012-10-22,train,404_12
404,687,222,Coffee Shop,40.78007502367464,-73.95526897957147,2012-10-27 09:26:04,2012-10-22,train,404_12
407,4953,61,Office,40.70679141937431,-74.00988607969092,2012-10-22 08:57:01,2012-10-22,train,407_23
407,1286,80,Building,40.706871115902345,-74.00984017295771,2012-10-24 09:01:19,2012-10-22,train,407_23
407,4953,61,Office,40.70679141937431,-74.00988607969092,2012-10-24 09:01:35,2012-10-22,train,407_23
407,3047,183,University,40.70526916013245,-74.01336922091687,2012-10-24 20:24:18,2012-10-22,train,407_23
407,4953,61,Office,40.70679141937431,-74.00988607969092,2012-10-26 08:46:22,2012-10-22,train,407_23
407,3487,28,Salon / Barbershop,40.67527609007841,-73.9633252661851,2012-10-27 08:28:33,2012-10-22,train,407_23
407,977,27,Italian Restaurant,40.707555,-74.007066,2012-10-27 13:20:08,2012-10-22,train,407_23
407,3678,37,Bar,40.708226,-74.004974,2012-10-27 16:16:04,2012-10-22,train,407_23
411,987,257,Road,40.76117085825042,-74.01128768920898,2012-10-23 09:39:11,2012-10-22,train,411_12
411,587,266,Bus Station,40.75722129839836,-73.99154663085938,2012-10-23 09:42:20,2012-10-22,train,411_12
412,5075,63,Office,40.745868414644185,-73.9902427306349,2012-10-23 12:08:09,2012-10-22,train,412_11
412,4622,281,Residential Building (Apartment / Condo),40.7615269692805,-74.00021673078398,2012-10-24 01:02:56,2012-10-22,train,412_11
412,236,37,Bar,40.76023134804513,-73.99512075872225,2012-10-25 22:31:39,2012-10-22,train,412_11
412,5088,120,Other Great Outdoors,40.78782018739577,-73.79104614257812,2012-10-28 21:53:47,2012-10-22,train,412_11
415,2590,165,College Academic Building,40.73563272717176,-73.81625890731812,2012-10-24 15:38:18,2012-10-22,train,415_17
415,2590,165,College Academic Building,40.73563272717176,-73.81625890731812,2012-10-26 08:52:20,2012-10-22,train,415_17
417,1900,83,Church,40.81681580433024,-73.94139250202096,2012-10-24 18:21:40,2012-10-22,train,417_16
417,1546,220,BBQ Joint,40.77693,-73.977499,2012-10-26 19:18:56,2012-10-22,train,417_16
417,3271,103,Southern / Soul Food Restaurant,40.80825990296103,-73.94516389771303,2012-10-27 21:20:27,2012-10-22,train,417_16
420,48,232,Music Venue,40.73169799836348,-73.98922693741638,2012-10-23 19:32:10,2012-10-22,train,420_13
420,557,230,Bowling Alley,40.722693923562495,-73.95555925154694,2012-10-25 20:48:13,2012-10-22,train,420_13
420,9,37,Bar,40.721941345858085,-73.9962589623642,2012-10-26 19:46:51,2012-10-22,train,420_13
420,88,311,Brewery,40.72158048138015,-73.95763710722129,2012-10-28 13:26:44,2012-10-22,train,420_13
420,5088,120,Other Great Outdoors,40.78782018739577,-73.79104614257812,2012-10-28 13:27:47,2012-10-22,train,420_13
420,5088,120,Other Great Outdoors,40.78782018739577,-73.79104614257812,2012-10-28 23:32:35,2012-10-22,train,420_13
423,5088,120,Other Great Outdoors,40.78782018739577,-73.79104614257812,2012-10-26 16:13:09,2012-10-22,train,423_16
423,4283,83,Church,40.691620825972336,-73.78819052136058,2012-10-28 12:44:08,2012-10-22,train,423_16
424,610,222,Coffee Shop,40.725292088686246,-73.99214602821085,2012-10-26 08:20:13,2012-10-22,train,424_16
424,4893,37,Bar,40.74422471878332,-73.98403884753738,2012-10-26 19:02:44,2012-10-22,train,424_16
424,2361,156,Stadium,40.68312,-73.975979,2012-10-27 19:47:25,2012-10-22,train,424_16
424,5088,120,Other Great Outdoors,40.78782018739577,-73.79104614257812,2012-10-28 18:06:07,2012-10-22,train,424_16
428,1526,137,Gym / Fitness Center,40.78135679017438,-73.97971724534096,2012-10-23 13:24:04,2012-10-22,train,428_12
428,1712,210,Vegetarian / Vegan Restaurant,40.74755129813944,-73.98114057260048,2012-10-23 18:04:31,2012-10-22,train,428_12
428,731,147,Movie Theater,40.774697291507216,-73.98194979831837,2012-10-26 18:28:07,2012-10-22,train,428_12
429,583,259,Hotel,40.7526195459056,-73.99336294005377,2012-10-23 13:51:26,2012-10-22,train,429_8
429,4972,6,Home (private),40.60259048645985,-73.98887973002674,2012-10-23 22:35:50,2012-10-22,train,429_8
429,583,259,Hotel,40.7526195459056,-73.99336294005377,2012-10-24 09:01:10,2012-10-22,train,429_8
429,396,259,Hotel,40.75925299429778,-73.98515224456787,2012-10-26 07:47:29,2012-10-22,train,429_8
429,5084,58,Electronics Store,40.75794644028298,-73.98576057432156,2012-10-26 07:48:21,2012-10-22,train,429_8
429,459,252,Food & Drink Shop,40.72413519041223,-73.99778927450977,2012-10-27 18:23:12,2012-10-22,train,429_8
429,2591,13,Clothing Store,40.72134758085029,-73.99996876716614,2012-10-27 18:53:35,2012-10-22,train,429_8
429,254,121,Park,40.74706188749892,-74.00519371032715,2012-10-27 20:13:38,2012-10-22,train,429_8
429,900,33,Korean Restaurant,40.762844,-73.987543,2012-10-27 21:54:46,2012-10-22,train,429_8
429,3301,214,Bar,40.76421262848506,-73.9870174251268,2012-10-28 00:46:41,2012-10-22,train,429_8
429,337,214,Bar,40.76430758425931,-73.98882150650024,2012-10-28 01:17:56,2012-10-22,train,429_8
429,999,259,Hotel,40.7625685886431,-73.9822769165039,2012-10-28 13:44:09,2012-10-22,train,429_8
430,5005,133,Hot Dog Joint,40.71428111327738,-73.96139860153198,2012-10-28 12:10:17,2012-10-22,train,430_5
430,5088,120,Other Great Outdoors,40.78782018739577,-73.79104614257812,2012-10-28 19:19:59,2012-10-22,train,430_5
438,2422,268,Convention Center,40.76897176836408,-73.99643898010254,2012-10-27 00:18:26,2012-10-22,train,438_8
438,1450,37,Bar,40.71275398624102,-73.96637304015732,2012-10-28 01:10:07,2012-10-22,train,438_8
438,3530,133,Hot Dog Joint,40.717006,-73.956565,2012-10-28 03:17:00,2012-10-22,train,438_8
441,3301,214,Bar,40.76421262848506,-73.9870174251268,2012-10-23 23:38:57,2012-10-22,train,441_10
441,2958,61,Office,40.749782928449946,-74.00407305194884,2012-10-25 10:31:57,2012-10-22,train,441_10
441,2958,61,Office,40.749782928449946,-74.00407305194884,2012-10-26 15:28:10,2012-10-22,train,441_10
441,589,232,Music Venue,40.71749323698053,-74.00106579065323,2012-10-27 00:34:01,2012-10-22,train,441_10
441,4207,52,Bar,40.74213198202525,-74.00351732969284,2012-10-28 02:30:37,2012-10-22,train,441_10
441,1414,214,Bar,40.76171380095544,-73.99395004329756,2012-10-28 03:26:28,2012-10-22,train,441_10
443,2820,132,Fast Food Restaurant,40.753793031110206,-74.21435863712875,2012-10-23 02:05:38,2012-10-22,train,443_8
443,4745,6,Home (private),40.75605706725121,-74.23554035653764,2012-10-23 13:55:02,2012-10-22,train,443_8
443,2820,132,Fast Food Restaurant,40.753793031110206,-74.21435863712875,2012-10-23 16:53:44,2012-10-22,train,443_8
443,4745,6,Home (private),40.75605706725121,-74.23554035653764,2012-10-25 17:04:33,2012-10-22,train,443_8
443,2820,132,Fast Food Restaurant,40.753793031110206,-74.21435863712875,2012-10-25 19:04:47,2012-10-22,train,443_8
443,3465,80,Building,40.73004244582688,-74.2205606541853,2012-10-26 03:52:04,2012-10-22,train,443_8
443,4730,6,Home (private),40.72310696218072,-74.2120629207231,2012-10-26 03:54:26,2012-10-22,train,443_8
443,3465,80,Building,40.73004244582688,-74.2205606541853,2012-10-26 09:01:14,2012-10-22,train,443_8
443,4730,6,Home (private),40.72310696218072,-74.2120629207231,2012-10-26 09:03:40,2012-10-22,train,443_8
443,4148,317,City,40.77170548519094,-74.23246541876722,2012-10-26 10:19:52,2012-10-22,train,443_8
443,2189,257,Road,40.75286758876748,-74.19430096285232,2012-10-26 10:22:40,2012-10-22,train,443_8
443,1356,42,Food & Drink Shop,40.8041295012635,-74.2486310005188,2012-10-26 10:27:01,2012-10-22,train,443_8
443,2189,257,Road,40.75286758876748,-74.19430096285232,2012-10-26 13:28:11,2012-10-22,train,443_8
443,2382,253,General Travel,40.75912296762007,-74.20852661132812,2012-10-26 13:28:51,2012-10-22,train,443_8
443,4745,6,Home (private),40.75605706725121,-74.23554035653764,2012-10-27 13:40:02,2012-10-22,train,443_8
443,2820,132,Fast Food Restaurant,40.753793031110206,-74.21435863712875,2012-10-27 14:28:05,2012-10-22,train,443_8
452,4877,281,Residential Building (Apartment / Condo),40.706889,-73.818512,2012-10-23 02:46:04,2012-10-22,train,452_15
452,1201,138,Gym / Fitness Center,40.762958775,-73.91559066666667,2012-10-24 01:51:44,2012-10-22,train,452_15
452,4877,281,Residential Building (Apartment / Condo),40.706889,-73.818512,2012-10-24 03:01:45,2012-10-22,train,452_15
452,4877,281,Residential Building (Apartment / Condo),40.706889,-73.818512,2012-10-25 01:45:24,2012-10-22,train,452_15
452,3157,19,Bank,40.78097593619557,-73.80258088208117,2012-10-27 09:00:46,2012-10-22,train,452_15
452,48,232,Music Venue,40.73169799836348,-73.98922693741638,2012-10-27 23:48:43,2012-10-22,train,452_15
453,489,7,Clothing Store,40.723546865121946,-73.99813359642076,2012-10-22 18:58:13,2012-10-22,train,453_12
453,640,137,Gym / Fitness Center,40.72424,-73.997779,2012-10-25 20:21:40,2012-10-22,train,453_12
453,307,53,Bar,40.74455837028796,-73.99425029754639,2012-10-27 21:43:56,2012-10-22,train,453_12
454,5056,6,Home (private),40.85121751529271,-73.93010370763155,2012-10-22 10:58:00,2012-10-22,train,454_10
454,5039,6,Home (private),40.85121751529271,-73.93010370763155,2012-10-22 10:58:05,2012-10-22,train,454_10
454,1740,183,University,40.85020657199377,-73.93111694180757,2012-10-22 19:47:34,2012-10-22,train,454_10
454,5039,6,Home (private),40.85121751529271,-73.93010370763155,2012-10-22 22:26:26,2012-10-22,train,454_10
454,5039,6,Home (private),40.85121751529271,-73.93010370763155,2012-10-23 23:00:28,2012-10-22,train,454_10
454,5039,6,Home (private),40.85121751529271,-73.93010370763155,2012-10-24 09:12:34,2012-10-22,train,454_10
454,1740,183,University,40.85020657199377,-73.93111694180757,2012-10-24 09:12:43,2012-10-22,train,454_10
454,5056,6,Home (private),40.85121751529271,-73.93010370763155,2012-10-25 00:21:32,2012-10-22,train,454_10
454,5056,6,Home (private),40.85121751529271,-73.93010370763155,2012-10-27 21:15:33,2012-10-22,train,454_10
454,5056,6,Home (private),40.85121751529271,-73.93010370763155,2012-10-28 07:27:45,2012-10-22,train,454_10
455,1717,61,Office,40.737096029430745,-73.99273753166199,2012-10-25 09:33:26,2012-10-22,train,455_12
455,1408,264,Subway,40.76045572900911,-73.98377895355225,2012-10-25 16:09:01,2012-10-22,train,455_12
455,1717,61,Office,40.737096029430745,-73.99273753166199,2012-10-26 10:35:18,2012-10-22,train,455_12
455,307,53,Bar,40.74455837028796,-73.99425029754639,2012-10-26 19:42:05,2012-10-22,train,455_12
455,1787,264,Subway,40.76146340890431,-73.98403644561768,2012-10-26 22:17:26,2012-10-22,train,455_12
455,3564,246,Performing Arts Venue,40.733716648378106,-74.0026326791738,2012-10-28 17:11:25,2012-10-22,train,455_12
459,917,206,Seafood Restaurant,40.77268095647125,-73.95842347218186,2012-10-22 12:33:23,2012-10-22,train,459_0
459,2706,138,Gym / Fitness Center,40.77695809965832,-73.95523781331305,2012-10-22 17:12:44,2012-10-22,train,459_0
459,542,223,Harbor / Marina,40.79111395573717,-73.92594451248924,2012-10-23 21:25:36,2012-10-22,train,459_0
459,493,55,Bar,40.75625012037101,-73.9677161116947,2012-10-24 22:03:10,2012-10-22,train,459_0
459,1802,194,Mexican Restaurant,40.75315436423719,-73.98905476854135,2012-10-26 11:12:40,2012-10-22,train,459_0
463,997,37,Bar,40.7134039998078,-74.03974172,2012-10-24 19:50:47,2012-10-22,train,463_22
463,701,37,Bar,40.72798919362575,-74.05002155084561,2012-10-26 19:11:41,2012-10-22,train,463_22
470,3211,73,Bus Station,40.78010916791155,-74.16505034910999,2012-10-22 08:06:19,2012-10-22,train,470_14
470,3211,73,Bus Station,40.78010916791155,-74.16505034910999,2012-10-23 08:01:16,2012-10-22,train,470_14
470,3211,73,Bus Station,40.78010916791155,-74.16505034910999,2012-10-24 07:59:22,2012-10-22,train,470_14
472,1335,222,Coffee Shop,40.745901560214506,-73.98814227092512,2012-10-23 16:01:00,2012-10-22,train,472_9
472,339,159,Art Museum,40.778936659294864,-73.96229820007625,2012-10-27 15:41:42,2012-10-22,train,472_9
472,496,254,Department Store,40.76459171490056,-73.97121297728602,2012-10-27 17:10:23,2012-10-22,train,472_9
474,918,130,Burger Joint,40.762404872356775,-73.98765445595464,2012-10-22 17:54:33,2012-10-22,train,474_10
474,565,310,Concert Hall,40.76950686568525,-73.99265306590263,2012-10-22 19:21:30,2012-10-22,train,474_10
474,962,138,Gym / Fitness Center,40.748948689186605,-73.99004186799563,2012-10-23 14:43:03,2012-10-22,train,474_10
474,1725,138,Gym / Fitness Center,40.791511610934,-73.94457838904547,2012-10-25 16:37:21,2012-10-22,train,474_10
475,349,70,Train Station,40.75280620914171,-73.97717535495758,2012-10-24 19:43:34,2012-10-22,train,475_1
475,1812,191,Latin American Restaurant,40.76040696991703,-73.99489402770996,2012-10-24 19:44:33,2012-10-22,train,475_1
478,625,122,Plaza,40.756489872673846,-73.98626804351807,2012-10-26 00:43:15,2012-10-22,train,478_8
478,3493,253,General Travel,40.76032570468407,-73.96356582641602,2012-10-26 17:13:20,2012-10-22,train,478_8
478,625,122,Plaza,40.756489872673846,-73.98626804351807,2012-10-28 01:56:17,2012-10-22,train,478_8
478,1279,42,Food & Drink Shop,40.75955535694354,-73.99456983470704,2012-10-28 18:13:03,2012-10-22,train,478_8
481,3571,7,Clothing Store,40.76883184270567,-73.96759558001601,2012-10-26 11:27:45,2012-10-22,train,481_14
481,597,47,Bar,40.749522986346776,-73.98322963061759,2012-10-27 03:12:06,2012-10-22,train,481_14
481,597,47,Bar,40.749522986346776,-73.98322963061759,2012-10-27 21:26:05,2012-10-22,train,481_14
484,406,147,Movie Theater,40.73416736029532,-73.99048715829849,2012-10-23 20:10:31,2012-10-22,train,484_20
484,3904,8,Medical Center,40.730633390952526,-73.88778139810844,2012-10-27 09:15:24,2012-10-22,train,484_20
484,754,37,Bar,40.780081,-73.95017,2012-10-27 22:14:14,2012-10-22,train,484_20
484,5088,120,Other Great Outdoors,40.78782018739577,-73.79104614257812,2012-10-28 23:01:23,2012-10-22,train,484_20
485,3379,203,Food Truck,40.73577905884602,-73.99313449859619,2012-10-23 12:50:28,2012-10-22,train,485_13
485,512,147,Movie Theater,40.75246236757653,-73.99433454375975,2012-10-25 19:53:17,2012-10-22,train,485_13
486,271,254,Department Store,40.75061379403183,-73.98856401443481,2012-10-22 17:51:44,2012-10-22,train,486_18
486,2613,70,Train Station,40.68444568744034,-73.97785663604736,2012-10-23 08:22:00,2012-10-22,train,486_18
486,2708,240,Airport,40.69881195801446,-73.8087272644043,2012-10-23 08:52:05,2012-10-22,train,486_18
486,4294,80,Building,40.656735321878365,-73.7953082788865,2012-10-23 09:23:07,2012-10-22,train,486_18
486,271,254,Department Store,40.75061379403183,-73.98856401443481,2012-10-23 17:48:28,2012-10-22,train,486_18
486,2677,19,Bank,40.650529770662,-73.95860140833432,2012-10-25 22:19:22,2012-10-22,train,486_18
486,3195,22,Cosmetics Shop,40.638219,-73.975845,2012-10-26 11:09:12,2012-10-22,train,486_18
488,2847,6,Home (private),40.7838175149908,-73.94186034276925,2012-10-22 19:51:44,2012-10-22,train,488_13
488,1097,61,Office,40.76321020137383,-73.98303449978644,2012-10-23 10:34:32,2012-10-22,train,488_13
488,645,55,Bar,40.7590758017476,-73.98392980432138,2012-10-23 19:27:20,2012-10-22,train,488_13
488,4494,130,Burger Joint,40.76355998424306,-73.98277044296265,2012-10-23 22:43:18,2012-10-22,train,488_13
488,1097,61,Office,40.76321020137383,-73.98303449978644,2012-10-26 10:10:24,2012-10-22,train,488_13
488,2847,6,Home (private),40.7838175149908,-73.94186034276925,2012-10-26 21:11:19,2012-10-22,train,488_13
488,5088,120,Other Great Outdoors,40.78782018739577,-73.79104614257812,2012-10-28 18:27:03,2012-10-22,train,488_13
493,2030,47,Bar,40.87077690106772,-74.18019443750381,2012-10-22 23:03:07,2012-10-22,train,493_17
493,3268,178,General College & University,40.962576,-74.07160158333333,2012-10-23 09:47:39,2012-10-22,train,493_17
493,987,257,Road,40.76117085825042,-74.01128768920898,2012-10-25 15:35:50,2012-10-22,train,493_17
493,2030,47,Bar,40.87077690106772,-74.18019443750381,2012-10-25 22:42:25,2012-10-22,train,493_17
493,987,257,Road,40.76117085825042,-74.01128768920898,2012-10-26 12:53:41,2012-10-22,train,493_17
493,2422,268,Convention Center,40.76897176836408,-73.99643898010254,2012-10-27 19:19:13,2012-10-22,train,493_17
493,5088,120,Other Great Outdoors,40.78782018739577,-73.79104614257812,2012-10-28 17:24:51,2012-10-22,train,493_17
498,4871,281,Residential Building (Apartment / Condo),40.74079126267594,-73.9766926399289,2012-10-24 08:40:44,2012-10-22,train,498_18
498,3671,80,Building,40.73209199384237,-73.99478217019208,2012-10-24 14:32:09,2012-10-22,train,498_18
498,3353,266,Bus Station,40.70253724602918,-73.79992961883545,2012-10-24 16:52:01,2012-10-22,train,498_18
498,4873,6,Home (private),40.656358756936825,-73.74190167904314,2012-10-24 23:21:56,2012-10-22,train,498_18
498,3353,266,Bus Station,40.70253724602918,-73.79992961883545,2012-10-25 07:29:36,2012-10-22,train,498_18
498,3671,80,Building,40.73209199384237,-73.99478217019208,2012-10-25 08:31:28,2012-10-22,train,498_18
498,4871,281,Residential Building (Apartment / Condo),40.74079126267594,-73.9766926399289,2012-10-25 14:23:21,2012-10-22,train,498_18
498,3353,266,Bus Station,40.70253724602918,-73.79992961883545,2012-10-25 17:25:49,2012-10-22,train,498_18
498,4247,266,Bus Station,40.65756836334901,-73.73625022121463,2012-10-26 06:30:56,2012-10-22,train,498_18
498,4871,281,Residential Building (Apartment / Condo),40.74079126267594,-73.9766926399289,2012-10-26 08:26:39,2012-10-22,train,498_18
498,54,261,Hobby Shop,40.73354816138232,-73.99102896237186,2012-10-26 14:42:27,2012-10-22,train,498_18
498,3353,266,Bus Station,40.70253724602918,-73.79992961883545,2012-10-27 16:48:22,2012-10-22,train,498_18
498,1815,55,Bar,40.77143374050618,-73.98247003555298,2012-10-27 23:47:01,2012-10-22,train,498_18
500,140,101,Wings Joint,40.76526318064232,-73.9815824906134,2012-10-26 17:31:11,2012-10-22,train,500_12
500,740,227,Beach,40.57334843776636,-73.98030281066895,2012-10-27 20:20:10,2012-10-22,train,500_12
500,143,133,Hot Dog Joint,40.72704085086805,-73.98383596074753,2012-10-28 00:41:00,2012-10-22,train,500_12
500,1145,264,Subway,40.708588361482406,-73.99103164672852,2012-10-28 01:59:55,2012-10-22,train,500_12
500,2815,263,Laundry Service,40.606173,-73.98629386,2012-10-28 13:44:31,2012-10-22,train,500_12
500,4010,6,Home (private),40.60259048645985,-73.98887973002674,2012-10-28 17:17:36,2012-10-22,train,500_12
500,5088,120,Other Great Outdoors,40.78782018739577,-73.79104614257812,2012-10-28 17:18:20,2012-10-22,train,500_12
503,1754,222,Coffee Shop,40.72111512901744,-73.8473308194441,2012-10-22 11:12:00,2012-10-22,train,503_1
503,1293,138,Gym / Fitness Center,40.721273088874895,-73.84692305545667,2012-10-22 11:13:28,2012-10-22,train,503_1
503,1293,138,Gym / Fitness Center,40.721273088874895,-73.84692305545667,2012-10-23 09:35:59,2012-10-22,train,503_1
503,1754,222,Coffee Shop,40.72111512901744,-73.8473308194441,2012-10-23 09:38:36,2012-10-22,train,503_1
503,1293,138,Gym / Fitness Center,40.721273088874895,-73.84692305545667,2012-10-24 07:00:33,2012-10-22,train,503_1
503,1754,222,Coffee Shop,40.72111512901744,-73.8473308194441,2012-10-24 07:02:43,2012-10-22,train,503_1
503,1754,222,Coffee Shop,40.72111512901744,-73.8473308194441,2012-10-24 08:01:17,2012-10-22,train,503_1
503,1293,138,Gym / Fitness Center,40.721273088874895,-73.84692305545667,2012-10-24 17:51:45,2012-10-22,train,503_1
503,1293,138,Gym / Fitness Center,40.721273088874895,-73.84692305545667,2012-10-26 07:00:10,2012-10-22,train,503_1
503,1754,222,Coffee Shop,40.72111512901744,-73.8473308194441,2012-10-26 07:00:34,2012-10-22,train,503_1
503,1754,222,Coffee Shop,40.72111512901744,-73.8473308194441,2012-10-26 09:01:01,2012-10-22,train,503_1
503,1617,42,Food & Drink Shop,40.70699430376329,-73.85486125946045,2012-10-28 14:28:41,2012-10-22,train,503_1
505,945,222,Coffee Shop,40.764346528997145,-73.95938776936617,2012-10-22 08:14:08,2012-10-22,train,505_2
505,1470,183,University,40.76253816214488,-73.9563111853258,2012-10-22 08:38:58,2012-10-22,train,505_2
505,2775,167,College Academic Building,40.76162173827517,-73.95653504290809,2012-10-22 08:39:08,2012-10-22,train,505_2
505,2414,88,Synagogue,40.77316471772558,-73.95498525432538,2012-10-23 08:16:49,2012-10-22,train,505_2
505,945,222,Coffee Shop,40.764346528997145,-73.95938776936617,2012-10-23 08:28:53,2012-10-22,train,505_2
505,2775,167,College Academic Building,40.76162173827517,-73.95653504290809,2012-10-23 08:48:34,2012-10-22,train,505_2
505,2643,233,Other Great Outdoors,40.76019568010469,-73.95687103271484,2012-10-23 16:50:55,2012-10-22,train,505_2
505,945,222,Coffee Shop,40.764346528997145,-73.95938776936617,2012-10-24 08:27:08,2012-10-22,train,505_2
505,2775,167,College Academic Building,40.76162173827517,-73.95653504290809,2012-10-25 14:08:12,2012-10-22,train,505_2
505,1470,183,University,40.76253816214488,-73.9563111853258,2012-10-25 14:10:09,2012-10-22,train,505_2
505,1193,26,Drugstore / Pharmacy,40.75186388623881,-73.99350815375443,2012-10-25 21:02:52,2012-10-22,train,505_2
505,583,259,Hotel,40.7526195459056,-73.99336294005377,2012-10-25 21:03:12,2012-10-22,train,505_2
505,164,97,Diner,40.752188,-73.993585,2012-10-25 21:03:32,2012-10-22,train,505_2
505,391,80,Building,40.74828059076867,-73.98556262254715,2012-10-25 21:08:15,2012-10-22,train,505_2
505,1674,78,Library,40.74797331186306,-73.98298858662089,2012-10-25 21:09:15,2012-10-22,train,505_2
505,754,37,Bar,40.780081,-73.95017,2012-10-26 08:58:48,2012-10-22,train,505_2
505,2775,167,College Academic Building,40.76162173827517,-73.95653504290809,2012-10-26 09:33:42,2012-10-22,train,505_2
505,1470,183,University,40.76253816214488,-73.9563111853258,2012-10-26 09:33:54,2012-10-22,train,505_2
505,3652,42,Food & Drink Shop,40.75979828697193,-73.96157463976729,2012-10-26 17:20:28,2012-10-22,train,505_2
508,3038,301,Neighborhood,40.63382181425697,-74.0152359008789,2012-10-23 06:11:40,2012-10-22,train,508_18
508,5013,138,Gym / Fitness Center,40.631303,-74.023116,2012-10-23 06:13:12,2012-10-22,train,508_18
508,3936,80,Building,40.74311584876924,-73.99978059433505,2012-10-23 17:17:03,2012-10-22,train,508_18
508,995,163,Medical Center,40.773643750011495,-73.96081924438477,2012-10-23 17:55:56,2012-10-22,train,508_18
508,3038,301,Neighborhood,40.63382181425697,-74.0152359008789,2012-10-23 23:20:18,2012-10-22,train,508_18
508,5013,138,Gym / Fitness Center,40.631303,-74.023116,2012-10-25 06:08:02,2012-10-22,train,508_18
508,3038,301,Neighborhood,40.63382181425697,-74.0152359008789,2012-10-26 07:26:54,2012-10-22,train,508_18
508,5013,138,Gym / Fitness Center,40.631303,-74.023116,2012-10-28 07:25:03,2012-10-22,train,508_18
513,5017,61,Office,40.72308950066463,-74.00607004487341,2012-10-22 09:38:56,2012-10-22,train,513_8
513,5017,61,Office,40.72308950066463,-74.00607004487341,2012-10-23 09:47:51,2012-10-22,train,513_8
513,5017,61,Office,40.72308950066463,-74.00607004487341,2012-10-25 10:00:34,2012-10-22,train,513_8
513,940,254,Department Store,40.75150160315114,-73.98271884655175,2012-10-27 15:10:53,2012-10-22,train,513_8
513,5088,120,Other Great Outdoors,40.78782018739577,-73.79104614257812,2012-10-28 17:23:21,2012-10-22,train,513_8
513,849,103,Southern / Soul Food Restaurant,40.714718,-73.949522,2012-10-28 20:35:27,2012-10-22,train,513_8
514,5081,55,Bar,40.66376219859234,-73.94717298261078,2012-10-25 14:33:30,2012-10-22,train,514_4
514,5081,55,Bar,40.66376219859234,-73.94717298261078,2012-10-26 10:22:18,2012-10-22,train,514_4
514,4552,63,Office,40.724169079279605,-73.99721145629883,2012-10-27 08:24:36,2012-10-22,train,514_4
514,4513,55,Bar,40.66409113218353,-73.94680560864548,2012-10-27 20:12:45,2012-10-22,train,514_4
514,5081,55,Bar,40.66376219859234,-73.94717298261078,2012-10-28 08:12:52,2012-10-22,train,514_4
514,4513,55,Bar,40.66409113218353,-73.94680560864548,2012-10-28 08:24:34,2012-10-22,train,514_4
515,5077,269,Miscellaneous Shop,40.86849116684047,-73.92241960380116,2012-10-22 06:07:48,2012-10-22,train,515_8
515,2737,97,Diner,40.86840303957776,-73.92228182105531,2012-10-22 06:08:41,2012-10-22,train,515_8
515,3817,96,Deli / Bodega,40.86822476919698,-73.92213829725783,2012-10-22 06:09:51,2012-10-22,train,515_8
515,1918,264,Subway,40.86802856198655,-73.9199048280716,2012-10-22 06:11:24,2012-10-22,train,515_8
515,1823,264,Subway,40.76799670467506,-73.98189067840576,2012-10-22 06:51:33,2012-10-22,train,515_8
515,1787,264,Subway,40.76146340890431,-73.98403644561768,2012-10-22 06:52:08,2012-10-22,train,515_8
515,1733,264,Subway,40.75650612666626,-73.98802757263184,2012-10-22 06:53:23,2012-10-22,train,515_8
515,1951,264,Subway,40.70195162503384,-74.01296138763428,2012-10-22 07:22:46,2012-10-22,train,515_8
515,2345,61,Office,40.70352292315701,-74.01192317987771,2012-10-22 07:30:02,2012-10-22,train,515_8
515,2345,61,Office,40.70352292315701,-74.01192317987771,2012-10-22 12:52:03,2012-10-22,train,515_8
515,182,121,Park,40.70483494533927,-74.01370167732239,2012-10-22 16:20:08,2012-10-22,train,515_8
515,1522,264,Subway,40.71037756449118,-74.00755405426025,2012-10-22 16:28:47,2012-10-22,train,515_8
515,1918,264,Subway,40.86802856198655,-73.9199048280716,2012-10-22 17:15:19,2012-10-22,train,515_8
515,5076,269,Miscellaneous Shop,40.868176894447394,-73.92223589345164,2012-10-22 19:04:26,2012-10-22,train,515_8
515,3336,301,Neighborhood,40.8673996356938,-73.92311999791536,2012-10-23 05:46:47,2012-10-22,train,515_8
515,2737,97,Diner,40.86840303957776,-73.92228182105531,2012-10-23 06:15:02,2012-10-22,train,515_8
515,3817,96,Deli / Bodega,40.86822476919698,-73.92213829725783,2012-10-23 06:17:39,2012-10-22,train,515_8
515,5076,269,Miscellaneous Shop,40.868176894447394,-73.92223589345164,2012-10-23 06:18:27,2012-10-22,train,515_8
515,1918,264,Subway,40.86802856198655,-73.9199048280716,2012-10-23 06:19:15,2012-10-22,train,515_8
515,1823,264,Subway,40.76799670467506,-73.98189067840576,2012-10-23 06:54:21,2012-10-22,train,515_8
515,1951,264,Subway,40.70195162503384,-74.01296138763428,2012-10-23 07:50:03,2012-10-22,train,515_8
515,2345,61,Office,40.70352292315701,-74.01192317987771,2012-10-23 07:56:33,2012-10-22,train,515_8
515,2345,61,Office,40.70352292315701,-74.01192317987771,2012-10-23 12:53:44,2012-10-22,train,515_8
515,182,121,Park,40.70483494533927,-74.01370167732239,2012-10-23 14:37:44,2012-10-22,train,515_8
515,1522,264,Subway,40.71037756449118,-74.00755405426025,2012-10-23 14:50:56,2012-10-22,train,515_8
515,1706,264,Subway,40.84076210674116,-73.93953323364258,2012-10-23 15:46:25,2012-10-22,train,515_8
515,1456,163,Medical Center,40.840534839134165,-73.94120693206787,2012-10-23 15:50:07,2012-10-22,train,515_8
515,2542,163,Medical Center,40.84141948114272,-73.94251187370708,2012-10-23 15:51:54,2012-10-22,train,515_8
515,5076,269,Miscellaneous Shop,40.868176894447394,-73.92223589345164,2012-10-23 17:55:12,2012-10-22,train,515_8
515,5076,269,Miscellaneous Shop,40.868176894447394,-73.92223589345164,2012-10-23 21:38:40,2012-10-22,train,515_8
515,3336,301,Neighborhood,40.8673996356938,-73.92311999791536,2012-10-24 05:53:51,2012-10-22,train,515_8
515,5077,269,Miscellaneous Shop,40.86849116684047,-73.92241960380116,2012-10-24 06:06:30,2012-10-22,train,515_8
515,2737,97,Diner,40.86840303957776,-73.92228182105531,2012-10-24 06:07:02,2012-10-22,train,515_8
515,3817,96,Deli / Bodega,40.86822476919698,-73.92213829725783,2012-10-24 06:15:26,2012-10-22,train,515_8
515,5076,269,Miscellaneous Shop,40.868176894447394,-73.92223589345164,2012-10-24 06:16:20,2012-10-22,train,515_8
515,1918,264,Subway,40.86802856198655,-73.9199048280716,2012-10-24 06:16:47,2012-10-22,train,515_8
515,1733,264,Subway,40.75650612666626,-73.98802757263184,2012-10-24 06:57:55,2012-10-22,train,515_8
515,1742,264,Subway,40.75099579556285,-73.99068832397461,2012-10-24 06:58:43,2012-10-22,train,515_8
515,2345,61,Office,40.70352292315701,-74.01192317987771,2012-10-24 07:26:35,2012-10-22,train,515_8
515,182,121,Park,40.70483494533927,-74.01370167732239,2012-10-24 18:01:22,2012-10-22,train,515_8
515,1522,264,Subway,40.71037756449118,-74.00755405426025,2012-10-24 18:11:04,2012-10-22,train,515_8
515,5077,269,Miscellaneous Shop,40.86849116684047,-73.92241960380116,2012-10-24 19:33:20,2012-10-22,train,515_8
515,3336,301,Neighborhood,40.8673996356938,-73.92311999791536,2012-10-25 06:07:27,2012-10-22,train,515_8
515,2737,97,Diner,40.86840303957776,-73.92228182105531,2012-10-25 06:25:32,2012-10-22,train,515_8
515,5077,269,Miscellaneous Shop,40.86849116684047,-73.92241960380116,2012-10-25 06:25:55,2012-10-22,train,515_8
515,3817,96,Deli / Bodega,40.86822476919698,-73.92213829725783,2012-10-25 06:28:10,2012-10-22,train,515_8
515,5076,269,Miscellaneous Shop,40.868176894447394,-73.92223589345164,2012-10-25 06:29:22,2012-10-22,train,515_8
515,1918,264,Subway,40.86802856198655,-73.9199048280716,2012-10-25 06:31:49,2012-10-22,train,515_8
515,1823,264,Subway,40.76799670467506,-73.98189067840576,2012-10-25 07:06:55,2012-10-22,train,515_8
515,1787,264,Subway,40.76146340890431,-73.98403644561768,2012-10-25 07:07:20,2012-10-22,train,515_8
515,1733,264,Subway,40.75650612666626,-73.98802757263184,2012-10-25 07:08:57,2012-10-22,train,515_8
515,1742,264,Subway,40.75099579556285,-73.99068832397461,2012-10-25 07:10:18,2012-10-22,train,515_8
515,2345,61,Office,40.70352292315701,-74.01192317987771,2012-10-25 07:42:16,2012-10-22,train,515_8
515,1942,264,Subway,40.70491221172606,-74.01401281356812,2012-10-25 16:30:33,2012-10-22,train,515_8
515,1918,264,Subway,40.86802856198655,-73.9199048280716,2012-10-25 17:38:45,2012-10-22,train,515_8
515,5076,269,Miscellaneous Shop,40.868176894447394,-73.92223589345164,2012-10-25 17:39:03,2012-10-22,train,515_8
515,3096,83,Church,40.86835079578941,-73.92031840631334,2012-10-25 20:57:36,2012-10-22,train,515_8
515,5077,269,Miscellaneous Shop,40.86849116684047,-73.92241960380116,2012-10-25 21:38:01,2012-10-22,train,515_8
515,4409,80,Building,40.86855201040876,-73.92238515812386,2012-10-25 22:00:24,2012-10-22,train,515_8
515,3096,83,Church,40.86835079578941,-73.92031840631334,2012-10-26 16:04:52,2012-10-22,train,515_8
515,5076,269,Miscellaneous Shop,40.868176894447394,-73.92223589345164,2012-10-26 16:09:01,2012-10-22,train,515_8
515,2737,97,Diner,40.86840303957776,-73.92228182105531,2012-10-26 16:10:43,2012-10-22,train,515_8
515,815,121,Park,40.87241883265895,-73.92052508248331,2012-10-27 12:38:34,2012-10-22,train,515_8
515,2737,97,Diner,40.86840303957776,-73.92228182105531,2012-10-28 15:51:06,2012-10-22,train,515_8
515,5077,269,Miscellaneous Shop,40.86849116684047,-73.92241960380116,2012-10-28 15:51:33,2012-10-22,train,515_8
515,5076,269,Miscellaneous Shop,40.868176894447394,-73.92223589345164,2012-10-28 15:53:19,2012-10-22,train,515_8
517,4773,253,General Travel,40.75821867565886,-73.98996152288103,2012-10-22 07:34:30,2012-10-22,train,517_23
517,651,61,Office,40.89499427038625,-73.94231096131689,2012-10-22 08:07:04,2012-10-22,train,517_23
517,651,61,Office,40.89499427038625,-73.94231096131689,2012-10-24 08:50:43,2012-10-22,train,517_23
517,4773,253,General Travel,40.75821867565886,-73.98996152288103,2012-10-26 07:30:37,2012-10-22,train,517_23
517,651,61,Office,40.89499427038625,-73.94231096131689,2012-10-26 08:03:22,2012-10-22,train,517_23
518,1747,222,Coffee Shop,40.7591180719511,-73.98258684595439,2012-10-22 08:21:42,2012-10-22,train,518_2
518,2426,138,Gym / Fitness Center,40.96165519347528,-74.07493114471436,2012-10-22 19:43:24,2012-10-22,train,518_2
518,2520,222,Coffee Shop,40.946097781156325,-74.0714979171753,2012-10-25 20:21:01,2012-10-22,train,518_2
518,1084,247,Sporting Goods Shop,40.76280318635086,-73.97336953664879,2012-10-27 08:10:04,2012-10-22,train,518_2
520,1985,306,Middle School,40.82679440618509,-74.21639351788353,2012-10-22 07:46:41,2012-10-22,train,520_21
520,4364,131,Café,40.80817287926464,-74.20878696126519,2012-10-22 07:57:19,2012-10-22,train,520_21
520,2204,70,Train Station,40.808157479622295,-74.20869827270508,2012-10-22 07:59:31,2012-10-22,train,520_21
520,1645,70,Train Station,40.73606359173575,-74.02938723564148,2012-10-22 08:27:21,2012-10-22,train,520_21
520,4524,61,Office,40.76310991766585,-73.9824605844286,2012-10-22 09:27:49,2012-10-22,train,520_21
520,1985,306,Middle School,40.82679440618509,-74.21639351788353,2012-10-23 07:38:28,2012-10-22,train,520_21
520,4524,61,Office,40.76310991766585,-73.9824605844286,2012-10-23 09:05:44,2012-10-22,train,520_21
520,357,70,Train Station,40.750794799423865,-73.99357639021292,2012-10-23 20:32:17,2012-10-22,train,520_21
520,1985,306,Middle School,40.82679440618509,-74.21639351788353,2012-10-24 07:39:13,2012-10-22,train,520_21
520,2204,70,Train Station,40.808157479622295,-74.20869827270508,2012-10-24 07:51:41,2012-10-22,train,520_21
520,1645,70,Train Station,40.73606359173575,-74.02938723564148,2012-10-24 08:27:56,2012-10-22,train,520_21
520,4524,61,Office,40.76310991766585,-73.9824605844286,2012-10-25 14:05:01,2012-10-22,train,520_21
520,587,266,Bus Station,40.75722129839836,-73.99154663085938,2012-10-25 22:38:13,2012-10-22,train,520_21
520,1985,306,Middle School,40.82679440618509,-74.21639351788353,2012-10-26 07:42:53,2012-10-22,train,520_21
520,1645,70,Train Station,40.73606359173575,-74.02938723564148,2012-10-26 08:37:36,2012-10-22,train,520_21
520,5084,58,Electronics Store,40.75794644028298,-73.98576057432156,2012-10-26 09:31:49,2012-10-22,train,520_21
520,1944,197,Sandwich Place,40.76181080648061,-73.98395276079304,2012-10-26 13:31:15,2012-10-22,train,520_21
520,1687,141,Bagel Shop,40.82998793772502,-74.2063621978749,2012-10-27 09:28:21,2012-10-22,train,520_21
520,847,265,Mall,40.917335441802095,-74.0756607055664,2012-10-27 10:44:07,2012-10-22,train,520_21
521,4713,6,Home (private),40.86590418380428,-73.89482953406639,2012-10-24 19:23:29,2012-10-22,train,521_19
521,625,122,Plaza,40.756489872673846,-73.98626804351807,2012-10-25 20:13:40,2012-10-22,train,521_19
521,478,146,Movie Theater,40.75699374459088,-73.98907899856567,2012-10-25 21:14:33,2012-10-22,train,521_19
521,512,147,Movie Theater,40.75246236757653,-73.99433454375975,2012-10-27 11:00:04,2012-10-22,train,521_19
521,1019,7,Clothing Store,40.73216902800922,-73.99034603133893,2012-10-28 02:54:14,2012-10-22,train,521_19
522,4921,305,Elementary School,40.68506775254674,-73.9922915175433,2012-10-25 07:45:48,2012-10-22,train,522_9
522,1578,264,Subway,40.68610536956845,-73.99047374725342,2012-10-25 07:50:04,2012-10-22,train,522_9
522,1294,121,Park,40.76864674872412,-73.98086071014404,2012-10-25 20:02:09,2012-10-22,train,522_9
522,2361,156,Stadium,40.68312,-73.975979,2012-10-25 23:07:03,2012-10-22,train,522_9
524,2159,138,Gym / Fitness Center,40.84981921208277,-73.93463595197066,2012-10-24 18:48:23,2012-10-22,train,524_16
524,4753,28,Salon / Barbershop,40.84859709833727,-73.93165082510875,2012-10-25 17:49:50,2012-10-22,train,524_16
524,581,202,Pizza Place,40.731844250688674,-73.98386478424072,2012-10-27 02:39:12,2012-10-22,train,524_16
532,1899,264,Subway,40.76487640472523,-73.97264242172241,2012-10-22 08:29:51,2012-10-22,train,532_7
532,3179,80,Building,40.76416302508225,-73.97197484926564,2012-10-22 08:32:34,2012-10-22,train,532_7
532,357,70,Train Station,40.750794799423865,-73.99357639021292,2012-10-22 18:29:47,2012-10-22,train,532_7
532,357,70,Train Station,40.750794799423865,-73.99357639021292,2012-10-24 07:07:21,2012-10-22,train,532_7
532,1899,264,Subway,40.76487640472523,-73.97264242172241,2012-10-24 07:33:23,2012-10-22,train,532_7
532,3179,80,Building,40.76416302508225,-73.97197484926564,2012-10-24 07:51:21,2012-10-22,train,532_7
532,1899,264,Subway,40.76487640472523,-73.97264242172241,2012-10-25 07:26:29,2012-10-22,train,532_7
532,3179,80,Building,40.76416302508225,-73.97197484926564,2012-10-25 08:12:01,2012-10-22,train,532_7
532,357,70,Train Station,40.750794799423865,-73.99357639021292,2012-10-25 18:32:19,2012-10-22,train,532_7
532,1899,264,Subway,40.76487640472523,-73.97264242172241,2012-10-26 08:32:02,2012-10-22,train,532_7
532,357,70,Train Station,40.750794799423865,-73.99357639021292,2012-10-26 18:29:21,2012-10-22,train,532_7
532,678,47,Bar,40.74809415449163,-73.98609638214111,2012-10-27 11:41:22,2012-10-22,train,532_7
532,795,53,Bar,40.74946079318199,-73.9848365828663,2012-10-27 15:51:24,2012-10-22,train,532_7
540,856,61,Office,40.71302426211241,-74.01176250797566,2012-10-24 14:01:53,2012-10-22,train,540_11
540,856,61,Office,40.71302426211241,-74.01176250797566,2012-10-24 18:10:07,2012-10-22,train,540_11
540,1193,26,Drugstore / Pharmacy,40.75186388623881,-73.99350815375443,2012-10-27 20:08:43,2012-10-22,train,540_11
540,992,245,General Entertainment,40.74049401829621,-73.98710489273071,2012-10-27 23:58:59,2012-10-22,train,540_11
543,1405,137,Gym / Fitness Center,40.864925589294,-74.0652071306877,2012-10-23 06:51:04,2012-10-22,train,543_21
543,3404,6,Home (private),40.87785167732287,-74.11812337576457,2012-10-24 10:10:57,2012-10-22,train,543_21
543,2609,34,Gas Station / Garage,40.8933489,-74.107129,2012-10-25 07:21:09,2012-10-22,train,543_21
543,3404,6,Home (private),40.87785167732287,-74.11812337576457,2012-10-25 20:00:08,2012-10-22,train,543_21
543,1405,137,Gym / Fitness Center,40.864925589294,-74.0652071306877,2012-10-26 12:37:43,2012-10-22,train,543_21
546,2469,3,Thrift / Vintage Store,40.7632138239065,-73.98908346336458,2012-10-22 12:19:17,2012-10-22,train,546_21
546,1525,42,Food & Drink Shop,40.76298968265501,-73.98904329061085,2012-10-23 15:24:43,2012-10-22,train,546_21
546,1484,214,Bar,40.760871,-73.990166,2012-10-25 18:23:14,2012-10-22,train,546_21
546,3304,37,Bar,40.726142,-73.989499,2012-10-26 23:41:14,2012-10-22,train,546_21
546,1671,214,Bar,40.73251710536965,-74.00978852786966,2012-10-27 19:53:18,2012-10-22,train,546_21
547,1761,222,Coffee Shop,40.7200437873327,-74.04286721260127,2012-10-23 10:17:00,2012-10-22,train,547_15
547,1198,42,Food & Drink Shop,40.72351860033697,-74.03974056243896,2012-10-26 14:49:11,2012-10-22,train,547_15
549,3771,281,Residential Building (Apartment / Condo),40.68881469717024,-73.98510631996176,2012-10-23 19:49:39,2012-10-22,train,549_21
549,3425,63,Office,40.73953974476804,-73.98840052540763,2012-10-24 08:51:28,2012-10-22,train,549_21
549,3425,63,Office,40.73953974476804,-73.98840052540763,2012-10-25 13:52:47,2012-10-22,train,549_21
549,3771,281,Residential Building (Apartment / Condo),40.68881469717024,-73.98510631996176,2012-10-25 23:50:39,2012-10-22,train,549_21
549,3771,281,Residential Building (Apartment / Condo),40.68881469717024,-73.98510631996176,2012-10-27 00:59:48,2012-10-22,train,549_21
549,3771,281,Residential Building (Apartment / Condo),40.68881469717024,-73.98510631996176,2012-10-28 02:42:06,2012-10-22,train,549_21
550,1475,241,Airport,40.773839,-73.87122,2012-10-22 21:08:28,2012-10-22,train,550_24
550,4292,61,Office,40.75142691110971,-73.97468386242315,2012-10-23 08:15:44,2012-10-22,train,550_24
550,1215,70,Train Station,40.939825,-73.835217,2012-10-23 14:49:00,2012-10-22,train,550_24
550,349,70,Train Station,40.75280620914171,-73.97717535495758,2012-10-23 15:23:08,2012-10-22,train,550_24
550,4292,61,Office,40.75142691110971,-73.97468386242315,2012-10-23 15:26:24,2012-10-22,train,550_24
550,361,137,Gym / Fitness Center,40.75231,-73.975419,2012-10-23 17:53:28,2012-10-22,train,550_24
550,4292,61,Office,40.75142691110971,-73.97468386242315,2012-10-24 07:58:12,2012-10-22,train,550_24
550,2128,6,Home (private),40.73122649796362,-73.98887973002674,2012-10-24 21:55:47,2012-10-22,train,550_24
550,2128,6,Home (private),40.73122649796362,-73.98887973002674,2012-10-25 19:14:02,2012-10-22,train,550_24
550,2128,6,Home (private),40.73122649796362,-73.98887973002674,2012-10-26 18:15:27,2012-10-22,train,550_24
550,1235,137,Gym / Fitness Center,40.738949,-73.989828,2012-10-27 15:29:48,2012-10-22,train,550_24
553,4161,301,Neighborhood,40.62038116692997,-73.96068497107262,2012-10-22 05:26:47,2012-10-22,train,553_25
553,2191,138,Gym / Fitness Center,40.60956814519126,-73.95832015434064,2012-10-22 05:32:06,2012-10-22,train,553_25
553,2610,264,Subway,40.60906562433294,-73.95777225494385,2012-10-22 07:51:12,2012-10-22,train,553_25
553,2872,294,River,40.71039864992392,-73.98853826098953,2012-10-22 08:22:31,2012-10-22,train,553_25
553,1145,264,Subway,40.708588361482406,-73.99103164672852,2012-10-22 08:22:56,2012-10-22,train,553_25
553,4161,301,Neighborhood,40.62038116692997,-73.96068497107262,2012-10-23 05:12:11,2012-10-22,train,553_25
553,2610,264,Subway,40.60906562433294,-73.95777225494385,2012-10-23 07:57:03,2012-10-22,train,553_25
553,2872,294,River,40.71039864992392,-73.98853826098953,2012-10-23 08:33:42,2012-10-22,train,553_25
553,472,41,Bar,40.73941066749412,-74.00158825866993,2012-10-23 17:59:13,2012-10-22,train,553_25
553,4161,301,Neighborhood,40.62038116692997,-73.96068497107262,2012-10-24 08:34:09,2012-10-22,train,553_25
553,4161,301,Neighborhood,40.62038116692997,-73.96068497107262,2012-10-25 06:17:52,2012-10-22,train,553_25
553,2610,264,Subway,40.60906562433294,-73.95777225494385,2012-10-25 07:55:36,2012-10-22,train,553_25
553,2872,294,River,40.71039864992392,-73.98853826098953,2012-10-25 08:30:21,2012-10-22,train,553_25
553,4161,301,Neighborhood,40.62038116692997,-73.96068497107262,2012-10-26 07:21:41,2012-10-22,train,553_25
553,2872,294,River,40.71039864992392,-73.98853826098953,2012-10-26 08:19:30,2012-10-22,train,553_25
553,1654,61,Office,40.75241411957849,-73.97532093413172,2012-10-26 08:51:34,2012-10-22,train,553_25
553,4161,301,Neighborhood,40.62038116692997,-73.96068497107262,2012-10-27 09:11:11,2012-10-22,train,553_25
553,5047,6,Home (private),40.619062926127285,-73.96537147003376,2012-10-27 22:01:47,2012-10-22,train,553_25
553,4161,301,Neighborhood,40.62038116692997,-73.96068497107262,2012-10-28 12:27:11,2012-10-22,train,553_25
553,5088,120,Other Great Outdoors,40.78782018739577,-73.79104614257812,2012-10-28 16:50:50,2012-10-22,train,553_25
554,3134,137,Gym / Fitness Center,40.862368662389,-74.2275820939515,2012-10-24 19:10:26,2012-10-22,train,554_3
554,3134,137,Gym / Fitness Center,40.86253812737291,-74.2276967274775,2012-10-27 08:46:09,2012-10-22,train,554_3
555,3759,54,Food & Drink Shop,40.74863806916286,-73.9893417165806,2012-10-22 09:15:26,2012-10-22,train,555_10
555,1949,61,Office,40.74900633787963,-73.98881373185682,2012-10-22 09:19:05,2012-10-22,train,555_10
555,3759,54,Food & Drink Shop,40.74863806916286,-73.9893417165806,2012-10-23 08:54:16,2012-10-22,train,555_10
555,1949,61,Office,40.74900633787963,-73.98881373185682,2012-10-23 09:03:25,2012-10-22,train,555_10
555,3759,54,Food & Drink Shop,40.74863806916286,-73.9893417165806,2012-10-25 09:20:56,2012-10-22,train,555_10
555,1949,61,Office,40.74900633787963,-73.98881373185682,2012-10-25 09:28:58,2012-10-22,train,555_10
555,3604,137,Gym / Fitness Center,40.73814262308764,-73.99070184444935,2012-10-26 07:43:43,2012-10-22,train,555_10
555,3604,137,Gym / Fitness Center,40.73814262308764,-73.99070184444935,2012-10-27 09:11:01,2012-10-22,train,555_10
555,652,260,Food & Drink Shop,40.73652697126574,-73.9905595779419,2012-10-27 11:39:09,2012-10-22,train,555_10
555,111,47,Bar,40.7761672,-73.9561516,2012-10-27 15:51:58,2012-10-22,train,555_10
555,5088,120,Other Great Outdoors,40.78782018739577,-73.79104614257812,2012-10-28 19:31:48,2012-10-22,train,555_10
559,4139,96,Deli / Bodega,40.80507336437818,-73.94108826141857,2012-10-23 16:52:09,2012-10-22,train,559_10
559,4139,96,Deli / Bodega,40.80507336437818,-73.94108826141857,2012-10-24 19:28:36,2012-10-22,train,559_10
559,4139,96,Deli / Bodega,40.80507336437818,-73.94108826141857,2012-10-26 16:49:44,2012-10-22,train,559_10
559,4139,96,Deli / Bodega,40.80507336437818,-73.94108826141857,2012-10-27 07:59:58,2012-10-22,train,559_10
561,1709,77,Government Building,40.7117844949098,-74.00208234786987,2012-10-22 11:11:03,2012-10-22,train,561_25
561,2972,2,Gym / Fitness Center,40.86552989326557,-73.85773713020735,2012-10-22 19:57:59,2012-10-22,train,561_25
561,1709,77,Government Building,40.7117844949098,-74.00208234786987,2012-10-23 09:04:27,2012-10-22,train,561_25
561,5020,222,Coffee Shop,40.70927150719269,-74.00545029067902,2012-10-23 15:06:59,2012-10-22,train,561_25
561,1709,77,Government Building,40.7117844949098,-74.00208234786987,2012-10-24 16:42:53,2012-10-22,train,561_25
561,3968,6,Home (private),40.836080595143486,-73.82426211435131,2012-10-24 21:28:43,2012-10-22,train,561_25
561,3613,37,Bar,40.81010860635189,-73.80350573593947,2012-10-24 21:30:10,2012-10-22,train,561_25
561,3968,6,Home (private),40.836080595143486,-73.82426211435131,2012-10-24 23:20:11,2012-10-22,train,561_25
561,1709,77,Government Building,40.7117844949098,-74.00208234786987,2012-10-26 09:07:53,2012-10-22,train,561_25
565,1163,61,Office,40.73074628073186,-73.99178649647196,2012-10-22 09:09:31,2012-10-22,train,565_18
565,1163,61,Office,40.73074628073186,-73.99178649647196,2012-10-23 09:35:55,2012-10-22,train,565_18
565,227,58,Electronics Store,40.72501469240076,-73.99909973144531,2012-10-24 18:19:08,2012-10-22,train,565_18
565,2736,37,Bar,40.73260908451682,-73.98778071406592,2012-10-25 19:31:26,2012-10-22,train,565_18
565,1163,61,Office,40.73074628073186,-73.99178649647196,2012-10-26 09:24:07,2012-10-22,train,565_18
565,255,48,Bar,40.74311402567613,-73.98917528677009,2012-10-27 00:02:25,2012-10-22,train,565_18
566,4947,136,Office,40.81142848322627,-74.1967430825946,2012-10-22 09:39:36,2012-10-22,train,566_22
566,1070,76,Ferry,40.77662552133105,-74.01072978973389,2012-10-22 11:03:39,2012-10-22,train,566_22
566,1070,76,Ferry,40.77662552133105,-74.01072978973389,2012-10-22 17:01:23,2012-10-22,train,566_22
566,1968,34,Gas Station / Garage,40.812808,-74.19439352,2012-10-25 16:23:41,2012-10-22,train,566_22
566,4947,136,Office,40.81142848322627,-74.1967430825946,2012-10-25 16:34:11,2012-10-22,train,566_22
566,4947,136,Office,40.81142848322627,-74.1967430825946,2012-10-26 09:59:14,2012-10-22,train,566_22
566,2022,108,Gastropub,40.80202685,-74.20413768333333,2012-10-26 18:06:47,2012-10-22,train,566_22
566,1777,42,Food & Drink Shop,40.8377843193101,-74.1840505873695,2012-10-27 13:46:22,2012-10-22,train,566_22
566,2746,6,Home (private),40.810428884265626,-74.20032308006297,2012-10-27 15:07:56,2012-10-22,train,566_22
566,2022,108,Gastropub,40.80202685,-74.20413768333333,2012-10-27 20:55:01,2012-10-22,train,566_22
567,1316,254,Department Store,40.68428103200774,-73.97646306641839,2012-10-23 15:45:36,2012-10-22,train,567_13
567,1780,264,Subway,40.71823728909722,-73.99373531341553,2012-10-26 02:55:04,2012-10-22,train,567_13
567,3977,281,Residential Building (Apartment / Condo),40.64977003699423,-73.9605912566185,2012-10-26 18:03:02,2012-10-22,train,567_13
567,1694,7,Clothing Store,40.75096328487971,-73.99081707000732,2012-10-27 20:03:44,2012-10-22,train,567_13
571,746,222,Coffee Shop,40.7226384919777,-73.99800160642802,2012-10-24 08:35:47,2012-10-22,train,571_3
571,5037,61,Office,40.72257995815579,-73.99767450040193,2012-10-25 11:26:24,2012-10-22,train,571_3
571,5037,61,Office,40.72257995815579,-73.99767450040193,2012-10-26 09:54:28,2012-10-22,train,571_3
571,4594,59,Bar,40.78662301411383,-73.95062281970543,2012-10-26 23:35:29,2012-10-22,train,571_3
571,542,223,Harbor / Marina,40.79111395573717,-73.92594451248924,2012-10-27 09:53:17,2012-10-22,train,571_3
571,247,55,Bar,40.780482,-73.952901,2012-10-27 12:26:55,2012-10-22,train,571_3
571,149,37,Bar,40.735754595656175,-74.00079059301935,2012-10-27 23:07:43,2012-10-22,train,571_3
571,389,37,Bar,40.71990943,-73.987776,2012-10-28 01:16:04,2012-10-22,train,571_3
571,1509,112,Other Great Outdoors,40.78411592042216,-73.96772861480713,2012-10-28 09:43:11,2012-10-22,train,571_3
571,111,47,Bar,40.7761672,-73.9561516,2012-10-28 18:17:22,2012-10-22,train,571_3
572,1324,137,Gym / Fitness Center,40.75723731867925,-73.9669355242481,2012-10-22 20:29:32,2012-10-22,train,572_17
572,1013,222,Coffee Shop,40.75784646513721,-73.97099913603616,2012-10-23 08:38:59,2012-10-22,train,572_17
572,2907,281,Residential Building (Apartment / Condo),40.75757750382832,-73.96870332070132,2012-10-23 22:27:47,2012-10-22,train,572_17
572,2907,281,Residential Building (Apartment / Condo),40.75757750382832,-73.96870332070132,2012-10-24 08:50:49,2012-10-22,train,572_17
572,830,37,Bar,40.73743415035814,-73.99128147407096,2012-10-24 21:47:59,2012-10-22,train,572_17
572,2907,281,Residential Building (Apartment / Condo),40.75757750382832,-73.96870332070132,2012-10-24 23:51:39,2012-10-22,train,572_17
572,357,70,Train Station,40.750794799423865,-73.99357639021292,2012-10-25 19:32:51,2012-10-22,train,572_17
572,1323,70,Train Station,40.747582087041366,-74.17188763618469,2012-10-25 19:59:29,2012-10-22,train,572_17
572,2907,281,Residential Building (Apartment / Condo),40.75757750382832,-73.96870332070132,2012-10-26 08:41:05,2012-10-22,train,572_17
572,674,254,Department Store,40.758017730590645,-73.97692322731018,2012-10-26 18:14:13,2012-10-22,train,572_17
572,439,58,Electronics Store,40.76392076968141,-73.9731227408518,2012-10-26 18:45:34,2012-10-22,train,572_17
572,2907,281,Residential Building (Apartment / Condo),40.75757750382832,-73.96870332070132,2012-10-26 21:42:55,2012-10-22,train,572_17
572,830,37,Bar,40.73743415035814,-73.99128147407096,2012-10-26 23:22:40,2012-10-22,train,572_17
572,192,121,Park,40.73528249691621,-73.99040315158283,2012-10-27 22:27:10,2012-10-22,train,572_17
572,86,21,French Restaurant,40.73826312619508,-73.98783810408904,2012-10-28 02:39:03,2012-10-22,train,572_17
575,2033,42,Food & Drink Shop,40.89883303700218,-74.09218477332547,2012-10-22 15:45:58,2012-10-22,train,575_14
575,2676,269,Miscellaneous Shop,40.89239656932563,-74.11344766616821,2012-10-23 09:20:59,2012-10-22,train,575_14
575,2676,269,Miscellaneous Shop,40.89239656932563,-74.11344766616821,2012-10-25 09:04:39,2012-10-22,train,575_14
575,2676,269,Miscellaneous Shop,40.89239656932563,-74.11344766616821,2012-10-26 08:33:19,2012-10-22,train,575_14
575,2091,95,Chinese Restaurant,40.897141999964994,-74.09510429950069,2012-10-26 13:11:00,2012-10-22,train,575_14
576,2021,166,College Academic Building,40.77214895320598,-73.98764871694762,2012-10-23 15:18:20,2012-10-22,train,576_0
576,2021,166,College Academic Building,40.77214895320598,-73.98764871694762,2012-10-24 12:08:58,2012-10-22,train,576_0
576,1704,97,Diner,40.770983215678605,-73.98713220561226,2012-10-24 12:23:19,2012-10-22,train,576_0
576,668,130,Burger Joint,40.75638015812107,-73.99022161960602,2012-10-24 19:15:19,2012-10-22,train,576_0
576,2711,174,College Academic Building,40.776676566038034,-73.98056665158647,2012-10-24 23:06:49,2012-10-22,train,576_0
576,5086,281,Residential Building (Apartment / Condo),40.776898,-73.980176,2012-10-24 23:10:12,2012-10-22,train,576_0
576,2021,166,College Academic Building,40.77214895320598,-73.98764871694762,2012-10-25 08:23:29,2012-10-22,train,576_0
576,2711,174,College Academic Building,40.776676566038034,-73.98056665158647,2012-10-25 13:21:55,2012-10-22,train,576_0
576,2021,166,College Academic Building,40.77214895320598,-73.98764871694762,2012-10-25 15:00:35,2012-10-22,train,576_0
576,2711,174,College Academic Building,40.776676566038034,-73.98056665158647,2012-10-27 11:35:00,2012-10-22,train,576_0
576,5086,281,Residential Building (Apartment / Condo),40.776898,-73.980176,2012-10-27 23:55:54,2012-10-22,train,576_0
576,2711,174,College Academic Building,40.776676566038034,-73.98056665158647,2012-10-27 23:56:27,2012-10-22,train,576_0
576,2711,174,College Academic Building,40.776676566038034,-73.98056665158647,2012-10-28 13:12:16,2012-10-22,train,576_0
576,5086,281,Residential Building (Apartment / Condo),40.776898,-73.980176,2012-10-28 21:09:45,2012-10-22,train,576_0
578,1125,137,Gym / Fitness Center,40.7604948873082,-73.96458800324365,2012-10-22 08:29:56,2012-10-22,train,578_10
578,1462,138,Gym / Fitness Center,40.74516719837307,-73.976945170474,2012-10-25 08:36:39,2012-10-22,train,578_10
578,1334,222,Coffee Shop,40.73500513446808,-73.99326138382618,2012-10-27 16:48:30,2012-10-22,train,578_10
580,3201,6,Home (private),40.69617272249676,-73.81249842275241,2012-10-23 23:46:21,2012-10-22,train,580_11
580,1849,58,Electronics Store,40.75364621555035,-73.91210859193421,2012-10-24 15:21:53,2012-10-22,train,580_11
580,970,163,Medical Center,40.738665,-73.975303,2012-10-25 12:40:43,2012-10-22,train,580_11
580,3201,6,Home (private),40.69617272249676,-73.81249842275241,2012-10-25 16:28:34,2012-10-22,train,580_11
580,1849,58,Electronics Store,40.75364621555035,-73.91210859193421,2012-10-26 09:52:49,2012-10-22,train,580_11
580,3201,6,Home (private),40.69617272249676,-73.81249842275241,2012-10-26 18:24:49,2012-10-22,train,580_11
580,2991,254,Department Store,40.66094628812604,-73.7224412643994,2012-10-27 19:37:40,2012-10-22,train,580_11
581,3009,301,Neighborhood,40.72288437724696,-73.99875640869139,2012-10-22 18:18:11,2012-10-22,train,581_3
581,5026,14,Clothing Store,40.723199218995006,-73.99869598754455,2012-10-22 18:18:23,2012-10-22,train,581_3
581,11,37,Bar,40.72988845526377,-74.00061269591029,2012-10-23 00:24:03,2012-10-22,train,581_3
581,3009,301,Neighborhood,40.72288437724696,-73.99875640869139,2012-10-25 15:56:02,2012-10-22,train,581_3
581,4466,214,Bar,40.76000064275873,-73.99648189544678,2012-10-26 02:13:19,2012-10-22,train,581_3
582,590,256,Furniture / Home Store,40.67168753532757,-74.01038646697998,2012-10-27 13:09:24,2012-10-22,train,582_8
582,2180,216,Tea Room,40.74095989432878,-73.98918102573148,2012-10-27 17:34:26,2012-10-22,train,582_8
582,3116,319,Market,40.74186151409088,-73.98943362953369,2012-10-27 18:20:01,2012-10-22,train,582_8
582,486,147,Movie Theater,40.74276195733468,-73.97692322731018,2012-10-27 19:31:44,2012-10-22,train,582_8
584,788,138,Gym / Fitness Center,40.744372067717286,-73.99622260200258,2012-10-25 12:49:46,2012-10-22,train,584_8
584,210,232,Music Venue,40.72930063756496,-73.99192996850243,2012-10-26 21:04:22,2012-10-22,train,584_8
587,439,58,Electronics Store,40.76392076968141,-73.9731227408518,2012-10-22 20:22:08,2012-10-22,train,587_2
587,478,146,Movie Theater,40.75699374459088,-73.98907899856567,2012-10-22 21:38:03,2012-10-22,train,587_2
587,3007,26,Drugstore / Pharmacy,40.64153995987908,-73.93751621246338,2012-10-23 18:35:24,2012-10-22,train,587_2
587,3007,26,Drugstore / Pharmacy,40.64153995987908,-73.93751621246338,2012-10-24 17:44:22,2012-10-22,train,587_2
587,479,265,Mall,40.73405557647634,-73.87084722518921,2012-10-27 17:49:19,2012-10-22,train,587_2
588,1833,222,Coffee Shop,40.70813495353977,-73.83076429367065,2012-10-23 07:12:56,2012-10-22,train,588_23
588,1833,222,Coffee Shop,40.70813495353977,-73.83076429367065,2012-10-24 07:00:48,2012-10-22,train,588_23
588,3183,221,Bridge,40.67158174962631,-73.9984667301178,2012-10-24 07:42:35,2012-10-22,train,588_23
588,1833,222,Coffee Shop,40.70813495353977,-73.83076429367065,2012-10-26 07:03:31,2012-10-22,train,588_23
588,3183,221,Bridge,40.67158174962631,-73.9984667301178,2012-10-26 13:40:16,2012-10-22,train,588_23
588,1833,222,Coffee Shop,40.70813495353977,-73.83076429367065,2012-10-27 07:32:37,2012-10-22,train,588_23
588,1841,162,Medical Center,40.711574723840826,-73.8571571019757,2012-10-27 10:55:42,2012-10-22,train,588_23
588,2537,263,Laundry Service,40.723876,-73.848102,2012-10-27 11:02:58,2012-10-22,train,588_23
588,3456,284,Historic Site,40.79301881008675,-73.94794464111328,2012-10-28 08:49:29,2012-10-22,train,588_23
589,2822,70,Train Station,40.741209362255695,-73.95635604858398,2012-10-22 08:41:31,2012-10-22,train,589_12
589,1002,70,Train Station,40.69902344282463,-73.81001472473143,2012-10-23 08:10:06,2012-10-22,train,589_12
589,1002,70,Train Station,40.69902344282463,-73.81001472473143,2012-10-24 08:16:53,2012-10-22,train,589_12
589,2822,70,Train Station,40.741209362255695,-73.95635604858398,2012-10-25 08:38:47,2012-10-22,train,589_12
589,2822,70,Train Station,40.741209362255695,-73.95635604858398,2012-10-26 18:06:53,2012-10-22,train,589_12
589,1775,71,Train Station,40.69114924783757,-73.76555442810059,2012-10-26 18:44:12,2012-10-22,train,589_12
591,4583,90,School,40.69402062684463,-73.92782749938354,2012-10-23 07:41:34,2012-10-22,train,591_3
591,4583,90,School,40.69402062684463,-73.92782749938354,2012-10-24 07:43:46,2012-10-22,train,591_3
591,4583,90,School,40.69402062684463,-73.92782749938354,2012-10-25 08:28:54,2012-10-22,train,591_3
591,4583,90,School,40.69402062684463,-73.92782749938354,2012-10-26 08:46:10,2012-10-22,train,591_3
591,4205,254,Department Store,40.66011956025834,-74.10706872119144,2012-10-27 11:54:47,2012-10-22,train,591_3
592,1577,2,Gym / Fitness Center,40.748818545337386,-73.99218821788688,2012-10-22 17:16:09,2012-10-22,train,592_19
592,1577,2,Gym / Fitness Center,40.748818545337386,-73.99218821788688,2012-10-23 17:11:40,2012-10-22,train,592_19
592,1313,2,Gym / Fitness Center,40.71926874226221,-74.00171450760502,2012-10-24 07:07:09,2012-10-22,train,592_19
592,1313,2,Gym / Fitness Center,40.71926874226221,-74.00171450760502,2012-10-24 17:22:49,2012-10-22,train,592_19
592,1577,2,Gym / Fitness Center,40.748818545337386,-73.99218821788688,2012-10-26 14:21:09,2012-10-22,train,592_19
592,4594,59,Bar,40.78662301411383,-73.95062281970543,2012-10-26 16:52:25,2012-10-22,train,592_19
592,709,130,Burger Joint,40.760305214599946,-73.99120686837627,2012-10-27 19:55:58,2012-10-22,train,592_19
599,30,310,Concert Hall,40.78055870045957,-73.98077326334892,2012-10-24 21:18:11,2012-10-22,train,599_9
599,943,232,Music Venue,40.71863980562837,-73.95997166633606,2012-10-26 21:37:06,2012-10-22,train,599_9
608,1298,221,Bridge,40.82809886666084,-73.93391132354736,2012-10-22 08:29:03,2012-10-22,train,608_22
608,498,27,Italian Restaurant,40.81399873498576,-73.96054721555308,2012-10-22 12:39:16,2012-10-22,train,608_22
608,1094,222,Coffee Shop,40.80704983333333,-73.96448956666666,2012-10-24 12:37:22,2012-10-22,train,608_22
608,1298,221,Bridge,40.82809886666084,-73.93391132354736,2012-10-25 08:25:43,2012-10-22,train,608_22
608,1718,165,College Academic Building,40.8121202519876,-73.96193504333496,2012-10-25 09:13:03,2012-10-22,train,608_22
608,3973,301,Neighborhood,40.81209887355516,-73.90957668420633,2012-10-25 21:43:46,2012-10-22,train,608_22
608,1298,221,Bridge,40.82809886666084,-73.93391132354736,2012-10-26 08:28:31,2012-10-22,train,608_22
608,966,103,Southern / Soul Food Restaurant,40.81111202333411,-73.95779782440798,2012-10-26 12:26:35,2012-10-22,train,608_22
608,1298,221,Bridge,40.82809886666084,-73.93391132354736,2012-10-26 18:03:49,2012-10-22,train,608_22
608,604,86,Theater,40.772124376373135,-73.98369312286377,2012-10-27 12:55:42,2012-10-22,train,608_22
608,728,95,Chinese Restaurant,40.775141896747336,-73.98249501939839,2012-10-28 13:47:03,2012-10-22,train,608_22
608,1298,221,Bridge,40.82809886666084,-73.93391132354736,2012-10-28 15:38:24,2012-10-22,train,608_22
608,3973,301,Neighborhood,40.81235648691451,-73.90973744123112,2012-10-28 23:24:23,2012-10-22,train,608_22
609,4981,50,Bar,40.77539049223428,-73.95306809124237,2012-10-22 18:30:44,2012-10-22,train,609_16
609,428,47,Bar,40.77665985450536,-73.95561665117526,2012-10-22 18:48:28,2012-10-22,train,609_16
609,1285,137,Gym / Fitness Center,40.77800831707478,-73.9541472153185,2012-10-24 18:33:32,2012-10-22,train,609_16
609,1038,37,Bar,40.70935512791738,-74.01115998713983,2012-10-25 21:18:17,2012-10-22,train,609_16
609,691,37,Bar,40.77138107266706,-73.95646042374283,2012-10-28 15:37:13,2012-10-22,train,609_16
609,964,220,BBQ Joint,40.77154999996037,-73.95620001877374,2012-10-28 17:53:55,2012-10-22,train,609_16
609,178,220,BBQ Joint,40.772301,-73.955844,2012-10-28 18:29:27,2012-10-22,train,609_16
610,2733,80,Building,40.82749248,-73.8566178,2012-10-23 08:46:13,2012-10-22,train,610_20
610,2697,58,Electronics Store,40.82593,-73.85714,2012-10-24 15:20:04,2012-10-22,train,610_20
610,2733,80,Building,40.82749248,-73.8566178,2012-10-24 15:20:29,2012-10-22,train,610_20
610,2733,80,Building,40.82749248,-73.8566178,2012-10-25 14:38:54,2012-10-22,train,610_20
610,2733,80,Building,40.82749248,-73.8566178,2012-10-26 18:25:40,2012-10-22,train,610_20
610,2510,26,Drugstore / Pharmacy,40.83274925601631,-73.86167093990406,2012-10-26 18:26:00,2012-10-22,train,610_20
613,4966,6,Home (private),40.73928283947823,-73.90658830179062,2012-10-22 19:03:37,2012-10-22,train,613_10
613,4966,6,Home (private),40.73928283947823,-73.90658830179062,2012-10-24 21:03:24,2012-10-22,train,613_10
613,4966,6,Home (private),40.73928283947823,-73.90658830179062,2012-10-25 18:25:35,2012-10-22,train,613_10
614,507,59,Bar,40.737977,-73.99069,2012-10-23 13:23:36,2012-10-22,train,614_17
614,490,138,Gym / Fitness Center,40.74272121548715,-73.99276210416295,2012-10-24 12:08:00,2012-10-22,train,614_17
614,2941,42,Food & Drink Shop,40.74174,-73.99365,2012-10-25 15:59:40,2012-10-22,train,614_17
614,3009,301,Neighborhood,40.72288437724696,-73.99875640869139,2012-10-26 18:29:49,2012-10-22,train,614_17
614,1514,264,Subway,40.73977358599364,-74.00257587432861,2012-10-27 14:36:33,2012-10-22,train,614_17
614,1247,35,Bookstore,40.73315770692589,-73.99108061251917,2012-10-27 17:49:32,2012-10-22,train,614_17
614,408,209,Sushi Restaurant,40.743908,-73.995035,2012-10-28 14:26:38,2012-10-22,train,614_17
618,5008,292,Factory,40.63391229638499,-74.01006396817799,2012-10-22 11:02:20,2012-10-22,train,618_4
618,2942,222,Coffee Shop,40.61960195296289,-74.00806701695224,2012-10-26 06:49:24,2012-10-22,train,618_4
621,1373,183,University,40.69331340019489,-73.99198161840714,2012-10-22 13:03:44,2012-10-22,train,621_11
621,1373,183,University,40.69331340019489,-73.99198161840714,2012-10-24 08:33:28,2012-10-22,train,621_11
621,1480,222,Coffee Shop,40.69238982068587,-73.99091631174088,2012-10-24 12:25:47,2012-10-22,train,621_11
621,1373,183,University,40.69331340019489,-73.99198161840714,2012-10-25 17:27:22,2012-10-22,train,621_11
621,1373,183,University,40.69331340019489,-73.99198161840714,2012-10-26 08:59:38,2012-10-22,train,621_11
621,1502,194,Mexican Restaurant,40.69415730258867,-73.99187257970313,2012-10-26 12:52:06,2012-10-22,train,621_11
621,4937,6,Home (private),40.7062774576441,-73.88307005845945,2012-10-28 16:10:48,2012-10-22,train,621_11
624,860,259,Hotel,40.74587751338479,-73.98814227092514,2012-10-22 11:05:04,2012-10-22,train,624_13
624,1897,138,Gym / Fitness Center,40.74667352978544,-73.98154231629059,2012-10-22 19:36:08,2012-10-22,train,624_13
624,3789,130,Burger Joint,40.74797621250927,-73.9928596646591,2012-10-24 18:51:57,2012-10-22,train,624_13
624,4653,128,Bakery,40.74764847532018,-73.99302035242692,2012-10-26 11:49:32,2012-10-22,train,624_13
624,3974,212,Hotel,40.744030085263496,-73.98403884753738,2012-10-27 01:51:58,2012-10-22,train,624_13
626,2757,121,Park,40.97407205524195,-73.96234376939638,2012-10-22 09:53:06,2012-10-22,train,626_6
626,4855,6,Home (private),40.974462476997545,-73.96537147003376,2012-10-22 19:11:50,2012-10-22,train,626_6
626,1814,222,Coffee Shop,40.972154374213545,-73.96090507507324,2012-10-23 16:55:28,2012-10-22,train,626_6
626,4855,6,Home (private),40.974462476997545,-73.96537147003376,2012-10-23 17:08:02,2012-10-22,train,626_6
626,4536,6,Home (private),40.94660079949698,-73.97712595918333,2012-10-23 19:45:44,2012-10-22,train,626_6
626,1814,222,Coffee Shop,40.972154374213545,-73.96090507507324,2012-10-24 06:23:09,2012-10-22,train,626_6
626,3994,282,Convenience Store,40.9728397699418,-73.96039224047603,2012-10-24 13:34:03,2012-10-22,train,626_6
626,2757,121,Park,40.97396631754207,-73.9621313980889,2012-10-24 20:10:00,2012-10-22,train,626_6
626,1814,222,Coffee Shop,40.972154374213545,-73.96090507507324,2012-10-25 05:24:32,2012-10-22,train,626_6
626,4545,6,Home (private),40.94660079949698,-73.97712595918333,2012-10-25 19:55:19,2012-10-22,train,626_6
626,1814,222,Coffee Shop,40.972154374213545,-73.96090507507324,2012-10-26 09:57:51,2012-10-22,train,626_6
626,3528,317,City,40.88595663003309,-74.0434956550598,2012-10-26 20:38:06,2012-10-22,train,626_6
626,4545,6,Home (private),40.94660079949698,-73.97712595918333,2012-10-27 07:06:21,2012-10-22,train,626_6
626,2386,42,Food & Drink Shop,40.96923810268508,-73.9630937576294,2012-10-27 13:28:24,2012-10-22,train,626_6
626,4536,6,Home (private),40.94660079949698,-73.97712595918333,2012-10-27 14:10:40,2012-10-22,train,626_6
626,1814,222,Coffee Shop,40.972154374213545,-73.96090507507324,2012-10-27 19:01:35,2012-10-22,train,626_6
626,1596,132,Fast Food Restaurant,40.85446165720632,-74.07096147537231,2012-10-27 21:23:28,2012-10-22,train,626_6
626,1814,222,Coffee Shop,40.972154374213545,-73.96090507507324,2012-10-28 05:36:36,2012-10-22,train,626_6
626,5088,120,Other Great Outdoors,40.78782018739577,-73.79104614257812,2012-10-28 18:36:37,2012-10-22,train,626_6
626,4536,6,Home (private),40.94660079949698,-73.97712595918333,2012-10-28 19:12:21,2012-10-22,train,626_6
633,985,288,Ferry,40.6444055420497,-74.0729570388794,2012-10-22 05:56:34,2012-10-22,train,633_11
633,1884,35,Bookstore,40.59245497715398,-74.16285436034939,2012-10-22 06:43:16,2012-10-22,train,633_11
633,3573,222,Coffee Shop,40.59244808052431,-74.16294036561932,2012-10-22 09:22:59,2012-10-22,train,633_11
633,5007,281,Residential Building (Apartment / Condo),40.62506712088796,-74.07837233484676,2012-10-22 18:00:50,2012-10-22,train,633_11
633,3573,222,Coffee Shop,40.59244808052431,-74.16294036561932,2012-10-23 14:14:17,2012-10-22,train,633_11
633,985,288,Ferry,40.6444055420497,-74.0729570388794,2012-10-23 21:35:28,2012-10-22,train,633_11
633,2507,122,Plaza,40.6372657806203,-74.07631516456604,2012-10-23 21:43:15,2012-10-22,train,633_11
633,2157,121,Park,40.62689263449373,-74.07646536827087,2012-10-23 22:06:28,2012-10-22,train,633_11
633,5007,281,Residential Building (Apartment / Condo),40.62506712088796,-74.07837233484676,2012-10-23 22:08:05,2012-10-22,train,633_11
633,2157,121,Park,40.62689263449373,-74.07646536827087,2012-10-24 13:36:01,2012-10-22,train,633_11
633,2507,122,Plaza,40.6372657806203,-74.07631516456604,2012-10-24 13:48:24,2012-10-22,train,633_11
633,985,288,Ferry,40.6444055420497,-74.0729570388794,2012-10-24 13:58:09,2012-10-22,train,633_11
633,3340,73,Bus Station,40.64329716786612,-74.0743798469562,2012-10-24 14:04:54,2012-10-22,train,633_11
633,1884,35,Bookstore,40.59245497715398,-74.16285436034939,2012-10-24 14:58:01,2012-10-22,train,633_11
633,3573,222,Coffee Shop,40.59244808052431,-74.16294036561932,2012-10-24 16:30:05,2012-10-22,train,633_11
633,985,288,Ferry,40.6444055420497,-74.0729570388794,2012-10-24 21:29:06,2012-10-22,train,633_11
633,1884,35,Bookstore,40.59245497715398,-74.16285436034939,2012-10-26 14:27:07,2012-10-22,train,633_11
634,2366,264,Subway,40.8670224993816,-73.8939356803894,2012-10-22 21:50:29,2012-10-22,train,634_18
634,2027,66,Arts & Crafts Store,40.82939777183173,-74.13660049438477,2012-10-23 09:01:55,2012-10-22,train,634_18
634,1863,35,Bookstore,40.8292029376781,-74.13943290710449,2012-10-25 22:29:33,2012-10-22,train,634_18
634,1522,264,Subway,40.71037756449118,-74.00755405426025,2012-10-26 13:49:25,2012-10-22,train,634_18
634,2473,19,Bank,40.75593488044145,-73.990954356579,2012-10-26 14:34:58,2012-10-22,train,634_18
634,2027,66,Arts & Crafts Store,40.82939777183173,-74.13660049438477,2012-10-28 09:50:16,2012-10-22,train,634_18
636,908,256,Furniture / Home Store,40.76266834615508,-73.96865740411552,2012-10-24 13:50:36,2012-10-22,train,636_21
636,908,256,Furniture / Home Store,40.76266834615508,-73.96865740411552,2012-10-26 09:43:23,2012-10-22,train,636_21
642,660,122,Plaza,40.76803326982161,-73.98186922073364,2012-10-24 08:08:33,2012-10-22,train,642_0
642,192,121,Park,40.73528249691621,-73.99040315158283,2012-10-27 22:13:20,2012-10-22,train,642_0
645,41,42,Food & Drink Shop,40.780557679970805,-73.98171901702881,2012-10-22 16:46:28,2012-10-22,train,645_5
645,1526,137,Gym / Fitness Center,40.78135679017438,-73.97971724534096,2012-10-24 13:20:52,2012-10-22,train,645_5
645,41,42,Food & Drink Shop,40.780557679970805,-73.98171901702881,2012-10-24 14:38:53,2012-10-22,train,645_5
645,1158,42,Food & Drink Shop,40.77856926162736,-73.97810451099409,2012-10-24 15:46:53,2012-10-22,train,645_5
645,1526,137,Gym / Fitness Center,40.78135679017438,-73.97971724534096,2012-10-26 14:01:26,2012-10-22,train,645_5
645,19,232,Music Venue,40.76311180427145,-73.98413641246766,2012-10-27 19:56:56,2012-10-22,train,645_5
648,3599,61,Office,40.759838111199954,-73.98109674453735,2012-10-22 11:51:07,2012-10-22,train,648_15
648,981,4,Gym / Fitness Center,40.73426694935767,-73.99088144302367,2012-10-22 19:12:29,2012-10-22,train,648_15
648,981,4,Gym / Fitness Center,40.73426694935767,-73.99088144302367,2012-10-24 19:27:39,2012-10-22,train,648_15
648,981,4,Gym / Fitness Center,40.73426694935767,-73.99088144302367,2012-10-26 06:54:34,2012-10-22,train,648_15
648,576,102,American Restaurant,40.731155872068506,-73.98872764725327,2012-10-26 21:24:26,2012-10-22,train,648_15
648,620,222,Coffee Shop,40.73378729454453,-73.99303525686264,2012-10-27 11:26:24,2012-10-22,train,648_15
649,436,241,Airport,40.68968493541091,-74.17938709259033,2012-10-22 07:04:51,2012-10-22,train,649_9
649,1921,239,Airport,40.69576975606927,-74.1773271560669,2012-10-22 07:05:14,2012-10-22,train,649_9
649,436,241,Airport,40.68968493541091,-74.17938709259033,2012-10-25 16:20:29,2012-10-22,train,649_9
649,4697,281,Residential Building (Apartment / Condo),40.78903346881927,-74.02381826342395,2012-10-25 17:57:57,2012-10-22,train,649_9
649,4697,281,Residential Building (Apartment / Condo),40.78903346881927,-74.02381826342395,2012-10-27 03:02:47,2012-10-22,train,649_9
652,3192,263,Laundry Service,40.729545,-73.986137,2012-10-23 17:56:59,2012-10-22,train,652_18
652,431,42,Food & Drink Shop,40.733650249582254,-73.98775201904792,2012-10-23 22:02:07,2012-10-22,train,652_18
652,431,42,Food & Drink Shop,40.733650249582254,-73.98775201904792,2012-10-26 14:13:49,2012-10-22,train,652_18
652,89,58,Electronics Store,40.730928,-73.991353,2012-10-26 15:12:06,2012-10-22,train,652_18
652,2794,39,Beer Garden,40.73064099842995,-73.98425102233887,2012-10-27 18:12:46,2012-10-22,train,652_18
652,19,232,Music Venue,40.76311180427145,-73.98413641246766,2012-10-28 00:18:17,2012-10-22,train,652_18
663,2282,317,City,40.81865913047343,-74.00348772248712,2012-10-22 18:50:48,2012-10-22,train,663_22
663,2374,42,Food & Drink Shop,40.85215695470352,-74.00433540344238,2012-10-23 16:30:12,2012-10-22,train,663_22
663,4437,61,Office,40.843089,-73.973083,2012-10-27 09:11:51,2012-10-22,train,663_22
663,4437,61,Office,40.843089,-73.973083,2012-10-28 09:07:14,2012-10-22,train,663_22
663,5088,120,Other Great Outdoors,40.78782018739577,-73.79104614257812,2012-10-28 17:02:41,2012-10-22,train,663_22
666,929,163,Medical Center,40.741933755026,-73.97469534121134,2012-10-22 20:04:47,2012-10-22,train,666_9
666,929,163,Medical Center,40.74196016330615,-73.9743796742868,2012-10-25 19:48:14,2012-10-22,train,666_9
667,407,42,Food & Drink Shop,40.73485228613973,-73.99108529090881,2012-10-23 09:42:48,2012-10-22,train,667_7
667,192,121,Park,40.73528249691621,-73.99040315158283,2012-10-23 09:44:06,2012-10-22,train,667_7
667,423,70,Train Station,40.68456336807219,-73.97761667053776,2012-10-23 12:32:06,2012-10-22,train,667_7
667,192,121,Park,40.73528249691621,-73.99040315158283,2012-10-25 19:04:12,2012-10-22,train,667_7
667,690,202,Pizza Place,40.59464553547787,-73.98148492438628,2012-10-26 11:11:45,2012-10-22,train,667_7
667,996,264,Subway,40.67837610578439,-73.90339851379395,2012-10-26 14:46:47,2012-10-22,train,667_7
667,2361,156,Stadium,40.68312,-73.975979,2012-10-26 21:18:07,2012-10-22,train,667_7
667,2361,156,Stadium,40.68312,-73.975979,2012-10-27 16:06:47,2012-10-22,train,667_7
667,344,43,Bar,40.7247422555938,-73.98729289817663,2012-10-28 01:58:24,2012-10-22,train,667_7
667,1832,42,Food & Drink Shop,40.582704252811,-73.98557118513084,2012-10-28 15:19:47,2012-10-22,train,667_7
668,2267,70,Train Station,40.79263095814757,-74.2000937461853,2012-10-22 08:24:52,2012-10-22,train,668_20
668,3440,6,Home (private),40.79067094456822,-74.20032308006297,2012-10-22 08:25:29,2012-10-22,train,668_20
668,774,61,Office,40.75790395514735,-73.9864182472229,2012-10-22 09:43:16,2012-10-22,train,668_20
668,357,70,Train Station,40.750794799423865,-73.99357639021292,2012-10-23 09:02:23,2012-10-22,train,668_20
668,357,70,Train Station,40.750794799423865,-73.99357639021292,2012-10-25 09:03:30,2012-10-22,train,668_20
668,1323,70,Train Station,40.747582087041366,-74.17188763618469,2012-10-25 18:47:42,2012-10-22,train,668_20
668,3440,6,Home (private),40.79067094456822,-74.20032308006297,2012-10-26 08:31:13,2012-10-22,train,668_20
668,774,61,Office,40.75790395514735,-73.9864182472229,2012-10-26 09:30:08,2012-10-22,train,668_20
668,3440,6,Home (private),40.79067094456822,-74.20032308006297,2012-10-27 01:53:25,2012-10-22,train,668_20
668,1630,97,Diner,40.80381274223328,-74.19446,2012-10-27 16:52:24,2012-10-22,train,668_20
670,2870,96,Deli / Bodega,40.812158822891696,-74.19442355632782,2012-10-22 05:56:50,2012-10-22,train,670_15
670,2870,96,Deli / Bodega,40.812158822891696,-74.19442355632782,2012-10-23 07:04:17,2012-10-22,train,670_15
670,2388,263,Laundry Service,40.81265281345007,-74.1908326387543,2012-10-23 07:25:51,2012-10-22,train,670_15
670,2870,96,Deli / Bodega,40.812158822891696,-74.19442355632782,2012-10-24 05:49:42,2012-10-22,train,670_15
670,4146,6,Home (private),40.79726155986237,-74.17684116064805,2012-10-24 06:26:54,2012-10-22,train,670_15
670,2870,96,Deli / Bodega,40.812158822891696,-74.19442355632782,2012-10-24 18:09:23,2012-10-22,train,670_15
670,2870,96,Deli / Bodega,40.812158822891696,-74.19442355632782,2012-10-25 05:46:15,2012-10-22,train,670_15
670,3605,6,Home (private),40.81866124816049,-74.1885824928771,2012-10-25 06:11:53,2012-10-22,train,670_15
670,4146,6,Home (private),40.79726155986237,-74.17684116064805,2012-10-25 06:31:03,2012-10-22,train,670_15
670,3605,6,Home (private),40.81866124816049,-74.1885824928771,2012-10-25 21:12:13,2012-10-22,train,670_15
670,2870,96,Deli / Bodega,40.812158822891696,-74.19442355632782,2012-10-26 05:49:13,2012-10-22,train,670_15
670,2948,42,Food & Drink Shop,40.79691751000055,-74.17977333068848,2012-10-26 18:09:26,2012-10-22,train,670_15
670,2870,96,Deli / Bodega,40.812158822891696,-74.19442355632782,2012-10-27 06:13:58,2012-10-22,train,670_15
670,2594,98,Donut Shop,40.802794,-74.169468,2012-10-27 08:58:28,2012-10-22,train,670_15
670,4635,96,Deli / Bodega,40.79765284526543,-74.14848518837883,2012-10-27 11:19:20,2012-10-22,train,670_15
670,1777,42,Food & Drink Shop,40.8377843193101,-74.1840505873695,2012-10-27 13:16:04,2012-10-22,train,670_15
670,1501,254,Department Store,40.824648526250215,-74.13560271263123,2012-10-27 16:23:26,2012-10-22,train,670_15
670,1887,128,Bakery,40.80887397382197,-74.19238049391119,2012-10-28 06:59:11,2012-10-22,train,670_15
672,635,138,Gym / Fitness Center,40.72700139784567,-73.95298773069769,2012-10-22 17:49:54,2012-10-22,train,672_4
672,3852,50,Bar,40.723733,-73.951196,2012-10-27 17:05:11,2012-10-22,train,672_4
675,1322,183,University,40.81022009968992,-73.96047592163086,2012-10-23 19:18:26,2012-10-22,train,675_18
675,4949,61,Office,40.76217040100198,-73.97281408309937,2012-10-24 10:26:55,2012-10-22,train,675_18
675,4949,61,Office,40.76217040100198,-73.97281408309937,2012-10-25 10:05:48,2012-10-22,train,675_18
675,357,70,Train Station,40.750794799423865,-73.99357639021292,2012-10-27 19:14:05,2012-10-22,train,675_18
677,2359,257,Road,40.77114935894503,-73.99442195892334,2012-10-23 19:03:04,2012-10-22,train,677_0
677,919,221,Bridge,40.85121557428245,-73.95206451416016,2012-10-23 19:08:40,2012-10-22,train,677_0
677,1747,222,Coffee Shop,40.7591180719511,-73.98258684595439,2012-10-25 12:18:41,2012-10-22,train,677_0
677,5088,120,Other Great Outdoors,40.78782018739577,-73.79104614257812,2012-10-27 10:13:53,2012-10-22,train,677_0
677,322,55,Bar,40.753926,-73.991544,2012-10-28 00:55:59,2012-10-22,train,677_0
678,2823,257,Road,40.75961056634999,-73.85473251342773,2012-10-23 18:23:44,2012-10-22,train,678_14
678,2582,301,Neighborhood,40.69433808355395,-73.91874074935913,2012-10-26 10:30:34,2012-10-22,train,678_14
678,4628,6,Home (private),40.67008028629618,-73.90658830179062,2012-10-28 17:43:11,2012-10-22,train,678_14
678,5088,120,Other Great Outdoors,40.78782018739577,-73.79104614257812,2012-10-28 18:13:55,2012-10-22,train,678_14
684,2011,301,Neighborhood,40.74831361076324,-73.98822069168091,2012-10-23 11:55:12,2012-10-22,train,684_13
684,812,97,Diner,40.76388516931237,-73.98838904743799,2012-10-24 22:04:00,2012-10-22,train,684_13
684,2111,222,Coffee Shop,40.75891912502798,-73.99229725641148,2012-10-25 09:10:26,2012-10-22,train,684_13
684,2669,214,Bar,40.740787336369145,-73.99331877220993,2012-10-26 20:22:44,2012-10-22,train,684_13
684,3301,214,Bar,40.76421262848506,-73.9870174251268,2012-10-26 23:44:58,2012-10-22,train,684_13
684,1484,214,Bar,40.760871,-73.990166,2012-10-27 00:19:34,2012-10-22,train,684_13
684,893,194,Mexican Restaurant,40.759534,-73.991765,2012-10-27 21:02:20,2012-10-22,train,684_13
684,2111,222,Coffee Shop,40.75891912502798,-73.99229725641148,2012-10-28 13:10:49,2012-10-22,train,684_13
685,1005,122,Plaza,40.72899240866846,-73.98877929802003,2012-10-26 16:56:18,2012-10-22,train,685_11
685,1238,202,Pizza Place,40.72896655880699,-73.98838904743799,2012-10-26 17:05:08,2012-10-22,train,685_11
686,5085,61,Office,40.74031183206588,-73.98946223462914,2012-10-23 15:14:15,2012-10-22,train,686_20
686,695,31,Bar,40.741128,-73.989902,2012-10-25 16:23:13,2012-10-22,train,686_20
688,937,163,Medical Center,40.5847565470127,-74.08510208129883,2012-10-22 07:44:39,2012-10-22,train,688_10
688,937,163,Medical Center,40.5847565470127,-74.08510208129883,2012-10-24 10:21:12,2012-10-22,train,688_10
694,3643,106,Burrito Place,40.80494,-73.992149,2012-10-22 09:14:46,2012-10-22,train,694_22
694,3368,6,Home (private),40.76597116277859,-74.16509908485864,2012-10-22 21:43:12,2012-10-22,train,694_22
694,3650,183,University,40.710173556374286,-74.08774517133206,2012-10-23 14:52:19,2012-10-22,train,694_22
694,3643,106,Burrito Place,40.80494,-73.992149,2012-10-24 10:08:54,2012-10-22,train,694_22
694,3643,106,Burrito Place,40.80494,-73.992149,2012-10-26 10:23:59,2012-10-22,train,694_22
694,3368,6,Home (private),40.76597116277859,-74.16509908485864,2012-10-27 17:22:22,2012-10-22,train,694_22
694,3368,6,Home (private),40.76597116277859,-74.16509908485864,2012-10-28 03:24:03,2012-10-22,train,694_22
694,2314,259,Hotel,40.70413141043032,-74.1860818862915,2012-10-28 09:54:50,2012-10-22,train,694_22
695,1216,222,Coffee Shop,40.77762296,-73.9822,2012-10-25 07:08:18,2012-10-22,train,695_8
695,4086,70,Train Station,40.74947590412627,-73.99223327636719,2012-10-26 17:50:58,2012-10-22,train,695_8
695,1733,264,Subway,40.75650612666626,-73.98802757263184,2012-10-28 01:01:33,2012-10-22,train,695_8
695,587,266,Bus Station,40.75722129839836,-73.99154663085938,2012-10-28 08:07:41,2012-10-22,train,695_8
697,1960,44,Food & Drink Shop,40.7373,-74.03744,2012-10-23 19:04:36,2012-10-22,train,697_22
697,2627,6,Home (private),40.863020847419,-74.0828838592642,2012-10-25 02:11:46,2012-10-22,train,697_22
697,3624,37,Bar,40.863929,-74.079579,2012-10-25 02:11:54,2012-10-22,train,697_22
697,1960,44,Food & Drink Shop,40.7373,-74.03744,2012-10-25 16:13:27,2012-10-22,train,697_22
697,2627,6,Home (private),40.863020847419,-74.0828838592642,2012-10-26 02:19:35,2012-10-22,train,697_22
697,3624,37,Bar,40.863929,-74.079579,2012-10-26 02:19:44,2012-10-22,train,697_22
697,1960,44,Food & Drink Shop,40.7373,-74.03744,2012-10-26 12:38:25,2012-10-22,train,697_22
697,1857,19,Bank,40.73275480550195,-74.0388822555542,2012-10-26 15:57:39,2012-10-22,train,697_22
697,2627,6,Home (private),40.863020847419,-74.0828838592642,2012-10-27 02:01:09,2012-10-22,train,697_22
697,3624,37,Bar,40.863929,-74.079579,2012-10-27 02:01:13,2012-10-22,train,697_22
697,1960,44,Food & Drink Shop,40.7373,-74.03744,2012-10-27 10:11:39,2012-10-22,train,697_22
702,4950,136,Office,40.75175358104296,-73.97683038390369,2012-10-22 17:53:04,2012-10-22,train,702_22
702,549,37,Bar,40.74863872983442,-73.97566795349121,2012-10-22 17:53:46,2012-10-22,train,702_22
702,3999,6,Home (private),40.75765180683012,-74.03588760058483,2012-10-23 13:46:14,2012-10-22,train,702_22
702,1671,214,Bar,40.73251710536965,-74.00978852786966,2012-10-23 19:05:18,2012-10-22,train,702_22
702,205,214,Bar,40.73395479525328,-74.0001765603631,2012-10-24 01:51:52,2012-10-22,train,702_22
702,3999,6,Home (private),40.75765180683012,-74.03588760058483,2012-10-25 18:50:49,2012-10-22,train,702_22
702,2686,35,Bookstore,40.79919618493465,-74.00869823942159,2012-10-27 16:10:39,2012-10-22,train,702_22
702,466,214,Bar,40.763512849967526,-73.9869198616602,2012-10-27 21:14:33,2012-10-22,train,702_22
704,436,241,Airport,40.68968493541091,-74.17938709259033,2012-10-27 05:07:19,2012-10-22,train,704_19
704,2702,257,Road,40.72737259531574,-74.02115821838379,2012-10-27 05:47:20,2012-10-22,train,704_19
704,78,259,Hotel,40.72201114788852,-74.00430259242555,2012-10-27 05:50:28,2012-10-22,train,704_19
704,4110,211,Bar,40.7301861621649,-73.9835682395307,2012-10-27 06:11:07,2012-10-22,train,704_19
704,212,102,American Restaurant,40.75885633498433,-73.96865166454153,2012-10-27 13:06:33,2012-10-22,train,704_19
707,4031,6,Home (private),40.86633340833704,-74.10637760442646,2012-10-24 04:35:34,2012-10-22,train,707_13
707,4057,6,Home (private),40.86633340833704,-74.10637760442646,2012-10-24 20:46:35,2012-10-22,train,707_13
707,4116,6,Home (private),40.86633340833704,-74.10637760442646,2012-10-24 20:46:50,2012-10-22,train,707_13
707,4057,6,Home (private),40.86633340833704,-74.10637760442646,2012-10-27 20:48:45,2012-10-22,train,707_13
707,4116,6,Home (private),40.86633340833704,-74.10637760442646,2012-10-27 20:49:08,2012-10-22,train,707_13
708,1871,99,Thai Restaurant,40.74322529020578,-73.99635314941406,2012-10-22 17:46:30,2012-10-22,train,708_18
708,1871,99,Thai Restaurant,40.74322529020578,-73.99635314941406,2012-10-23 12:21:39,2012-10-22,train,708_18
708,2331,28,Salon / Barbershop,40.717664,-73.997261,2012-10-26 16:18:00,2012-10-22,train,708_18
710,2361,156,Stadium,40.68312,-73.975979,2012-10-22 19:00:31,2012-10-22,train,710_17
710,2935,6,Home (private),40.63886446869532,-73.96537147003376,2012-10-23 23:38:09,2012-10-22,train,710_17
710,1695,267,Music Store,40.684070025440434,-73.97637697628132,2012-10-24 13:42:49,2012-10-22,train,710_17
710,1695,267,Music Store,40.684070025440434,-73.97637697628132,2012-10-25 11:51:46,2012-10-22,train,710_17
710,2935,6,Home (private),40.63886446869532,-73.96537147003376,2012-10-25 20:02:22,2012-10-22,train,710_17
710,2482,80,Building,40.624326,-73.93889486789703,2012-10-25 21:13:40,2012-10-22,train,710_17
710,1145,264,Subway,40.708588361482406,-73.99103164672852,2012-10-27 21:55:24,2012-10-22,train,710_17
712,2042,127,Australian Restaurant,40.78357182642223,-73.97955080719095,2012-10-28 12:09:05,2012-10-22,train,712_10
712,151,110,American Restaurant,40.734225002140064,-73.993703273938,2012-10-28 16:36:24,2012-10-22,train,712_10
714,895,32,Hardware Store,40.74215230390258,-73.99064540863037,2012-10-24 21:23:55,2012-10-22,train,714_5
714,1524,264,Subway,40.74970348366515,-73.98781299591064,2012-10-25 22:34:17,2012-10-22,train,714_5
714,3759,54,Food & Drink Shop,40.74863806916286,-73.9893417165806,2012-10-26 15:42:20,2012-10-22,train,714_5
714,3081,301,Neighborhood,40.75538459186637,-73.88606071472168,2012-10-28 16:41:05,2012-10-22,train,714_5
717,2262,132,Fast Food Restaurant,40.80332477451794,-74.14633487773128,2012-10-23 22:48:29,2012-10-22,train,717_1
717,5073,6,Home (private),40.886059666322495,-74.10637760442646,2012-10-25 00:29:00,2012-10-22,train,717_1
717,4560,253,General Travel,40.88866543447817,-74.10835344601192,2012-10-25 00:29:19,2012-10-22,train,717_1
717,5073,6,Home (private),40.886059666322495,-74.10637760442646,2012-10-27 15:58:57,2012-10-22,train,717_1
717,4560,253,General Travel,40.88866543447817,-74.10835344601192,2012-10-27 15:59:05,2012-10-22,train,717_1
717,5073,6,Home (private),40.886059666322495,-74.10637760442646,2012-10-28 19:05:05,2012-10-22,train,717_1
719,4780,42,Food & Drink Shop,40.884835891587976,-74.21012257381425,2012-10-22 06:51:30,2012-10-22,train,719_17
719,4525,138,Gym / Fitness Center,40.88762635827658,-74.21486306036984,2012-10-22 16:32:31,2012-10-22,train,719_17
719,4780,42,Food & Drink Shop,40.884835891587976,-74.21012257381425,2012-10-24 12:57:02,2012-10-22,train,719_17
719,4780,42,Food & Drink Shop,40.884835891587976,-74.21012257381425,2012-10-26 07:47:23,2012-10-22,train,719_17
719,720,146,Movie Theater,40.828585959081536,-74.14026975631714,2012-10-26 19:56:03,2012-10-22,train,719_17
719,4780,42,Food & Drink Shop,40.884835891587976,-74.21012257381425,2012-10-27 10:46:47,2012-10-22,train,719_17
719,4780,42,Food & Drink Shop,40.884835891587976,-74.21012257381425,2012-10-28 07:02:57,2012-10-22,train,719_17
719,4525,138,Gym / Fitness Center,40.88762635827658,-74.21486306036984,2012-10-28 14:07:49,2012-10-22,train,719_17
720,2887,269,Miscellaneous Shop,40.635281,-73.992483,2012-10-22 17:03:02,2012-10-22,train,720_21
720,2887,269,Miscellaneous Shop,40.635281,-73.992483,2012-10-26 16:19:02,2012-10-22,train,720_21
720,1952,42,Food & Drink Shop,40.64017661414315,-73.98533014407252,2012-10-28 11:11:37,2012-10-22,train,720_21
720,2886,88,Synagogue,40.63455757882801,-73.99443784225998,2012-10-28 21:41:21,2012-10-22,train,720_21
721,5055,138,Gym / Fitness Center,40.72135346223441,-74.00492808882719,2012-10-22 19:31:10,2012-10-22,train,721_11
721,357,70,Train Station,40.750794799423865,-73.99357639021292,2012-10-26 18:47:10,2012-10-22,train,721_11
721,84,47,Bar,40.728602348741525,-73.98996152288103,2012-10-26 20:59:13,2012-10-22,train,721_11
721,2299,165,College Academic Building,40.72908585083546,-73.99602210429897,2012-10-27 09:17:55,2012-10-22,train,721_11
721,442,274,Fried Chicken Joint,40.71126904840372,-73.96146558382536,2012-10-27 13:32:50,2012-10-22,train,721_11
721,992,245,General Entertainment,40.74049401829621,-73.98710489273071,2012-10-27 22:47:49,2012-10-22,train,721_11
722,2174,222,Coffee Shop,40.772298,-73.949633,2012-10-22 16:34:17,2012-10-22,train,722_12
722,1437,185,College Academic Building,40.77937325315485,-73.95507135401736,2012-10-25 16:37:41,2012-10-22,train,722_12
722,2174,222,Coffee Shop,40.772298,-73.949633,2012-10-27 17:18:16,2012-10-22,train,722_12
722,2174,222,Coffee Shop,40.772298,-73.949633,2012-10-28 13:41:17,2012-10-22,train,722_12
726,4095,6,Home (private),40.72454481015964,-73.94186034276925,2012-10-23 02:22:45,2012-10-22,train,726_9
726,5088,120,Other Great Outdoors,40.78782018739577,-73.79104614257812,2012-10-28 21:36:24,2012-10-22,train,726_9
727,2511,264,Subway,40.70240710847517,-73.79997253417969,2012-10-26 19:19:55,2012-10-22,train,727_2
727,1733,264,Subway,40.75650612666626,-73.98802757263184,2012-10-26 20:05:54,2012-10-22,train,727_2
727,587,266,Bus Station,40.75722129839836,-73.99154663085938,2012-10-26 20:13:57,2012-10-22,train,727_2
727,4373,95,Chinese Restaurant,40.75149458523515,-74.05361869842297,2012-10-26 20:39:42,2012-10-22,train,727_2
727,2288,262,Light Rail,40.74862247391861,-74.03892517089844,2012-10-27 17:10:46,2012-10-22,train,727_2
727,1785,222,Coffee Shop,40.72634213077722,-74.03284953902666,2012-10-27 19:39:01,2012-10-22,train,727_2
727,1199,269,Miscellaneous Shop,40.72289631456779,-74.03914363725167,2012-10-27 19:59:28,2012-10-22,train,727_2
727,1198,42,Food & Drink Shop,40.72351860033697,-74.03974056243896,2012-10-27 20:05:45,2012-10-22,train,727_2
727,743,265,Mall,40.72696606629052,-74.0383243560791,2012-10-27 20:33:13,2012-10-22,train,727_2
727,202,214,Bar,40.73347071903565,-74.00228836535156,2012-10-27 23:28:00,2012-10-22,train,727_2
727,935,214,Bar,40.718889,-74.043618,2012-10-27 23:41:23,2012-10-22,train,727_2
728,1235,137,Gym / Fitness Center,40.738949,-73.989828,2012-10-25 09:10:57,2012-10-22,train,728_9
728,1235,137,Gym / Fitness Center,40.738949,-73.989828,2012-10-26 09:26:09,2012-10-22,train,728_9
729,952,141,Bagel Shop,40.76489500515031,-73.916954,2012-10-24 07:56:35,2012-10-22,train,729_9
729,1300,37,Bar,40.76548383013281,-73.91906686259051,2012-10-25 20:56:21,2012-10-22,train,729_9
729,829,7,Clothing Store,40.74959782183326,-73.98746967315674,2012-10-26 19:13:19,2012-10-22,train,729_9
729,1338,110,American Restaurant,40.76406380256933,-73.91577959060669,2012-10-26 22:20:18,2012-10-22,train,729_9
729,2859,48,Bar,40.763755011144994,-73.91457796096802,2012-10-27 02:08:59,2012-10-22,train,729_9
729,4683,48,Bar,40.74769588014885,-73.99444341659546,2012-10-28 01:42:54,2012-10-22,train,729_9
733,290,102,American Restaurant,40.7219574249367,-73.99249076843262,2012-10-22 12:21:38,2012-10-22,train,733_11
733,205,214,Bar,40.73395479525328,-74.0001765603631,2012-10-22 18:54:05,2012-10-22,train,733_11
733,3151,50,Bar,40.74227764235143,-73.98525553606459,2012-10-24 21:47:26,2012-10-22,train,733_11
733,3742,259,Hotel,40.74198972871025,-74.00358438491821,2012-10-25 19:43:24,2012-10-22,train,733_11
733,3301,214,Bar,40.76421262848506,-73.9870174251268,2012-10-25 21:06:23,2012-10-22,train,733_11
733,2909,130,Burger Joint,40.77912606570555,-73.95490489457822,2012-10-26 20:28:38,2012-10-22,train,733_11
733,947,222,Coffee Shop,40.737146255826325,-73.99040915951959,2012-10-27 15:17:12,2012-10-22,train,733_11
733,482,254,Department Store,40.76232480057456,-73.9678144454956,2012-10-27 17:05:10,2012-10-22,train,733_11
733,38,214,Bar,40.726104216543966,-73.98921310901642,2012-10-28 03:27:12,2012-10-22,train,733_11
736,436,241,Airport,40.68968493541091,-74.17938709259033,2012-10-25 07:33:59,2012-10-22,train,736_21
736,2173,137,Gym / Fitness Center,40.74109555804945,-73.99270534515381,2012-10-25 11:27:36,2012-10-22,train,736_21
736,2173,137,Gym / Fitness Center,40.74109555804945,-73.99270534515381,2012-10-26 11:23:43,2012-10-22,train,736_21
736,356,259,Hotel,40.75671463992893,-73.97383443019756,2012-10-26 19:01:50,2012-10-22,train,736_21
736,2365,102,American Restaurant,40.73779798692258,-73.98969179260743,2012-10-27 17:32:55,2012-10-22,train,736_21
736,4214,102,American Restaurant,40.72516293205118,-73.992159523528,2012-10-27 21:25:28,2012-10-22,train,736_21
736,2173,137,Gym / Fitness Center,40.74109555804945,-73.99270534515381,2012-10-28 13:23:29,2012-10-22,train,736_21
737,857,259,Hotel,40.76224486711165,-73.9792871763928,2012-10-22 09:30:07,2012-10-22,train,737_25
737,405,241,Airport,40.645089355976346,-73.7845230102539,2012-10-22 11:30:05,2012-10-22,train,737_25
737,857,259,Hotel,40.76224486711165,-73.9792871763928,2012-10-23 02:30:06,2012-10-22,train,737_25
737,857,259,Hotel,40.76224486711165,-73.9792871763928,2012-10-23 09:30:12,2012-10-22,train,737_25
737,405,241,Airport,40.645089355976346,-73.7845230102539,2012-10-23 11:33:04,2012-10-22,train,737_25
737,3116,319,Market,40.74186151409088,-73.98943362953369,2012-10-23 14:15:03,2012-10-22,train,737_25
737,857,259,Hotel,40.76224486711165,-73.9792871763928,2012-10-24 09:30:07,2012-10-22,train,737_25
737,405,241,Airport,40.645089355976346,-73.7845230102539,2012-10-24 11:30:11,2012-10-22,train,737_25
737,3116,319,Market,40.74186151409088,-73.98943362953369,2012-10-24 14:15:03,2012-10-22,train,737_25
737,576,102,American Restaurant,40.731155872068506,-73.98872764725327,2012-10-24 19:15:03,2012-10-22,train,737_25
737,857,259,Hotel,40.76224486711165,-73.9792871763928,2012-10-25 02:30:04,2012-10-22,train,737_25
737,857,259,Hotel,40.76224486711165,-73.9792871763928,2012-10-25 09:30:06,2012-10-22,train,737_25
737,3116,319,Market,40.74186151409088,-73.98943362953369,2012-10-25 14:15:06,2012-10-22,train,737_25
737,576,102,American Restaurant,40.731155872068506,-73.98872764725327,2012-10-25 19:15:02,2012-10-22,train,737_25
737,48,232,Music Venue,40.73169799836348,-73.98922693741638,2012-10-26 00:15:04,2012-10-22,train,737_25
737,857,259,Hotel,40.76224486711165,-73.9792871763928,2012-10-26 02:30:04,2012-10-22,train,737_25
737,857,259,Hotel,40.76224486711165,-73.9792871763928,2012-10-26 09:30:07,2012-10-22,train,737_25
737,405,241,Airport,40.645089355976346,-73.7845230102539,2012-10-26 13:16:57,2012-10-22,train,737_25
737,405,241,Airport,40.645089355976346,-73.7845230102539,2012-10-26 13:19:42,2012-10-22,train,737_25
737,405,241,Airport,40.645089355976346,-73.7845230102539,2012-10-26 14:39:31,2012-10-22,train,737_25
737,398,52,Bar,40.76362499327396,-73.99757623672485,2012-10-26 20:45:09,2012-10-22,train,737_25
737,230,52,Bar,40.75006726071233,-74.00270154186394,2012-10-26 22:30:10,2012-10-22,train,737_25
737,857,259,Hotel,40.76224486711165,-73.9792871763928,2012-10-27 02:30:04,2012-10-22,train,737_25
737,405,241,Airport,40.645089355976346,-73.7845230102539,2012-10-27 11:30:03,2012-10-22,train,737_25
737,1008,208,Ramen /  Noodle House,40.73085850344144,-73.99070758336508,2012-10-27 14:30:03,2012-10-22,train,737_25
737,398,52,Bar,40.76362499327396,-73.99757623672485,2012-10-27 20:45:06,2012-10-22,train,737_25
737,857,259,Hotel,40.76224486711165,-73.9792871763928,2012-10-28 02:30:03,2012-10-22,train,737_25
737,1008,208,Ramen /  Noodle House,40.73085850344144,-73.99070758336508,2012-10-28 14:30:06,2012-10-22,train,737_25
737,398,52,Bar,40.76362499327396,-73.99757623672485,2012-10-28 20:45:08,2012-10-22,train,737_25
737,230,52,Bar,40.75006726071233,-74.00270154186394,2012-10-28 22:30:14,2012-10-22,train,737_25
743,5058,294,River,40.72587318123464,-74.01050581951031,2012-10-22 06:11:27,2012-10-22,train,743_16
743,4473,12,Gym / Fitness Center,40.73441328403598,-74.01055812835693,2012-10-23 06:07:53,2012-10-22,train,743_16
743,1690,61,Office,40.74993282797663,-73.9727898529965,2012-10-23 08:45:09,2012-10-22,train,743_16
743,1475,241,Airport,40.773839,-73.87122,2012-10-26 06:10:48,2012-10-22,train,743_16
750,2298,264,Subway,40.63625944917977,-73.99479021681918,2012-10-22 22:01:27,2012-10-22,train,750_23
750,2298,264,Subway,40.63625944917977,-73.99479021681918,2012-10-23 06:22:18,2012-10-22,train,750_23
750,3711,71,Train Station,40.61336604201667,-74.00071978569031,2012-10-23 06:32:48,2012-10-22,train,750_23
750,1145,264,Subway,40.708588361482406,-73.99103164672852,2012-10-23 06:49:59,2012-10-22,train,750_23
750,1848,264,Subway,40.83304508893079,-73.86081591534423,2012-10-23 20:26:07,2012-10-22,train,750_23
750,2298,264,Subway,40.63625944917977,-73.99479021681918,2012-10-25 06:35:04,2012-10-22,train,750_23
750,4220,71,Train Station,40.83142194715593,-73.86761457600772,2012-10-25 07:56:15,2012-10-22,train,750_23
750,4220,71,Train Station,40.83142194715593,-73.86761457600772,2012-10-26 19:22:09,2012-10-22,train,750_23
750,4766,301,Neighborhood,40.6450177947737,-74.01254865135277,2012-10-26 20:32:15,2012-10-22,train,750_23
750,2298,264,Subway,40.63625944917977,-73.99479021681918,2012-10-28 05:11:37,2012-10-22,train,750_23
750,1145,264,Subway,40.708588361482406,-73.99103164672852,2012-10-28 05:45:48,2012-10-22,train,750_23
750,4220,71,Train Station,40.83142194715593,-73.86761457600772,2012-10-28 06:35:36,2012-10-22,train,750_23
750,5088,120,Other Great Outdoors,40.78782018739577,-73.79104614257812,2012-10-28 23:36:14,2012-10-22,train,750_23
751,4971,61,Office,40.75329969943864,-73.99249811668923,2012-10-22 17:17:32,2012-10-22,train,751_3
751,301,37,Bar,40.75945626795166,-73.9912413017774,2012-10-23 00:19:35,2012-10-22,train,751_3
751,976,191,Latin American Restaurant,40.764217,-73.988321,2012-10-23 02:02:24,2012-10-22,train,751_3
751,992,245,General Entertainment,40.74049401829621,-73.98710489273071,2012-10-24 00:29:38,2012-10-22,train,751_3
751,4971,61,Office,40.75329969943864,-73.99249811668923,2012-10-24 19:10:10,2012-10-22,train,751_3
751,322,55,Bar,40.753926,-73.991544,2012-10-25 00:08:08,2012-10-22,train,751_3
751,282,47,Bar,40.747558,-73.993104,2012-10-25 02:42:48,2012-10-22,train,751_3
751,4971,61,Office,40.75329969943864,-73.99249811668923,2012-10-25 15:44:26,2012-10-22,train,751_3
751,4323,54,Food & Drink Shop,40.753018,-73.9928813,2012-10-26 16:51:16,2012-10-22,train,751_3
751,4971,61,Office,40.75329969943864,-73.99249811668923,2012-10-26 16:51:40,2012-10-22,train,751_3
751,992,245,General Entertainment,40.74049401829621,-73.98710489273071,2012-10-27 00:02:11,2012-10-22,train,751_3
751,1194,222,Coffee Shop,40.76900427024065,-73.98231983184814,2012-10-27 08:26:01,2012-10-22,train,751_3
751,959,48,Bar,40.76742650335582,-73.98600735389587,2012-10-27 22:18:19,2012-10-22,train,751_3
751,0,235,Music Venue,40.73359624463056,-74.00313913822174,2012-10-27 23:44:42,2012-10-22,train,751_3
751,992,245,General Entertainment,40.74049401829621,-73.98710489273071,2012-10-28 03:53:38,2012-10-22,train,751_3
752,396,259,Hotel,40.75925299429778,-73.98515224456787,2012-10-25 18:25:21,2012-10-22,train,752_11
752,1474,239,Airport,40.76915667368325,-73.86195399349938,2012-10-26 17:36:51,2012-10-22,train,752_11
753,3068,71,Train Station,40.58358323125094,-73.8265585899353,2012-10-22 07:40:17,2012-10-22,train,753_25
753,4663,177,College Academic Building,40.693267387847975,-73.99155694099996,2012-10-22 17:28:38,2012-10-22,train,753_25
753,3068,71,Train Station,40.58358323125094,-73.8265585899353,2012-10-23 09:52:56,2012-10-22,train,753_25
753,1373,183,University,40.69331340019489,-73.99198161840714,2012-10-23 16:55:06,2012-10-22,train,753_25
753,4663,177,College Academic Building,40.693267387847975,-73.99155694099996,2012-10-23 16:56:23,2012-10-22,train,753_25
753,4245,6,Home (private),40.57912417974672,-73.82426211435131,2012-10-24 23:09:13,2012-10-22,train,753_25
753,1373,183,University,40.69331340019489,-73.99198161840714,2012-10-25 10:53:57,2012-10-22,train,753_25
753,1802,194,Mexican Restaurant,40.75315436423719,-73.98905476854135,2012-10-25 18:34:19,2012-10-22,train,753_25
753,3068,71,Train Station,40.58358323125094,-73.8265585899353,2012-10-26 08:02:46,2012-10-22,train,753_25
753,4366,164,College Academic Building,40.69330070631022,-73.99167171877029,2012-10-26 11:26:06,2012-10-22,train,753_25
753,461,35,Bookstore,40.690812,-73.991917,2012-10-26 17:26:46,2012-10-22,train,753_25
753,288,288,Ferry,40.70145732419213,-74.01321428847186,2012-10-26 18:14:15,2012-10-22,train,753_25
753,288,288,Ferry,40.70145732419213,-74.01321428847186,2012-10-27 13:21:59,2012-10-22,train,753_25
753,3424,35,Bookstore,40.70881201448755,-74.00527954101562,2012-10-27 13:30:52,2012-10-22,train,753_25
753,1522,264,Subway,40.71037756449118,-74.00755405426025,2012-10-27 14:13:47,2012-10-22,train,753_25
753,2113,264,Subway,40.68047529976021,-73.84372472763062,2012-10-27 14:57:50,2012-10-22,train,753_25
753,2178,264,Subway,40.60837736891878,-73.81592631340027,2012-10-27 15:09:02,2012-10-22,train,753_25
758,789,141,Bagel Shop,40.77464642864513,-73.90869251819866,2012-10-22 09:12:12,2012-10-22,train,758_11
758,4886,128,Bakery,40.77610312384841,-73.90704474356878,2012-10-24 09:11:15,2012-10-22,train,758_11
758,789,141,Bagel Shop,40.77464642864513,-73.90869251819866,2012-10-26 10:32:45,2012-10-22,train,758_11
758,4792,311,Brewery,40.77833165180664,-73.90178918838501,2012-10-26 18:03:49,2012-10-22,train,758_11
758,4178,130,Burger Joint,40.77432474461852,-73.91280902317928,2012-10-27 18:01:34,2012-10-22,train,758_11
758,4792,311,Brewery,40.77833165180664,-73.90178918838501,2012-10-27 23:00:44,2012-10-22,train,758_11
759,2557,221,Bridge,40.79981701959628,-73.79351377487183,2012-10-22 10:43:43,2012-10-22,train,759_12
759,1603,150,Stadium,40.75051626137434,-73.9934992790222,2012-10-27 22:21:48,2012-10-22,train,759_12
759,5088,120,Other Great Outdoors,40.78782018739577,-73.79104614257812,2012-10-28 17:20:24,2012-10-22,train,759_12
759,2557,221,Bridge,40.79981701959628,-73.79351377487183,2012-10-28 17:20:42,2012-10-22,train,759_12
760,1370,259,Hotel,40.75017039709908,-73.99111504594298,2012-10-24 19:27:07,2012-10-22,train,760_9
760,5088,120,Other Great Outdoors,40.78782018739577,-73.79104614257812,2012-10-28 19:04:14,2012-10-22,train,760_9
763,4466,214,Bar,40.76000064275873,-73.99648189544678,2012-10-22 06:03:15,2012-10-22,train,763_14
763,38,214,Bar,40.726104216543966,-73.98921310901642,2012-10-27 01:14:21,2012-10-22,train,763_14
763,1537,194,Mexican Restaurant,40.77397337337693,-73.95465233515522,2012-10-27 14:01:34,2012-10-22,train,763_14
763,5057,214,Bar,40.7938881280977,-73.94269556485277,2012-10-28 00:38:37,2012-10-22,train,763_14
771,1911,70,Train Station,40.93954445977858,-74.12166474203767,2012-10-24 07:19:23,2012-10-22,train,771_9
771,2106,254,Department Store,40.91552327277213,-74.06089782714844,2012-10-25 21:20:39,2012-10-22,train,771_9
771,2092,26,Drugstore / Pharmacy,40.939354848284935,-74.11859078259693,2012-10-26 22:27:27,2012-10-22,train,771_9
771,2092,26,Drugstore / Pharmacy,40.939354848284935,-74.11859078259693,2012-10-27 11:24:32,2012-10-22,train,771_9
772,2009,138,Gym / Fitness Center,40.66275977158627,-73.98301728235063,2012-10-22 06:58:51,2012-10-22,train,772_17
772,2009,138,Gym / Fitness Center,40.66275977158627,-73.98301728235063,2012-10-23 07:28:58,2012-10-22,train,772_17
772,2009,138,Gym / Fitness Center,40.66275977158627,-73.98301728235063,2012-10-26 06:41:03,2012-10-22,train,772_17
780,348,61,Office,40.713627072480925,-74.01412666661709,2012-10-23 12:11:10,2012-10-22,train,780_17
780,4768,138,Gym / Fitness Center,40.7530312107277,-73.98586387743777,2012-10-24 06:34:16,2012-10-22,train,780_17
780,4768,138,Gym / Fitness Center,40.7530312107277,-73.98586387743777,2012-10-25 07:37:03,2012-10-22,train,780_17
782,2873,138,Gym / Fitness Center,40.92722882710572,-73.99618816949595,2012-10-22 06:36:09,2012-10-22,train,782_11
782,2873,138,Gym / Fitness Center,40.92722882710572,-73.99618816949595,2012-10-24 06:29:33,2012-10-22,train,782_11
782,2873,138,Gym / Fitness Center,40.92722882710572,-73.99618816949595,2012-10-25 06:33:35,2012-10-22,train,782_11
782,2873,138,Gym / Fitness Center,40.92722882710572,-73.99618816949595,2012-10-26 07:00:55,2012-10-22,train,782_11
784,625,122,Plaza,40.756489872673846,-73.98626804351807,2012-10-22 13:00:15,2012-10-22,train,784_22
784,4868,281,Residential Building (Apartment / Condo),40.758017730590645,-73.9922547340393,2012-10-22 13:10:02,2012-10-22,train,784_22
784,830,37,Bar,40.73743415035814,-73.99128147407096,2012-10-22 13:48:07,2012-10-22,train,784_22
784,402,259,Hotel,40.758328,-73.985457,2012-10-22 16:57:43,2012-10-22,train,784_22
784,2240,19,Bank,40.81011509621309,-73.95118534970048,2012-10-23 13:50:04,2012-10-22,train,784_22
784,402,259,Hotel,40.758328,-73.985457,2012-10-23 14:00:14,2012-10-22,train,784_22
784,348,61,Office,40.713627072480925,-74.01412666661709,2012-10-24 13:20:06,2012-10-22,train,784_22
784,2240,19,Bank,40.81011509621309,-73.95118534970048,2012-10-24 13:50:04,2012-10-22,train,784_22
784,402,259,Hotel,40.758328,-73.985457,2012-10-24 14:01:12,2012-10-22,train,784_22
784,830,37,Bar,40.73743415035814,-73.99128147407096,2012-10-25 13:30:06,2012-10-22,train,784_22
784,402,259,Hotel,40.758328,-73.985457,2012-10-25 14:00:15,2012-10-22,train,784_22
784,625,122,Plaza,40.756489872673846,-73.98626804351807,2012-10-26 14:46:23,2012-10-22,train,784_22
784,4868,281,Residential Building (Apartment / Condo),40.758017730590645,-73.9922547340393,2012-10-26 14:48:35,2012-10-22,train,784_22
784,348,61,Office,40.713627072480925,-74.01412666661709,2012-10-26 14:50:30,2012-10-22,train,784_22
784,830,37,Bar,40.73743415035814,-73.99128147407096,2012-10-26 14:50:57,2012-10-22,train,784_22
784,2332,19,Bank,40.84350462709147,-73.93913651788439,2012-10-26 14:53:10,2012-10-22,train,784_22
784,2240,19,Bank,40.81011509621309,-73.95118534970048,2012-10-26 14:53:13,2012-10-22,train,784_22
784,402,259,Hotel,40.758328,-73.985457,2012-10-26 14:53:28,2012-10-22,train,784_22
784,830,37,Bar,40.73743415035814,-73.99128147407096,2012-10-26 14:55:21,2012-10-22,train,784_22
784,4868,281,Residential Building (Apartment / Condo),40.758017730590645,-73.9922547340393,2012-10-27 13:10:03,2012-10-22,train,784_22
784,348,61,Office,40.713627072480925,-74.01412666661709,2012-10-27 13:20:04,2012-10-22,train,784_22
784,402,259,Hotel,40.758328,-73.985457,2012-10-27 14:00:13,2012-10-22,train,784_22
784,4868,281,Residential Building (Apartment / Condo),40.758017730590645,-73.9922547340393,2012-10-28 13:10:02,2012-10-22,train,784_22
786,4429,61,Office,40.70685239068342,-74.01221009365256,2012-10-22 09:53:14,2012-10-22,train,786_4
786,4429,61,Office,40.70685239068342,-74.01221009365256,2012-10-23 19:35:09,2012-10-22,train,786_4
786,4429,61,Office,40.70685239068342,-74.01221009365256,2012-10-26 21:43:48,2012-10-22,train,786_4
786,3874,214,Bar,40.729923697132776,-73.981243878201,2012-10-27 00:04:14,2012-10-22,train,786_4
786,349,70,Train Station,40.75280620914171,-73.97717535495758,2012-10-27 16:25:24,2012-10-22,train,786_4
786,1235,137,Gym / Fitness Center,40.738949,-73.989828,2012-10-28 18:34:34,2012-10-22,train,786_4
786,5088,120,Other Great Outdoors,40.78782018739577,-73.79104614257812,2012-10-28 23:15:38,2012-10-22,train,786_4
787,1704,97,Diner,40.770983215678605,-73.98713220561226,2012-10-24 16:23:08,2012-10-22,train,787_17
787,1422,222,Coffee Shop,40.769076,-73.984595,2012-10-24 17:28:00,2012-10-22,train,787_17
787,442,274,Fried Chicken Joint,40.71126904840372,-73.96146558382536,2012-10-24 20:18:56,2012-10-22,train,787_17
787,764,221,Bridge,40.713565479798646,-73.97236347198486,2012-10-24 21:15:25,2012-10-22,train,787_17
787,1463,222,Coffee Shop,40.7581662972909,-73.98925563221387,2012-10-28 08:55:43,2012-10-22,train,787_17
788,4455,253,General Travel,40.94278742803187,-74.01612929267351,2012-10-22 20:23:59,2012-10-22,train,788_25
788,3475,317,City,40.94269410852135,-73.99635314941406,2012-10-22 20:24:08,2012-10-22,train,788_25
788,3930,6,Home (private),40.94175914870915,-74.01238511084367,2012-10-22 20:24:14,2012-10-22,train,788_25
788,4455,253,General Travel,40.94278742803187,-74.01612929267351,2012-10-23 15:34:49,2012-10-22,train,788_25
788,4455,253,General Travel,40.94278742803187,-74.01612929267351,2012-10-24 15:09:06,2012-10-22,train,788_25
788,3930,6,Home (private),40.94175914870915,-74.01238511084367,2012-10-24 15:09:23,2012-10-22,train,788_25
788,4455,253,General Travel,40.94278742803187,-74.01612929267351,2012-10-25 14:16:39,2012-10-22,train,788_25
788,3475,317,City,40.94269410852135,-73.99635314941406,2012-10-25 14:16:53,2012-10-22,train,788_25
788,3339,188,College Stadium,40.81829847738759,-74.07686942546181,2012-10-26 12:10:37,2012-10-22,train,788_25
788,3172,270,Parking,40.811340708909874,-74.0822696685791,2012-10-26 12:10:48,2012-10-22,train,788_25
788,4312,277,Food,40.816892517125126,-74.07422496425988,2012-10-26 17:12:54,2012-10-22,train,788_25
788,2094,249,Racetrack,40.81721953702811,-74.07673358917236,2012-10-26 17:13:04,2012-10-22,train,788_25
788,2658,257,Road,40.89002830179658,-74.07025337219238,2012-10-26 18:30:36,2012-10-22,train,788_25
788,3475,317,City,40.94269410852135,-73.99635314941406,2012-10-26 19:27:36,2012-10-22,train,788_25
788,3930,6,Home (private),40.94175914870915,-74.01238511084367,2012-10-26 19:27:50,2012-10-22,train,788_25
788,4455,253,General Travel,40.94293113642799,-74.01657686811855,2012-10-27 12:00:08,2012-10-22,train,788_25
788,3339,188,College Stadium,40.81829847738759,-74.07686942546181,2012-10-27 13:02:11,2012-10-22,train,788_25
788,4312,277,Food,40.816892517125126,-74.07422496425988,2012-10-27 13:02:43,2012-10-22,train,788_25
788,3339,188,College Stadium,40.81829847738759,-74.07686942546181,2012-10-27 18:27:00,2012-10-22,train,788_25
789,2992,233,Other Great Outdoors,40.626351503681065,-74.09220771673321,2012-10-22 07:54:53,2012-10-22,train,789_19
789,3689,6,Home (private),40.62743941221212,-74.09463109843134,2012-10-22 08:22:18,2012-10-22,train,789_19
789,2992,233,Other Great Outdoors,40.626351503681065,-74.09220771673321,2012-10-23 07:37:26,2012-10-22,train,789_19
789,3060,58,Electronics Store,40.59537149298445,-74.16234979529759,2012-10-23 11:53:43,2012-10-22,train,789_19
789,3060,58,Electronics Store,40.59537149298445,-74.16234979529759,2012-10-24 08:19:40,2012-10-22,train,789_19
789,2992,233,Other Great Outdoors,40.626351503681065,-74.09220771673321,2012-10-24 17:50:21,2012-10-22,train,789_19
789,3689,6,Home (private),40.62743941221212,-74.09463109843134,2012-10-24 18:26:53,2012-10-22,train,789_19
789,2992,233,Other Great Outdoors,40.626351503681065,-74.09220771673321,2012-10-25 07:01:11,2012-10-22,train,789_19
789,3060,58,Electronics Store,40.59537149298445,-74.16234979529759,2012-10-27 13:20:46,2012-10-22,train,789_19
789,3689,6,Home (private),40.62743941221212,-74.09463109843134,2012-10-27 17:48:45,2012-10-22,train,789_19
789,2992,233,Other Great Outdoors,40.6263837543634,-74.09192665979572,2012-10-27 18:00:14,2012-10-22,train,789_19
789,3689,6,Home (private),40.62743941221212,-74.09463109843134,2012-10-27 21:32:11,2012-10-22,train,789_19
789,3689,6,Home (private),40.62743941221212,-74.09463109843134,2012-10-28 17:58:33,2012-10-22,train,789_19
790,947,222,Coffee Shop,40.737146255826325,-73.99040915951959,2012-10-22 18:31:39,2012-10-22,train,790_15
790,451,102,American Restaurant,40.73008303366041,-74.00060695729111,2012-10-24 17:57:02,2012-10-22,train,790_15
790,5004,199,Snack Place,40.725730202803845,-74.0009880065918,2012-10-24 19:40:33,2012-10-22,train,790_15
794,3270,171,College Academic Building,40.70970338902232,-74.08777958725375,2012-10-22 08:38:19,2012-10-22,train,794_9
794,1419,70,Train Station,40.732267009830224,-74.06304359436035,2012-10-23 12:57:24,2012-10-22,train,794_9
794,1419,70,Train Station,40.732267009830224,-74.06304359436035,2012-10-23 15:47:00,2012-10-22,train,794_9
794,3270,171,College Academic Building,40.70970338902232,-74.08777958725375,2012-10-24 08:40:15,2012-10-22,train,794_9
794,3270,171,College Academic Building,40.70970338902232,-74.08777958725375,2012-10-25 13:12:00,2012-10-22,train,794_9
794,3016,317,City,40.77094653366075,-74.13980351550089,2012-10-25 23:31:36,2012-10-22,train,794_9
794,3883,70,Train Station,40.73490106397246,-74.02931213378906,2012-10-26 12:08:59,2012-10-22,train,794_9
794,3016,317,City,40.77094653366075,-74.13980351550089,2012-10-27 22:54:07,2012-10-22,train,794_9
794,3132,83,Church,40.72602279947592,-74.04960273975725,2012-10-28 12:39:09,2012-10-22,train,794_9
797,4427,6,Home (private),40.70477380546345,-73.94186034276925,2012-10-24 12:37:08,2012-10-22,train,797_10
797,3945,269,Miscellaneous Shop,40.70316702641622,-73.94255779650983,2012-10-24 12:41:41,2012-10-22,train,797_10
797,1247,35,Bookstore,40.73315770692589,-73.99108061251917,2012-10-24 13:26:43,2012-10-22,train,797_10
797,4002,281,Residential Building (Apartment / Condo),40.7032195832907,-73.94367142114152,2012-10-25 09:17:47,2012-10-22,train,797_10
797,4319,6,Home (private),40.70477380546345,-73.94186034276925,2012-10-25 09:22:56,2012-10-22,train,797_10
797,4427,6,Home (private),40.70477380546345,-73.94186034276925,2012-10-25 09:24:14,2012-10-22,train,797_10
797,2689,301,Neighborhood,40.71424858464975,-73.95375967025757,2012-10-25 09:30:47,2012-10-22,train,797_10
797,3360,71,Train Station,40.73977053760343,-74.00258123874664,2012-10-25 12:26:42,2012-10-22,train,797_10
799,4209,80,Building,40.75117963791028,-73.9834132829835,2012-10-22 09:57:02,2012-10-22,train,799_20
799,2406,61,Office,40.75013222514482,-73.98493766784668,2012-10-22 09:58:25,2012-10-22,train,799_20
799,4209,80,Building,40.75117963791028,-73.9834132829835,2012-10-23 09:09:15,2012-10-22,train,799_20
799,1156,61,Office,40.76066701799484,-73.98106455802917,2012-10-24 14:18:39,2012-10-22,train,799_20
799,4209,80,Building,40.75117963791028,-73.9834132829835,2012-10-25 08:51:44,2012-10-22,train,799_20
799,763,220,BBQ Joint,40.75696123684052,-73.98907363414764,2012-10-25 13:28:27,2012-10-22,train,799_20
799,940,254,Department Store,40.75150160315114,-73.98271884655175,2012-10-25 14:25:02,2012-10-22,train,799_20
799,827,7,Clothing Store,40.74995544581752,-73.98755550384521,2012-10-25 19:01:07,2012-10-22,train,799_20
799,271,254,Department Store,40.75061379403183,-73.98856401443481,2012-10-25 19:05:56,2012-10-22,train,799_20
799,2900,131,Café,40.7513102,-73.983793,2012-10-26 08:35:02,2012-10-22,train,799_20
799,4209,80,Building,40.75117963791028,-73.9834132829835,2012-10-26 08:56:23,2012-10-22,train,799_20
799,2406,61,Office,40.75013222514482,-73.98493766784668,2012-10-26 08:57:15,2012-10-22,train,799_20
799,2354,102,American Restaurant,40.75257190641799,-73.99460426750439,2012-10-26 17:34:50,2012-10-22,train,799_20
799,987,257,Road,40.76117085825042,-74.01128768920898,2012-10-26 18:26:45,2012-10-22,train,799_20
804,1066,233,Other Great Outdoors,40.78224746176124,-73.97384405136108,2012-10-22 10:40:27,2012-10-22,train,804_16
804,1015,61,Office,40.75873129067156,-73.9820760601798,2012-10-22 16:03:46,2012-10-22,train,804_16
805,2639,37,Bar,40.713723,-73.95761367,2012-10-25 22:52:17,2012-10-22,train,805_17
805,5088,120,Other Great Outdoors,40.78782018739577,-73.79104614257812,2012-10-28 18:37:49,2012-10-22,train,805_17
805,4024,6,Home (private),40.68499608789172,-73.94186034276925,2012-10-28 20:21:52,2012-10-22,train,805_17
806,245,137,Gym / Fitness Center,40.72842447784586,-73.99277358187095,2012-10-22 19:04:37,2012-10-22,train,806_15
806,264,37,Bar,40.666674206504105,-73.98817096588479,2012-10-25 02:24:51,2012-10-22,train,806_15
806,264,37,Bar,40.666674206504105,-73.98817096588479,2012-10-26 21:36:06,2012-10-22,train,806_15
806,264,37,Bar,40.666674206504105,-73.98817096588479,2012-10-27 21:10:14,2012-10-22,train,806_15
808,2227,222,Coffee Shop,40.74550126445644,-74.0494179725647,2012-10-22 07:15:33,2012-10-22,train,808_4
808,1645,70,Train Station,40.73606359173575,-74.02938723564148,2012-10-22 07:29:36,2012-10-22,train,808_4
808,2850,136,Office,40.738478007566,-73.99049520492554,2012-10-22 08:05:58,2012-10-22,train,808_4
808,3911,266,Bus Station,40.73186007390721,-74.0621953538615,2012-10-22 17:08:51,2012-10-22,train,808_4
808,4331,73,Bus Station,40.74690057601383,-74.0519147949156,2012-10-22 17:10:37,2012-10-22,train,808_4
808,4946,6,Home (private),40.74943136628766,-74.04763775758458,2012-10-22 22:56:13,2012-10-22,train,808_4
808,1645,70,Train Station,40.73606359173575,-74.02938723564148,2012-10-23 07:05:20,2012-10-22,train,808_4
808,2850,136,Office,40.738478007566,-73.99049520492554,2012-10-23 08:26:24,2012-10-22,train,808_4
808,4331,73,Bus Station,40.74690057601383,-74.0519147949156,2012-10-23 17:43:26,2012-10-22,train,808_4
808,1645,70,Train Station,40.73606359173575,-74.02938723564148,2012-10-24 07:16:02,2012-10-22,train,808_4
808,2850,136,Office,40.738478007566,-73.99049520492554,2012-10-24 07:52:35,2012-10-22,train,808_4
808,1276,264,Subway,40.73733991001137,-73.99686813354492,2012-10-24 17:42:49,2012-10-22,train,808_4
808,3911,266,Bus Station,40.73186007390721,-74.0621953538615,2012-10-24 18:08:16,2012-10-22,train,808_4
808,4946,6,Home (private),40.74943136628766,-74.04763775758458,2012-10-24 22:21:00,2012-10-22,train,808_4
808,1645,70,Train Station,40.73606359173575,-74.02938723564148,2012-10-25 07:36:27,2012-10-22,train,808_4
808,2850,136,Office,40.738478007566,-73.99049520492554,2012-10-25 08:20:50,2012-10-22,train,808_4
808,3911,266,Bus Station,40.73186007390721,-74.0621953538615,2012-10-25 17:50:53,2012-10-22,train,808_4
808,2929,317,City,40.85085849545148,-73.97017478942871,2012-10-25 20:04:28,2012-10-22,train,808_4
808,2597,301,Neighborhood,40.82144157832533,-73.9878988265991,2012-10-25 20:15:25,2012-10-22,train,808_4
808,4088,281,Residential Building (Apartment / Condo),40.74928103988808,-74.05019940185012,2012-10-25 23:42:18,2012-10-22,train,808_4
808,4946,6,Home (private),40.74943136628766,-74.04763775758458,2012-10-25 23:42:42,2012-10-22,train,808_4
808,1645,70,Train Station,40.73606359173575,-74.02938723564148,2012-10-26 07:16:50,2012-10-22,train,808_4
808,2850,136,Office,40.738478007566,-73.99049520492554,2012-10-26 07:50:49,2012-10-22,train,808_4
808,1276,264,Subway,40.73733991001137,-73.99686813354492,2012-10-26 17:39:47,2012-10-22,train,808_4
808,3911,266,Bus Station,40.73186007390721,-74.0621953538615,2012-10-26 18:06:15,2012-10-22,train,808_4
808,2227,222,Coffee Shop,40.74550126445644,-74.0494179725647,2012-10-27 10:09:15,2012-10-22,train,808_4
808,2494,42,Food & Drink Shop,40.77612179824107,-74.03489112854004,2012-10-27 12:08:49,2012-10-22,train,808_4
809,2347,264,Subway,40.83128282647834,-73.94139250202096,2012-10-22 06:57:34,2012-10-22,train,809_16
809,2196,174,College Academic Building,40.77079184896987,-73.98592472076416,2012-10-22 07:57:52,2012-10-22,train,809_16
809,2654,177,College Academic Building,40.77085290125466,-73.98486527831999,2012-10-22 09:10:03,2012-10-22,train,809_16
809,2196,174,College Academic Building,40.77079184896987,-73.98592472076416,2012-10-22 10:09:31,2012-10-22,train,809_16
809,2196,174,College Academic Building,40.77079184896987,-73.98592472076416,2012-10-23 08:03:42,2012-10-22,train,809_16
809,2654,177,College Academic Building,40.77085290125466,-73.98486527831999,2012-10-23 09:28:08,2012-10-22,train,809_16
809,2196,174,College Academic Building,40.77079184896987,-73.98592472076416,2012-10-23 10:13:21,2012-10-22,train,809_16
809,3242,134,Event Space,40.77056711201932,-73.98410197779206,2012-10-23 12:17:43,2012-10-22,train,809_16
809,2196,174,College Academic Building,40.77079184896987,-73.98592472076416,2012-10-23 13:06:09,2012-10-22,train,809_16
809,3011,6,Home (private),40.833165200622425,-73.94186034276925,2012-10-23 17:00:53,2012-10-22,train,809_16
809,2347,264,Subway,40.83128282647834,-73.94139250202096,2012-10-24 07:06:22,2012-10-22,train,809_16
809,2196,174,College Academic Building,40.77079184896987,-73.98592472076416,2012-10-24 07:56:54,2012-10-22,train,809_16
809,2196,174,College Academic Building,40.77079184896987,-73.98592472076416,2012-10-24 08:07:00,2012-10-22,train,809_16
809,2654,177,College Academic Building,40.77085290125466,-73.98486527831999,2012-10-24 09:05:49,2012-10-22,train,809_16
809,2196,174,College Academic Building,40.77079184896987,-73.98592472076416,2012-10-24 10:06:43,2012-10-22,train,809_16
809,2881,166,College Academic Building,40.77040183589408,-73.98463726043701,2012-10-24 11:43:47,2012-10-22,train,809_16
809,2196,174,College Academic Building,40.77079184896987,-73.98592472076416,2012-10-24 13:38:49,2012-10-22,train,809_16
809,1406,176,Law School,40.77095773223109,-73.98431432486001,2012-10-24 15:39:13,2012-10-22,train,809_16
809,3011,6,Home (private),40.833165200622425,-73.94186034276925,2012-10-24 17:00:58,2012-10-22,train,809_16
809,2881,166,College Academic Building,40.77040183589408,-73.98463726043701,2012-10-25 11:12:37,2012-10-22,train,809_16
809,3242,134,Event Space,40.77056711201932,-73.98410197779206,2012-10-25 12:02:53,2012-10-22,train,809_16
809,1406,176,Law School,40.77095773223109,-73.98431432486001,2012-10-25 14:55:51,2012-10-22,train,809_16
809,3011,6,Home (private),40.833165200622425,-73.94186034276925,2012-10-25 17:02:00,2012-10-22,train,809_16
809,2347,264,Subway,40.83128282647834,-73.94139250202096,2012-10-26 06:55:47,2012-10-22,train,809_16
809,2196,174,College Academic Building,40.77079184896987,-73.98592472076416,2012-10-26 08:06:06,2012-10-22,train,809_16
809,2196,174,College Academic Building,40.77079184896987,-73.98592472076416,2012-10-26 10:03:31,2012-10-22,train,809_16
809,2881,166,College Academic Building,40.77040183589408,-73.98463726043701,2012-10-26 11:17:15,2012-10-22,train,809_16
809,2196,174,College Academic Building,40.77079184896987,-73.98592472076416,2012-10-26 13:05:22,2012-10-22,train,809_16
809,1406,176,Law School,40.77095773223109,-73.98431432486001,2012-10-26 15:10:21,2012-10-22,train,809_16
809,3011,6,Home (private),40.833165200622425,-73.94186034276925,2012-10-26 18:18:00,2012-10-22,train,809_16
809,3011,6,Home (private),40.833165200622425,-73.94186034276925,2012-10-27 14:51:17,2012-10-22,train,809_16
809,3011,6,Home (private),40.833165200622425,-73.94186034276925,2012-10-28 14:38:56,2012-10-22,train,809_16
811,1243,61,Office,40.7524323390344,-73.99025420849364,2012-10-24 11:15:05,2012-10-22,train,811_10
811,1125,137,Gym / Fitness Center,40.7604948873082,-73.96458800324365,2012-10-24 18:29:29,2012-10-22,train,811_10
814,4667,55,Bar,40.7290474687069,-74.0003228187561,2012-10-23 18:24:25,2012-10-22,train,814_8
814,676,37,Bar,40.72302980637745,-73.98893998920552,2012-10-24 23:26:23,2012-10-22,train,814_8
814,344,43,Bar,40.7247422555938,-73.98729289817663,2012-10-25 01:31:06,2012-10-22,train,814_8
814,4667,55,Bar,40.7290474687069,-74.0003228187561,2012-10-25 20:56:49,2012-10-22,train,814_8
814,110,55,Bar,40.72714571556443,-74.00021099215293,2012-10-25 22:55:52,2012-10-22,train,814_8
814,217,52,Bar,40.72946499945696,-73.9999412763002,2012-10-26 00:35:35,2012-10-22,train,814_8
814,243,37,Bar,40.73138083854372,-74.00059103965759,2012-10-26 21:06:40,2012-10-22,train,814_8
814,676,37,Bar,40.72302980637745,-73.98893998920552,2012-10-27 02:06:19,2012-10-22,train,814_8
814,5088,120,Other Great Outdoors,40.78782018739577,-73.79104614257812,2012-10-28 17:13:11,2012-10-22,train,814_8
817,4419,257,Road,40.716049980469656,-73.82415010983897,2012-10-22 17:21:25,2012-10-22,train,817_9
817,3928,301,Neighborhood,40.66487975046727,-73.90974892387065,2012-10-22 17:45:53,2012-10-22,train,817_9
817,4788,121,Park,40.65544670711424,-73.90874419034847,2012-10-22 17:57:30,2012-10-22,train,817_9
817,3791,281,Residential Building (Apartment / Condo),40.65623629615141,-73.90769926198885,2012-10-22 18:03:21,2012-10-22,train,817_9
817,2467,257,Road,40.68779755192939,-73.89198303222656,2012-10-23 16:56:11,2012-10-22,train,817_9
817,3928,301,Neighborhood,40.66487975046727,-73.90974892387065,2012-10-23 17:05:55,2012-10-22,train,817_9
817,4788,121,Park,40.65544670711424,-73.90874419034847,2012-10-23 17:32:17,2012-10-22,train,817_9
817,3791,281,Residential Building (Apartment / Condo),40.65623629615141,-73.90769926198885,2012-10-24 16:42:40,2012-10-22,train,817_9
817,4788,121,Park,40.65544670711424,-73.90874419034847,2012-10-27 00:44:10,2012-10-22,train,817_9
817,3791,281,Residential Building (Apartment / Condo),40.65623629615141,-73.90769926198885,2012-10-27 00:48:27,2012-10-22,train,817_9
817,3791,281,Residential Building (Apartment / Condo),40.65623629615141,-73.90769926198885,2012-10-27 18:49:44,2012-10-22,train,817_9
817,5088,120,Other Great Outdoors,40.78782018739577,-73.79104614257812,2012-10-28 21:52:17,2012-10-22,train,817_9
820,4913,128,Bakery,40.76025741910786,-73.99089122857772,2012-10-25 21:47:09,2012-10-22,train,820_0
820,709,130,Burger Joint,40.760305214599946,-73.99120686837627,2012-10-27 14:45:12,2012-10-22,train,820_0
824,3288,305,Elementary School,40.76187988504444,-74.04414743185043,2012-10-22 08:27:49,2012-10-22,train,824_22
824,1292,265,Mall,40.95634251626308,-74.06902771574032,2012-10-22 18:45:41,2012-10-22,train,824_22
824,2989,248,Toy / Game Store,40.95596395758597,-74.06836227404403,2012-10-22 18:50:19,2012-10-22,train,824_22
824,3288,305,Elementary School,40.76187988504444,-74.04414743185043,2012-10-23 08:16:36,2012-10-22,train,824_22
824,4264,6,Home (private),40.80204208379726,-74.00063278107605,2012-10-24 02:14:45,2012-10-22,train,824_22
824,3288,305,Elementary School,40.76187988504444,-74.04414743185043,2012-10-24 08:34:24,2012-10-22,train,824_22
824,4599,91,High School,40.80112460013346,-74.01424884796143,2012-10-25 16:20:02,2012-10-22,train,824_22
824,4600,117,Other Great Outdoors,40.80117332934505,-74.01482820510864,2012-10-25 16:22:58,2012-10-22,train,824_22
824,3288,305,Elementary School,40.76187988504444,-74.04414743185043,2012-10-26 08:50:34,2012-10-22,train,824_22
826,3551,138,Gym / Fitness Center,40.92609035622175,-73.85365392482477,2012-10-22 06:55:15,2012-10-22,train,826_9
826,3551,138,Gym / Fitness Center,40.92609035622175,-73.85365392482477,2012-10-24 06:42:28,2012-10-22,train,826_9
826,3929,6,Home (private),40.66353831793504,-73.93010370763156,2012-10-25 06:03:38,2012-10-22,train,826_9
826,3551,138,Gym / Fitness Center,40.92609035622175,-73.85365392482477,2012-10-25 06:42:44,2012-10-22,train,826_9
826,3551,138,Gym / Fitness Center,40.92609035622175,-73.85365392482477,2012-10-26 07:35:38,2012-10-22,train,826_9
828,2173,137,Gym / Fitness Center,40.74109555804945,-73.99270534515381,2012-10-23 06:57:41,2012-10-22,train,828_7
828,543,220,BBQ Joint,40.74434084563527,-73.99042637629252,2012-10-24 20:17:26,2012-10-22,train,828_7
828,528,42,Food & Drink Shop,40.74481848035928,-73.99515151977539,2012-10-24 22:04:10,2012-10-22,train,828_7
828,2173,137,Gym / Fitness Center,40.74109555804945,-73.99270534515381,2012-10-25 20:44:58,2012-10-22,train,828_7
828,610,222,Coffee Shop,40.725292088686246,-73.99214602821085,2012-10-26 20:15:21,2012-10-22,train,828_7
828,490,138,Gym / Fitness Center,40.74272121548715,-73.99276210416295,2012-10-28 09:52:51,2012-10-22,train,828_7
830,5052,93,Breakfast Spot,40.76319956513836,-73.82610299994819,2012-10-22 04:26:49,2012-10-22,train,830_12
830,2131,137,Gym / Fitness Center,40.91195586575817,-74.02976274490356,2012-10-22 05:19:53,2012-10-22,train,830_12
830,2131,137,Gym / Fitness Center,40.91195586575817,-74.02976274490356,2012-10-23 05:17:20,2012-10-22,train,830_12
830,3619,221,Bridge,40.75912296762007,-73.95833015441895,2012-10-24 15:26:06,2012-10-22,train,830_12
830,2131,137,Gym / Fitness Center,40.91195586575817,-74.02976274490356,2012-10-26 05:11:37,2012-10-22,train,830_12
830,3528,317,City,40.88595663003309,-74.0434956550598,2012-10-26 14:02:49,2012-10-22,train,830_12
830,3619,221,Bridge,40.75912296762007,-73.95833015441895,2012-10-26 15:28:20,2012-10-22,train,830_12
830,3130,301,Neighborhood,40.76487640472523,-73.81782531738281,2012-10-26 18:24:19,2012-10-22,train,830_12
830,3659,6,Home (private),40.91387038187408,-74.02413671784228,2012-10-27 12:23:43,2012-10-22,train,830_12
830,3130,301,Neighborhood,40.76487640472523,-73.81782531738281,2012-10-27 23:30:14,2012-10-22,train,830_12
832,6,232,Music Venue,40.73492041854701,-73.98829722365633,2012-10-24 15:48:10,2012-10-22,train,832_5
832,2859,48,Bar,40.763755011144994,-73.91457796096802,2012-10-25 00:09:40,2012-10-22,train,832_5
832,530,102,American Restaurant,40.762098,-73.925686,2012-10-26 05:12:53,2012-10-22,train,832_5
832,2836,6,Home (private),40.73928283947823,-73.90658830179062,2012-10-26 06:00:31,2012-10-22,train,832_5
832,473,47,Bar,40.758992940688046,-73.9194917678833,2012-10-28 02:56:27,2012-10-22,train,832_5
832,2836,6,Home (private),40.73928283947823,-73.90658830179062,2012-10-28 05:43:21,2012-10-22,train,832_5
838,3381,61,Office,40.75408423797854,-73.98231983184814,2012-10-22 09:22:58,2012-10-22,train,838_15
838,665,138,Gym / Fitness Center,40.73448312627058,-73.98823409478094,2012-10-22 20:43:05,2012-10-22,train,838_15
838,3381,61,Office,40.75408423797854,-73.98231983184814,2012-10-25 23:34:33,2012-10-22,train,838_15
841,1665,173,Community College,40.74480286916825,-73.9351870472893,2012-10-22 08:57:23,2012-10-22,train,841_19
841,695,31,Bar,40.741128,-73.989902,2012-10-23 12:52:14,2012-10-22,train,841_19
841,1516,222,Coffee Shop,40.74064691662654,-73.99104044018358,2012-10-24 06:15:52,2012-10-22,train,841_19
841,1235,137,Gym / Fitness Center,40.738949,-73.989828,2012-10-26 08:36:22,2012-10-22,train,841_19
841,3351,242,Spa / Massage,40.74016056683402,-73.99236612281612,2012-10-27 10:51:02,2012-10-22,train,841_19
845,3885,264,Subway,40.70715045863768,-73.99030637767282,2012-10-27 12:54:34,2012-10-22,train,845_19
845,1010,1,Pet Store,40.7368875094195,-73.99020829705454,2012-10-27 16:38:09,2012-10-22,train,845_19
845,1528,264,Subway,40.73573434642415,-73.99056762456905,2012-10-27 16:53:09,2012-10-22,train,845_19
845,4375,6,Home (private),40.628964535118925,-73.96537147003376,2012-10-27 20:34:04,2012-10-22,train,845_19
847,4763,6,Home (private),40.91053752796128,-74.00063278107605,2012-10-24 17:22:55,2012-10-22,train,847_3
847,294,37,Bar,40.854935,-73.93711,2012-10-24 19:48:44,2012-10-22,train,847_3
848,1486,134,Event Space,40.742862660166125,-73.99238907827885,2012-10-22 18:05:17,2012-10-22,train,848_15
848,4632,284,Historic Site,40.63776202060348,-74.00221376394177,2012-10-24 20:10:41,2012-10-22,train,848_15
848,439,58,Electronics Store,40.76392076968141,-73.9731227408518,2012-10-25 14:11:53,2012-10-22,train,848_15
848,4632,284,Historic Site,40.63776202060348,-74.00221376394177,2012-10-26 06:36:53,2012-10-22,train,848_15
848,439,58,Electronics Store,40.76392076968141,-73.9731227408518,2012-10-26 09:03:48,2012-10-22,train,848_15
848,439,58,Electronics Store,40.76392076968141,-73.9731227408518,2012-10-27 16:44:28,2012-10-22,train,848_15
853,3173,222,Coffee Shop,40.74088518441939,-74.17124255359093,2012-10-25 13:23:58,2012-10-22,train,853_2
853,589,232,Music Venue,40.71749323698053,-74.00106579065323,2012-10-26 19:57:27,2012-10-22,train,853_2
859,1526,137,Gym / Fitness Center,40.78135679017438,-73.97971724534096,2012-10-22 06:38:54,2012-10-22,train,859_8
859,1526,137,Gym / Fitness Center,40.78135679017438,-73.97971724534096,2012-10-23 05:58:54,2012-10-22,train,859_8
859,1563,4,Gym / Fitness Center,40.74130690856319,-73.99004459381104,2012-10-24 18:28:56,2012-10-22,train,859_8
859,1526,137,Gym / Fitness Center,40.78135679017438,-73.97971724534096,2012-10-25 06:04:22,2012-10-22,train,859_8
859,1563,4,Gym / Fitness Center,40.74130690856319,-73.99004459381104,2012-10-25 18:06:05,2012-10-22,train,859_8
859,1526,137,Gym / Fitness Center,40.78135679017438,-73.97971724534096,2012-10-26 06:15:24,2012-10-22,train,859_8
859,1526,137,Gym / Fitness Center,40.78135679017438,-73.97971724534096,2012-10-27 08:22:40,2012-10-22,train,859_8
860,4640,204,Steakhouse,40.759294961244976,-73.97823651466952,2012-10-22 12:36:00,2012-10-22,train,860_16
860,1036,197,Sandwich Place,40.76097907654608,-73.97887357461185,2012-10-23 12:49:38,2012-10-22,train,860_16
860,529,30,Jewelry Store,40.76289049185976,-73.97402957036488,2012-10-24 14:30:50,2012-10-22,train,860_16
860,624,122,Plaza,40.75872401941763,-73.97861530732206,2012-10-24 16:19:54,2012-10-22,train,860_16
860,1036,197,Sandwich Place,40.76097907654608,-73.97887357461185,2012-10-25 12:28:13,2012-10-22,train,860_16
860,529,30,Jewelry Store,40.76289049185976,-73.97402957036488,2012-10-25 13:07:34,2012-10-22,train,860_16
860,1191,222,Coffee Shop,40.74365597019452,-73.97662950724082,2012-10-27 10:37:00,2012-10-22,train,860_16
860,929,163,Medical Center,40.74196016330615,-73.9743796742868,2012-10-28 10:25:01,2012-10-22,train,860_16
864,1070,76,Ferry,40.77662552133105,-74.01072978973389,2012-10-22 06:30:28,2012-10-22,train,864_12
864,1696,76,Ferry,40.75944803383743,-74.00562286376953,2012-10-22 06:47:04,2012-10-22,train,864_12
864,1070,76,Ferry,40.77662552133105,-74.01072978973389,2012-10-26 06:40:05,2012-10-22,train,864_12
864,1696,76,Ferry,40.75944803383743,-74.00562286376953,2012-10-26 06:49:15,2012-10-22,train,864_12
864,2088,98,Donut Shop,40.747483478396845,-73.98228267031958,2012-10-26 15:51:22,2012-10-22,train,864_12
864,1696,76,Ferry,40.75944803383743,-74.00562286376953,2012-10-26 18:25:11,2012-10-22,train,864_12
864,1070,76,Ferry,40.77662552133105,-74.01072978973389,2012-10-26 18:39:32,2012-10-22,train,864_12
865,829,7,Clothing Store,40.74959782183326,-73.98746967315674,2012-10-24 18:46:22,2012-10-22,train,865_16
865,41,42,Food & Drink Shop,40.780557679970805,-73.98171901702881,2012-10-27 12:51:30,2012-10-22,train,865_16
866,4552,63,Office,40.724169079279605,-73.99721145629883,2012-10-23 13:09:07,2012-10-22,train,866_10
866,4683,48,Bar,40.74769588014885,-73.99444341659546,2012-10-23 19:44:52,2012-10-22,train,866_10
866,543,220,BBQ Joint,40.74434084563527,-73.99042637629252,2012-10-23 21:29:24,2012-10-22,train,866_10
866,830,37,Bar,40.73743415035814,-73.99128147407096,2012-10-23 23:14:02,2012-10-22,train,866_10
866,399,108,Gastropub,40.735697,-74.006838,2012-10-24 20:55:32,2012-10-22,train,866_10
867,227,58,Electronics Store,40.72501469240076,-73.99909973144531,2012-10-22 18:58:16,2012-10-22,train,867_23
867,1008,208,Ramen /  Noodle House,40.73085850344144,-73.99070758336508,2012-10-22 21:34:14,2012-10-22,train,867_23
867,3504,211,Bar,40.74595881831595,-73.9939270880217,2012-10-23 02:17:29,2012-10-22,train,867_23
867,3106,13,Clothing Store,40.72343212477769,-74.00055530971083,2012-10-23 19:12:06,2012-10-22,train,867_23
867,685,201,Ice Cream Shop,40.72957974686472,-73.9869141226312,2012-10-23 19:54:19,2012-10-22,train,867_23
867,1475,241,Airport,40.773839,-73.87122,2012-10-25 20:02:56,2012-10-22,train,867_23
871,405,241,Airport,40.645089355976346,-73.7845230102539,2012-10-22 06:49:42,2012-10-22,train,871_20
871,1050,239,Airport,40.640725851595455,-73.78937244415283,2012-10-22 06:54:57,2012-10-22,train,871_20
871,1933,264,Subway,40.78577311803029,-73.9509916305542,2012-10-23 08:32:18,2012-10-22,train,871_20
871,1933,264,Subway,40.78577311803029,-73.9509916305542,2012-10-23 21:39:47,2012-10-22,train,871_20
871,799,96,Deli / Bodega,40.75271883902363,-73.98321568965912,2012-10-24 08:47:06,2012-10-22,train,871_20
871,1836,264,Subway,40.77950085761895,-73.9558461945179,2012-10-24 23:23:38,2012-10-22,train,871_20
871,1933,264,Subway,40.78577311803029,-73.9509916305542,2012-10-25 08:05:33,2012-10-22,train,871_20
871,799,96,Deli / Bodega,40.75271883902363,-73.98321568965912,2012-10-25 08:33:27,2012-10-22,train,871_20
871,3525,92,Asian Restaurant,40.74763188753914,-73.98636891409481,2012-10-25 14:02:42,2012-10-22,train,871_20
871,1327,222,Coffee Shop,40.74907894406079,-73.98399867372817,2012-10-25 14:44:13,2012-10-22,train,871_20
871,1327,222,Coffee Shop,40.74907894406079,-73.98399867372817,2012-10-25 14:54:59,2012-10-22,train,871_20
871,179,121,Park,40.75372797263211,-73.98368835767094,2012-10-25 14:55:31,2012-10-22,train,871_20
871,1933,264,Subway,40.78577311803029,-73.9509916305542,2012-10-26 02:20:03,2012-10-22,train,871_20
871,1933,264,Subway,40.78577311803029,-73.9509916305542,2012-10-26 07:07:02,2012-10-22,train,871_20
871,3230,222,Coffee Shop,40.78580561168767,-73.95094871520996,2012-10-26 07:07:17,2012-10-22,train,871_20
871,3486,252,Food & Drink Shop,40.752713,-73.980678,2012-10-26 13:49:56,2012-10-22,train,871_20
871,232,121,Park,40.73083612189599,-73.99764060974121,2012-10-26 17:51:18,2012-10-22,train,871_20
871,1933,264,Subway,40.78577311803029,-73.9509916305542,2012-10-26 22:26:26,2012-10-22,train,871_20
871,474,222,Coffee Shop,40.774215,-73.981176,2012-10-27 13:59:22,2012-10-22,train,871_20
871,1682,58,Electronics Store,40.77473050116933,-73.98209327769995,2012-10-27 15:03:42,2012-10-22,train,871_20
871,2752,42,Food & Drink Shop,40.778504,-73.982092,2012-10-27 15:05:28,2012-10-22,train,871_20
871,1933,264,Subway,40.78577311803029,-73.9509916305542,2012-10-27 19:39:38,2012-10-22,train,871_20
871,3486,252,Food & Drink Shop,40.752713,-73.980678,2012-10-28 16:47:49,2012-10-22,train,871_20
871,1933,264,Subway,40.78577311803029,-73.9509916305542,2012-10-28 17:12:19,2012-10-22,train,871_20
872,2975,269,Miscellaneous Shop,40.905543,-74.0643,2012-10-22 08:24:26,2012-10-22,train,872_4
872,2138,131,Café,40.90546761666667,-74.064304,2012-10-22 08:24:38,2012-10-22,train,872_4
872,2138,131,Café,40.90546761666667,-74.064304,2012-10-22 16:36:10,2012-10-22,train,872_4
872,2975,269,Miscellaneous Shop,40.905543,-74.0643,2012-10-23 08:30:54,2012-10-22,train,872_4
872,2975,269,Miscellaneous Shop,40.905543,-74.0643,2012-10-24 08:55:55,2012-10-22,train,872_4
872,2138,131,Café,40.90546761666667,-74.064304,2012-10-24 08:56:08,2012-10-22,train,872_4
872,2106,254,Department Store,40.91552327277213,-74.06089782714844,2012-10-24 17:24:50,2012-10-22,train,872_4
872,2808,97,Diner,40.90277210074285,-74.07811420240645,2012-10-25 18:44:41,2012-10-22,train,872_4
872,2138,131,Café,40.90546761666667,-74.064304,2012-10-26 17:46:39,2012-10-22,train,872_4
872,2808,97,Diner,40.90277210074285,-74.07811420240645,2012-10-26 18:35:23,2012-10-22,train,872_4
878,1618,221,Bridge,40.63580842646567,-74.19698238372803,2012-10-22 09:23:10,2012-10-22,train,878_17
878,4282,6,Home (private),40.93508141690897,-73.96537147003376,2012-10-22 17:35:57,2012-10-22,train,878_17
878,2567,178,General College & University,40.94931791975774,-74.08792872284181,2012-10-22 18:44:39,2012-10-22,train,878_17
878,4282,6,Home (private),40.93508141690897,-73.96537147003376,2012-10-22 21:22:28,2012-10-22,train,878_17
878,2175,197,Sandwich Place,40.89643068952154,-73.97470108060517,2012-10-23 11:25:55,2012-10-22,train,878_17
878,2175,197,Sandwich Place,40.89643068952154,-73.97470108060517,2012-10-24 10:08:40,2012-10-22,train,878_17
878,4282,6,Home (private),40.93508141690897,-73.96537147003376,2012-10-24 16:40:51,2012-10-22,train,878_17
878,1680,173,Community College,40.95105710437937,-74.08986568450928,2012-10-24 20:01:56,2012-10-22,train,878_17
878,2567,178,General College & University,40.94931791975774,-74.08792872284181,2012-10-24 20:02:07,2012-10-22,train,878_17
878,3395,165,College Academic Building,40.947669894526186,-74.08349275588989,2012-10-24 20:02:12,2012-10-22,train,878_17
878,2175,197,Sandwich Place,40.89643068952154,-73.97470108060517,2012-10-25 10:08:25,2012-10-22,train,878_17
878,1680,173,Community College,40.95105710437937,-74.08986568450928,2012-10-25 16:53:01,2012-10-22,train,878_17
878,2567,178,General College & University,40.94931791975774,-74.08792872284181,2012-10-25 16:53:16,2012-10-22,train,878_17
878,3395,165,College Academic Building,40.947669894526186,-74.08349275588989,2012-10-25 16:53:25,2012-10-22,train,878_17
878,2175,197,Sandwich Place,40.89643068952154,-73.97470108060517,2012-10-26 10:21:28,2012-10-22,train,878_17
878,3512,19,Bank,40.926521666666666,-73.96489857,2012-10-26 16:38:39,2012-10-22,train,878_17
878,4282,6,Home (private),40.93508141690897,-73.96537147003376,2012-10-28 15:14:48,2012-10-22,train,878_17
879,4099,6,Home (private),40.7922692430266,-74.07113588841028,2012-10-23 19:51:46,2012-10-22,train,879_13
879,2403,282,Convenience Store,40.81366776769526,-74.10953492625622,2012-10-26 00:36:48,2012-10-22,train,879_13
879,3644,162,Medical Center,40.8293049965717,-74.10278432981012,2012-10-26 01:08:28,2012-10-22,train,879_13
879,2403,282,Convenience Store,40.81366776769526,-74.10953492625622,2012-10-28 23:04:05,2012-10-22,train,879_13
882,1894,222,Coffee Shop,40.77433,-73.732803,2012-10-23 15:41:42,2012-10-22,train,882_9
882,2188,173,Community College,40.75492947089871,-73.75667095184326,2012-10-24 07:46:33,2012-10-22,train,882_9
882,2259,265,Mall,40.7795359365368,-73.77673493663156,2012-10-25 08:01:51,2012-10-22,train,882_9
882,878,35,Bookstore,40.78011897959241,-73.77649784088135,2012-10-25 08:02:10,2012-10-22,train,882_9
882,4162,6,Home (private),40.75686177990922,-73.75366953292578,2012-10-26 17:52:31,2012-10-22,train,882_9
882,4162,6,Home (private),40.75686177990922,-73.75366953292578,2012-10-27 09:55:22,2012-10-22,train,882_9
882,1894,222,Coffee Shop,40.77433,-73.732803,2012-10-28 10:43:09,2012-10-22,train,882_9
882,5088,120,Other Great Outdoors,40.78782018739577,-73.79104614257812,2012-10-28 15:58:03,2012-10-22,train,882_9
883,2064,128,Bakery,40.75689622129208,-73.99188995361328,2012-10-23 07:52:34,2012-10-22,train,883_16
883,1741,222,Coffee Shop,40.750998873195776,-74.02547651573961,2012-10-26 08:23:07,2012-10-22,train,883_16
884,3137,63,Office,40.7259,-74.005962,2012-10-22 08:35:43,2012-10-22,train,884_10
884,3137,63,Office,40.7259,-74.005962,2012-10-24 08:58:48,2012-10-22,train,884_10
884,4722,217,Soup Place,40.72751054010774,-74.00728085514518,2012-10-24 13:42:22,2012-10-22,train,884_10
884,3137,63,Office,40.7259,-74.005962,2012-10-25 09:00:56,2012-10-22,train,884_10
884,3137,63,Office,40.7259,-74.005962,2012-10-26 08:49:30,2012-10-22,train,884_10
893,2313,61,Office,40.7903220753707,-74.04909610748291,2012-10-22 08:12:17,2012-10-22,train,893_18
893,2313,61,Office,40.7903220753707,-74.04909610748291,2012-10-23 07:59:20,2012-10-22,train,893_18
893,2313,61,Office,40.7903220753707,-74.04909610748291,2012-10-24 07:46:53,2012-10-22,train,893_18
893,3114,282,Convenience Store,40.68378078887897,-74.0999796351583,2012-10-26 00:49:47,2012-10-22,train,893_18
893,2313,61,Office,40.7903220753707,-74.04909610748291,2012-10-26 08:26:09,2012-10-22,train,893_18
898,3620,6,Home (private),40.84498742331356,-74.16509908485864,2012-10-22 23:53:17,2012-10-22,train,898_15
898,3620,6,Home (private),40.84498742331356,-74.16509908485864,2012-10-24 21:02:30,2012-10-22,train,898_15
898,4897,281,Residential Building (Apartment / Condo),40.84476009028352,-74.16051500174768,2012-10-24 21:03:34,2012-10-22,train,898_15
900,2444,98,Donut Shop,40.75913471693182,-73.97040222668178,2012-10-23 17:32:02,2012-10-22,train,900_19
900,4262,175,College Academic Building,40.817635,-73.950606,2012-10-25 18:21:36,2012-10-22,train,900_19
900,3164,169,College Academic Building,40.81775999484179,-73.95060559937363,2012-10-25 18:21:53,2012-10-22,train,900_19
900,3362,16,Clothing Store,40.761268375278135,-73.96862983703613,2012-10-26 14:41:58,2012-10-22,train,900_19
901,3130,301,Neighborhood,40.76487640472523,-73.81782531738281,2012-10-22 23:33:27,2012-10-22,train,901_12
901,390,232,Music Venue,40.75759516580836,-73.98607622255768,2012-10-27 04:13:24,2012-10-22,train,901_12
901,748,33,Korean Restaurant,40.74760293839914,-73.98625987220174,2012-10-27 04:13:57,2012-10-22,train,901_12
901,3393,37,Bar,40.62903398153488,-74.00538142897794,2012-10-28 05:20:07,2012-10-22,train,901_12
904,2483,74,Government Building,40.76800118070776,-73.9159551914549,2012-10-27 10:27:26,2012-10-22,train,904_15
904,4915,293,Garden Center,40.76801883170239,-73.91603556735033,2012-10-27 13:31:27,2012-10-22,train,904_15
904,4992,281,Residential Building (Apartment / Condo),40.76786088094523,-73.91617909565247,2012-10-27 13:32:16,2012-10-22,train,904_15
904,2701,129,Brazilian Restaurant,40.76737915693862,-73.91811847686768,2012-10-27 16:09:22,2012-10-22,train,904_15
904,2483,74,Government Building,40.76800118070776,-73.9159551914549,2012-10-27 22:52:42,2012-10-22,train,904_15
904,5048,175,College Academic Building,40.76794695950977,-73.91590352121887,2012-10-27 22:53:23,2012-10-22,train,904_15
904,5091,114,Cemetery,40.74890933404696,-73.96507013702977,2012-10-28 10:53:58,2012-10-22,train,904_15
904,5048,175,College Academic Building,40.76794695950977,-73.91590352121887,2012-10-28 10:55:24,2012-10-22,train,904_15
907,3294,61,Office,40.75010293240894,-73.91019674628517,2012-10-22 09:23:17,2012-10-22,train,907_21
907,990,183,University,40.74021655318853,-73.98344771778257,2012-10-22 19:34:56,2012-10-22,train,907_21
907,3294,61,Office,40.75010293240894,-73.91019674628517,2012-10-23 09:14:58,2012-10-22,train,907_21
907,3943,6,Home (private),40.76071686239771,-73.91834636014222,2012-10-23 18:45:53,2012-10-22,train,907_21
907,3294,61,Office,40.75010293240894,-73.91019674628517,2012-10-24 09:18:17,2012-10-22,train,907_21
907,3294,61,Office,40.75010293240894,-73.91019674628517,2012-10-26 09:18:47,2012-10-22,train,907_21
907,2193,26,Drugstore / Pharmacy,40.756430189623146,-73.9131764615132,2012-10-26 18:37:57,2012-10-22,train,907_21
907,1593,102,American Restaurant,40.75559589697087,-73.92275333404541,2012-10-26 20:01:08,2012-10-22,train,907_21
907,3943,6,Home (private),40.76071686239771,-73.91834636014222,2012-10-26 23:14:44,2012-10-22,train,907_21
907,1230,222,Coffee Shop,40.76036636356072,-73.91790716809729,2012-10-28 14:32:26,2012-10-22,train,907_21
907,3943,6,Home (private),40.76071686239771,-73.91834636014222,2012-10-28 19:04:40,2012-10-22,train,907_21
908,4736,6,Home (private),40.77728739385495,-73.96537147003376,2012-10-22 09:45:36,2012-10-22,train,908_12
908,5030,6,Home (private),40.775615852364126,-73.95361626406626,2012-10-23 10:27:11,2012-10-22,train,908_12
908,4736,6,Home (private),40.77728739385495,-73.96537147003376,2012-10-23 11:39:25,2012-10-22,train,908_12
908,2192,222,Coffee Shop,40.77702130253044,-73.94996844601872,2012-10-23 17:23:18,2012-10-22,train,908_12
908,5030,6,Home (private),40.775615852364126,-73.95361626406626,2012-10-23 17:42:05,2012-10-22,train,908_12
908,4736,6,Home (private),40.77728739385495,-73.96537147003376,2012-10-24 08:37:37,2012-10-22,train,908_12
908,2192,222,Coffee Shop,40.77702130253044,-73.94996844601872,2012-10-24 23:47:15,2012-10-22,train,908_12
908,5030,6,Home (private),40.775615852364126,-73.95361626406626,2012-10-24 23:47:38,2012-10-22,train,908_12
908,4736,6,Home (private),40.77728739385495,-73.96537147003376,2012-10-25 09:17:50,2012-10-22,train,908_12
908,5030,6,Home (private),40.775615852364126,-73.95361626406626,2012-10-25 19:33:55,2012-10-22,train,908_12
908,4736,6,Home (private),40.77728739385495,-73.96537147003376,2012-10-26 09:43:57,2012-10-22,train,908_12
908,2192,222,Coffee Shop,40.77702130253044,-73.94996844601872,2012-10-26 17:47:48,2012-10-22,train,908_12
908,5030,6,Home (private),40.775615852364126,-73.95361626406626,2012-10-26 17:49:19,2012-10-22,train,908_12
909,3160,8,Medical Center,40.825515097780304,-73.8397210004446,2012-10-22 05:57:59,2012-10-22,train,909_13
909,3160,8,Medical Center,40.825515097780304,-73.8397210004446,2012-10-25 15:30:25,2012-10-22,train,909_13
909,3160,8,Medical Center,40.825515097780304,-73.8397210004446,2012-10-28 23:45:09,2012-10-22,train,909_13
912,817,138,Gym / Fitness Center,40.7292388125015,-74.00527239790054,2012-10-24 13:35:08,2012-10-22,train,912_13
912,817,138,Gym / Fitness Center,40.7292388125015,-74.00527239790054,2012-10-26 13:37:14,2012-10-22,train,912_13
923,4623,6,Home (private),40.78549052086682,-73.95361626406626,2012-10-22 19:19:24,2012-10-22,train,923_22
923,4623,6,Home (private),40.78549052086682,-73.95361626406626,2012-10-24 21:23:58,2012-10-22,train,923_22
923,4623,6,Home (private),40.78549052086682,-73.95361626406626,2012-10-27 14:16:37,2012-10-22,train,923_22
923,4061,47,Bar,40.78133756458156,-73.94936573145294,2012-10-28 12:59:12,2012-10-22,train,923_22
923,5088,120,Other Great Outdoors,40.78782018739577,-73.79104614257812,2012-10-28 14:37:04,2012-10-22,train,923_22
924,3346,136,Office,40.7634453983153,-73.99613078197115,2012-10-22 09:15:39,2012-10-22,train,924_6
924,1399,222,Coffee Shop,40.7191854536858,-73.99019108026202,2012-10-23 15:29:08,2012-10-22,train,924_6
924,564,232,Music Venue,40.71924854740439,-73.96171813433378,2012-10-23 20:37:14,2012-10-22,train,924_6
927,4592,37,Bar,40.82865090446733,-73.94854545593262,2012-10-23 23:06:48,2012-10-22,train,927_5
927,1475,241,Airport,40.773839,-73.87122,2012-10-25 16:03:44,2012-10-22,train,927_5
929,3246,80,Building,40.74154412469018,-74.001014398825,2012-10-24 14:06:25,2012-10-22,train,929_10
929,3189,264,Subway,40.67396595585016,-73.88071775436401,2012-10-25 07:43:04,2012-10-22,train,929_10
929,3189,264,Subway,40.67396595585016,-73.88071775436401,2012-10-27 16:32:25,2012-10-22,train,929_10
929,1874,264,Subway,40.73158408988183,-74.00021553039551,2012-10-27 17:10:18,2012-10-22,train,929_10
929,1514,264,Subway,40.73977358599364,-74.00257587432861,2012-10-28 11:41:08,2012-10-22,train,929_10
932,3697,207,Dessert Shop,40.709807,-74.006824,2012-10-25 18:00:41,2012-10-22,train,932_14
932,159,17,Eastern European Restaurant,40.729136234409154,-73.9869715129134,2012-10-27 10:53:03,2012-10-22,train,932_14
933,5001,281,Residential Building (Apartment / Condo),40.762458,-73.96319,2012-10-22 18:46:04,2012-10-22,train,933_6
933,5001,281,Residential Building (Apartment / Condo),40.762458,-73.96319,2012-10-24 21:13:06,2012-10-22,train,933_6
933,5001,281,Residential Building (Apartment / Condo),40.762458,-73.96319,2012-10-26 21:26:47,2012-10-22,train,933_6
933,5088,120,Other Great Outdoors,40.78782018739577,-73.79104614257812,2012-10-28 16:55:41,2012-10-22,train,933_6
939,3069,6,Home (private),40.76741095844762,-73.96537147003376,2012-10-24 00:24:27,2012-10-22,train,939_15
939,3069,6,Home (private),40.76741095844762,-73.96537147003376,2012-10-25 00:16:42,2012-10-22,train,939_15
939,3069,6,Home (private),40.76741095844762,-73.96537147003376,2012-10-26 02:41:40,2012-10-22,train,939_15
939,4668,37,Bar,40.82659732087299,-73.82250162584172,2012-10-27 01:11:38,2012-10-22,train,939_15
939,3378,194,Mexican Restaurant,40.76679183558998,-73.96280868955054,2012-10-27 16:44:28,2012-10-22,train,939_15
944,5074,313,Home (private),40.92051512379632,-73.97909740598243,2012-10-22 07:29:26,2012-10-22,train,944_7
944,4140,62,Automotive Shop,40.907567521272114,-74.16476366797684,2012-10-22 20:39:30,2012-10-22,train,944_7
944,5074,313,Home (private),40.92051512379632,-73.97909740598243,2012-10-23 13:12:14,2012-10-22,train,944_7
944,4140,62,Automotive Shop,40.907567521272114,-74.16476366797684,2012-10-23 18:25:30,2012-10-22,train,944_7
944,5074,313,Home (private),40.92051512379632,-73.97909740598243,2012-10-24 07:06:07,2012-10-22,train,944_7
944,5074,313,Home (private),40.92051512379632,-73.97909740598243,2012-10-25 14:28:55,2012-10-22,train,944_7
944,4140,62,Automotive Shop,40.907567521272114,-74.16476366797684,2012-10-26 07:42:18,2012-10-22,train,944_7
944,660,122,Plaza,40.76803326982161,-73.98186922073364,2012-10-27 20:40:19,2012-10-22,train,944_7
944,4140,62,Automotive Shop,40.907567521272114,-74.16476366797684,2012-10-27 23:56:24,2012-10-22,train,944_7
946,634,66,Arts & Crafts Store,40.719810375488535,-74.00258103213994,2012-10-24 15:14:11,2012-10-22,train,946_14
946,635,138,Gym / Fitness Center,40.72700139784567,-73.95298773069769,2012-10-25 08:33:27,2012-10-22,train,946_14
946,512,147,Movie Theater,40.75246236757653,-73.99433454375975,2012-10-25 11:04:27,2012-10-22,train,946_14
946,341,41,Bar,40.71643185437982,-73.96150576233745,2012-10-26 21:14:09,2012-10-22,train,946_14
948,198,214,Bar,40.73353038489922,-74.00329835080741,2012-10-22 18:16:03,2012-10-22,train,948_14
948,202,214,Bar,40.73347071903565,-74.00228836535156,2012-10-22 20:38:56,2012-10-22,train,948_14
948,3264,96,Deli / Bodega,40.69720139781954,-73.93605709075928,2012-10-25 09:33:04,2012-10-22,train,948_14
948,1030,264,Subway,40.69716886084869,-73.93569231033325,2012-10-25 09:33:35,2012-10-22,train,948_14
948,1146,194,Mexican Restaurant,40.76406488952674,-73.9883660914967,2012-10-25 18:56:15,2012-10-22,train,948_14
948,1030,264,Subway,40.69716886084869,-73.93569231033325,2012-10-26 09:13:59,2012-10-22,train,948_14
948,3264,96,Deli / Bodega,40.69720139781954,-73.93605709075928,2012-10-28 14:52:27,2012-10-22,train,948_14
948,1030,264,Subway,40.69716886084869,-73.93569231033325,2012-10-28 14:55:38,2012-10-22,train,948_14
948,2025,264,Subway,40.69968229504451,-73.91182065010071,2012-10-28 15:07:30,2012-10-22,train,948_14
950,3086,6,Home (private),40.833165200622425,-73.94186034276925,2012-10-22 13:08:35,2012-10-22,train,950_17
950,2526,132,Fast Food Restaurant,40.834293618506855,-73.94444636233645,2012-10-23 03:49:11,2012-10-22,train,950_17
950,2014,98,Donut Shop,40.83416102068758,-73.94503761167968,2012-10-24 03:28:44,2012-10-22,train,950_17
950,5018,6,Home (private),40.833165200622425,-73.94186034276925,2012-10-24 03:29:12,2012-10-22,train,950_17
950,1475,241,Airport,40.773839,-73.87122,2012-10-24 12:10:26,2012-10-22,train,950_17
950,3086,6,Home (private),40.833165200622425,-73.94186034276925,2012-10-24 16:01:27,2012-10-22,train,950_17
950,2159,138,Gym / Fitness Center,40.84981921208277,-73.93463595197066,2012-10-24 20:25:01,2012-10-22,train,950_17
950,4069,43,Bar,40.76984343642478,-73.91000154176955,2012-10-25 04:04:04,2012-10-22,train,950_17
950,2751,73,Bus Station,40.7694330257794,-73.91049529398948,2012-10-25 04:04:25,2012-10-22,train,950_17
950,1600,264,Subway,40.81554068461798,-73.95842347218186,2012-10-25 04:48:38,2012-10-22,train,950_17
950,5018,6,Home (private),40.833165200622425,-73.94186034276925,2012-10-25 05:27:26,2012-10-22,train,950_17
950,4069,43,Bar,40.76984343642478,-73.91000154176955,2012-10-26 01:25:39,2012-10-22,train,950_17
950,4987,96,Deli / Bodega,40.83409780410722,-73.9452672225881,2012-10-26 05:19:12,2012-10-22,train,950_17
950,2014,98,Donut Shop,40.83416102068758,-73.94503761167968,2012-10-26 05:21:04,2012-10-22,train,950_17
950,3148,96,Deli / Bodega,40.834315,-73.944861,2012-10-26 05:30:04,2012-10-22,train,950_17
950,5018,6,Home (private),40.833165200622425,-73.94186034276925,2012-10-26 05:40:45,2012-10-22,train,950_17
950,3086,6,Home (private),40.833165200622425,-73.94186034276925,2012-10-26 17:17:05,2012-10-22,train,950_17
950,3140,19,Bank,40.834576656938985,-73.94438895939139,2012-10-26 19:01:28,2012-10-22,train,950_17
950,5018,6,Home (private),40.833165200622425,-73.94186034276925,2012-10-26 20:15:06,2012-10-22,train,950_17
950,4069,43,Bar,40.76984343642478,-73.91000154176955,2012-10-27 02:45:57,2012-10-22,train,950_17
950,3086,6,Home (private),40.833165200622425,-73.94186034276925,2012-10-27 09:19:04,2012-10-22,train,950_17
950,2159,138,Gym / Fitness Center,40.84981921208277,-73.93463595197066,2012-10-27 18:12:07,2012-10-22,train,950_17
950,4069,43,Bar,40.76984343642478,-73.91000154176955,2012-10-28 00:55:16,2012-10-22,train,950_17
950,4987,96,Deli / Bodega,40.83409780410722,-73.9452672225881,2012-10-28 07:01:43,2012-10-22,train,950_17
950,5018,6,Home (private),40.833165200622425,-73.94186034276925,2012-10-28 07:22:50,2012-10-22,train,950_17
950,3321,191,Latin American Restaurant,40.83398774310584,-73.94515815744059,2012-10-28 16:37:30,2012-10-22,train,950_17
950,5018,6,Home (private),40.833165200622425,-73.94186034276925,2012-10-28 22:12:05,2012-10-22,train,950_17
954,1480,222,Coffee Shop,40.69238982068587,-73.99091631174088,2012-10-22 16:50:50,2012-10-22,train,954_24
954,1830,264,Subway,40.69928373090004,-73.99051666259766,2012-10-22 19:58:42,2012-10-22,train,954_24
954,1274,61,Office,40.70986496772808,-74.01053451111994,2012-10-23 05:17:58,2012-10-22,train,954_24
954,1241,222,Coffee Shop,40.70964742200671,-74.01051729615469,2012-10-23 05:18:38,2012-10-22,train,954_24
954,1976,264,Subway,40.81807000743554,-73.91209136818333,2012-10-23 07:03:24,2012-10-22,train,954_24
954,2753,264,Subway,40.816188,-73.917947,2012-10-23 07:03:39,2012-10-22,train,954_24
954,4890,96,Deli / Bodega,40.82161194372715,-73.91215452192912,2012-10-23 07:09:06,2012-10-22,train,954_24
954,3274,6,Home (private),40.81827071326029,-73.90658830179062,2012-10-23 07:10:45,2012-10-22,train,954_24
954,3359,170,College Academic Building,40.699756791134746,-73.98790697209414,2012-10-23 14:51:28,2012-10-22,train,954_24
954,1830,264,Subway,40.69928373090004,-73.99051666259766,2012-10-23 14:51:45,2012-10-22,train,954_24
954,1522,264,Subway,40.71037756449118,-74.00755405426025,2012-10-23 15:19:12,2012-10-22,train,954_24
954,1522,264,Subway,40.71037756449118,-74.00755405426025,2012-10-24 06:40:21,2012-10-22,train,954_24
954,1976,264,Subway,40.81807000743554,-73.91209136818333,2012-10-24 07:15:59,2012-10-22,train,954_24
954,2753,264,Subway,40.816188,-73.917947,2012-10-24 07:16:19,2012-10-22,train,954_24
954,1274,61,Office,40.70986496772808,-74.01053451111994,2012-10-25 06:15:25,2012-10-22,train,954_24
954,1241,222,Coffee Shop,40.70964742200671,-74.01051729615469,2012-10-25 06:15:44,2012-10-22,train,954_24
954,1522,264,Subway,40.71037756449118,-74.00755405426025,2012-10-25 06:31:30,2012-10-22,train,954_24
954,1976,264,Subway,40.81807000743554,-73.91209136818333,2012-10-25 07:25:25,2012-10-22,train,954_24
954,2753,264,Subway,40.816188,-73.917947,2012-10-25 07:25:43,2012-10-22,train,954_24
954,2753,264,Subway,40.816188,-73.917947,2012-10-27 13:40:25,2012-10-22,train,954_24
954,4890,96,Deli / Bodega,40.82161194372715,-73.91215452192912,2012-10-27 15:04:45,2012-10-22,train,954_24
954,1522,264,Subway,40.71037756449118,-74.00755405426025,2012-10-28 21:06:15,2012-10-22,train,954_24
954,1241,222,Coffee Shop,40.70964742200671,-74.01051729615469,2012-10-28 21:06:31,2012-10-22,train,954_24
954,5088,120,Other Great Outdoors,40.78782018739577,-73.79104614257812,2012-10-28 21:07:44,2012-10-22,train,954_24
955,192,121,Park,40.73528249691621,-73.99040315158283,2012-10-23 23:48:23,2012-10-22,train,955_4
955,143,133,Hot Dog Joint,40.72704085086805,-73.98383596074753,2012-10-24 00:40:16,2012-10-22,train,955_4
955,143,133,Hot Dog Joint,40.72704085086805,-73.98383596074753,2012-10-25 00:12:24,2012-10-22,train,955_4
955,580,222,Coffee Shop,40.727190300039474,-73.98609917877279,2012-10-26 10:42:44,2012-10-22,train,955_4
955,3874,214,Bar,40.729923697132776,-73.981243878201,2012-10-27 00:48:12,2012-10-22,train,955_4
955,1032,138,Gym / Fitness Center,40.73003391698606,-73.99233168961688,2012-10-27 14:20:07,2012-10-22,train,955_4
955,143,133,Hot Dog Joint,40.72704085086805,-73.98383596074753,2012-10-27 18:29:02,2012-10-22,train,955_4
957,669,137,Gym / Fitness Center,40.73757,-74.0017,2012-10-24 11:59:46,2012-10-22,train,957_20
957,4616,198,Scandinavian Restaurant,40.727291289709385,-73.99377822875977,2012-10-24 20:50:20,2012-10-22,train,957_20
957,91,208,Ramen /  Noodle House,40.73682775975944,-73.99064540863037,2012-10-25 19:53:13,2012-10-22,train,957_20
957,215,50,Bar,40.739977397073,-73.99332451104736,2012-10-26 20:22:33,2012-10-22,train,957_20
957,568,208,Ramen /  Noodle House,40.729110403548944,-73.9842454555664,2012-10-28 00:51:45,2012-10-22,train,957_20
959,4104,96,Deli / Bodega,40.79437893161566,-73.94883189698274,2012-10-22 10:50:52,2012-10-22,train,959_11
959,4104,96,Deli / Bodega,40.79437893161566,-73.94883189698274,2012-10-23 13:16:16,2012-10-22,train,959_11
959,4104,96,Deli / Bodega,40.79437893161566,-73.94883189698274,2012-10-28 10:29:11,2012-10-22,train,959_11
960,4924,212,Hotel,40.72192027210859,-73.95813647804194,2012-10-24 19:05:21,2012-10-22,train,960_16
960,5088,120,Other Great Outdoors,40.78782018739577,-73.79104614257812,2012-10-28 18:59:46,2012-10-22,train,960_16
963,640,137,Gym / Fitness Center,40.72424,-73.997779,2012-10-23 06:55:41,2012-10-22,train,963_15
963,640,137,Gym / Fitness Center,40.72424,-73.997779,2012-10-27 16:38:17,2012-10-22,train,963_15
966,5053,8,Medical Center,40.97149974418423,-73.87811743110963,2012-10-22 08:23:58,2012-10-22,train,966_8
966,5053,8,Medical Center,40.97149974418423,-73.87811743110963,2012-10-24 08:40:55,2012-10-22,train,966_8
966,5053,8,Medical Center,40.97149974418423,-73.87811743110963,2012-10-25 08:34:45,2012-10-22,train,966_8
966,5053,8,Medical Center,40.97149974418423,-73.87811743110963,2012-10-26 09:01:41,2012-10-22,train,966_8
966,4922,6,Home (private),40.82621863682395,-73.82426211435131,2012-10-27 16:50:19,2012-10-22,train,966_8
967,1534,52,Bar,40.74423228466319,-74.00669553549685,2012-10-27 21:17:36,2012-10-22,train,967_6
967,327,37,Bar,40.743313,-73.97992594014012,2012-10-28 14:02:14,2012-10-22,train,967_6
968,1808,98,Donut Shop,40.76722200820684,-73.9825753676373,2012-10-23 09:46:56,2012-10-22,train,968_6
968,1194,222,Coffee Shop,40.76900427024065,-73.98231983184814,2012-10-25 10:16:24,2012-10-22,train,968_6
969,1105,138,Gym / Fitness Center,40.72918161936382,-73.9905971288681,2012-10-22 12:22:21,2012-10-22,train,969_2
969,1642,138,Gym / Fitness Center,40.73899453018852,-73.98728142014077,2012-10-22 18:24:56,2012-10-22,train,969_2
969,916,221,Bridge,40.705888200473375,-73.9900016784668,2012-10-23 06:33:45,2012-10-22,train,969_2
969,1105,138,Gym / Fitness Center,40.72918161936382,-73.9905971288681,2012-10-23 06:55:13,2012-10-22,train,969_2
969,1110,138,Gym / Fitness Center,40.76364734011364,-73.97844135761261,2012-10-23 18:31:04,2012-10-22,train,969_2
969,1110,138,Gym / Fitness Center,40.76364734011364,-73.97844135761261,2012-10-24 06:56:08,2012-10-22,train,969_2
969,1105,138,Gym / Fitness Center,40.72918161936382,-73.9905971288681,2012-10-25 06:56:34,2012-10-22,train,969_2
969,916,221,Bridge,40.705888200473375,-73.9900016784668,2012-10-25 08:36:56,2012-10-22,train,969_2
969,1159,131,Café,40.687084,-73.976106,2012-10-25 13:55:05,2012-10-22,train,969_2
969,490,138,Gym / Fitness Center,40.74272121548715,-73.99276210416295,2012-10-25 18:44:21,2012-10-22,train,969_2
969,1105,138,Gym / Fitness Center,40.72918161936382,-73.9905971288681,2012-10-27 09:00:22,2012-10-22,train,969_2
969,1110,138,Gym / Fitness Center,40.76364734011364,-73.97844135761261,2012-10-27 10:48:57,2012-10-22,train,969_2
972,1134,222,Coffee Shop,40.71554971735815,-74.00900781154633,2012-10-23 08:02:31,2012-10-22,train,972_22
972,1608,70,Train Station,40.71267092713338,-74.01193141937256,2012-10-23 08:08:29,2012-10-22,train,972_22
972,1365,264,Subway,40.71624906568188,-74.03320670127869,2012-10-23 08:20:03,2012-10-22,train,972_22
972,2802,61,Office,40.71942993955881,-74.034054441765,2012-10-23 08:26:41,2012-10-22,train,972_22
972,416,97,Diner,40.7594122094148,-73.9917807575885,2012-10-23 20:02:37,2012-10-22,train,972_22
972,4913,128,Bakery,40.76025741910786,-73.99089122857772,2012-10-23 20:48:54,2012-10-22,train,972_22
972,2802,61,Office,40.71942993955881,-74.034054441765,2012-10-24 10:21:28,2012-10-22,train,972_22
972,1134,222,Coffee Shop,40.71554971735815,-74.00900781154633,2012-10-25 07:31:26,2012-10-22,train,972_22
972,1608,70,Train Station,40.71267092713338,-74.01193141937256,2012-10-25 08:01:53,2012-10-22,train,972_22
972,1365,264,Subway,40.71624906568188,-74.03320670127869,2012-10-25 08:14:00,2012-10-22,train,972_22
972,2802,61,Office,40.71942993955881,-74.034054441765,2012-10-25 08:23:26,2012-10-22,train,972_22
972,3523,222,Coffee Shop,40.73690276598786,-73.99580367275166,2012-10-25 19:27:47,2012-10-22,train,972_22
972,1475,241,Airport,40.773839,-73.87122,2012-10-26 05:54:13,2012-10-22,train,972_22
972,1081,289,Airport,40.769061148486365,-73.86216759681702,2012-10-26 06:15:17,2012-10-22,train,972_22
973,1966,146,Movie Theater,40.74097362475528,-73.7843406200409,2012-10-25 17:11:25,2012-10-22,train,973_20
973,2787,37,Bar,40.729395470403695,-73.98717237876596,2012-10-27 02:35:10,2012-10-22,train,973_20
973,2646,155,Stadium,40.8134844303353,-74.07433032989502,2012-10-28 11:43:25,2012-10-22,train,973_20
974,1943,137,Gym / Fitness Center,40.86284175229376,-74.05562090890453,2012-10-24 07:58:19,2012-10-22,train,974_16
974,3300,317,City,40.67334753512089,-74.11102294921875,2012-10-24 17:11:35,2012-10-22,train,974_16
974,56,189,Cupcake Shop,40.73589287214794,-74.00520443916321,2012-10-24 20:28:46,2012-10-22,train,974_16
974,2658,257,Road,40.89002830179658,-74.07025337219238,2012-10-25 05:32:15,2012-10-22,train,974_16
974,2658,257,Road,40.89002830179658,-74.07025337219238,2012-10-25 05:33:58,2012-10-22,train,974_16
974,4291,138,Gym / Fitness Center,40.94709963333333,-74.072561,2012-10-25 05:34:12,2012-10-22,train,974_16
974,1943,137,Gym / Fitness Center,40.86284175229376,-74.05562090890453,2012-10-25 07:31:16,2012-10-22,train,974_16
974,2658,257,Road,40.89002830179658,-74.07025337219238,2012-10-25 18:05:06,2012-10-22,train,974_16
974,4291,138,Gym / Fitness Center,40.94709963333333,-74.072561,2012-10-25 18:05:18,2012-10-22,train,974_16
974,5064,6,Home (private),40.85471532732567,-74.02413671784228,2012-10-25 20:02:01,2012-10-22,train,974_16
974,1484,214,Bar,40.760871,-73.990166,2012-10-25 23:12:04,2012-10-22,train,974_16
974,4542,214,Bar,40.76371235871056,-73.9929572251056,2012-10-25 23:33:09,2012-10-22,train,974_16
974,2658,257,Road,40.89002830179658,-74.07025337219238,2012-10-28 17:39:10,2012-10-22,train,974_16
974,4291,138,Gym / Fitness Center,40.94709963333333,-74.072561,2012-10-28 18:40:23,2012-10-22,train,974_16
977,2926,4,Gym / Fitness Center,40.71877033800785,-73.95340101314287,2012-10-24 20:22:29,2012-10-22,train,977_12
977,668,130,Burger Joint,40.75638015812107,-73.99022161960602,2012-10-27 12:46:04,2012-10-22,train,977_12
977,5088,120,Other Great Outdoors,40.78782018739577,-73.79104614257812,2012-10-28 19:15:26,2012-10-22,train,977_12
980,1571,264,Subway,40.86046649134126,-73.9255428314209,2012-10-24 17:10:33,2012-10-22,train,980_18
980,1132,315,Office,40.738154694458274,-74.00123246576868,2012-10-24 18:32:47,2012-10-22,train,980_18
980,2397,6,Home (private),40.86107855194721,-73.93010370763155,2012-10-27 08:31:56,2012-10-22,train,980_18
980,310,214,Bar,40.74212740110424,-73.9985812139799,2012-10-28 01:36:56,2012-10-22,train,980_18
980,1571,264,Subway,40.86046649134126,-73.9255428314209,2012-10-28 10:24:49,2012-10-22,train,980_18
982,4589,301,Neighborhood,40.70376661803655,-73.71352211850193,2012-10-22 20:25:42,2012-10-22,train,982_22
982,4791,139,Medical Center,40.77846185063751,-73.96112693603378,2012-10-23 08:19:38,2012-10-22,train,982_22
982,4791,139,Medical Center,40.77846185063751,-73.96112693603378,2012-10-24 09:38:43,2012-10-22,train,982_22
982,744,128,Bakery,40.779786,-73.95963,2012-10-24 12:45:42,2012-10-22,train,982_22
982,4589,301,Neighborhood,40.70376661803655,-73.71352211850193,2012-10-24 19:10:11,2012-10-22,train,982_22
982,2466,264,Subway,40.70917392412283,-73.82070064544678,2012-10-25 20:00:53,2012-10-22,train,982_22
982,4791,139,Medical Center,40.77846185063751,-73.96112693603378,2012-10-26 10:45:58,2012-10-22,train,982_22
982,4589,301,Neighborhood,40.70376661803655,-73.71352211850193,2012-10-26 20:18:05,2012-10-22,train,982_22
982,270,232,Music Venue,40.75691210542717,-73.98881373185682,2012-10-28 00:57:27,2012-10-22,train,982_22
982,4589,301,Neighborhood,40.70376661803655,-73.71352211850193,2012-10-28 14:36:50,2012-10-22,train,982_22
982,3950,301,Neighborhood,40.69451704430084,-73.73847484588623,2012-10-28 16:37:56,2012-10-22,train,982_22
987,3912,8,Medical Center,40.82798022702566,-73.81888869829497,2012-10-22 10:24:15,2012-10-22,train,987_6
987,3824,301,Neighborhood,40.82296794249877,-73.8196063041687,2012-10-23 08:12:39,2012-10-22,train,987_6
987,2515,98,Donut Shop,40.826378527466936,-73.8221397616641,2012-10-23 08:29:33,2012-10-22,train,987_6
987,3912,8,Medical Center,40.82798022702566,-73.81888869829497,2012-10-23 10:25:34,2012-10-22,train,987_6
987,5043,6,Home (private),40.82452993826894,-73.81249842275241,2012-10-23 12:02:21,2012-10-22,train,987_6
987,3912,8,Medical Center,40.82798022702566,-73.81888869829497,2012-10-23 17:05:33,2012-10-22,train,987_6
987,5043,6,Home (private),40.82452993826894,-73.81249842275241,2012-10-23 22:25:10,2012-10-22,train,987_6
987,3824,301,Neighborhood,40.82296794249877,-73.8196063041687,2012-10-24 06:51:19,2012-10-22,train,987_6
987,3824,301,Neighborhood,40.82296794249877,-73.8196063041687,2012-10-24 06:56:05,2012-10-22,train,987_6
987,2515,98,Donut Shop,40.826378527466936,-73.8221397616641,2012-10-24 08:48:55,2012-10-22,train,987_6
987,3912,8,Medical Center,40.82798022702566,-73.81888869829497,2012-10-24 08:56:55,2012-10-22,train,987_6
987,3912,8,Medical Center,40.82798022702566,-73.81888869829497,2012-10-24 16:00:26,2012-10-22,train,987_6
987,2515,98,Donut Shop,40.826378527466936,-73.8221397616641,2012-10-25 08:10:16,2012-10-22,train,987_6
987,5043,6,Home (private),40.82452993826894,-73.81249842275241,2012-10-25 10:57:36,2012-10-22,train,987_6
987,3824,301,Neighborhood,40.82296794249877,-73.8196063041687,2012-10-26 08:36:52,2012-10-22,train,987_6
987,3912,8,Medical Center,40.82798022702566,-73.81888869829497,2012-10-26 08:38:10,2012-10-22,train,987_6
987,4668,37,Bar,40.82659732087299,-73.82250162584172,2012-10-26 16:30:51,2012-10-22,train,987_6
987,1553,254,Department Store,40.90122520923615,-73.817176,2012-10-27 10:10:56,2012-10-22,train,987_6
987,5043,6,Home (private),40.82452993826894,-73.81249842275241,2012-10-27 11:35:43,2012-10-22,train,987_6
987,5043,6,Home (private),40.82452993826894,-73.81249842275241,2012-10-28 07:34:24,2012-10-22,train,987_6
987,3912,8,Medical Center,40.82798022702566,-73.81888869829497,2012-10-28 12:31:49,2012-10-22,train,987_6
987,5088,120,Other Great Outdoors,40.78782018739577,-73.79104614257812,2012-10-28 14:11:43,2012-10-22,train,987_6
990,857,259,Hotel,40.76224486711165,-73.9792871763928,2012-10-23 18:53:07,2012-10-22,train,990_12
990,3895,63,Office,40.7418191670992,-73.99140199090107,2012-10-24 09:12:11,2012-10-22,train,990_12
990,490,138,Gym / Fitness Center,40.74272121548715,-73.99276210416295,2012-10-24 19:23:36,2012-10-22,train,990_12
990,751,146,Movie Theater,40.7148694149892,-74.01538906944295,2012-10-27 18:43:40,2012-10-22,train,990_12
991,722,183,University,40.81965536288057,-73.9500904083252,2012-10-23 13:12:36,2012-10-22,train,991_18
991,2480,133,Hot Dog Joint,40.57514126948244,-73.98150444030762,2012-10-27 21:21:42,2012-10-22,train,991_18
991,3358,138,Gym / Fitness Center,40.72800542208163,-73.99348519842566,2012-10-28 17:56:50,2012-10-22,train,991_18
992,5038,163,Medical Center,40.77729034423828,-73.70121765136719,2012-10-22 04:09:06,2012-10-22,train,992_4
992,4065,270,Parking,40.77634770909651,-73.70125765081454,2012-10-22 07:33:05,2012-10-22,train,992_4
992,4065,270,Parking,40.77634770909651,-73.70125765081454,2012-10-23 22:53:46,2012-10-22,train,992_4
992,5038,163,Medical Center,40.77729034423828,-73.70121765136719,2012-10-23 23:03:20,2012-10-22,train,992_4
992,4690,131,Café,40.77725461191122,-73.70149329191291,2012-10-24 03:10:49,2012-10-22,train,992_4
992,4515,163,Medical Center,40.77725225011519,-73.7014875445723,2012-10-24 03:18:18,2012-10-22,train,992_4
992,5038,163,Medical Center,40.77729034423828,-73.70121765136719,2012-10-24 04:10:38,2012-10-22,train,992_4
992,4065,270,Parking,40.77634770909651,-73.70125765081454,2012-10-24 07:18:27,2012-10-22,train,992_4
992,4065,270,Parking,40.77634770909651,-73.70125765081454,2012-10-24 22:51:32,2012-10-22,train,992_4
992,1620,163,Medical Center,40.77696675093165,-73.70148181915283,2012-10-24 23:02:01,2012-10-22,train,992_4
992,4690,131,Café,40.77725461191122,-73.70149329191291,2012-10-25 03:17:40,2012-10-22,train,992_4
992,4515,163,Medical Center,40.77725225011519,-73.7014875445723,2012-10-25 03:18:21,2012-10-22,train,992_4
992,5038,163,Medical Center,40.77729034423828,-73.70121765136719,2012-10-25 04:08:58,2012-10-22,train,992_4
992,4065,270,Parking,40.77634770909651,-73.70125765081454,2012-10-25 07:31:42,2012-10-22,train,992_4
995,4502,6,Home (private),40.66624695097502,-73.74190167904314,2012-10-24 06:28:40,2012-10-22,train,995_14
995,5088,120,Other Great Outdoors,40.78782018739577,-73.79104614257812,2012-10-28 18:08:44,2012-10-22,train,995_14
995,5088,120,Other Great Outdoors,40.78782018739577,-73.79104614257812,2012-10-28 18:12:01,2012-10-22,train,995_14
995,5088,120,Other Great Outdoors,40.78782018739577,-73.79104614257812,2012-10-28 20:53:43,2012-10-22,train,995_14
996,5,47,Bar,40.756161,-73.967686,2012-10-23 14:47:37,2012-10-22,train,996_20
996,4609,203,Food Truck,40.74039372375705,-73.98690838360204,2012-10-24 13:14:09,2012-10-22,train,996_20
996,1722,222,Coffee Shop,40.76116538129582,-73.97340397324646,2012-10-25 10:24:19,2012-10-22,train,996_20
996,533,202,Pizza Place,40.797223,-73.93469,2012-10-27 17:55:04,2012-10-22,train,996_20
996,223,121,Park,40.720887299835525,-73.95193156043277,2012-10-28 18:07:32,2012-10-22,train,996_20
999,3030,136,Office,40.74449572662251,-73.98918676469269,2012-10-22 10:35:27,2012-10-22,train,999_16
999,3030,136,Office,40.74449572662251,-73.98918676469269,2012-10-23 10:29:16,2012-10-22,train,999_16
999,3030,136,Office,40.74449572662251,-73.98918676469269,2012-10-24 11:33:37,2012-10-22,train,999_16
999,357,70,Train Station,40.750794799423865,-73.99357639021292,2012-10-26 10:42:43,2012-10-22,train,999_16
1000,1563,4,Gym / Fitness Center,40.74130690856319,-73.99004459381104,2012-10-22 08:29:18,2012-10-22,train,1000_12
1000,2162,92,Asian Restaurant,40.71487,-73.9995,2012-10-22 19:18:42,2012-10-22,train,1000_12
1000,2162,92,Asian Restaurant,40.71487,-73.9995,2012-10-23 12:31:09,2012-10-22,train,1000_12
1000,1563,4,Gym / Fitness Center,40.74130690856319,-73.99004459381104,2012-10-23 22:43:39,2012-10-22,train,1000_12
1000,859,131,Café,40.71553668131168,-73.99857547529987,2012-10-23 22:43:57,2012-10-22,train,1000_12
1000,1316,254,Department Store,40.68428103200774,-73.97646306641839,2012-10-25 17:13:40,2012-10-22,train,1000_12
1000,434,183,University,40.69405738280599,-73.98659847577252,2012-10-25 17:34:56,2012-10-22,train,1000_12
1000,543,220,BBQ Joint,40.74434084563527,-73.99042637629252,2012-10-26 21:10:39,2012-10-22,train,1000_12
1000,1563,4,Gym / Fitness Center,40.74130690856319,-73.99004459381104,2012-10-27 21:20:18,2012-10-22,train,1000_12
1000,900,33,Korean Restaurant,40.762844,-73.987543,2012-10-27 23:47:32,2012-10-22,train,1000_12
1002,2415,264,Subway,40.87142796689727,-73.8671886920929,2012-10-22 07:25:50,2012-10-22,train,1002_13
1002,4610,6,Home (private),40.87239871611352,-73.87130987645999,2012-10-22 18:40:59,2012-10-22,train,1002_13
1002,1978,264,Subway,40.87967830256009,-73.88464450836182,2012-10-23 08:01:47,2012-10-22,train,1002_13
1002,4769,307,Nursery School,40.768522910406574,-73.96591960790946,2012-10-23 08:48:26,2012-10-22,train,1002_13
1002,1382,130,Burger Joint,40.76699952583576,-73.96272833306081,2012-10-23 13:55:22,2012-10-22,train,1002_13
1002,1978,264,Subway,40.87967830256009,-73.88464450836182,2012-10-24 07:41:00,2012-10-22,train,1002_13
1002,4769,307,Nursery School,40.768522910406574,-73.96591960790946,2012-10-24 08:55:37,2012-10-22,train,1002_13
1002,2321,264,Subway,40.841927,-73.873511,2012-10-25 07:40:55,2012-10-22,train,1002_13
1002,4769,307,Nursery School,40.768522910406574,-73.96591960790946,2012-10-25 08:39:11,2012-10-22,train,1002_13
1002,4371,93,Breakfast Spot,40.76797260361006,-73.96425510064002,2012-10-26 08:33:24,2012-10-22,train,1002_13
1002,4769,307,Nursery School,40.768522910406574,-73.96591960790946,2012-10-26 08:46:35,2012-10-22,train,1002_13
1002,4990,281,Residential Building (Apartment / Condo),40.84115128538078,-73.91632836497436,2012-10-26 17:31:37,2012-10-22,train,1002_13
1002,4610,6,Home (private),40.87239871611352,-73.87130987645999,2012-10-26 19:48:20,2012-10-22,train,1002_13
1002,4610,6,Home (private),40.87239871611352,-73.87130987645999,2012-10-27 18:08:34,2012-10-22,train,1002_13
1003,14,47,Bar,40.785953,-73.976422,2012-10-25 22:26:09,2012-10-22,train,1003_13
1003,14,47,Bar,40.785953,-73.976422,2012-10-26 19:35:48,2012-10-22,train,1003_13
1003,270,232,Music Venue,40.75691210542717,-73.98881373185682,2012-10-27 12:25:22,2012-10-22,train,1003_13
1003,1537,194,Mexican Restaurant,40.77397337337693,-73.95465233515522,2012-10-27 18:52:53,2012-10-22,train,1003_13
1004,1872,98,Donut Shop,40.72935205409404,-74.00692507282733,2012-10-22 08:57:50,2012-10-22,train,1004_18
1004,617,222,Coffee Shop,40.727612,-74.007306,2012-10-22 12:29:51,2012-10-22,train,1004_18
1004,1872,98,Donut Shop,40.72935205409404,-74.00692507282733,2012-10-24 10:26:22,2012-10-22,train,1004_18
1004,817,138,Gym / Fitness Center,40.7292388125015,-74.00527239790054,2012-10-24 13:06:58,2012-10-22,train,1004_18
1004,1757,61,Office,40.72852752666652,-74.00748169970981,2012-10-25 09:09:25,2012-10-22,train,1004_18
1004,625,122,Plaza,40.756489872673846,-73.98626804351807,2012-10-25 14:54:13,2012-10-22,train,1004_18
1004,3665,8,Medical Center,40.75145702508395,-73.99050672121244,2012-10-26 08:38:25,2012-10-22,train,1004_18
1004,1757,61,Office,40.72852752666652,-74.00748169970981,2012-10-26 09:45:05,2012-10-22,train,1004_18
1004,288,288,Ferry,40.70145732419213,-74.01321428847186,2012-10-27 17:52:57,2012-10-22,train,1004_18
1004,1757,61,Office,40.72852752666652,-74.00748169970981,2012-10-27 18:18:22,2012-10-22,train,1004_18
1007,1467,42,Food & Drink Shop,40.80070016119127,-73.95886544232275,2012-10-22 09:17:29,2012-10-22,train,1007_14
1007,1467,42,Food & Drink Shop,40.80070016119127,-73.95886544232275,2012-10-22 22:58:13,2012-10-22,train,1007_14
1007,3991,281,Residential Building (Apartment / Condo),40.80095258965738,-73.95901467876513,2012-10-24 12:08:37,2012-10-22,train,1007_14
1007,1467,42,Food & Drink Shop,40.80070016119127,-73.95886544232275,2012-10-24 16:33:07,2012-10-22,train,1007_14
1007,1165,42,Food & Drink Shop,40.8042821460675,-73.96649931223897,2012-10-24 19:25:02,2012-10-22,train,1007_14
1007,2474,19,Bank,40.80344731943031,-73.96704196929932,2012-10-25 18:52:10,2012-10-22,train,1007_14
1007,1467,42,Food & Drink Shop,40.80070016119127,-73.95886544232275,2012-10-28 11:03:13,2012-10-22,train,1007_14
1007,1437,185,College Academic Building,40.77937325315485,-73.95507135401736,2012-10-28 12:43:50,2012-10-22,train,1007_14
1009,4343,195,Molecular Gastronomy Restaurant,40.868112,-73.96659,2012-10-23 22:39:07,2012-10-22,train,1009_15
1009,1264,26,Drugstore / Pharmacy,40.77943748615269,-73.97724361523622,2012-10-24 13:37:47,2012-10-22,train,1009_15
1009,2007,37,Bar,40.806180734527125,-74.1040977613822,2012-10-25 08:51:34,2012-10-22,train,1009_15
1009,3090,41,Bar,40.85801018737459,-74.14769961109803,2012-10-25 23:11:28,2012-10-22,train,1009_15
1009,4343,195,Molecular Gastronomy Restaurant,40.868112,-73.96659,2012-10-26 02:02:22,2012-10-22,train,1009_15
1009,1264,26,Drugstore / Pharmacy,40.77943748615269,-73.97724361523622,2012-10-27 10:55:45,2012-10-22,train,1009_15
1009,3832,266,Bus Station,40.84853929878217,-73.93785065257472,2012-10-27 19:17:12,2012-10-22,train,1009_15
1013,1698,254,Department Store,40.7354070032994,-73.87420104342856,2012-10-22 16:09:27,2012-10-22,train,1013_11
1013,479,265,Mall,40.73405557647634,-73.87084722518921,2012-10-26 19:51:01,2012-10-22,train,1013_11
1014,1324,137,Gym / Fitness Center,40.75723731867925,-73.9669355242481,2012-10-22 16:22:51,2012-10-22,train,1014_14
1014,1324,137,Gym / Fitness Center,40.75723731867925,-73.9669355242481,2012-10-25 16:11:28,2012-10-22,train,1014_14
1014,1324,137,Gym / Fitness Center,40.75723731867925,-73.9669355242481,2012-10-26 17:30:20,2012-10-22,train,1014_14
1014,1324,137,Gym / Fitness Center,40.75723731867925,-73.9669355242481,2012-10-28 09:16:34,2012-10-22,train,1014_14
1015,2311,162,Medical Center,40.743302512037154,-73.9738467335701,2012-10-22 09:48:18,2012-10-22,train,1015_8
1015,929,163,Medical Center,40.741933755026,-73.97469534121134,2012-10-22 09:49:00,2012-10-22,train,1015_8
1015,3679,82,Spiritual Center,40.626092418323694,-73.96528250510065,2012-10-22 18:03:37,2012-10-22,train,1015_8
1015,3506,217,Soup Place,40.62409392010494,-73.9651390131865,2012-10-22 18:32:06,2012-10-22,train,1015_8
1015,2610,264,Subway,40.60906562433294,-73.95777225494385,2012-10-23 15:12:17,2012-10-22,train,1015_8
1015,3679,82,Spiritual Center,40.626092418323694,-73.96528250510065,2012-10-23 18:05:28,2012-10-22,train,1015_8
1015,3506,217,Soup Place,40.62409392010494,-73.9651390131865,2012-10-24 18:36:22,2012-10-22,train,1015_8
1015,1480,222,Coffee Shop,40.69238982068587,-73.99091631174088,2012-10-25 12:39:45,2012-10-22,train,1015_8
1019,4945,6,Home (private),40.72966216538398,-74.04763775758458,2012-10-23 04:16:49,2012-10-22,train,1019_26
1019,1844,44,Food & Drink Shop,40.731145066213685,-74.04147863388062,2012-10-23 16:30:37,2012-10-22,train,1019_26
1019,4945,6,Home (private),40.72966216538398,-74.04763775758458,2012-10-23 19:11:18,2012-10-22,train,1019_26
1019,1101,254,Department Store,40.73215319032559,-74.03588891029358,2012-10-23 19:41:55,2012-10-22,train,1019_26
1019,4945,6,Home (private),40.72966216538398,-74.04763775758458,2012-10-24 19:30:47,2012-10-22,train,1019_26
1019,643,194,Mexican Restaurant,40.72583691889508,-73.99480551481247,2012-10-24 21:45:13,2012-10-22,train,1019_26
1019,2247,281,Residential Building (Apartment / Condo),40.75646570121109,-74.04306228233422,2012-10-25 18:04:51,2012-10-22,train,1019_26
1019,492,37,Bar,40.722839538401246,-74.04749719603645,2012-10-25 20:03:57,2012-10-22,train,1019_26
1019,2749,61,Office,40.91085000393453,-74.03146676029525,2012-10-26 10:49:16,2012-10-22,train,1019_26
1019,3776,47,Bar,40.72095499316367,-74.04472036697763,2012-10-26 22:40:34,2012-10-22,train,1019_26
1019,492,37,Bar,40.722839538401246,-74.04749719603645,2012-10-27 03:04:17,2012-10-22,train,1019_26
1019,4945,6,Home (private),40.72966216538398,-74.04763775758458,2012-10-27 03:04:20,2012-10-22,train,1019_26
1019,492,37,Bar,40.722839538401246,-74.04749719603645,2012-10-28 18:23:57,2012-10-22,train,1019_26
1024,438,42,Food & Drink Shop,40.67420193066911,-74.01670575141907,2012-10-22 11:07:24,2012-10-22,train,1024_11
1024,1142,138,Gym / Fitness Center,40.74650474095836,-74.0088531755274,2012-10-26 16:46:46,2012-10-22,train,1024_11
1024,1022,97,Diner,40.77656274050388,-73.9794073259115,2012-10-28 10:02:04,2012-10-22,train,1024_11
1025,4044,6,Home (private),40.761942896511016,-73.78896894871082,2012-10-22 07:09:24,2012-10-22,train,1025_21
1025,2361,156,Stadium,40.68312,-73.975979,2012-10-22 20:52:59,2012-10-22,train,1025_21
1025,2361,156,Stadium,40.68312,-73.975979,2012-10-22 20:53:57,2012-10-22,train,1025_21
1025,2824,270,Parking,40.75466940037547,-73.84812355041504,2012-10-23 08:05:16,2012-10-22,train,1025_21
1025,2334,264,Subway,40.75460438258571,-73.84554862976074,2012-10-23 08:05:40,2012-10-22,train,1025_21
1025,1858,264,Subway,40.746639222374434,-73.94554138183594,2012-10-23 08:29:11,2012-10-22,train,1025_21
1025,3098,80,Building,40.70762708321482,-74.00797520260129,2012-10-23 09:23:44,2012-10-22,train,1025_21
1025,2720,61,Office,40.70762386678751,-74.00798094099952,2012-10-23 09:24:15,2012-10-22,train,1025_21
1025,2334,264,Subway,40.75460438258571,-73.84554862976074,2012-10-23 19:03:54,2012-10-22,train,1025_21
1025,2824,270,Parking,40.75466940037547,-73.84812355041504,2012-10-23 19:04:13,2012-10-22,train,1025_21
1025,4044,6,Home (private),40.761942896511016,-73.78896894871082,2012-10-23 19:21:40,2012-10-22,train,1025_21
1025,2824,270,Parking,40.75466940037547,-73.84812355041504,2012-10-24 08:12:43,2012-10-22,train,1025_21
1025,2334,264,Subway,40.75460438258571,-73.84554862976074,2012-10-24 08:13:03,2012-10-22,train,1025_21
1025,3098,80,Building,40.70762708321482,-74.00797520260129,2012-10-24 11:49:35,2012-10-22,train,1025_21
1025,1919,264,Subway,40.74559767243396,-73.90328983226816,2012-10-24 18:43:26,2012-10-22,train,1025_21
1025,2824,270,Parking,40.75466940037547,-73.84812355041504,2012-10-24 18:59:23,2012-10-22,train,1025_21
1025,2078,105,Taco Place,40.75740452640951,-73.79349870362604,2012-10-24 19:33:55,2012-10-22,train,1025_21
1025,4044,6,Home (private),40.761942896511016,-73.78896894871082,2012-10-25 07:35:32,2012-10-22,train,1025_21
1025,2824,270,Parking,40.75466940037547,-73.84812355041504,2012-10-25 08:11:25,2012-10-22,train,1025_21
1025,2334,264,Subway,40.75460438258571,-73.84554862976074,2012-10-25 08:11:57,2012-10-22,train,1025_21
1025,1515,264,Subway,40.75047562272483,-73.94028425216675,2012-10-25 08:39:32,2012-10-22,train,1025_21
1025,3098,80,Building,40.70762708321482,-74.00797520260129,2012-10-25 11:43:36,2012-10-22,train,1025_21
1025,2720,61,Office,40.70762386678751,-74.00798094099952,2012-10-25 11:45:41,2012-10-22,train,1025_21
1025,4044,6,Home (private),40.761942896511016,-73.78896894871082,2012-10-26 01:58:21,2012-10-22,train,1025_21
1025,4044,6,Home (private),40.761942896511016,-73.78896894871082,2012-10-26 07:50:35,2012-10-22,train,1025_21
1025,2334,264,Subway,40.75460438258571,-73.84554862976074,2012-10-26 08:24:05,2012-10-22,train,1025_21
1025,1515,264,Subway,40.75047562272483,-73.94028425216675,2012-10-26 08:45:56,2012-10-22,train,1025_21
1025,1858,264,Subway,40.746639222374434,-73.94554138183594,2012-10-26 21:20:07,2012-10-22,train,1025_21
1025,1515,264,Subway,40.75047562272483,-73.94028425216675,2012-10-26 21:21:45,2012-10-22,train,1025_21
1025,2334,264,Subway,40.75460438258571,-73.84554862976074,2012-10-26 21:50:00,2012-10-22,train,1025_21
1025,2824,270,Parking,40.75466940037547,-73.84812355041504,2012-10-26 21:50:16,2012-10-22,train,1025_21
1025,4044,6,Home (private),40.761942896511016,-73.78896894871082,2012-10-26 22:15:25,2012-10-22,train,1025_21
1025,3595,6,Home (private),40.7802560257806,-73.84778739924586,2012-10-27 15:35:24,2012-10-22,train,1025_21
1025,3856,301,Neighborhood,40.72540497175607,-73.83224487304688,2012-10-28 11:50:58,2012-10-22,train,1025_21
1027,4739,61,Office,40.7533563254318,-73.9873330712967,2012-10-24 16:58:51,2012-10-22,train,1027_22
1027,3871,61,Office,40.70593002166237,-74.01464884334328,2012-10-25 19:50:39,2012-10-22,train,1027_22
1027,1600,264,Subway,40.81554068461798,-73.95842347218186,2012-10-25 20:27:00,2012-10-22,train,1027_22
1027,1758,264,Subway,40.85541922129015,-73.92921209335327,2012-10-25 20:40:35,2012-10-22,train,1027_22
1028,3365,172,College Academic Building,40.722904,-73.79474,2012-10-23 12:28:32,2012-10-22,train,1028_10
1028,3365,172,College Academic Building,40.722904,-73.79474,2012-10-26 12:55:40,2012-10-22,train,1028_10
1029,1503,61,Office,40.7575850334775,-73.97547589720135,2012-10-22 08:59:10,2012-10-22,train,1029_16
1029,627,59,Bar,40.72635525176133,-74.0057623386383,2012-10-24 08:29:30,2012-10-22,train,1029_16
1029,5088,120,Other Great Outdoors,40.78782018739577,-73.79104614257812,2012-10-28 10:59:56,2012-10-22,train,1029_16
1029,5088,120,Other Great Outdoors,40.78782018739577,-73.79104614257812,2012-10-28 13:23:59,2012-10-22,train,1029_16
1030,2873,138,Gym / Fitness Center,40.92722882710572,-73.99618816949595,2012-10-23 20:58:02,2012-10-22,train,1030_13
1030,2398,101,Wings Joint,40.90377495040374,-74.03186839830606,2012-10-23 21:20:21,2012-10-22,train,1030_13
1030,2569,98,Donut Shop,40.91845513831024,-73.99684238606413,2012-10-26 14:56:34,2012-10-22,train,1030_13
1030,2569,98,Donut Shop,40.91845513831024,-73.99684238606413,2012-10-28 08:19:01,2012-10-22,train,1030_13
1030,2569,98,Donut Shop,40.91845513831024,-73.99684238606413,2012-10-28 17:21:16,2012-10-22,train,1030_13
1030,4101,202,Pizza Place,40.9145503626772,-73.99710416793822,2012-10-28 17:25:57,2012-10-22,train,1030_13
1032,662,37,Bar,40.73466222781335,-73.98840052540763,2012-10-23 21:01:26,2012-10-22,train,1032_6
1032,648,42,Food & Drink Shop,40.689649,-73.992413,2012-10-26 20:54:05,2012-10-22,train,1032_6
1034,3006,61,Office,40.838915391622365,-74.18075406522664,2012-10-22 20:44:46,2012-10-22,train,1034_21
1034,4133,281,Residential Building (Apartment / Condo),40.76926045164202,-74.1994431351561,2012-10-23 22:18:54,2012-10-22,train,1034_21
1034,2760,79,Hotel,40.769253995481485,-74.1994603328166,2012-10-23 23:01:50,2012-10-22,train,1034_21
1034,3006,61,Office,40.838915391622365,-74.18075406522664,2012-10-24 14:54:42,2012-10-22,train,1034_21
1034,4133,281,Residential Building (Apartment / Condo),40.76926045164202,-74.1994431351561,2012-10-24 22:40:42,2012-10-22,train,1034_21
1034,3006,61,Office,40.838915391622365,-74.18075406522664,2012-10-25 14:06:58,2012-10-22,train,1034_21
1034,4781,6,Home (private),40.78407280625795,-74.22380201337529,2012-10-26 20:39:37,2012-10-22,train,1034_21
1037,1975,135,Post Office,40.75102830623012,-73.99425029754639,2012-10-24 13:27:47,2012-10-22,train,1037_3
1037,1372,221,Bridge,40.78008648315284,-73.92702341079712,2012-10-28 20:37:48,2012-10-22,train,1037_3
1040,405,241,Airport,40.645089355976346,-73.7845230102539,2012-10-26 08:10:16,2012-10-22,train,1040_5
1040,1161,222,Coffee Shop,40.77624183727568,-73.94997418614841,2012-10-28 11:50:12,2012-10-22,train,1040_5
1051,436,241,Airport,40.68968493541091,-74.17938709259033,2012-10-23 05:12:46,2012-10-22,train,1051_12
1051,976,191,Latin American Restaurant,40.764217,-73.988321,2012-10-27 04:09:32,2012-10-22,train,1051_12
1052,1917,264,Subway,40.82650767315227,-73.95039081573486,2012-10-22 16:28:54,2012-10-22,train,1052_24
1052,4276,12,Gym / Fitness Center,40.825143762613614,-73.95717144012451,2012-10-22 18:34:12,2012-10-22,train,1052_24
1052,2978,301,Neighborhood,40.745306184001095,-73.94837379455566,2012-10-23 00:47:16,2012-10-22,train,1052_24
1052,4604,253,General Travel,40.82641025190119,-73.95053029060364,2012-10-23 18:25:28,2012-10-22,train,1052_24
1052,3825,123,Scenic Lookout,40.827401798512426,-73.9518798997826,2012-10-24 17:05:53,2012-10-22,train,1052_24
1052,3988,121,Park,40.82701341208743,-73.95469251508553,2012-10-24 17:06:12,2012-10-22,train,1052_24
1052,4439,225,Athletic & Sport,40.82644009789967,-73.9559323488261,2012-10-24 17:28:25,2012-10-22,train,1052_24
1052,4244,301,Neighborhood,40.669929843442304,-73.81906986236572,2012-10-26 15:58:01,2012-10-22,train,1052_24
1052,4301,257,Road,40.67562089466698,-73.81916440891932,2012-10-26 15:58:32,2012-10-22,train,1052_24
1052,4362,231,Campground,40.67172008474036,-73.8066029548645,2012-10-26 15:59:15,2012-10-22,train,1052_24
1052,4882,245,General Entertainment,40.67178890039381,-73.80651578950645,2012-10-26 15:59:43,2012-10-22,train,1052_24
1052,3988,121,Park,40.82701341208743,-73.95469251508553,2012-10-28 23:03:54,2012-10-22,train,1052_24
1052,884,121,Park,40.82540355725982,-73.95661354064941,2012-10-28 23:04:14,2012-10-22,train,1052_24
1063,670,137,Gym / Fitness Center,40.74618839286139,-73.98157101223633,2012-10-22 18:06:28,2012-10-22,train,1063_15
1063,670,137,Gym / Fitness Center,40.74618839286139,-73.98157101223633,2012-10-23 06:04:05,2012-10-22,train,1063_15
1063,670,137,Gym / Fitness Center,40.74618839286139,-73.98157101223633,2012-10-26 06:26:29,2012-10-22,train,1063_15
1063,814,137,Gym / Fitness Center,40.7688813932515,-73.9820036551295,2012-10-26 12:26:28,2012-10-22,train,1063_15
1067,405,241,Airport,40.645089355976346,-73.7845230102539,2012-10-22 06:46:39,2012-10-22,train,1067_9
1067,5011,281,Residential Building (Apartment / Condo),40.93460889331033,-73.90130325973576,2012-10-22 10:53:40,2012-10-22,train,1067_9
1067,5011,281,Residential Building (Apartment / Condo),40.93460889331033,-73.90130325973576,2012-10-24 18:13:13,2012-10-22,train,1067_9
1067,1882,70,Train Station,40.935651,-73.902079,2012-10-25 11:30:24,2012-10-22,train,1067_9
1067,349,70,Train Station,40.75280620914171,-73.97717535495758,2012-10-25 12:10:31,2012-10-22,train,1067_9
1067,1654,61,Office,40.75241411957849,-73.97532093413172,2012-10-25 12:12:41,2012-10-22,train,1067_9
1067,349,70,Train Station,40.75280620914171,-73.97717535495758,2012-10-25 22:48:31,2012-10-22,train,1067_9
1067,5051,121,Park,40.93545361986863,-73.90199224672065,2012-10-25 23:18:35,2012-10-22,train,1067_9
1067,349,70,Train Station,40.75280620914171,-73.97717535495758,2012-10-26 12:06:36,2012-10-22,train,1067_9
1067,3875,197,Sandwich Place,40.7522887787384,-73.97421323151809,2012-10-26 15:45:09,2012-10-22,train,1067_9
1067,349,70,Train Station,40.75280620914171,-73.97717535495758,2012-10-26 22:44:41,2012-10-22,train,1067_9
1067,1882,70,Train Station,40.935651,-73.902079,2012-10-26 23:16:49,2012-10-22,train,1067_9
1067,5051,121,Park,40.93545361986863,-73.90199224672065,2012-10-26 23:17:41,2012-10-22,train,1067_9
1067,1654,61,Office,40.75241411957849,-73.97532093413172,2012-10-27 11:43:13,2012-10-22,train,1067_9
1068,267,47,Bar,40.73676141841841,-73.9846242363757,2012-10-22 19:39:53,2012-10-22,train,1068_15
1068,2445,61,Office,40.74190869100568,-73.98925563221387,2012-10-24 09:28:15,2012-10-22,train,1068_15
1068,2445,61,Office,40.74190869100568,-73.98925563221387,2012-10-26 10:09:44,2012-10-22,train,1068_15
1068,788,138,Gym / Fitness Center,40.744372067717286,-73.99622260200258,2012-10-28 14:26:38,2012-10-22,train,1068_15
1069,4085,139,Medical Center,40.88951061904137,-73.97568251443336,2012-10-22 09:53:45,2012-10-22,train,1069_21
1069,3932,139,Medical Center,40.88955858318924,-73.97570547188988,2012-10-22 09:53:50,2012-10-22,train,1069_21
1069,4085,139,Medical Center,40.88951061904137,-73.97568251443336,2012-10-24 09:08:10,2012-10-22,train,1069_21
1069,3932,139,Medical Center,40.88955858318924,-73.97570547188988,2012-10-24 09:08:16,2012-10-22,train,1069_21
1069,3769,8,Medical Center,40.88955564775923,-73.97585469529054,2012-10-24 09:08:21,2012-10-22,train,1069_21
1069,2077,102,American Restaurant,40.9199660468801,-74.06660556793213,2012-10-24 18:03:12,2012-10-22,train,1069_21
1069,4085,139,Medical Center,40.88951061904137,-73.97568251443336,2012-10-25 08:55:10,2012-10-22,train,1069_21
1069,3769,8,Medical Center,40.88955564775923,-73.97585469529054,2012-10-25 08:55:32,2012-10-22,train,1069_21
1069,3932,139,Medical Center,40.88955858318924,-73.97570547188988,2012-10-25 08:55:37,2012-10-22,train,1069_21
1069,3932,139,Medical Center,40.88955858318924,-73.97570547188988,2012-10-26 10:51:50,2012-10-22,train,1069_21
1069,3769,8,Medical Center,40.88955564775923,-73.97585469529054,2012-10-26 10:51:54,2012-10-22,train,1069_21
1069,1257,265,Mall,40.90579352751887,-74.03098583221436,2012-10-27 19:06:20,2012-10-22,train,1069_21
1069,4430,6,Home (private),40.94009178576504,-74.00063278107605,2012-10-28 18:17:22,2012-10-22,train,1069_21
1072,443,143,Zoo,40.84852098203587,-73.87776172536414,2012-10-27 11:34:26,2012-10-22,train,1072_19
1072,1928,222,Coffee Shop,40.619196108296535,-73.99012221307656,2012-10-28 10:31:27,2012-10-22,train,1072_19
1072,3296,83,Church,40.599515996074736,-73.97416157683648,2012-10-28 11:54:08,2012-10-22,train,1072_19
1072,1928,222,Coffee Shop,40.619196108296535,-73.99012221307656,2012-10-28 15:25:44,2012-10-22,train,1072_19
1073,3902,281,Residential Building (Apartment / Condo),40.5981113,-73.93832782,2012-10-27 07:38:26,2012-10-22,train,1073_11
1073,5088,120,Other Great Outdoors,40.78782018739577,-73.79104614257812,2012-10-28 20:34:02,2012-10-22,train,1073_11
1079,4252,102,American Restaurant,40.75536822129624,-73.96833024812483,2012-10-22 13:22:56,2012-10-22,train,1079_16
1079,178,220,BBQ Joint,40.772301,-73.955844,2012-10-24 16:27:03,2012-10-22,train,1079_16
1079,29,220,BBQ Joint,40.74455698610794,-73.99065019420007,2012-10-26 20:14:35,2012-10-22,train,1079_16
