user_index,poi_index,cat_index,POI_catname,latitude,longitude,local_time,week_start,split_week,session_id
4,1475,241,Airport,40.773839,-73.87122,2012-07-29 20:37:52,2012-07-23,train,4_14
4,2548,239,Airport,40.77345687705287,-73.88588905334473,2012-07-29 20:38:24,2012-07-23,train,4_14
6,2151,132,Fast Food Restaurant,40.743901,-73.9235,2012-07-24 09:05:38,2012-07-23,train,6_9
6,2151,132,Fast Food Restaurant,40.743901,-73.9235,2012-07-24 14:29:00,2012-07-23,train,6_9
6,2509,26,Drugstore / Pharmacy,40.71292912879564,-73.87201398611069,2012-07-27 22:31:34,2012-07-23,train,6_9
9,3777,301,Neighborhood,40.6826899486852,-73.93173693518101,2012-07-27 23:24:54,2012-07-23,train,9_15
9,4848,6,Home (private),40.68499608789172,-73.94186034276925,2012-07-29 04:03:39,2012-07-23,train,9_15
9,3777,301,Neighborhood,40.68338503288118,-73.93130064375443,2012-07-29 04:04:21,2012-07-23,train,9_15
9,3777,301,Neighborhood,40.68338503288118,-73.93130064375443,2012-07-29 04:06:12,2012-07-23,train,9_15
9,4845,96,Deli / Bodega,40.68614152063403,-73.94364845987359,2012-07-29 04:10:58,2012-07-23,train,9_15
11,3031,132,Fast Food Restaurant,40.70344664573301,-73.80027734538457,2012-07-24 08:56:41,2012-07-23,train,11_4
11,4960,281,Residential Building (Apartment / Condo),40.731154,-73.860719,2012-07-26 19:37:50,2012-07-23,train,11_4
11,2228,265,Mall,40.7331450394645,-73.86301517486572,2012-07-29 13:17:33,2012-07-23,train,11_4
19,1615,80,Building,40.76676160346336,-73.98313522338867,2012-07-24 10:37:35,2012-07-23,train,19_12
19,190,157,Stadium,40.82827721161922,-73.92655344439045,2012-07-27 19:19:27,2012-07-23,train,19_12
20,4113,6,Home (private),40.93190933538416,-74.01238511084367,2012-07-24 13:05:09,2012-07-23,train,20_15
20,4113,6,Home (private),40.93190933538416,-74.01238511084367,2012-07-26 17:43:20,2012-07-23,train,20_15
20,4179,6,Home (private),40.91220464465255,-74.01238511084367,2012-07-26 18:47:03,2012-07-23,train,20_15
20,4113,6,Home (private),40.93190933538416,-74.01238511084367,2012-07-27 20:51:39,2012-07-23,train,20_15
20,4113,6,Home (private),40.93190933538416,-74.01238511084367,2012-07-28 21:46:49,2012-07-23,train,20_15
20,4113,6,Home (private),40.93190933538416,-74.01238511084367,2012-07-29 22:20:36,2012-07-23,train,20_15
24,989,194,Mexican Restaurant,40.72819472159206,-74.00538716745397,2012-07-28 16:56:00,2012-07-23,train,24_1
24,459,252,Food & Drink Shop,40.72413519041223,-73.99778927450977,2012-07-29 16:23:30,2012-07-23,train,24_1
33,425,35,Bookstore,40.73673498897392,-73.98976065994738,2012-07-27 18:16:18,2012-07-23,train,33_10
33,1723,246,Performing Arts Venue,40.77114935894503,-73.98270606994629,2012-07-29 14:32:49,2012-07-23,train,33_10
33,888,97,Diner,40.737604,-73.997361,2012-07-29 20:58:42,2012-07-23,train,33_10
34,3464,6,Home (private),40.85155841497341,-74.14161270853154,2012-07-27 22:29:19,2012-07-23,train,34_15
34,3204,48,Bar,40.73797525266959,-74.02742164453427,2012-07-28 01:10:20,2012-07-23,train,34_15
34,872,37,Bar,40.816129,-74.21840954,2012-07-28 23:31:10,2012-07-23,train,34_15
37,1155,222,Coffee Shop,40.785672315100136,-73.97271524012237,2012-07-28 15:17:14,2012-07-23,train,37_14
37,798,148,Museum,40.764421348741976,-73.99944305419922,2012-07-29 14:03:19,2012-07-23,train,37_14
37,3972,194,Mexican Restaurant,40.76430380344391,-73.988262,2012-07-29 17:48:26,2012-07-23,train,37_14
46,903,233,Other Great Outdoors,40.712016,-74.01684,2012-07-28 08:09:20,2012-07-23,train,46_10
46,903,233,Other Great Outdoors,40.712016,-74.01684,2012-07-29 08:35:35,2012-07-23,train,46_10
47,475,63,Office,40.74106165791133,-74.0025638164589,2012-07-24 14:06:22,2012-07-23,train,47_15
47,281,37,Bar,40.77947180359367,-73.9776970208157,2012-07-28 19:29:13,2012-07-23,train,47_15
47,3575,6,Home (private),40.77895755666537,-73.97712595918333,2012-07-29 03:01:26,2012-07-23,train,47_15
49,2445,61,Office,40.74190869100568,-73.98925563221387,2012-07-24 13:32:09,2012-07-23,train,49_13
49,2318,220,BBQ Joint,40.73559207942734,-73.98869276046753,2012-07-28 20:59:13,2012-07-23,train,49_13
52,2275,78,Library,40.73699909877152,-73.99245220578715,2012-07-24 08:13:28,2012-07-23,train,52_14
52,3962,37,Bar,40.707225,-73.92125,2012-07-28 15:55:30,2012-07-23,train,52_14
52,4601,50,Bar,40.701512716703405,-73.9272763831584,2012-07-28 17:43:59,2012-07-23,train,52_14
55,286,37,Bar,40.7120462,-73.9511408,2012-07-28 15:50:03,2012-07-23,train,55_10
55,573,110,American Restaurant,40.72850230673942,-73.98179484046595,2012-07-29 16:31:03,2012-07-23,train,55_10
57,2539,42,Food & Drink Shop,40.91338508182094,-74.00116934115263,2012-07-24 12:45:52,2012-07-23,train,57_12
57,3437,6,Home (private),40.92039063491639,-74.00063278107605,2012-07-28 03:06:38,2012-07-23,train,57_12
57,3437,6,Home (private),40.92039063491639,-74.00063278107605,2012-07-29 02:36:26,2012-07-23,train,57_12
62,4801,308,Funeral Home,40.87053932297712,-74.0979549522799,2012-07-28 16:46:49,2012-07-23,train,62_16
62,3172,270,Parking,40.811340708909874,-74.0822696685791,2012-07-28 18:47:45,2012-07-23,train,62_16
62,4801,308,Funeral Home,40.87053932297712,-74.0979549522799,2012-07-29 02:57:04,2012-07-23,train,62_16
62,4775,300,Moving Target,40.86981347415363,-74.0969467163086,2012-07-29 07:15:16,2012-07-23,train,62_16
62,4775,300,Moving Target,40.86981347415363,-74.0969467163086,2012-07-29 07:19:14,2012-07-23,train,62_16
62,4036,279,Outdoors & Recreation,40.879797,-74.10825,2012-07-29 14:06:49,2012-07-23,train,62_16
64,1751,264,Subway,40.75885710200309,-73.98109465898243,2012-07-24 08:06:59,2012-07-23,train,64_3
64,1239,7,Clothing Store,40.77925781857182,-73.95514369010925,2012-07-28 14:07:39,2012-07-23,train,64_3
65,4705,6,Home (private),40.767237460001375,-73.89482953406639,2012-07-28 01:17:08,2012-07-23,train,65_12
65,4705,6,Home (private),40.767237460001375,-73.89482953406639,2012-07-28 21:04:28,2012-07-23,train,65_12
65,4705,6,Home (private),40.767237460001375,-73.89482953406639,2012-07-29 19:20:41,2012-07-23,train,65_12
66,3548,61,Office,40.75322745786959,-73.99013942987524,2012-07-24 08:46:15,2012-07-23,train,66_10
66,2792,257,Road,40.70644125441471,-74.15183544158936,2012-07-28 09:24:57,2012-07-23,train,66_10
67,3278,61,Office,40.712611,-73.956427,2012-07-24 12:03:54,2012-07-23,train,67_13
67,287,310,Concert Hall,40.759977459293175,-73.98071587121497,2012-07-26 19:25:56,2012-07-23,train,67_13
67,254,121,Park,40.74706188749892,-74.00519371032715,2012-07-29 21:14:24,2012-07-23,train,67_13
74,2244,61,Office,40.76043706136629,-73.97220442813044,2012-07-24 08:56:47,2012-07-23,train,74_3
74,354,121,Park,40.66390776998241,-73.970947265625,2012-07-28 21:03:53,2012-07-23,train,74_3
76,190,157,Stadium,40.82827721161922,-73.92655344439045,2012-07-27 19:04:38,2012-07-23,train,76_3
76,190,157,Stadium,40.82827721161922,-73.92655344439045,2012-07-27 21:41:45,2012-07-23,train,76_3
77,2868,297,Mobile Phone Shop,40.74120107605398,-73.99055837150034,2012-07-24 13:01:18,2012-07-23,train,77_15
77,1471,96,Deli / Bodega,40.74131672712246,-73.98830870163144,2012-07-26 17:33:21,2012-07-23,train,77_15
77,2868,297,Mobile Phone Shop,40.74120107605398,-73.99055837150034,2012-07-28 17:28:58,2012-07-23,train,77_15
77,695,31,Bar,40.741128,-73.989902,2012-07-28 17:29:19,2012-07-23,train,77_15
80,1389,138,Gym / Fitness Center,40.697802665282175,-73.99414516303145,2012-07-24 08:22:08,2012-07-23,train,80_13
80,3289,301,Neighborhood,40.65016889724004,-73.94957542419434,2012-07-24 10:49:47,2012-07-23,train,80_13
80,4991,301,Neighborhood,40.694809888122464,-73.99426102638245,2012-07-24 10:50:05,2012-07-23,train,80_13
80,575,99,Thai Restaurant,40.69516273601986,-73.99544786910717,2012-07-27 20:51:59,2012-07-23,train,80_13
80,3289,301,Neighborhood,40.65016889724004,-73.94957542419434,2012-07-28 16:12:33,2012-07-23,train,80_13
82,8,39,Beer Garden,40.77300701660423,-73.9158862978038,2012-07-28 20:31:53,2012-07-23,train,82_7
82,1099,37,Bar,40.750576116091054,-73.97616462044513,2012-07-28 23:24:56,2012-07-23,train,82_7
84,1323,70,Train Station,40.747582087041366,-74.17188763618469,2012-07-24 06:29:24,2012-07-23,train,84_16
84,2788,61,Office,40.78614007703091,-73.85758207332279,2012-07-24 08:23:03,2012-07-23,train,84_16
84,2788,61,Office,40.78614007703091,-73.85758207332279,2012-07-28 07:36:36,2012-07-23,train,84_16
88,3168,6,Home (private),40.79889202318283,-74.11812337576457,2012-07-24 15:46:29,2012-07-23,train,88_15
88,3168,6,Home (private),40.79889202318283,-74.11812337576457,2012-07-27 19:36:00,2012-07-23,train,88_15
88,3169,90,School,40.765378,-74.147923,2012-07-28 10:01:52,2012-07-23,train,88_15
88,1591,97,Diner,40.75065972663712,-74.1640068276603,2012-07-29 09:03:20,2012-07-23,train,88_15
97,617,222,Coffee Shop,40.727612,-74.007306,2012-07-24 09:10:26,2012-07-23,train,97_11
97,1542,61,Office,40.72773425342832,-74.00777435855494,2012-07-24 09:16:18,2012-07-23,train,97_11
97,1188,146,Movie Theater,40.79340869038084,-74.25605535507202,2012-07-29 21:06:32,2012-07-23,train,97_11
106,192,121,Park,40.73528249691621,-73.99040315158283,2012-07-29 06:49:13,2012-07-23,train,106_14
106,947,222,Coffee Shop,40.73709857380555,-73.99039768167009,2012-07-29 07:56:03,2012-07-23,train,106_14
106,1335,222,Coffee Shop,40.745901560214506,-73.98814227092512,2012-07-29 21:54:18,2012-07-23,train,106_14
108,1773,58,Electronics Store,40.594107971883865,-73.9992580631844,2012-07-27 19:24:24,2012-07-23,train,108_16
108,2688,264,Subway,40.60189764651378,-73.99352073669434,2012-07-28 12:10:26,2012-07-23,train,108_16
108,2596,73,Bus Station,40.60217460538842,-73.99372458457947,2012-07-28 12:10:42,2012-07-23,train,108_16
108,1429,264,Subway,40.61230102976052,-73.98224249614313,2012-07-28 12:17:40,2012-07-23,train,108_16
108,2008,264,Subway,40.68991271945739,-73.98150444030762,2012-07-28 23:09:22,2012-07-23,train,108_16
108,2638,1,Pet Store,40.59707034474168,-73.98507762454408,2012-07-29 19:26:49,2012-07-23,train,108_16
108,3657,6,Home (private),40.60259048645985,-73.98887973002674,2012-07-29 22:14:53,2012-07-23,train,108_16
112,391,80,Building,40.74828059076867,-73.98556262254715,2012-07-24 11:28:35,2012-07-23,train,112_14
112,2392,61,Office,40.747832910398266,-73.98552527257162,2012-07-24 11:28:54,2012-07-23,train,112_14
113,475,63,Office,40.74106165791133,-74.0025638164589,2012-07-24 09:23:05,2012-07-23,train,113_12
113,287,310,Concert Hall,40.759977459293175,-73.98071587121497,2012-07-29 19:48:56,2012-07-23,train,113_12
113,624,122,Plaza,40.75875624280933,-73.97866122153226,2012-07-29 19:59:01,2012-07-23,train,113_12
115,2392,61,Office,40.747832910398266,-73.98552527257162,2012-07-24 15:44:17,2012-07-23,train,115_4
115,880,239,Airport,40.643965943682936,-73.78272056579588,2012-07-28 20:16:40,2012-07-23,train,115_4
117,2274,61,Office,40.75005297929758,-73.97360801696777,2012-07-24 07:33:09,2012-07-23,train,117_13
117,349,70,Train Station,40.75280620914171,-73.97717535495758,2012-07-28 09:38:18,2012-07-23,train,117_13
119,922,288,Ferry,40.76318618108141,-74.00068759918213,2012-07-28 17:32:16,2012-07-23,train,119_11
119,1301,42,Food & Drink Shop,40.76175595827059,-73.98618221282959,2012-07-29 19:25:51,2012-07-23,train,119_11
127,1461,137,Gym / Fitness Center,40.7669055013556,-73.95784948347529,2012-07-24 09:53:17,2012-07-23,train,127_14
127,100,232,Music Venue,40.768369,-73.955709,2012-07-26 18:59:12,2012-07-23,train,127_14
127,4928,6,Home (private),40.745981761090256,-73.95361626406626,2012-07-27 19:34:28,2012-07-23,train,127_14
127,2908,59,Bar,40.717177,-73.955141,2012-07-27 21:27:55,2012-07-23,train,127_14
127,4928,6,Home (private),40.745981761090256,-73.95361626406626,2012-07-28 06:37:52,2012-07-23,train,127_14
129,3234,222,Coffee Shop,40.741904376575214,-73.98906826972961,2012-07-24 15:09:39,2012-07-23,train,129_16
129,234,121,Park,40.74218830848454,-73.98792418909154,2012-07-26 17:05:51,2012-07-23,train,129_16
129,234,121,Park,40.74218830848454,-73.98792418909154,2012-07-28 08:22:05,2012-07-23,train,129_16
129,3234,222,Coffee Shop,40.741904376575214,-73.98906826972961,2012-07-28 12:50:52,2012-07-23,train,129_16
129,2180,216,Tea Room,40.74095989432878,-73.98918102573148,2012-07-28 20:23:22,2012-07-23,train,129_16
129,234,121,Park,40.74218830848454,-73.98792418909154,2012-07-29 10:10:59,2012-07-23,train,129_16
130,1660,222,Coffee Shop,40.74433543734781,-73.99541343646136,2012-07-24 11:48:57,2012-07-23,train,130_7
130,3956,26,Drugstore / Pharmacy,40.7065225854893,-74.00947988033295,2012-07-28 15:25:04,2012-07-23,train,130_7
133,405,241,Airport,40.645089355976346,-73.7845230102539,2012-07-24 08:45:09,2012-07-23,train,133_6
133,647,239,Airport,40.64557779020594,-73.77643346786499,2012-07-24 09:16:09,2012-07-23,train,133_6
138,592,246,Performing Arts Venue,40.6634023,-73.976447,2012-07-27 19:12:25,2012-07-23,train,138_10
138,1488,37,Bar,40.676829026053525,-73.96343804293127,2012-07-28 22:26:35,2012-07-23,train,138_10
138,335,113,Garden,40.66760245789949,-73.96317958831787,2012-07-29 17:38:09,2012-07-23,train,138_10
140,279,121,Park,40.7714256153356,-73.97350072860723,2012-07-28 09:00:15,2012-07-23,train,140_7
140,2233,12,Gym / Fitness Center,40.77792543423929,-73.96661281585693,2012-07-28 09:39:05,2012-07-23,train,140_7
140,1394,130,Burger Joint,40.785714,-73.97277653217316,2012-07-28 10:03:49,2012-07-23,train,140_7
140,3042,121,Park,40.721502075213984,-73.96210670471191,2012-07-28 16:35:07,2012-07-23,train,140_7
140,728,95,Chinese Restaurant,40.775141896747336,-73.98249501939839,2012-07-28 21:08:29,2012-07-23,train,140_7
141,357,70,Train Station,40.750794799423865,-73.99357639021292,2012-07-24 08:19:24,2012-07-23,train,141_13
141,357,70,Train Station,40.750794799423865,-73.99357639021292,2012-07-29 13:50:58,2012-07-23,train,141_13
141,357,70,Train Station,40.750794799423865,-73.99357639021292,2012-07-29 14:07:37,2012-07-23,train,141_13
141,2839,201,Ice Cream Shop,40.77228190441559,-73.98311484779973,2012-07-29 14:35:44,2012-07-23,train,141_13
144,2399,27,Italian Restaurant,40.82919,-73.948376,2012-07-28 12:41:25,2012-07-23,train,144_13
144,4592,37,Bar,40.82865090446733,-73.94854545593262,2012-07-28 13:34:50,2012-07-23,train,144_13
144,539,145,Movie Theater,40.725768758926016,-73.99730722279487,2012-07-28 18:58:48,2012-07-23,train,144_13
144,2365,102,American Restaurant,40.73779798692258,-73.98969179260743,2012-07-28 22:46:56,2012-07-23,train,144_13
146,1475,241,Airport,40.773839,-73.87122,2012-07-24 05:15:38,2012-07-23,train,146_13
146,1475,241,Airport,40.773839,-73.87122,2012-07-29 13:43:38,2012-07-23,train,146_13
146,4093,281,Residential Building (Apartment / Condo),40.761245770854,-73.99945923000035,2012-07-29 15:01:54,2012-07-23,train,146_13
147,2107,138,Gym / Fitness Center,40.70826517529503,-74.01454555575245,2012-07-24 09:07:31,2012-07-23,train,147_1
147,5012,281,Residential Building (Apartment / Condo),40.709071733503215,-74.01479229823786,2012-07-24 10:10:41,2012-07-23,train,147_1
147,894,222,Coffee Shop,40.73512485197505,-73.99009925734258,2012-07-24 14:42:47,2012-07-23,train,147_1
147,5012,281,Residential Building (Apartment / Condo),40.709071733503215,-74.01479229823786,2012-07-24 17:22:46,2012-07-23,train,147_1
147,4471,58,Electronics Store,40.75281239893301,-73.97717474340911,2012-07-28 13:40:14,2012-07-23,train,147_1
147,190,157,Stadium,40.82827721161922,-73.92655344439045,2012-07-28 15:24:46,2012-07-23,train,147_1
147,190,157,Stadium,40.82827721161922,-73.92655344439045,2012-07-28 17:55:55,2012-07-23,train,147_1
147,5012,281,Residential Building (Apartment / Condo),40.709071733503215,-74.01479229823786,2012-07-29 07:52:41,2012-07-23,train,147_1
147,751,146,Movie Theater,40.7148694149892,-74.01538906944295,2012-07-29 12:52:55,2012-07-23,train,147_1
147,2107,138,Gym / Fitness Center,40.70826517529503,-74.01454555575245,2012-07-29 16:42:52,2012-07-23,train,147_1
148,2819,61,Office,40.76308021048571,-73.97902279555453,2012-07-24 11:11:42,2012-07-23,train,148_8
148,358,160,Science Museum,40.78118443649759,-73.9732030930065,2012-07-28 15:22:04,2012-07-23,train,148_8
150,2707,61,Office,40.74266728649464,-74.00531256725206,2012-07-24 09:58:01,2012-07-23,train,150_15
150,2367,154,Stadium,40.73685214795608,-74.15033340454102,2012-07-27 19:50:51,2012-07-23,train,150_15
150,2077,102,American Restaurant,40.9199660468801,-74.06660556793213,2012-07-28 18:33:31,2012-07-23,train,150_15
153,852,143,Zoo,40.76744416223376,-73.97193431854248,2012-07-28 10:27:07,2012-07-23,train,153_8
153,533,202,Pizza Place,40.797223,-73.93469,2012-07-29 12:09:59,2012-07-23,train,153_8
153,129,37,Bar,40.75856600358517,-73.9889859009481,2012-07-29 19:59:19,2012-07-23,train,153_8
168,1032,138,Gym / Fitness Center,40.73003391698606,-73.99233168961688,2012-07-27 16:51:14,2012-07-23,train,168_8
168,484,4,Gym / Fitness Center,40.72923877989725,-73.98936467240519,2012-07-29 20:16:47,2012-07-23,train,168_8
171,1647,264,Subway,40.8864595193891,-73.87842178344727,2012-07-24 08:31:00,2012-07-23,train,171_15
171,4131,16,Clothing Store,40.77909533410843,-73.98122549057007,2012-07-24 09:24:43,2012-07-23,train,171_15
171,3153,236,Playground,40.7772917298741,-73.98412227630615,2012-07-24 09:41:46,2012-07-23,train,171_15
171,4078,203,Food Truck,40.7759124040604,-73.9883065223694,2012-07-24 09:47:16,2012-07-23,train,171_15
171,1533,78,Library,40.774337635336,-73.98478493103883,2012-07-24 11:22:50,2012-07-23,train,171_15
171,4060,203,Food Truck,40.77789723873138,-73.98229837417603,2012-07-24 12:04:18,2012-07-23,train,171_15
171,1217,26,Drugstore / Pharmacy,40.77703357124945,-73.98266719415489,2012-07-24 12:35:31,2012-07-23,train,171_15
171,3966,203,Food Truck,40.779158,-73.98163318634033,2012-07-24 12:43:22,2012-07-23,train,171_15
171,421,197,Sandwich Place,40.745877199136686,-73.97780567407608,2012-07-24 13:11:28,2012-07-23,train,171_15
171,2062,26,Drugstore / Pharmacy,40.74586843819785,-73.97830538611639,2012-07-24 14:55:15,2012-07-23,train,171_15
171,4056,256,Furniture / Home Store,40.7416013615111,-73.9992009904121,2012-07-24 15:56:43,2012-07-23,train,171_15
171,4496,7,Clothing Store,40.74115766851602,-73.99817950596213,2012-07-24 16:23:31,2012-07-23,train,171_15
171,1438,222,Coffee Shop,40.78089970281194,-73.98125535659763,2012-07-26 17:34:23,2012-07-23,train,171_15
171,3196,96,Deli / Bodega,40.89642620640555,-73.87242677953036,2012-07-28 09:38:46,2012-07-23,train,171_15
171,1647,264,Subway,40.8864595193891,-73.87842178344727,2012-07-28 10:00:47,2012-07-23,train,171_15
171,4131,16,Clothing Store,40.77909533410843,-73.98122549057007,2012-07-28 10:42:27,2012-07-23,train,171_15
171,3153,236,Playground,40.7772917298741,-73.98412227630615,2012-07-28 11:15:59,2012-07-23,train,171_15
171,3805,28,Salon / Barbershop,40.89674585900412,-73.87049157583058,2012-07-28 18:43:22,2012-07-23,train,171_15
171,4131,16,Clothing Store,40.77909533410843,-73.98122549057007,2012-07-29 10:30:38,2012-07-23,train,171_15
171,3858,117,Other Great Outdoors,40.7721081261999,-73.97590398788452,2012-07-29 11:08:51,2012-07-23,train,171_15
171,1217,26,Drugstore / Pharmacy,40.77703357124945,-73.98266719415489,2012-07-29 12:29:46,2012-07-23,train,171_15
171,1438,222,Coffee Shop,40.78089970281194,-73.98125535659763,2012-07-29 12:46:55,2012-07-23,train,171_15
171,1371,96,Deli / Bodega,40.779981244685445,-73.98419954269026,2012-07-29 17:32:59,2012-07-23,train,171_15
171,1962,26,Drugstore / Pharmacy,40.77821864757608,-73.98549083814501,2012-07-29 18:24:59,2012-07-23,train,171_15
171,3681,266,Bus Station,40.89832388460826,-73.85429713579452,2012-07-29 22:50:55,2012-07-23,train,171_15
171,2527,264,Subway,40.89843040206316,-73.85434627532959,2012-07-29 23:01:23,2012-07-23,train,171_15
175,1476,37,Bar,40.8846871094783,-73.89970135559156,2012-07-27 17:18:44,2012-07-23,train,175_16
175,1476,37,Bar,40.8846871094783,-73.89970135559156,2012-07-28 01:09:16,2012-07-23,train,175_16
175,2523,264,Subway,40.86939159016536,-73.91524314880371,2012-07-28 05:38:21,2012-07-23,train,175_16
175,2343,264,Subway,40.618016371619404,-73.95954251289368,2012-07-28 22:09:09,2012-07-23,train,175_16
175,2637,264,Subway,40.57745558120849,-73.98124694824219,2012-07-28 22:24:23,2012-07-23,train,175_16
175,1481,264,Subway,40.68430737873073,-73.97759780287743,2012-07-29 00:59:56,2012-07-23,train,175_16
176,2844,245,General Entertainment,40.84336374022088,-73.93525593409399,2012-07-28 02:58:52,2012-07-23,train,176_13
176,4260,131,Café,40.851377882205846,-73.94008040428162,2012-07-29 14:42:29,2012-07-23,train,176_13
176,3712,233,Other Great Outdoors,40.8466605456246,-73.94214449089279,2012-07-29 21:31:40,2012-07-23,train,176_13
177,740,227,Beach,40.57334843776636,-73.98030281066895,2012-07-27 21:47:38,2012-07-23,train,177_6
177,663,97,Diner,40.60570191978616,-73.98525553606459,2012-07-27 23:58:07,2012-07-23,train,177_6
177,4173,18,Clothing Store,40.609421487157285,-73.92155846003689,2012-07-28 13:44:56,2012-07-23,train,177_6
177,4173,18,Clothing Store,40.609421487157285,-73.92155846003689,2012-07-29 15:48:12,2012-07-23,train,177_6
179,4562,102,American Restaurant,40.96532877881822,-74.06292392141155,2012-07-24 08:30:40,2012-07-23,train,179_16
179,4363,211,Bar,40.96533885740628,-74.06283213352812,2012-07-24 10:19:12,2012-07-23,train,179_16
179,4633,116,Pool,40.96535501903463,-74.06283213352812,2012-07-24 10:45:44,2012-07-23,train,179_16
179,3708,121,Park,40.96541698333333,-74.06291968333333,2012-07-24 11:51:38,2012-07-23,train,179_16
179,3502,259,Hotel,40.96537083236714,-74.06281492329502,2012-07-24 12:29:03,2012-07-23,train,179_16
179,3577,73,Bus Station,40.96457180013344,-74.06643390655518,2012-07-24 14:56:54,2012-07-23,train,179_16
179,3561,45,Other Nightlife,40.96533795,-74.0628079,2012-07-24 15:27:50,2012-07-23,train,179_16
179,2660,61,Office,40.96522921442873,-74.06305586641602,2012-07-24 16:53:09,2012-07-23,train,179_16
179,3582,19,Bank,40.94816296428713,-74.06981935884615,2012-07-24 17:21:07,2012-07-23,train,179_16
179,3577,73,Bus Station,40.96457180013344,-74.06643390655518,2012-07-26 17:52:26,2012-07-23,train,179_16
179,3561,45,Other Nightlife,40.96533795,-74.0628079,2012-07-27 19:35:33,2012-07-23,train,179_16
179,3502,259,Hotel,40.96537083236714,-74.06281492329502,2012-07-27 21:10:29,2012-07-23,train,179_16
179,4673,102,American Restaurant,40.965446426312695,-74.06296407859656,2012-07-28 07:39:30,2012-07-23,train,179_16
179,3482,232,Music Venue,40.96532194280211,-74.06280344980541,2012-07-28 08:37:51,2012-07-23,train,179_16
179,3577,73,Bus Station,40.96457180013344,-74.06643390655518,2012-07-28 08:58:50,2012-07-23,train,179_16
179,4413,245,General Entertainment,40.96183293901183,-74.0603022124755,2012-07-28 09:45:39,2012-07-23,train,179_16
179,2660,61,Office,40.96522921442873,-74.06305586641602,2012-07-28 11:45:20,2012-07-23,train,179_16
179,4562,102,American Restaurant,40.96532877881822,-74.06292392141155,2012-07-28 12:30:14,2012-07-23,train,179_16
179,2987,135,Post Office,40.94892337953688,-74.069721837773,2012-07-28 12:49:42,2012-07-23,train,179_16
179,3708,121,Park,40.96541698333333,-74.06291968333333,2012-07-28 16:38:59,2012-07-23,train,179_16
179,3502,259,Hotel,40.96537083236714,-74.06281492329502,2012-07-29 01:15:17,2012-07-23,train,179_16
179,2675,259,Hotel,40.96031922320731,-74.06725511155042,2012-07-29 01:28:47,2012-07-23,train,179_16
179,4620,213,Bar,40.96541694223362,-74.06288376421803,2012-07-29 01:46:47,2012-07-23,train,179_16
179,3578,257,Road,40.96535005,-74.06280286666667,2012-07-29 02:19:37,2012-07-23,train,179_16
179,3526,107,Cuban Restaurant,40.9653582,-74.06283223333334,2012-07-29 03:32:01,2012-07-23,train,179_16
179,4562,102,American Restaurant,40.96532877881822,-74.06292392141155,2012-07-29 07:30:21,2012-07-23,train,179_16
179,3578,257,Road,40.96535005,-74.06280286666667,2012-07-29 09:39:38,2012-07-23,train,179_16
179,4633,116,Pool,40.96535501903463,-74.06283213352812,2012-07-29 11:01:31,2012-07-23,train,179_16
179,4363,211,Bar,40.96533885740628,-74.06283213352812,2012-07-29 12:34:24,2012-07-23,train,179_16
179,3708,121,Park,40.96541698333333,-74.06291968333333,2012-07-29 12:51:14,2012-07-23,train,179_16
179,4620,213,Bar,40.96541694223362,-74.06288376421803,2012-07-29 13:37:17,2012-07-23,train,179_16
179,3561,45,Other Nightlife,40.96533795,-74.0628079,2012-07-29 15:00:54,2012-07-23,train,179_16
179,4673,102,American Restaurant,40.965446426312695,-74.06296407859656,2012-07-29 16:43:33,2012-07-23,train,179_16
179,3502,259,Hotel,40.96537083236714,-74.06281492329502,2012-07-29 17:22:34,2012-07-23,train,179_16
179,3577,73,Bus Station,40.96457180013344,-74.06643390655518,2012-07-29 17:45:57,2012-07-23,train,179_16
179,4902,50,Bar,40.96517162512245,-74.06274608234698,2012-07-29 18:48:00,2012-07-23,train,179_16
179,4413,245,General Entertainment,40.96183293901183,-74.0603022124755,2012-07-29 19:21:21,2012-07-23,train,179_16
179,2660,61,Office,40.96522921442873,-74.06305586641602,2012-07-29 19:22:00,2012-07-23,train,179_16
179,3790,257,Road,40.96530185,-74.06305251666667,2012-07-29 21:25:34,2012-07-23,train,179_16
179,3594,120,Other Great Outdoors,40.965334383333335,-74.06280386666667,2012-07-29 22:37:05,2012-07-23,train,179_16
179,3526,107,Cuban Restaurant,40.9653582,-74.06283223333334,2012-07-29 23:52:22,2012-07-23,train,179_16
181,1903,71,Train Station,40.76806170936613,-73.74941825866699,2012-07-24 08:30:54,2012-07-23,train,181_16
181,357,70,Train Station,40.750794799423865,-73.99357639021292,2012-07-24 09:09:41,2012-07-23,train,181_16
181,4042,222,Coffee Shop,40.75379775034375,-73.9868152141571,2012-07-24 09:20:47,2012-07-23,train,181_16
181,3240,63,Office,40.753966699950766,-73.98503745095212,2012-07-24 09:31:33,2012-07-23,train,181_16
181,768,96,Deli / Bodega,40.753447928267605,-73.98612213498515,2012-07-24 13:06:13,2012-07-23,train,181_16
181,2953,257,Road,40.76305616209761,-73.74328136444092,2012-07-26 18:29:01,2012-07-23,train,181_16
181,3004,301,Neighborhood,40.766596163537606,-73.74551312741599,2012-07-26 18:29:15,2012-07-23,train,181_16
183,4304,7,Clothing Store,40.74954092693113,-73.98661136627197,2012-07-24 07:46:27,2012-07-23,train,183_11
183,4304,7,Clothing Store,40.74954092693113,-73.98661136627197,2012-07-27 17:54:48,2012-07-23,train,183_11
183,644,33,Korean Restaurant,40.747716919319366,-73.98641482645229,2012-07-27 21:18:18,2012-07-23,train,183_11
192,750,183,University,40.71110949732056,-74.00504350662231,2012-07-24 10:54:42,2012-07-23,train,192_4
192,4609,203,Food Truck,40.74039372375705,-73.98690838360204,2012-07-24 12:18:04,2012-07-23,train,192_4
192,1020,260,Food & Drink Shop,40.69369648097237,-73.99020255812387,2012-07-24 16:44:20,2012-07-23,train,192_4
194,2978,301,Neighborhood,40.745306184001095,-73.94837379455566,2012-07-29 18:33:44,2012-07-23,train,194_14
194,883,202,Pizza Place,40.7442504101507,-73.9536248740982,2012-07-29 20:10:59,2012-07-23,train,194_14
202,4925,136,Office,40.63906640818128,-74.21741381582459,2012-07-24 06:20:19,2012-07-23,train,202_2
202,4903,281,Residential Building (Apartment / Condo),40.7794836539293,-74.23431096075899,2012-07-27 22:11:55,2012-07-23,train,202_2
202,4925,136,Office,40.63906640818128,-74.21741381582459,2012-07-28 06:15:12,2012-07-23,train,202_2
202,4903,281,Residential Building (Apartment / Condo),40.7794836539293,-74.23431096075899,2012-07-28 20:38:57,2012-07-23,train,202_2
202,4925,136,Office,40.63906640818128,-74.21741381582459,2012-07-29 06:03:14,2012-07-23,train,202_2
202,4925,136,Office,40.63906640818128,-74.21741381582459,2012-07-29 15:40:28,2012-07-23,train,202_2
202,4903,281,Residential Building (Apartment / Condo),40.7794836539293,-74.23431096075899,2012-07-29 19:15:11,2012-07-23,train,202_2
202,1188,146,Movie Theater,40.79340869038084,-74.25605535507202,2012-07-29 19:28:17,2012-07-23,train,202_2
205,989,194,Mexican Restaurant,40.72819472159206,-74.00538716745397,2012-07-24 12:07:36,2012-07-23,train,205_16
205,3222,52,Bar,40.762762512171065,-73.97173953064508,2012-07-28 00:42:02,2012-07-23,train,205_16
205,3742,259,Hotel,40.74198972871025,-74.00358438491821,2012-07-28 23:25:28,2012-07-23,train,205_16
205,3864,130,Burger Joint,40.71529762488199,-74.0147852897644,2012-07-29 20:18:31,2012-07-23,train,205_16
207,2134,138,Gym / Fitness Center,40.76011192810937,-73.96294644345505,2012-07-28 09:12:32,2012-07-23,train,207_14
207,497,254,Department Store,40.76346247057747,-73.97400498390198,2012-07-28 16:15:12,2012-07-23,train,207_14
207,2134,138,Gym / Fitness Center,40.76011192810937,-73.96294644345505,2012-07-29 10:44:59,2012-07-23,train,207_14
222,3806,201,Ice Cream Shop,40.78082031141009,-73.98017064508767,2012-07-27 17:11:29,2012-07-23,train,222_2
222,349,70,Train Station,40.75280620914171,-73.97717535495758,2012-07-28 15:59:35,2012-07-23,train,222_2
226,2816,262,Light Rail,40.77972902126812,-74.17463690042496,2012-07-24 14:54:55,2012-07-23,train,226_5
226,946,222,Coffee Shop,40.74029892315393,-73.98678302764893,2012-07-28 20:53:30,2012-07-23,train,226_5
226,1501,254,Department Store,40.824648526250215,-74.13560271263123,2012-07-29 21:49:04,2012-07-23,train,226_5
228,4911,250,Design Studio,40.67282273372251,-73.99241777260337,2012-07-24 09:05:42,2012-07-23,train,228_6
228,357,70,Train Station,40.750794799423865,-73.99357639021292,2012-07-28 13:30:53,2012-07-23,train,228_6
230,48,232,Music Venue,40.73169799836348,-73.98922693741638,2012-07-24 11:18:00,2012-07-23,train,230_13
230,48,232,Music Venue,40.73169799836348,-73.98922693741638,2012-07-29 02:41:39,2012-07-23,train,230_13
230,398,52,Bar,40.76362499327396,-73.99757623672485,2012-07-29 02:41:59,2012-07-23,train,230_13
230,542,223,Harbor / Marina,40.79111395573717,-73.92594451248924,2012-07-29 17:08:46,2012-07-23,train,230_13
230,1138,37,Bar,40.713517,-73.961712,2012-07-29 23:52:39,2012-07-23,train,230_13
231,346,61,Office,40.75453841655905,-73.98646647784138,2012-07-24 13:36:43,2012-07-23,train,231_12
231,249,130,Burger Joint,40.741160589048285,-73.98811340332031,2012-07-27 22:31:14,2012-07-23,train,231_12
232,4042,222,Coffee Shop,40.75379775034375,-73.9868152141571,2012-07-24 16:43:20,2012-07-23,train,232_0
232,987,257,Road,40.76117085825042,-74.01128768920898,2012-07-28 14:45:15,2012-07-23,train,232_0
232,13,230,Bowling Alley,40.75739368035236,-73.99330097284587,2012-07-28 15:47:44,2012-07-23,train,232_0
232,2111,222,Coffee Shop,40.75891912502798,-73.99229725641148,2012-07-28 16:32:02,2012-07-23,train,232_0
232,548,53,Bar,40.747681640746045,-73.98632300172632,2012-07-28 20:04:21,2012-07-23,train,232_0
232,1160,222,Coffee Shop,40.81309872799184,-73.98468554019928,2012-07-29 18:39:21,2012-07-23,train,232_0
233,289,37,Bar,40.71945037152671,-73.98781514808185,2012-07-26 19:31:59,2012-07-23,train,233_11
233,516,59,Bar,40.726876,-73.983532,2012-07-28 00:25:12,2012-07-23,train,233_11
233,4210,37,Bar,40.72902307764932,-73.98088216781616,2012-07-28 01:50:18,2012-07-23,train,233_11
233,691,37,Bar,40.77138107266706,-73.95646042374283,2012-07-28 13:39:17,2012-07-23,train,233_11
233,1543,47,Bar,40.726946267342754,-73.99148807430478,2012-07-29 02:53:48,2012-07-23,train,233_11
234,3494,12,Gym / Fitness Center,40.73268976628568,-73.97463798522949,2012-07-24 07:05:37,2012-07-23,train,234_8
234,1650,239,Airport,40.77025558040047,-73.86387348175049,2012-07-24 09:40:41,2012-07-23,train,234_8
234,3494,12,Gym / Fitness Center,40.73268976628568,-73.97463798522949,2012-07-28 12:10:55,2012-07-23,train,234_8
234,4347,16,Clothing Store,40.72249408311082,-73.99771571159363,2012-07-28 17:53:14,2012-07-23,train,234_8
234,695,31,Bar,40.741128,-73.989902,2012-07-29 11:51:21,2012-07-23,train,234_8
235,3640,245,General Entertainment,40.75626823613582,-73.99738182611577,2012-07-24 05:38:20,2012-07-23,train,235_13
235,1332,301,Neighborhood,40.741672705942285,-73.98928821086884,2012-07-24 08:57:55,2012-07-23,train,235_13
235,4510,120,Other Great Outdoors,40.75404836175849,-73.98442336785773,2012-07-28 10:56:08,2012-07-23,train,235_13
235,3640,245,General Entertainment,40.75626823613582,-73.99738182611577,2012-07-29 07:38:36,2012-07-23,train,235_13
235,731,147,Movie Theater,40.774697291507216,-73.98194979831837,2012-07-29 09:10:17,2012-07-23,train,235_13
235,2752,42,Food & Drink Shop,40.778504,-73.982092,2012-07-29 13:04:39,2012-07-23,train,235_13
236,1762,264,Subway,40.79467578552487,-73.97176265716553,2012-07-24 04:25:24,2012-07-23,train,236_0
236,722,183,University,40.81965536288057,-73.9500904083252,2012-07-24 11:13:26,2012-07-23,train,236_0
236,357,70,Train Station,40.750794799423865,-73.99357639021292,2012-07-28 03:27:15,2012-07-23,train,236_0
236,2709,26,Drugstore / Pharmacy,40.74619,-73.998091,2012-07-28 03:37:30,2012-07-23,train,236_0
236,1975,135,Post Office,40.75102830623012,-73.99425029754639,2012-07-28 03:48:50,2012-07-23,train,236_0
236,164,97,Diner,40.752188,-73.993585,2012-07-28 03:50:15,2012-07-23,train,236_0
236,2781,73,Bus Station,40.75622089216358,-73.99083383946767,2012-07-28 03:57:02,2012-07-23,train,236_0
236,4130,37,Bar,40.75599818752485,-73.99114966392517,2012-07-28 03:58:39,2012-07-23,train,236_0
236,152,194,Mexican Restaurant,40.757123775433385,-73.98948267102242,2012-07-28 04:00:38,2012-07-23,train,236_0
236,2968,130,Burger Joint,40.75845677498381,-73.98914046612941,2012-07-28 04:02:02,2012-07-23,train,236_0
236,3772,80,Building,40.76796322894073,-73.981680056791,2012-07-28 04:18:33,2012-07-23,train,236_0
236,660,122,Plaza,40.76803326982161,-73.98186922073364,2012-07-28 04:21:52,2012-07-23,train,236_0
236,2718,28,Salon / Barbershop,40.815458,-73.94730238999999,2012-07-28 19:45:02,2012-07-23,train,236_0
236,2256,71,Train Station,40.64089681515863,-73.99429321289062,2012-07-29 05:48:47,2012-07-23,train,236_0
236,2930,19,Bank,40.82589800029204,-73.95093852551646,2012-07-29 13:32:20,2012-07-23,train,236_0
242,2496,232,Music Venue,40.71971101647132,-74.00456656363339,2012-07-24 06:35:10,2012-07-23,train,242_10
242,436,241,Airport,40.68968493541091,-74.17938709259033,2012-07-29 21:48:02,2012-07-23,train,242_10
245,1305,222,Coffee Shop,40.755002,-73.968647,2012-07-24 09:29:12,2012-07-23,train,245_16
245,74,194,Mexican Restaurant,40.748409014404565,-73.97666394325508,2012-07-26 19:09:18,2012-07-23,train,245_16
250,2447,12,Gym / Fitness Center,40.67241301878795,-73.9698167945564,2012-07-29 09:09:46,2012-07-23,train,250_6
250,190,157,Stadium,40.82827721161922,-73.92655344439045,2012-07-29 19:45:22,2012-07-23,train,250_6
252,354,121,Park,40.66390776998241,-73.970947265625,2012-07-24 08:07:42,2012-07-23,train,252_14
252,354,121,Park,40.66390776998241,-73.970947265625,2012-07-28 08:43:20,2012-07-23,train,252_14
252,354,121,Park,40.66390776998241,-73.970947265625,2012-07-29 08:22:57,2012-07-23,train,252_14
254,3101,37,Bar,40.72788438327404,-73.9850948417952,2012-07-28 00:36:41,2012-07-23,train,254_9
254,169,37,Bar,40.71501300319713,-73.95146369934082,2012-07-28 02:02:17,2012-07-23,train,254_9
259,1853,7,Clothing Store,40.76249396722134,-73.97458629269595,2012-07-28 19:06:13,2012-07-23,train,259_8
259,190,157,Stadium,40.82827721161922,-73.92655344439045,2012-07-29 19:32:52,2012-07-23,train,259_8
265,3881,301,Neighborhood,40.89821955159699,-73.86741399765015,2012-07-26 18:21:29,2012-07-23,train,265_10
265,1647,264,Subway,40.8864595193891,-73.87842178344727,2012-07-26 18:22:02,2012-07-23,train,265_10
265,1647,264,Subway,40.8864595193891,-73.87842178344727,2012-07-27 18:25:29,2012-07-23,train,265_10
265,3881,301,Neighborhood,40.89821955159699,-73.86741399765015,2012-07-27 18:25:56,2012-07-23,train,265_10
268,184,238,Music Venue,40.720480045234375,-73.99355980323412,2012-07-27 21:22:15,2012-07-23,train,268_9
268,232,121,Park,40.73083612189599,-73.99764060974121,2012-07-28 16:02:09,2012-07-23,train,268_9
271,433,194,Mexican Restaurant,40.73811372290695,-74.0019670052254,2012-07-26 19:24:26,2012-07-23,train,271_6
271,763,220,BBQ Joint,40.75696123684052,-73.98907363414764,2012-07-28 23:01:42,2012-07-23,train,271_6
272,3025,61,Office,40.766476816586845,-73.98198423337972,2012-07-24 07:37:41,2012-07-23,train,272_12
272,1010,1,Pet Store,40.7368875094195,-73.99020829705454,2012-07-29 15:14:19,2012-07-23,train,272_12
273,190,157,Stadium,40.82827721161922,-73.92655344439045,2012-07-27 17:01:25,2012-07-23,train,273_10
273,1839,37,Bar,40.887145,-73.904555,2012-07-27 23:15:59,2012-07-23,train,273_10
273,2302,96,Deli / Bodega,40.88726162910461,-73.904543,2012-07-28 02:51:13,2012-07-23,train,273_10
277,861,254,Department Store,40.87364275972925,-73.90811920166016,2012-07-28 11:14:49,2012-07-23,train,277_14
277,1428,97,Diner,40.86570727344252,-73.92755194146655,2012-07-29 15:13:33,2012-07-23,train,277_14
283,3166,37,Bar,40.729829754228895,-73.98073308885695,2012-07-27 20:13:19,2012-07-23,train,283_11
283,4189,37,Bar,40.72656947142857,-73.985945,2012-07-27 23:32:37,2012-07-23,train,283_11
283,3166,37,Bar,40.729829754228895,-73.98073308885695,2012-07-29 22:55:46,2012-07-23,train,283_11
285,736,222,Coffee Shop,40.74696599525917,-73.98107170216927,2012-07-24 09:48:41,2012-07-23,train,285_16
285,82,202,Pizza Place,40.74510703877938,-73.9783501625061,2012-07-24 11:08:55,2012-07-23,train,285_16
285,2785,61,Office,40.80601358609009,-73.90249729156494,2012-07-24 13:53:08,2012-07-23,train,285_16
285,485,48,Bar,40.73139950826892,-73.9886817354489,2012-07-28 15:20:10,2012-07-23,train,285_16
285,2652,50,Bar,40.72586029477793,-73.98442268371582,2012-07-28 18:44:16,2012-07-23,train,285_16
293,4696,222,Coffee Shop,40.74997526827238,-73.97949341469202,2012-07-24 07:37:07,2012-07-23,train,293_16
293,2650,61,Office,40.74646496169778,-73.98116352940538,2012-07-24 08:14:38,2012-07-23,train,293_16
293,349,70,Train Station,40.75280620914171,-73.97717535495758,2012-07-24 16:00:29,2012-07-23,train,293_16
295,4980,139,Medical Center,40.60829783220055,-73.9614254053049,2012-07-24 14:19:09,2012-07-23,train,295_13
295,974,221,Bridge,40.60679958140643,-74.04416981025437,2012-07-28 17:36:07,2012-07-23,train,295_13
299,3553,6,Home (private),40.69321217941903,-73.93010370763156,2012-07-24 11:55:52,2012-07-23,train,299_16
299,3787,95,Chinese Restaurant,40.68990012489897,-73.93075527809141,2012-07-24 12:33:11,2012-07-23,train,299_16
299,4153,6,Home (private),40.69321217941903,-73.93010370763156,2012-07-24 12:34:13,2012-07-23,train,299_16
299,3557,253,General Travel,40.68896799720544,-73.92899861616681,2012-07-24 12:35:31,2012-07-23,train,299_16
299,1753,264,Subway,40.67933621045698,-73.93028497695923,2012-07-24 12:36:57,2012-07-23,train,299_16
299,3783,257,Road,40.72584842252312,-74.00399271271695,2012-07-24 13:23:55,2012-07-23,train,299_16
299,1339,121,Park,40.72678506374359,-74.00346747445712,2012-07-24 13:24:52,2012-07-23,train,299_16
299,630,245,General Entertainment,40.72692705548838,-74.0054904599932,2012-07-24 13:54:27,2012-07-23,train,299_16
299,1514,264,Subway,40.73977358599364,-74.00257587432861,2012-07-26 18:55:00,2012-07-23,train,299_16
299,3360,71,Train Station,40.73977053760343,-74.00258123874664,2012-07-26 19:08:51,2012-07-23,train,299_16
299,1781,202,Pizza Place,40.71416030830439,-73.94938295189516,2012-07-26 19:10:34,2012-07-23,train,299_16
299,359,128,Bakery,40.71505590186361,-73.9495034949479,2012-07-26 19:11:43,2012-07-23,train,299_16
299,2504,96,Deli / Bodega,40.716069008205125,-73.9497388406914,2012-07-26 19:12:49,2012-07-23,train,299_16
299,3636,60,Smoke Shop,40.71595073760232,-73.94959533722336,2012-07-28 01:35:29,2012-07-23,train,299_16
299,5003,253,General Travel,40.71532844619961,-73.94954367594879,2012-07-29 01:22:18,2012-07-23,train,299_16
299,3593,96,Deli / Bodega,40.70427317579925,-73.94809715465664,2012-07-29 01:29:22,2012-07-23,train,299_16
299,4235,73,Bus Station,40.70402766678848,-73.94822343869261,2012-07-29 01:30:28,2012-07-23,train,299_16
299,3598,6,Home (private),40.69321217941903,-73.93010370763156,2012-07-29 17:42:02,2012-07-23,train,299_16
299,3553,6,Home (private),40.69321217941903,-73.93010370763156,2012-07-29 17:42:38,2012-07-23,train,299_16
299,3787,95,Chinese Restaurant,40.68990012489897,-73.93075527809141,2012-07-29 17:59:41,2012-07-23,train,299_16
299,2349,121,Park,40.706599494975634,-73.94754035587833,2012-07-29 18:17:23,2012-07-23,train,299_16
299,3837,141,Bagel Shop,40.714049,-73.949311,2012-07-29 18:33:04,2012-07-23,train,299_16
299,3636,60,Smoke Shop,40.71595073760232,-73.94959533722336,2012-07-29 18:40:42,2012-07-23,train,299_16
301,1448,63,Office,40.73329164379054,-73.9928367092527,2012-07-24 09:27:42,2012-07-23,train,301_15
301,1448,63,Office,40.73329164379054,-73.9928367092527,2012-07-24 15:29:20,2012-07-23,train,301_15
301,417,147,Movie Theater,40.73135644834142,-73.98867130279541,2012-07-28 20:09:00,2012-07-23,train,301_15
301,598,52,Bar,40.76401977376754,-73.9975740281675,2012-07-29 00:58:59,2012-07-23,train,301_15
302,2383,136,Office,40.752522706592416,-73.98677064685069,2012-07-24 08:55:06,2012-07-23,train,302_16
302,1547,190,Salad Place,40.75254117265956,-73.9883660914967,2012-07-24 12:13:08,2012-07-23,train,302_16
305,1017,31,Bar,40.75803174296939,-73.97142385887315,2012-07-24 13:36:55,2012-07-23,train,305_13
305,3645,6,Home (private),40.68833899115064,-73.96537147003376,2012-07-29 22:12:29,2012-07-23,train,305_13
308,2410,91,High School,40.87081138135009,-73.9888322353363,2012-07-26 18:17:54,2012-07-23,train,308_14
308,2410,91,High School,40.87081138135009,-73.9888322353363,2012-07-27 19:58:55,2012-07-23,train,308_14
308,2281,317,City,40.84816411132264,-73.99766206741333,2012-07-28 10:16:08,2012-07-23,train,308_14
308,2281,317,City,40.84816411132264,-73.99766206741333,2012-07-28 14:21:23,2012-07-23,train,308_14
308,2410,91,High School,40.87081138135009,-73.9888322353363,2012-07-28 19:32:22,2012-07-23,train,308_14
308,688,102,American Restaurant,40.91922020055109,-74.07471656799316,2012-07-29 12:17:27,2012-07-23,train,308_14
308,2410,91,High School,40.87081138135009,-73.9888322353363,2012-07-29 14:20:23,2012-07-23,train,308_14
308,2281,317,City,40.84816411132264,-73.99766206741333,2012-07-29 23:45:10,2012-07-23,train,308_14
312,1946,73,Bus Station,40.7302182289573,-73.95438194274902,2012-07-27 18:05:37,2012-07-23,train,312_11
312,88,311,Brewery,40.72158048138015,-73.95763710722129,2012-07-27 19:13:46,2012-07-23,train,312_11
312,1103,41,Bar,40.749695355837886,-73.97648334503174,2012-07-28 01:50:22,2012-07-23,train,312_11
312,1419,70,Train Station,40.732267009830224,-74.06304359436035,2012-07-28 18:37:29,2012-07-23,train,312_11
312,804,70,Train Station,40.73420076077984,-74.16483829470191,2012-07-29 04:22:05,2012-07-23,train,312_11
321,1306,138,Gym / Fitness Center,40.74908499868447,-73.982256978576,2012-07-24 07:17:56,2012-07-23,train,321_14
321,1179,256,Furniture / Home Store,40.738215284871565,-73.99004186799563,2012-07-29 15:01:49,2012-07-23,train,321_14
321,190,157,Stadium,40.82827721161922,-73.92655344439045,2012-07-29 20:39:14,2012-07-23,train,321_14
322,2153,301,Neighborhood,40.728596,-73.98936,2012-07-27 19:38:21,2012-07-23,train,322_15
322,2643,233,Other Great Outdoors,40.76019568010469,-73.95687103271484,2012-07-29 11:33:54,2012-07-23,train,322_15
322,279,121,Park,40.7714256153356,-73.97350072860723,2012-07-29 13:04:00,2012-07-23,train,322_15
324,4814,94,Caribbean Restaurant,40.67295509289303,-73.87084186634232,2012-07-24 08:41:50,2012-07-23,train,324_16
324,4818,96,Deli / Bodega,40.67295591375991,-73.87084186634232,2012-07-24 08:42:56,2012-07-23,train,324_16
324,2645,95,Chinese Restaurant,40.67295263029044,-73.87085335126653,2012-07-24 08:43:20,2012-07-23,train,324_16
324,2273,34,Gas Station / Garage,40.672785876590765,-73.87079018417498,2012-07-24 08:43:54,2012-07-23,train,324_16
324,3231,95,Chinese Restaurant,40.67295591375991,-73.87083612387994,2012-07-24 08:44:13,2012-07-23,train,324_16
324,3231,95,Chinese Restaurant,40.67295591375991,-73.87083612387994,2012-07-24 12:27:51,2012-07-23,train,324_16
324,4066,64,Government Building,40.67288482867463,-73.87079018417498,2012-07-24 12:29:16,2012-07-23,train,324_16
324,3027,202,Pizza Place,40.6729684719258,-73.87084186634232,2012-07-24 12:29:35,2012-07-23,train,324_16
324,4561,28,Salon / Barbershop,40.67414892154103,-73.87085335126653,2012-07-24 12:30:51,2012-07-23,train,324_16
324,4219,113,Garden,40.67290578748258,-73.87081315402881,2012-07-26 17:03:29,2012-07-23,train,324_16
324,3676,6,Home (private),40.674934301796696,-73.87130987645999,2012-07-26 17:06:41,2012-07-23,train,324_16
324,2645,95,Chinese Restaurant,40.67295263029044,-73.87085335126653,2012-07-28 15:03:19,2012-07-23,train,324_16
324,2273,34,Gas Station / Garage,40.672785876590765,-73.87079018417498,2012-07-28 15:03:47,2012-07-23,train,324_16
324,3027,202,Pizza Place,40.6729684719258,-73.87084186634232,2012-07-28 15:05:41,2012-07-23,train,324_16
324,4219,113,Garden,40.67290578748258,-73.87081315402881,2012-07-28 16:50:20,2012-07-23,train,324_16
324,3633,28,Salon / Barbershop,40.67289458316599,-73.87076721431846,2012-07-28 16:52:07,2012-07-23,train,324_16
324,4814,94,Caribbean Restaurant,40.67295509289303,-73.87084186634232,2012-07-29 08:33:07,2012-07-23,train,324_16
324,4818,96,Deli / Bodega,40.67295591375991,-73.87084186634232,2012-07-29 08:40:04,2012-07-23,train,324_16
324,2273,34,Gas Station / Garage,40.67297503890257,-73.87077869924707,2012-07-29 08:41:18,2012-07-23,train,324_16
324,3231,95,Chinese Restaurant,40.67295591375991,-73.87083612387994,2012-07-29 08:43:14,2012-07-23,train,324_16
324,3027,202,Pizza Place,40.6729684719258,-73.87084186634232,2012-07-29 08:43:47,2012-07-23,train,324_16
324,4219,113,Garden,40.67290578748258,-73.87081315402881,2012-07-29 08:44:20,2012-07-23,train,324_16
324,3388,34,Gas Station / Garage,40.67287444522583,-73.87081889649184,2012-07-29 08:44:57,2012-07-23,train,324_16
324,3388,34,Gas Station / Garage,40.67287444522583,-73.87081889649184,2012-07-29 09:39:36,2012-07-23,train,324_16
329,1172,197,Sandwich Place,40.74615152850814,-73.98220181465149,2012-07-24 09:53:34,2012-07-23,train,329_6
329,3666,130,Burger Joint,40.74613120785279,-73.97810339927673,2012-07-24 13:27:29,2012-07-23,train,329_6
333,1129,137,Gym / Fitness Center,40.75915,-73.978449,2012-07-24 08:34:09,2012-07-23,train,333_12
333,2801,222,Coffee Shop,40.78261765304958,-73.95334935288557,2012-07-24 12:57:02,2012-07-23,train,333_12
333,1129,137,Gym / Fitness Center,40.75915,-73.978449,2012-07-28 08:37:18,2012-07-23,train,333_12
335,190,157,Stadium,40.82827721161922,-73.92655344439045,2012-07-27 18:45:59,2012-07-23,train,335_10
335,357,70,Train Station,40.750794799423865,-73.99357639021292,2012-07-27 22:48:04,2012-07-23,train,335_10
338,4567,220,BBQ Joint,40.71456338809374,-74.01544645119131,2012-07-29 12:55:35,2012-07-23,train,338_7
338,751,146,Movie Theater,40.7148694149892,-74.01538906944295,2012-07-29 13:01:42,2012-07-23,train,338_7
340,3258,6,Home (private),40.70477380546345,-73.94186034276925,2012-07-28 14:10:03,2012-07-23,train,340_13
340,1278,42,Food & Drink Shop,40.79409,-73.96717,2012-07-28 17:44:17,2012-07-23,train,340_13
340,3258,6,Home (private),40.70477380546345,-73.94186034276925,2012-07-29 08:32:06,2012-07-23,train,340_13
341,3,37,Bar,40.71836264775439,-73.9908166227313,2012-07-28 01:39:07,2012-07-23,train,341_13
341,268,37,Bar,40.72041790246302,-73.98438319412892,2012-07-29 00:35:48,2012-07-23,train,341_13
341,197,37,Bar,40.72177883861973,-73.98748228566909,2012-07-29 03:15:13,2012-07-23,train,341_13
342,1995,70,Train Station,40.72465693431455,-73.70641708374023,2012-07-24 07:19:14,2012-07-23,train,342_15
342,2035,61,Office,40.746102944047806,-73.98232858365381,2012-07-24 08:22:39,2012-07-23,train,342_15
343,2430,223,Harbor / Marina,40.90334781148585,-73.9147380666943,2012-07-28 15:42:04,2012-07-23,train,343_11
343,986,42,Food & Drink Shop,40.81967266642876,-73.95994453399868,2012-07-29 09:57:46,2012-07-23,train,343_11
343,2430,223,Harbor / Marina,40.90334781148585,-73.9147380666943,2012-07-29 11:42:43,2012-07-23,train,343_11
348,357,70,Train Station,40.750794799423865,-73.99357639021292,2012-07-24 09:59:22,2012-07-23,train,348_11
348,731,147,Movie Theater,40.774697291507216,-73.98194979831837,2012-07-24 10:52:47,2012-07-23,train,348_11
348,872,37,Bar,40.816129,-74.21840954,2012-07-28 22:31:20,2012-07-23,train,348_11
351,1068,183,University,40.721664700472566,-73.79473686218262,2012-07-24 10:32:11,2012-07-23,train,351_15
351,2210,165,College Academic Building,40.72200363430237,-73.79322870209799,2012-07-24 11:49:21,2012-07-23,train,351_15
351,4598,6,Home (private),40.767237460001375,-73.89482953406639,2012-07-27 17:02:36,2012-07-23,train,351_15
351,2501,64,Government Building,40.699168629214334,-73.98959423050022,2012-07-27 17:50:26,2012-07-23,train,351_15
351,1383,96,Deli / Bodega,40.69813445726876,-73.99260715503765,2012-07-28 01:35:05,2012-07-23,train,351_15
351,4598,6,Home (private),40.767237460001375,-73.89482953406639,2012-07-28 06:33:35,2012-07-23,train,351_15
351,2501,64,Government Building,40.699168629214334,-73.98959423050022,2012-07-28 18:08:34,2012-07-23,train,351_15
351,4598,6,Home (private),40.767237460001375,-73.89482953406639,2012-07-29 06:23:30,2012-07-23,train,351_15
352,3018,301,Neighborhood,40.67001121908946,-73.98583889007568,2012-07-27 17:29:12,2012-07-23,train,352_13
352,4007,131,Café,40.64836553184176,-73.97875878919255,2012-07-29 10:31:07,2012-07-23,train,352_13
353,1859,264,Subway,40.74683429891953,-73.89155387878418,2012-07-24 11:34:07,2012-07-23,train,353_2
353,1309,7,Clothing Store,40.750248045828585,-73.98991584777832,2012-07-24 12:04:20,2012-07-23,train,353_2
353,4012,6,Home (private),40.75736154023456,-73.89482953406639,2012-07-27 22:29:21,2012-07-23,train,353_2
353,1309,7,Clothing Store,40.750248045828585,-73.98991584777832,2012-07-29 07:28:05,2012-07-23,train,353_2
353,528,42,Food & Drink Shop,40.74481848035928,-73.99515151977539,2012-07-29 16:32:12,2012-07-23,train,353_2
353,4012,6,Home (private),40.75736154023456,-73.89482953406639,2012-07-29 23:07:53,2012-07-23,train,353_2
357,1473,107,Cuban Restaurant,40.710218205311854,-74.00796372580432,2012-07-24 14:17:53,2012-07-23,train,357_10
357,1232,58,Electronics Store,40.7702393297702,-73.9818263053894,2012-07-27 20:22:01,2012-07-23,train,357_10
361,2776,90,School,40.83249835269056,-73.91528347731614,2012-07-24 06:31:12,2012-07-23,train,361_16
361,4580,270,Parking,40.832484107252746,-73.91520884226871,2012-07-24 06:31:25,2012-07-23,train,361_16
361,3821,42,Food & Drink Shop,40.83278533040082,-73.91493326646092,2012-07-24 06:31:43,2012-07-23,train,361_16
361,3984,7,Clothing Store,40.832590827934254,-73.91493326646092,2012-07-24 06:32:04,2012-07-23,train,361_16
361,43,133,Hot Dog Joint,40.77836414910471,-73.98163318634033,2012-07-26 19:01:27,2012-07-23,train,361_16
361,1588,222,Coffee Shop,40.733029,-73.990038,2012-07-28 10:16:01,2012-07-23,train,361_16
361,1247,35,Bookstore,40.733361748251546,-73.99101174565301,2012-07-28 10:16:15,2012-07-23,train,361_16
361,1604,106,Burrito Place,40.733551530741686,-73.98995876312256,2012-07-28 10:16:38,2012-07-23,train,361_16
361,4518,37,Bar,40.732461021437416,-73.98789302811853,2012-07-28 10:17:41,2012-07-23,train,361_16
361,50,37,Bar,40.730465,-74.00426030158997,2012-07-28 10:46:28,2012-07-23,train,361_16
361,447,102,American Restaurant,40.729334571108616,-74.00369100272655,2012-07-28 10:46:43,2012-07-23,train,361_16
361,792,44,Food & Drink Shop,40.72801404034635,-73.99303756896549,2012-07-28 12:12:07,2012-07-23,train,361_16
361,769,222,Coffee Shop,40.723856037082,-73.99640679359436,2012-07-28 12:15:36,2012-07-23,train,361_16
361,4494,130,Burger Joint,40.76355998424306,-73.98277044296265,2012-07-28 15:27:50,2012-07-23,train,361_16
361,616,130,Burger Joint,40.78082577322013,-73.97648334503174,2012-07-28 16:44:36,2012-07-23,train,361_16
361,281,37,Bar,40.77947180359367,-73.9776970208157,2012-07-28 16:44:47,2012-07-23,train,361_16
361,358,160,Science Museum,40.78118443649759,-73.9732030930065,2012-07-28 16:45:27,2012-07-23,train,361_16
361,2768,301,Neighborhood,40.73298201068216,-74.00141610089705,2012-07-28 17:46:40,2012-07-23,train,361_16
361,987,257,Road,40.76117085825042,-74.01128768920898,2012-07-28 22:25:27,2012-07-23,train,361_16
361,2776,90,School,40.83249835269056,-73.91528347731614,2012-07-29 06:48:09,2012-07-23,train,361_16
361,3761,281,Residential Building (Apartment / Condo),40.83258630274996,-73.91532940656188,2012-07-29 06:48:22,2012-07-23,train,361_16
361,4824,96,Deli / Bodega,40.83261202417384,-73.91535237118067,2012-07-29 06:49:12,2012-07-23,train,361_16
361,3077,114,Cemetery,40.81394865791736,-74.00417060668508,2012-07-29 08:50:20,2012-07-23,train,361_16
361,2895,19,Bank,40.81224467890343,-74.00266137196436,2012-07-29 08:50:34,2012-07-23,train,361_16
361,987,257,Road,40.76117085825042,-74.01128768920898,2012-07-29 10:03:24,2012-07-23,train,361_16
361,1187,39,Beer Garden,40.7405579801227,-74.00777996246534,2012-07-29 11:44:17,2012-07-23,train,361_16
363,1608,70,Train Station,40.71267092713338,-74.01193141937256,2012-07-24 09:57:32,2012-07-23,train,363_2
363,1608,70,Train Station,40.71267092713338,-74.01193141937256,2012-07-24 16:52:11,2012-07-23,train,363_2
363,3855,255,Flea Market,40.720599497806894,-73.96312594413757,2012-07-28 15:00:42,2012-07-23,train,363_2
363,3898,76,Ferry,40.74397382219634,-73.97088434591937,2012-07-28 16:31:57,2012-07-23,train,363_2
363,207,214,Bar,40.73369431021343,-74.00212123990059,2012-07-28 23:38:33,2012-07-23,train,363_2
367,3174,63,Office,40.80036117114784,-73.94424319267273,2012-07-24 06:28:50,2012-07-23,train,367_16
367,1133,264,Subway,40.71063780819672,-73.79437208175659,2012-07-24 06:29:04,2012-07-23,train,367_16
367,2072,264,Subway,40.721717045393135,-73.8445246964693,2012-07-24 06:33:39,2012-07-23,train,367_16
367,2221,264,Subway,40.754035474213005,-73.94245147705078,2012-07-24 06:33:57,2012-07-23,train,367_16
367,1913,264,Subway,40.69147464622913,-73.98738384246826,2012-07-24 07:36:32,2012-07-23,train,367_16
367,1185,70,Train Station,40.67352655223766,-73.9959454536438,2012-07-24 07:36:51,2012-07-23,train,367_16
367,1551,264,Subway,40.67026755172896,-73.98977637290949,2012-07-24 07:37:21,2012-07-23,train,367_16
367,3738,264,Subway,40.62098150778056,-73.97536684912832,2012-07-24 07:37:48,2012-07-23,train,367_16
367,3568,264,Subway,40.5808535628616,-73.97476136684418,2012-07-24 08:08:59,2012-07-23,train,367_16
367,2637,264,Subway,40.57745558120849,-73.98124694824219,2012-07-24 08:09:35,2012-07-23,train,367_16
367,740,227,Beach,40.57334843776636,-73.98030281066895,2012-07-24 08:09:52,2012-07-23,train,367_16
367,3305,132,Fast Food Restaurant,40.57696138238364,-73.98161692574057,2012-07-24 08:10:08,2012-07-23,train,367_16
367,2665,149,Park,40.57485998907254,-73.978434,2012-07-24 11:54:54,2012-07-23,train,367_16
367,740,227,Beach,40.57334843776636,-73.98030281066895,2012-07-24 11:55:29,2012-07-23,train,367_16
367,1133,264,Subway,40.71063780819672,-73.79437208175659,2012-07-27 18:05:41,2012-07-23,train,367_16
367,3174,63,Office,40.80036117114784,-73.94424319267273,2012-07-27 19:09:54,2012-07-23,train,367_16
367,3174,63,Office,40.80036117114784,-73.94424319267273,2012-07-28 10:25:51,2012-07-23,train,367_16
367,1133,264,Subway,40.71063780819672,-73.79437208175659,2012-07-28 10:26:05,2012-07-23,train,367_16
367,2511,264,Subway,40.70240710847517,-73.79997253417969,2012-07-28 10:26:26,2012-07-23,train,367_16
367,1724,264,Subway,40.60323393447623,-73.97238004439811,2012-07-28 11:47:40,2012-07-23,train,367_16
367,2637,264,Subway,40.57745558120849,-73.98124694824219,2012-07-28 11:56:24,2012-07-23,train,367_16
367,3305,132,Fast Food Restaurant,40.57696138238364,-73.98161692574057,2012-07-28 11:56:37,2012-07-23,train,367_16
367,740,227,Beach,40.57334843776636,-73.98030281066895,2012-07-28 12:20:23,2012-07-23,train,367_16
367,3113,102,American Restaurant,40.57689110532319,-73.98192110242921,2012-07-28 12:20:38,2012-07-23,train,367_16
367,1185,70,Train Station,40.67352655223766,-73.9959454536438,2012-07-28 12:56:19,2012-07-23,train,367_16
367,996,264,Subway,40.67837610578439,-73.90339851379395,2012-07-28 13:53:36,2012-07-23,train,367_16
367,2631,264,Subway,40.68331766179663,-73.87325942806751,2012-07-28 14:05:20,2012-07-23,train,367_16
367,2565,71,Train Station,40.69251591040359,-73.85915279388428,2012-07-28 14:33:05,2012-07-23,train,367_16
367,2708,240,Airport,40.69881195801446,-73.8087272644043,2012-07-28 14:40:24,2012-07-23,train,367_16
367,3174,63,Office,40.80036117114784,-73.94424319267273,2012-07-29 10:26:06,2012-07-23,train,367_16
367,1133,264,Subway,40.71063780819672,-73.79437208175659,2012-07-29 10:26:21,2012-07-23,train,367_16
367,1913,264,Subway,40.69147464622913,-73.98738384246826,2012-07-29 11:26:28,2012-07-23,train,367_16
367,1185,70,Train Station,40.67352655223766,-73.9959454536438,2012-07-29 11:26:51,2012-07-23,train,367_16
367,1551,264,Subway,40.67026755172896,-73.98977637290949,2012-07-29 11:27:07,2012-07-23,train,367_16
367,3738,264,Subway,40.62098150778056,-73.97536684912832,2012-07-29 11:42:37,2012-07-23,train,367_16
367,1724,264,Subway,40.60323393447623,-73.97238004439811,2012-07-29 11:42:49,2012-07-23,train,367_16
367,740,227,Beach,40.57334843776636,-73.98030281066895,2012-07-29 15:58:40,2012-07-23,train,367_16
367,1913,264,Subway,40.69147464622913,-73.98738384246826,2012-07-29 22:54:42,2012-07-23,train,367_16
367,1830,264,Subway,40.69928373090004,-73.99051666259766,2012-07-29 22:55:07,2012-07-23,train,367_16
367,996,264,Subway,40.67837610578439,-73.90339851379395,2012-07-29 22:55:24,2012-07-23,train,367_16
367,3031,132,Fast Food Restaurant,40.70344664573301,-73.80027734538457,2012-07-29 23:24:21,2012-07-23,train,367_16
372,1625,264,Subway,40.87341560489982,-73.88983726501465,2012-07-24 07:52:49,2012-07-23,train,372_15
372,1625,264,Subway,40.87341560489982,-73.88983726501465,2012-07-24 07:53:31,2012-07-23,train,372_15
372,3919,257,Road,40.807736076276925,-73.94555423584045,2012-07-24 08:22:57,2012-07-23,train,372_15
372,2865,222,Coffee Shop,40.80798043673493,-73.94569774230696,2012-07-24 08:25:15,2012-07-23,train,372_15
372,2865,222,Coffee Shop,40.80798043673493,-73.94569774230696,2012-07-24 08:28:08,2012-07-23,train,372_15
372,2728,165,College Academic Building,40.80668051840236,-73.95084668387916,2012-07-24 08:40:09,2012-07-23,train,372_15
372,2728,165,College Academic Building,40.80668051840236,-73.95084668387916,2012-07-24 08:40:48,2012-07-23,train,372_15
372,3563,122,Plaza,40.76161332785865,-73.96829581061981,2012-07-24 12:37:49,2012-07-23,train,372_15
372,1996,264,Subway,40.803894,-73.937624,2012-07-26 17:48:33,2012-07-23,train,372_15
372,4543,98,Donut Shop,40.882125622675126,-73.88050045004572,2012-07-28 07:53:25,2012-07-23,train,372_15
372,4701,63,Office,40.88439192396662,-73.87827247177736,2012-07-29 11:01:28,2012-07-23,train,372_15
372,4702,63,Office,40.80545047108848,-73.9431605322863,2012-07-29 11:36:55,2012-07-23,train,372_15
372,3919,257,Road,40.807736076276925,-73.94555423584045,2012-07-29 11:38:47,2012-07-23,train,372_15
372,2865,222,Coffee Shop,40.80798043673493,-73.94569774230696,2012-07-29 12:20:42,2012-07-23,train,372_15
376,394,102,American Restaurant,40.745677,-74.0054679,2012-07-28 13:43:14,2012-07-23,train,376_13
376,254,121,Park,40.74706188749892,-74.00519371032715,2012-07-28 14:38:24,2012-07-23,train,376_13
379,1956,265,Mall,40.80991152281341,-74.06785011291504,2012-07-24 07:45:52,2012-07-23,train,379_16
379,474,222,Coffee Shop,40.774215,-73.981176,2012-07-24 10:25:44,2012-07-23,train,379_16
379,2771,61,Office,40.772551970891946,-73.98142179327174,2012-07-24 15:23:15,2012-07-23,train,379_16
379,2771,61,Office,40.772551970891946,-73.98142179327174,2012-07-29 15:24:29,2012-07-23,train,379_16
379,1042,42,Food & Drink Shop,40.77445509882443,-73.98310910865703,2012-07-29 19:49:01,2012-07-23,train,379_16
381,3875,197,Sandwich Place,40.7522887787384,-73.97421323151809,2012-07-28 13:44:32,2012-07-23,train,381_8
381,1494,130,Burger Joint,40.75254516167607,-73.97335805778152,2012-07-28 20:10:26,2012-07-23,train,381_8
381,731,147,Movie Theater,40.774697291507216,-73.98194979831837,2012-07-29 01:19:25,2012-07-23,train,381_8
383,3552,138,Gym / Fitness Center,40.74508413434562,-73.99430584972202,2012-07-28 09:44:44,2012-07-23,train,383_5
383,904,84,Performing Arts Venue,40.74583423860072,-73.99327860034312,2012-07-28 10:55:34,2012-07-23,train,383_5
383,3674,108,Gastropub,40.75877062877219,-73.91840664132589,2012-07-28 19:33:55,2012-07-23,train,383_5
383,731,147,Movie Theater,40.774697291507216,-73.98194979831837,2012-07-29 10:26:22,2012-07-23,train,383_5
384,3472,122,Plaza,40.7721081261999,-73.97742748260498,2012-07-28 07:18:14,2012-07-23,train,384_13
384,1533,78,Library,40.774337635336,-73.98478493103883,2012-07-28 16:21:01,2012-07-23,train,384_13
384,3472,122,Plaza,40.7721081261999,-73.97742748260498,2012-07-29 08:12:41,2012-07-23,train,384_13
384,1533,78,Library,40.774337635336,-73.98478493103883,2012-07-29 15:15:00,2012-07-23,train,384_13
384,41,42,Food & Drink Shop,40.780557679970805,-73.98171901702881,2012-07-29 16:34:41,2012-07-23,train,384_13
384,1060,252,Food & Drink Shop,40.78083035817902,-73.98117500780681,2012-07-29 16:40:41,2012-07-23,train,384_13
387,693,61,Office,40.72029878702279,-74.00604709105016,2012-07-24 10:20:29,2012-07-23,train,387_15
387,192,121,Park,40.73528249691621,-73.99040315158283,2012-07-27 21:04:31,2012-07-23,train,387_15
387,3716,37,Bar,40.734853,-73.988588,2012-07-27 21:54:53,2012-07-23,train,387_15
387,2353,197,Sandwich Place,40.74576898100524,-73.98886704152163,2012-07-28 13:52:44,2012-07-23,train,387_15
387,1363,50,Bar,40.725047,-73.978356,2012-07-28 21:36:26,2012-07-23,train,387_15
390,429,47,Bar,40.75151596433163,-73.99352073669434,2012-07-27 18:20:43,2012-07-23,train,390_14
390,874,194,Mexican Restaurant,40.70428723922974,-74.01012135152561,2012-07-27 22:33:49,2012-07-23,train,390_14
390,2190,37,Bar,40.70845296660802,-74.00478462653045,2012-07-27 23:40:26,2012-07-23,train,390_14
390,3008,301,Neighborhood,40.754065941750426,-73.98823409478094,2012-07-29 11:46:33,2012-07-23,train,390_14
392,1486,134,Event Space,40.742862660166125,-73.99238907827885,2012-07-24 09:04:09,2012-07-23,train,392_13
392,1486,134,Event Space,40.742862660166125,-73.99238907827885,2012-07-24 09:04:58,2012-07-23,train,392_13
392,614,197,Sandwich Place,40.73938649106766,-73.99018534133084,2012-07-24 14:33:40,2012-07-23,train,392_13
394,2819,61,Office,40.76308021048571,-73.97902279555453,2012-07-24 11:21:20,2012-07-23,train,394_15
394,1966,146,Movie Theater,40.74097362475528,-73.7843406200409,2012-07-29 15:33:36,2012-07-23,train,394_15
398,3466,113,Garden,40.86071974369225,-73.87303547467053,2012-07-28 08:44:22,2012-07-23,train,398_5
398,4581,113,Garden,40.86187428993754,-73.88083349616652,2012-07-29 08:11:59,2012-07-23,train,398_5
398,3466,113,Garden,40.86071974369225,-73.87303547467053,2012-07-29 10:21:21,2012-07-23,train,398_5
400,2762,6,Home (private),40.73944138679658,-73.97712595918333,2012-07-24 06:22:40,2012-07-23,train,400_14
400,2315,96,Deli / Bodega,40.74379022679562,-73.98389160633087,2012-07-24 06:22:59,2012-07-23,train,400_14
400,1086,80,Building,40.74435091026743,-73.98246058442858,2012-07-24 06:23:14,2012-07-23,train,400_14
400,2812,259,Hotel,40.74393865874401,-73.98399867372817,2012-07-24 06:23:40,2012-07-23,train,400_14
400,2080,19,Bank,40.745061693554696,-73.98259258511268,2012-07-24 08:56:57,2012-07-23,train,400_14
400,1729,19,Bank,40.745625645552565,-73.98221380029767,2012-07-24 08:57:12,2012-07-23,train,400_14
400,1086,80,Building,40.74435091026743,-73.98246058442858,2012-07-24 08:57:27,2012-07-23,train,400_14
400,3059,96,Deli / Bodega,40.74446107849192,-73.98239171447044,2012-07-24 08:57:46,2012-07-23,train,400_14
400,775,131,Café,40.74521157611056,-73.98263849837286,2012-07-24 08:58:10,2012-07-23,train,400_14
407,648,42,Food & Drink Shop,40.689649,-73.992413,2012-07-24 14:05:14,2012-07-23,train,407_15
407,1286,80,Building,40.706871115902345,-74.00984017295771,2012-07-24 16:05:08,2012-07-23,train,407_15
407,1613,281,Residential Building (Apartment / Condo),40.67641886124958,-73.95891710110432,2012-07-26 18:42:50,2012-07-23,train,407_15
407,1613,281,Residential Building (Apartment / Condo),40.67641886124958,-73.95891710110432,2012-07-27 23:05:56,2012-07-23,train,407_15
407,3487,28,Salon / Barbershop,40.67527609007841,-73.9633252661851,2012-07-28 08:03:05,2012-07-23,train,407_15
407,1613,281,Residential Building (Apartment / Condo),40.67641886124958,-73.95891710110432,2012-07-28 10:07:15,2012-07-23,train,407_15
407,423,70,Train Station,40.68456336807219,-73.97761667053776,2012-07-28 12:55:55,2012-07-23,train,407_15
407,1316,254,Department Store,40.68428103200774,-73.97646306641839,2012-07-28 14:27:31,2012-07-23,train,407_15
407,977,27,Italian Restaurant,40.707555,-74.007066,2012-07-29 13:16:46,2012-07-23,train,407_15
411,2498,214,Bar,40.910667297995,-74.03597079516709,2012-07-28 00:25:08,2012-07-23,train,411_7
411,4392,194,Mexican Restaurant,40.89559010656366,-73.97608426952706,2012-07-28 17:41:57,2012-07-23,train,411_7
417,423,70,Train Station,40.68456336807219,-73.97761667053776,2012-07-26 19:42:52,2012-07-23,train,417_13
417,1093,138,Gym / Fitness Center,40.800356,-73.94687168,2012-07-28 13:01:12,2012-07-23,train,417_13
417,1900,83,Church,40.81681580433024,-73.94139250202096,2012-07-29 08:47:38,2012-07-23,train,417_13
420,309,159,Art Museum,40.77361447158453,-73.9641058682518,2012-07-29 15:37:46,2012-07-23,train,420_11
420,186,37,Bar,40.73185406724251,-74.00334999764773,2012-07-29 17:20:15,2012-07-23,train,420_11
420,286,37,Bar,40.7120462,-73.9511408,2012-07-29 22:50:10,2012-07-23,train,420_11
423,4217,6,Home (private),40.73569746375886,-73.81249842275241,2012-07-28 01:02:07,2012-07-23,train,423_15
423,4463,6,Home (private),40.73569746375886,-73.81249842275241,2012-07-28 12:33:40,2012-07-23,train,423_15
423,4682,253,General Travel,40.735687799616535,-73.81273680526725,2012-07-28 14:44:41,2012-07-23,train,423_15
423,2184,42,Food & Drink Shop,40.76903673486817,-73.8347299485058,2012-07-28 14:57:26,2012-07-23,train,423_15
423,4463,6,Home (private),40.73569746375886,-73.81249842275241,2012-07-28 22:05:26,2012-07-23,train,423_15
423,4283,83,Church,40.691620825972336,-73.78819052136058,2012-07-29 11:15:09,2012-07-23,train,423_15
424,658,36,Middle Eastern Restaurant,40.74428549628668,-73.9874880246811,2012-07-27 19:06:08,2012-07-23,train,424_10
424,233,147,Movie Theater,40.756931775430665,-73.98897442301349,2012-07-29 14:05:14,2012-07-23,train,424_10
427,349,70,Train Station,40.75280620914171,-73.97717535495758,2012-07-24 08:49:41,2012-07-23,train,427_11
427,1957,222,Coffee Shop,40.75708314082242,-73.97595226764679,2012-07-24 08:54:48,2012-07-23,train,427_11
429,4091,216,Tea Room,40.717854,-74.000208,2012-07-28 17:14:40,2012-07-23,train,429_5
429,4972,6,Home (private),40.60259048645985,-73.98887973002674,2012-07-28 21:42:49,2012-07-23,train,429_5
433,1450,37,Bar,40.71275398624102,-73.96637304015732,2012-07-28 00:06:44,2012-07-23,train,433_10
433,12,48,Bar,40.73258001246407,-74.00255978107452,2012-07-29 22:14:03,2012-07-23,train,433_10
433,3057,37,Bar,40.730887,-74.001079,2012-07-29 23:43:04,2012-07-23,train,433_10
438,34,50,Bar,40.71998484765193,-73.98781514808185,2012-07-27 21:46:46,2012-07-23,train,438_7
438,748,33,Korean Restaurant,40.74760293839914,-73.98625987220174,2012-07-28 17:03:06,2012-07-23,train,438_7
438,1475,241,Airport,40.773839,-73.87122,2012-07-29 07:05:39,2012-07-23,train,438_7
452,3157,19,Bank,40.78097593619557,-73.80258088208117,2012-07-24 11:13:46,2012-07-23,train,452_9
452,3157,19,Bank,40.78097593619557,-73.80258088208117,2012-07-28 08:48:22,2012-07-23,train,452_9
456,1421,183,University,40.86075860452271,-74.19882774353027,2012-07-28 10:13:31,2012-07-23,train,456_6
456,2206,165,College Academic Building,40.86247880045982,-74.19912815093994,2012-07-28 10:13:35,2012-07-23,train,456_6
456,216,37,Bar,40.73461264837887,-73.99217674014386,2012-07-28 23:36:55,2012-07-23,train,456_6
456,405,241,Airport,40.645089355976346,-73.7845230102539,2012-07-29 06:33:31,2012-07-23,train,456_6
456,1297,239,Airport,40.640888674046494,-73.78684043884277,2012-07-29 06:33:53,2012-07-23,train,456_6
460,1555,222,Coffee Shop,40.80780016884344,-73.94511222839355,2012-07-24 08:35:05,2012-07-23,train,460_16
460,2202,61,Office,40.75137104083377,-73.97972872382876,2012-07-24 09:11:36,2012-07-23,train,460_16
460,349,70,Train Station,40.75280620914171,-73.97717535495758,2012-07-24 13:20:15,2012-07-23,train,460_16
460,377,105,Taco Place,40.72144922191938,-73.99761378765106,2012-07-24 13:35:02,2012-07-23,train,460_16
460,179,121,Park,40.75372797263211,-73.98368835767094,2012-07-24 16:43:17,2012-07-23,train,460_16
461,4587,121,Park,40.78877965590445,-73.84654400648652,2012-07-24 09:33:04,2012-07-23,train,461_16
461,3958,19,Bank,40.784130873393686,-73.84579739274713,2012-07-24 09:48:31,2012-07-23,train,461_16
461,3522,135,Post Office,40.78423702762297,-73.84710109335774,2012-07-24 09:57:03,2012-07-23,train,461_16
461,4672,300,Moving Target,40.78982,-73.84712,2012-07-27 18:43:44,2012-07-23,train,461_16
461,3253,6,Home (private),40.79012656060537,-73.84778739924586,2012-07-27 23:13:55,2012-07-23,train,461_16
461,4075,96,Deli / Bodega,40.78969237045133,-73.84696900073686,2012-07-28 08:45:22,2012-07-23,train,461_16
461,3253,6,Home (private),40.79012656060537,-73.84778739924586,2012-07-28 10:41:38,2012-07-23,train,461_16
461,4461,6,Home (private),40.79012656060537,-73.84778739924586,2012-07-29 00:17:34,2012-07-23,train,461_16
461,4253,6,Home (private),40.79012656060537,-73.84778739924586,2012-07-29 00:19:42,2012-07-23,train,461_16
461,4075,96,Deli / Bodega,40.78969237045133,-73.84696900073686,2012-07-29 09:30:21,2012-07-23,train,461_16
461,4587,121,Park,40.78877965590445,-73.84654400648652,2012-07-29 09:30:42,2012-07-23,train,461_16
461,1779,26,Drugstore / Pharmacy,40.78526853551638,-73.84581462232683,2012-07-29 10:31:23,2012-07-23,train,461_16
463,1521,70,Train Station,40.71948548899754,-74.0427017211914,2012-07-24 08:07:17,2012-07-23,train,463_16
463,1386,264,Subway,40.7429651739036,-73.99287700653076,2012-07-24 08:08:29,2012-07-23,train,463_16
463,1064,70,Train Station,40.74911014966418,-73.98845672607422,2012-07-26 16:51:50,2012-07-23,train,463_16
464,4096,257,Road,40.76663447983372,-73.71674041241091,2012-07-28 14:07:59,2012-07-23,train,464_7
464,2139,221,Bridge,40.72784213324929,-73.929163813591,2012-07-28 14:29:47,2012-07-23,train,464_7
464,2723,301,Neighborhood,40.702407027583206,-73.98875100667293,2012-07-28 15:53:13,2012-07-23,train,464_7
464,739,222,Coffee Shop,40.70234499714752,-73.99068489671282,2012-07-28 17:03:33,2012-07-23,train,464_7
464,4096,257,Road,40.76663447983372,-73.71674041241091,2012-07-28 17:58:58,2012-07-23,train,464_7
464,971,221,Bridge,40.705953265881305,-73.99656772613525,2012-07-29 15:11:37,2012-07-23,train,464_7
464,525,220,BBQ Joint,40.71411846998035,-73.95639896392822,2012-07-29 15:21:02,2012-07-23,train,464_7
464,4096,257,Road,40.76663447983372,-73.71674041241091,2012-07-29 15:55:45,2012-07-23,train,464_7
465,1842,225,Athletic & Sport,40.77131186284329,-73.91743183135986,2012-07-24 14:45:07,2012-07-23,train,465_9
465,380,121,Park,40.780519,-73.920682,2012-07-27 18:04:15,2012-07-23,train,465_9
465,2024,37,Bar,40.767414583816894,-73.92131159812078,2012-07-28 01:17:50,2012-07-23,train,465_9
465,1218,138,Gym / Fitness Center,40.77548,-73.911166,2012-07-28 11:44:55,2012-07-23,train,465_9
465,11,37,Bar,40.72988845526377,-74.00061269591029,2012-07-28 16:23:57,2012-07-23,train,465_9
465,15,37,Bar,40.73233045525843,-74.0016399059716,2012-07-28 19:50:22,2012-07-23,train,465_9
466,4156,214,Bar,40.91142073810325,-73.98678302764893,2012-07-24 06:02:23,2012-07-23,train,466_16
466,2490,80,Building,40.91038528671884,-73.99745642940763,2012-07-24 07:02:31,2012-07-23,train,466_16
466,3509,73,Bus Station,40.91012006944042,-73.99780075191677,2012-07-24 07:03:03,2012-07-23,train,466_16
466,4154,73,Bus Station,40.75776200926506,-73.99482808053631,2012-07-24 07:48:21,2012-07-23,train,466_16
466,587,266,Bus Station,40.75722129839836,-73.99154663085938,2012-07-24 07:48:55,2012-07-23,train,466_16
466,1145,264,Subway,40.708588361482406,-73.99103164672852,2012-07-24 08:27:20,2012-07-23,train,466_16
466,2851,96,Deli / Bodega,40.65570343098834,-74.00666684331117,2012-07-24 08:44:04,2012-07-23,train,466_16
466,3070,61,Office,40.65578240404209,-74.00810144732247,2012-07-24 10:14:40,2012-07-23,train,466_16
466,1085,61,Office,40.655535144394925,-74.00862937888984,2012-07-24 11:23:11,2012-07-23,train,466_16
466,4878,257,Road,40.786666685360096,-74.05026824735549,2012-07-26 18:00:31,2012-07-23,train,466_16
466,4100,139,Medical Center,40.87857912841788,-74.04712736606598,2012-07-27 18:45:38,2012-07-23,train,466_16
466,4156,214,Bar,40.91142073810325,-73.98678302764893,2012-07-28 07:45:22,2012-07-23,train,466_16
466,4100,139,Medical Center,40.87857912841788,-74.04712736606598,2012-07-28 08:02:13,2012-07-23,train,466_16
466,2490,80,Building,40.91038528671884,-73.99745642940763,2012-07-28 18:40:19,2012-07-23,train,466_16
466,4156,214,Bar,40.91142073810325,-73.98678302764893,2012-07-29 00:11:24,2012-07-23,train,466_16
466,4156,214,Bar,40.91142073810325,-73.98678302764893,2012-07-29 09:40:41,2012-07-23,train,466_16
466,2851,96,Deli / Bodega,40.65570343098834,-74.00666684331117,2012-07-29 11:44:14,2012-07-23,train,466_16
466,4215,278,Professional & Other Places,40.655786900416224,-74.0063856596638,2012-07-29 11:44:27,2012-07-23,train,466_16
466,3400,120,Other Great Outdoors,40.65546536280243,-74.00687342695198,2012-07-29 11:44:39,2012-07-23,train,466_16
466,4754,213,Bar,40.91142654418945,-73.9869384765625,2012-07-29 21:50:24,2012-07-23,train,466_16
468,1917,264,Subway,40.82650767315227,-73.95039081573486,2012-07-24 15:39:47,2012-07-23,train,468_16
468,2356,42,Food & Drink Shop,40.82678514278458,-73.9498134624527,2012-07-28 20:18:16,2012-07-23,train,468_16
468,731,147,Movie Theater,40.774697291507216,-73.98194979831837,2012-07-29 04:33:50,2012-07-23,train,468_16
468,2439,96,Deli / Bodega,40.826860912891306,-73.94619714398068,2012-07-29 15:12:54,2012-07-23,train,468_16
470,3211,73,Bus Station,40.78009388651336,-74.16535996423697,2012-07-26 18:22:22,2012-07-23,train,470_11
470,1501,254,Department Store,40.824648526250215,-74.13560271263123,2012-07-27 21:50:15,2012-07-23,train,470_11
470,4747,55,Bar,40.718690227529656,-73.98931302179598,2012-07-29 02:45:44,2012-07-23,train,470_11
470,53,95,Chinese Restaurant,40.714464086511576,-73.9991158246994,2012-07-29 03:17:37,2012-07-23,train,470_11
477,3629,170,College Academic Building,40.77111685811769,-73.98942232131958,2012-07-24 09:01:33,2012-07-23,train,477_15
477,587,266,Bus Station,40.75722129839836,-73.99154663085938,2012-07-24 17:25:24,2012-07-23,train,477_15
481,597,55,Bar,40.749522986346776,-73.98322963061759,2012-07-27 20:27:01,2012-07-23,train,481_10
481,597,55,Bar,40.749522986346776,-73.98322963061759,2012-07-29 04:06:37,2012-07-23,train,481_10
484,2085,138,Gym / Fitness Center,40.73714913245652,-73.88753449342389,2012-07-24 09:19:21,2012-07-23,train,484_16
484,3116,319,Market,40.74186151409088,-73.98943362953369,2012-07-24 14:42:59,2012-07-23,train,484_16
485,2885,6,Home (private),40.75265862668497,-74.00063278107605,2012-07-24 15:23:58,2012-07-23,train,485_8
485,3731,301,Neighborhood,40.7646651291205,-73.98807048797607,2012-07-27 20:20:21,2012-07-23,train,485_8
485,731,147,Movie Theater,40.774697291507216,-73.98194979831837,2012-07-28 20:25:55,2012-07-23,train,485_8
486,805,41,Bar,40.77867,-73.948125,2012-07-28 01:30:55,2012-07-23,train,486_15
486,3751,281,Residential Building (Apartment / Condo),40.65036206222911,-73.96493812432726,2012-07-28 04:38:24,2012-07-23,train,486_15
486,3751,281,Residential Building (Apartment / Condo),40.65036206222911,-73.96493812432726,2012-07-28 21:27:17,2012-07-23,train,486_15
487,1192,61,Office,40.74622927002695,-73.982381,2012-07-24 15:45:00,2012-07-23,train,487_10
487,2205,27,Italian Restaurant,40.72154512476467,-73.98884242671608,2012-07-26 19:32:05,2012-07-23,train,487_10
487,677,50,Bar,40.71977013753377,-73.99493711755977,2012-07-27 19:39:35,2012-07-23,train,487_10
487,2205,27,Italian Restaurant,40.72154512476467,-73.98884242671608,2012-07-28 18:18:06,2012-07-23,train,487_10
487,486,147,Movie Theater,40.74276195733468,-73.97692322731018,2012-07-29 21:06:22,2012-07-23,train,487_10
489,833,61,Office,40.72400948503135,-73.99834018927032,2012-07-24 09:59:43,2012-07-23,train,489_12
489,4167,220,BBQ Joint,40.72999961666667,-74.003533,2012-07-27 21:09:41,2012-07-23,train,489_12
489,2468,97,Diner,40.78340103809933,-73.98000240325928,2012-07-28 10:48:16,2012-07-23,train,489_12
490,947,222,Coffee Shop,40.73709857380555,-73.99039768167009,2012-07-24 07:55:22,2012-07-23,train,490_13
490,890,222,Coffee Shop,40.7371935817703,-73.99653553962708,2012-07-28 07:19:43,2012-07-23,train,490_13
490,3554,138,Gym / Fitness Center,40.74154328216123,-73.99576924016976,2012-07-28 09:44:51,2012-07-23,train,490_13
490,3372,47,Bar,40.734088,-74.002822,2012-07-28 15:34:34,2012-07-23,train,490_13
491,1510,137,Gym / Fitness Center,40.75817622525516,-73.9703505709776,2012-07-24 06:32:38,2012-07-23,train,491_6
491,3151,50,Bar,40.74227764235143,-73.98525553606459,2012-07-27 19:09:02,2012-07-23,train,491_6
491,4252,102,American Restaurant,40.75536822129624,-73.96833024812483,2012-07-28 16:38:28,2012-07-23,train,491_6
491,53,95,Chinese Restaurant,40.714464086511576,-73.9991158246994,2012-07-28 23:00:48,2012-07-23,train,491_6
491,2611,97,Diner,40.755831522299765,-73.96477741308915,2012-07-29 10:43:46,2012-07-23,train,491_6
491,279,121,Park,40.7714256153356,-73.97350072860723,2012-07-29 13:09:24,2012-07-23,train,491_6
491,358,160,Science Museum,40.78118443649759,-73.9732030930065,2012-07-29 14:20:17,2012-07-23,train,491_6
491,190,157,Stadium,40.82827721161922,-73.92655344439045,2012-07-29 18:47:36,2012-07-23,train,491_6
495,295,194,Mexican Restaurant,40.734738,-74.002162,2012-07-29 13:43:52,2012-07-23,train,495_8
495,700,259,Hotel,40.74088398082356,-74.00765959043375,2012-07-29 16:50:05,2012-07-23,train,495_8
498,4873,6,Home (private),40.656358756936825,-73.74190167904314,2012-07-28 06:55:24,2012-07-23,train,498_11
498,4247,266,Bus Station,40.6576026541245,-73.73595715705096,2012-07-28 10:56:46,2012-07-23,train,498_11
498,520,265,Mall,40.662664225557165,-73.72021007577132,2012-07-28 11:24:31,2012-07-23,train,498_11
502,1181,9,Clothing Store,40.72397122795905,-73.99608487193893,2012-07-27 18:18:29,2012-07-23,train,502_7
502,456,259,Hotel,40.7365071557598,-73.98880407214165,2012-07-27 20:31:59,2012-07-23,train,502_7
502,2580,301,Neighborhood,40.7409250212983,-74.00532978268586,2012-07-28 00:56:49,2012-07-23,train,502_7
502,1686,52,Bar,40.73453248944311,-74.00231131962562,2012-07-28 01:38:56,2012-07-23,train,502_7
502,2361,156,Stadium,40.68312,-73.975979,2012-07-28 15:56:24,2012-07-23,train,502_7
502,3838,50,Bar,40.74225734075718,-74.0062364600096,2012-07-29 02:21:08,2012-07-23,train,502_7
502,403,53,Bar,40.72931421039228,-73.98930154388093,2012-07-29 03:18:08,2012-07-23,train,502_7
502,1682,58,Electronics Store,40.77473050116933,-73.98209327769995,2012-07-29 16:12:32,2012-07-23,train,502_7
509,2603,227,Beach,40.59029692668765,-74.06643390655518,2012-07-28 00:15:30,2012-07-23,train,509_14
509,524,102,American Restaurant,40.58414368954832,-73.93951538728527,2012-07-29 00:41:57,2012-07-23,train,509_14
511,2041,264,Subway,40.68990542829335,-73.95177657844081,2012-07-24 07:59:45,2012-07-23,train,511_16
511,1751,264,Subway,40.75885710200309,-73.98109465898243,2012-07-24 08:49:35,2012-07-23,train,511_16
511,1213,61,Office,40.76058067659475,-73.98322389147832,2012-07-24 09:52:54,2012-07-23,train,511_16
511,2041,264,Subway,40.68990542829335,-73.95177657844081,2012-07-26 18:02:49,2012-07-23,train,511_16
511,4585,6,Home (private),40.696558013644136,-73.95361626406626,2012-07-26 18:18:52,2012-07-23,train,511_16
511,3385,6,Home (private),40.696558013644136,-73.95361626406626,2012-07-26 19:30:48,2012-07-23,train,511_16
511,1186,256,Furniture / Home Store,40.740019218226266,-73.99469608826703,2012-07-27 20:18:28,2012-07-23,train,511_16
511,4344,96,Deli / Bodega,40.690030770685134,-73.95147809425428,2012-07-27 21:00:20,2012-07-23,train,511_16
511,3385,6,Home (private),40.696558013644136,-73.95361626406626,2012-07-27 21:13:30,2012-07-23,train,511_16
511,2041,264,Subway,40.68990542829335,-73.95177657844081,2012-07-27 22:51:17,2012-07-23,train,511_16
511,2043,264,Subway,40.76297490010358,-73.98186922073364,2012-07-27 23:22:00,2012-07-23,train,511_16
511,3648,43,Bar,40.72789007835151,-73.99897144381916,2012-07-28 02:30:18,2012-07-23,train,511_16
511,3385,6,Home (private),40.696558013644136,-73.95361626406626,2012-07-28 05:08:27,2012-07-23,train,511_16
511,3182,96,Deli / Bodega,40.69017075380169,-73.95138051278562,2012-07-28 10:46:52,2012-07-23,train,511_16
511,3385,6,Home (private),40.696558013644136,-73.95361626406626,2012-07-28 13:44:05,2012-07-23,train,511_16
511,2317,26,Drugstore / Pharmacy,40.694928,-73.952353,2012-07-28 18:50:47,2012-07-23,train,511_16
511,4585,6,Home (private),40.696558013644136,-73.95361626406626,2012-07-28 19:25:07,2012-07-23,train,511_16
511,2041,264,Subway,40.68990542829335,-73.95177657844081,2012-07-29 14:29:00,2012-07-23,train,511_16
511,482,254,Department Store,40.76232480057456,-73.9678144454956,2012-07-29 15:11:33,2012-07-23,train,511_16
511,2041,264,Subway,40.68990542829335,-73.95177657844081,2012-07-29 17:27:15,2012-07-23,train,511_16
511,3385,6,Home (private),40.696558013644136,-73.95361626406626,2012-07-29 17:37:35,2012-07-23,train,511_16
512,2342,80,Building,40.70913498883405,-74.00492808882719,2012-07-27 18:03:14,2012-07-23,train,512_10
512,4737,281,Residential Building (Apartment / Condo),40.70922057955228,-74.005140412829,2012-07-27 18:03:33,2012-07-23,train,512_10
512,2342,80,Building,40.70913498883405,-74.00492808882719,2012-07-28 20:57:47,2012-07-23,train,512_10
512,4737,281,Residential Building (Apartment / Condo),40.70922057955228,-74.005140412829,2012-07-28 20:59:43,2012-07-23,train,512_10
512,2342,80,Building,40.70913498883405,-74.00492808882719,2012-07-29 15:32:34,2012-07-23,train,512_10
512,4737,281,Residential Building (Apartment / Condo),40.70922057955228,-74.005140412829,2012-07-29 15:36:14,2012-07-23,train,512_10
517,4773,253,General Travel,40.75821867565886,-73.98996152288103,2012-07-24 07:31:59,2012-07-23,train,517_16
517,4773,253,General Travel,40.75821867565886,-73.98996152288103,2012-07-24 17:16:39,2012-07-23,train,517_16
520,1645,70,Train Station,40.73606359173575,-74.02938723564148,2012-07-24 07:42:50,2012-07-23,train,520_15
520,4524,61,Office,40.76330309100103,-73.98234580115131,2012-07-24 08:31:39,2012-07-23,train,520_15
524,1099,37,Bar,40.750576116091054,-73.97616462044513,2012-07-29 00:37:18,2012-07-23,train,524_11
524,330,37,Bar,40.7499203905855,-73.97233069638938,2012-07-29 02:52:52,2012-07-23,train,524_11
526,2610,264,Subway,40.60906562433294,-73.95777225494385,2012-07-29 17:55:01,2012-07-23,train,526_11
526,2066,264,Subway,40.75947866655109,-73.83009851177542,2012-07-29 21:14:55,2012-07-23,train,526_11
527,2834,102,American Restaurant,40.713852,-73.957991,2012-07-28 20:37:05,2012-07-23,train,527_8
527,169,37,Bar,40.71501300319713,-73.95146369934082,2012-07-29 15:48:04,2012-07-23,train,527_8
528,1608,70,Train Station,40.71267092713338,-74.01193141937256,2012-07-27 18:52:10,2012-07-23,train,528_4
528,743,265,Mall,40.72696606629052,-74.0383243560791,2012-07-27 19:12:57,2012-07-23,train,528_4
528,3951,42,Food & Drink Shop,40.72891738296314,-74.0413498878479,2012-07-28 17:55:35,2012-07-23,train,528_4
531,32,37,Bar,40.752294,-74.008758,2012-07-27 18:34:54,2012-07-23,train,531_9
531,3834,37,Bar,40.71420143416409,-73.96566132324077,2012-07-27 21:49:07,2012-07-23,train,531_9
531,849,103,Southern / Soul Food Restaurant,40.714718,-73.949522,2012-07-29 13:18:24,2012-07-23,train,531_9
536,223,121,Park,40.72133752277011,-73.9521841234126,2012-07-24 08:59:38,2012-07-23,train,536_15
536,2056,61,Office,40.74185267627071,-74.00432554645808,2012-07-24 09:27:40,2012-07-23,train,536_15
536,4891,236,Playground,40.72705459594727,-73.94717407226562,2012-07-29 02:58:25,2012-07-23,train,536_15
536,327,37,Bar,40.743313,-73.97992594014012,2012-07-29 22:47:24,2012-07-23,train,536_15
539,4505,136,Office,40.66979964220025,-73.91386985778809,2012-07-24 13:20:24,2012-07-23,train,539_15
539,1288,269,Miscellaneous Shop,40.73529128534676,-74.00236129760742,2012-07-28 20:23:45,2012-07-23,train,539_15
539,983,122,Plaza,40.735259,-74.001785,2012-07-29 10:12:32,2012-07-23,train,539_15
539,3792,6,Home (private),40.696558013644136,-73.95361626406626,2012-07-29 22:25:19,2012-07-23,train,539_15
543,1573,163,Medical Center,40.90400958558281,-73.96841526031494,2012-07-24 10:24:23,2012-07-23,train,543_14
543,1643,42,Food & Drink Shop,40.83162208784265,-74.13679361343384,2012-07-24 14:01:34,2012-07-23,train,543_14
543,3404,6,Home (private),40.87785167732287,-74.11812337576457,2012-07-24 16:29:50,2012-07-23,train,543_14
543,1069,70,Train Station,40.76147966168067,-74.07551050186157,2012-07-24 17:25:26,2012-07-23,train,543_14
543,3404,6,Home (private),40.87785167732287,-74.11812337576457,2012-07-26 18:43:23,2012-07-23,train,543_14
543,3404,6,Home (private),40.87785167732287,-74.11812337576457,2012-07-28 23:46:33,2012-07-23,train,543_14
543,3156,254,Department Store,40.86679532183928,-74.10016536712646,2012-07-29 10:55:25,2012-07-23,train,543_14
543,3404,6,Home (private),40.87785167732287,-74.11812337576457,2012-07-29 12:07:25,2012-07-23,train,543_14
546,1132,315,Office,40.738154694458274,-74.00123246576868,2012-07-24 05:54:20,2012-07-23,train,546_15
546,1484,214,Bar,40.760871,-73.990166,2012-07-26 18:43:39,2012-07-23,train,546_15
546,244,214,Bar,40.731895408411134,-73.98397571726198,2012-07-28 20:50:22,2012-07-23,train,546_15
546,3304,37,Bar,40.726142,-73.989499,2012-07-28 23:02:01,2012-07-23,train,546_15
546,202,214,Bar,40.73347071903565,-74.00228836535156,2012-07-29 20:42:32,2012-07-23,train,546_15
547,4651,37,Bar,40.758846660085474,-73.9895510673523,2012-07-24 16:50:09,2012-07-23,train,547_12
547,1819,6,Home (private),40.72143496141081,-74.05938718735511,2012-07-29 23:32:38,2012-07-23,train,547_12
549,647,239,Airport,40.64557779020594,-73.77643346786499,2012-07-24 05:34:35,2012-07-23,train,549_14
549,3771,281,Residential Building (Apartment / Condo),40.68881469717024,-73.98510631996176,2012-07-24 06:57:10,2012-07-23,train,549_14
549,3425,63,Office,40.73953974476804,-73.98840052540763,2012-07-24 09:03:32,2012-07-23,train,549_14
549,3771,281,Residential Building (Apartment / Condo),40.68881469717024,-73.98510631996176,2012-07-27 20:22:13,2012-07-23,train,549_14
549,943,232,Music Venue,40.71863980562837,-73.95997166633606,2012-07-27 23:59:11,2012-07-23,train,549_14
549,3771,281,Residential Building (Apartment / Condo),40.68881469717024,-73.98510631996176,2012-07-28 03:54:12,2012-07-23,train,549_14
549,3771,281,Residential Building (Apartment / Condo),40.68881469717024,-73.98510631996176,2012-07-28 20:33:32,2012-07-23,train,549_14
549,3771,281,Residential Building (Apartment / Condo),40.68881469717024,-73.98510631996176,2012-07-29 22:28:20,2012-07-23,train,549_14
550,4292,61,Office,40.75142691110971,-73.97468386242315,2012-07-24 07:40:38,2012-07-23,train,550_16
550,234,121,Park,40.74218830848454,-73.98792418909154,2012-07-26 17:26:45,2012-07-23,train,550_16
550,1235,137,Gym / Fitness Center,40.738949,-73.989828,2012-07-26 17:33:28,2012-07-23,train,550_16
550,2128,6,Home (private),40.73122649796362,-73.98887973002674,2012-07-29 12:24:18,2012-07-23,train,550_16
550,431,42,Food & Drink Shop,40.733862715125255,-73.98791845009258,2012-07-29 17:27:48,2012-07-23,train,550_16
553,3202,301,Neighborhood,40.59112794405122,-73.94521951675415,2012-07-24 07:09:49,2012-07-23,train,553_16
553,1813,264,Subway,40.599300435969774,-73.95592864757464,2012-07-24 07:45:37,2012-07-23,train,553_16
553,2191,138,Gym / Fitness Center,40.60956814519126,-73.95832015434064,2012-07-26 18:32:00,2012-07-23,train,553_16
553,3202,301,Neighborhood,40.59112794405122,-73.94521951675415,2012-07-28 09:59:02,2012-07-23,train,553_16
553,2191,138,Gym / Fitness Center,40.60956814519126,-73.95832015434064,2012-07-28 10:46:25,2012-07-23,train,553_16
553,3202,301,Neighborhood,40.59112794405122,-73.94521951675415,2012-07-29 10:14:17,2012-07-23,train,553_16
561,1709,77,Government Building,40.7117844949098,-74.00208234786987,2012-07-24 09:26:49,2012-07-23,train,561_16
561,1852,98,Donut Shop,40.711131380000005,-74.006383,2012-07-24 15:47:42,2012-07-23,train,561_16
561,3968,6,Home (private),40.836080595143486,-73.82426211435131,2012-07-26 19:36:09,2012-07-23,train,561_16
561,3968,6,Home (private),40.836080595143486,-73.82426211435131,2012-07-27 19:45:45,2012-07-23,train,561_16
561,2972,2,Gym / Fitness Center,40.86552989326557,-73.85773713020735,2012-07-28 08:06:17,2012-07-23,train,561_16
561,3968,6,Home (private),40.836080595143486,-73.82426211435131,2012-07-28 11:40:57,2012-07-23,train,561_16
561,3968,6,Home (private),40.836080595143486,-73.82426211435131,2012-07-28 15:28:30,2012-07-23,train,561_16
561,3968,6,Home (private),40.836080595143486,-73.82426211435131,2012-07-28 17:33:07,2012-07-23,train,561_16
561,1898,146,Movie Theater,40.91193999019654,-73.77949835499888,2012-07-28 19:21:19,2012-07-23,train,561_16
561,3216,2,Gym / Fitness Center,40.73101835922177,-73.69349858370329,2012-07-29 11:32:22,2012-07-23,train,561_16
561,3968,6,Home (private),40.836080595143486,-73.82426211435131,2012-07-29 16:50:43,2012-07-23,train,561_16
562,2827,62,Automotive Shop,40.86220056480841,-74.04783569101672,2012-07-24 12:01:24,2012-07-23,train,562_15
562,4630,6,Home (private),40.88108826152176,-74.07113588841028,2012-07-28 01:58:40,2012-07-23,train,562_15
562,2827,62,Automotive Shop,40.86220056480841,-74.04783569101672,2012-07-28 08:03:08,2012-07-23,train,562_15
562,4630,6,Home (private),40.88108826152176,-74.07113588841028,2012-07-29 02:21:16,2012-07-23,train,562_15
565,1163,61,Office,40.73074628073186,-73.99178649647196,2012-07-24 09:24:45,2012-07-23,train,565_12
565,6,232,Music Venue,40.73492041854701,-73.98829722365633,2012-07-27 23:04:37,2012-07-23,train,565_12
565,354,121,Park,40.66390776998241,-73.970947265625,2012-07-28 13:56:21,2012-07-23,train,565_12
566,2022,108,Gastropub,40.80202685,-74.20413768333333,2012-07-28 19:44:11,2012-07-23,train,566_16
566,1777,42,Food & Drink Shop,40.8377843193101,-74.1840505873695,2012-07-29 12:51:27,2012-07-23,train,566_16
566,2746,6,Home (private),40.810428884265626,-74.20032308006297,2012-07-29 17:39:19,2012-07-23,train,566_16
566,2964,6,Home (private),40.810428884265626,-74.20032308006297,2012-07-29 22:11:05,2012-07-23,train,566_16
569,819,138,Gym / Fitness Center,40.77904848612385,-73.9548647146921,2012-07-26 18:42:13,2012-07-23,train,569_14
569,2719,70,Train Station,40.74982540095488,-73.8627576828003,2012-07-28 09:11:41,2012-07-23,train,569_14
569,2719,70,Train Station,40.74982540095488,-73.8627576828003,2012-07-28 21:27:39,2012-07-23,train,569_14
579,3777,301,Neighborhood,40.6826899486852,-73.93173693518101,2012-07-28 02:57:18,2012-07-23,train,579_7
579,3580,165,College Academic Building,40.67993866388484,-73.92109918180245,2012-07-28 02:58:21,2012-07-23,train,579_7
579,3799,300,Moving Target,40.67979989656288,-73.92130011616356,2012-07-28 03:17:41,2012-07-23,train,579_7
579,4391,107,Cuban Restaurant,40.6796015383585,-73.92159864683077,2012-07-28 03:18:03,2012-07-23,train,579_7
579,3777,301,Neighborhood,40.68338503288118,-73.93130064375443,2012-07-29 13:40:53,2012-07-23,train,579_7
580,3201,6,Home (private),40.69617272249676,-73.81249842275241,2012-07-24 06:25:35,2012-07-23,train,580_5
580,1849,58,Electronics Store,40.75364621555035,-73.91210859193421,2012-07-24 12:29:48,2012-07-23,train,580_5
580,3201,6,Home (private),40.69617272249676,-73.81249842275241,2012-07-29 05:07:06,2012-07-23,train,580_5
580,1849,58,Electronics Store,40.75364621555035,-73.91210859193421,2012-07-29 18:54:04,2012-07-23,train,580_5
588,2537,263,Laundry Service,40.723876,-73.848102,2012-07-24 07:30:36,2012-07-23,train,588_15
588,1841,162,Medical Center,40.711574723840826,-73.8571571019757,2012-07-27 20:21:08,2012-07-23,train,588_15
588,2142,258,Food & Drink Shop,40.7103907665044,-73.8516840781583,2012-07-28 04:19:24,2012-07-23,train,588_15
590,254,121,Park,40.74706188749892,-74.00519371032715,2012-07-26 17:41:53,2012-07-23,train,590_5
590,3838,50,Bar,40.74225734075718,-74.0062364600096,2012-07-26 18:41:14,2012-07-23,train,590_5
590,4418,52,Bar,40.73963320962857,-74.00200717527068,2012-07-28 00:54:42,2012-07-23,train,590_5
590,1686,52,Bar,40.73453248944311,-74.00231131962562,2012-07-28 03:02:16,2012-07-23,train,590_5
590,4957,6,Home (private),40.78229374678743,-74.00063278107605,2012-07-28 19:55:06,2012-07-23,train,590_5
595,1600,264,Subway,40.81554068461798,-73.95842347218186,2012-07-28 07:22:08,2012-07-23,train,595_14
595,1261,138,Gym / Fitness Center,40.75367746344614,-73.9697479200717,2012-07-28 09:35:40,2012-07-23,train,595_14
595,915,42,Food & Drink Shop,40.733879,-73.988185,2012-07-28 19:26:44,2012-07-23,train,595_14
595,3175,6,Home (private),40.75753284199823,-73.96537147003376,2012-07-29 11:30:39,2012-07-23,train,595_14
595,1506,122,Plaza,40.7722274447236,-73.98302876064133,2012-07-29 17:40:39,2012-07-23,train,595_14
597,295,194,Mexican Restaurant,40.734738,-74.002162,2012-07-29 13:41:29,2012-07-23,train,597_7
597,1187,39,Beer Garden,40.7405579801227,-74.00777996246534,2012-07-29 16:42:27,2012-07-23,train,597_7
599,592,246,Performing Arts Venue,40.6634023,-73.976447,2012-07-27 19:21:44,2012-07-23,train,599_6
599,6,232,Music Venue,40.73492041854701,-73.98829722365633,2012-07-27 23:58:36,2012-07-23,train,599_6
599,1310,133,Hot Dog Joint,40.731463098592265,-73.98277049893474,2012-07-28 01:53:23,2012-07-23,train,599_6
599,3837,141,Bagel Shop,40.714049,-73.949311,2012-07-28 13:58:56,2012-07-23,train,599_6
604,1822,222,Coffee Shop,40.75200361885657,-73.97566795349121,2012-07-24 09:26:10,2012-07-23,train,604_15
604,3658,61,Office,40.75133977617688,-73.97533815225673,2012-07-24 09:26:34,2012-07-23,train,604_15
604,749,204,Steakhouse,40.7510329280088,-73.97515449217718,2012-07-24 12:52:52,2012-07-23,train,604_15
608,1298,221,Bridge,40.82809886666084,-73.93391132354736,2012-07-24 08:26:16,2012-07-23,train,608_15
608,3973,301,Neighborhood,40.81209887355516,-73.90957668420633,2012-07-29 06:16:13,2012-07-23,train,608_15
609,964,220,BBQ Joint,40.77154999996037,-73.95620001877374,2012-07-28 13:07:05,2012-07-23,train,609_13
609,4981,50,Bar,40.77539161793283,-73.95330343264526,2012-07-28 22:09:24,2012-07-23,train,609_13
609,332,59,Bar,40.77224445050705,-73.95580606982769,2012-07-28 22:27:09,2012-07-23,train,609_13
609,1285,137,Gym / Fitness Center,40.77800831707478,-73.9541472153185,2012-07-29 11:15:30,2012-07-23,train,609_13
611,606,102,American Restaurant,40.72360525093282,-73.9516560368056,2012-07-28 20:30:09,2012-07-23,train,611_11
611,4720,213,Bar,40.72508076229308,-73.95140921322269,2012-07-29 11:30:47,2012-07-23,train,611_11
613,4966,6,Home (private),40.73928283947823,-73.90658830179062,2012-07-27 22:56:40,2012-07-23,train,613_8
613,4966,6,Home (private),40.73928283947823,-73.90658830179062,2012-07-29 11:58:12,2012-07-23,train,613_8
620,4649,6,Home (private),40.625784494598165,-74.0828838592642,2012-07-24 07:20:41,2012-07-23,train,620_15
620,974,221,Bridge,40.60679958140643,-74.04416981025437,2012-07-27 20:15:25,2012-07-23,train,620_15
620,4649,6,Home (private),40.625784494598165,-74.0828838592642,2012-07-28 08:51:53,2012-07-23,train,620_15
620,4273,120,Other Great Outdoors,40.62104029028463,-74.17061187554268,2012-07-29 17:35:13,2012-07-23,train,620_15
620,4334,257,Road,40.62225920956359,-74.17456984519958,2012-07-29 18:50:11,2012-07-23,train,620_15
620,4649,6,Home (private),40.625784494598165,-74.0828838592642,2012-07-29 22:28:57,2012-07-23,train,620_15
623,4322,34,Gas Station / Garage,40.93860938109822,-73.88496781464188,2012-07-27 19:38:17,2012-07-23,train,623_11
623,2793,257,Road,40.94990416914225,-73.8795070504943,2012-07-28 05:29:57,2012-07-23,train,623_11
623,2939,34,Gas Station / Garage,40.93314089189229,-73.87256459746335,2012-07-28 05:45:47,2012-07-23,train,623_11
623,2417,144,Casino,40.91902658090872,-73.86536922350342,2012-07-28 11:14:13,2012-07-23,train,623_11
623,2417,144,Casino,40.91902658090872,-73.86536922350342,2012-07-28 15:21:33,2012-07-23,train,623_11
623,2793,257,Road,40.94990416914225,-73.8795070504943,2012-07-29 21:39:16,2012-07-23,train,623_11
625,3974,212,Hotel,40.744030085263496,-73.98403884753738,2012-07-28 01:07:05,2012-07-23,train,625_9
625,4783,48,Bar,40.7416219021172,-73.98123239980367,2012-07-28 01:22:51,2012-07-23,train,625_9
625,190,157,Stadium,40.82827721161922,-73.92655344439045,2012-07-28 16:49:00,2012-07-23,train,625_9
625,1168,48,Bar,40.755613807146354,-73.96827285227972,2012-07-29 01:25:23,2012-07-23,train,625_9
626,1814,222,Coffee Shop,40.972154374213545,-73.96090507507324,2012-07-24 05:26:27,2012-07-23,train,626_0
626,2780,257,Road,40.90105786688402,-74.1507625579834,2012-07-24 08:20:37,2012-07-23,train,626_0
626,1814,222,Coffee Shop,40.972154374213545,-73.96090507507324,2012-07-24 12:18:55,2012-07-23,train,626_0
626,4545,6,Home (private),40.94660079949698,-73.97712595918333,2012-07-27 21:41:34,2012-07-23,train,626_0
629,1469,63,Office,40.72605141451036,-73.99578645646149,2012-07-24 10:41:56,2012-07-23,train,629_16
629,4425,194,Mexican Restaurant,40.72592867208607,-73.99639476444295,2012-07-24 12:51:12,2012-07-23,train,629_16
629,4425,194,Mexican Restaurant,40.72592867208607,-73.99639476444295,2012-07-24 12:51:59,2012-07-23,train,629_16
629,1197,222,Coffee Shop,40.7270333463285,-73.99521257923753,2012-07-24 15:04:17,2012-07-23,train,629_16
629,2572,37,Bar,40.828413358858334,-73.92549098547816,2012-07-28 16:46:48,2012-07-23,train,629_16
629,190,157,Stadium,40.82827721161922,-73.92655344439045,2012-07-28 18:22:22,2012-07-23,train,629_16
629,3678,37,Bar,40.708226,-74.004974,2012-07-29 01:05:12,2012-07-23,train,629_16
633,2157,121,Park,40.62689263449373,-74.07646536827087,2012-07-24 09:40:44,2012-07-23,train,633_3
633,985,288,Ferry,40.6444055420497,-74.0729570388794,2012-07-24 09:51:25,2012-07-23,train,633_3
633,985,288,Ferry,40.6444055420497,-74.0729570388794,2012-07-24 09:56:20,2012-07-23,train,633_3
633,3573,222,Coffee Shop,40.59244808052431,-74.16294036561932,2012-07-24 10:46:43,2012-07-23,train,633_3
633,985,288,Ferry,40.6444055420497,-74.0729570388794,2012-07-26 18:24:15,2012-07-23,train,633_3
633,2628,285,Ferry,40.6731055853966,-74.04338357322251,2012-07-26 18:37:14,2012-07-23,train,633_3
633,2099,71,Train Station,40.63167229840464,-74.0753173828125,2012-07-27 21:33:20,2012-07-23,train,633_3
633,5007,281,Residential Building (Apartment / Condo),40.62506712088796,-74.07837233484676,2012-07-27 21:48:47,2012-07-23,train,633_3
633,985,288,Ferry,40.6444055420497,-74.0729570388794,2012-07-28 15:13:26,2012-07-23,train,633_3
633,985,288,Ferry,40.6444055420497,-74.0729570388794,2012-07-28 15:16:03,2012-07-23,train,633_3
633,3573,222,Coffee Shop,40.59244808052431,-74.16294036561932,2012-07-28 15:58:02,2012-07-23,train,633_3
633,985,288,Ferry,40.6444055420497,-74.0729570388794,2012-07-28 21:46:58,2012-07-23,train,633_3
633,2157,121,Park,40.62689263449373,-74.07646536827087,2012-07-28 22:09:59,2012-07-23,train,633_3
633,5007,281,Residential Building (Apartment / Condo),40.62506712088796,-74.07837233484676,2012-07-29 19:48:38,2012-07-23,train,633_3
634,4905,6,Home (private),40.85155841497341,-74.14161270853154,2012-07-27 23:10:16,2012-07-23,train,634_11
634,2027,66,Arts & Crafts Store,40.82939777183173,-74.13660049438477,2012-07-28 12:00:58,2012-07-23,train,634_11
634,4905,6,Home (private),40.85155841497341,-74.14161270853154,2012-07-28 22:43:16,2012-07-23,train,634_11
634,2027,66,Arts & Crafts Store,40.82939777183173,-74.13660049438477,2012-07-29 15:01:04,2012-07-23,train,634_11
634,4905,6,Home (private),40.85155841497341,-74.14161270853154,2012-07-29 21:21:21,2012-07-23,train,634_11
636,908,256,Furniture / Home Store,40.76266834615508,-73.96865740411552,2012-07-28 11:02:15,2012-07-23,train,636_14
636,908,256,Furniture / Home Store,40.76266834615508,-73.96865740411552,2012-07-29 09:00:11,2012-07-23,train,636_14
637,586,255,Flea Market,40.687415187557306,-73.96922528743744,2012-07-28 15:36:31,2012-07-23,train,637_14
637,927,3,Thrift / Vintage Store,40.71822445,-73.95521,2012-07-29 17:33:56,2012-07-23,train,637_14
645,1438,222,Coffee Shop,40.78089970281194,-73.98125535659763,2012-07-28 14:58:34,2012-07-23,train,645_0
645,1526,137,Gym / Fitness Center,40.78135679017438,-73.97971724534096,2012-07-28 16:10:10,2012-07-23,train,645_0
646,2944,61,Office,40.72542600679036,-73.99685386352785,2012-07-24 11:13:03,2012-07-23,train,646_12
646,108,21,French Restaurant,40.72270549271865,-73.99819850921631,2012-07-24 13:31:54,2012-07-23,train,646_12
648,3599,61,Office,40.759838111199954,-73.98109674453735,2012-07-24 13:55:37,2012-07-23,train,648_12
648,948,141,Bagel Shop,40.75618990388012,-73.97056293322844,2012-07-28 11:51:15,2012-07-23,train,648_12
648,674,254,Department Store,40.758017730590645,-73.97692322731018,2012-07-28 12:30:40,2012-07-23,train,648_12
648,685,201,Ice Cream Shop,40.72957974686472,-73.9869141226312,2012-07-29 22:21:46,2012-07-23,train,648_12
651,1583,242,Spa / Massage,40.724398990537104,-73.99753103267047,2012-07-27 20:03:05,2012-07-23,train,651_6
651,3501,194,Mexican Restaurant,40.724118658113454,-73.95111646856455,2012-07-27 21:28:45,2012-07-23,train,651_6
651,1352,121,Park,40.59322988304921,-73.89163970947266,2012-07-28 10:49:17,2012-07-23,train,651_6
652,89,58,Electronics Store,40.730928,-73.991353,2012-07-24 16:55:12,2012-07-23,train,652_13
652,488,37,Bar,40.728169436560826,-73.98843495931236,2012-07-28 20:16:43,2012-07-23,train,652_13
655,640,137,Gym / Fitness Center,40.72424,-73.997779,2012-07-26 17:56:27,2012-07-23,train,655_10
655,4233,206,Seafood Restaurant,40.740266,-74.005814,2012-07-27 20:04:56,2012-07-23,train,655_10
655,1187,39,Beer Garden,40.7405579801227,-74.00777996246534,2012-07-27 21:54:08,2012-07-23,train,655_10
655,640,137,Gym / Fitness Center,40.72424,-73.997779,2012-07-28 08:05:21,2012-07-23,train,655_10
655,108,21,French Restaurant,40.72270549271865,-73.99819850921631,2012-07-28 10:48:12,2012-07-23,train,655_10
655,331,27,Italian Restaurant,40.72443788290763,-74.00274171175509,2012-07-28 21:40:26,2012-07-23,train,655_10
655,2495,102,American Restaurant,40.72561027403996,-73.99197578430176,2012-07-29 19:13:39,2012-07-23,train,655_10
658,987,257,Road,40.76117085825042,-74.01128768920898,2012-07-26 17:04:32,2012-07-23,train,658_8
658,254,121,Park,40.74706188749892,-74.00519371032715,2012-07-26 17:41:07,2012-07-23,train,658_8
658,3838,50,Bar,40.74225734075718,-74.0062364600096,2012-07-26 18:44:57,2012-07-23,train,658_8
658,4952,6,Home (private),40.8283149288856,-73.97712595918333,2012-07-27 18:29:22,2012-07-23,train,658_8
658,4952,6,Home (private),40.8283149288856,-73.97712595918333,2012-07-27 21:16:49,2012-07-23,train,658_8
658,4957,6,Home (private),40.78229374678743,-74.00063278107605,2012-07-27 22:31:53,2012-07-23,train,658_8
658,987,257,Road,40.76117085825042,-74.01128768920898,2012-07-27 23:53:59,2012-07-23,train,658_8
658,1686,52,Bar,40.73453248944311,-74.00231131962562,2012-07-28 02:59:04,2012-07-23,train,658_8
658,987,257,Road,40.76117085825042,-74.01128768920898,2012-07-28 04:22:03,2012-07-23,train,658_8
658,4957,6,Home (private),40.78229374678743,-74.00063278107605,2012-07-28 04:46:48,2012-07-23,train,658_8
658,4977,6,Home (private),40.8283149288856,-73.97712595918333,2012-07-28 05:18:09,2012-07-23,train,658_8
658,4952,6,Home (private),40.8283149288856,-73.97712595918333,2012-07-28 06:26:12,2012-07-23,train,658_8
658,1645,70,Train Station,40.73606359173575,-74.02938723564148,2012-07-28 17:04:31,2012-07-23,train,658_8
658,192,121,Park,40.73528249691621,-73.99040315158283,2012-07-28 17:26:49,2012-07-23,train,658_8
658,406,147,Movie Theater,40.73416736029532,-73.99048715829849,2012-07-28 17:31:37,2012-07-23,train,658_8
658,1645,70,Train Station,40.73606359173575,-74.02938723564148,2012-07-28 22:48:58,2012-07-23,train,658_8
658,4952,6,Home (private),40.8283149288856,-73.97712595918333,2012-07-28 23:08:31,2012-07-23,train,658_8
658,3043,62,Automotive Shop,40.800194,-73.99455,2012-07-29 13:52:34,2012-07-23,train,658_8
663,4406,6,Home (private),40.82998413731276,-73.98887973002674,2012-07-26 17:42:16,2012-07-23,train,663_14
663,1776,146,Movie Theater,40.78531820515752,-74.04664993286133,2012-07-27 21:50:27,2012-07-23,train,663_14
663,5016,6,Home (private),40.75931344493279,-74.04763775758458,2012-07-29 14:37:44,2012-07-23,train,663_14
666,2115,26,Drugstore / Pharmacy,40.60586316648548,-73.98481362650024,2012-07-26 18:46:30,2012-07-23,train,666_5
666,1281,264,Subway,40.747614599377656,-73.883957862854,2012-07-28 13:31:06,2012-07-23,train,666_5
666,2158,26,Drugstore / Pharmacy,40.78202291713503,-73.95167325704381,2012-07-28 18:05:19,2012-07-23,train,666_5
666,687,222,Coffee Shop,40.78007502367464,-73.95526897957147,2012-07-29 14:32:28,2012-07-23,train,666_5
666,349,70,Train Station,40.75280620914171,-73.97717535495758,2012-07-29 18:58:59,2012-07-23,train,666_5
668,357,70,Train Station,40.750794799423865,-73.99357639021292,2012-07-26 18:26:39,2012-07-23,train,668_14
668,175,37,Bar,40.7452748056754,-73.99255501211807,2012-07-27 22:19:09,2012-07-23,train,668_14
668,357,70,Train Station,40.750794799423865,-73.99357639021292,2012-07-27 22:20:10,2012-07-23,train,668_14
668,3440,6,Home (private),40.79067094456822,-74.20032308006297,2012-07-27 23:01:45,2012-07-23,train,668_14
671,170,102,American Restaurant,40.719607,-73.986764,2012-07-28 03:14:58,2012-07-23,train,671_11
671,179,121,Park,40.75372797263211,-73.98368835767094,2012-07-29 18:27:46,2012-07-23,train,671_11
675,2577,63,Office,40.74049401829623,-73.98673474788666,2012-07-27 19:12:19,2012-07-23,train,675_13
675,357,70,Train Station,40.750794799423865,-73.99357639021292,2012-07-28 11:07:06,2012-07-23,train,675_13
678,3765,264,Subway,40.66939826094601,-73.90202669600602,2012-07-24 13:25:59,2012-07-23,train,678_11
678,996,264,Subway,40.67837610578439,-73.90339851379395,2012-07-24 13:29:12,2012-07-23,train,678_11
678,996,264,Subway,40.67837610578439,-73.90339851379395,2012-07-24 17:20:53,2012-07-23,train,678_11
678,3765,264,Subway,40.66939826094601,-73.90202669600602,2012-07-24 17:25:48,2012-07-23,train,678_11
679,102,206,Seafood Restaurant,40.73771556288177,-73.98822261680137,2012-07-27 18:30:00,2012-07-23,train,679_4
679,542,223,Harbor / Marina,40.79111395573717,-73.92594451248924,2012-07-29 11:11:31,2012-07-23,train,679_4
681,2310,264,Subway,40.88357190912476,-73.86267185211182,2012-07-24 15:17:23,2012-07-23,train,681_16
681,1964,264,Subway,40.85723693198472,-73.86762857437134,2012-07-24 15:24:20,2012-07-23,train,681_16
681,4302,138,Gym / Fitness Center,40.85432363277056,-73.86778111008127,2012-07-24 15:28:06,2012-07-23,train,681_16
681,2310,264,Subway,40.88357190912476,-73.86267185211182,2012-07-28 07:23:57,2012-07-23,train,681_16
681,2310,264,Subway,40.88357190912476,-73.86267185211182,2012-07-29 17:28:57,2012-07-23,train,681_16
682,54,261,Hobby Shop,40.73354816138232,-73.99102896237186,2012-07-28 15:27:12,2012-07-23,train,682_12
682,192,121,Park,40.73528249691621,-73.99040315158283,2012-07-28 15:37:03,2012-07-23,train,682_12
682,4001,42,Food & Drink Shop,40.7783736214385,-73.95255722721059,2012-07-29 20:04:26,2012-07-23,train,682_12
684,1197,222,Coffee Shop,40.7270333463285,-73.99521257923753,2012-07-24 16:31:27,2012-07-23,train,684_7
684,85,110,American Restaurant,40.74065934700641,-73.99826558632256,2012-07-27 23:52:36,2012-07-23,train,684_7
684,309,159,Art Museum,40.77361447158453,-73.9641058682518,2012-07-28 17:17:22,2012-07-23,train,684_7
684,496,254,Department Store,40.76459171490056,-73.97121297728602,2012-07-28 18:25:35,2012-07-23,train,684_7
684,1660,222,Coffee Shop,40.74433543734781,-73.99541343646136,2012-07-29 13:46:34,2012-07-23,train,684_7
684,413,27,Italian Restaurant,40.743042,-73.996272,2012-07-29 20:39:26,2012-07-23,train,684_7
684,3934,52,Bar,40.74239352358504,-74.00330982788424,2012-07-29 22:00:46,2012-07-23,train,684_7
685,1896,70,Train Station,40.796702275247206,-73.69991540908813,2012-07-24 06:02:15,2012-07-23,train,685_7
685,1896,70,Train Station,40.796702275247206,-73.69991540908813,2012-07-24 14:37:03,2012-07-23,train,685_7
685,1896,70,Train Station,40.796702275247206,-73.69991540908813,2012-07-26 17:13:07,2012-07-23,train,685_7
686,3737,80,Building,40.75230660947181,-73.971854320252,2012-07-28 07:53:13,2012-07-23,train,686_15
686,867,222,Coffee Shop,40.67196838568416,-73.97742153400876,2012-07-29 09:57:34,2012-07-23,train,686_15
690,685,201,Ice Cream Shop,40.72957974686472,-73.9869141226312,2012-07-27 23:17:23,2012-07-23,train,690_12
690,3890,6,Home (private),40.72134148815057,-73.98887973002674,2012-07-28 00:17:18,2012-07-23,train,690_12
690,3890,6,Home (private),40.72134148815057,-73.98887973002674,2012-07-28 05:36:24,2012-07-23,train,690_12
690,531,102,American Restaurant,40.75821277375464,-73.98682594299316,2012-07-28 10:27:54,2012-07-23,train,690_12
690,242,35,Bookstore,40.75485025788179,-73.98800493858226,2012-07-28 11:44:55,2012-07-23,train,690_12
690,1370,259,Hotel,40.750065188144745,-73.99138477421569,2012-07-28 13:14:34,2012-07-23,train,690_12
690,398,52,Bar,40.76362499327396,-73.99757623672485,2012-07-28 22:28:36,2012-07-23,train,690_12
690,3890,6,Home (private),40.72134148815057,-73.98887973002674,2012-07-29 03:18:32,2012-07-23,train,690_12
690,3890,6,Home (private),40.72134148815057,-73.98887973002674,2012-07-29 10:25:52,2012-07-23,train,690_12
690,3890,6,Home (private),40.72134148815057,-73.98887973002674,2012-07-29 14:47:35,2012-07-23,train,690_12
690,3890,6,Home (private),40.72134148815057,-73.98887973002674,2012-07-29 20:01:17,2012-07-23,train,690_12
697,1960,44,Food & Drink Shop,40.7373,-74.03744,2012-07-24 14:26:33,2012-07-23,train,697_16
697,1857,19,Bank,40.73275480550195,-74.0388822555542,2012-07-24 15:43:31,2012-07-23,train,697_16
697,2627,6,Home (private),40.863020847419,-74.0828838592642,2012-07-27 21:54:15,2012-07-23,train,697_16
697,3624,37,Bar,40.863929,-74.079579,2012-07-27 21:54:29,2012-07-23,train,697_16
697,2627,6,Home (private),40.863020847419,-74.0828838592642,2012-07-28 01:15:53,2012-07-23,train,697_16
697,3624,37,Bar,40.863929,-74.079579,2012-07-28 01:16:05,2012-07-23,train,697_16
697,1960,44,Food & Drink Shop,40.7373,-74.03744,2012-07-28 08:57:09,2012-07-23,train,697_16
697,3588,37,Bar,40.74008,-74.030934,2012-07-28 18:41:40,2012-07-23,train,697_16
697,3588,37,Bar,40.74008,-74.030934,2012-07-28 21:07:20,2012-07-23,train,697_16
697,1939,42,Food & Drink Shop,40.9141953501792,-74.05796798433062,2012-07-29 17:38:18,2012-07-23,train,697_16
698,1905,222,Coffee Shop,40.76044707055429,-73.98752245874954,2012-07-24 09:13:25,2012-07-23,train,698_5
698,2832,37,Bar,40.583875,-73.94781236666667,2012-07-27 22:12:23,2012-07-23,train,698_5
700,1002,70,Train Station,40.69902344282463,-73.81001472473143,2012-07-24 08:12:54,2012-07-23,train,700_3
700,2011,301,Neighborhood,40.74831361076324,-73.98822069168091,2012-07-24 08:46:54,2012-07-23,train,700_3
700,1708,61,Office,40.74260869323929,-73.97532093413172,2012-07-24 09:05:24,2012-07-23,train,700_3
700,929,163,Medical Center,40.741933755026,-73.97469534121134,2012-07-24 16:18:12,2012-07-23,train,700_3
700,357,70,Train Station,40.750794799423865,-73.99357639021292,2012-07-24 16:42:17,2012-07-23,train,700_3
700,357,70,Train Station,40.750794799423865,-73.99357639021292,2012-07-26 17:23:29,2012-07-23,train,700_3
700,1628,70,Train Station,40.719615593177686,-73.84486198425293,2012-07-26 17:56:56,2012-07-23,train,700_3
700,3028,304,Train Station,40.69968865343515,-73.80783123752808,2012-07-26 18:08:13,2012-07-23,train,700_3
700,357,70,Train Station,40.750794799423865,-73.99357639021292,2012-07-27 16:54:16,2012-07-23,train,700_3
700,1002,70,Train Station,40.69902344282463,-73.81001472473143,2012-07-27 17:24:14,2012-07-23,train,700_3
702,2734,73,Bus Station,40.75816401301727,-73.99508714675903,2012-07-24 08:19:55,2012-07-23,train,702_15
702,4950,136,Office,40.75175358104296,-73.97683038390369,2012-07-24 10:46:47,2012-07-23,train,702_15
702,4950,136,Office,40.75175358104296,-73.97683038390369,2012-07-26 19:25:09,2012-07-23,train,702_15
702,1414,214,Bar,40.76171380095544,-73.99395004329756,2012-07-27 23:59:11,2012-07-23,train,702_15
702,3999,6,Home (private),40.75765180683012,-74.03588760058483,2012-07-28 02:05:00,2012-07-23,train,702_15
702,2734,73,Bus Station,40.75816401301727,-73.99508714675903,2012-07-28 11:13:56,2012-07-23,train,702_15
702,2686,35,Bookstore,40.79938031206696,-74.00857773347474,2012-07-28 16:56:24,2012-07-23,train,702_15
702,3999,6,Home (private),40.75765180683012,-74.03588760058483,2012-07-28 18:26:40,2012-07-23,train,702_15
702,3999,6,Home (private),40.75765180683012,-74.03588760058483,2012-07-29 21:38:24,2012-07-23,train,702_15
703,1964,264,Subway,40.85723693198472,-73.86762857437134,2012-07-28 17:18:35,2012-07-23,train,703_10
703,3985,281,Residential Building (Apartment / Condo),40.85406532692007,-73.86519694475737,2012-07-29 19:52:58,2012-07-23,train,703_10
704,406,147,Movie Theater,40.73416736029532,-73.99048715829849,2012-07-27 19:34:37,2012-07-23,train,704_15
704,314,37,Bar,40.74332108281707,-73.97721491864459,2012-07-28 00:39:40,2012-07-23,train,704_15
704,2685,37,Bar,40.730101,-73.980512,2012-07-28 01:00:10,2012-07-23,train,704_15
707,4031,6,Home (private),40.86633340833704,-74.10637760442646,2012-07-27 20:57:52,2012-07-23,train,707_9
707,4057,6,Home (private),40.86633340833704,-74.10637760442646,2012-07-28 22:14:39,2012-07-23,train,707_9
707,4031,6,Home (private),40.86633340833704,-74.10637760442646,2012-07-28 22:15:29,2012-07-23,train,707_9
707,4057,6,Home (private),40.86633340833704,-74.10637760442646,2012-07-29 12:25:07,2012-07-23,train,707_9
708,1871,99,Thai Restaurant,40.74322529020578,-73.99635314941406,2012-07-24 15:03:11,2012-07-23,train,708_13
708,1220,222,Coffee Shop,40.75755033809161,-73.98486527831999,2012-07-28 12:08:09,2012-07-23,train,708_13
720,2887,269,Miscellaneous Shop,40.635281,-73.992483,2012-07-24 16:04:33,2012-07-23,train,720_14
720,3221,6,Home (private),40.64220098230346,-73.98887973002674,2012-07-27 16:53:32,2012-07-23,train,720_14
720,3618,6,Home (private),40.63396697468096,-74.00063278107605,2012-07-29 13:46:09,2012-07-23,train,720_14
721,436,241,Airport,40.68968493541091,-74.17938709259033,2012-07-24 06:40:32,2012-07-23,train,721_8
721,1329,48,Bar,40.74525975462356,-73.99247516123957,2012-07-26 19:11:09,2012-07-23,train,721_8
722,117,142,Cajun / Creole Restaurant,40.76198065788244,-73.9900246511882,2012-07-26 19:41:36,2012-07-23,train,722_8
722,2174,222,Coffee Shop,40.772298,-73.949633,2012-07-29 13:54:44,2012-07-23,train,722_8
723,4252,102,American Restaurant,40.75536822129624,-73.96833024812483,2012-07-28 13:21:55,2012-07-23,train,723_7
723,339,159,Art Museum,40.778936659294864,-73.96229820007625,2012-07-28 15:00:19,2012-07-23,train,723_7
723,65,102,American Restaurant,40.72717746169356,-74.000483751297,2012-07-29 11:55:28,2012-07-23,train,723_7
729,2572,37,Bar,40.828413358858334,-73.92549098547816,2012-07-28 16:43:41,2012-07-23,train,729_7
729,3678,37,Bar,40.708226,-74.004974,2012-07-29 01:07:42,2012-07-23,train,729_7
732,2403,282,Convenience Store,40.81354775855645,-74.10954796515402,2012-07-24 12:14:46,2012-07-23,train,732_9
732,2007,37,Bar,40.806180734527125,-74.1040977613822,2012-07-27 17:42:23,2012-07-23,train,732_9
733,909,194,Mexican Restaurant,40.766038408545775,-73.98682594299316,2012-07-27 21:09:58,2012-07-23,train,733_8
733,561,57,Bar,40.72574081337552,-73.99028290313753,2012-07-28 23:54:49,2012-07-23,train,733_8
736,2173,137,Gym / Fitness Center,40.74109555804945,-73.99270534515381,2012-07-24 06:54:48,2012-07-23,train,736_15
736,613,80,Building,40.74906145419511,-73.98037151805134,2012-07-26 18:43:01,2012-07-23,train,736_15
736,2173,137,Gym / Fitness Center,40.74109555804945,-73.99270534515381,2012-07-28 10:40:38,2012-07-23,train,736_15
736,3431,137,Gym / Fitness Center,40.744047317914,-73.98402736930704,2012-07-28 12:41:46,2012-07-23,train,736_15
736,504,252,Food & Drink Shop,40.74287041059062,-73.98243762777861,2012-07-28 16:41:50,2012-07-23,train,736_15
736,25,238,Music Venue,40.72837781084187,-73.99953957113458,2012-07-29 00:36:01,2012-07-23,train,736_15
736,3431,137,Gym / Fitness Center,40.744047317914,-73.98402736930704,2012-07-29 10:00:06,2012-07-23,train,736_15
736,2173,137,Gym / Fitness Center,40.74109555804945,-73.99270534515381,2012-07-29 12:26:03,2012-07-23,train,736_15
737,576,102,American Restaurant,40.731155872068506,-73.98872764725327,2012-07-26 19:15:05,2012-07-23,train,737_16
737,576,102,American Restaurant,40.731155872068506,-73.98872764725327,2012-07-27 19:15:03,2012-07-23,train,737_16
737,398,52,Bar,40.76362499327396,-73.99757623672485,2012-07-27 20:45:08,2012-07-23,train,737_16
737,230,52,Bar,40.75006726071233,-74.00270154186394,2012-07-27 22:30:09,2012-07-23,train,737_16
737,857,259,Hotel,40.76224486711165,-73.9792871763928,2012-07-28 02:30:05,2012-07-23,train,737_16
737,857,259,Hotel,40.76224486711165,-73.9792871763928,2012-07-28 09:30:07,2012-07-23,train,737_16
737,405,241,Airport,40.645089355976346,-73.7845230102539,2012-07-28 11:30:04,2012-07-23,train,737_16
737,830,37,Bar,40.73743415035814,-73.99128147407096,2012-07-28 19:30:03,2012-07-23,train,737_16
737,230,52,Bar,40.75006726071233,-74.00270154186394,2012-07-28 22:30:09,2012-07-23,train,737_16
737,48,232,Music Venue,40.73169799836348,-73.98922693741638,2012-07-29 00:15:04,2012-07-23,train,737_16
737,857,259,Hotel,40.76224486711165,-73.9792871763928,2012-07-29 02:30:03,2012-07-23,train,737_16
737,857,259,Hotel,40.76224486711165,-73.9792871763928,2012-07-29 09:30:06,2012-07-23,train,737_16
737,405,241,Airport,40.645089355976346,-73.7845230102539,2012-07-29 11:30:05,2012-07-23,train,737_16
737,1008,208,Ramen /  Noodle House,40.73085850344144,-73.99070758336508,2012-07-29 14:30:07,2012-07-23,train,737_16
737,230,52,Bar,40.75006726071233,-74.00270154186394,2012-07-29 22:30:07,2012-07-23,train,737_16
739,1089,196,Restaurant,40.75527487548953,-73.97880613803864,2012-07-24 11:30:19,2012-07-23,train,739_12
739,1261,138,Gym / Fitness Center,40.75367746344614,-73.9697479200717,2012-07-26 18:21:32,2012-07-23,train,739_12
739,1261,138,Gym / Fitness Center,40.75367746344614,-73.9697479200717,2012-07-28 09:37:30,2012-07-23,train,739_12
739,1324,137,Gym / Fitness Center,40.75723731867925,-73.9669355242481,2012-07-29 11:55:23,2012-07-23,train,739_12
739,993,258,Food & Drink Shop,40.75202014376042,-73.97139516141367,2012-07-29 16:16:11,2012-07-23,train,739_12
745,1287,61,Office,40.80615113329764,-74.07784459703637,2012-07-24 09:19:52,2012-07-23,train,745_16
745,4537,194,Mexican Restaurant,40.73384420292348,-73.99309158325195,2012-07-27 19:54:34,2012-07-23,train,745_16
749,4557,222,Coffee Shop,40.77211112866,-73.96095474201344,2012-07-28 09:56:39,2012-07-23,train,749_14
749,4777,102,American Restaurant,40.808534159065616,-73.94512371580227,2012-07-29 11:41:22,2012-07-23,train,749_14
749,1267,121,Park,40.80448308603994,-73.94392399490886,2012-07-29 14:42:39,2012-07-23,train,749_14
750,2462,264,Subway,40.67692778613304,-73.89869928359985,2012-07-24 16:00:56,2012-07-23,train,750_15
750,625,122,Plaza,40.756489872673846,-73.98626804351807,2012-07-24 16:36:16,2012-07-23,train,750_15
750,2462,264,Subway,40.67692778613304,-73.89869928359985,2012-07-26 16:59:52,2012-07-23,train,750_15
750,625,122,Plaza,40.756489872673846,-73.98626804351807,2012-07-26 19:09:17,2012-07-23,train,750_15
750,735,122,Plaza,40.74982540095488,-73.98796319961548,2012-07-27 18:11:55,2012-07-23,train,750_15
750,625,122,Plaza,40.756489872673846,-73.98626804351807,2012-07-27 20:15:54,2012-07-23,train,750_15
750,3547,264,Subway,40.70024353438826,-73.9411211013794,2012-07-27 22:54:12,2012-07-23,train,750_15
750,2462,264,Subway,40.67692778613304,-73.89869928359985,2012-07-28 16:15:11,2012-07-23,train,750_15
750,1743,259,Hotel,40.75909046091092,-73.98468017578125,2012-07-28 17:34:22,2012-07-23,train,750_15
750,625,122,Plaza,40.756489872673846,-73.98626804351807,2012-07-29 19:23:43,2012-07-23,train,750_15
750,1743,259,Hotel,40.75909046091092,-73.98468017578125,2012-07-29 19:44:06,2012-07-23,train,750_15
750,402,259,Hotel,40.758328,-73.985457,2012-07-29 20:09:28,2012-07-23,train,750_15
752,1379,222,Coffee Shop,40.75254816218265,-73.99299502372742,2012-07-24 11:12:51,2012-07-23,train,752_10
752,429,47,Bar,40.75151596433163,-73.99352073669434,2012-07-27 19:50:47,2012-07-23,train,752_10
753,3068,71,Train Station,40.58358323125094,-73.8265585899353,2012-07-24 09:52:54,2012-07-23,train,753_16
753,1373,183,University,40.69342491338439,-73.99171189097369,2012-07-24 10:50:56,2012-07-23,train,753_16
753,4366,164,College Academic Building,40.69351488369677,-73.99171189097368,2012-07-24 10:51:40,2012-07-23,train,753_16
753,2178,264,Subway,40.60837736891878,-73.81592631340027,2012-07-24 16:49:13,2012-07-23,train,753_16
758,2703,42,Food & Drink Shop,40.76750916746532,-73.93837451934814,2012-07-28 11:47:24,2012-07-23,train,758_8
758,789,141,Bagel Shop,40.77464642864513,-73.90869251819866,2012-07-29 10:36:49,2012-07-23,train,758_8
760,3018,301,Neighborhood,40.67001121908946,-73.98583889007568,2012-07-24 07:53:36,2012-07-23,train,760_3
760,2978,301,Neighborhood,40.745306184001095,-73.94837379455566,2012-07-24 11:48:36,2012-07-23,train,760_3
760,3519,136,Office,40.750536544011474,-73.93951538728527,2012-07-24 11:48:46,2012-07-23,train,760_3
763,3271,103,Southern / Soul Food Restaurant,40.80825990296103,-73.94516389771303,2012-07-27 23:59:10,2012-07-23,train,763_6
763,4631,6,Home (private),40.81343117375547,-73.94186034276925,2012-07-28 02:52:21,2012-07-23,train,763_6
763,4631,6,Home (private),40.81343117375547,-73.94186034276925,2012-07-28 10:23:55,2012-07-23,train,763_6
763,4631,6,Home (private),40.81343117375547,-73.94186034276925,2012-07-29 02:27:14,2012-07-23,train,763_6
769,3662,4,Gym / Fitness Center,40.75968986010941,-73.96237246820378,2012-07-28 09:49:04,2012-07-23,train,769_9
769,1587,264,Subway,40.76211758001324,-73.92542481422424,2012-07-29 15:37:22,2012-07-23,train,769_9
771,1956,265,Mall,40.80991152281341,-74.06785011291504,2012-07-28 04:34:34,2012-07-23,train,771_6
771,436,241,Airport,40.68968493541091,-74.17938709259033,2012-07-28 04:42:52,2012-07-23,train,771_6
771,3310,317,City,40.94831848266338,-74.06897035016907,2012-07-28 05:43:16,2012-07-23,train,771_6
781,3796,61,Office,40.73963589285346,-74.0060011833954,2012-07-24 12:31:50,2012-07-23,train,781_13
781,542,223,Harbor / Marina,40.79111395573717,-73.92594451248924,2012-07-28 17:33:02,2012-07-23,train,781_13
782,2873,138,Gym / Fitness Center,40.927690347587664,-73.99642919691247,2012-07-24 06:34:39,2012-07-23,train,782_7
782,2360,42,Food & Drink Shop,40.93715060904516,-73.99588108062744,2012-07-27 20:03:27,2012-07-23,train,782_7
782,2873,138,Gym / Fitness Center,40.927690347587664,-73.99642919691247,2012-07-28 09:32:23,2012-07-23,train,782_7
782,2873,138,Gym / Fitness Center,40.927690347587664,-73.99642919691247,2012-07-29 09:42:31,2012-07-23,train,782_7
784,4868,281,Residential Building (Apartment / Condo),40.758017730590645,-73.9922547340393,2012-07-24 13:10:06,2012-07-23,train,784_14
784,348,61,Office,40.713713478447545,-74.0141438812572,2012-07-24 13:20:05,2012-07-23,train,784_14
784,830,37,Bar,40.73743415035814,-73.99128147407096,2012-07-24 13:30:07,2012-07-23,train,784_14
784,2240,19,Bank,40.81011509621309,-73.95118534970048,2012-07-24 13:50:05,2012-07-23,train,784_14
784,348,61,Office,40.713713478447545,-74.0141438812572,2012-07-28 13:20:05,2012-07-23,train,784_14
784,830,37,Bar,40.73743415035814,-73.99128147407096,2012-07-28 13:30:06,2012-07-23,train,784_14
784,402,259,Hotel,40.758328,-73.985457,2012-07-28 14:00:17,2012-07-23,train,784_14
784,625,122,Plaza,40.756489872673846,-73.98626804351807,2012-07-29 13:00:15,2012-07-23,train,784_14
784,4868,281,Residential Building (Apartment / Condo),40.758017730590645,-73.9922547340393,2012-07-29 13:10:05,2012-07-23,train,784_14
784,830,37,Bar,40.73743415035814,-73.99128147407096,2012-07-29 13:30:06,2012-07-23,train,784_14
784,402,259,Hotel,40.758328,-73.985457,2012-07-29 14:03:59,2012-07-23,train,784_14
784,190,157,Stadium,40.82827721161922,-73.92655344439045,2012-07-29 20:55:56,2012-07-23,train,784_14
788,4455,253,General Travel,40.94451079590417,-74.01670310715694,2012-07-24 11:19:29,2012-07-23,train,788_16
788,2094,249,Racetrack,40.81721953702811,-74.07673358917236,2012-07-26 18:50:21,2012-07-23,train,788_16
788,4658,80,Building,40.81695201971413,-74.0740758178397,2012-07-27 16:51:39,2012-07-23,train,788_16
788,4658,80,Building,40.81695201971413,-74.0740758178397,2012-07-27 17:06:46,2012-07-23,train,788_16
788,2094,249,Racetrack,40.81721953702811,-74.07673358917236,2012-07-27 17:59:08,2012-07-23,train,788_16
788,4312,277,Food,40.816892517125126,-74.07422496425988,2012-07-27 21:37:24,2012-07-23,train,788_16
788,2094,249,Racetrack,40.81721953702811,-74.07673358917236,2012-07-27 23:26:26,2012-07-23,train,788_16
788,2808,97,Diner,40.90277210074285,-74.07811420240645,2012-07-28 00:03:50,2012-07-23,train,788_16
788,4854,6,Home (private),40.90080727550772,-74.07113588841028,2012-07-29 16:26:12,2012-07-23,train,788_16
789,2992,233,Other Great Outdoors,40.626351503681065,-74.09220771673321,2012-07-24 07:03:23,2012-07-23,train,789_12
789,2992,233,Other Great Outdoors,40.626351503681065,-74.09220771673321,2012-07-28 06:53:37,2012-07-23,train,789_12
789,3957,58,Electronics Store,40.66310131145435,-74.10717195833217,2012-07-28 11:11:01,2012-07-23,train,789_12
789,985,288,Ferry,40.6444055420497,-74.0729570388794,2012-07-28 18:07:29,2012-07-23,train,789_12
789,202,214,Bar,40.73347071903565,-74.00228836535156,2012-07-28 19:01:10,2012-07-23,train,789_12
790,357,70,Train Station,40.750794799423865,-73.99357639021292,2012-07-28 11:46:41,2012-07-23,train,790_12
790,3028,304,Train Station,40.69968865343515,-73.80783123752808,2012-07-29 19:02:30,2012-07-23,train,790_12
792,1521,70,Train Station,40.71948548899754,-74.0427017211914,2012-07-27 22:48:25,2012-07-23,train,792_5
792,1608,70,Train Station,40.71267092713338,-74.01193141937256,2012-07-27 23:01:33,2012-07-23,train,792_5
792,545,37,Bar,40.72006790651271,-73.98831322789192,2012-07-27 23:31:17,2012-07-23,train,792_5
792,208,37,Bar,40.71402088381144,-73.98987293243407,2012-07-28 01:18:59,2012-07-23,train,792_5
792,3776,47,Bar,40.72095499316367,-74.04472036697763,2012-07-28 23:51:03,2012-07-23,train,792_5
792,492,37,Bar,40.722839538401246,-74.04749719603645,2012-07-29 02:08:00,2012-07-23,train,792_5
801,811,31,Bar,40.728833,-74.005256,2012-07-24 09:18:41,2012-07-23,train,801_11
801,1521,70,Train Station,40.71948548899754,-74.0427017211914,2012-07-27 17:58:47,2012-07-23,train,801_11
801,904,84,Performing Arts Venue,40.74583423860072,-73.99327860034312,2012-07-27 19:13:16,2012-07-23,train,801_11
801,3256,274,Fried Chicken Joint,40.70398500916831,-74.09881353378296,2012-07-28 18:55:19,2012-07-23,train,801_11
804,1015,61,Office,40.75873129067156,-73.9820760601798,2012-07-28 06:59:32,2012-07-23,train,804_12
804,1424,61,Office,40.74204967287742,-74.00477888803634,2012-07-28 19:39:16,2012-07-23,train,804_12
805,4197,96,Deli / Bodega,40.6847512363616,-73.9434418083397,2012-07-28 13:06:00,2012-07-23,train,805_13
805,1522,264,Subway,40.71037756449118,-74.00755405426025,2012-07-28 16:56:30,2012-07-23,train,805_13
805,417,147,Movie Theater,40.73135644834142,-73.98867130279541,2012-07-28 18:31:36,2012-07-23,train,805_13
809,2196,174,College Academic Building,40.77079184896987,-73.98592472076416,2012-07-24 07:47:22,2012-07-23,train,809_7
809,2654,177,College Academic Building,40.77085290125466,-73.98486527831999,2012-07-24 09:33:10,2012-07-23,train,809_7
809,2881,166,College Academic Building,40.77040183589408,-73.98463726043701,2012-07-24 11:28:12,2012-07-23,train,809_7
809,3242,134,Event Space,40.77056711201932,-73.98410197779206,2012-07-24 12:07:03,2012-07-23,train,809_7
809,3011,6,Home (private),40.833165200622425,-73.94186034276925,2012-07-26 19:26:23,2012-07-23,train,809_7
809,3011,6,Home (private),40.833165200622425,-73.94186034276925,2012-07-27 17:14:27,2012-07-23,train,809_7
817,3791,281,Residential Building (Apartment / Condo),40.65623629615141,-73.90769926198885,2012-07-26 18:08:02,2012-07-23,train,817_3
817,2117,101,Wings Joint,40.65615713596344,-73.908215,2012-07-28 00:49:29,2012-07-23,train,817_3
817,3791,281,Residential Building (Apartment / Condo),40.65623629615141,-73.90769926198885,2012-07-28 01:14:31,2012-07-23,train,817_3
817,2642,42,Food & Drink Shop,40.6497376836613,-73.88913649733915,2012-07-28 20:14:58,2012-07-23,train,817_3
817,3791,281,Residential Building (Apartment / Condo),40.65623629615141,-73.90769926198885,2012-07-29 00:49:39,2012-07-23,train,817_3
817,4788,121,Park,40.65544670711424,-73.90874419034847,2012-07-29 14:29:37,2012-07-23,train,817_3
817,2117,101,Wings Joint,40.65615713596344,-73.908215,2012-07-29 23:50:08,2012-07-23,train,817_3
819,2232,264,Subway,40.65526229575358,-73.9615085721016,2012-07-24 06:15:53,2012-07-23,train,819_11
819,2232,264,Subway,40.65526229575358,-73.9615085721016,2012-07-28 00:16:11,2012-07-23,train,819_11
819,2232,264,Subway,40.65526229575358,-73.9615085721016,2012-07-28 13:55:15,2012-07-23,train,819_11
819,2232,264,Subway,40.65526229575358,-73.9615085721016,2012-07-28 18:05:23,2012-07-23,train,819_11
819,349,70,Train Station,40.75280620914171,-73.97717535495758,2012-07-28 20:56:25,2012-07-23,train,819_11
819,2232,264,Subway,40.65526229575358,-73.9615085721016,2012-07-29 13:06:30,2012-07-23,train,819_11
819,1247,35,Bookstore,40.733361748251546,-73.99101174565301,2012-07-29 14:32:06,2012-07-23,train,819_11
819,192,121,Park,40.73528249691621,-73.99040315158283,2012-07-29 14:55:38,2012-07-23,train,819_11
819,1335,222,Coffee Shop,40.745901560214506,-73.98814227092512,2012-07-29 15:05:22,2012-07-23,train,819_11
821,3701,301,Neighborhood,40.8242215167021,-73.89264478264728,2012-07-24 08:41:34,2012-07-23,train,821_2
821,434,183,University,40.69389823064757,-73.98627708934687,2012-07-24 10:01:40,2012-07-23,train,821_2
821,4974,281,Residential Building (Apartment / Condo),40.824298396107686,-73.89270220086837,2012-07-24 16:15:25,2012-07-23,train,821_2
821,3701,301,Neighborhood,40.8242215167021,-73.89264478264728,2012-07-27 21:26:26,2012-07-23,train,821_2
821,3701,301,Neighborhood,40.8242215167021,-73.89264478264728,2012-07-28 15:41:34,2012-07-23,train,821_2
821,4974,281,Residential Building (Apartment / Condo),40.824298396107686,-73.89270220086837,2012-07-28 15:41:40,2012-07-23,train,821_2
821,3701,301,Neighborhood,40.8242215167021,-73.89264478264728,2012-07-29 16:41:54,2012-07-23,train,821_2
821,4188,282,Convenience Store,40.82432700031467,-73.89258736440931,2012-07-29 18:05:55,2012-07-23,train,821_2
821,3701,301,Neighborhood,40.8242215167021,-73.89264478264728,2012-07-29 18:06:18,2012-07-23,train,821_2
821,4974,281,Residential Building (Apartment / Condo),40.824298396107686,-73.89270220086837,2012-07-29 18:06:22,2012-07-23,train,821_2
821,3701,301,Neighborhood,40.8242215167021,-73.89264478264728,2012-07-29 21:01:41,2012-07-23,train,821_2
821,3701,301,Neighborhood,40.8242215167021,-73.89264478264728,2012-07-29 23:04:49,2012-07-23,train,821_2
821,4974,281,Residential Building (Apartment / Condo),40.824298396107686,-73.89270220086837,2012-07-29 23:05:02,2012-07-23,train,821_2
828,895,32,Hardware Store,40.74215230390258,-73.99064540863037,2012-07-28 14:24:07,2012-07-23,train,828_3
828,528,42,Food & Drink Shop,40.74481848035928,-73.99515151977539,2012-07-28 20:36:51,2012-07-23,train,828_3
837,740,227,Beach,40.57334843776636,-73.98030281066895,2012-07-28 14:32:55,2012-07-23,train,837_6
837,2637,264,Subway,40.57745558120849,-73.98124694824219,2012-07-28 14:36:38,2012-07-23,train,837_6
837,319,258,Food & Drink Shop,40.67685118834076,-73.98010177430896,2012-07-28 19:40:30,2012-07-23,train,837_6
838,3381,61,Office,40.75408423797854,-73.98231983184814,2012-07-28 12:17:37,2012-07-23,train,838_11
838,1621,52,Bar,40.74028677076597,-74.00718330199486,2012-07-29 00:10:14,2012-07-23,train,838_11
838,3381,61,Office,40.75408423797854,-73.98231983184814,2012-07-29 12:07:27,2012-07-23,train,838_11
838,233,147,Movie Theater,40.756931775430665,-73.98897442301349,2012-07-29 12:35:40,2012-07-23,train,838_11
839,3095,120,Other Great Outdoors,40.94598950970104,-74.13426400722196,2012-07-27 21:46:15,2012-07-23,train,839_12
839,3114,282,Convenience Store,40.68378078887897,-74.0999796351583,2012-07-27 23:25:37,2012-07-23,train,839_12
839,3095,120,Other Great Outdoors,40.94598950970104,-74.13426400722196,2012-07-28 04:02:27,2012-07-23,train,839_12
839,4551,257,Road,40.93773415721512,-74.1258716583252,2012-07-28 16:02:25,2012-07-23,train,839_12
841,1235,137,Gym / Fitness Center,40.738949,-73.989828,2012-07-24 15:01:26,2012-07-23,train,841_13
841,28,98,Donut Shop,40.71634664858483,-73.9885425567627,2012-07-24 16:41:08,2012-07-23,train,841_13
844,356,259,Hotel,40.75671463992893,-73.97383443019756,2012-07-27 18:56:48,2012-07-23,train,844_15
844,349,70,Train Station,40.75280620914171,-73.97717535495758,2012-07-28 00:42:27,2012-07-23,train,844_15
844,763,220,BBQ Joint,40.75696123684052,-73.98907363414764,2012-07-28 23:22:18,2012-07-23,train,844_15
845,3390,222,Coffee Shop,40.64172917935286,-73.96334822511452,2012-07-24 09:23:18,2012-07-23,train,845_15
845,4375,6,Home (private),40.628964535118925,-73.96537147003376,2012-07-26 18:28:10,2012-07-23,train,845_15
845,2428,264,Subway,40.6296298463492,-73.96171239455319,2012-07-28 18:53:37,2012-07-23,train,845_15
845,4375,6,Home (private),40.628964535118925,-73.96537147003376,2012-07-29 01:33:20,2012-07-23,train,845_15
848,4632,284,Historic Site,40.63776202060348,-74.00221376394177,2012-07-28 03:20:32,2012-07-23,train,848_11
848,119,194,Mexican Restaurant,40.7499947979727,-73.97225034387054,2012-07-28 21:53:26,2012-07-23,train,848_11
851,2520,222,Coffee Shop,40.946097781156325,-74.0714979171753,2012-07-24 09:47:21,2012-07-23,train,851_12
851,4895,39,Beer Garden,40.912369,-74.073662,2012-07-29 04:53:54,2012-07-23,train,851_12
851,2520,222,Coffee Shop,40.946097781156325,-74.0714979171753,2012-07-29 08:38:38,2012-07-23,train,851_12
859,627,59,Bar,40.72635525176133,-74.0057623386383,2012-07-26 19:06:14,2012-07-23,train,859_4
859,1526,137,Gym / Fitness Center,40.78135679017438,-73.97971724534096,2012-07-28 07:27:13,2012-07-23,train,859_4
859,1526,137,Gym / Fitness Center,40.78135679017438,-73.97971724534096,2012-07-29 08:02:06,2012-07-23,train,859_4
861,857,259,Hotel,40.76224486711165,-73.9792871763928,2012-07-28 07:47:15,2012-07-23,train,861_12
861,3651,145,Movie Theater,40.77347312689622,-73.98300647735596,2012-07-28 20:30:01,2012-07-23,train,861_12
861,233,147,Movie Theater,40.756931775430665,-73.98897442301349,2012-07-29 09:31:17,2012-07-23,train,861_12
867,3504,211,Bar,40.74595881831595,-73.9939270880217,2012-07-27 19:27:35,2012-07-23,train,867_15
867,3370,211,Bar,40.72036368727871,-73.9870834350586,2012-07-28 01:09:38,2012-07-23,train,867_15
867,3504,211,Bar,40.74595881831595,-73.9939270880217,2012-07-28 02:28:05,2012-07-23,train,867_15
867,337,214,Bar,40.76430758425931,-73.98882150650024,2012-07-29 02:55:24,2012-07-23,train,867_15
867,3504,211,Bar,40.74595881831595,-73.9939270880217,2012-07-29 13:26:39,2012-07-23,train,867_15
868,1984,42,Food & Drink Shop,40.89656884509741,-73.79472806765762,2012-07-24 11:10:03,2012-07-23,train,868_8
868,2363,32,Hardware Store,40.82725456465587,-73.839111328125,2012-07-24 14:11:24,2012-07-23,train,868_8
868,2697,58,Electronics Store,40.82593,-73.85714,2012-07-24 14:12:02,2012-07-23,train,868_8
868,2363,32,Hardware Store,40.82725456465587,-73.839111328125,2012-07-28 15:26:15,2012-07-23,train,868_8
873,1127,254,Department Store,40.7926289275032,-74.04188632965088,2012-07-27 19:27:52,2012-07-23,train,873_4
873,3256,274,Fried Chicken Joint,40.70398500916831,-74.09881353378296,2012-07-28 10:29:48,2012-07-23,train,873_4
879,3803,74,Government Building,40.82928664069823,-74.10278432981012,2012-07-26 19:34:13,2012-07-23,train,879_9
879,4099,6,Home (private),40.7922692430266,-74.07113588841028,2012-07-27 19:57:00,2012-07-23,train,879_9
879,1776,146,Movie Theater,40.78531820515752,-74.04664993286133,2012-07-28 19:10:41,2012-07-23,train,879_9
888,4023,6,Home (private),40.869261377738766,-73.91834636014222,2012-07-28 03:15:30,2012-07-23,train,888_13
888,4023,6,Home (private),40.869261377738766,-73.91834636014222,2012-07-29 04:16:53,2012-07-23,train,888_13
889,2108,61,Office,40.702476960680805,-74.01283556418846,2012-07-24 10:12:47,2012-07-23,train,889_14
889,1092,137,Gym / Fitness Center,40.7645927195712,-73.96637877979919,2012-07-28 20:35:41,2012-07-23,train,889_14
890,2837,83,Church,40.78522707750425,-73.80897434903926,2012-07-24 05:58:46,2012-07-23,train,890_16
890,3435,233,Other Great Outdoors,40.78761540286519,-73.79292423185066,2012-07-24 05:59:23,2012-07-23,train,890_16
890,4329,121,Park,40.79026720890064,-73.79855398377602,2012-07-28 08:24:49,2012-07-23,train,890_16
890,2837,83,Church,40.78522707750425,-73.80897434903926,2012-07-28 08:25:06,2012-07-23,train,890_16
890,4930,223,Harbor / Marina,40.79133224487305,-73.80516052246094,2012-07-28 08:25:24,2012-07-23,train,890_16
890,3435,233,Other Great Outdoors,40.78761540286519,-73.79292423185066,2012-07-29 17:57:18,2012-07-23,train,890_16
890,4329,121,Park,40.79026720890064,-73.79855398377602,2012-07-29 18:26:17,2012-07-23,train,890_16
893,2313,61,Office,40.7903220753707,-74.04909610748291,2012-07-24 08:17:45,2012-07-23,train,893_14
893,2070,138,Gym / Fitness Center,40.666351,-74.117888,2012-07-26 19:14:38,2012-07-23,train,893_14
901,1489,53,Bar,40.63357692052703,-74.00645452100342,2012-07-28 01:27:47,2012-07-23,train,901_10
901,3393,37,Bar,40.62903398153488,-74.00538142897794,2012-07-28 03:50:00,2012-07-23,train,901_10
901,1489,53,Bar,40.63357692052703,-74.00645452100342,2012-07-29 00:39:01,2012-07-23,train,901_10
901,3393,37,Bar,40.62903398153488,-74.00538142897794,2012-07-29 01:06:53,2012-07-23,train,901_10
901,1489,53,Bar,40.63357692052703,-74.00645452100342,2012-07-29 03:04:57,2012-07-23,train,901_10
901,1393,97,Diner,40.61000618011367,-74.00673570454957,2012-07-29 06:01:26,2012-07-23,train,901_10
906,1930,301,Neighborhood,40.71834202528393,-74.00061816553153,2012-07-29 11:45:06,2012-07-23,train,906_7
906,56,189,Cupcake Shop,40.73589287214794,-74.00520443916321,2012-07-29 17:34:28,2012-07-23,train,906_7
907,3294,61,Office,40.75010293240894,-73.91019674628517,2012-07-24 09:07:39,2012-07-23,train,907_13
907,1932,42,Food & Drink Shop,40.75258879956551,-73.92107963562012,2012-07-28 13:40:56,2012-07-23,train,907_13
907,3943,6,Home (private),40.76071686239771,-73.91834636014222,2012-07-29 01:27:40,2012-07-23,train,907_13
908,4736,6,Home (private),40.77728739385495,-73.96537147003376,2012-07-24 17:02:22,2012-07-23,train,908_5
908,4736,6,Home (private),40.77728739385495,-73.96537147003376,2012-07-28 15:38:29,2012-07-23,train,908_5
908,4736,6,Home (private),40.77728739385495,-73.96537147003376,2012-07-29 15:58:08,2012-07-23,train,908_5
909,919,221,Bridge,40.85121557428245,-73.95206451416016,2012-07-24 15:39:32,2012-07-23,train,909_12
909,3833,6,Home (private),40.82329902868254,-73.94186034276925,2012-07-29 00:55:20,2012-07-23,train,909_12
922,3109,63,Office,40.73930718066654,-73.98940086364746,2012-07-24 12:22:58,2012-07-23,train,922_13
922,4054,201,Ice Cream Shop,40.72634864558351,-73.98415714502335,2012-07-27 22:56:15,2012-07-23,train,922_13
922,2960,95,Chinese Restaurant,40.72770626274386,-73.985601,2012-07-28 20:06:23,2012-07-23,train,922_13
923,356,259,Hotel,40.75671463992893,-73.97383443019756,2012-07-24 07:40:08,2012-07-23,train,923_15
923,4061,47,Bar,40.78133756458156,-73.94936573145294,2012-07-28 14:38:35,2012-07-23,train,923_15
923,4623,6,Home (private),40.78549052086682,-73.95361626406626,2012-07-29 08:29:40,2012-07-23,train,923_15
925,3141,264,Subway,40.60790819430413,-74.00176041628802,2012-07-24 05:56:58,2012-07-23,train,925_16
925,3470,259,Hotel,40.71982701192806,-74.00000095367432,2012-07-28 08:18:44,2012-07-23,train,925_16
929,3189,264,Subway,40.67396595585016,-73.88071775436401,2012-07-24 10:27:38,2012-07-23,train,929_2
929,1514,264,Subway,40.73977358599364,-74.00257587432861,2012-07-24 11:49:34,2012-07-23,train,929_2
929,3246,80,Building,40.74154412469018,-74.001014398825,2012-07-24 12:21:17,2012-07-23,train,929_2
929,2283,264,Subway,40.74590514014295,-73.99804159998894,2012-07-28 18:04:33,2012-07-23,train,929_2
929,406,147,Movie Theater,40.73416736029532,-73.99048715829849,2012-07-29 14:18:16,2012-07-23,train,929_2
933,1392,214,Bar,40.7608782375,-73.990818,2012-07-27 22:53:55,2012-07-23,train,933_1
933,516,59,Bar,40.726876,-73.983532,2012-07-29 00:46:29,2012-07-23,train,933_1
934,3054,122,Plaza,40.72655953478189,-74.032541513443,2012-07-27 21:03:24,2012-07-23,train,934_3
934,2069,262,Light Rail,40.66130995253368,-74.11637130665052,2012-07-28 14:28:48,2012-07-23,train,934_3
934,3054,122,Plaza,40.72655953478189,-74.032541513443,2012-07-29 00:28:44,2012-07-23,train,934_3
934,3550,92,Asian Restaurant,40.72678719273266,-74.03197288513182,2012-07-29 00:29:02,2012-07-23,train,934_3
934,2312,262,Light Rail,40.72703111110143,-74.0348482131958,2012-07-29 00:29:26,2012-07-23,train,934_3
934,2069,262,Light Rail,40.66130995253368,-74.11637130665052,2012-07-29 01:06:21,2012-07-23,train,934_3
934,2932,83,Church,40.64996585880742,-74.12832863753725,2012-07-29 09:56:40,2012-07-23,train,934_3
934,2069,262,Light Rail,40.66130995253368,-74.11637130665052,2012-07-29 16:08:58,2012-07-23,train,934_3
934,3054,122,Plaza,40.72655953478189,-74.032541513443,2012-07-29 19:09:24,2012-07-23,train,934_3
934,3550,92,Asian Restaurant,40.72678719273266,-74.03197288513182,2012-07-29 19:58:50,2012-07-23,train,934_3
934,2312,262,Light Rail,40.72703111110143,-74.0348482131958,2012-07-29 23:25:45,2012-07-23,train,934_3
934,2069,262,Light Rail,40.66130995253368,-74.11637130665052,2012-07-29 23:52:32,2012-07-23,train,934_3
940,2800,96,Deli / Bodega,40.80276513058523,-73.96798610687256,2012-07-24 14:42:44,2012-07-23,train,940_12
940,325,37,Bar,40.802321434021,-73.967963,2012-07-27 21:04:20,2012-07-23,train,940_12
940,4989,128,Bakery,40.80323038208842,-73.9670617959612,2012-07-28 11:29:43,2012-07-23,train,940_12
940,2800,96,Deli / Bodega,40.80276513058523,-73.96798610687256,2012-07-28 11:38:16,2012-07-23,train,940_12
940,2800,96,Deli / Bodega,40.80276513058523,-73.96798610687256,2012-07-29 09:26:20,2012-07-23,train,940_12
943,361,137,Gym / Fitness Center,40.75231,-73.975419,2012-07-24 05:32:58,2012-07-23,train,943_7
943,2833,281,Residential Building (Apartment / Condo),40.75455194816804,-73.97195763083973,2012-07-29 19:30:44,2012-07-23,train,943_7
944,357,70,Train Station,40.750794799423865,-73.99357639021292,2012-07-24 15:24:13,2012-07-23,train,944_2
944,955,121,Park,40.76825672305774,-73.981032371521,2012-07-24 16:26:35,2012-07-23,train,944_2
946,204,37,Bar,40.719119,-73.958428,2012-07-28 12:02:07,2012-07-23,train,946_11
946,204,37,Bar,40.719119,-73.958428,2012-07-29 12:52:54,2012-07-23,train,946_11
954,1274,61,Office,40.70986496772808,-74.01053451111994,2012-07-24 06:35:42,2012-07-23,train,954_16
954,1241,222,Coffee Shop,40.70964742200671,-74.01051729615469,2012-07-24 06:36:02,2012-07-23,train,954_16
954,1522,264,Subway,40.71037756449118,-74.00755405426025,2012-07-24 06:36:19,2012-07-23,train,954_16
954,2753,264,Subway,40.816188,-73.917947,2012-07-24 08:09:20,2012-07-23,train,954_16
954,4890,96,Deli / Bodega,40.82161194372715,-73.91215452192912,2012-07-24 08:09:42,2012-07-23,train,954_16
954,3274,6,Home (private),40.81827071326029,-73.90658830179062,2012-07-24 08:10:01,2012-07-23,train,954_16
957,1235,137,Gym / Fitness Center,40.738949,-73.989828,2012-07-24 11:43:33,2012-07-23,train,957_14
957,1668,197,Sandwich Place,40.74189364184281,-73.99029438099387,2012-07-24 14:39:18,2012-07-23,train,957_14
959,4104,96,Deli / Bodega,40.79437893161566,-73.94883189698274,2012-07-28 14:09:00,2012-07-23,train,959_8
959,4296,39,Beer Garden,40.69404523765856,-73.96137714385986,2012-07-28 20:53:08,2012-07-23,train,959_8
959,2301,119,Other Great Outdoors,40.79635422265448,-73.94995602401873,2012-07-29 15:11:26,2012-07-23,train,959_8
960,3417,63,Office,40.74226610630077,-73.98446559906006,2012-07-24 08:42:05,2012-07-23,train,960_11
960,526,222,Coffee Shop,40.741136037741065,-73.9857892696372,2012-07-24 16:28:15,2012-07-23,train,960_11
963,1169,4,Gym / Fitness Center,40.72125203810384,-73.9891728758812,2012-07-24 06:24:08,2012-07-23,train,963_11
963,640,137,Gym / Fitness Center,40.72424,-73.997779,2012-07-28 10:24:06,2012-07-23,train,963_11
963,558,27,Italian Restaurant,40.726233952623296,-73.99176927982109,2012-07-29 20:15:48,2012-07-23,train,963_11
964,2949,85,Theater,40.76082902803841,-73.98788401609518,2012-07-24 16:58:19,2012-07-23,train,964_8
964,660,122,Plaza,40.76803326982161,-73.98186922073364,2012-07-28 00:29:58,2012-07-23,train,964_8
968,4516,102,American Restaurant,40.69379488214113,-73.98541049112558,2012-07-27 19:13:55,2012-07-23,train,968_5
968,203,40,Candy Store,40.76215645567817,-73.96609179749629,2012-07-28 21:58:14,2012-07-23,train,968_5
968,2266,121,Park,40.702634,-73.996119,2012-07-29 13:20:24,2012-07-23,train,968_5
968,452,318,Other Great Outdoors,40.69118178774824,-74.01678085327148,2012-07-29 13:56:00,2012-07-23,train,968_5
968,288,288,Ferry,40.70145732419213,-74.01321428847186,2012-07-29 17:07:01,2012-07-23,train,968_5
971,670,137,Gym / Fitness Center,40.74618839286139,-73.98157101223633,2012-07-26 18:38:56,2012-07-23,train,971_11
971,1809,47,Bar,40.74536761201321,-73.97914332007753,2012-07-26 18:57:36,2012-07-23,train,971_11
971,924,222,Coffee Shop,40.76139825093475,-73.96798013320362,2012-07-27 18:50:56,2012-07-23,train,971_11
971,482,254,Department Store,40.76232480057456,-73.9678144454956,2012-07-27 20:07:42,2012-07-23,train,971_11
971,285,47,Bar,40.740015,-73.982205,2012-07-28 00:58:32,2012-07-23,train,971_11
971,1235,137,Gym / Fitness Center,40.738949,-73.989828,2012-07-28 09:48:10,2012-07-23,train,971_11
971,1497,222,Coffee Shop,40.7388714434338,-73.98297136918099,2012-07-28 14:09:30,2012-07-23,train,971_11
971,1348,37,Bar,40.729751,-73.9987545,2012-07-28 17:07:38,2012-07-23,train,971_11
971,1099,37,Bar,40.750576116091054,-73.97616462044513,2012-07-28 23:54:49,2012-07-23,train,971_11
971,285,47,Bar,40.740015,-73.982205,2012-07-29 02:17:07,2012-07-23,train,971_11
971,1235,137,Gym / Fitness Center,40.738949,-73.989828,2012-07-29 10:28:56,2012-07-23,train,971_11
971,695,31,Bar,40.741128,-73.989902,2012-07-29 13:42:26,2012-07-23,train,971_11
971,4030,28,Salon / Barbershop,40.73977169748964,-73.98540475205147,2012-07-29 15:00:37,2012-07-23,train,971_11
971,1809,47,Bar,40.74536761201321,-73.97914332007753,2012-07-29 16:29:10,2012-07-23,train,971_11
972,1361,222,Coffee Shop,40.71388620551895,-74.00896220456364,2012-07-24 06:58:32,2012-07-23,train,972_14
972,4550,274,Fried Chicken Joint,40.73281984465465,-73.99811267852782,2012-07-27 20:00:51,2012-07-23,train,972_14
972,232,121,Park,40.73083612189599,-73.99764060974121,2012-07-27 20:21:56,2012-07-23,train,972_14
972,4642,138,Gym / Fitness Center,40.759248360466025,-73.99605617816322,2012-07-28 08:48:50,2012-07-23,train,972_14
972,764,221,Bridge,40.713565479798646,-73.97236347198486,2012-07-29 11:15:24,2012-07-23,train,972_14
972,3071,222,Coffee Shop,40.715666,-73.955944,2012-07-29 12:42:05,2012-07-23,train,972_14
973,3407,301,Neighborhood,40.82507881379304,-73.92013549804688,2012-07-29 22:34:52,2012-07-23,train,973_15
973,190,157,Stadium,40.82827721161922,-73.92655344439045,2012-07-29 22:35:41,2012-07-23,train,973_15
975,1130,61,Office,40.75628266864383,-73.9934220712574,2012-07-24 09:34:19,2012-07-23,train,975_10
975,135,159,Art Museum,40.745617059012616,-73.94767812067376,2012-07-28 12:24:18,2012-07-23,train,975_10
980,1571,264,Subway,40.86046649134126,-73.9255428314209,2012-07-24 08:12:47,2012-07-23,train,980_14
980,2397,6,Home (private),40.86107855194721,-73.93010370763155,2012-07-28 06:18:32,2012-07-23,train,980_14
980,2029,138,Gym / Fitness Center,40.86453987872689,-73.92629470350731,2012-07-29 10:47:23,2012-07-23,train,980_14
980,2029,138,Gym / Fitness Center,40.86453987872689,-73.92629470350731,2012-07-29 11:14:54,2012-07-23,train,980_14
982,1759,26,Drugstore / Pharmacy,40.7796238877232,-73.95570849054509,2012-07-24 07:07:44,2012-07-23,train,982_14
982,4791,139,Medical Center,40.77846185063751,-73.96112693603378,2012-07-24 08:16:47,2012-07-23,train,982_14
982,776,217,Soup Place,40.774626,-73.959236,2012-07-24 12:47:12,2012-07-23,train,982_14
982,4589,301,Neighborhood,40.703768122633,-73.71324051534808,2012-07-28 23:42:26,2012-07-23,train,982_14
982,4589,301,Neighborhood,40.703768122633,-73.71324051534808,2012-07-29 07:58:01,2012-07-23,train,982_14
982,4589,301,Neighborhood,40.703768122633,-73.71324051534808,2012-07-29 17:43:06,2012-07-23,train,982_14
982,3117,301,Neighborhood,40.72210532274628,-73.74048523807042,2012-07-29 20:49:27,2012-07-23,train,982_14
982,2951,34,Gas Station / Garage,40.70913584192371,-73.72298145775416,2012-07-29 20:52:42,2012-07-23,train,982_14
985,1104,222,Coffee Shop,40.74627135089917,-73.97983776942861,2012-07-24 08:59:26,2012-07-23,train,985_15
985,1477,317,City,40.71421605600625,-74.00596618652344,2012-07-24 09:00:01,2012-07-23,train,985_15
985,4998,39,Beer Garden,40.76094971456963,-73.96321621123305,2012-07-24 09:36:26,2012-07-23,train,985_15
990,3669,190,Salad Place,40.74267913514375,-73.99292279201251,2012-07-24 13:08:31,2012-07-23,train,990_7
990,4073,42,Food & Drink Shop,40.71849920122941,-73.99673335012453,2012-07-29 10:35:10,2012-07-23,train,990_7
995,405,241,Airport,40.645089355976346,-73.7845230102539,2012-07-27 22:01:32,2012-07-23,train,995_10
995,4502,6,Home (private),40.66624695097502,-73.74190167904314,2012-07-29 12:38:16,2012-07-23,train,995_10
995,3747,128,Bakery,40.76425843924171,-73.95432515541168,2012-07-29 18:53:56,2012-07-23,train,995_10
998,1091,134,Event Space,40.75985073933092,-73.98114631180196,2012-07-27 17:27:44,2012-07-23,train,998_12
998,4393,6,Home (private),40.71817725945528,-74.17684116064805,2012-07-28 14:45:55,2012-07-23,train,998_12
998,2436,265,Mall,40.6604102104649,-74.17167256012242,2012-07-29 17:36:42,2012-07-23,train,998_12
998,4393,6,Home (private),40.71817725945528,-74.17684116064805,2012-07-29 18:22:05,2012-07-23,train,998_12
1004,1757,61,Office,40.72852752666652,-74.00748169970981,2012-07-24 09:55:48,2012-07-23,train,1004_11
1004,1147,197,Sandwich Place,40.727297,-74.005485,2012-07-24 14:54:17,2012-07-23,train,1004_11
1004,357,70,Train Station,40.750794799423865,-73.99357639021292,2012-07-28 11:26:47,2012-07-23,train,1004_11
1004,804,70,Train Station,40.73420076077984,-74.16483829470191,2012-07-28 15:36:56,2012-07-23,train,1004_11
1004,1311,95,Chinese Restaurant,40.72894871751376,-74.00533552116346,2012-07-29 14:28:42,2012-07-23,train,1004_11
1008,2233,12,Gym / Fitness Center,40.77792543423929,-73.96661281585693,2012-07-29 14:54:28,2012-07-23,train,1008_8
1008,1510,137,Gym / Fitness Center,40.75817622525516,-73.9703505709776,2012-07-29 16:56:08,2012-07-23,train,1008_8
1009,1296,132,Fast Food Restaurant,40.85577270695202,-73.9667805543053,2012-07-24 08:38:47,2012-07-23,train,1009_8
1009,43,133,Hot Dog Joint,40.77836414910471,-73.98163318634033,2012-07-24 16:37:10,2012-07-23,train,1009_8
1009,4237,6,Home (private),40.81024606751669,-73.98887973002674,2012-07-27 20:44:47,2012-07-23,train,1009_8
1011,818,130,Burger Joint,40.66409703053375,-73.9440847234983,2012-07-29 11:16:38,2012-07-23,train,1011_13
1011,2838,301,Neighborhood,40.66911608150882,-73.94283771514893,2012-07-29 12:23:03,2012-07-23,train,1011_13
1011,3754,257,Road,40.66988610830078,-73.93123749622983,2012-07-29 12:23:15,2012-07-23,train,1011_13
1011,1282,178,General College & University,40.67001796521196,-73.9442110101535,2012-07-29 12:23:27,2012-07-23,train,1011_13
1011,1046,42,Food & Drink Shop,40.67003926666667,-73.944317,2012-07-29 12:23:40,2012-07-23,train,1011_13
1011,4150,6,Home (private),40.66521166066117,-73.94186034276925,2012-07-29 12:23:44,2012-07-23,train,1011_13
1013,740,227,Beach,40.57334843776636,-73.98030281066895,2012-07-24 17:20:56,2012-07-23,train,1013_7
1013,565,310,Concert Hall,40.76950686568525,-73.99265306590263,2012-07-26 19:09:40,2012-07-23,train,1013_7
1013,279,121,Park,40.7714256153356,-73.97350072860723,2012-07-29 11:57:59,2012-07-23,train,1013_7
1016,232,121,Park,40.73083612189599,-73.99764060974121,2012-07-26 19:41:53,2012-07-23,train,1016_10
1016,399,108,Gastropub,40.735697,-74.006838,2012-07-29 23:54:24,2012-07-23,train,1016_10
1019,2749,61,Office,40.91085000393453,-74.03146676029525,2012-07-24 09:10:12,2012-07-23,train,1019_16
1019,1939,42,Food & Drink Shop,40.9141953501792,-74.05796798433062,2012-07-24 13:25:35,2012-07-23,train,1019_16
1019,4945,6,Home (private),40.72966216538398,-74.04763775758458,2012-07-26 18:49:33,2012-07-23,train,1019_16
1019,4945,6,Home (private),40.72966216538398,-74.04763775758458,2012-07-28 19:31:23,2012-07-23,train,1019_16
1019,492,37,Bar,40.722839538401246,-74.04749719603645,2012-07-28 22:39:58,2012-07-23,train,1019_16
1019,4945,6,Home (private),40.72966216538398,-74.04763775758458,2012-07-29 03:11:37,2012-07-23,train,1019_16
1019,4945,6,Home (private),40.72966216538398,-74.04763775758458,2012-07-29 18:47:22,2012-07-23,train,1019_16
1023,472,41,Bar,40.73941066749412,-74.00158825866993,2012-07-28 01:17:53,2012-07-23,train,1023_11
1023,1359,102,American Restaurant,40.74131915864618,-74.00611595251165,2012-07-28 14:39:57,2012-07-23,train,1023_11
1027,1733,264,Subway,40.75650612666626,-73.98802757263184,2012-07-24 17:14:19,2012-07-23,train,1027_16
1027,4739,61,Office,40.7533563254318,-73.9873330712967,2012-07-26 17:15:41,2012-07-23,train,1027_16
1027,4739,61,Office,40.7533563254318,-73.9873330712967,2012-07-27 17:10:03,2012-07-23,train,1027_16
1027,1728,264,Subway,40.85895411971588,-73.93261525573462,2012-07-27 20:09:36,2012-07-23,train,1027_16
1027,402,259,Hotel,40.758328,-73.985457,2012-07-27 23:10:02,2012-07-23,train,1027_16
1027,1758,264,Subway,40.85541922129015,-73.92921209335327,2012-07-28 01:33:33,2012-07-23,train,1027_16
1027,3197,6,Home (private),40.86107855194721,-73.93010370763155,2012-07-28 07:52:15,2012-07-23,train,1027_16
1027,1728,264,Subway,40.85895411971588,-73.93261525573462,2012-07-28 10:27:38,2012-07-23,train,1027_16
1027,1733,264,Subway,40.75650612666626,-73.98802757263184,2012-07-28 11:03:10,2012-07-23,train,1027_16
1027,2005,96,Deli / Bodega,40.75453936473234,-73.98837089538574,2012-07-28 11:06:49,2012-07-23,train,1027_16
1027,1132,315,Office,40.738154694458274,-74.00123246576868,2012-07-28 19:54:58,2012-07-23,train,1027_16
1034,3006,61,Office,40.838915391622365,-74.18075406522664,2012-07-24 13:40:13,2012-07-23,train,1034_14
1034,1777,42,Food & Drink Shop,40.8377843193101,-74.1840505873695,2012-07-26 18:57:47,2012-07-23,train,1034_14
1034,4781,6,Home (private),40.78407280625795,-74.22380201337529,2012-07-27 20:37:15,2012-07-23,train,1034_14
1034,4133,281,Residential Building (Apartment / Condo),40.76926045164202,-74.1994431351561,2012-07-28 03:18:20,2012-07-23,train,1034_14
1034,4133,281,Residential Building (Apartment / Condo),40.76926045164202,-74.1994431351561,2012-07-28 22:58:24,2012-07-23,train,1034_14
1034,2760,79,Hotel,40.769253995481485,-74.1994603328166,2012-07-29 17:02:25,2012-07-23,train,1034_14
1041,2903,254,Department Store,40.78257007402086,-73.83682057709747,2012-07-24 07:11:45,2012-07-23,train,1041_12
1041,2903,254,Department Store,40.78257007402086,-73.83682057709747,2012-07-28 07:30:59,2012-07-23,train,1041_12
1042,2979,264,Subway,40.6782621941429,-73.89171481132507,2012-07-24 04:22:21,2012-07-23,train,1042_16
1042,104,197,Sandwich Place,40.75187357799962,-73.9740800857544,2012-07-24 05:23:12,2012-07-23,train,1042_16
1042,2979,264,Subway,40.6782621941429,-73.89171481132507,2012-07-28 17:02:13,2012-07-23,train,1042_16
1045,1597,264,Subway,40.874486,-73.909589,2012-07-28 09:15:29,2012-07-23,train,1045_14
1045,1571,264,Subway,40.86046649134126,-73.9255428314209,2012-07-28 09:47:44,2012-07-23,train,1045_14
1049,2475,264,Subway,40.82406998798592,-73.8930669417162,2012-07-24 06:55:14,2012-07-23,train,1049_10
1049,4351,80,Building,40.75289564886534,-74.00650042854939,2012-07-24 10:40:20,2012-07-23,train,1049_10
1051,600,50,Bar,40.73949150137504,-74.00168581467251,2012-07-27 20:25:40,2012-07-23,train,1051_10
1051,4054,201,Ice Cream Shop,40.72634864558351,-73.98415714502335,2012-07-29 18:37:21,2012-07-23,train,1051_10
1051,2205,27,Italian Restaurant,40.72154512476467,-73.98884242671608,2012-07-29 19:00:34,2012-07-23,train,1051_10
1052,3873,282,Convenience Store,40.69965414032614,-73.80788868047459,2012-07-24 13:25:35,2012-07-23,train,1052_15
1052,3028,304,Train Station,40.69968865343515,-73.80783123752808,2012-07-24 13:25:54,2012-07-23,train,1052_15
1052,3088,70,Train Station,40.69978803615198,-73.80866289138794,2012-07-24 13:26:15,2012-07-23,train,1052_15
1052,4184,264,Subway,40.69772338867188,-73.81159210205078,2012-07-24 13:27:44,2012-07-23,train,1052_15
1052,4000,262,Light Rail,40.74870949127519,-73.92597321669481,2012-07-24 13:38:13,2012-07-23,train,1052_15
1052,4244,301,Neighborhood,40.669929843442304,-73.81906986236572,2012-07-28 04:45:36,2012-07-23,train,1052_15
1052,4301,257,Road,40.67562089466698,-73.81916440891932,2012-07-28 04:46:04,2012-07-23,train,1052_15
1052,3128,73,Bus Station,40.67209207473571,-73.8066996080942,2012-07-28 04:46:24,2012-07-23,train,1052_15
1052,4362,231,Campground,40.67172008474036,-73.8066029548645,2012-07-28 04:46:46,2012-07-23,train,1052_15
1052,4882,245,General Entertainment,40.67178890039381,-73.80651578950645,2012-07-28 04:47:05,2012-07-23,train,1052_15
1052,3935,55,Bar,40.677160037990255,-73.80491885836852,2012-07-28 04:47:29,2012-07-23,train,1052_15
1052,3988,121,Park,40.82701341208743,-73.95469251508553,2012-07-29 15:01:20,2012-07-23,train,1052_15
1052,884,121,Park,40.82540355725982,-73.95661354064941,2012-07-29 15:02:02,2012-07-23,train,1052_15
1052,4276,12,Gym / Fitness Center,40.825143762613614,-73.95717144012451,2012-07-29 23:31:39,2012-07-23,train,1052_15
1054,3344,266,Bus Station,40.70607071394375,-73.89598649502742,2012-07-24 14:35:27,2012-07-23,train,1054_13
1054,2098,264,Subway,40.69783672870847,-73.92736598127738,2012-07-24 14:46:31,2012-07-23,train,1054_13
1054,2103,264,Subway,40.6930853448663,-73.92848253250122,2012-07-24 16:16:47,2012-07-23,train,1054_13
1054,4350,73,Bus Station,40.69515682857844,-73.92620859102044,2012-07-24 16:34:56,2012-07-23,train,1054_13
1054,4195,6,Home (private),40.69321217941903,-73.93010370763156,2012-07-28 03:33:43,2012-07-23,train,1054_13
1054,3344,266,Bus Station,40.70607071394375,-73.89598649502742,2012-07-28 18:53:07,2012-07-23,train,1054_13
1054,2098,264,Subway,40.69783672870847,-73.92736598127738,2012-07-28 19:01:05,2012-07-23,train,1054_13
1054,3344,266,Bus Station,40.70607071394375,-73.89598649502742,2012-07-29 14:24:25,2012-07-23,train,1054_13
1054,2103,264,Subway,40.6930853448663,-73.92848253250122,2012-07-29 19:06:40,2012-07-23,train,1054_13
1054,4195,6,Home (private),40.69321217941903,-73.93010370763156,2012-07-29 22:05:58,2012-07-23,train,1054_13
1067,1654,61,Office,40.75241411957849,-73.97532093413172,2012-07-24 05:47:10,2012-07-23,train,1067_1
1067,5011,281,Residential Building (Apartment / Condo),40.93460889331033,-73.90130325973576,2012-07-27 20:43:45,2012-07-23,train,1067_1
1071,288,288,Ferry,40.70145732419213,-74.01321428847186,2012-07-27 17:39:24,2012-07-23,train,1071_10
1071,2919,285,Ferry,40.6997717683002,-74.01339054107666,2012-07-27 17:51:13,2012-07-23,train,1071_10
1071,2921,285,Ferry,40.654193,-74.056156,2012-07-27 21:38:28,2012-07-23,train,1071_10
1071,1859,264,Subway,40.74683429891953,-73.89155387878418,2012-07-29 20:32:37,2012-07-23,train,1071_10
1071,4077,254,Department Store,40.75764856382876,-73.8357178307075,2012-07-29 21:00:48,2012-07-23,train,1071_10
1072,3880,6,Home (private),40.610828321124906,-73.97712595918333,2012-07-27 22:37:37,2012-07-23,train,1072_14
1072,1928,222,Coffee Shop,40.619196108296535,-73.99012221307656,2012-07-28 09:09:16,2012-07-23,train,1072_14
1072,1945,141,Bagel Shop,40.58802,-73.953244,2012-07-28 09:53:04,2012-07-23,train,1072_14
