user_index,poi_index,cat_index,POI_catname,latitude,longitude,local_time,week_start,split_week,session_id
6,2018,98,Donut Shop,40.74319277572364,-73.92275333404541,2012-08-09 08:31:05,2012-08-06,train,6_11
6,2018,98,Donut Shop,40.74319277572364,-73.92275333404541,2012-08-10 08:38:39,2012-08-06,train,6_11
6,4441,6,Home (private),40.71448092304508,-73.87130987645999,2012-08-11 21:21:43,2012-08-06,train,6_11
6,4441,6,Home (private),40.71448092304508,-73.87130987645999,2012-08-12 10:48:45,2012-08-06,train,6_11
6,2509,26,Drugstore / Pharmacy,40.71292912879564,-73.87201398611069,2012-08-12 16:18:57,2012-08-06,train,6_11
10,662,37,Bar,40.73466222781335,-73.98840052540763,2012-08-10 21:37:07,2012-08-06,train,10_14
10,2787,37,Bar,40.729395470403695,-73.98717237876596,2012-08-10 22:20:18,2012-08-06,train,10_14
10,3376,48,Bar,40.739489,-74.002074,2012-08-11 16:11:23,2012-08-06,train,10_14
10,254,121,Park,40.74706188749892,-74.00519371032715,2012-08-11 18:04:47,2012-08-06,train,10_14
10,11,37,Bar,40.72988845526377,-74.00061269591029,2012-08-12 00:49:47,2012-08-06,train,10_14
11,3514,266,Bus Station,40.70274304822531,-73.79873780972557,2012-08-06 07:04:36,2012-08-06,train,11_6
11,2874,222,Coffee Shop,40.730185708117375,-73.8631010055542,2012-08-09 06:40:40,2012-08-06,train,11_6
11,3514,266,Bus Station,40.70274304822531,-73.79873780972557,2012-08-09 07:32:03,2012-08-06,train,11_6
11,4960,281,Residential Building (Apartment / Condo),40.731154,-73.860719,2012-08-09 18:09:22,2012-08-06,train,11_6
11,3514,266,Bus Station,40.70274304822531,-73.79873780972557,2012-08-10 07:21:35,2012-08-06,train,11_6
11,357,70,Train Station,40.750794799423865,-73.99357639021292,2012-08-11 08:02:19,2012-08-06,train,11_6
11,1384,70,Train Station,40.7043591450871,-74.19071674346924,2012-08-11 08:41:09,2012-08-06,train,11_6
11,4086,70,Train Station,40.74947590412627,-73.99223327636719,2012-08-12 11:49:26,2012-08-06,train,11_6
11,4960,281,Residential Building (Apartment / Condo),40.731154,-73.860719,2012-08-12 13:29:23,2012-08-06,train,11_6
11,479,265,Mall,40.73405557647634,-73.87084722518921,2012-08-12 14:39:26,2012-08-06,train,11_6
11,1273,254,Department Store,40.76214602208933,-73.96845817565918,2012-08-12 16:10:32,2012-08-06,train,11_6
11,3332,122,Plaza,40.7587486226439,-73.97859808949039,2012-08-12 18:44:49,2012-08-06,train,11_6
11,2853,122,Plaza,40.74982540095488,-73.98783445358276,2012-08-12 20:33:48,2012-08-06,train,11_6
11,625,122,Plaza,40.756489872673846,-73.98626804351807,2012-08-12 22:04:37,2012-08-06,train,11_6
16,2068,138,Gym / Fitness Center,40.70257473392312,-73.8189978337963,2012-08-09 16:01:11,2012-08-06,train,16_13
16,2719,70,Train Station,40.74982540095488,-73.8627576828003,2012-08-10 11:46:00,2012-08-06,train,16_13
16,986,42,Food & Drink Shop,40.81967266642876,-73.95994453399868,2012-08-10 12:56:49,2012-08-06,train,16_13
16,568,208,Ramen /  Noodle House,40.729110403548944,-73.9842454555664,2012-08-10 20:59:48,2012-08-06,train,16_13
16,2068,138,Gym / Fitness Center,40.70257473392312,-73.8189978337963,2012-08-11 11:12:53,2012-08-06,train,16_13
16,571,159,Art Museum,40.72241283071901,-73.9931638235344,2012-08-11 17:32:12,2012-08-06,train,16_13
16,2748,33,Korean Restaurant,40.74766009494975,-73.9852268406692,2012-08-11 18:37:58,2012-08-06,train,16_13
19,3812,128,Bakery,40.76187382553413,-73.98713220561226,2012-08-09 15:13:45,2012-08-06,train,19_14
19,969,102,American Restaurant,40.75534381610773,-73.987034642204,2012-08-09 16:18:06,2012-08-06,train,19_14
19,478,146,Movie Theater,40.75699374459088,-73.98907899856567,2012-08-10 00:22:19,2012-08-06,train,19_14
19,625,122,Plaza,40.756489872673846,-73.98626804351807,2012-08-10 19:10:58,2012-08-06,train,19_14
19,270,232,Music Venue,40.75691210542717,-73.98881373185682,2012-08-10 23:43:35,2012-08-06,train,19_14
20,4113,6,Home (private),40.93190933538416,-74.01238511084367,2012-08-10 17:14:56,2012-08-06,train,20_17
20,4113,6,Home (private),40.93190933538416,-74.01238511084367,2012-08-10 22:35:47,2012-08-06,train,20_17
20,4179,6,Home (private),40.91220464465255,-74.01238511084367,2012-08-11 09:17:28,2012-08-06,train,20_17
20,4179,6,Home (private),40.91220464465255,-74.01238511084367,2012-08-11 17:34:52,2012-08-06,train,20_17
20,418,207,Dessert Shop,40.72173557159932,-73.9959356642583,2012-08-11 23:59:26,2012-08-06,train,20_17
21,2424,121,Park,40.8519621874379,-73.82696628570557,2012-08-09 16:26:31,2012-08-06,train,21_12
21,3727,6,Home (private),40.84594087143545,-73.82426211435131,2012-08-09 16:26:55,2012-08-06,train,21_12
21,3766,120,Other Great Outdoors,40.868482907830256,-73.83256673812866,2012-08-09 16:28:53,2012-08-06,train,21_12
21,2352,254,Department Store,40.86499,-73.829949,2012-08-09 16:29:24,2012-08-06,train,21_12
21,1892,265,Mall,40.86736752916331,-73.82752744881535,2012-08-09 16:29:38,2012-08-06,train,21_12
21,3819,147,Movie Theater,40.86674826031884,-73.82558031654254,2012-08-09 16:30:08,2012-08-06,train,21_12
21,1770,147,Movie Theater,40.86703055282099,-73.82539651545649,2012-08-09 16:30:32,2012-08-06,train,21_12
21,1892,265,Mall,40.86736752916331,-73.82752744881535,2012-08-09 16:35:36,2012-08-06,train,21_12
21,3227,132,Fast Food Restaurant,40.866503235282565,-73.8257646560669,2012-08-09 16:46:39,2012-08-06,train,21_12
21,3227,132,Fast Food Restaurant,40.866503235282565,-73.8257646560669,2012-08-09 16:48:14,2012-08-06,train,21_12
21,1892,265,Mall,40.86736752916331,-73.82752744881535,2012-08-09 16:48:25,2012-08-06,train,21_12
21,1892,265,Mall,40.86736752916331,-73.82752744881535,2012-08-09 16:49:42,2012-08-06,train,21_12
21,3585,120,Other Great Outdoors,40.86708740710768,-73.82829666137695,2012-08-09 16:50:12,2012-08-06,train,21_12
21,3766,120,Other Great Outdoors,40.868482907830256,-73.83256673812866,2012-08-09 16:50:33,2012-08-06,train,21_12
23,971,221,Bridge,40.705953265881305,-73.99656772613525,2012-08-09 13:43:23,2012-08-06,train,23_13
23,1475,241,Airport,40.773839,-73.87122,2012-08-09 19:06:55,2012-08-06,train,23_13
23,757,260,Food & Drink Shop,40.6724520326176,-73.97003700441346,2012-08-11 10:12:29,2012-08-06,train,23_13
34,1908,37,Bar,40.85785364392424,-74.14799451828003,2012-08-06 00:47:56,2012-08-06,train,34_17
34,4284,37,Bar,40.87210606748304,-74.11240830105251,2012-08-09 20:32:33,2012-08-06,train,34_17
34,1908,37,Bar,40.85785364392424,-74.14799451828003,2012-08-10 02:45:43,2012-08-06,train,34_17
34,3464,6,Home (private),40.85155841497341,-74.14161270853154,2012-08-10 04:05:05,2012-08-06,train,34_17
34,3464,6,Home (private),40.85155841497341,-74.14161270853154,2012-08-11 23:06:41,2012-08-06,train,34_17
34,3464,6,Home (private),40.85155841497341,-74.14161270853154,2012-08-12 04:29:39,2012-08-06,train,34_17
45,4747,55,Bar,40.718690227529656,-73.98931302179598,2012-08-09 20:55:59,2012-08-06,train,45_8
45,966,103,Southern / Soul Food Restaurant,40.81111202333411,-73.95779782440798,2012-08-12 15:07:40,2012-08-06,train,45_8
47,1028,137,Gym / Fitness Center,40.743854,-73.987898,2012-08-06 07:29:48,2012-08-06,train,47_17
47,475,63,Office,40.74106165791133,-74.0025638164589,2012-08-06 09:45:58,2012-08-06,train,47_17
47,393,80,Building,40.76123752676353,-73.97577434424304,2012-08-09 19:27:31,2012-08-06,train,47_17
47,78,259,Hotel,40.72201114788852,-74.00430259242555,2012-08-10 18:43:33,2012-08-06,train,47_17
47,3889,50,Bar,40.721488,-73.995029,2012-08-11 23:10:43,2012-08-06,train,47_17
47,1028,137,Gym / Fitness Center,40.743854,-73.987898,2012-08-12 08:48:27,2012-08-06,train,47_17
47,357,70,Train Station,40.750794799423865,-73.99357639021292,2012-08-12 11:12:03,2012-08-06,train,47_17
49,2445,61,Office,40.74190869100568,-73.98925563221387,2012-08-06 09:21:36,2012-08-06,train,49_14
49,2445,61,Office,40.74190869100568,-73.98925563221387,2012-08-09 09:23:34,2012-08-06,train,49_14
49,2445,61,Office,40.74190869100568,-73.98925563221387,2012-08-10 08:51:25,2012-08-06,train,49_14
49,482,254,Department Store,40.76232480057456,-73.9678144454956,2012-08-10 18:57:24,2012-08-06,train,49_14
50,1754,222,Coffee Shop,40.72111512901744,-73.8473308194441,2012-08-06 07:33:56,2012-08-06,train,50_0
50,1795,222,Coffee Shop,40.72040231147416,-73.84445160627365,2012-08-09 16:57:22,2012-08-06,train,50_0
50,1293,138,Gym / Fitness Center,40.721273088874895,-73.84692305545667,2012-08-10 07:41:10,2012-08-06,train,50_0
50,1754,222,Coffee Shop,40.72111512901744,-73.8473308194441,2012-08-10 07:43:12,2012-08-06,train,50_0
50,1293,138,Gym / Fitness Center,40.721273088874895,-73.84692305545667,2012-08-12 08:19:12,2012-08-06,train,50_0
52,357,70,Train Station,40.750794799423865,-73.99357639021292,2012-08-09 16:46:23,2012-08-06,train,52_15
52,2275,78,Library,40.73699909877152,-73.99245220578715,2012-08-09 16:50:59,2012-08-06,train,52_15
52,587,266,Bus Station,40.75722129839836,-73.99154663085938,2012-08-12 14:44:01,2012-08-06,train,52_15
55,1764,222,Coffee Shop,40.75610804485002,-73.98283362960619,2012-08-10 13:37:17,2012-08-06,train,55_11
55,4064,290,Filipino Restaurant,40.72687935074888,-73.98571466180762,2012-08-10 20:13:45,2012-08-06,train,55_11
55,3760,146,Movie Theater,40.71621993235362,-73.96228637176877,2012-08-11 19:21:09,2012-08-06,train,55_11
56,318,128,Bakery,40.73019307158212,-73.9892728490903,2012-08-09 17:38:06,2012-08-06,train,56_15
56,598,52,Bar,40.76401977376754,-73.9975740281675,2012-08-09 23:50:18,2012-08-06,train,56_15
56,933,96,Deli / Bodega,40.730642,-73.992378,2012-08-10 11:08:03,2012-08-06,train,56_15
56,112,37,Bar,40.73698799811338,-73.98458,2012-08-11 22:40:02,2012-08-06,train,56_15
56,193,41,Bar,40.71978727764392,-73.98724124700989,2012-08-12 00:54:32,2012-08-06,train,56_15
56,1464,96,Deli / Bodega,40.72230706635953,-73.98735165596008,2012-08-12 02:20:36,2012-08-06,train,56_15
62,4285,6,Home (private),40.87454170662472,-74.09463109843134,2012-08-09 05:22:11,2012-08-06,train,62_18
62,4285,6,Home (private),40.87454170662472,-74.09463109843134,2012-08-09 14:55:35,2012-08-06,train,62_18
62,3190,135,Post Office,40.873059,-74.109526,2012-08-09 15:15:29,2012-08-06,train,62_18
62,3156,254,Department Store,40.86679532183928,-74.10016536712646,2012-08-10 18:57:29,2012-08-06,train,62_18
62,4155,281,Residential Building (Apartment / Condo),40.8706300946324,-74.09792627389562,2012-08-10 19:06:33,2012-08-06,train,62_18
62,3172,270,Parking,40.811340708909874,-74.0822696685791,2012-08-11 20:22:31,2012-08-06,train,62_18
62,2094,249,Racetrack,40.81721953702811,-74.07673358917236,2012-08-11 22:22:31,2012-08-06,train,62_18
62,4285,6,Home (private),40.87454170662472,-74.09463109843134,2012-08-11 23:21:04,2012-08-06,train,62_18
62,4801,308,Funeral Home,40.87053932297712,-74.0979549522799,2012-08-12 02:55:21,2012-08-06,train,62_18
64,2125,264,Subway,40.76464887712308,-73.9663553237915,2012-08-06 08:33:44,2012-08-06,train,64_4
64,1664,209,Sushi Restaurant,40.74689526022255,-73.98500740528107,2012-08-10 18:55:02,2012-08-06,train,64_4
65,4705,6,Home (private),40.767237460001375,-73.89482953406639,2012-08-09 17:43:38,2012-08-06,train,65_14
65,4120,222,Coffee Shop,40.77411744621254,-73.87395425621024,2012-08-11 15:44:22,2012-08-06,train,65_14
65,1650,239,Airport,40.77025558040047,-73.86387348175049,2012-08-12 14:07:18,2012-08-06,train,65_14
65,4705,6,Home (private),40.767237460001375,-73.89482953406639,2012-08-12 16:40:12,2012-08-06,train,65_14
66,349,70,Train Station,40.75280620914171,-73.97717535495758,2012-08-09 08:23:40,2012-08-06,train,66_11
66,3548,61,Office,40.75322745786959,-73.99013942987524,2012-08-09 09:08:40,2012-08-06,train,66_11
74,2244,61,Office,40.76043706136629,-73.97220442813044,2012-08-09 05:39:18,2012-08-06,train,74_5
74,2244,61,Office,40.76043706136629,-73.97220442813044,2012-08-10 05:42:42,2012-08-06,train,74_5
76,847,265,Mall,40.917335441802095,-74.0756607055664,2012-08-09 18:37:51,2012-08-06,train,76_5
76,1843,147,Movie Theater,40.91532869189857,-74.07670140266418,2012-08-11 00:57:22,2012-08-06,train,76_5
77,2868,297,Mobile Phone Shop,40.74120107605398,-73.99055837150034,2012-08-09 15:37:04,2012-08-06,train,77_16
77,1012,132,Fast Food Restaurant,40.742,-73.993378,2012-08-09 15:40:45,2012-08-06,train,77_16
77,2868,297,Mobile Phone Shop,40.74120107605398,-73.99055837150034,2012-08-10 08:35:19,2012-08-06,train,77_16
77,797,102,American Restaurant,40.76307092236224,-73.98605326633982,2012-08-12 00:36:43,2012-08-06,train,77_16
84,1323,70,Train Station,40.747582087041366,-74.17188763618469,2012-08-06 06:54:46,2012-08-06,train,84_17
84,357,70,Train Station,40.750794799423865,-73.99357639021292,2012-08-06 06:55:04,2012-08-06,train,84_17
84,3581,73,Bus Station,40.759019,-73.82994493333334,2012-08-06 07:43:44,2012-08-06,train,84_17
84,2788,61,Office,40.78614007703091,-73.85758207332279,2012-08-06 08:09:42,2012-08-06,train,84_17
84,1323,70,Train Station,40.747582087041366,-74.17188763618469,2012-08-09 06:33:02,2012-08-06,train,84_17
84,2788,61,Office,40.78614007703091,-73.85758207332279,2012-08-09 07:46:04,2012-08-06,train,84_17
84,2788,61,Office,40.78614007703091,-73.85758207332279,2012-08-09 08:30:35,2012-08-06,train,84_17
84,2379,32,Hardware Store,40.75303060764001,-73.83537896469491,2012-08-10 07:19:44,2012-08-06,train,84_17
84,2788,61,Office,40.78614007703091,-73.85758207332279,2012-08-10 07:54:44,2012-08-06,train,84_17
84,2788,61,Office,40.78614007703091,-73.85758207332279,2012-08-11 07:42:30,2012-08-06,train,84_17
94,1007,61,Office,40.74551752113523,-73.99235129356384,2012-08-09 10:07:26,2012-08-06,train,94_17
94,409,223,Harbor / Marina,40.72992160603484,-74.010901763343,2012-08-09 17:59:59,2012-08-06,train,94_17
98,974,221,Bridge,40.60679958140643,-74.04416981025437,2012-08-09 09:48:39,2012-08-06,train,98_10
98,974,221,Bridge,40.60679958140643,-74.04416981025437,2012-08-09 09:49:07,2012-08-06,train,98_10
98,317,214,Bar,40.75185105609346,-74.00388368084829,2012-08-12 20:35:03,2012-08-06,train,98_10
105,3673,227,Beach,40.557295,-73.911548,2012-08-06 01:47:37,2012-08-06,train,105_12
105,3673,227,Beach,40.557295,-73.911548,2012-08-09 07:39:24,2012-08-06,train,105_12
105,2081,138,Gym / Fitness Center,40.61252119041974,-73.91296403631098,2012-08-09 17:06:48,2012-08-06,train,105_12
106,1846,132,Fast Food Restaurant,40.75897723635175,-73.98511779812762,2012-08-06 05:55:48,2012-08-06,train,106_16
106,881,128,Bakery,40.759272,-73.981107,2012-08-09 09:46:05,2012-08-06,train,106_16
106,2968,130,Burger Joint,40.75845677498381,-73.98914046612941,2012-08-09 12:33:33,2012-08-06,train,106_16
106,731,147,Movie Theater,40.774697291507216,-73.98194979831837,2012-08-11 12:54:32,2012-08-06,train,106_16
106,3804,281,Residential Building (Apartment / Condo),40.79481299178466,-73.9623380296344,2012-08-11 22:23:41,2012-08-06,train,106_16
108,2596,73,Bus Station,40.60217460538842,-73.99372458457947,2012-08-10 08:11:20,2012-08-06,train,108_18
108,1429,264,Subway,40.61230102976052,-73.98224249614313,2012-08-10 08:21:42,2012-08-06,train,108_18
108,862,147,Movie Theater,40.58606020705239,-73.92983436584473,2012-08-11 00:43:02,2012-08-06,train,108_18
108,3657,6,Home (private),40.60259048645985,-73.98887973002674,2012-08-11 04:18:52,2012-08-06,train,108_18
108,3657,6,Home (private),40.60259048645985,-73.98887973002674,2012-08-11 21:21:51,2012-08-06,train,108_18
108,3921,144,Casino,40.67328243786832,-73.8326096534729,2012-08-12 02:31:09,2012-08-06,train,108_18
108,3657,6,Home (private),40.60259048645985,-73.98887973002674,2012-08-12 04:17:48,2012-08-06,train,108_18
110,647,239,Airport,40.64557779020594,-73.77643346786499,2012-08-06 01:24:13,2012-08-06,train,110_8
110,577,202,Pizza Place,40.70507898542075,-73.93364403923762,2012-08-11 19:33:24,2012-08-06,train,110_8
112,4231,214,Bar,40.765162620688834,-73.98763149992548,2012-08-09 20:45:06,2012-08-06,train,112_15
112,2016,132,Fast Food Restaurant,40.76195099046608,-73.9836072921753,2012-08-11 23:25:15,2012-08-06,train,112_15
112,4596,99,Thai Restaurant,40.76275282248875,-73.9894392788162,2012-08-11 23:44:34,2012-08-06,train,112_15
112,324,102,American Restaurant,40.756534165264014,-73.99421402877248,2012-08-12 15:17:20,2012-08-06,train,112_15
114,3302,183,University,40.7050892364702,-74.01143542547192,2012-08-06 10:11:54,2012-08-06,train,114_8
114,2532,194,Mexican Restaurant,40.74056693596161,-74.00542733678141,2012-08-11 20:57:11,2012-08-06,train,114_8
116,313,58,Electronics Store,40.74339876222266,-73.99335894406833,2012-08-09 17:27:39,2012-08-06,train,116_12
116,1362,222,Coffee Shop,40.743644,-73.992241,2012-08-10 13:50:17,2012-08-06,train,116_12
117,2274,61,Office,40.75005297929758,-73.97360801696777,2012-08-09 10:16:15,2012-08-06,train,117_14
117,349,70,Train Station,40.75280620914171,-73.97717535495758,2012-08-11 12:56:30,2012-08-06,train,117_14
119,3960,93,Breakfast Spot,40.73299870199674,-73.98549556732178,2012-08-10 15:46:23,2012-08-06,train,119_12
119,192,121,Park,40.73528249691621,-73.99040315158283,2012-08-10 16:45:21,2012-08-06,train,119_12
119,254,121,Park,40.74706188749892,-74.00519371032715,2012-08-10 17:55:40,2012-08-06,train,119_12
119,1506,122,Plaza,40.7722274447236,-73.98302876064133,2012-08-12 14:36:56,2012-08-06,train,119_12
121,622,61,Office,40.74050711736373,-73.98690838360204,2012-08-06 09:34:17,2012-08-06,train,121_17
121,622,61,Office,40.74050711736373,-73.98690838360204,2012-08-09 07:44:27,2012-08-06,train,121_17
121,950,217,Soup Place,40.74068572015636,-73.98729289817663,2012-08-09 13:34:59,2012-08-06,train,121_17
121,622,61,Office,40.74050711736373,-73.98690838360204,2012-08-10 07:31:52,2012-08-06,train,121_17
121,481,42,Food & Drink Shop,40.76806170936614,-73.98184776306152,2012-08-10 15:50:09,2012-08-06,train,121_17
121,3516,42,Food & Drink Shop,40.77504934281125,-73.98773789405823,2012-08-11 08:57:46,2012-08-06,train,121_17
121,4447,222,Coffee Shop,40.73946479913673,-74.00265603689895,2012-08-11 15:54:34,2012-08-06,train,121_17
126,587,266,Bus Station,40.75722129839836,-73.99154663085938,2012-08-06 07:35:52,2012-08-06,train,126_6
126,587,266,Bus Station,40.75722129839836,-73.99154663085938,2012-08-09 07:21:51,2012-08-06,train,126_6
126,587,266,Bus Station,40.75722129839836,-73.99154663085938,2012-08-10 07:52:25,2012-08-06,train,126_6
127,1461,137,Gym / Fitness Center,40.7669055013556,-73.95784948347529,2012-08-09 10:08:54,2012-08-06,train,127_16
127,232,121,Park,40.73083612189599,-73.99764060974121,2012-08-09 12:26:50,2012-08-06,train,127_16
127,1461,137,Gym / Fitness Center,40.7669055013556,-73.95784948347529,2012-08-09 15:22:38,2012-08-06,train,127_16
127,4928,6,Home (private),40.745981761090256,-73.95361626406626,2012-08-09 19:01:50,2012-08-06,train,127_16
127,1461,137,Gym / Fitness Center,40.7669055013556,-73.95784948347529,2012-08-10 10:12:29,2012-08-06,train,127_16
127,4928,6,Home (private),40.745981761090256,-73.95361626406626,2012-08-10 19:50:03,2012-08-06,train,127_16
127,4928,6,Home (private),40.745981761090256,-73.95361626406626,2012-08-12 11:08:06,2012-08-06,train,127_16
127,4928,6,Home (private),40.745981761090256,-73.95361626406626,2012-08-12 18:46:05,2012-08-06,train,127_16
129,234,121,Park,40.74218830848454,-73.98792418909154,2012-08-06 08:14:48,2012-08-06,train,129_18
129,234,121,Park,40.74218830848454,-73.98792418909154,2012-08-09 07:44:28,2012-08-06,train,129_18
129,234,121,Park,40.74218830848454,-73.98792418909154,2012-08-10 06:59:13,2012-08-06,train,129_18
129,3234,222,Coffee Shop,40.741904376575214,-73.98906826972961,2012-08-10 12:19:46,2012-08-06,train,129_18
129,234,121,Park,40.74218830848454,-73.98792418909154,2012-08-11 08:44:32,2012-08-06,train,129_18
129,3954,130,Burger Joint,40.740778258449865,-73.98768315098722,2012-08-11 17:29:14,2012-08-06,train,129_18
129,234,121,Park,40.74218830848454,-73.98792418909154,2012-08-12 07:22:25,2012-08-06,train,129_18
129,3234,222,Coffee Shop,40.741904376575214,-73.98906826972961,2012-08-12 13:08:00,2012-08-06,train,129_18
129,234,121,Park,40.74218830848454,-73.98792418909154,2012-08-12 16:11:35,2012-08-06,train,129_18
133,2449,42,Food & Drink Shop,40.73321323674264,-73.80445356306849,2012-08-09 10:33:14,2012-08-06,train,133_7
133,1068,183,University,40.721664700472566,-73.79473686218262,2012-08-10 09:03:32,2012-08-06,train,133_7
133,1068,183,University,40.721664700472566,-73.79473686218262,2012-08-11 12:59:30,2012-08-06,train,133_7
133,3981,6,Home (private),40.72412957959175,-73.80073403370818,2012-08-11 18:03:51,2012-08-06,train,133_7
133,2072,264,Subway,40.721717045393135,-73.8445246964693,2012-08-12 11:45:34,2012-08-06,train,133_7
133,234,121,Park,40.74218830848454,-73.98792418909154,2012-08-12 16:19:46,2012-08-06,train,133_7
139,1559,128,Bakery,40.755564,-73.922738,2012-08-10 09:22:41,2012-08-06,train,139_14
139,1268,4,Gym / Fitness Center,40.75538459186637,-73.9226245880127,2012-08-10 19:19:04,2012-08-06,train,139_14
139,1559,128,Bakery,40.755564,-73.922738,2012-08-10 19:19:12,2012-08-06,train,139_14
139,1268,4,Gym / Fitness Center,40.75538459186637,-73.9226245880127,2012-08-11 19:00:48,2012-08-06,train,139_14
139,1268,4,Gym / Fitness Center,40.75538459186637,-73.9226245880127,2012-08-12 10:13:07,2012-08-06,train,139_14
139,2574,96,Deli / Bodega,40.75604018605288,-73.9203471113501,2012-08-12 17:42:57,2012-08-06,train,139_14
140,2269,263,Laundry Service,40.79419656648693,-73.97272825241089,2012-08-06 09:32:01,2012-08-06,train,140_9
140,1394,130,Burger Joint,40.785714,-73.97277653217316,2012-08-09 08:52:03,2012-08-06,train,140_9
140,2269,263,Laundry Service,40.79419656648693,-73.97272825241089,2012-08-09 09:05:02,2012-08-06,train,140_9
140,163,27,Italian Restaurant,40.72628914961654,-74.00039462826085,2012-08-09 14:01:58,2012-08-06,train,140_9
140,2592,37,Bar,40.722262,-73.98332129,2012-08-10 21:08:46,2012-08-06,train,140_9
140,377,105,Taco Place,40.72144922191938,-73.99761378765106,2012-08-10 23:18:26,2012-08-06,train,140_9
140,920,32,Hardware Store,40.761471535292976,-73.96677374839783,2012-08-11 14:42:11,2012-08-06,train,140_9
140,163,27,Italian Restaurant,40.72628914961654,-74.00039462826085,2012-08-11 22:22:45,2012-08-06,train,140_9
140,4426,194,Mexican Restaurant,40.7627824523641,-73.9931064351043,2012-08-12 20:07:01,2012-08-06,train,140_9
141,1723,246,Performing Arts Venue,40.77114935894503,-73.98270606994629,2012-08-09 10:36:46,2012-08-06,train,141_15
141,1723,246,Performing Arts Venue,40.77114935894503,-73.98270606994629,2012-08-10 13:35:13,2012-08-06,train,141_15
141,1723,246,Performing Arts Venue,40.77114935894503,-73.98270606994629,2012-08-12 20:42:51,2012-08-06,train,141_15
143,265,37,Bar,40.740727951827786,-74.00861104297583,2012-08-10 00:48:59,2012-08-06,train,143_13
143,90,37,Bar,40.798840875789125,-73.96306123830033,2012-08-11 23:38:03,2012-08-06,train,143_13
146,4076,61,Office,40.72506779195986,-74.00747022288321,2012-08-06 08:46:13,2012-08-06,train,146_14
146,4076,61,Office,40.72506779195986,-74.00747022288321,2012-08-10 08:55:55,2012-08-06,train,146_14
146,4076,61,Office,40.72506779195986,-74.00747022288321,2012-08-10 13:19:26,2012-08-06,train,146_14
146,4093,281,Residential Building (Apartment / Condo),40.761245770854,-73.99945923000035,2012-08-11 13:20:15,2012-08-06,train,146_14
147,2107,138,Gym / Fitness Center,40.70826517529503,-74.01454555575245,2012-08-06 08:19:32,2012-08-06,train,147_3
147,5012,281,Residential Building (Apartment / Condo),40.709071733503215,-74.01479229823786,2012-08-09 07:48:13,2012-08-06,train,147_3
147,2107,138,Gym / Fitness Center,40.70826517529503,-74.01454555575245,2012-08-09 07:49:40,2012-08-06,train,147_3
147,5012,281,Residential Building (Apartment / Condo),40.709071733503215,-74.01479229823786,2012-08-10 15:06:05,2012-08-06,train,147_3
147,1495,222,Coffee Shop,40.702415,-74.01258301,2012-08-10 16:10:40,2012-08-06,train,147_3
152,1561,35,Bookstore,40.753384484535445,-73.97450594111876,2012-08-09 07:58:58,2012-08-06,train,152_7
152,961,31,Bar,40.75353217770949,-73.98182353637398,2012-08-09 09:03:38,2012-08-06,train,152_7
152,1317,222,Coffee Shop,40.720787,-73.999497,2012-08-10 14:04:45,2012-08-06,train,152_7
156,591,102,American Restaurant,40.727094,-74.002968,2012-08-11 11:43:05,2012-08-06,train,156_14
156,1583,242,Spa / Massage,40.724398990537104,-73.99753103267047,2012-08-11 12:23:32,2012-08-06,train,156_14
157,1047,137,Gym / Fitness Center,40.70819,-74.00648,2012-08-06 04:47:18,2012-08-06,train,157_3
157,459,252,Food & Drink Shop,40.72413519041223,-73.99778927450977,2012-08-06 08:53:08,2012-08-06,train,157_3
157,1047,137,Gym / Fitness Center,40.70819,-74.00648,2012-08-09 04:47:02,2012-08-06,train,157_3
157,680,222,Coffee Shop,40.71493168249224,-74.01143789291382,2012-08-09 08:47:56,2012-08-06,train,157_3
157,3560,131,Café,40.735971818808345,-73.99788683244736,2012-08-09 13:40:36,2012-08-06,train,157_3
157,1047,137,Gym / Fitness Center,40.70819,-74.00648,2012-08-10 04:47:49,2012-08-06,train,157_3
157,459,252,Food & Drink Shop,40.72413519041223,-73.99778927450977,2012-08-10 08:52:44,2012-08-06,train,157_3
157,1047,137,Gym / Fitness Center,40.70819,-74.00648,2012-08-11 07:44:17,2012-08-06,train,157_3
157,1047,137,Gym / Fitness Center,40.70819,-74.00648,2012-08-12 07:52:40,2012-08-06,train,157_3
163,617,222,Coffee Shop,40.727612,-74.007306,2012-08-09 09:17:15,2012-08-06,train,163_13
163,5025,63,Office,40.727570425857,-74.00799241779545,2012-08-09 09:49:10,2012-08-06,train,163_13
163,4578,222,Coffee Shop,40.73005893543017,-74.00303437785037,2012-08-10 09:25:20,2012-08-06,train,163_13
163,5025,63,Office,40.727570425857,-74.00799241779545,2012-08-10 11:12:48,2012-08-06,train,163_13
163,395,222,Coffee Shop,40.73328093633948,-74.00069877517724,2012-08-11 13:55:38,2012-08-06,train,163_13
170,552,50,Bar,40.71112557540723,-73.94836120300144,2012-08-11 15:22:06,2012-08-06,train,170_10
170,4141,57,Bar,40.711369,-73.947794,2012-08-11 18:21:03,2012-08-06,train,170_10
170,222,39,Beer Garden,40.714158656671806,-73.95604140789462,2012-08-12 16:34:49,2012-08-06,train,170_10
175,2343,264,Subway,40.618016371619404,-73.95954251289368,2012-08-11 22:18:55,2012-08-06,train,175_18
175,3923,70,Train Station,40.57693405315921,-73.9813756942749,2012-08-12 22:25:58,2012-08-06,train,175_18
176,3712,233,Other Great Outdoors,40.8466605456246,-73.94214449089279,2012-08-09 19:52:56,2012-08-06,train,176_14
176,3712,233,Other Great Outdoors,40.8466605456246,-73.94214449089279,2012-08-10 21:07:25,2012-08-06,train,176_14
176,2844,245,General Entertainment,40.84336374022088,-73.93525593409399,2012-08-10 21:59:40,2012-08-06,train,176_14
177,4173,18,Clothing Store,40.609421487157285,-73.92155846003689,2012-08-09 13:42:24,2012-08-06,train,177_7
177,4173,18,Clothing Store,40.609421487157285,-73.92155846003689,2012-08-12 08:41:58,2012-08-06,train,177_7
179,4269,6,Home (private),40.96811001522211,-74.05938718735511,2012-08-06 00:39:34,2012-08-06,train,179_18
179,3594,120,Other Great Outdoors,40.965334383333335,-74.06280386666667,2012-08-06 01:26:45,2012-08-06,train,179_18
179,3502,259,Hotel,40.96537083236714,-74.06281492329502,2012-08-06 09:14:53,2012-08-06,train,179_18
179,3578,257,Road,40.96535005,-74.06280286666667,2012-08-09 06:00:21,2012-08-06,train,179_18
179,3578,257,Road,40.96535005,-74.06280286666667,2012-08-09 07:50:35,2012-08-06,train,179_18
179,4562,102,American Restaurant,40.96532877881822,-74.06292392141155,2012-08-09 09:58:29,2012-08-06,train,179_18
179,3790,257,Road,40.96530185,-74.06305251666667,2012-08-09 10:20:32,2012-08-06,train,179_18
179,4363,211,Bar,40.96533885740628,-74.06283213352812,2012-08-09 11:58:27,2012-08-06,train,179_18
179,4633,116,Pool,40.96535501903463,-74.06283213352812,2012-08-09 14:00:39,2012-08-06,train,179_18
179,3708,121,Park,40.96541698333333,-74.06291968333333,2012-08-09 16:19:39,2012-08-06,train,179_18
179,3502,259,Hotel,40.96537083236714,-74.06281492329502,2012-08-09 20:16:36,2012-08-06,train,179_18
179,3959,196,Restaurant,40.965331033333335,-74.0627049,2012-08-10 00:06:38,2012-08-06,train,179_18
179,2660,61,Office,40.96522921442873,-74.06305586641602,2012-08-10 07:05:25,2012-08-06,train,179_18
179,4620,213,Bar,40.96541694223362,-74.06288376421803,2012-08-10 08:56:24,2012-08-06,train,179_18
179,3561,45,Other Nightlife,40.96533795,-74.0628079,2012-08-10 11:47:09,2012-08-06,train,179_18
179,3594,120,Other Great Outdoors,40.965334383333335,-74.06280386666667,2012-08-10 13:20:40,2012-08-06,train,179_18
179,4633,116,Pool,40.96535501903463,-74.06283213352812,2012-08-10 14:20:36,2012-08-06,train,179_18
179,3310,317,City,40.94831848266338,-74.06897035016907,2012-08-10 15:05:31,2012-08-06,train,179_18
179,2987,135,Post Office,40.94892337953688,-74.069721837773,2012-08-10 15:36:30,2012-08-06,train,179_18
179,3708,121,Park,40.96541698333333,-74.06291968333333,2012-08-10 16:46:47,2012-08-06,train,179_18
179,4902,50,Bar,40.96517162512245,-74.06274608234698,2012-08-10 19:10:51,2012-08-06,train,179_18
179,4413,245,General Entertainment,40.96183293901183,-74.0603022124755,2012-08-10 19:45:12,2012-08-06,train,179_18
179,4562,102,American Restaurant,40.96532877881822,-74.06292392141155,2012-08-10 21:18:14,2012-08-06,train,179_18
179,3482,232,Music Venue,40.96532194280211,-74.06280344980541,2012-08-10 23:24:59,2012-08-06,train,179_18
179,3577,73,Bus Station,40.96457180013344,-74.06643390655518,2012-08-10 23:59:56,2012-08-06,train,179_18
179,4562,102,American Restaurant,40.96532877881822,-74.06292392141155,2012-08-11 09:15:30,2012-08-06,train,179_18
179,3582,19,Bank,40.94816296428713,-74.06981935884615,2012-08-11 12:52:53,2012-08-06,train,179_18
179,4620,213,Bar,40.96541694223362,-74.06288376421803,2012-08-11 14:32:35,2012-08-06,train,179_18
179,2675,259,Hotel,40.96031922320731,-74.06725511155042,2012-08-11 15:05:55,2012-08-06,train,179_18
179,4633,116,Pool,40.96535501903463,-74.06283213352812,2012-08-11 15:44:27,2012-08-06,train,179_18
179,3708,121,Park,40.96541698333333,-74.06291968333333,2012-08-11 16:30:45,2012-08-06,train,179_18
179,3502,259,Hotel,40.96537083236714,-74.06281492329502,2012-08-11 18:00:26,2012-08-06,train,179_18
179,3578,257,Road,40.96535005,-74.06280286666667,2012-08-11 19:45:20,2012-08-06,train,179_18
179,3577,73,Bus Station,40.96457180013344,-74.06643390655518,2012-08-11 22:51:58,2012-08-06,train,179_18
179,3594,120,Other Great Outdoors,40.965334383333335,-74.06280386666667,2012-08-11 23:37:45,2012-08-06,train,179_18
179,4902,50,Bar,40.96517162512245,-74.06274608234698,2012-08-12 00:01:56,2012-08-06,train,179_18
179,4413,245,General Entertainment,40.96183293901183,-74.0603022124755,2012-08-12 01:19:41,2012-08-06,train,179_18
179,2517,90,School,40.965810267788015,-74.06760603189468,2012-08-12 05:49:28,2012-08-06,train,179_18
179,4562,102,American Restaurant,40.96532877881822,-74.06292392141155,2012-08-12 09:38:25,2012-08-06,train,179_18
179,4620,213,Bar,40.96541694223362,-74.06288376421803,2012-08-12 10:31:24,2012-08-06,train,179_18
179,3708,121,Park,40.96541698333333,-74.06291968333333,2012-08-12 15:48:27,2012-08-06,train,179_18
179,4363,211,Bar,40.96533885740628,-74.06283213352812,2012-08-12 19:04:21,2012-08-06,train,179_18
179,4413,245,General Entertainment,40.96183293901183,-74.0603022124755,2012-08-12 21:25:59,2012-08-06,train,179_18
179,4902,50,Bar,40.96517162512245,-74.06274608234698,2012-08-12 22:53:33,2012-08-06,train,179_18
179,2660,61,Office,40.96522921442873,-74.06305586641602,2012-08-12 23:28:00,2012-08-06,train,179_18
180,731,147,Movie Theater,40.774697291507216,-73.98194979831837,2012-08-09 16:57:44,2012-08-06,train,180_12
180,2460,42,Food & Drink Shop,40.886210928571394,-73.90973169991108,2012-08-10 12:15:48,2012-08-06,train,180_12
180,3283,6,Home (private),40.88729678663871,-73.90658830179062,2012-08-12 09:24:10,2012-08-06,train,180_12
181,357,70,Train Station,40.750794799423865,-73.99357639021292,2012-08-09 09:18:31,2012-08-06,train,181_17
181,2732,304,Train Station,40.75067614234247,-73.99135034084028,2012-08-09 09:19:45,2012-08-06,train,181_17
181,3240,63,Office,40.753966699950766,-73.98503745095212,2012-08-09 09:39:18,2012-08-06,train,181_17
181,4443,61,Office,40.75350765710854,-73.98561135861114,2012-08-09 09:39:35,2012-08-06,train,181_17
181,3004,301,Neighborhood,40.766596163537606,-73.74551312741599,2012-08-09 19:52:13,2012-08-06,train,181_17
181,2961,304,Train Station,40.75018302371518,-73.99133205413818,2012-08-10 09:17:45,2012-08-06,train,181_17
181,3240,63,Office,40.753966699950766,-73.98503745095212,2012-08-10 09:39:33,2012-08-06,train,181_17
181,4443,61,Office,40.75350765710854,-73.98561135861114,2012-08-10 09:39:55,2012-08-06,train,181_17
181,741,131,Café,40.75510830612326,-73.98612787403783,2012-08-10 12:56:59,2012-08-06,train,181_17
181,3004,301,Neighborhood,40.766596163537606,-73.74551312741599,2012-08-10 18:01:43,2012-08-06,train,181_17
181,2953,257,Road,40.76305616209761,-73.74328136444092,2012-08-10 18:02:02,2012-08-06,train,181_17
181,3004,301,Neighborhood,40.766596163537606,-73.74551312741599,2012-08-11 07:31:28,2012-08-06,train,181_17
181,2953,257,Road,40.76305616209761,-73.74328136444092,2012-08-11 07:31:52,2012-08-06,train,181_17
181,2953,257,Road,40.76305616209761,-73.74328136444092,2012-08-12 10:07:49,2012-08-06,train,181_17
192,342,159,Art Museum,40.6716389935202,-73.96381202180841,2012-08-09 18:37:05,2012-08-06,train,192_5
192,592,246,Performing Arts Venue,40.6634023,-73.976447,2012-08-10 19:26:46,2012-08-06,train,192_5
193,1119,137,Gym / Fitness Center,40.71403312378154,-74.00953030222017,2012-08-10 08:53:14,2012-08-06,train,193_11
193,4522,108,Gastropub,40.72629605944355,-73.991677457657,2012-08-11 00:07:39,2012-08-06,train,193_11
193,1119,137,Gym / Fitness Center,40.71403312378154,-74.00953030222017,2012-08-11 14:50:32,2012-08-06,train,193_11
194,2978,301,Neighborhood,40.745306184001095,-73.94837379455566,2012-08-10 13:57:59,2012-08-06,train,194_16
194,883,202,Pizza Place,40.7442504101507,-73.9536248740982,2012-08-11 18:08:35,2012-08-06,train,194_16
200,1118,54,Food & Drink Shop,40.746858397620215,-73.94391251429022,2012-08-06 08:50:08,2012-08-06,train,200_12
200,1118,54,Food & Drink Shop,40.746858397620215,-73.94391251429022,2012-08-09 08:36:23,2012-08-06,train,200_12
202,4903,281,Residential Building (Apartment / Condo),40.7794836539293,-74.23431096075899,2012-08-06 09:45:09,2012-08-06,train,202_4
202,4925,136,Office,40.63906640818128,-74.21741381582459,2012-08-09 06:00:59,2012-08-06,train,202_4
202,4903,281,Residential Building (Apartment / Condo),40.7794836539293,-74.23431096075899,2012-08-09 20:55:57,2012-08-06,train,202_4
202,4925,136,Office,40.63906640818128,-74.21741381582459,2012-08-10 05:47:38,2012-08-06,train,202_4
202,4925,136,Office,40.63906640818128,-74.21741381582459,2012-08-11 06:02:56,2012-08-06,train,202_4
202,4903,281,Residential Building (Apartment / Condo),40.7794836539293,-74.23431096075899,2012-08-11 22:54:26,2012-08-06,train,202_4
202,4925,136,Office,40.63906640818128,-74.21741381582459,2012-08-12 11:57:00,2012-08-06,train,202_4
205,3222,52,Bar,40.762762512171065,-73.97173953064508,2012-08-10 23:52:57,2012-08-06,train,205_17
205,674,254,Department Store,40.758017730590645,-73.97692322731018,2012-08-11 17:32:38,2012-08-06,train,205_17
205,624,122,Plaza,40.75875624280933,-73.97866122153226,2012-08-11 18:34:12,2012-08-06,train,205_17
205,51,93,Breakfast Spot,40.72842472502752,-73.9872756811226,2012-08-12 13:20:43,2012-08-06,train,205_17
207,2134,138,Gym / Fitness Center,40.76011192810937,-73.96294644345505,2012-08-09 20:53:31,2012-08-06,train,207_15
207,2134,138,Gym / Fitness Center,40.76011192810937,-73.96294644345505,2012-08-10 16:51:03,2012-08-06,train,207_15
207,2134,138,Gym / Fitness Center,40.76011192810937,-73.96294644345505,2012-08-11 10:35:07,2012-08-06,train,207_15
207,4388,209,Sushi Restaurant,40.759154333333335,-73.962321,2012-08-11 20:08:43,2012-08-06,train,207_15
207,4388,209,Sushi Restaurant,40.759154333333335,-73.962321,2012-08-12 18:57:27,2012-08-06,train,207_15
211,2357,61,Office,40.74963093971689,-73.97543572160268,2012-08-06 08:59:43,2012-08-06,train,211_12
211,2357,61,Office,40.74963093971689,-73.97543572160268,2012-08-09 09:00:30,2012-08-06,train,211_12
214,3500,6,Home (private),40.73954760630508,-74.04763775758458,2012-08-10 00:57:02,2012-08-06,train,214_9
214,2294,102,American Restaurant,40.728539654510605,-74.04655055432836,2012-08-10 18:01:52,2012-08-06,train,214_9
214,3116,319,Market,40.74186151409088,-73.98943362953369,2012-08-10 20:24:16,2012-08-06,train,214_9
214,2294,102,American Restaurant,40.728539654510605,-74.04655055432836,2012-08-12 12:46:38,2012-08-06,train,214_9
214,2702,257,Road,40.72737259531574,-74.02115821838379,2012-08-12 13:33:35,2012-08-06,train,214_9
221,587,266,Bus Station,40.75722129839836,-73.99154663085938,2012-08-10 17:58:42,2012-08-06,train,221_7
221,2281,317,City,40.84816411132264,-73.99766206741333,2012-08-10 18:28:38,2012-08-06,train,221_7
221,587,266,Bus Station,40.75722129839836,-73.99154663085938,2012-08-11 11:38:55,2012-08-06,train,221_7
222,1515,264,Subway,40.75047562272483,-73.94028425216675,2012-08-11 10:20:48,2012-08-06,train,222_3
222,702,157,Stadium,40.75645736467708,-73.8460636138916,2012-08-12 19:28:43,2012-08-06,train,222_3
228,4911,250,Design Studio,40.67282273372251,-73.99241777260337,2012-08-06 08:55:55,2012-08-06,train,228_8
228,4703,6,Home (private),40.70477380546345,-73.94186034276925,2012-08-09 20:54:12,2012-08-06,train,228_8
228,1077,42,Food & Drink Shop,40.69705195512047,-73.93480816942602,2012-08-10 07:07:24,2012-08-06,train,228_8
228,608,238,Music Venue,40.673615,-73.99171,2012-08-10 17:53:03,2012-08-06,train,228_8
228,2148,222,Coffee Shop,40.69750179526211,-73.93144416077938,2012-08-11 09:29:53,2012-08-06,train,228_8
228,843,255,Flea Market,40.71985685897994,-73.96130486969331,2012-08-11 14:34:02,2012-08-06,train,228_8
228,4601,50,Bar,40.701512716703405,-73.9272763831584,2012-08-11 22:43:22,2012-08-06,train,228_8
231,346,61,Office,40.75453841655905,-73.98646647784138,2012-08-06 09:28:10,2012-08-06,train,231_13
231,346,61,Office,40.75453841655905,-73.98646647784138,2012-08-09 09:51:27,2012-08-06,train,231_13
231,346,61,Office,40.75453841655905,-73.98646647784138,2012-08-10 11:22:44,2012-08-06,train,231_13
233,4716,37,Bar,40.74980914532915,-73.98567795753479,2012-08-09 18:33:01,2012-08-06,train,233_12
233,289,37,Bar,40.71945037152671,-73.98781514808185,2012-08-09 20:00:13,2012-08-06,train,233_12
233,305,52,Bar,40.72029728839815,-73.98828574568053,2012-08-09 20:40:13,2012-08-06,train,233_12
233,2698,50,Bar,40.7165736243376,-73.98917528677009,2012-08-12 01:11:13,2012-08-06,train,233_12
233,289,37,Bar,40.71945037152671,-73.98781514808185,2012-08-12 02:36:38,2012-08-06,train,233_12
236,1566,264,Subway,40.77841289502202,-73.98201942443848,2012-08-09 06:29:42,2012-08-06,train,236_1
236,726,70,Train Station,40.805144639820114,-73.93914699554443,2012-08-09 13:59:40,2012-08-06,train,236_1
236,2718,28,Salon / Barbershop,40.815458,-73.94730238999999,2012-08-09 17:01:18,2012-08-06,train,236_1
236,298,220,BBQ Joint,40.81821533976433,-73.96058739425644,2012-08-10 22:32:13,2012-08-06,train,236_1
236,5028,6,Home (private),40.82497237470613,-73.95361626406626,2012-08-12 04:10:16,2012-08-06,train,236_1
236,509,148,Museum,40.744070661162304,-73.98738384246826,2012-08-12 20:32:44,2012-08-06,train,236_1
242,3498,53,Bar,40.71974465645497,-74.00444031657942,2012-08-06 08:01:54,2012-08-06,train,242_11
242,2496,232,Music Venue,40.71971101647132,-74.00456656363339,2012-08-09 05:32:58,2012-08-06,train,242_11
242,2496,232,Music Venue,40.71971101647132,-74.00456656363339,2012-08-10 05:23:26,2012-08-06,train,242_11
242,2646,155,Stadium,40.8134844303353,-74.07433032989502,2012-08-12 13:12:54,2012-08-06,train,242_11
245,1305,222,Coffee Shop,40.755002,-73.968647,2012-08-06 09:15:55,2012-08-06,train,245_17
245,1305,222,Coffee Shop,40.755002,-73.968647,2012-08-09 07:48:09,2012-08-06,train,245_17
245,1305,222,Coffee Shop,40.755002,-73.968647,2012-08-10 09:15:41,2012-08-06,train,245_17
245,819,138,Gym / Fitness Center,40.77904848612385,-73.9548647146921,2012-08-10 18:33:33,2012-08-06,train,245_17
245,1543,47,Bar,40.726946267342754,-73.99148807430478,2012-08-11 02:17:55,2012-08-06,train,245_17
245,203,40,Candy Store,40.76215645567817,-73.96609179749629,2012-08-11 17:22:01,2012-08-06,train,245_17
249,1475,241,Airport,40.773839,-73.87122,2012-08-09 07:30:34,2012-08-06,train,249_7
249,1475,241,Airport,40.773839,-73.87122,2012-08-10 20:02:25,2012-08-06,train,249_7
249,1159,131,Café,40.687084,-73.976106,2012-08-11 13:14:17,2012-08-06,train,249_7
250,1972,222,Coffee Shop,40.75660642282902,-73.98627135029868,2012-08-09 09:47:21,2012-08-06,train,250_7
250,892,137,Gym / Fitness Center,40.676854686891616,-73.97226182280386,2012-08-11 09:51:31,2012-08-06,train,250_7
250,1464,96,Deli / Bodega,40.72230706635953,-73.98735165596008,2012-08-11 12:54:33,2012-08-06,train,250_7
252,354,121,Park,40.66390776998241,-73.970947265625,2012-08-06 07:38:37,2012-08-06,train,252_16
252,354,121,Park,40.66390776998241,-73.970947265625,2012-08-09 08:18:56,2012-08-06,train,252_16
252,354,121,Park,40.66390776998241,-73.970947265625,2012-08-10 07:42:14,2012-08-06,train,252_16
252,354,121,Park,40.66390776998241,-73.970947265625,2012-08-11 08:16:25,2012-08-06,train,252_16
252,354,121,Park,40.66390776998241,-73.970947265625,2012-08-12 08:35:54,2012-08-06,train,252_16
252,135,159,Art Museum,40.745617059012616,-73.94767812067376,2012-08-12 15:54:08,2012-08-06,train,252_16
253,378,312,Financial or Legal Service,40.70710219573291,-74.01083290360494,2012-08-09 18:18:40,2012-08-06,train,253_9
253,1567,212,Hotel,40.745884,-73.988116,2012-08-09 23:01:44,2012-08-06,train,253_9
255,987,257,Road,40.76117085825042,-74.01128768920898,2012-08-10 16:49:16,2012-08-06,train,255_7
255,587,266,Bus Station,40.75722129839836,-73.99154663085938,2012-08-11 20:42:41,2012-08-06,train,255_7
256,4612,6,Home (private),40.87744097115002,-73.90658830179062,2012-08-09 16:06:35,2012-08-06,train,256_16
256,861,254,Department Store,40.87364275972925,-73.90811920166016,2012-08-09 17:15:01,2012-08-06,train,256_16
256,1597,264,Subway,40.874486,-73.909589,2012-08-09 21:35:57,2012-08-06,train,256_16
256,1632,264,Subway,40.88941188949587,-73.89850616455078,2012-08-09 21:41:55,2012-08-06,train,256_16
256,4612,6,Home (private),40.87744097115002,-73.90658830179062,2012-08-10 21:25:48,2012-08-06,train,256_16
256,1597,264,Subway,40.874486,-73.909589,2012-08-11 00:43:57,2012-08-06,train,256_16
256,1632,264,Subway,40.88941188949587,-73.89850616455078,2012-08-11 00:53:10,2012-08-06,train,256_16
256,1597,264,Subway,40.874486,-73.909589,2012-08-12 16:57:54,2012-08-06,train,256_16
256,4612,6,Home (private),40.87744097115002,-73.90658830179062,2012-08-12 17:24:37,2012-08-06,train,256_16
256,1632,264,Subway,40.88941188949587,-73.89850616455078,2012-08-12 20:48:51,2012-08-06,train,256_16
265,3881,301,Neighborhood,40.89821955159699,-73.86741399765015,2012-08-10 22:00:31,2012-08-06,train,265_11
265,1647,264,Subway,40.8864595193891,-73.87842178344727,2012-08-10 22:00:48,2012-08-06,train,265_11
265,3695,73,Bus Station,40.88649029052588,-73.87826672953258,2012-08-10 22:02:21,2012-08-06,train,265_11
266,1271,61,Office,40.725049708722366,-73.99685960225945,2012-08-06 07:36:24,2012-08-06,train,266_4
266,1271,61,Office,40.725049708722366,-73.99685960225945,2012-08-09 08:55:59,2012-08-06,train,266_4
266,245,137,Gym / Fitness Center,40.728279,-73.992795,2012-08-09 11:20:37,2012-08-06,train,266_4
266,1271,61,Office,40.725049708722366,-73.99685960225945,2012-08-10 08:34:25,2012-08-06,train,266_4
266,2943,52,Bar,40.74099801143199,-74.008229970932,2012-08-10 12:37:16,2012-08-06,train,266_4
266,1271,61,Office,40.725049708722366,-73.99685960225945,2012-08-10 13:37:10,2012-08-06,train,266_4
268,3855,255,Flea Market,40.720599497806894,-73.96312594413757,2012-08-11 15:08:47,2012-08-06,train,268_10
268,282,47,Bar,40.747558,-73.993104,2012-08-11 17:53:57,2012-08-06,train,268_10
271,1897,138,Gym / Fitness Center,40.74667352978544,-73.98154231629059,2012-08-12 00:23:21,2012-08-06,train,271_7
271,1238,202,Pizza Place,40.72896655880699,-73.98838904743799,2012-08-12 01:32:51,2012-08-06,train,271_7
272,1255,222,Coffee Shop,40.767614327003976,-73.98287380365903,2012-08-06 07:18:27,2012-08-06,train,272_13
272,3025,61,Office,40.766476816586845,-73.98198423337972,2012-08-06 07:19:06,2012-08-06,train,272_13
272,1255,222,Coffee Shop,40.767614327003976,-73.98287380365903,2012-08-09 05:26:09,2012-08-06,train,272_13
272,3025,61,Office,40.766476816586845,-73.98198423337972,2012-08-09 05:29:00,2012-08-06,train,272_13
272,1255,222,Coffee Shop,40.767614327003976,-73.98287380365903,2012-08-10 05:57:44,2012-08-06,train,272_13
272,3025,61,Office,40.766476816586845,-73.98198423337972,2012-08-10 05:57:53,2012-08-06,train,272_13
273,1839,37,Bar,40.887145,-73.904555,2012-08-10 01:03:10,2012-08-06,train,273_11
273,3533,6,Home (private),40.88729678663871,-73.90658830179062,2012-08-10 04:13:37,2012-08-06,train,273_11
273,349,70,Train Station,40.75280620914171,-73.97717535495758,2012-08-10 18:11:12,2012-08-06,train,273_11
273,242,35,Bookstore,40.75485025788179,-73.98800493858226,2012-08-10 19:28:40,2012-08-06,train,273_11
273,1839,37,Bar,40.887145,-73.904555,2012-08-11 02:31:29,2012-08-06,train,273_11
273,3533,6,Home (private),40.88729678663871,-73.90658830179062,2012-08-11 06:55:36,2012-08-06,train,273_11
277,210,232,Music Venue,40.72930063756496,-73.99192996850243,2012-08-11 21:13:49,2012-08-06,train,277_15
277,4260,131,Café,40.851377882205846,-73.94008040428162,2012-08-12 01:42:25,2012-08-06,train,277_15
283,3166,37,Bar,40.729829754228895,-73.98073308885695,2012-08-09 23:37:52,2012-08-06,train,283_12
283,3166,37,Bar,40.729829754228895,-73.98073308885695,2012-08-12 03:39:50,2012-08-06,train,283_12
283,3166,37,Bar,40.729829754228895,-73.98073308885695,2012-08-12 16:01:27,2012-08-06,train,283_12
285,1117,61,Office,40.75045645304961,-73.98362563081274,2012-08-06 09:13:32,2012-08-06,train,285_18
285,179,121,Park,40.75372797263211,-73.98368835767094,2012-08-09 16:04:51,2012-08-06,train,285_18
285,285,47,Bar,40.740015,-73.982205,2012-08-10 19:04:16,2012-08-06,train,285_18
285,486,147,Movie Theater,40.74276195733468,-73.97692322731018,2012-08-11 17:40:01,2012-08-06,train,285_18
285,285,47,Bar,40.740015,-73.982205,2012-08-11 22:38:03,2012-08-06,train,285_18
285,7,131,Café,40.736827,-73.986909,2012-08-12 10:26:08,2012-08-06,train,285_18
287,3417,63,Office,40.74226610630077,-73.98446559906006,2012-08-09 08:20:49,2012-08-06,train,287_15
287,1528,264,Subway,40.73573434642415,-73.99056762456905,2012-08-09 23:57:07,2012-08-06,train,287_15
287,3417,63,Office,40.74226610630077,-73.98446559906006,2012-08-10 08:28:51,2012-08-06,train,287_15
287,2787,37,Bar,40.729395470403695,-73.98717237876596,2012-08-10 19:30:08,2012-08-06,train,287_15
287,2961,304,Train Station,40.75018302371518,-73.99133205413818,2012-08-12 11:19:25,2012-08-06,train,287_15
293,4696,222,Coffee Shop,40.74997526827238,-73.97949341469202,2012-08-06 07:41:56,2012-08-06,train,293_18
293,4696,222,Coffee Shop,40.74997526827238,-73.97949341469202,2012-08-09 07:36:18,2012-08-06,train,293_18
293,2650,61,Office,40.74646496169778,-73.98116352940538,2012-08-09 07:51:12,2012-08-06,train,293_18
293,349,70,Train Station,40.75280620914171,-73.97717535495758,2012-08-09 16:00:44,2012-08-06,train,293_18
293,2763,102,American Restaurant,40.74733835203195,-73.98198997255602,2012-08-10 07:44:49,2012-08-06,train,293_18
293,2650,61,Office,40.74646496169778,-73.98116352940538,2012-08-11 11:02:05,2012-08-06,train,293_18
293,349,70,Train Station,40.75280620914171,-73.97717535495758,2012-08-11 11:10:29,2012-08-06,train,293_18
293,726,70,Train Station,40.805144639820114,-73.93914699554443,2012-08-12 12:33:40,2012-08-06,train,293_18
294,2366,264,Subway,40.8670224993816,-73.8939356803894,2012-08-10 07:00:45,2012-08-06,train,294_13
294,1152,222,Coffee Shop,40.75171,-73.990295,2012-08-10 13:45:40,2012-08-06,train,294_13
295,4980,139,Medical Center,40.60829783220055,-73.9614254053049,2012-08-09 14:06:55,2012-08-06,train,295_14
295,862,147,Movie Theater,40.58606020705239,-73.92983436584473,2012-08-09 21:55:36,2012-08-06,train,295_14
295,2480,133,Hot Dog Joint,40.57514126948244,-73.98150444030762,2012-08-10 22:11:51,2012-08-06,train,295_14
295,2665,149,Park,40.57485998907254,-73.978434,2012-08-10 22:16:28,2012-08-06,train,295_14
295,4980,139,Medical Center,40.60829783220055,-73.9614254053049,2012-08-12 12:28:29,2012-08-06,train,295_14
299,3628,120,Other Great Outdoors,40.7140882616396,-73.94940591248245,2012-08-06 00:44:07,2012-08-06,train,299_18
299,3837,141,Bagel Shop,40.714049,-73.949311,2012-08-06 00:45:28,2012-08-06,train,299_18
299,3593,96,Deli / Bodega,40.70427317579925,-73.94809715465664,2012-08-06 00:58:56,2012-08-06,train,299_18
299,4235,73,Bus Station,40.70402766678848,-73.94822343869261,2012-08-06 00:59:58,2012-08-06,train,299_18
299,3787,95,Chinese Restaurant,40.68990012489897,-73.93075527809141,2012-08-09 11:48:56,2012-08-06,train,299_18
299,1753,264,Subway,40.67933621045698,-73.93028497695923,2012-08-09 12:26:37,2012-08-06,train,299_18
299,1339,121,Park,40.72678506374359,-74.00346747445712,2012-08-09 13:09:31,2012-08-06,train,299_18
299,2959,96,Deli / Bodega,40.726901990216966,-74.00327539665169,2012-08-09 13:10:33,2012-08-06,train,299_18
299,630,245,General Entertainment,40.72692705548838,-74.0054904599932,2012-08-09 15:41:53,2012-08-06,train,299_18
299,832,97,Diner,40.726347595238224,-74.00433702347331,2012-08-09 19:56:31,2012-08-06,train,299_18
299,3783,257,Road,40.72584842252312,-74.00399271271695,2012-08-09 19:57:16,2012-08-06,train,299_18
299,1611,264,Subway,40.7255768,-74.004252,2012-08-09 19:58:09,2012-08-06,train,299_18
299,3360,71,Train Station,40.73977053760343,-74.00258123874664,2012-08-09 20:20:10,2012-08-06,train,299_18
299,3360,71,Train Station,40.73977053760343,-74.00258123874664,2012-08-09 20:21:26,2012-08-06,train,299_18
299,3628,120,Other Great Outdoors,40.7140882616396,-73.94940591248245,2012-08-09 20:22:06,2012-08-06,train,299_18
299,1781,202,Pizza Place,40.71416030830439,-73.94938295189516,2012-08-09 20:22:56,2012-08-06,train,299_18
299,359,128,Bakery,40.71505590186361,-73.9495034949479,2012-08-09 20:23:59,2012-08-06,train,299_18
299,3636,60,Smoke Shop,40.71595073760232,-73.94959533722336,2012-08-09 20:53:29,2012-08-06,train,299_18
299,5003,253,General Travel,40.71532844619961,-73.94954367594879,2012-08-10 00:09:56,2012-08-06,train,299_18
299,3787,95,Chinese Restaurant,40.68990012489897,-73.93075527809141,2012-08-10 11:42:55,2012-08-06,train,299_18
299,3557,253,General Travel,40.68896799720544,-73.92899861616681,2012-08-10 11:44:53,2012-08-06,train,299_18
299,2251,264,Subway,40.66869292137888,-73.93140077590942,2012-08-10 11:57:52,2012-08-06,train,299_18
299,3360,71,Train Station,40.73977053760343,-74.00258123874664,2012-08-10 13:01:17,2012-08-06,train,299_18
299,1514,264,Subway,40.73977358599364,-74.00257587432861,2012-08-10 13:01:50,2012-08-06,train,299_18
299,3783,257,Road,40.72584842252312,-74.00399271271695,2012-08-10 13:12:02,2012-08-06,train,299_18
299,1339,121,Park,40.72678506374359,-74.00346747445712,2012-08-10 13:46:05,2012-08-06,train,299_18
299,4896,67,Office,40.72648554606392,-74.00508876647187,2012-08-10 14:36:58,2012-08-06,train,299_18
299,832,97,Diner,40.726347595238224,-74.00433702347331,2012-08-10 20:14:54,2012-08-06,train,299_18
299,3783,257,Road,40.72584842252312,-74.00399271271695,2012-08-10 20:15:32,2012-08-06,train,299_18
299,1611,264,Subway,40.7255768,-74.004252,2012-08-10 20:16:26,2012-08-06,train,299_18
299,1514,264,Subway,40.73977358599364,-74.00257587432861,2012-08-10 20:23:57,2012-08-06,train,299_18
299,3360,71,Train Station,40.73977053760343,-74.00258123874664,2012-08-10 20:39:55,2012-08-06,train,299_18
299,359,128,Bakery,40.71505590186361,-73.9495034949479,2012-08-10 20:41:59,2012-08-06,train,299_18
299,5003,253,General Travel,40.71532844619961,-73.94954367594879,2012-08-11 02:08:03,2012-08-06,train,299_18
299,3593,96,Deli / Bodega,40.70427317579925,-73.94809715465664,2012-08-11 02:26:33,2012-08-06,train,299_18
299,4235,73,Bus Station,40.70402766678848,-73.94822343869261,2012-08-11 02:28:19,2012-08-06,train,299_18
299,3553,6,Home (private),40.69321217941903,-73.93010370763156,2012-08-11 09:30:44,2012-08-06,train,299_18
299,3787,95,Chinese Restaurant,40.68990012489897,-73.93075527809141,2012-08-11 12:24:29,2012-08-06,train,299_18
299,3557,253,General Travel,40.68896799720544,-73.92899861616681,2012-08-11 12:38:31,2012-08-06,train,299_18
299,1781,202,Pizza Place,40.71416030830439,-73.94938295189516,2012-08-11 16:23:56,2012-08-06,train,299_18
299,359,128,Bakery,40.71505590186361,-73.9495034949479,2012-08-11 16:25:16,2012-08-06,train,299_18
299,3636,60,Smoke Shop,40.71595073760232,-73.94959533722336,2012-08-12 00:28:38,2012-08-06,train,299_18
299,5003,253,General Travel,40.71532844619961,-73.94954367594879,2012-08-12 04:20:06,2012-08-06,train,299_18
299,3593,96,Deli / Bodega,40.70427317579925,-73.94809715465664,2012-08-12 04:26:49,2012-08-06,train,299_18
299,4235,73,Bus Station,40.70402766678848,-73.94822343869261,2012-08-12 04:30:41,2012-08-06,train,299_18
299,3598,6,Home (private),40.69321217941903,-73.93010370763156,2012-08-12 16:45:51,2012-08-06,train,299_18
299,4153,6,Home (private),40.69321217941903,-73.93010370763156,2012-08-12 17:52:58,2012-08-06,train,299_18
299,3593,96,Deli / Bodega,40.70427317579925,-73.94809715465664,2012-08-12 18:20:53,2012-08-06,train,299_18
299,4314,253,General Travel,40.70408637926169,-73.9480799340999,2012-08-12 18:23:48,2012-08-06,train,299_18
299,3628,120,Other Great Outdoors,40.7140882616396,-73.94940591248245,2012-08-12 18:37:46,2012-08-06,train,299_18
299,2504,96,Deli / Bodega,40.716069008205125,-73.9497388406914,2012-08-12 23:19:27,2012-08-06,train,299_18
301,1448,63,Office,40.73329164379054,-73.9928367092527,2012-08-06 08:30:56,2012-08-06,train,301_17
301,3162,14,Clothing Store,40.732699517451046,-73.99120686837627,2012-08-09 14:18:54,2012-08-06,train,301_17
301,1448,63,Office,40.73329164379054,-73.9928367092527,2012-08-09 15:54:42,2012-08-06,train,301_17
301,665,138,Gym / Fitness Center,40.73448312627058,-73.98823409478094,2012-08-09 17:54:33,2012-08-06,train,301_17
301,1448,63,Office,40.73329164379054,-73.9928367092527,2012-08-10 09:22:13,2012-08-06,train,301_17
301,1448,63,Office,40.73329164379054,-73.9928367092527,2012-08-10 15:07:53,2012-08-06,train,301_17
301,1482,48,Bar,40.734692,-74.00214116,2012-08-10 17:29:31,2012-08-06,train,301_17
301,157,48,Bar,40.73211863793743,-73.98541241884232,2012-08-11 00:37:38,2012-08-06,train,301_17
301,4747,55,Bar,40.718690227529656,-73.98931302179598,2012-08-11 01:59:03,2012-08-06,train,301_17
301,822,20,Falafel Restaurant,40.72909625079526,-73.98886442184448,2012-08-11 04:15:00,2012-08-06,train,301_17
302,2383,136,Office,40.752522706592416,-73.98677064685069,2012-08-10 08:37:34,2012-08-06,train,302_17
302,4495,197,Sandwich Place,40.753041896907845,-73.9890719854358,2012-08-10 13:04:29,2012-08-06,train,302_17
303,853,194,Mexican Restaurant,40.75557964275588,-73.97086143493652,2012-08-11 14:06:26,2012-08-06,train,303_11
303,702,157,Stadium,40.75645736467708,-73.8460636138916,2012-08-11 18:24:57,2012-08-06,train,303_11
308,2281,317,City,40.84816411132264,-73.99766206741333,2012-08-10 18:06:13,2012-08-06,train,308_15
308,2281,317,City,40.84816411132264,-73.99766206741333,2012-08-11 00:00:15,2012-08-06,train,308_15
310,5015,161,Park,40.73998136294093,-73.87849067695375,2012-08-09 07:50:30,2012-08-06,train,310_13
310,409,223,Harbor / Marina,40.72992160603484,-74.010901763343,2012-08-09 09:18:07,2012-08-06,train,310_13
310,4851,270,Parking,40.72906372940698,-74.01128768920898,2012-08-09 09:18:30,2012-08-06,train,310_13
310,3441,100,Vietnamese Restaurant,40.72979057247075,-74.00069303656065,2012-08-09 13:33:19,2012-08-06,train,310_13
310,3116,319,Market,40.74186151409088,-73.98943362953369,2012-08-11 21:10:49,2012-08-06,train,310_13
318,587,266,Bus Station,40.75722129839836,-73.99154663085938,2012-08-09 13:05:32,2012-08-06,train,318_7
318,1889,222,Coffee Shop,40.72285185282303,-73.86757493019104,2012-08-10 09:46:53,2012-08-06,train,318_7
318,3199,19,Bank,40.75464921728343,-73.89583721012723,2012-08-10 14:52:06,2012-08-06,train,318_7
318,1889,222,Coffee Shop,40.72285185282303,-73.86757493019104,2012-08-11 17:08:43,2012-08-06,train,318_7
318,1859,264,Subway,40.74683429891953,-73.89155387878418,2012-08-12 16:31:18,2012-08-06,train,318_7
318,1889,222,Coffee Shop,40.72285185282303,-73.86757493019104,2012-08-12 21:11:19,2012-08-06,train,318_7
320,4555,6,Home (private),40.72554094394651,-73.74190167904314,2012-08-06 00:05:40,2012-08-06,train,320_14
320,4555,6,Home (private),40.72554094394651,-73.74190167904314,2012-08-09 23:29:38,2012-08-06,train,320_14
320,2599,222,Coffee Shop,40.78195703357537,-73.82981210947037,2012-08-10 15:17:45,2012-08-06,train,320_14
320,4555,6,Home (private),40.72554094394651,-73.74190167904314,2012-08-11 09:08:02,2012-08-06,train,320_14
320,2599,222,Coffee Shop,40.78195703357537,-73.82981210947037,2012-08-12 11:10:32,2012-08-06,train,320_14
321,3370,211,Bar,40.72036368727871,-73.9870834350586,2012-08-10 22:07:31,2012-08-06,train,321_15
321,357,70,Train Station,40.750794799423865,-73.99357639021292,2012-08-11 12:41:34,2012-08-06,train,321_15
321,2646,155,Stadium,40.8134844303353,-74.07433032989502,2012-08-11 14:33:57,2012-08-06,train,321_15
323,3830,162,Medical Center,40.8292153237507,-74.10305963500493,2012-08-06 04:14:07,2012-08-06,train,323_11
323,1727,163,Medical Center,40.88375077190847,-74.05635523868078,2012-08-06 04:54:05,2012-08-06,train,323_11
323,4786,162,Medical Center,40.88431303079767,-74.05628639538511,2012-08-06 04:54:18,2012-08-06,train,323_11
324,4814,94,Caribbean Restaurant,40.67295509289303,-73.87084186634232,2012-08-06 04:49:11,2012-08-06,train,324_18
324,2645,95,Chinese Restaurant,40.67295263029044,-73.87085335126653,2012-08-06 09:56:52,2012-08-06,train,324_18
324,3027,202,Pizza Place,40.6729684719258,-73.87084186634232,2012-08-06 09:58:05,2012-08-06,train,324_18
324,4814,94,Caribbean Restaurant,40.67295509289303,-73.87084186634232,2012-08-09 18:35:35,2012-08-06,train,324_18
324,2645,95,Chinese Restaurant,40.67295263029044,-73.87085335126653,2012-08-09 18:39:17,2012-08-06,train,324_18
324,3027,202,Pizza Place,40.6729684719258,-73.87084186634232,2012-08-09 19:07:47,2012-08-06,train,324_18
324,4818,96,Deli / Bodega,40.67295591375991,-73.87084186634232,2012-08-09 19:13:43,2012-08-06,train,324_18
324,2645,95,Chinese Restaurant,40.67295263029044,-73.87085335126653,2012-08-11 12:57:20,2012-08-06,train,324_18
324,4814,94,Caribbean Restaurant,40.67295509289303,-73.87084186634232,2012-08-11 12:59:21,2012-08-06,train,324_18
324,3027,202,Pizza Place,40.6729684719258,-73.87084186634232,2012-08-11 13:00:12,2012-08-06,train,324_18
324,3231,95,Chinese Restaurant,40.67295591375991,-73.87083612387994,2012-08-11 13:01:32,2012-08-06,train,324_18
324,2273,34,Gas Station / Garage,40.67297503890257,-73.87077869924707,2012-08-11 13:02:04,2012-08-06,train,324_18
324,4219,113,Garden,40.67290578748258,-73.87081315402881,2012-08-11 13:06:13,2012-08-06,train,324_18
324,4818,96,Deli / Bodega,40.67295591375991,-73.87084186634232,2012-08-12 10:52:45,2012-08-06,train,324_18
324,4814,94,Caribbean Restaurant,40.67295509289303,-73.87084186634232,2012-08-12 10:53:12,2012-08-06,train,324_18
324,2273,34,Gas Station / Garage,40.67297503890257,-73.87077869924707,2012-08-12 10:53:45,2012-08-06,train,324_18
324,2645,95,Chinese Restaurant,40.67295263029044,-73.87085335126653,2012-08-12 10:54:13,2012-08-06,train,324_18
332,1475,241,Airport,40.773839,-73.87122,2012-08-09 07:30:38,2012-08-06,train,332_9
332,3744,301,Neighborhood,40.76214602208933,-73.73731613159178,2012-08-09 21:16:02,2012-08-06,train,332_9
332,4096,257,Road,40.76663447983372,-73.71674041241091,2012-08-10 07:17:37,2012-08-06,train,332_9
332,3744,301,Neighborhood,40.76214602208933,-73.73731613159178,2012-08-12 17:34:14,2012-08-06,train,332_9
332,3642,301,Neighborhood,40.71623280185079,-73.85018348693848,2012-08-12 20:00:42,2012-08-06,train,332_9
333,1129,137,Gym / Fitness Center,40.75915,-73.978449,2012-08-06 08:44:04,2012-08-06,train,333_14
333,1129,137,Gym / Fitness Center,40.75915,-73.978449,2012-08-09 08:46:21,2012-08-06,train,333_14
333,2801,222,Coffee Shop,40.78261765304958,-73.95334935288557,2012-08-10 15:06:52,2012-08-06,train,333_14
333,3976,92,Asian Restaurant,40.7824305880439,-73.9534239732528,2012-08-10 19:22:58,2012-08-06,train,333_14
333,2801,222,Coffee Shop,40.78261765304958,-73.95334935288557,2012-08-11 11:54:43,2012-08-06,train,333_14
333,2801,222,Coffee Shop,40.78261765304958,-73.95334935288557,2012-08-12 13:29:24,2012-08-06,train,333_14
333,3976,92,Asian Restaurant,40.7824305880439,-73.9534239732528,2012-08-12 13:56:38,2012-08-06,train,333_14
340,3258,6,Home (private),40.70477380546345,-73.94186034276925,2012-08-09 06:52:50,2012-08-06,train,340_15
340,329,37,Bar,40.744279,-73.995839,2012-08-09 18:54:30,2012-08-06,train,340_15
340,3773,39,Beer Garden,40.74203392888001,-73.98993663489819,2012-08-09 20:25:08,2012-08-06,train,340_15
340,3258,6,Home (private),40.70477380546345,-73.94186034276925,2012-08-11 07:57:14,2012-08-06,train,340_15
341,108,21,French Restaurant,40.72270549271865,-73.99819850921631,2012-08-10 06:07:24,2012-08-06,train,341_14
341,108,21,French Restaurant,40.72270549271865,-73.99819850921631,2012-08-10 13:49:02,2012-08-06,train,341_14
342,1995,70,Train Station,40.72465693431455,-73.70641708374023,2012-08-06 07:14:26,2012-08-06,train,342_17
342,2035,61,Office,40.746102944047806,-73.98232858365381,2012-08-06 08:25:59,2012-08-06,train,342_17
342,1995,70,Train Station,40.72465693431455,-73.70641708374023,2012-08-09 07:28:17,2012-08-06,train,342_17
342,2035,61,Office,40.746102944047806,-73.98232858365381,2012-08-09 08:28:42,2012-08-06,train,342_17
342,357,70,Train Station,40.750794799423865,-73.99357639021292,2012-08-09 21:03:05,2012-08-06,train,342_17
342,2035,61,Office,40.746102944047806,-73.98232858365381,2012-08-10 09:16:18,2012-08-06,train,342_17
343,108,21,French Restaurant,40.72270549271865,-73.99819850921631,2012-08-09 08:38:14,2012-08-06,train,343_12
343,986,42,Food & Drink Shop,40.81967266642876,-73.95994453399868,2012-08-12 20:05:26,2012-08-06,train,343_12
343,1542,61,Office,40.72773425342832,-74.00777435855494,2012-08-12 20:42:29,2012-08-06,train,343_12
345,1130,61,Office,40.75628266864383,-73.9934220712574,2012-08-09 20:40:44,2012-08-06,train,345_14
345,2319,223,Harbor / Marina,40.68571485984485,-74.07188415527344,2012-08-10 00:06:24,2012-08-06,train,345_14
345,1130,61,Office,40.75628266864383,-73.9934220712574,2012-08-10 14:15:27,2012-08-06,train,345_14
345,1492,76,Ferry,40.70325299803113,-74.00609493255615,2012-08-10 20:47:52,2012-08-06,train,345_14
345,2319,223,Harbor / Marina,40.68571485984485,-74.07188415527344,2012-08-10 21:22:59,2012-08-06,train,345_14
345,2319,223,Harbor / Marina,40.68571485984485,-74.07188415527344,2012-08-11 04:12:22,2012-08-06,train,345_14
348,3707,6,Home (private),40.83018008129999,-74.20032308006297,2012-08-12 01:29:51,2012-08-06,train,348_12
348,1906,222,Coffee Shop,40.81436516937082,-74.22000465933647,2012-08-12 19:09:09,2012-08-06,train,348_12
350,1142,138,Gym / Fitness Center,40.746445264372,-74.00914009391035,2012-08-09 08:28:27,2012-08-06,train,350_5
350,1142,138,Gym / Fitness Center,40.74650474095836,-74.0088531755274,2012-08-11 15:58:37,2012-08-06,train,350_5
351,1383,96,Deli / Bodega,40.69813445726876,-73.99260715503765,2012-08-06 01:58:52,2012-08-06,train,351_17
351,4598,6,Home (private),40.767237460001375,-73.89482953406639,2012-08-06 06:23:08,2012-08-06,train,351_17
351,4598,6,Home (private),40.767237460001375,-73.89482953406639,2012-08-09 09:03:51,2012-08-06,train,351_17
351,2210,165,College Academic Building,40.72200363430237,-73.79322870209799,2012-08-09 11:04:49,2012-08-06,train,351_17
351,4598,6,Home (private),40.767237460001375,-73.89482953406639,2012-08-09 23:02:29,2012-08-06,train,351_17
351,405,241,Airport,40.645089355976346,-73.7845230102539,2012-08-10 05:39:31,2012-08-06,train,351_17
352,460,222,Coffee Shop,40.72828321132057,-73.99559140205383,2012-08-09 12:03:06,2012-08-06,train,352_14
352,460,222,Coffee Shop,40.72828321132057,-73.99559140205383,2012-08-10 13:23:18,2012-08-06,train,352_14
352,702,157,Stadium,40.75645736467708,-73.8460636138916,2012-08-10 19:02:16,2012-08-06,train,352_14
352,357,70,Train Station,40.750794799423865,-73.99357639021292,2012-08-11 05:57:07,2012-08-06,train,352_14
353,4012,6,Home (private),40.75736154023456,-73.89482953406639,2012-08-06 00:18:26,2012-08-06,train,353_4
353,4012,6,Home (private),40.75736154023456,-73.89482953406639,2012-08-10 12:43:57,2012-08-06,train,353_4
353,1309,7,Clothing Store,40.750248045828585,-73.98991584777832,2012-08-11 08:16:02,2012-08-06,train,353_4
353,1005,122,Plaza,40.72899240866846,-73.98877929802003,2012-08-11 12:52:58,2012-08-06,train,353_4
353,1859,264,Subway,40.74683429891953,-73.89155387878418,2012-08-11 22:34:27,2012-08-06,train,353_4
353,1859,264,Subway,40.74683429891953,-73.89155387878418,2012-08-12 07:38:16,2012-08-06,train,353_4
353,1309,7,Clothing Store,40.750248045828585,-73.98991584777832,2012-08-12 08:11:41,2012-08-06,train,353_4
353,3759,54,Food & Drink Shop,40.74863806916286,-73.9893417165806,2012-08-12 13:07:43,2012-08-06,train,353_4
353,425,35,Bookstore,40.73673498897392,-73.98976065994738,2012-08-12 19:40:37,2012-08-06,train,353_4
353,4012,6,Home (private),40.75736154023456,-73.89482953406639,2012-08-12 21:54:27,2012-08-06,train,353_4
354,934,269,Miscellaneous Shop,40.74858212413511,-73.9894220619547,2012-08-06 09:15:00,2012-08-06,train,354_16
354,934,269,Miscellaneous Shop,40.74858212413511,-73.9894220619547,2012-08-09 10:28:04,2012-08-06,train,354_16
356,3642,301,Neighborhood,40.71623280185079,-73.85018348693848,2012-08-06 07:59:42,2012-08-06,train,356_16
356,2072,264,Subway,40.721717045393135,-73.8445246964693,2012-08-06 08:01:25,2012-08-06,train,356_16
356,3342,175,College Academic Building,40.7370797706936,-73.81808280944824,2012-08-06 09:34:56,2012-08-06,train,356_16
356,1732,132,Fast Food Restaurant,40.7200302985548,-73.84515970945358,2012-08-09 07:44:26,2012-08-06,train,356_16
356,2072,264,Subway,40.721717045393135,-73.8445246964693,2012-08-09 07:45:21,2012-08-06,train,356_16
356,3342,175,College Academic Building,40.7370797706936,-73.81808280944824,2012-08-09 09:13:48,2012-08-06,train,356_16
356,1447,208,Ramen /  Noodle House,40.72880254143109,-73.98815900087357,2012-08-09 18:48:18,2012-08-06,train,356_16
356,1930,301,Neighborhood,40.71834202528393,-74.00061816553153,2012-08-09 20:25:19,2012-08-06,train,356_16
356,861,254,Department Store,40.87364275972925,-73.90811920166016,2012-08-10 18:57:35,2012-08-06,train,356_16
356,972,221,Bridge,40.75673368214285,-73.95445704460144,2012-08-10 21:04:57,2012-08-06,train,356_16
356,1816,26,Drugstore / Pharmacy,40.78003976949308,-73.94729018211365,2012-08-11 22:01:33,2012-08-06,train,356_16
356,1206,42,Food & Drink Shop,40.77914001737549,-73.94793659448624,2012-08-11 22:02:04,2012-08-06,train,356_16
356,2017,132,Fast Food Restaurant,40.77793967165551,-73.95470973505309,2012-08-12 02:22:06,2012-08-06,train,356_16
357,938,102,American Restaurant,40.82013,-73.959088,2012-08-06 01:36:33,2012-08-06,train,357_11
357,938,102,American Restaurant,40.82013,-73.959088,2012-08-12 22:53:05,2012-08-06,train,357_11
361,3480,61,Office,40.81297516822815,-74.00172829627991,2012-08-09 16:18:55,2012-08-06,train,361_17
361,2895,19,Bank,40.81224467890343,-74.00266137196436,2012-08-09 16:19:42,2012-08-06,train,361_17
361,3616,34,Gas Station / Garage,40.80019176006317,-73.99466335773468,2012-08-09 18:00:20,2012-08-06,train,361_17
361,2634,98,Donut Shop,40.80023122491412,-73.99446487426758,2012-08-09 18:01:05,2012-08-06,train,361_17
361,1518,130,Burger Joint,40.74018614201558,-74.00571426030355,2012-08-09 20:01:51,2012-08-06,train,361_17
361,2776,90,School,40.83249835269056,-73.91528347731614,2012-08-10 07:32:14,2012-08-06,train,361_17
361,4127,266,Bus Station,40.83319692340326,-73.91407370567322,2012-08-10 07:32:33,2012-08-06,train,361_17
361,3163,104,Spanish Restaurant,40.83329771,-73.91433,2012-08-10 07:32:52,2012-08-06,train,361_17
361,4657,132,Fast Food Restaurant,40.818699932541634,-74.00139888511124,2012-08-10 08:19:18,2012-08-06,train,361_17
361,3480,61,Office,40.81297516822815,-74.00172829627991,2012-08-10 08:19:48,2012-08-06,train,361_17
361,3077,114,Cemetery,40.81394865791736,-74.00417060668508,2012-08-10 08:20:00,2012-08-06,train,361_17
361,4993,300,Moving Target,40.81348037719727,-74.0018539428711,2012-08-10 08:20:38,2012-08-06,train,361_17
361,396,259,Hotel,40.75925299429778,-73.98515224456787,2012-08-10 10:24:21,2012-08-06,train,361_17
361,1684,245,General Entertainment,40.75916766431922,-73.98492157459259,2012-08-10 10:24:38,2012-08-06,train,361_17
361,1111,40,Candy Store,40.76019571910803,-73.98485380013902,2012-08-10 10:25:13,2012-08-06,train,361_17
361,370,27,Italian Restaurant,40.75930175423635,-73.9849591255188,2012-08-10 10:26:03,2012-08-06,train,361_17
361,1615,80,Building,40.76676160346336,-73.98313522338867,2012-08-10 12:29:40,2012-08-06,train,361_17
361,457,106,Burrito Place,40.774772,-73.954047,2012-08-10 13:29:06,2012-08-06,train,361_17
361,405,241,Airport,40.645089355976346,-73.7845230102539,2012-08-10 16:49:05,2012-08-06,train,361_17
361,871,27,Italian Restaurant,40.720072628003614,-74.01036809972409,2012-08-11 11:17:40,2012-08-06,train,361_17
361,4580,270,Parking,40.832484107252746,-73.91520884226871,2012-08-11 23:25:09,2012-08-06,train,361_17
361,2776,90,School,40.83249835269056,-73.91528347731614,2012-08-11 23:25:48,2012-08-06,train,361_17
361,3163,104,Spanish Restaurant,40.83329771,-73.91433,2012-08-11 23:26:09,2012-08-06,train,361_17
361,4657,132,Fast Food Restaurant,40.818699932541634,-74.00139888511124,2012-08-12 07:43:49,2012-08-06,train,361_17
361,3742,259,Hotel,40.74198972871025,-74.00358438491821,2012-08-12 10:20:52,2012-08-06,train,361_17
361,1586,193,Mediterranean Restaurant,40.73823003977592,-73.9878323650875,2012-08-12 11:35:42,2012-08-06,train,361_17
363,357,70,Train Station,40.750794799423865,-73.99357639021292,2012-08-09 09:25:53,2012-08-06,train,363_3
363,357,70,Train Station,40.750794799423865,-73.99357639021292,2012-08-10 08:34:58,2012-08-06,train,363_3
366,633,137,Gym / Fitness Center,40.73289,-73.99,2012-08-09 07:47:27,2012-08-06,train,366_14
366,598,52,Bar,40.76401977376754,-73.9975740281675,2012-08-09 23:14:47,2012-08-06,train,366_14
367,3174,63,Office,40.80036117114784,-73.94424319267273,2012-08-09 10:21:30,2012-08-06,train,367_18
367,2511,264,Subway,40.70240710847517,-73.79997253417969,2012-08-09 10:21:49,2012-08-06,train,367_18
367,1145,264,Subway,40.708588361482406,-73.99103164672852,2012-08-09 12:21:48,2012-08-06,train,367_18
367,2742,264,Subway,40.57782667559751,-73.9607481089862,2012-08-09 12:53:39,2012-08-06,train,367_18
367,2637,264,Subway,40.57745558120849,-73.98124694824219,2012-08-09 13:04:44,2012-08-06,train,367_18
367,740,227,Beach,40.57334843776636,-73.98030281066895,2012-08-09 13:05:12,2012-08-06,train,367_18
367,1133,264,Subway,40.71063780819672,-73.79437208175659,2012-08-10 10:48:00,2012-08-06,train,367_18
367,2637,264,Subway,40.57745558120849,-73.98124694824219,2012-08-10 10:48:35,2012-08-06,train,367_18
367,3305,132,Fast Food Restaurant,40.57696138238364,-73.98161692574057,2012-08-10 18:52:37,2012-08-06,train,367_18
367,4899,19,Bank,40.57684370773071,-73.98132996615902,2012-08-10 18:52:49,2012-08-06,train,367_18
367,2665,149,Park,40.57485998907254,-73.978434,2012-08-10 18:53:02,2012-08-06,train,367_18
367,3174,63,Office,40.80036117114784,-73.94424319267273,2012-08-10 23:38:56,2012-08-06,train,367_18
367,2511,264,Subway,40.70240710847517,-73.79997253417969,2012-08-11 11:38:55,2012-08-06,train,367_18
367,996,264,Subway,40.67837610578439,-73.90339851379395,2012-08-11 14:16:26,2012-08-06,train,367_18
367,1913,264,Subway,40.69147464622913,-73.98738384246826,2012-08-11 14:38:22,2012-08-06,train,367_18
367,1551,264,Subway,40.67026755172896,-73.98977637290949,2012-08-11 14:38:39,2012-08-06,train,367_18
367,1185,70,Train Station,40.67352655223766,-73.9959454536438,2012-08-11 14:39:51,2012-08-06,train,367_18
367,2637,264,Subway,40.57745558120849,-73.98124694824219,2012-08-11 15:06:18,2012-08-06,train,367_18
367,3305,132,Fast Food Restaurant,40.57696138238364,-73.98161692574057,2012-08-11 22:22:08,2012-08-06,train,367_18
367,4899,19,Bank,40.57684370773071,-73.98132996615902,2012-08-11 22:22:25,2012-08-06,train,367_18
367,3113,102,American Restaurant,40.57689110532319,-73.98192110242921,2012-08-11 22:22:50,2012-08-06,train,367_18
367,740,227,Beach,40.57334843776636,-73.98030281066895,2012-08-11 22:23:15,2012-08-06,train,367_18
367,2665,149,Park,40.57485998907254,-73.978434,2012-08-11 22:23:32,2012-08-06,train,367_18
367,1133,264,Subway,40.71063780819672,-73.79437208175659,2012-08-12 01:34:16,2012-08-06,train,367_18
369,3049,138,Gym / Fitness Center,40.69973162370754,-73.91062734378966,2012-08-06 06:29:07,2012-08-06,train,369_12
369,3049,138,Gym / Fitness Center,40.69973162370754,-73.91062734378966,2012-08-10 06:12:35,2012-08-06,train,369_12
370,4982,63,Office,40.758454,-73.988858,2012-08-06 09:15:53,2012-08-06,train,370_11
370,4982,63,Office,40.758454,-73.988858,2012-08-10 08:39:55,2012-08-06,train,370_11
370,4761,54,Food & Drink Shop,40.616788249216725,-73.97330640287038,2012-08-10 23:52:57,2012-08-06,train,370_11
372,2865,222,Coffee Shop,40.80798043673493,-73.94569774230696,2012-08-06 08:23:10,2012-08-06,train,372_17
372,4701,63,Office,40.88439192396662,-73.87827247177736,2012-08-09 06:45:53,2012-08-06,train,372_17
372,4543,98,Donut Shop,40.882125622675126,-73.88050045004572,2012-08-09 06:46:15,2012-08-06,train,372_17
372,1996,264,Subway,40.803894,-73.937624,2012-08-09 13:33:30,2012-08-06,train,372_17
372,2364,102,American Restaurant,40.910107224587655,-74.0324878692627,2012-08-09 16:16:46,2012-08-06,train,372_17
372,4543,98,Donut Shop,40.882125622675126,-73.88050045004572,2012-08-11 10:28:37,2012-08-06,train,372_17
372,4702,63,Office,40.80545047108848,-73.9431605322863,2012-08-11 13:49:26,2012-08-06,train,372_17
372,1267,121,Park,40.80448308603994,-73.94392399490886,2012-08-11 18:43:12,2012-08-06,train,372_17
375,4567,220,BBQ Joint,40.71456338809374,-74.01544645119131,2012-08-10 16:25:15,2012-08-06,train,375_11
375,826,130,Burger Joint,40.713240189310966,-74.01618003845215,2012-08-10 19:29:55,2012-08-06,train,375_11
379,43,133,Hot Dog Joint,40.77836414910471,-73.98163318634033,2012-08-10 18:49:04,2012-08-06,train,379_18
379,2839,201,Ice Cream Shop,40.77228190441559,-73.98311484779973,2012-08-10 21:07:56,2012-08-06,train,379_18
379,2771,61,Office,40.772551970891946,-73.98142179327174,2012-08-11 15:01:52,2012-08-06,train,379_18
379,316,258,Food & Drink Shop,40.784586085549726,-73.97934993336972,2012-08-11 19:00:44,2012-08-06,train,379_18
379,2771,61,Office,40.772551970891946,-73.98142179327174,2012-08-12 07:19:36,2012-08-06,train,379_18
381,240,37,Bar,40.76119392605275,-73.98700594707448,2012-08-09 12:44:49,2012-08-06,train,381_9
381,405,241,Airport,40.645089355976346,-73.7845230102539,2012-08-10 17:02:08,2012-08-06,train,381_9
383,4579,61,Office,40.75757730864698,-73.9862082207571,2012-08-09 10:19:09,2012-08-06,train,383_6
383,731,147,Movie Theater,40.774697291507216,-73.98194979831837,2012-08-09 19:08:21,2012-08-06,train,383_6
383,1475,241,Airport,40.773839,-73.87122,2012-08-10 06:16:47,2012-08-06,train,383_6
384,4169,197,Sandwich Place,40.71323645845717,-74.0091515706367,2012-08-09 08:27:36,2012-08-06,train,384_14
384,3472,122,Plaza,40.7721081261999,-73.97742748260498,2012-08-11 06:28:55,2012-08-06,train,384_14
387,3716,37,Bar,40.734853,-73.988588,2012-08-10 18:59:29,2012-08-06,train,387_17
387,923,152,Food & Drink Shop,40.73004029,-73.992856,2012-08-11 13:15:54,2012-08-06,train,387_17
387,192,121,Park,40.73528249691621,-73.99040315158283,2012-08-11 13:25:44,2012-08-06,train,387_17
394,2819,61,Office,40.76308021048571,-73.97902279555453,2012-08-09 08:02:03,2012-08-06,train,394_16
394,1694,7,Clothing Store,40.75096328487971,-73.99081707000732,2012-08-09 13:38:26,2012-08-06,train,394_16
394,343,220,BBQ Joint,40.72829298080731,-73.99119292464046,2012-08-11 18:21:52,2012-08-06,train,394_16
398,3466,113,Garden,40.86071974369225,-73.87303547467053,2012-08-11 09:51:48,2012-08-06,train,398_6
398,3466,113,Garden,40.860702837951166,-73.87331685197428,2012-08-12 08:02:03,2012-08-06,train,398_6
400,1729,19,Bank,40.745625645552565,-73.98221380029767,2012-08-06 00:00:07,2012-08-06,train,400_16
400,2667,197,Sandwich Place,40.74448451947526,-73.98340180471577,2012-08-06 01:03:23,2012-08-06,train,400_16
400,1086,80,Building,40.74435091026743,-73.98246058442858,2012-08-06 01:04:51,2012-08-06,train,400_16
400,2762,6,Home (private),40.73944138679658,-73.97712595918333,2012-08-06 08:04:46,2012-08-06,train,400_16
400,2762,6,Home (private),40.73944138679658,-73.97712595918333,2012-08-09 08:18:46,2012-08-06,train,400_16
400,2315,96,Deli / Bodega,40.74379022679562,-73.98389160633087,2012-08-09 08:19:07,2012-08-06,train,400_16
400,2812,259,Hotel,40.74393865874401,-73.98399867372817,2012-08-09 08:19:24,2012-08-06,train,400_16
400,76,21,French Restaurant,40.74364391274361,-73.9838882535696,2012-08-09 11:01:24,2012-08-06,train,400_16
400,2080,19,Bank,40.745061693554696,-73.98259258511268,2012-08-09 13:35:46,2012-08-06,train,400_16
400,1729,19,Bank,40.745625645552565,-73.98221380029767,2012-08-09 13:36:09,2012-08-06,train,400_16
400,2812,259,Hotel,40.74393865874401,-73.98399867372817,2012-08-09 13:36:31,2012-08-06,train,400_16
400,3449,6,Home (private),40.73944138679658,-73.97712595918333,2012-08-09 14:37:29,2012-08-06,train,400_16
400,2080,19,Bank,40.745061693554696,-73.98259258511268,2012-08-09 14:37:47,2012-08-06,train,400_16
400,2667,197,Sandwich Place,40.74448451947526,-73.98340180471577,2012-08-09 14:38:20,2012-08-06,train,400_16
400,775,131,Café,40.74521157611056,-73.98263849837286,2012-08-09 21:01:44,2012-08-06,train,400_16
400,1170,194,Mexican Restaurant,40.745245,-73.982692,2012-08-09 21:04:19,2012-08-06,train,400_16
400,1965,301,Neighborhood,40.745756322699165,-73.97885635680333,2012-08-10 02:20:42,2012-08-06,train,400_16
400,2762,6,Home (private),40.73944138679658,-73.97712595918333,2012-08-10 08:45:33,2012-08-06,train,400_16
400,2315,96,Deli / Bodega,40.74379022679562,-73.98389160633087,2012-08-10 08:45:50,2012-08-06,train,400_16
400,1086,80,Building,40.74435091026743,-73.98246058442858,2012-08-10 08:46:04,2012-08-06,train,400_16
400,2812,259,Hotel,40.74393865874401,-73.98399867372817,2012-08-10 08:46:21,2012-08-06,train,400_16
400,3059,96,Deli / Bodega,40.74446107849192,-73.98239171447044,2012-08-10 08:46:40,2012-08-06,train,400_16
400,4593,138,Gym / Fitness Center,40.74424119059385,-73.98270736824254,2012-08-10 10:20:54,2012-08-06,train,400_16
406,87,210,Vegetarian / Vegan Restaurant,40.72218618767068,-73.99712358372733,2012-08-10 13:03:46,2012-08-06,train,406_12
406,24,47,Bar,40.7246224724009,-73.99586106037441,2012-08-10 17:52:42,2012-08-06,train,406_12
407,1286,80,Building,40.706871115902345,-74.00984017295771,2012-08-06 08:54:54,2012-08-06,train,407_17
407,4953,61,Office,40.70679141937431,-74.00988607969092,2012-08-06 08:55:57,2012-08-06,train,407_17
407,1286,80,Building,40.706871115902345,-74.00984017295771,2012-08-09 08:24:07,2012-08-06,train,407_17
407,4953,61,Office,40.70679141937431,-74.00988607969092,2012-08-09 08:24:43,2012-08-06,train,407_17
407,1613,281,Residential Building (Apartment / Condo),40.67641886124958,-73.95891710110432,2012-08-09 18:15:44,2012-08-06,train,407_17
407,1286,80,Building,40.706871115902345,-74.00984017295771,2012-08-10 08:21:41,2012-08-06,train,407_17
407,4953,61,Office,40.70679141937431,-74.00988607969092,2012-08-10 08:22:54,2012-08-06,train,407_17
407,885,108,Gastropub,40.72436428193752,-73.99249811668923,2012-08-10 17:56:52,2012-08-06,train,407_17
407,2185,57,Bar,40.72114429824649,-73.95695686340332,2012-08-11 17:53:50,2012-08-06,train,407_17
407,886,230,Bowling Alley,40.72196809845332,-73.95756248848197,2012-08-11 20:11:47,2012-08-06,train,407_17
407,3479,50,Bar,40.7216130038783,-73.95814221792891,2012-08-11 23:17:57,2012-08-06,train,407_17
412,4028,63,Office,40.74746236666667,-73.99307193333334,2012-08-09 12:29:47,2012-08-06,train,412_10
412,1142,138,Gym / Fitness Center,40.746445264372,-74.00914009391035,2012-08-09 21:31:13,2012-08-06,train,412_10
415,2291,257,Road,40.69354088893255,-73.81158113479614,2012-08-11 14:01:29,2012-08-06,train,415_15
415,3915,227,Beach,40.57630751305755,-73.83918686627649,2012-08-11 17:20:39,2012-08-06,train,415_15
417,4716,37,Bar,40.74980914532915,-73.98567795753479,2012-08-09 14:44:00,2012-08-06,train,417_14
417,4118,138,Gym / Fitness Center,40.80927000313523,-73.94907116889954,2012-08-10 09:44:18,2012-08-06,train,417_14
417,4118,138,Gym / Fitness Center,40.80927000313523,-73.94907116889954,2012-08-12 14:21:22,2012-08-06,train,417_14
421,349,70,Train Station,40.75280620914171,-73.97717535495758,2012-08-09 09:41:59,2012-08-06,train,421_12
421,2938,80,Building,40.752628531027774,-73.98632874077299,2012-08-09 09:51:09,2012-08-06,train,421_12
421,2938,80,Building,40.752628531027774,-73.98632874077299,2012-08-09 16:11:58,2012-08-06,train,421_12
422,1101,254,Department Store,40.73215319032559,-74.03588891029358,2012-08-10 17:50:19,2012-08-06,train,422_5
422,1987,222,Coffee Shop,40.812038,-74.19436435,2012-08-12 22:16:58,2012-08-06,train,422_5
424,357,70,Train Station,40.750794799423865,-73.99357639021292,2012-08-06 08:00:59,2012-08-06,train,424_11
424,3,37,Bar,40.71836264775439,-73.9908166227313,2012-08-11 00:44:56,2012-08-06,train,424_11
424,417,147,Movie Theater,40.73135644834142,-73.98867130279541,2012-08-11 20:27:49,2012-08-06,train,424_11
427,349,70,Train Station,40.75280620914171,-73.97717535495758,2012-08-06 09:08:33,2012-08-06,train,427_12
427,349,70,Train Station,40.75280620914171,-73.97717535495758,2012-08-09 08:53:47,2012-08-06,train,427_12
427,349,70,Train Station,40.75280620914171,-73.97717535495758,2012-08-10 09:09:06,2012-08-06,train,427_12
433,15,37,Bar,40.73233045525843,-74.0016399059716,2012-08-06 01:07:41,2012-08-06,train,433_11
433,4783,48,Bar,40.7416219021172,-73.98123239980367,2012-08-11 01:35:51,2012-08-06,train,433_11
433,1450,37,Bar,40.71275398624102,-73.96637304015732,2012-08-11 02:35:41,2012-08-06,train,433_11
433,11,37,Bar,40.72988845526377,-74.00061269591029,2012-08-12 23:56:38,2012-08-06,train,433_11
433,15,37,Bar,40.73233045525843,-74.0016399059716,2012-08-12 23:57:00,2012-08-06,train,433_11
437,480,78,Library,40.753271503883234,-73.9822769165039,2012-08-10 00:00:23,2012-08-06,train,437_15
437,592,246,Performing Arts Venue,40.6634023,-73.976447,2012-08-10 21:03:53,2012-08-06,train,437_15
437,3370,211,Bar,40.72036368727871,-73.9870834350586,2012-08-11 12:26:46,2012-08-06,train,437_15
437,357,70,Train Station,40.750794799423865,-73.99357639021292,2012-08-11 16:08:24,2012-08-06,train,437_15
450,1588,222,Coffee Shop,40.733029,-73.990038,2012-08-09 13:55:52,2012-08-06,train,450_10
450,4692,6,Home (private),40.73122649796362,-73.98887973002674,2012-08-10 01:09:55,2012-08-06,train,450_10
450,51,93,Breakfast Spot,40.72842472502752,-73.9872756811226,2012-08-11 11:57:21,2012-08-06,train,450_10
450,316,258,Food & Drink Shop,40.784586085549726,-73.97934993336972,2012-08-12 14:47:14,2012-08-06,train,450_10
450,4692,6,Home (private),40.73122649796362,-73.98887973002674,2012-08-12 16:51:12,2012-08-06,train,450_10
452,3157,19,Bank,40.78097593619557,-73.80258088208117,2012-08-06 08:12:05,2012-08-06,train,452_11
452,3157,19,Bank,40.78097593619557,-73.80258088208117,2012-08-09 08:20:42,2012-08-06,train,452_11
457,726,70,Train Station,40.805144639820114,-73.93914699554443,2012-08-06 08:00:45,2012-08-06,train,457_12
457,190,157,Stadium,40.82827721161922,-73.92655344439045,2012-08-09 07:57:24,2012-08-06,train,457_12
457,726,70,Train Station,40.805144639820114,-73.93914699554443,2012-08-09 08:00:01,2012-08-06,train,457_12
458,1012,132,Fast Food Restaurant,40.742,-73.993378,2012-08-09 14:33:57,2012-08-06,train,458_8
458,1660,222,Coffee Shop,40.74433543734781,-73.99541343646136,2012-08-10 07:50:47,2012-08-06,train,458_8
458,2593,273,Tanning Salon,40.74434648174866,-73.99543065278503,2012-08-10 07:51:06,2012-08-06,train,458_8
460,1555,222,Coffee Shop,40.80780016884344,-73.94511222839355,2012-08-06 08:34:58,2012-08-06,train,460_18
460,4305,131,Café,40.75136798321969,-73.97961967816705,2012-08-06 10:15:37,2012-08-06,train,460_18
460,1555,222,Coffee Shop,40.80780016884344,-73.94511222839355,2012-08-09 10:40:59,2012-08-06,train,460_18
460,1245,202,Pizza Place,40.753499070431374,-73.97978782653809,2012-08-09 13:33:55,2012-08-06,train,460_18
460,179,121,Park,40.75372797263211,-73.98368835767094,2012-08-09 14:27:03,2012-08-06,train,460_18
460,1555,222,Coffee Shop,40.80780016884344,-73.94511222839355,2012-08-10 08:35:06,2012-08-06,train,460_18
460,2202,61,Office,40.75137104083377,-73.97972872382876,2012-08-10 13:33:58,2012-08-06,train,460_18
460,1712,210,Vegetarian / Vegan Restaurant,40.74755129813944,-73.98114057260048,2012-08-10 14:41:07,2012-08-06,train,460_18
460,179,121,Park,40.75372797263211,-73.98368835767094,2012-08-10 15:10:05,2012-08-06,train,460_18
460,1555,222,Coffee Shop,40.80780016884344,-73.94511222839355,2012-08-11 12:12:23,2012-08-06,train,460_18
460,986,42,Food & Drink Shop,40.81967266642876,-73.95994453399868,2012-08-11 12:58:41,2012-08-06,train,460_18
461,4587,121,Park,40.78877965590445,-73.84654400648652,2012-08-06 09:15:45,2012-08-06,train,461_18
461,3958,19,Bank,40.784130873393686,-73.84579739274713,2012-08-06 09:26:10,2012-08-06,train,461_18
461,4075,96,Deli / Bodega,40.78969237045133,-73.84696900073686,2012-08-09 10:52:30,2012-08-06,train,461_18
461,3253,6,Home (private),40.79012656060537,-73.84778739924586,2012-08-09 17:39:52,2012-08-06,train,461_18
461,4587,121,Park,40.78877965590445,-73.84654400648652,2012-08-10 09:41:05,2012-08-06,train,461_18
461,4075,96,Deli / Bodega,40.78969237045133,-73.84696900073686,2012-08-11 09:17:53,2012-08-06,train,461_18
461,1289,254,Department Store,40.782978604018936,-73.83175134658813,2012-08-11 11:41:43,2012-08-06,train,461_18
461,3986,6,Home (private),40.79012656060537,-73.84778739924586,2012-08-11 12:24:31,2012-08-06,train,461_18
461,3253,6,Home (private),40.79012656060537,-73.84778739924586,2012-08-11 12:26:29,2012-08-06,train,461_18
461,4075,96,Deli / Bodega,40.78969237045133,-73.84696900073686,2012-08-12 08:51:56,2012-08-06,train,461_18
463,2433,6,Home (private),40.72966216538398,-74.04763775758458,2012-08-06 06:48:07,2012-08-06,train,463_17
463,1386,264,Subway,40.7429651739036,-73.99287700653076,2012-08-06 08:17:00,2012-08-06,train,463_17
463,2433,6,Home (private),40.72966216538398,-74.04763775758458,2012-08-09 07:18:55,2012-08-06,train,463_17
463,1386,264,Subway,40.7429651739036,-73.99287700653076,2012-08-09 08:34:22,2012-08-06,train,463_17
463,1064,70,Train Station,40.74911014966418,-73.98845672607422,2012-08-09 17:10:05,2012-08-06,train,463_17
463,2433,6,Home (private),40.72966216538398,-74.04763775758458,2012-08-10 08:08:38,2012-08-06,train,463_17
463,1386,264,Subway,40.7429651739036,-73.99287700653076,2012-08-10 08:49:26,2012-08-06,train,463_17
463,2705,67,Office,40.74686681162143,-73.94427537918091,2012-08-10 13:36:43,2012-08-06,train,463_17
463,1064,70,Train Station,40.74911014966418,-73.98845672607422,2012-08-10 18:53:07,2012-08-06,train,463_17
463,701,37,Bar,40.72798919362575,-74.05002155084561,2012-08-11 16:07:41,2012-08-06,train,463_17
465,357,70,Train Station,40.750794799423865,-73.99357639021292,2012-08-12 11:47:06,2012-08-06,train,465_10
465,232,121,Park,40.73083612189599,-73.99764060974121,2012-08-12 15:37:10,2012-08-06,train,465_10
468,4288,224,Arcade,40.8276361255471,-73.94684493541718,2012-08-06 01:48:49,2012-08-06,train,468_17
468,4477,146,Movie Theater,40.82726951847763,-73.94554275531853,2012-08-06 01:49:27,2012-08-06,train,468_17
468,3948,96,Deli / Bodega,40.82723996688574,-73.94570922281969,2012-08-06 09:36:31,2012-08-06,train,468_17
468,3826,28,Salon / Barbershop,40.825409,-73.947929,2012-08-06 10:11:22,2012-08-06,train,468_17
468,3948,96,Deli / Bodega,40.82723996688574,-73.94570922281969,2012-08-09 08:03:19,2012-08-06,train,468_17
468,2439,96,Deli / Bodega,40.826860912891306,-73.94619714398068,2012-08-09 08:05:35,2012-08-06,train,468_17
468,1917,264,Subway,40.82650767315227,-73.95039081573486,2012-08-09 16:25:18,2012-08-06,train,468_17
468,2356,42,Food & Drink Shop,40.82678514278458,-73.9498134624527,2012-08-09 16:25:54,2012-08-06,train,468_17
468,3801,96,Deli / Bodega,40.8284424230666,-73.94511223525481,2012-08-09 21:24:56,2012-08-06,train,468_17
468,3868,96,Deli / Bodega,40.82709357391867,-73.9464324937478,2012-08-10 01:25:24,2012-08-06,train,468_17
468,4003,96,Deli / Bodega,40.82731769448724,-73.94561737869883,2012-08-10 02:38:50,2012-08-06,train,468_17
468,4288,224,Arcade,40.8276361255471,-73.94684493541718,2012-08-10 02:42:08,2012-08-06,train,468_17
468,4477,146,Movie Theater,40.82726951847763,-73.94554275531853,2012-08-10 02:43:28,2012-08-06,train,468_17
468,2439,96,Deli / Bodega,40.826860912891306,-73.94619714398068,2012-08-10 13:36:05,2012-08-06,train,468_17
468,2356,42,Food & Drink Shop,40.82678514278458,-73.9498134624527,2012-08-10 14:23:50,2012-08-06,train,468_17
468,1981,135,Post Office,40.82655469173991,-73.94860803047597,2012-08-10 15:38:05,2012-08-06,train,468_17
468,1917,264,Subway,40.82650767315227,-73.95039081573486,2012-08-10 15:44:02,2012-08-06,train,468_17
468,702,157,Stadium,40.75645736467708,-73.8460636138916,2012-08-10 22:10:51,2012-08-06,train,468_17
468,4003,96,Deli / Bodega,40.82731769448724,-73.94561737869883,2012-08-10 23:29:51,2012-08-06,train,468_17
468,3801,96,Deli / Bodega,40.8284424230666,-73.94511223525481,2012-08-10 23:37:01,2012-08-06,train,468_17
468,3948,96,Deli / Bodega,40.82723996688574,-73.94570922281969,2012-08-11 11:26:58,2012-08-06,train,468_17
468,2439,96,Deli / Bodega,40.826860912891306,-73.94619714398068,2012-08-11 11:40:05,2012-08-06,train,468_17
468,3826,28,Salon / Barbershop,40.825409,-73.947929,2012-08-11 11:58:21,2012-08-06,train,468_17
468,1917,264,Subway,40.82650767315227,-73.95039081573486,2012-08-11 12:33:27,2012-08-06,train,468_17
468,702,157,Stadium,40.75645736467708,-73.8460636138916,2012-08-11 22:01:55,2012-08-06,train,468_17
468,4288,224,Arcade,40.8276361255471,-73.94684493541718,2012-08-12 01:53:23,2012-08-06,train,468_17
468,4477,146,Movie Theater,40.82726951847763,-73.94554275531853,2012-08-12 01:54:44,2012-08-06,train,468_17
468,702,157,Stadium,40.75645736467708,-73.8460636138916,2012-08-12 22:13:09,2012-08-06,train,468_17
468,1917,264,Subway,40.82650767315227,-73.95039081573486,2012-08-12 23:53:22,2012-08-06,train,468_17
477,1808,98,Donut Shop,40.76722200820684,-73.9825753676373,2012-08-06 08:57:27,2012-08-06,train,477_16
477,587,266,Bus Station,40.75722129839836,-73.99154663085938,2012-08-09 08:06:20,2012-08-06,train,477_16
481,597,55,Bar,40.749522986346776,-73.98322963061759,2012-08-09 20:09:19,2012-08-06,train,481_11
481,597,47,Bar,40.749522986346776,-73.98322963061759,2012-08-11 21:48:14,2012-08-06,train,481_11
485,3731,301,Neighborhood,40.7646651291205,-73.98807048797607,2012-08-09 21:12:40,2012-08-06,train,485_10
485,1916,141,Bagel Shop,40.752036441838,-73.99116095716512,2012-08-10 10:39:27,2012-08-06,train,485_10
485,330,37,Bar,40.7499203905855,-73.97233069638938,2012-08-10 19:13:19,2012-08-06,train,485_10
485,3829,27,Italian Restaurant,40.71811007138396,-73.9575452687688,2012-08-11 18:49:51,2012-08-06,train,485_10
487,2205,27,Italian Restaurant,40.72154512476467,-73.98884242671608,2012-08-12 14:08:43,2012-08-06,train,487_12
487,1087,138,Gym / Fitness Center,40.71886430230864,-73.98909494129268,2012-08-12 20:23:05,2012-08-06,train,487_12
487,4336,27,Italian Restaurant,40.72043809151559,-73.98954257995278,2012-08-12 22:14:48,2012-08-06,train,487_12
491,1510,137,Gym / Fitness Center,40.75817622525516,-73.9703505709776,2012-08-06 06:25:13,2012-08-06,train,491_7
491,1510,137,Gym / Fitness Center,40.75817622525516,-73.9703505709776,2012-08-11 18:49:02,2012-08-06,train,491_7
491,357,70,Train Station,40.750794799423865,-73.99357639021292,2012-08-12 10:16:21,2012-08-06,train,491_7
494,1919,264,Subway,40.74559767243396,-73.90328983226816,2012-08-06 09:14:50,2012-08-06,train,494_3
494,1291,264,Subway,40.76669659750053,-73.92148733139038,2012-08-12 15:52:23,2012-08-06,train,494_3
498,4247,266,Bus Station,40.65756836334901,-73.73625022121463,2012-08-06 06:42:40,2012-08-06,train,498_13
498,3353,266,Bus Station,40.70253724602918,-73.79992961883545,2012-08-06 07:14:26,2012-08-06,train,498_13
498,4876,281,Residential Building (Apartment / Condo),40.798426203927626,-73.96144836446048,2012-08-06 08:19:50,2012-08-06,train,498_13
498,4247,266,Bus Station,40.65756836334901,-73.73625022121463,2012-08-09 06:51:46,2012-08-06,train,498_13
498,3353,266,Bus Station,40.70253724602918,-73.79992961883545,2012-08-09 07:26:02,2012-08-06,train,498_13
498,3671,80,Building,40.73209199384237,-73.99478217019208,2012-08-09 08:28:21,2012-08-06,train,498_13
498,4871,281,Residential Building (Apartment / Condo),40.74079126267594,-73.9766926399289,2012-08-09 10:24:08,2012-08-06,train,498_13
498,4247,266,Bus Station,40.65756836334901,-73.73625022121463,2012-08-10 06:48:17,2012-08-06,train,498_13
498,5022,281,Residential Building (Apartment / Condo),40.76002776324622,-73.96960443148284,2012-08-10 08:13:34,2012-08-06,train,498_13
498,4871,281,Residential Building (Apartment / Condo),40.74079126267594,-73.9766926399289,2012-08-10 10:14:32,2012-08-06,train,498_13
502,383,48,Bar,40.741902,-73.98257443333334,2012-08-10 01:23:33,2012-08-06,train,502_8
502,358,160,Science Museum,40.78118443649759,-73.9732030930065,2012-08-10 15:29:00,2012-08-06,train,502_8
502,1662,159,Art Museum,40.761396839012,-73.97698574930376,2012-08-10 18:15:39,2012-08-06,train,502_8
502,553,48,Bar,40.760018699570765,-73.98401589107601,2012-08-10 21:34:13,2012-08-06,train,502_8
502,625,122,Plaza,40.756489872673846,-73.98626804351807,2012-08-10 22:27:09,2012-08-06,train,502_8
502,338,37,Bar,40.744928040482485,-73.98279345554494,2012-08-10 23:07:12,2012-08-06,train,502_8
502,4604,253,General Travel,40.82641025190119,-73.95053029060364,2012-08-11 22:29:14,2012-08-06,train,502_8
502,3813,211,Bar,40.743597144110296,-74.0033270434982,2012-08-12 02:25:24,2012-08-06,train,502_8
502,1682,58,Electronics Store,40.77473050116933,-73.98209327769995,2012-08-12 21:18:46,2012-08-06,train,502_8
502,3813,211,Bar,40.743597144110296,-74.0033270434982,2012-08-12 22:13:15,2012-08-06,train,502_8
507,1265,222,Coffee Shop,40.74400563300867,-73.97669792175293,2012-08-09 09:31:52,2012-08-06,train,507_16
507,544,232,Music Venue,40.74303711661063,-74.00573147570121,2012-08-09 19:33:45,2012-08-06,train,507_16
507,929,163,Medical Center,40.741933755026,-73.97469534121134,2012-08-10 09:16:17,2012-08-06,train,507_16
507,3950,301,Neighborhood,40.69451704430084,-73.73847484588623,2012-08-10 19:34:48,2012-08-06,train,507_16
507,3407,301,Neighborhood,40.82507881379304,-73.92013549804688,2012-08-11 23:26:56,2012-08-06,train,507_16
507,3950,301,Neighborhood,40.69451704430084,-73.73847484588623,2012-08-12 02:59:05,2012-08-06,train,507_16
511,2041,264,Subway,40.68990542829335,-73.95177657844081,2012-08-06 06:47:02,2012-08-06,train,511_18
511,1751,264,Subway,40.75885710200309,-73.98109465898243,2012-08-06 07:45:26,2012-08-06,train,511_18
511,1213,61,Office,40.76058067659475,-73.98322389147832,2012-08-06 09:07:08,2012-08-06,train,511_18
511,1751,264,Subway,40.75885710200309,-73.98109465898243,2012-08-09 07:25:53,2012-08-06,train,511_18
511,2472,19,Bank,40.759884309279535,-73.9812496173994,2012-08-09 07:27:06,2012-08-06,train,511_18
511,1213,61,Office,40.76058067659475,-73.98322389147832,2012-08-09 07:35:06,2012-08-06,train,511_18
511,1751,264,Subway,40.75885710200309,-73.98109465898243,2012-08-09 16:59:08,2012-08-06,train,511_18
511,3385,6,Home (private),40.696558013644136,-73.95361626406626,2012-08-09 18:13:03,2012-08-06,train,511_18
511,1778,264,Subway,40.74290014466908,-73.99279117584229,2012-08-09 19:15:45,2012-08-06,train,511_18
511,1244,2,Gym / Fitness Center,40.74011385690322,-73.99353684791153,2012-08-09 19:18:41,2012-08-06,train,511_18
511,2041,264,Subway,40.68990542829335,-73.95177657844081,2012-08-09 23:32:53,2012-08-06,train,511_18
511,3385,6,Home (private),40.696558013644136,-73.95361626406626,2012-08-09 23:34:28,2012-08-06,train,511_18
511,2041,264,Subway,40.68990542829335,-73.95177657844081,2012-08-10 06:55:57,2012-08-06,train,511_18
511,2043,264,Subway,40.76297490010358,-73.98186922073364,2012-08-10 07:30:59,2012-08-06,train,511_18
511,1213,61,Office,40.76058067659475,-73.98322389147832,2012-08-10 08:22:56,2012-08-06,train,511_18
511,2472,19,Bank,40.759884309279535,-73.9812496173994,2012-08-10 15:02:05,2012-08-06,train,511_18
511,1408,264,Subway,40.76045572900911,-73.98377895355225,2012-08-10 16:50:32,2012-08-06,train,511_18
511,1594,264,Subway,40.73822396962131,-73.99621367454529,2012-08-10 19:18:48,2012-08-06,train,511_18
511,1528,264,Subway,40.73573434642415,-73.99056762456905,2012-08-10 21:52:40,2012-08-06,train,511_18
511,3385,6,Home (private),40.696558013644136,-73.95361626406626,2012-08-10 23:07:42,2012-08-06,train,511_18
511,2041,264,Subway,40.68990542829335,-73.95177657844081,2012-08-11 09:49:38,2012-08-06,train,511_18
511,1719,264,Subway,40.68710604029088,-73.97541046142578,2012-08-11 09:58:58,2012-08-06,train,511_18
511,1855,42,Food & Drink Shop,40.68382329598686,-73.97582352161407,2012-08-11 11:31:52,2012-08-06,train,511_18
511,3385,6,Home (private),40.696558013644136,-73.95361626406626,2012-08-11 12:12:10,2012-08-06,train,511_18
511,2041,264,Subway,40.68990542829335,-73.95177657844081,2012-08-11 15:19:15,2012-08-06,train,511_18
511,1644,264,Subway,40.71408594127328,-74.00858402252197,2012-08-11 15:46:13,2012-08-06,train,511_18
511,489,7,Clothing Store,40.723546865121946,-73.99813359642076,2012-08-11 16:32:49,2012-08-06,train,511_18
511,2041,264,Subway,40.68990542829335,-73.95177657844081,2012-08-11 18:04:15,2012-08-06,train,511_18
511,3182,96,Deli / Bodega,40.69017075380169,-73.95138051278562,2012-08-11 18:04:52,2012-08-06,train,511_18
511,2317,26,Drugstore / Pharmacy,40.694928,-73.952353,2012-08-11 18:40:39,2012-08-06,train,511_18
511,2041,264,Subway,40.68990542829335,-73.95177657844081,2012-08-11 20:31:22,2012-08-06,train,511_18
511,2041,264,Subway,40.68990542829335,-73.95177657844081,2012-08-12 01:42:17,2012-08-06,train,511_18
511,3385,6,Home (private),40.696558013644136,-73.95361626406626,2012-08-12 01:42:53,2012-08-06,train,511_18
511,3182,96,Deli / Bodega,40.69017075380169,-73.95138051278562,2012-08-12 14:06:26,2012-08-06,train,511_18
511,2041,264,Subway,40.68990542829335,-73.95177657844081,2012-08-12 15:51:36,2012-08-06,train,511_18
513,5017,61,Office,40.72313944197812,-74.00639713655546,2012-08-06 09:49:16,2012-08-06,train,513_3
513,4893,37,Bar,40.74422471878332,-73.98403884753738,2012-08-11 23:43:54,2012-08-06,train,513_3
515,1918,264,Subway,40.86802856198655,-73.9199048280716,2012-08-06 06:22:56,2012-08-06,train,515_1
515,2345,61,Office,40.70352292315701,-74.01192317987771,2012-08-06 07:40:32,2012-08-06,train,515_1
515,1918,264,Subway,40.86802856198655,-73.9199048280716,2012-08-09 06:20:32,2012-08-06,train,515_1
515,1823,264,Subway,40.76799670467506,-73.98189067840576,2012-08-09 07:25:04,2012-08-06,train,515_1
515,1951,264,Subway,40.70195162503384,-74.01296138763428,2012-08-09 07:25:23,2012-08-06,train,515_1
515,2345,61,Office,40.70352292315701,-74.01192317987771,2012-08-09 07:33:18,2012-08-06,train,515_1
515,2345,61,Office,40.70352292315701,-74.01192317987771,2012-08-09 15:08:39,2012-08-06,train,515_1
515,1918,264,Subway,40.86802856198655,-73.9199048280716,2012-08-09 17:52:39,2012-08-06,train,515_1
515,4409,80,Building,40.86855201040876,-73.92238515812386,2012-08-09 17:54:38,2012-08-06,train,515_1
515,1918,264,Subway,40.86802856198655,-73.9199048280716,2012-08-10 09:11:40,2012-08-06,train,515_1
515,1706,264,Subway,40.84076210674116,-73.93953323364258,2012-08-10 09:34:16,2012-08-06,train,515_1
515,2542,163,Medical Center,40.84141948114272,-73.94251187370708,2012-08-10 09:39:08,2012-08-06,train,515_1
515,1706,264,Subway,40.84076210674116,-73.93953323364258,2012-08-10 11:20:29,2012-08-06,train,515_1
515,1918,264,Subway,40.86802856198655,-73.9199048280716,2012-08-10 11:50:52,2012-08-06,train,515_1
515,4409,80,Building,40.86855201040876,-73.92238515812386,2012-08-10 15:18:19,2012-08-06,train,515_1
515,815,121,Park,40.87131099769018,-73.92080065036811,2012-08-11 19:11:55,2012-08-06,train,515_1
517,4773,253,General Travel,40.75821867565886,-73.98996152288103,2012-08-06 07:32:04,2012-08-06,train,517_18
517,1726,222,Coffee Shop,40.75164600588797,-73.992919921875,2012-08-09 07:19:17,2012-08-06,train,517_18
517,651,61,Office,40.89499427038625,-73.94231096131689,2012-08-09 08:05:39,2012-08-06,train,517_18
520,4364,131,Café,40.80817287926464,-74.20878696126519,2012-08-06 08:19:21,2012-08-06,train,520_16
520,4364,131,Café,40.80817287926464,-74.20878696126519,2012-08-10 08:20:57,2012-08-06,train,520_16
520,2204,70,Train Station,40.808157479622295,-74.20869827270508,2012-08-10 08:21:49,2012-08-06,train,520_16
520,4524,61,Office,40.76310991766585,-73.9824605844286,2012-08-10 14:58:25,2012-08-06,train,520_16
520,357,70,Train Station,40.750794799423865,-73.99357639021292,2012-08-10 20:29:38,2012-08-06,train,520_16
520,2750,233,Other Great Outdoors,40.83254114016553,-74.19210532060801,2012-08-11 10:19:12,2012-08-06,train,520_16
520,967,256,Furniture / Home Store,40.740155440852014,-73.99480512536556,2012-08-11 16:08:35,2012-08-06,train,520_16
520,1292,265,Mall,40.95634251626308,-74.06902771574032,2012-08-11 16:59:11,2012-08-06,train,520_16
520,847,265,Mall,40.917335441802095,-74.0756607055664,2012-08-11 18:51:42,2012-08-06,train,520_16
521,4713,6,Home (private),40.86590418380428,-73.89482953406639,2012-08-06 08:24:16,2012-08-06,train,521_16
521,4713,6,Home (private),40.86590418380428,-73.89482953406639,2012-08-09 09:15:29,2012-08-06,train,521_16
521,4713,6,Home (private),40.86590418380428,-73.89482953406639,2012-08-10 02:44:57,2012-08-06,train,521_16
521,4713,6,Home (private),40.86590418380428,-73.89482953406639,2012-08-10 14:42:02,2012-08-06,train,521_16
521,4713,6,Home (private),40.86590418380428,-73.89482953406639,2012-08-11 02:33:34,2012-08-06,train,521_16
521,4713,6,Home (private),40.86590418380428,-73.89482953406639,2012-08-12 00:25:06,2012-08-06,train,521_16
521,4713,6,Home (private),40.86590418380428,-73.89482953406639,2012-08-12 20:52:56,2012-08-06,train,521_16
524,662,37,Bar,40.73466222781335,-73.98840052540763,2012-08-10 19:41:19,2012-08-06,train,524_12
524,485,48,Bar,40.73139950826892,-73.9886817354489,2012-08-10 22:42:16,2012-08-06,train,524_12
526,3525,92,Asian Restaurant,40.74762449484074,-73.9863746531401,2012-08-11 22:11:44,2012-08-06,train,526_13
526,1524,264,Subway,40.74970348366515,-73.98781299591064,2012-08-11 23:57:44,2012-08-06,train,526_13
526,1145,264,Subway,40.708588361482406,-73.99103164672852,2012-08-12 00:10:45,2012-08-06,train,526_13
526,4660,6,Home (private),40.59424065296898,-73.93010370763156,2012-08-12 01:04:56,2012-08-06,train,526_13
526,3202,301,Neighborhood,40.59112794405122,-73.94521951675415,2012-08-12 20:16:31,2012-08-06,train,526_13
528,1608,70,Train Station,40.71267092713338,-74.01193141937256,2012-08-10 19:12:04,2012-08-06,train,528_5
528,1272,264,Subway,40.72688476018746,-74.03454780578613,2012-08-10 19:23:00,2012-08-06,train,528_5
528,1199,269,Miscellaneous Shop,40.72289631456779,-74.03914363725167,2012-08-11 18:17:30,2012-08-06,train,528_5
528,1101,254,Department Store,40.73215319032559,-74.03588891029358,2012-08-12 16:47:25,2012-08-06,train,528_5
539,405,241,Airport,40.645089355976346,-73.7845230102539,2012-08-09 19:31:42,2012-08-06,train,539_16
539,983,122,Plaza,40.735259,-74.001785,2012-08-11 14:47:46,2012-08-06,train,539_16
539,1288,269,Miscellaneous Shop,40.73529128534676,-74.00236129760742,2012-08-11 21:09:51,2012-08-06,train,539_16
539,3792,6,Home (private),40.696558013644136,-73.95361626406626,2012-08-12 01:18:14,2012-08-06,train,539_16
540,1308,61,Office,40.75911137894531,-73.97954506794183,2012-08-09 10:46:03,2012-08-06,train,540_10
540,3960,93,Breakfast Spot,40.73299870199674,-73.98549556732178,2012-08-10 09:22:37,2012-08-06,train,540_10
543,1069,70,Train Station,40.76147966168067,-74.07551050186157,2012-08-10 17:26:21,2012-08-06,train,543_16
543,625,122,Plaza,40.756489872673846,-73.98626804351807,2012-08-10 23:42:43,2012-08-06,train,543_16
543,357,70,Train Station,40.750794799423865,-73.99357639021292,2012-08-10 23:54:32,2012-08-06,train,543_16
543,1069,70,Train Station,40.76147966168067,-74.07551050186157,2012-08-11 00:04:37,2012-08-06,train,543_16
543,3404,6,Home (private),40.87785167732287,-74.11812337576457,2012-08-11 00:58:37,2012-08-06,train,543_16
543,847,265,Mall,40.917335441802095,-74.0756607055664,2012-08-11 11:46:29,2012-08-06,train,543_16
543,3404,6,Home (private),40.87785167732287,-74.11812337576457,2012-08-11 13:12:52,2012-08-06,train,543_16
543,2536,42,Food & Drink Shop,40.87908693430124,-74.08500908544775,2012-08-12 13:00:25,2012-08-06,train,543_16
543,3404,6,Home (private),40.87785167732287,-74.11812337576457,2012-08-12 15:36:47,2012-08-06,train,543_16
543,1069,70,Train Station,40.76147966168067,-74.07551050186157,2012-08-12 18:55:06,2012-08-06,train,543_16
543,702,157,Stadium,40.75645736467708,-73.8460636138916,2012-08-12 20:22:19,2012-08-06,train,543_16
543,625,122,Plaza,40.756489872673846,-73.98626804351807,2012-08-12 23:36:28,2012-08-06,train,543_16
546,3960,93,Breakfast Spot,40.73299870199674,-73.98549556732178,2012-08-06 04:54:06,2012-08-06,train,546_17
546,4850,120,Other Great Outdoors,40.746736760718505,-73.98262023925781,2012-08-09 10:21:11,2012-08-06,train,546_17
546,1484,214,Bar,40.760871,-73.990166,2012-08-09 18:30:07,2012-08-06,train,546_17
546,202,214,Bar,40.73347071903565,-74.00228836535156,2012-08-09 23:18:39,2012-08-06,train,546_17
546,3304,37,Bar,40.726142,-73.989499,2012-08-11 22:23:57,2012-08-06,train,546_17
546,2469,3,Thrift / Vintage Store,40.7632138239065,-73.98908346336458,2012-08-12 18:08:53,2012-08-06,train,546_17
546,337,214,Bar,40.76430758425931,-73.98882150650024,2012-08-12 23:59:25,2012-08-06,train,546_17
549,3425,63,Office,40.73953974476804,-73.98840052540763,2012-08-09 12:46:18,2012-08-06,train,549_16
549,3425,63,Office,40.73953974476804,-73.98840052540763,2012-08-10 09:21:25,2012-08-06,train,549_16
549,312,146,Movie Theater,40.723202,-73.9899354,2012-08-10 19:29:50,2012-08-06,train,549_16
549,159,17,Eastern European Restaurant,40.729136234409154,-73.9869715129134,2012-08-10 21:18:20,2012-08-06,train,549_16
549,3771,281,Residential Building (Apartment / Condo),40.68881469717024,-73.98510631996176,2012-08-11 00:05:08,2012-08-06,train,549_16
549,780,35,Bookstore,40.75407123579426,-73.98446354157814,2012-08-11 19:11:21,2012-08-06,train,549_16
549,3771,281,Residential Building (Apartment / Condo),40.68881469717024,-73.98510631996176,2012-08-11 23:23:26,2012-08-06,train,549_16
550,4292,61,Office,40.75142691110971,-73.97468386242315,2012-08-06 07:39:26,2012-08-06,train,550_18
550,234,121,Park,40.74218830848454,-73.98792418909154,2012-08-09 20:11:28,2012-08-06,train,550_18
550,4292,61,Office,40.75142691110971,-73.97468386242315,2012-08-10 07:39:35,2012-08-06,train,550_18
550,234,121,Park,40.74218830848454,-73.98792418909154,2012-08-10 14:03:01,2012-08-06,train,550_18
550,1235,137,Gym / Fitness Center,40.738949,-73.989828,2012-08-10 17:01:33,2012-08-06,train,550_18
550,931,42,Food & Drink Shop,40.73582641776379,-73.9930547855025,2012-08-11 10:08:38,2012-08-06,train,550_18
550,349,70,Train Station,40.75280620914171,-73.97717535495758,2012-08-11 13:53:03,2012-08-06,train,550_18
550,1256,13,Clothing Store,40.754376,-73.978525,2012-08-11 14:04:18,2012-08-06,train,550_18
550,2128,6,Home (private),40.73122649796362,-73.98887973002674,2012-08-12 22:25:00,2012-08-06,train,550_18
552,4723,211,Bar,40.76004833585965,-73.91922187073642,2012-08-10 23:35:08,2012-08-06,train,552_10
552,4991,301,Neighborhood,40.694809888122464,-73.99426102638245,2012-08-11 08:03:18,2012-08-06,train,552_10
553,3202,301,Neighborhood,40.59112794405122,-73.94521951675415,2012-08-06 07:12:28,2012-08-06,train,553_18
553,3062,19,Bank,40.598891,-73.955353,2012-08-06 07:41:40,2012-08-06,train,553_18
553,1813,264,Subway,40.599300435969774,-73.95592864757464,2012-08-06 07:45:39,2012-08-06,train,553_18
553,1145,264,Subway,40.708588361482406,-73.99103164672852,2012-08-06 08:19:03,2012-08-06,train,553_18
553,2872,294,River,40.71039864992392,-73.98853826098953,2012-08-06 08:19:54,2012-08-06,train,553_18
553,1654,61,Office,40.75241411957849,-73.97532093413172,2012-08-06 08:42:31,2012-08-06,train,553_18
553,3202,301,Neighborhood,40.59112794405122,-73.94521951675415,2012-08-09 07:11:11,2012-08-06,train,553_18
553,1813,264,Subway,40.599300435969774,-73.95592864757464,2012-08-09 07:46:52,2012-08-06,train,553_18
553,1145,264,Subway,40.708588361482406,-73.99103164672852,2012-08-09 08:25:04,2012-08-06,train,553_18
553,2872,294,River,40.71039864992392,-73.98853826098953,2012-08-09 08:26:18,2012-08-06,train,553_18
553,951,190,Salad Place,40.74911234903996,-73.97567103570407,2012-08-09 13:02:15,2012-08-06,train,553_18
553,2521,264,Subway,40.75163299987047,-73.97588549950576,2012-08-09 19:05:30,2012-08-06,train,553_18
553,3202,301,Neighborhood,40.59112794405122,-73.94521951675415,2012-08-10 06:12:26,2012-08-06,train,553_18
553,1813,264,Subway,40.599300435969774,-73.95592864757464,2012-08-10 06:43:44,2012-08-06,train,553_18
553,1145,264,Subway,40.708588361482406,-73.99103164672852,2012-08-10 07:12:26,2012-08-06,train,553_18
553,2872,294,River,40.71039864992392,-73.98853826098953,2012-08-10 07:13:33,2012-08-06,train,553_18
553,1653,189,Cupcake Shop,40.75245157603343,-73.9752176253493,2012-08-10 07:31:59,2012-08-06,train,553_18
553,1654,61,Office,40.75241411957849,-73.97532093413172,2012-08-10 07:37:23,2012-08-06,train,553_18
553,3202,301,Neighborhood,40.59112794405122,-73.94521951675415,2012-08-11 07:57:39,2012-08-06,train,553_18
553,2191,138,Gym / Fitness Center,40.60956814519126,-73.95832015434064,2012-08-11 12:22:31,2012-08-06,train,553_18
553,3202,301,Neighborhood,40.59112794405122,-73.94521951675415,2012-08-12 23:24:02,2012-08-06,train,553_18
555,1949,61,Office,40.74919194503139,-73.98907772440027,2012-08-06 09:28:21,2012-08-06,train,555_3
555,3604,137,Gym / Fitness Center,40.73814262308764,-73.99070184444935,2012-08-09 06:49:39,2012-08-06,train,555_3
555,1949,61,Office,40.74919194503139,-73.98907772440027,2012-08-09 09:44:41,2012-08-06,train,555_3
555,1949,61,Office,40.74919194503139,-73.98907772440027,2012-08-10 09:16:05,2012-08-06,train,555_3
555,944,256,Furniture / Home Store,40.761552,-73.968318,2012-08-12 12:12:26,2012-08-06,train,555_3
561,971,221,Bridge,40.705953265881305,-73.99656772613525,2012-08-06 08:57:31,2012-08-06,train,561_18
561,1709,77,Government Building,40.7117844949098,-74.00208234786987,2012-08-06 09:03:38,2012-08-06,train,561_18
561,2784,96,Deli / Bodega,40.71021491165874,-74.00571405887604,2012-08-06 09:48:30,2012-08-06,train,561_18
561,1709,77,Government Building,40.7117844949098,-74.00208234786987,2012-08-09 17:28:45,2012-08-06,train,561_18
561,3968,6,Home (private),40.836080595143486,-73.82426211435131,2012-08-09 21:17:42,2012-08-06,train,561_18
561,3968,6,Home (private),40.836080595143486,-73.82426211435131,2012-08-10 00:40:39,2012-08-06,train,561_18
561,3968,6,Home (private),40.836080595143486,-73.82426211435131,2012-08-10 21:13:28,2012-08-06,train,561_18
561,1553,254,Department Store,40.90122520923615,-73.817176,2012-08-11 17:30:52,2012-08-06,train,561_18
561,1898,146,Movie Theater,40.91193999019654,-73.77949835499888,2012-08-11 21:24:30,2012-08-06,train,561_18
561,3216,2,Gym / Fitness Center,40.73101835922177,-73.69349858370329,2012-08-12 11:56:09,2012-08-06,train,561_18
565,1163,61,Office,40.73074628073186,-73.99178649647196,2012-08-06 09:28:05,2012-08-06,train,565_14
565,1163,61,Office,40.73074628073186,-73.99178649647196,2012-08-09 09:08:49,2012-08-06,train,565_14
565,1163,61,Office,40.73074628073186,-73.99178649647196,2012-08-10 09:09:40,2012-08-06,train,565_14
566,436,241,Airport,40.68968493541091,-74.17938709259033,2012-08-12 15:53:01,2012-08-06,train,566_18
566,2964,6,Home (private),40.810428884265626,-74.20032308006297,2012-08-12 17:01:55,2012-08-06,train,566_18
566,2964,6,Home (private),40.810428884265626,-74.20032308006297,2012-08-12 22:05:04,2012-08-06,train,566_18
569,2719,70,Train Station,40.74982540095488,-73.8627576828003,2012-08-06 09:30:47,2012-08-06,train,569_16
569,2719,70,Train Station,40.74982540095488,-73.8627576828003,2012-08-09 09:37:34,2012-08-06,train,569_16
569,1476,37,Bar,40.8846871094783,-73.89970135559156,2012-08-10 22:03:04,2012-08-06,train,569_16
569,1475,241,Airport,40.773839,-73.87122,2012-08-12 03:48:43,2012-08-06,train,569_16
578,1462,138,Gym / Fitness Center,40.74516719837307,-73.976945170474,2012-08-09 08:43:28,2012-08-06,train,578_9
578,27,131,Café,40.72547161917389,-73.98378318991934,2012-08-09 13:21:54,2012-08-06,train,578_9
578,1462,138,Gym / Fitness Center,40.74516719837307,-73.976945170474,2012-08-10 08:24:28,2012-08-06,train,578_9
579,3777,301,Neighborhood,40.68338503288118,-73.93130064375443,2012-08-09 11:50:24,2012-08-06,train,579_8
579,1362,222,Coffee Shop,40.743644,-73.992241,2012-08-09 19:38:47,2012-08-06,train,579_8
579,1388,58,Electronics Store,40.74260751232707,-73.99270534515381,2012-08-09 19:42:51,2012-08-06,train,579_8
579,408,209,Sushi Restaurant,40.743908,-73.995035,2012-08-09 19:48:03,2012-08-06,train,579_8
579,4499,274,Fried Chicken Joint,40.68134489096014,-73.92229904390388,2012-08-09 21:11:36,2012-08-06,train,579_8
579,3580,165,College Academic Building,40.67993866388484,-73.92109918180245,2012-08-09 21:12:06,2012-08-06,train,579_8
579,3799,300,Moving Target,40.67979989656288,-73.92130011616356,2012-08-09 21:13:40,2012-08-06,train,579_8
579,3799,300,Moving Target,40.67979989656288,-73.92130011616356,2012-08-10 11:24:32,2012-08-06,train,579_8
579,3580,165,College Academic Building,40.67993866388484,-73.92109918180245,2012-08-10 11:28:20,2012-08-06,train,579_8
579,3799,300,Moving Target,40.67979989656288,-73.92130011616356,2012-08-11 13:51:49,2012-08-06,train,579_8
579,4391,107,Cuban Restaurant,40.6796015383585,-73.92159864683077,2012-08-11 14:05:15,2012-08-06,train,579_8
579,3777,301,Neighborhood,40.68303583667424,-73.93130064375443,2012-08-12 13:13:45,2012-08-06,train,579_8
580,1849,58,Electronics Store,40.75364621555035,-73.91210859193421,2012-08-09 16:16:46,2012-08-06,train,580_7
580,1849,58,Electronics Store,40.75364621555035,-73.91210859193421,2012-08-10 09:55:59,2012-08-06,train,580_7
580,1849,58,Electronics Store,40.75364621555035,-73.91210859193421,2012-08-10 14:33:54,2012-08-06,train,580_7
580,3201,6,Home (private),40.69617272249676,-73.81249842275241,2012-08-10 21:56:44,2012-08-06,train,580_7
580,3201,6,Home (private),40.69617272249676,-73.81249842275241,2012-08-11 16:28:48,2012-08-06,train,580_7
581,1109,107,Cuban Restaurant,40.75835785550575,-73.9842454555664,2012-08-09 20:30:50,2012-08-06,train,581_0
581,139,214,Bar,40.74450047047283,-73.99849513376128,2012-08-12 00:52:10,2012-08-06,train,581_0
581,2669,214,Bar,40.740787336369145,-73.99331877220993,2012-08-12 02:11:17,2012-08-06,train,581_0
584,1465,4,Gym / Fitness Center,40.745882070357766,-73.9976859778158,2012-08-09 17:44:08,2012-08-06,train,584_6
584,217,52,Bar,40.72946499945696,-73.9999412763002,2012-08-12 00:26:20,2012-08-06,train,584_6
588,1833,222,Coffee Shop,40.70813495353977,-73.83076429367065,2012-08-06 07:40:09,2012-08-06,train,588_17
588,2537,263,Laundry Service,40.723876,-73.848102,2012-08-09 07:30:55,2012-08-06,train,588_17
588,2798,34,Gas Station / Garage,40.67314689987917,-73.9989542278136,2012-08-09 19:15:04,2012-08-06,train,588_17
588,1833,222,Coffee Shop,40.70813495353977,-73.83076429367065,2012-08-10 07:35:17,2012-08-06,train,588_17
588,1451,147,Movie Theater,40.7081979835282,-73.86868000030518,2012-08-11 16:51:59,2012-08-06,train,588_17
589,1775,71,Train Station,40.69114924783757,-73.76555442810059,2012-08-06 07:56:04,2012-08-06,train,589_7
589,1002,70,Train Station,40.69902344282463,-73.81001472473143,2012-08-06 08:15:31,2012-08-06,train,589_7
589,2822,70,Train Station,40.741209362255695,-73.95635604858398,2012-08-06 08:41:49,2012-08-06,train,589_7
589,1775,71,Train Station,40.69114924783757,-73.76555442810059,2012-08-09 07:53:26,2012-08-06,train,589_7
589,1002,70,Train Station,40.69902344282463,-73.81001472473143,2012-08-09 08:11:18,2012-08-06,train,589_7
589,2822,70,Train Station,40.741209362255695,-73.95635604858398,2012-08-09 08:38:52,2012-08-06,train,589_7
590,3158,202,Pizza Place,40.743982,-74.006678,2012-08-10 02:53:21,2012-08-06,train,590_6
590,4957,6,Home (private),40.78229374678743,-74.00063278107605,2012-08-10 04:31:42,2012-08-06,train,590_6
590,4957,6,Home (private),40.78229374678743,-74.00063278107605,2012-08-11 04:46:37,2012-08-06,train,590_6
590,4405,138,Gym / Fitness Center,40.81135694948407,-73.98144006729126,2012-08-11 16:06:49,2012-08-06,train,590_6
590,1160,222,Coffee Shop,40.81309872799184,-73.98468554019928,2012-08-12 22:55:41,2012-08-06,train,590_6
592,1577,2,Gym / Fitness Center,40.748818545337386,-73.99218821788688,2012-08-06 07:29:02,2012-08-06,train,592_16
592,2058,61,Office,40.69397659283043,-73.98524979698584,2012-08-06 09:40:31,2012-08-06,train,592_16
592,1577,2,Gym / Fitness Center,40.748818545337386,-73.99218821788688,2012-08-09 07:14:34,2012-08-06,train,592_16
592,2058,61,Office,40.69397659283043,-73.98524979698584,2012-08-09 10:28:07,2012-08-06,train,592_16
592,1577,2,Gym / Fitness Center,40.748818545337386,-73.99218821788688,2012-08-09 17:16:42,2012-08-06,train,592_16
592,1577,2,Gym / Fitness Center,40.748818545337386,-73.99218821788688,2012-08-10 07:22:29,2012-08-06,train,592_16
595,2549,136,Office,40.750781041731,-73.98287954280876,2012-08-06 10:13:01,2012-08-06,train,595_16
595,922,288,Ferry,40.76318618108141,-74.00068759918213,2012-08-09 17:55:45,2012-08-06,train,595_16
595,1261,138,Gym / Fitness Center,40.75367746344614,-73.9697479200717,2012-08-10 20:06:02,2012-08-06,train,595_16
595,225,121,Park,40.72651075083395,-73.98171901702881,2012-08-11 08:36:04,2012-08-06,train,595_16
597,348,61,Office,40.713713478447545,-74.0141438812572,2012-08-06 09:05:18,2012-08-06,train,597_9
597,348,61,Office,40.713713478447545,-74.0141438812572,2012-08-10 09:10:44,2012-08-06,train,597_9
599,927,3,Thrift / Vintage Store,40.71822445,-73.95521,2012-08-10 17:28:24,2012-08-06,train,599_7
599,506,238,Music Venue,40.71496421078609,-73.96650552749634,2012-08-10 22:13:43,2012-08-06,train,599_7
599,3855,255,Flea Market,40.720599497806894,-73.96312594413757,2012-08-11 13:24:14,2012-08-06,train,599_7
599,4141,57,Bar,40.711369,-73.947794,2012-08-11 22:22:14,2012-08-06,train,599_7
604,3625,6,Home (private),40.76741095844762,-73.96537147003376,2012-08-06 00:29:23,2012-08-06,train,604_16
604,1822,222,Coffee Shop,40.75200361885657,-73.97566795349121,2012-08-06 08:41:11,2012-08-06,train,604_16
604,3658,61,Office,40.75133977617688,-73.97533815225673,2012-08-06 08:41:28,2012-08-06,train,604_16
604,3658,61,Office,40.75133977617688,-73.97533815225673,2012-08-09 09:55:29,2012-08-06,train,604_16
608,1298,221,Bridge,40.82809886666084,-73.93391132354736,2012-08-06 08:30:33,2012-08-06,train,608_17
608,1298,221,Bridge,40.82809886666084,-73.93391132354736,2012-08-09 08:31:39,2012-08-06,train,608_17
608,3973,301,Neighborhood,40.81209887355516,-73.90957668420633,2012-08-09 18:24:46,2012-08-06,train,608_17
608,1718,165,College Academic Building,40.8121202519876,-73.96193504333496,2012-08-10 10:41:43,2012-08-06,train,608_17
608,1298,221,Bridge,40.82809886666084,-73.93391132354736,2012-08-10 17:19:03,2012-08-06,train,608_17
608,3973,301,Neighborhood,40.81209887355516,-73.90957668420633,2012-08-11 00:06:56,2012-08-06,train,608_17
608,1298,221,Bridge,40.82809886666084,-73.93391132354736,2012-08-11 19:57:02,2012-08-06,train,608_17
608,1957,222,Coffee Shop,40.75708314082242,-73.97595226764679,2012-08-12 15:55:09,2012-08-06,train,608_17
608,3973,301,Neighborhood,40.81209887355516,-73.90957668420633,2012-08-12 22:48:36,2012-08-06,train,608_17
610,2733,80,Building,40.82749248,-73.8566178,2012-08-09 10:14:31,2012-08-06,train,610_16
610,2733,80,Building,40.82749248,-73.8566178,2012-08-10 09:30:02,2012-08-06,train,610_16
610,2733,80,Building,40.82749248,-73.8566178,2012-08-11 12:53:00,2012-08-06,train,610_16
610,2697,58,Electronics Store,40.82593,-73.85714,2012-08-12 12:57:18,2012-08-06,train,610_16
610,2733,80,Building,40.82749248,-73.8566178,2012-08-12 13:34:13,2012-08-06,train,610_16
610,2946,42,Food & Drink Shop,40.83256534295196,-73.86053387599038,2012-08-12 13:36:48,2012-08-06,train,610_16
614,490,138,Gym / Fitness Center,40.74272121548715,-73.99276210416295,2012-08-09 12:50:52,2012-08-06,train,614_12
614,490,138,Gym / Fitness Center,40.74272121548715,-73.99276210416295,2012-08-09 18:34:07,2012-08-06,train,614_12
614,1105,138,Gym / Fitness Center,40.72918161936382,-73.9905971288681,2012-08-10 18:14:23,2012-08-06,train,614_12
614,3847,222,Coffee Shop,40.73923249454244,-74.00294534862041,2012-08-10 21:20:51,2012-08-06,train,614_12
614,2580,301,Neighborhood,40.74101264282024,-74.00557079859627,2012-08-10 21:27:26,2012-08-06,train,614_12
614,379,52,Bar,40.7397980131948,-74.00699967240043,2012-08-10 21:48:14,2012-08-06,train,614_12
614,490,138,Gym / Fitness Center,40.74272121548715,-73.99276210416295,2012-08-11 11:52:53,2012-08-06,train,614_12
618,2848,221,Bridge,40.60233803273628,-74.06333122960736,2012-08-12 15:53:36,2012-08-06,train,618_0
618,974,221,Bridge,40.60679958140643,-74.04416981025437,2012-08-12 19:17:08,2012-08-06,train,618_0
620,4649,6,Home (private),40.625784494598165,-74.0828838592642,2012-08-09 05:20:21,2012-08-06,train,620_17
620,2213,222,Coffee Shop,40.612287,-74.1324905,2012-08-09 11:18:35,2012-08-06,train,620_17
620,2287,257,Road,40.5847565470127,-73.95034790039062,2012-08-09 13:09:48,2012-08-06,train,620_17
620,3081,301,Neighborhood,40.75538459186637,-73.88606071472168,2012-08-09 14:08:16,2012-08-06,train,620_17
620,1934,138,Gym / Fitness Center,40.58532514916689,-73.95202340155454,2012-08-09 14:44:25,2012-08-06,train,620_17
620,4649,6,Home (private),40.625784494598165,-74.0828838592642,2012-08-09 18:26:36,2012-08-06,train,620_17
620,974,221,Bridge,40.60679958140643,-74.04416981025437,2012-08-09 19:43:14,2012-08-06,train,620_17
620,2213,222,Coffee Shop,40.612287,-74.1324905,2012-08-10 10:03:25,2012-08-06,train,620_17
620,2467,257,Road,40.68779755192939,-73.89198303222656,2012-08-10 14:17:10,2012-08-06,train,620_17
620,2361,156,Stadium,40.68312,-73.975979,2012-08-10 14:56:30,2012-08-06,train,620_17
620,4649,6,Home (private),40.625784494598165,-74.0828838592642,2012-08-11 00:46:23,2012-08-06,train,620_17
620,2661,257,Road,40.608479182296605,-74.12698745727539,2012-08-11 16:30:28,2012-08-06,train,620_17
620,3060,58,Electronics Store,40.59537149298445,-74.16234979529759,2012-08-12 17:59:13,2012-08-06,train,620_17
623,2939,34,Gas Station / Garage,40.93314089189229,-73.87256459746335,2012-08-06 05:50:25,2012-08-06,train,623_13
623,2417,144,Casino,40.91902658090872,-73.86536922350342,2012-08-06 06:12:28,2012-08-06,train,623_13
623,4263,277,Food,40.91776755014766,-73.86441020323001,2012-08-06 10:05:53,2012-08-06,train,623_13
623,2499,80,Building,40.93902493514901,-73.88512859192987,2012-08-09 05:44:20,2012-08-06,train,623_13
623,2939,34,Gas Station / Garage,40.93314089189229,-73.87256459746335,2012-08-09 05:49:14,2012-08-06,train,623_13
623,2417,144,Casino,40.91902658090872,-73.86536922350342,2012-08-09 06:14:33,2012-08-06,train,623_13
623,4263,277,Food,40.91776755014766,-73.86441020323001,2012-08-09 06:19:45,2012-08-06,train,623_13
623,2417,144,Casino,40.91902658090872,-73.86536922350342,2012-08-09 06:27:38,2012-08-06,train,623_13
623,4263,277,Food,40.91776755014766,-73.86441020323001,2012-08-09 11:40:13,2012-08-06,train,623_13
623,2417,144,Casino,40.91902658090872,-73.86536922350342,2012-08-09 15:32:09,2012-08-06,train,623_13
623,4263,277,Food,40.91776755014766,-73.86441020323001,2012-08-09 15:32:20,2012-08-06,train,623_13
623,4927,281,Residential Building (Apartment / Condo),40.93855827828266,-73.88512859192987,2012-08-10 06:08:49,2012-08-06,train,623_13
623,2417,144,Casino,40.91902658090872,-73.86536922350342,2012-08-11 05:59:39,2012-08-06,train,623_13
623,4263,277,Food,40.91776755014766,-73.86441020323001,2012-08-11 06:10:14,2012-08-06,train,623_13
623,2940,96,Deli / Bodega,40.93342226294919,-73.87314319610596,2012-08-11 06:18:27,2012-08-06,train,623_13
623,2417,144,Casino,40.91902658090872,-73.86536922350342,2012-08-11 06:51:12,2012-08-06,train,623_13
623,4263,277,Food,40.91776755014766,-73.86441020323001,2012-08-11 06:51:23,2012-08-06,train,623_13
623,2417,144,Casino,40.91902658090872,-73.86536922350342,2012-08-11 11:08:04,2012-08-06,train,623_13
623,4263,277,Food,40.91776755014766,-73.86441020323001,2012-08-11 12:02:58,2012-08-06,train,623_13
623,4322,34,Gas Station / Garage,40.93860938109822,-73.88496781464188,2012-08-11 22:07:09,2012-08-06,train,623_13
623,2939,34,Gas Station / Garage,40.93314089189229,-73.87256459746335,2012-08-12 05:44:06,2012-08-06,train,623_13
623,2417,144,Casino,40.91902658090872,-73.86536922350342,2012-08-12 06:13:38,2012-08-06,train,623_13
623,4263,277,Food,40.91776755014766,-73.86441020323001,2012-08-12 06:44:45,2012-08-06,train,623_13
624,1170,194,Mexican Restaurant,40.745245,-73.982692,2012-08-10 13:32:35,2012-08-06,train,624_10
624,891,201,Ice Cream Shop,40.74763188753914,-73.98638613123016,2012-08-10 20:44:04,2012-08-06,train,624_10
624,339,159,Art Museum,40.778936659294864,-73.96229820007625,2012-08-11 11:37:30,2012-08-06,train,624_10
624,1437,185,College Academic Building,40.77937325315485,-73.95507135401736,2012-08-11 14:54:16,2012-08-06,train,624_10
624,4653,128,Bakery,40.74764847532018,-73.99302035242692,2012-08-11 19:42:24,2012-08-06,train,624_10
625,2736,37,Bar,40.73260908451682,-73.98778071406592,2012-08-11 21:45:24,2012-08-06,train,625_10
625,463,37,Bar,40.74251160248479,-73.98034282192653,2012-08-12 00:38:22,2012-08-06,train,625_10
625,1225,47,Bar,40.75275186110882,-73.97305386754967,2012-08-12 02:57:03,2012-08-06,train,625_10
625,3949,197,Sandwich Place,40.75064359225685,-73.9761416630434,2012-08-12 17:10:19,2012-08-06,train,625_10
626,1814,222,Coffee Shop,40.972154374213545,-73.96090507507324,2012-08-06 07:19:45,2012-08-06,train,626_1
626,2792,257,Road,40.70644125441471,-74.15183544158936,2012-08-09 04:52:53,2012-08-06,train,626_1
626,4545,6,Home (private),40.94660079949698,-73.97712595918333,2012-08-09 05:19:37,2012-08-06,train,626_1
626,2757,121,Park,40.97407205524195,-73.96234376939638,2012-08-09 08:08:59,2012-08-06,train,626_1
626,1814,222,Coffee Shop,40.972154374213545,-73.96090507507324,2012-08-09 11:42:34,2012-08-06,train,626_1
626,2757,121,Park,40.97407205524195,-73.96234376939638,2012-08-09 21:01:51,2012-08-06,train,626_1
626,1814,222,Coffee Shop,40.972154374213545,-73.96090507507324,2012-08-10 12:30:05,2012-08-06,train,626_1
626,4545,6,Home (private),40.94660079949698,-73.97712595918333,2012-08-10 15:33:40,2012-08-06,train,626_1
626,2360,42,Food & Drink Shop,40.93715060904516,-73.99588108062744,2012-08-10 15:52:41,2012-08-06,train,626_1
626,3475,317,City,40.94269410852135,-73.99635314941406,2012-08-11 01:53:55,2012-08-06,train,626_1
626,1814,222,Coffee Shop,40.972154374213545,-73.96090507507324,2012-08-12 05:26:42,2012-08-06,train,626_1
626,4536,6,Home (private),40.94660079949698,-73.97712595918333,2012-08-12 18:14:09,2012-08-06,train,626_1
628,3543,203,Food Truck,40.728851,-73.851599,2012-08-12 09:09:16,2012-08-06,train,628_8
628,2250,163,Medical Center,40.72878729696505,-73.85198593139648,2012-08-12 09:09:28,2012-08-06,train,628_8
628,2250,163,Medical Center,40.72878729696505,-73.85198593139648,2012-08-12 09:12:12,2012-08-06,train,628_8
633,5007,281,Residential Building (Apartment / Condo),40.62506712088796,-74.07837233484676,2012-08-06 02:42:51,2012-08-06,train,633_5
633,2157,121,Park,40.62689263449373,-74.07646536827087,2012-08-10 10:03:25,2012-08-06,train,633_5
633,1884,35,Bookstore,40.59245497715398,-74.16285436034939,2012-08-10 12:44:17,2012-08-06,train,633_5
633,2099,71,Train Station,40.63167229840464,-74.0753173828125,2012-08-10 19:15:34,2012-08-06,train,633_5
633,5007,281,Residential Building (Apartment / Condo),40.62506712088796,-74.07837233484676,2012-08-10 20:00:22,2012-08-06,train,633_5
633,2157,121,Park,40.62689263449373,-74.07646536827087,2012-08-11 05:36:34,2012-08-06,train,633_5
633,2507,122,Plaza,40.6372657806203,-74.07631516456604,2012-08-11 05:49:29,2012-08-06,train,633_5
633,985,288,Ferry,40.6444055420497,-74.0729570388794,2012-08-11 05:56:10,2012-08-06,train,633_5
633,1884,35,Bookstore,40.59245497715398,-74.16285436034939,2012-08-11 06:45:16,2012-08-06,train,633_5
633,3573,222,Coffee Shop,40.59244808052431,-74.16294036561932,2012-08-11 09:19:57,2012-08-06,train,633_5
633,5007,281,Residential Building (Apartment / Condo),40.62506712088796,-74.07837233484676,2012-08-11 13:02:07,2012-08-06,train,633_5
633,5007,281,Residential Building (Apartment / Condo),40.62506712088796,-74.07837233484676,2012-08-11 23:26:15,2012-08-06,train,633_5
633,2157,121,Park,40.62689263449373,-74.07646536827087,2012-08-12 05:37:45,2012-08-06,train,633_5
633,2507,122,Plaza,40.6372657806203,-74.07631516456604,2012-08-12 05:50:02,2012-08-06,train,633_5
633,985,288,Ferry,40.6444055420497,-74.0729570388794,2012-08-12 05:59:06,2012-08-06,train,633_5
633,1884,35,Bookstore,40.59245497715398,-74.16285436034939,2012-08-12 06:33:57,2012-08-06,train,633_5
633,2099,71,Train Station,40.63167229840464,-74.0753173828125,2012-08-12 11:53:14,2012-08-06,train,633_5
633,5007,281,Residential Building (Apartment / Condo),40.62506712088796,-74.07837233484676,2012-08-12 12:21:09,2012-08-06,train,633_5
634,4905,6,Home (private),40.85155841497341,-74.14161270853154,2012-08-10 02:51:28,2012-08-06,train,634_13
634,2027,66,Arts & Crafts Store,40.82939777183173,-74.13660049438477,2012-08-11 10:58:35,2012-08-06,train,634_13
636,908,256,Furniture / Home Store,40.76266834615508,-73.96865740411552,2012-08-09 13:01:24,2012-08-06,train,636_15
636,908,256,Furniture / Home Store,40.76266834615508,-73.96865740411552,2012-08-11 12:05:31,2012-08-06,train,636_15
636,1247,35,Bookstore,40.733361748251546,-73.99101174565301,2012-08-11 21:49:49,2012-08-06,train,636_15
636,1247,35,Bookstore,40.733361748251546,-73.99101174565301,2012-08-12 19:16:42,2012-08-06,train,636_15
641,792,44,Food & Drink Shop,40.72801404034635,-73.99303756896549,2012-08-10 20:49:03,2012-08-06,train,641_9
641,719,222,Coffee Shop,40.73001497344702,-73.99150371551514,2012-08-10 20:58:57,2012-08-06,train,641_9
641,882,203,Food Truck,40.761869727120846,-73.97948741912842,2012-08-11 01:08:31,2012-08-06,train,641_9
646,2944,61,Office,40.72542600679036,-73.99685386352785,2012-08-09 11:07:08,2012-08-06,train,646_13
646,2944,61,Office,40.72542600679036,-73.99685386352785,2012-08-10 10:15:58,2012-08-06,train,646_13
649,436,241,Airport,40.68968493541091,-74.17938709259033,2012-08-10 00:54:42,2012-08-06,train,649_7
649,2288,262,Light Rail,40.74862247391861,-74.03892517089844,2012-08-10 11:58:15,2012-08-06,train,649_7
649,4697,281,Residential Building (Apartment / Condo),40.78903346881927,-74.02381826342395,2012-08-10 22:42:55,2012-08-06,train,649_7
649,295,194,Mexican Restaurant,40.73470096500721,-74.00217359393984,2012-08-12 05:19:23,2012-08-06,train,649_7
649,2312,262,Light Rail,40.72703111110143,-74.0348482131958,2012-08-12 05:20:36,2012-08-06,train,649_7
649,2312,262,Light Rail,40.72703111110143,-74.0348482131958,2012-08-12 05:48:51,2012-08-06,train,649_7
649,2288,262,Light Rail,40.74862247391861,-74.03892517089844,2012-08-12 14:47:41,2012-08-06,train,649_7
652,3073,165,College Academic Building,40.74657419673222,-73.99579524993895,2012-08-10 13:43:01,2012-08-06,train,652_15
652,29,220,BBQ Joint,40.74455698610794,-73.99065019420007,2012-08-10 20:27:13,2012-08-06,train,652_15
655,1475,241,Airport,40.773839,-73.87122,2012-08-10 15:18:40,2012-08-06,train,655_11
655,1475,241,Airport,40.773839,-73.87122,2012-08-12 20:55:44,2012-08-06,train,655_11
658,3559,171,College Academic Building,40.82191335450195,-73.97825373253355,2012-08-06 09:26:59,2012-08-06,train,658_10
658,3559,171,College Academic Building,40.82191335450195,-73.97825373253355,2012-08-09 09:06:58,2012-08-06,train,658_10
658,3277,34,Gas Station / Garage,40.82815476666666,-73.972297,2012-08-09 17:05:27,2012-08-06,train,658_10
658,3995,121,Park,40.83374485999407,-73.97092580795288,2012-08-09 17:15:07,2012-08-06,train,658_10
658,1120,42,Food & Drink Shop,40.82468913526501,-73.97373112061709,2012-08-10 21:49:10,2012-08-06,train,658_10
658,3277,34,Gas Station / Garage,40.82815476666666,-73.972297,2012-08-10 22:36:16,2012-08-06,train,658_10
658,987,257,Road,40.76117085825042,-74.01128768920898,2012-08-11 10:55:16,2012-08-06,train,658_10
658,987,257,Road,40.76117085825042,-74.01128768920898,2012-08-12 12:33:10,2012-08-06,train,658_10
658,4952,6,Home (private),40.8283149288856,-73.97712595918333,2012-08-12 12:59:40,2012-08-06,train,658_10
658,4977,6,Home (private),40.8283149288856,-73.97712595918333,2012-08-12 13:52:46,2012-08-06,train,658_10
658,4957,6,Home (private),40.78229374678743,-74.00063278107605,2012-08-12 19:48:09,2012-08-06,train,658_10
658,4977,6,Home (private),40.8283149288856,-73.97712595918333,2012-08-12 21:50:55,2012-08-06,train,658_10
658,1160,222,Coffee Shop,40.81309872799184,-73.98468554019928,2012-08-12 23:16:17,2012-08-06,train,658_10
663,5016,6,Home (private),40.75931344493279,-74.04763775758458,2012-08-09 15:15:16,2012-08-06,train,663_16
663,1127,254,Department Store,40.7926289275032,-74.04188632965088,2012-08-10 14:56:20,2012-08-06,train,663_16
663,3615,138,Gym / Fitness Center,40.78948217722037,-74.04389993244037,2012-08-11 12:10:48,2012-08-06,train,663_16
663,4406,6,Home (private),40.82998413731276,-73.98887973002674,2012-08-11 17:54:43,2012-08-06,train,663_16
666,1222,26,Drugstore / Pharmacy,40.777059,-73.949276,2012-08-09 16:49:22,2012-08-06,train,666_7
666,1437,185,College Academic Building,40.77937325315485,-73.95507135401736,2012-08-09 17:21:49,2012-08-06,train,666_7
667,37,37,Bar,40.73083196786713,-74.00095127413708,2012-08-11 01:28:30,2012-08-06,train,667_6
667,2638,1,Pet Store,40.59707034474168,-73.98507762454408,2012-08-12 13:01:29,2012-08-06,train,667_6
668,3440,6,Home (private),40.79067094456822,-74.20032308006297,2012-08-06 08:25:08,2012-08-06,train,668_16
668,2267,70,Train Station,40.79263095814757,-74.2000937461853,2012-08-06 08:26:23,2012-08-06,train,668_16
668,357,70,Train Station,40.750794799423865,-73.99357639021292,2012-08-06 09:06:02,2012-08-06,train,668_16
668,774,61,Office,40.75790395514735,-73.9864182472229,2012-08-06 09:28:58,2012-08-06,train,668_16
668,357,70,Train Station,40.750794799423865,-73.99357639021292,2012-08-09 08:59:08,2012-08-06,train,668_16
668,774,61,Office,40.75790395514735,-73.9864182472229,2012-08-09 09:16:37,2012-08-06,train,668_16
675,4949,61,Office,40.76217040100198,-73.97281408309937,2012-08-06 10:04:11,2012-08-06,train,675_14
675,4949,61,Office,40.76217040100198,-73.97281408309937,2012-08-09 09:18:56,2012-08-06,train,675_14
675,603,37,Bar,40.747354686763074,-73.9844004114423,2012-08-10 18:55:05,2012-08-06,train,675_14
681,2310,264,Subway,40.88357190912476,-73.86267185211182,2012-08-09 17:35:02,2012-08-06,train,681_18
681,1964,264,Subway,40.85723693198472,-73.86762857437134,2012-08-10 13:10:17,2012-08-06,train,681_18
681,4466,214,Bar,40.76000064275873,-73.99648189544678,2012-08-12 00:41:24,2012-08-06,train,681_18
681,198,214,Bar,40.73353038489922,-74.00329835080741,2012-08-12 17:16:10,2012-08-06,train,681_18
684,174,102,American Restaurant,40.741797,-73.997271,2012-08-09 21:55:14,2012-08-06,train,684_9
684,3301,214,Bar,40.76421262848506,-73.9870174251268,2012-08-09 23:40:52,2012-08-06,train,684_9
685,3529,317,City,40.78895016713563,-73.68619904249773,2012-08-12 00:12:20,2012-08-06,train,685_8
685,357,70,Train Station,40.750794799423865,-73.99357639021292,2012-08-12 17:28:47,2012-08-06,train,685_8
685,1330,254,Department Store,40.751575,-73.992015,2012-08-12 17:44:49,2012-08-06,train,685_8
685,1896,70,Train Station,40.796702275247206,-73.69991540908813,2012-08-12 23:15:31,2012-08-06,train,685_8
686,3737,80,Building,40.75230660947181,-73.971854320252,2012-08-09 14:47:13,2012-08-06,train,686_17
686,2236,222,Coffee Shop,40.632195,-73.94833087920928,2012-08-09 16:51:35,2012-08-06,train,686_17
686,648,42,Food & Drink Shop,40.689649,-73.992413,2012-08-11 19:10:52,2012-08-06,train,686_17
689,2505,52,Bar,40.742019,-74.048426,2012-08-12 10:45:55,2012-08-06,train,689_12
689,1101,254,Department Store,40.73215319032559,-74.03588891029358,2012-08-12 15:30:08,2012-08-06,train,689_12
690,3890,6,Home (private),40.72134148815057,-73.98887973002674,2012-08-10 10:46:16,2012-08-06,train,690_13
690,978,239,Airport,40.649257213175055,-73.78267765045166,2012-08-10 13:07:24,2012-08-06,train,690_13
690,4535,130,Burger Joint,40.69211070019279,-73.98889981642176,2012-08-10 20:27:33,2012-08-06,train,690_13
690,3890,6,Home (private),40.72134148815057,-73.98887973002674,2012-08-11 00:23:36,2012-08-06,train,690_13
690,1200,194,Mexican Restaurant,40.74609119787697,-73.9942714168711,2012-08-12 20:38:23,2012-08-06,train,690_13
694,5083,19,Bank,40.77244011961403,-74.18476721485364,2012-08-06 09:30:14,2012-08-06,train,694_16
694,3643,106,Burrito Place,40.80494,-73.992149,2012-08-06 10:17:41,2012-08-06,train,694_16
694,3643,106,Burrito Place,40.80494,-73.992149,2012-08-09 10:28:11,2012-08-06,train,694_16
694,3368,6,Home (private),40.76597116277859,-74.16509908485864,2012-08-09 18:17:49,2012-08-06,train,694_16
694,5083,19,Bank,40.77244011961403,-74.18476721485364,2012-08-10 09:30:41,2012-08-06,train,694_16
694,3643,106,Burrito Place,40.80494,-73.992149,2012-08-10 10:21:46,2012-08-06,train,694_16
694,3368,6,Home (private),40.76597116277859,-74.16509908485864,2012-08-10 18:24:10,2012-08-06,train,694_16
694,2100,301,Neighborhood,40.74228980308959,-74.05371049076996,2012-08-10 21:18:57,2012-08-06,train,694_16
694,3368,6,Home (private),40.76597116277859,-74.16509908485864,2012-08-11 00:10:18,2012-08-06,train,694_16
694,3643,106,Burrito Place,40.80494,-73.992149,2012-08-11 10:03:04,2012-08-06,train,694_16
694,3368,6,Home (private),40.76597116277859,-74.16509908485864,2012-08-11 17:16:38,2012-08-06,train,694_16
694,3420,37,Bar,40.73928990379554,-74.03033069390608,2012-08-11 21:08:18,2012-08-06,train,694_16
694,519,37,Bar,40.737661,-74.031302,2012-08-11 22:18:26,2012-08-06,train,694_16
694,4190,317,City,40.731686044718685,-74.17376899312723,2012-08-12 13:49:25,2012-08-06,train,694_16
697,3588,37,Bar,40.74008,-74.030934,2012-08-09 20:22:35,2012-08-06,train,697_18
697,1960,44,Food & Drink Shop,40.7373,-74.03744,2012-08-10 15:13:34,2012-08-06,train,697_18
697,2646,155,Stadium,40.8134844303353,-74.07433032989502,2012-08-11 15:34:10,2012-08-06,train,697_18
697,250,238,Music Venue,40.717952061710704,-73.98541049112558,2012-08-11 22:02:19,2012-08-06,train,697_18
697,2627,6,Home (private),40.863020847419,-74.0828838592642,2012-08-12 03:02:27,2012-08-06,train,697_18
697,3624,37,Bar,40.863929,-74.079579,2012-08-12 03:02:55,2012-08-06,train,697_18
700,1002,70,Train Station,40.69902344282463,-73.81001472473143,2012-08-06 08:16:47,2012-08-06,train,700_5
700,357,70,Train Station,40.750794799423865,-73.99357639021292,2012-08-06 08:34:55,2012-08-06,train,700_5
700,907,121,Park,40.74866717767752,-73.98837625980377,2012-08-06 08:40:07,2012-08-06,train,700_5
700,391,80,Building,40.74828059076867,-73.98556262254715,2012-08-06 08:44:29,2012-08-06,train,700_5
700,1708,61,Office,40.74260869323929,-73.97532093413172,2012-08-06 08:56:25,2012-08-06,train,700_5
700,1002,70,Train Station,40.69902344282463,-73.81001472473143,2012-08-09 08:11:25,2012-08-06,train,700_5
700,2978,301,Neighborhood,40.745306184001095,-73.94837379455566,2012-08-09 11:42:07,2012-08-06,train,700_5
700,357,70,Train Station,40.750794799423865,-73.99357639021292,2012-08-10 08:36:18,2012-08-06,train,700_5
700,1708,61,Office,40.74260869323929,-73.97532093413172,2012-08-10 09:06:15,2012-08-06,train,700_5
700,1327,222,Coffee Shop,40.74907894406079,-73.98399867372817,2012-08-10 16:48:05,2012-08-06,train,700_5
700,1002,70,Train Station,40.69902344282463,-73.81001472473143,2012-08-10 17:19:12,2012-08-06,train,700_5
702,2734,73,Bus Station,40.75816401301727,-73.99508714675903,2012-08-06 09:47:53,2012-08-06,train,702_17
702,4950,136,Office,40.75175358104296,-73.97683038390369,2012-08-09 12:49:10,2012-08-06,train,702_17
702,3999,6,Home (private),40.75765180683012,-74.03588760058483,2012-08-09 19:47:23,2012-08-06,train,702_17
702,2734,73,Bus Station,40.75816401301727,-73.99508714675903,2012-08-10 09:46:47,2012-08-06,train,702_17
702,244,214,Bar,40.731895408411134,-73.98397571726198,2012-08-10 20:46:38,2012-08-06,train,702_17
702,581,202,Pizza Place,40.731844250688674,-73.98386478424072,2012-08-10 22:31:58,2012-08-06,train,702_17
702,3874,214,Bar,40.729923697132776,-73.981243878201,2012-08-10 22:32:39,2012-08-06,train,702_17
702,3999,6,Home (private),40.75765180683012,-74.03588760058483,2012-08-11 00:38:35,2012-08-06,train,702_17
702,2686,35,Bookstore,40.79919618493465,-74.00869823942159,2012-08-11 16:33:16,2012-08-06,train,702_17
702,958,203,Food Truck,40.76826484861582,-73.9824378490448,2012-08-11 23:48:54,2012-08-06,train,702_17
702,307,214,Bar,40.74455837028796,-73.99425029754639,2012-08-12 00:03:47,2012-08-06,train,702_17
702,317,214,Bar,40.75185105609346,-74.00388368084829,2012-08-12 01:40:18,2012-08-06,train,702_17
705,1815,55,Bar,40.77143374050618,-73.98247003555298,2012-08-11 15:10:57,2012-08-06,train,705_7
705,71,222,Coffee Shop,40.7858960417406,-73.9768705592111,2012-08-12 21:11:54,2012-08-06,train,705_7
710,2500,264,Subway,40.63523850278024,-73.9628791809082,2012-08-06 09:54:31,2012-08-06,train,710_12
710,2039,19,Bank,40.68513950219469,-73.97796102863539,2012-08-09 19:23:22,2012-08-06,train,710_12
710,2935,6,Home (private),40.63886446869532,-73.96537147003376,2012-08-10 17:11:03,2012-08-06,train,710_12
710,1145,264,Subway,40.708588361482406,-73.99103164672852,2012-08-10 19:35:52,2012-08-06,train,710_12
710,427,37,Bar,40.73198685905517,-73.98380354367815,2012-08-10 19:52:43,2012-08-06,train,710_12
710,2592,37,Bar,40.722262,-73.98332129,2012-08-11 01:09:56,2012-08-06,train,710_12
710,1145,264,Subway,40.708588361482406,-73.99103164672852,2012-08-11 04:14:35,2012-08-06,train,710_12
712,1201,138,Gym / Fitness Center,40.762958775,-73.91559066666667,2012-08-09 10:47:54,2012-08-06,train,712_8
712,4546,222,Coffee Shop,40.758189309567456,-73.91956633284042,2012-08-12 10:01:19,2012-08-06,train,712_8
712,58,55,Bar,40.72706973142783,-73.99190604686737,2012-08-12 13:09:41,2012-08-06,train,712_8
719,4780,42,Food & Drink Shop,40.884835891587976,-74.21012257381425,2012-08-06 06:40:41,2012-08-06,train,719_13
719,4780,42,Food & Drink Shop,40.884835891587976,-74.21012257381425,2012-08-10 06:44:14,2012-08-06,train,719_13
719,4780,42,Food & Drink Shop,40.884835891587976,-74.21012257381425,2012-08-12 08:43:08,2012-08-06,train,719_13
720,3269,19,Bank,40.63673571148898,-73.99040342059492,2012-08-06 09:53:12,2012-08-06,train,720_15
720,2887,269,Miscellaneous Shop,40.635281,-73.992483,2012-08-09 11:50:03,2012-08-06,train,720_15
720,2207,88,Synagogue,40.6331718073923,-73.99483955812065,2012-08-09 21:10:22,2012-08-06,train,720_15
720,3618,6,Home (private),40.63396697468096,-74.00063278107605,2012-08-09 21:21:36,2012-08-06,train,720_15
720,2887,269,Miscellaneous Shop,40.635281,-73.992483,2012-08-10 12:56:41,2012-08-06,train,720_15
720,3269,19,Bank,40.63673571148898,-73.99040342059492,2012-08-10 14:04:24,2012-08-06,train,720_15
720,3220,6,Home (private),40.632300871701176,-73.98887973002674,2012-08-10 14:06:23,2012-08-06,train,720_15
720,3414,6,Home (private),40.63396697468096,-74.00063278107605,2012-08-10 14:59:10,2012-08-06,train,720_15
720,987,257,Road,40.76117085825042,-74.01128768920898,2012-08-12 21:15:05,2012-08-06,train,720_15
720,3221,6,Home (private),40.64220098230346,-73.98887973002674,2012-08-12 21:59:13,2012-08-06,train,720_15
721,4473,12,Gym / Fitness Center,40.73441328403598,-74.01055812835693,2012-08-09 07:07:35,2012-08-06,train,721_9
721,1187,39,Beer Garden,40.7405579801227,-74.00777996246534,2012-08-09 20:17:48,2012-08-06,train,721_9
721,371,194,Mexican Restaurant,40.734195,-74.00316,2012-08-11 00:41:05,2012-08-06,train,721_9
721,371,194,Mexican Restaurant,40.734195,-74.00316,2012-08-11 23:01:44,2012-08-06,train,721_9
732,3357,282,Convenience Store,40.967639,-74.073357,2012-08-10 05:38:39,2012-08-06,train,732_10
732,3357,282,Convenience Store,40.967639,-74.073357,2012-08-12 07:06:29,2012-08-06,train,732_10
737,857,259,Hotel,40.76224486711165,-73.9792871763928,2012-08-06 02:30:05,2012-08-06,train,737_18
737,857,259,Hotel,40.76224486711165,-73.9792871763928,2012-08-06 09:30:12,2012-08-06,train,737_18
737,3116,319,Market,40.74186151409088,-73.98943362953369,2012-08-09 14:15:06,2012-08-06,train,737_18
737,576,102,American Restaurant,40.731155872068506,-73.98872764725327,2012-08-09 19:15:04,2012-08-06,train,737_18
737,48,232,Music Venue,40.73169799836348,-73.98922693741638,2012-08-10 00:15:06,2012-08-06,train,737_18
737,230,52,Bar,40.75006726071233,-74.00270154186394,2012-08-10 00:19:37,2012-08-06,train,737_18
737,857,259,Hotel,40.76224486711165,-73.9792871763928,2012-08-10 02:30:06,2012-08-06,train,737_18
737,3116,319,Market,40.74186151409088,-73.98943362953369,2012-08-10 14:15:06,2012-08-06,train,737_18
737,398,52,Bar,40.76362499327396,-73.99757623672485,2012-08-10 20:45:10,2012-08-06,train,737_18
737,230,52,Bar,40.75006726071233,-74.00270154186394,2012-08-10 22:30:11,2012-08-06,train,737_18
737,857,259,Hotel,40.76224486711165,-73.9792871763928,2012-08-11 02:30:05,2012-08-06,train,737_18
737,857,259,Hotel,40.76224486711165,-73.9792871763928,2012-08-11 09:30:06,2012-08-06,train,737_18
737,405,241,Airport,40.645089355976346,-73.7845230102539,2012-08-11 11:30:06,2012-08-06,train,737_18
737,1008,208,Ramen /  Noodle House,40.73085850344144,-73.99070758336508,2012-08-11 14:30:06,2012-08-06,train,737_18
737,230,52,Bar,40.75006726071233,-74.00270154186394,2012-08-11 22:30:19,2012-08-06,train,737_18
737,48,232,Music Venue,40.73169799836348,-73.98922693741638,2012-08-12 00:15:06,2012-08-06,train,737_18
737,857,259,Hotel,40.76224486711165,-73.9792871763928,2012-08-12 02:30:04,2012-08-06,train,737_18
737,857,259,Hotel,40.76224486711165,-73.9792871763928,2012-08-12 09:30:06,2012-08-06,train,737_18
737,830,37,Bar,40.73743415035814,-73.99128147407096,2012-08-12 19:30:03,2012-08-06,train,737_18
737,398,52,Bar,40.76362499327396,-73.99757623672485,2012-08-12 20:45:19,2012-08-06,train,737_18
740,2424,121,Park,40.8519621874379,-73.82696628570557,2012-08-11 21:06:08,2012-08-06,train,740_8
740,3407,301,Neighborhood,40.82507881379304,-73.92013549804688,2012-08-11 21:13:26,2012-08-06,train,740_8
741,2495,102,American Restaurant,40.72561027403996,-73.99197578430176,2012-08-10 21:02:23,2012-08-06,train,741_6
741,4616,198,Scandinavian Restaurant,40.727291289709385,-73.99377822875977,2012-08-12 01:56:55,2012-08-06,train,741_6
743,1690,61,Office,40.74993282797663,-73.9727898529965,2012-08-09 09:03:38,2012-08-06,train,743_12
743,1690,61,Office,40.74993282797663,-73.9727898529965,2012-08-10 15:05:57,2012-08-06,train,743_12
749,4557,222,Coffee Shop,40.77211112866,-73.96095474201344,2012-08-09 10:36:08,2012-08-06,train,749_16
749,357,70,Train Station,40.750794799423865,-73.99357639021292,2012-08-10 15:01:04,2012-08-06,train,749_16
750,2462,264,Subway,40.67692778613304,-73.89869928359985,2012-08-10 17:55:25,2012-08-06,train,750_17
750,625,122,Plaza,40.756489872673846,-73.98626804351807,2012-08-10 21:47:16,2012-08-06,train,750_17
750,1082,61,Office,40.7586315839765,-73.9821564085939,2012-08-11 17:12:44,2012-08-06,train,750_17
750,402,259,Hotel,40.758328,-73.985457,2012-08-11 17:23:36,2012-08-06,train,750_17
750,735,122,Plaza,40.74982540095488,-73.98796319961548,2012-08-11 19:05:50,2012-08-06,train,750_17
750,402,259,Hotel,40.758328,-73.985457,2012-08-11 20:27:59,2012-08-06,train,750_17
750,2462,264,Subway,40.67692778613304,-73.89869928359985,2012-08-12 00:31:54,2012-08-06,train,750_17
753,3068,71,Train Station,40.58358323125094,-73.8265585899353,2012-08-06 09:37:06,2012-08-06,train,753_18
753,2113,264,Subway,40.68047529976021,-73.84372472763062,2012-08-06 10:12:18,2012-08-06,train,753_18
753,3068,71,Train Station,40.58358323125094,-73.8265585899353,2012-08-09 09:44:47,2012-08-06,train,753_18
753,2113,264,Subway,40.68047529976021,-73.84372472763062,2012-08-09 10:08:04,2012-08-06,train,753_18
753,1373,183,University,40.69342491338439,-73.99171189097369,2012-08-09 10:57:03,2012-08-06,train,753_18
753,4366,164,College Academic Building,40.69330070631022,-73.99167171877029,2012-08-09 10:57:20,2012-08-06,train,753_18
753,1913,264,Subway,40.69147464622913,-73.98738384246826,2012-08-09 15:32:44,2012-08-06,train,753_18
753,3068,71,Train Station,40.58358323125094,-73.8265585899353,2012-08-10 14:29:13,2012-08-06,train,753_18
753,2178,264,Subway,40.60837736891878,-73.81592631340027,2012-08-10 15:02:13,2012-08-06,train,753_18
753,4107,281,Residential Building (Apartment / Condo),40.58573020988804,-73.81194985467265,2012-08-11 12:07:28,2012-08-06,train,753_18
760,2978,301,Neighborhood,40.745306184001095,-73.94837379455566,2012-08-06 09:16:40,2012-08-06,train,760_5
760,3519,136,Office,40.750536544011474,-73.93951538728527,2012-08-06 09:16:50,2012-08-06,train,760_5
760,2978,301,Neighborhood,40.745306184001095,-73.94837379455566,2012-08-09 09:05:56,2012-08-06,train,760_5
760,3519,136,Office,40.750536544011474,-73.93951538728527,2012-08-09 09:06:21,2012-08-06,train,760_5
760,423,70,Train Station,40.68456336807219,-73.97761667053776,2012-08-10 20:03:20,2012-08-06,train,760_5
760,2361,156,Stadium,40.68312,-73.975979,2012-08-11 00:21:14,2012-08-06,train,760_5
760,1005,122,Plaza,40.72899240866846,-73.98877929802003,2012-08-11 21:23:23,2012-08-06,train,760_5
760,278,29,Japanese Restaurant,40.72903593565604,-73.98856121691024,2012-08-11 22:51:44,2012-08-06,train,760_5
760,3018,301,Neighborhood,40.67001121908946,-73.98583889007568,2012-08-12 22:00:16,2012-08-06,train,760_5
763,5027,136,Office,40.75395031748562,-74.0002396853064,2012-08-09 10:18:30,2012-08-06,train,763_8
763,2301,119,Other Great Outdoors,40.79635422265448,-73.94995602401873,2012-08-11 17:41:21,2012-08-06,train,763_8
769,3662,4,Gym / Fitness Center,40.75968986010941,-73.96237246820378,2012-08-11 09:49:01,2012-08-06,train,769_11
769,3632,4,Gym / Fitness Center,40.76259363580359,-73.9660630992425,2012-08-11 11:09:25,2012-08-06,train,769_11
772,2009,138,Gym / Fitness Center,40.66275977158627,-73.98301728235063,2012-08-06 06:47:07,2012-08-06,train,772_13
772,2009,138,Gym / Fitness Center,40.66275977158627,-73.98301728235063,2012-08-10 06:34:36,2012-08-06,train,772_13
772,2009,138,Gym / Fitness Center,40.66275977158627,-73.98301728235063,2012-08-12 08:16:26,2012-08-06,train,772_13
781,3796,61,Office,40.73963589285346,-74.0060011833954,2012-08-06 09:22:00,2012-08-06,train,781_15
781,3796,61,Office,40.73963589285346,-74.0060011833954,2012-08-09 11:01:12,2012-08-06,train,781_15
782,2873,138,Gym / Fitness Center,40.92722882710572,-73.99618816949595,2012-08-09 06:29:28,2012-08-06,train,782_9
782,2873,138,Gym / Fitness Center,40.92722882710572,-73.99618816949595,2012-08-10 06:34:12,2012-08-06,train,782_9
782,2360,42,Food & Drink Shop,40.93715060904516,-73.99588108062744,2012-08-10 16:30:42,2012-08-06,train,782_9
782,2873,138,Gym / Fitness Center,40.92722882710572,-73.99618816949595,2012-08-11 09:38:23,2012-08-06,train,782_9
784,625,122,Plaza,40.756489872673846,-73.98626804351807,2012-08-09 13:01:29,2012-08-06,train,784_16
784,348,61,Office,40.713713478447545,-74.0141438812572,2012-08-09 13:22:32,2012-08-06,train,784_16
784,830,37,Bar,40.73743415035814,-73.99128147407096,2012-08-09 13:30:12,2012-08-06,train,784_16
784,4868,281,Residential Building (Apartment / Condo),40.758017730590645,-73.9922547340393,2012-08-10 13:10:25,2012-08-06,train,784_16
784,348,61,Office,40.713713478447545,-74.0141438812572,2012-08-10 13:20:05,2012-08-06,train,784_16
784,830,37,Bar,40.73743415035814,-73.99128147407096,2012-08-10 13:30:08,2012-08-06,train,784_16
784,2332,19,Bank,40.84350462709147,-73.93913651788439,2012-08-10 13:40:05,2012-08-06,train,784_16
784,2240,19,Bank,40.81011509621309,-73.95118534970048,2012-08-10 13:50:05,2012-08-06,train,784_16
784,402,259,Hotel,40.758328,-73.985457,2012-08-10 14:00:29,2012-08-06,train,784_16
784,625,122,Plaza,40.756489872673846,-73.98626804351807,2012-08-11 13:00:19,2012-08-06,train,784_16
784,348,61,Office,40.713713478447545,-74.0141438812572,2012-08-11 13:20:08,2012-08-06,train,784_16
784,402,259,Hotel,40.758328,-73.985457,2012-08-11 14:00:16,2012-08-06,train,784_16
784,4868,281,Residential Building (Apartment / Condo),40.758017730590645,-73.9922547340393,2012-08-12 13:10:08,2012-08-06,train,784_16
784,830,37,Bar,40.73743415035814,-73.99128147407096,2012-08-12 13:30:08,2012-08-06,train,784_16
784,402,259,Hotel,40.758328,-73.985457,2012-08-12 14:00:19,2012-08-06,train,784_16
787,2021,166,College Academic Building,40.77214895320598,-73.98764871694762,2012-08-09 16:30:38,2012-08-06,train,787_14
787,357,70,Train Station,40.750794799423865,-73.99357639021292,2012-08-10 11:48:09,2012-08-06,train,787_14
787,2968,130,Burger Joint,40.75845677498381,-73.98914046612941,2012-08-11 20:01:51,2012-08-06,train,787_14
788,4455,253,General Travel,40.9438695727395,-74.01611781636625,2012-08-09 13:27:36,2012-08-06,train,788_18
788,3475,317,City,40.94269410852135,-73.99635314941406,2012-08-09 13:27:52,2012-08-06,train,788_18
788,4455,253,General Travel,40.9438695727395,-74.01611781636625,2012-08-09 19:00:27,2012-08-06,train,788_18
788,3475,317,City,40.94269410852135,-73.99635314941406,2012-08-09 19:32:48,2012-08-06,train,788_18
788,3930,6,Home (private),40.94175914870915,-74.01238511084367,2012-08-09 19:32:56,2012-08-06,train,788_18
788,4455,253,General Travel,40.9438695727395,-74.01611781636625,2012-08-10 01:46:41,2012-08-06,train,788_18
788,3475,317,City,40.94269410852135,-73.99635314941406,2012-08-10 01:46:50,2012-08-06,train,788_18
788,3930,6,Home (private),40.94175914870915,-74.01238511084367,2012-08-10 01:46:57,2012-08-06,train,788_18
788,3475,317,City,40.94269410852135,-73.99635314941406,2012-08-10 13:26:03,2012-08-06,train,788_18
788,3930,6,Home (private),40.94175914870915,-74.01238511084367,2012-08-10 13:26:12,2012-08-06,train,788_18
788,2792,257,Road,40.70644125441471,-74.15183544158936,2012-08-10 16:26:44,2012-08-06,train,788_18
788,3339,188,College Stadium,40.81829847738759,-74.07686942546181,2012-08-10 16:33:29,2012-08-06,train,788_18
788,3172,270,Parking,40.811340708909874,-74.0822696685791,2012-08-10 16:34:14,2012-08-06,train,788_18
788,4312,277,Food,40.816892517125126,-74.07422496425988,2012-08-10 16:46:29,2012-08-06,train,788_18
788,4658,80,Building,40.81695201971413,-74.0740758178397,2012-08-10 18:50:54,2012-08-06,train,788_18
788,2094,249,Racetrack,40.81721953702811,-74.07673358917236,2012-08-10 18:51:21,2012-08-06,train,788_18
788,3339,188,College Stadium,40.81829847738759,-74.07686942546181,2012-08-10 23:27:37,2012-08-06,train,788_18
788,3172,270,Parking,40.811340708909874,-74.0822696685791,2012-08-10 23:27:47,2012-08-06,train,788_18
788,3475,317,City,40.94269410852135,-73.99635314941406,2012-08-11 00:18:12,2012-08-06,train,788_18
788,3930,6,Home (private),40.94175914870915,-74.01238511084367,2012-08-11 00:18:43,2012-08-06,train,788_18
788,3475,317,City,40.94269410852135,-73.99635314941406,2012-08-11 12:14:57,2012-08-06,train,788_18
788,3475,317,City,40.94269410852135,-73.99635314941406,2012-08-11 16:04:20,2012-08-06,train,788_18
788,3339,188,College Stadium,40.81829847738759,-74.07686942546181,2012-08-11 16:47:36,2012-08-06,train,788_18
788,3172,270,Parking,40.811340708909874,-74.0822696685791,2012-08-11 16:47:49,2012-08-06,train,788_18
788,4658,80,Building,40.81695201971413,-74.0740758178397,2012-08-11 17:14:41,2012-08-06,train,788_18
788,4455,253,General Travel,40.9438695727395,-74.01611781636625,2012-08-12 00:26:05,2012-08-06,train,788_18
788,4455,253,General Travel,40.9438695727395,-74.01611781636625,2012-08-12 15:55:23,2012-08-06,train,788_18
788,3930,6,Home (private),40.94175914870915,-74.01238511084367,2012-08-12 15:55:41,2012-08-06,train,788_18
788,4854,6,Home (private),40.90080727550772,-74.07113588841028,2012-08-12 21:15:49,2012-08-06,train,788_18
789,3957,58,Electronics Store,40.66310131145435,-74.10717195833217,2012-08-09 11:11:43,2012-08-06,train,789_14
789,2992,233,Other Great Outdoors,40.626351503681065,-74.09220771673321,2012-08-11 07:38:02,2012-08-06,train,789_14
789,202,214,Bar,40.73347071903565,-74.00228836535156,2012-08-11 19:49:16,2012-08-06,train,789_14
790,1494,130,Burger Joint,40.75254516167607,-73.97335805778152,2012-08-10 21:46:12,2012-08-06,train,790_13
790,2794,39,Beer Garden,40.73064099842995,-73.98425102233887,2012-08-11 22:25:59,2012-08-06,train,790_13
791,3562,63,Office,40.73672207747068,-73.99558067321777,2012-08-06 10:09:00,2012-08-06,train,791_15
791,4436,259,Hotel,40.72783447937824,-73.9908969674878,2012-08-09 17:26:38,2012-08-06,train,791_15
791,39,41,Bar,40.72854337080716,-73.98469884462888,2012-08-09 23:58:12,2012-08-06,train,791_15
791,3562,63,Office,40.73672207747068,-73.99558067321777,2012-08-10 09:19:49,2012-08-06,train,791_15
799,961,31,Bar,40.75353217770949,-73.98182353637398,2012-08-10 08:57:50,2012-08-06,train,799_13
799,831,7,Clothing Store,40.75333652297646,-73.98098945617676,2012-08-10 09:05:34,2012-08-06,train,799_13
799,1156,61,Office,40.76066701799484,-73.98106455802917,2012-08-10 20:11:58,2012-08-06,train,799_13
799,4850,120,Other Great Outdoors,40.746736760718505,-73.98262023925781,2012-08-11 01:36:14,2012-08-06,train,799_13
799,234,121,Park,40.74218830848454,-73.98792418909154,2012-08-11 14:01:12,2012-08-06,train,799_13
799,1088,7,Clothing Store,40.72459188718318,-73.99714708328247,2012-08-11 15:14:49,2012-08-06,train,799_13
799,1328,7,Clothing Store,40.723933306202895,-73.99804177730499,2012-08-11 15:34:20,2012-08-06,train,799_13
799,454,207,Dessert Shop,40.73441062140292,-73.9908166227313,2012-08-11 17:10:33,2012-08-06,train,799_13
799,2812,259,Hotel,40.74393865874401,-73.98399867372817,2012-08-12 00:57:40,2012-08-06,train,799_13
799,1686,52,Bar,40.73453248944311,-74.00231131962562,2012-08-12 01:55:15,2012-08-06,train,799_13
799,587,266,Bus Station,40.75722129839836,-73.99154663085938,2012-08-12 14:46:11,2012-08-06,train,799_13
801,4424,61,Office,40.72945195761856,-74.0049797352277,2012-08-09 09:52:42,2012-08-06,train,801_12
801,1521,70,Train Station,40.71948548899754,-74.0427017211914,2012-08-09 17:46:43,2012-08-06,train,801_12
801,1521,70,Train Station,40.71948548899754,-74.0427017211914,2012-08-10 18:21:00,2012-08-06,train,801_12
801,904,84,Performing Arts Venue,40.74583423860072,-73.99327860034312,2012-08-10 19:48:53,2012-08-06,train,801_12
801,2963,131,Café,40.74532376,-73.992229,2012-08-10 22:13:31,2012-08-06,train,801_12
801,1055,147,Movie Theater,40.8080275486526,-73.98811340332031,2012-08-11 00:09:52,2012-08-06,train,801_12
801,1785,222,Coffee Shop,40.72634213077722,-74.03284953902666,2012-08-12 15:32:41,2012-08-06,train,801_12
804,1015,61,Office,40.75873129067156,-73.9820760601798,2012-08-10 09:02:44,2012-08-06,train,804_13
804,1424,61,Office,40.74204967287742,-74.00477888803634,2012-08-10 18:55:19,2012-08-06,train,804_13
804,1015,61,Office,40.75873129067156,-73.9820760601798,2012-08-11 07:13:20,2012-08-06,train,804_13
805,4024,6,Home (private),40.68499608789172,-73.94186034276925,2012-08-06 00:24:21,2012-08-06,train,805_15
805,2283,264,Subway,40.74590514014295,-73.99804159998894,2012-08-09 20:25:06,2012-08-06,train,805_15
805,2912,264,Subway,40.68036952800187,-73.94965589046478,2012-08-10 21:53:32,2012-08-06,train,805_15
805,4197,96,Deli / Bodega,40.6847512363616,-73.9434418083397,2012-08-11 11:08:28,2012-08-06,train,805_15
809,2654,177,College Academic Building,40.77085290125466,-73.98486527831999,2012-08-06 09:50:30,2012-08-06,train,809_9
809,2196,174,College Academic Building,40.77079184896987,-73.98592472076416,2012-08-06 10:14:02,2012-08-06,train,809_9
809,2196,174,College Academic Building,40.77079184896987,-73.98592472076416,2012-08-09 08:27:06,2012-08-06,train,809_9
809,2654,177,College Academic Building,40.77085290125466,-73.98486527831999,2012-08-09 09:52:59,2012-08-06,train,809_9
809,2196,174,College Academic Building,40.77079184896987,-73.98592472076416,2012-08-09 10:07:24,2012-08-06,train,809_9
809,2881,166,College Academic Building,40.77040183589408,-73.98463726043701,2012-08-09 11:33:07,2012-08-06,train,809_9
809,3242,134,Event Space,40.77056711201932,-73.98410197779206,2012-08-09 12:47:23,2012-08-06,train,809_9
809,2196,174,College Academic Building,40.77079184896987,-73.98592472076416,2012-08-09 13:01:47,2012-08-06,train,809_9
809,3011,6,Home (private),40.833165200622425,-73.94186034276925,2012-08-09 16:58:01,2012-08-06,train,809_9
809,2196,174,College Academic Building,40.77079184896987,-73.98592472076416,2012-08-10 07:52:41,2012-08-06,train,809_9
809,2196,174,College Academic Building,40.77079184896987,-73.98592472076416,2012-08-10 10:51:11,2012-08-06,train,809_9
809,2881,166,College Academic Building,40.77040183589408,-73.98463726043701,2012-08-10 11:18:48,2012-08-06,train,809_9
809,3011,6,Home (private),40.833165200622425,-73.94186034276925,2012-08-11 20:38:10,2012-08-06,train,809_9
809,3011,6,Home (private),40.833165200622425,-73.94186034276925,2012-08-12 17:13:48,2012-08-06,train,809_9
809,3011,6,Home (private),40.833165200622425,-73.94186034276925,2012-08-12 19:39:14,2012-08-06,train,809_9
814,568,208,Ramen /  Noodle House,40.729110403548944,-73.9842454555664,2012-08-09 20:42:07,2012-08-06,train,814_6
814,3461,52,Bar,40.7207366,-73.9887598,2012-08-12 00:59:44,2012-08-06,train,814_6
817,4419,257,Road,40.71610081917845,-73.82379973633995,2012-08-09 17:56:40,2012-08-06,train,817_5
817,3791,281,Residential Building (Apartment / Condo),40.65623629615141,-73.90769926198885,2012-08-09 20:54:30,2012-08-06,train,817_5
817,3791,281,Residential Building (Apartment / Condo),40.65623629615141,-73.90769926198885,2012-08-11 01:18:23,2012-08-06,train,817_5
817,2642,42,Food & Drink Shop,40.6497376836613,-73.88913649733915,2012-08-11 10:58:05,2012-08-06,train,817_5
817,3791,281,Residential Building (Apartment / Condo),40.65623629615141,-73.90769926198885,2012-08-11 15:52:35,2012-08-06,train,817_5
819,1478,181,Student Center,40.75303705108062,-73.99122982397773,2012-08-06 07:08:45,2012-08-06,train,819_13
819,4488,121,Park,40.65558767460618,-73.96226341271294,2012-08-09 06:53:42,2012-08-06,train,819_13
819,1478,181,Student Center,40.75303705108062,-73.99122982397773,2012-08-09 13:48:09,2012-08-06,train,819_13
819,4488,121,Park,40.65558767460618,-73.96226341271294,2012-08-11 08:47:50,2012-08-06,train,819_13
819,2232,264,Subway,40.65526229575358,-73.9615085721016,2012-08-11 19:19:05,2012-08-06,train,819_13
819,2232,264,Subway,40.65526229575358,-73.9615085721016,2012-08-12 09:34:44,2012-08-06,train,819_13
819,590,256,Furniture / Home Store,40.67168753532757,-74.01038646697998,2012-08-12 14:42:41,2012-08-06,train,819_13
819,3878,281,Residential Building (Apartment / Condo),40.65532415686796,-73.95964032259444,2012-08-12 20:34:00,2012-08-06,train,819_13
821,3701,301,Neighborhood,40.8242215167021,-73.89264478264728,2012-08-10 08:46:56,2012-08-06,train,821_4
821,4974,281,Residential Building (Apartment / Condo),40.824298396107686,-73.89270220086837,2012-08-10 08:47:05,2012-08-06,train,821_4
821,3701,301,Neighborhood,40.8242215167021,-73.89264478264728,2012-08-11 15:25:26,2012-08-06,train,821_4
824,4657,132,Fast Food Restaurant,40.818699932541634,-74.00139888511124,2012-08-10 05:07:50,2012-08-06,train,824_17
824,4264,6,Home (private),40.80204208379726,-74.00063278107605,2012-08-10 06:53:14,2012-08-06,train,824_17
824,2086,254,Department Store,40.81342911263693,-74.013542085886,2012-08-10 22:08:54,2012-08-06,train,824_17
824,2725,194,Mexican Restaurant,40.7694623998084,-74.0438138726682,2012-08-10 22:40:49,2012-08-06,train,824_17
824,1292,265,Mall,40.95634251626308,-74.06902771574032,2012-08-11 17:33:18,2012-08-06,train,824_17
824,2989,248,Toy / Game Store,40.95596395758597,-74.06836227404403,2012-08-11 17:43:04,2012-08-06,train,824_17
824,1127,254,Department Store,40.7926289275032,-74.04188632965088,2012-08-12 00:31:21,2012-08-06,train,824_17
825,4483,281,Residential Building (Apartment / Condo),40.79926711855176,-73.93221341022327,2012-08-10 10:05:14,2012-08-06,train,825_11
825,4483,281,Residential Building (Apartment / Condo),40.79926711855176,-73.93221341022327,2012-08-11 13:26:31,2012-08-06,train,825_11
826,3929,6,Home (private),40.66353831793504,-73.93010370763156,2012-08-09 05:53:33,2012-08-06,train,826_5
826,3551,138,Gym / Fitness Center,40.92609035622175,-73.85365392482477,2012-08-09 07:11:24,2012-08-06,train,826_5
826,3551,138,Gym / Fitness Center,40.92609035622175,-73.85365392482477,2012-08-10 07:27:09,2012-08-06,train,826_5
829,4740,61,Office,40.75683120568008,-73.98208379745483,2012-08-09 09:53:25,2012-08-06,train,829_10
829,1764,222,Coffee Shop,40.75610804485002,-73.98283362960619,2012-08-09 16:11:09,2012-08-06,train,829_10
829,142,102,American Restaurant,40.75828,-73.969253,2012-08-09 18:59:35,2012-08-06,train,829_10
832,543,220,BBQ Joint,40.74434084563527,-73.99042637629252,2012-08-09 23:41:37,2012-08-06,train,832_0
832,2836,6,Home (private),40.73928283947823,-73.90658830179062,2012-08-10 03:03:32,2012-08-06,train,832_0
832,844,47,Bar,40.75518276974093,-73.97856939310088,2012-08-10 21:44:48,2012-08-06,train,832_0
832,1103,41,Bar,40.749695355837886,-73.97648334503174,2012-08-10 22:19:46,2012-08-06,train,832_0
832,972,221,Bridge,40.75673368214285,-73.95445704460144,2012-08-10 22:25:08,2012-08-06,train,832_0
832,2024,37,Bar,40.767414583816894,-73.92131159812078,2012-08-11 00:13:36,2012-08-06,train,832_0
832,2836,6,Home (private),40.73928283947823,-73.90658830179062,2012-08-12 00:07:24,2012-08-06,train,832_0
832,2836,6,Home (private),40.73928283947823,-73.90658830179062,2012-08-12 23:47:54,2012-08-06,train,832_0
837,949,265,Mall,40.61001858166589,-73.92026424407959,2012-08-09 18:06:36,2012-08-06,train,837_7
837,1342,238,Music Venue,40.71427455929432,-73.95585772942792,2012-08-12 21:13:54,2012-08-06,train,837_7
838,1584,281,Residential Building (Apartment / Condo),40.70452181142012,-74.00918600081165,2012-08-12 03:12:40,2012-08-06,train,838_12
838,232,121,Park,40.73083612189599,-73.99764060974121,2012-08-12 16:20:11,2012-08-06,train,838_12
838,1584,281,Residential Building (Apartment / Condo),40.70452181142012,-74.00918600081165,2012-08-12 19:16:54,2012-08-06,train,838_12
838,274,37,Bar,40.70443641202592,-74.01012361049652,2012-08-12 19:26:45,2012-08-06,train,838_12
839,3292,9,Clothing Store,40.91588176059391,-74.07659408198776,2012-08-09 17:13:14,2012-08-06,train,839_13
839,1062,37,Bar,40.85408633699964,-74.1383358836174,2012-08-10 02:16:12,2012-08-06,train,839_13
839,4111,270,Parking,40.91864443026314,-74.07766103571305,2012-08-11 14:07:11,2012-08-06,train,839_13
841,357,70,Train Station,40.750794799423865,-73.99357639021292,2012-08-09 21:08:09,2012-08-06,train,841_14
841,1235,137,Gym / Fitness Center,40.738949,-73.989828,2012-08-11 09:31:08,2012-08-06,train,841_14
841,1516,222,Coffee Shop,40.74064691662654,-73.99104044018358,2012-08-12 09:33:31,2012-08-06,train,841_14
842,524,130,Burger Joint,40.58414368954832,-73.93951538728527,2012-08-10 21:38:53,2012-08-06,train,842_16
842,1947,52,Bar,40.583847884772446,-73.93279321562365,2012-08-10 21:49:29,2012-08-06,train,842_16
842,2826,2,Gym / Fitness Center,40.587728,-73.951596,2012-08-11 16:55:04,2012-08-06,train,842_16
842,1934,138,Gym / Fitness Center,40.58532514916689,-73.95202340155454,2012-08-11 16:58:24,2012-08-06,train,842_16
845,4375,6,Home (private),40.628964535118925,-73.96537147003376,2012-08-09 09:01:11,2012-08-06,train,845_16
845,1234,222,Coffee Shop,40.774642605894,-73.95421035537034,2012-08-09 13:55:27,2012-08-06,train,845_16
845,4795,300,Moving Target,40.63130312006654,-73.96078213464835,2012-08-09 14:25:12,2012-08-06,train,845_16
845,2236,222,Coffee Shop,40.632195,-73.94833087920928,2012-08-10 07:35:34,2012-08-06,train,845_16
845,4375,6,Home (private),40.628964535118925,-73.96537147003376,2012-08-10 10:22:44,2012-08-06,train,845_16
845,3390,222,Coffee Shop,40.64172917935286,-73.96334822511452,2012-08-11 09:54:20,2012-08-06,train,845_16
845,971,221,Bridge,40.705953265881305,-73.99656772613525,2012-08-12 18:11:49,2012-08-06,train,845_16
846,4538,246,Performing Arts Venue,40.823747348954086,-73.93987655639648,2012-08-09 15:21:40,2012-08-06,train,846_12
846,223,121,Park,40.72133752277011,-73.9521841234126,2012-08-11 10:55:17,2012-08-06,train,846_12
851,2520,222,Coffee Shop,40.946097781156325,-74.0714979171753,2012-08-09 10:58:55,2012-08-06,train,851_14
851,2520,222,Coffee Shop,40.946097781156325,-74.0714979171753,2012-08-10 04:35:33,2012-08-06,train,851_14
851,4895,39,Beer Garden,40.912369,-74.073662,2012-08-10 12:44:35,2012-08-06,train,851_14
851,4895,39,Beer Garden,40.912369,-74.073662,2012-08-10 16:44:16,2012-08-06,train,851_14
851,919,221,Bridge,40.85121557428245,-73.95206451416016,2012-08-12 11:52:24,2012-08-06,train,851_14
851,1663,266,Bus Station,40.84884583332301,-73.93841743469238,2012-08-12 12:00:32,2012-08-06,train,851_14
851,1675,301,Neighborhood,40.84894322160766,-73.9369797706604,2012-08-12 15:23:11,2012-08-06,train,851_14
851,919,221,Bridge,40.85121557428245,-73.95206451416016,2012-08-12 16:52:06,2012-08-06,train,851_14
859,1526,137,Gym / Fitness Center,40.78135679017438,-73.97971724534096,2012-08-06 08:17:22,2012-08-06,train,859_5
859,1526,137,Gym / Fitness Center,40.78135679017438,-73.97971724534096,2012-08-09 07:29:37,2012-08-06,train,859_5
859,41,42,Food & Drink Shop,40.780557679970805,-73.98171901702881,2012-08-09 18:57:35,2012-08-06,train,859_5
859,1526,137,Gym / Fitness Center,40.78135679017438,-73.97971724534096,2012-08-10 05:53:59,2012-08-06,train,859_5
859,1526,137,Gym / Fitness Center,40.78135679017438,-73.97971724534096,2012-08-11 07:29:45,2012-08-06,train,859_5
859,1526,137,Gym / Fitness Center,40.78135679017438,-73.97971724534096,2012-08-12 07:27:14,2012-08-06,train,859_5
860,624,122,Plaza,40.75875624280933,-73.97866122153226,2012-08-09 15:25:32,2012-08-06,train,860_12
860,864,42,Food & Drink Shop,40.65536200283102,-74.0088951587677,2012-08-09 18:54:53,2012-08-06,train,860_12
860,1036,197,Sandwich Place,40.76097907654608,-73.97887357461185,2012-08-10 12:09:16,2012-08-06,train,860_12
860,4884,201,Ice Cream Shop,40.682201,-73.995931,2012-08-11 21:07:37,2012-08-06,train,860_12
862,3460,80,Building,40.83785765748621,-73.9442626728523,2012-08-09 10:08:48,2012-08-06,train,862_4
862,4174,301,Neighborhood,40.70280811423397,-73.79749123667612,2012-08-12 18:53:35,2012-08-06,train,862_4
865,406,147,Movie Theater,40.73416736029532,-73.99048715829849,2012-08-11 20:19:40,2012-08-06,train,865_13
865,223,121,Park,40.72133752277011,-73.9521841234126,2012-08-12 15:58:09,2012-08-06,train,865_13
867,1327,222,Coffee Shop,40.74907894406079,-73.98399867372817,2012-08-09 11:56:03,2012-08-06,train,867_16
867,3106,13,Clothing Store,40.72343212477769,-74.00055530971083,2012-08-10 11:51:06,2012-08-06,train,867_16
867,1197,222,Coffee Shop,40.7270333463285,-73.99521257923753,2012-08-10 12:07:05,2012-08-06,train,867_16
867,1414,214,Bar,40.76171380095544,-73.99395004329756,2012-08-11 01:23:44,2012-08-06,train,867_16
867,439,58,Electronics Store,40.76392076968141,-73.9731227408518,2012-08-11 16:17:11,2012-08-06,train,867_16
867,4500,201,Ice Cream Shop,40.73647548003712,-73.99754824880391,2012-08-12 21:08:08,2012-08-06,train,867_16
871,1933,264,Subway,40.78577311803029,-73.9509916305542,2012-08-06 07:59:13,2012-08-06,train,871_15
871,1933,264,Subway,40.78577311803029,-73.9509916305542,2012-08-09 08:29:38,2012-08-06,train,871_15
871,179,121,Park,40.75372797263211,-73.98368835767094,2012-08-09 08:54:04,2012-08-06,train,871_15
871,799,96,Deli / Bodega,40.75271883902363,-73.98321568965912,2012-08-09 08:54:17,2012-08-06,train,871_15
871,1933,264,Subway,40.78577311803029,-73.9509916305542,2012-08-11 01:49:16,2012-08-06,train,871_15
871,2279,26,Drugstore / Pharmacy,40.786422988157305,-73.95072340965271,2012-08-11 01:55:04,2012-08-06,train,871_15
871,1933,264,Subway,40.78577311803029,-73.9509916305542,2012-08-11 17:28:06,2012-08-06,train,871_15
871,316,258,Food & Drink Shop,40.784586085549726,-73.97934993336972,2012-08-11 19:25:48,2012-08-06,train,871_15
871,2929,317,City,40.85085849545148,-73.97017478942871,2012-08-12 13:42:18,2012-08-06,train,871_15
871,807,42,Food & Drink Shop,40.8161477453172,-73.98043155670166,2012-08-12 15:34:11,2012-08-06,train,871_15
872,2138,131,Café,40.90546761666667,-74.064304,2012-08-06 08:41:39,2012-08-06,train,872_0
872,2138,131,Café,40.90546761666667,-74.064304,2012-08-12 14:52:16,2012-08-06,train,872_0
873,3256,274,Fried Chicken Joint,40.70398500916831,-74.09881353378296,2012-08-11 07:49:49,2012-08-06,train,873_5
873,2436,265,Mall,40.66044250548861,-74.17172989425136,2012-08-11 19:12:12,2012-08-06,train,873_5
873,1880,147,Movie Theater,40.65955724366916,-74.16913264044119,2012-08-11 19:27:30,2012-08-06,train,873_5
873,1127,254,Department Store,40.7926289275032,-74.04188632965088,2012-08-11 22:49:23,2012-08-06,train,873_5
879,1727,163,Medical Center,40.88375077190847,-74.05635523868078,2012-08-10 06:06:49,2012-08-06,train,879_10
879,3644,162,Medical Center,40.8293049965717,-74.10278432981012,2012-08-11 14:54:17,2012-08-06,train,879_10
883,2781,73,Bus Station,40.75622089216358,-73.99083383946767,2012-08-09 08:10:07,2012-08-06,train,883_14
883,2235,222,Coffee Shop,40.74320146992747,-73.88245278130321,2012-08-11 11:04:01,2012-08-06,train,883_14
884,3137,63,Office,40.7259,-74.005962,2012-08-06 08:31:16,2012-08-06,train,884_6
884,3137,63,Office,40.7259,-74.005962,2012-08-09 08:41:22,2012-08-06,train,884_6
884,3137,63,Office,40.7259,-74.005962,2012-08-10 08:50:00,2012-08-06,train,884_6
890,4329,121,Park,40.79026720890064,-73.79855398377602,2012-08-06 03:59:59,2012-08-06,train,890_18
890,4930,223,Harbor / Marina,40.79133224487305,-73.80516052246094,2012-08-06 04:00:22,2012-08-06,train,890_18
890,2837,83,Church,40.78522707750425,-73.80897434903926,2012-08-06 05:46:54,2012-08-06,train,890_18
890,3435,233,Other Great Outdoors,40.78761540286519,-73.79292423185066,2012-08-06 05:48:34,2012-08-06,train,890_18
890,4329,121,Park,40.79026720890064,-73.79855398377602,2012-08-09 15:28:05,2012-08-06,train,890_18
890,3435,233,Other Great Outdoors,40.78761540286519,-73.79292423185066,2012-08-10 05:08:10,2012-08-06,train,890_18
890,3435,233,Other Great Outdoors,40.78761540286519,-73.79292423185066,2012-08-10 19:46:50,2012-08-06,train,890_18
890,2241,301,Neighborhood,40.77943655102251,-73.80902767181396,2012-08-10 21:59:47,2012-08-06,train,890_18
890,4930,223,Harbor / Marina,40.79133224487305,-73.80516052246094,2012-08-10 22:00:43,2012-08-06,train,890_18
890,4329,121,Park,40.79026720890064,-73.79855398377602,2012-08-10 22:01:16,2012-08-06,train,890_18
890,4862,157,Stadium,40.77257128340061,-73.82798694626243,2012-08-10 22:03:53,2012-08-06,train,890_18
890,3520,301,Neighborhood,40.7914105296733,-73.8044786453247,2012-08-10 22:10:15,2012-08-06,train,890_18
890,3435,233,Other Great Outdoors,40.78761540286519,-73.79292423185066,2012-08-11 07:51:02,2012-08-06,train,890_18
890,4462,229,Beach,40.78686921596957,-73.80785995900341,2012-08-11 07:51:51,2012-08-06,train,890_18
890,4329,121,Park,40.79026720890064,-73.79855398377602,2012-08-11 08:35:18,2012-08-06,train,890_18
890,3613,37,Bar,40.81010860635189,-73.80350573593947,2012-08-11 14:22:26,2012-08-06,train,890_18
890,4329,121,Park,40.79026720890064,-73.79855398377602,2012-08-11 18:05:37,2012-08-06,train,890_18
890,2837,83,Church,40.78522707750425,-73.80897434903926,2012-08-12 08:21:38,2012-08-06,train,890_18
890,4930,223,Harbor / Marina,40.79133224487305,-73.80516052246094,2012-08-12 08:21:55,2012-08-06,train,890_18
890,3435,233,Other Great Outdoors,40.78761540286519,-73.79292423185066,2012-08-12 08:22:10,2012-08-06,train,890_18
890,3435,233,Other Great Outdoors,40.78761540286519,-73.79292423185066,2012-08-12 15:12:36,2012-08-06,train,890_18
890,4862,157,Stadium,40.77257128340061,-73.82798694626243,2012-08-12 15:12:55,2012-08-06,train,890_18
890,3435,233,Other Great Outdoors,40.78761540286519,-73.79292423185066,2012-08-12 21:04:44,2012-08-06,train,890_18
893,2313,61,Office,40.7903220753707,-74.04909610748291,2012-08-09 08:31:51,2012-08-06,train,893_15
893,2070,138,Gym / Fitness Center,40.666351,-74.117888,2012-08-09 20:12:57,2012-08-06,train,893_15
893,2313,61,Office,40.7903220753707,-74.04909610748291,2012-08-10 08:30:59,2012-08-06,train,893_15
893,2070,138,Gym / Fitness Center,40.666351,-74.117888,2012-08-10 18:05:08,2012-08-06,train,893_15
896,7,131,Café,40.736827,-73.986909,2012-08-09 17:39:58,2012-08-06,train,896_8
896,1954,42,Food & Drink Shop,40.75664218293871,-73.91412950145927,2012-08-11 15:22:51,2012-08-06,train,896_8
896,4770,37,Bar,40.735226248609976,-73.98281335830688,2012-08-11 20:07:56,2012-08-06,train,896_8
896,267,47,Bar,40.73676141841841,-73.9846242363757,2012-08-12 02:58:41,2012-08-06,train,896_8
900,3362,16,Clothing Store,40.761268375278135,-73.96862983703613,2012-08-06 08:47:24,2012-08-06,train,900_13
900,3362,16,Clothing Store,40.761268375278135,-73.96862983703613,2012-08-09 09:41:09,2012-08-06,train,900_13
900,3362,16,Clothing Store,40.761268375278135,-73.96862983703613,2012-08-11 15:52:53,2012-08-06,train,900_13
900,2444,98,Donut Shop,40.75913471693182,-73.97040222668178,2012-08-12 07:25:09,2012-08-06,train,900_13
900,3362,16,Clothing Store,40.761268375278135,-73.96862983703613,2012-08-12 07:25:43,2012-08-06,train,900_13
903,847,265,Mall,40.917335441802095,-74.0756607055664,2012-08-10 17:01:40,2012-08-06,train,903_13
903,1150,9,Clothing Store,40.76253281502538,-73.97431080143446,2012-08-11 15:13:37,2012-08-06,train,903_13
903,1000,9,Clothing Store,40.76297490010358,-73.97377967834471,2012-08-11 19:22:34,2012-08-06,train,903_13
903,482,254,Department Store,40.76232480057456,-73.9678144454956,2012-08-11 20:20:11,2012-08-06,train,903_13
903,1835,102,American Restaurant,40.915827729965045,-74.07631873811226,2012-08-12 17:31:31,2012-08-06,train,903_13
903,1835,102,American Restaurant,40.915827729965045,-74.07631873811226,2012-08-12 20:35:06,2012-08-06,train,903_13
903,1114,138,Gym / Fitness Center,40.80841734079853,-73.9451551437378,2012-08-12 23:37:35,2012-08-06,train,903_13
906,349,70,Train Station,40.75280620914171,-73.97717535495758,2012-08-11 17:25:49,2012-08-06,train,906_8
906,164,97,Diner,40.752188,-73.993585,2012-08-12 10:33:57,2012-08-06,train,906_8
907,3294,61,Office,40.75010293240894,-73.91019674628517,2012-08-06 09:14:35,2012-08-06,train,907_15
907,3294,61,Office,40.75010293240894,-73.91019674628517,2012-08-09 09:02:57,2012-08-06,train,907_15
907,3943,6,Home (private),40.76071686239771,-73.91834636014222,2012-08-10 00:03:20,2012-08-06,train,907_15
907,3943,6,Home (private),40.76071686239771,-73.91834636014222,2012-08-10 18:38:22,2012-08-06,train,907_15
908,4736,6,Home (private),40.77728739385495,-73.96537147003376,2012-08-09 08:10:53,2012-08-06,train,908_6
908,482,254,Department Store,40.76232480057456,-73.9678144454956,2012-08-12 20:11:07,2012-08-06,train,908_6
908,4736,6,Home (private),40.77728739385495,-73.96537147003376,2012-08-12 22:45:58,2012-08-06,train,908_6
908,5030,6,Home (private),40.775615852364126,-73.95361626406626,2012-08-12 22:48:18,2012-08-06,train,908_6
913,227,58,Electronics Store,40.72501469240076,-73.99909973144531,2012-08-09 20:17:30,2012-08-06,train,913_11
913,716,137,Gym / Fitness Center,40.69261,-73.991499,2012-08-10 07:19:07,2012-08-06,train,913_11
913,224,39,Beer Garden,40.721128035611365,-73.99304866790771,2012-08-10 19:31:49,2012-08-06,train,913_11
915,1676,42,Food & Drink Shop,40.69324948083404,-73.99137903532021,2012-08-10 18:36:05,2012-08-06,train,915_12
915,3281,202,Pizza Place,40.689494,-73.99246394634247,2012-08-10 19:40:18,2012-08-06,train,915_12
922,312,146,Movie Theater,40.723202,-73.9899354,2012-08-09 21:08:11,2012-08-06,train,922_15
922,84,47,Bar,40.728602348741525,-73.98996152288103,2012-08-10 22:45:13,2012-08-06,train,922_15
922,536,146,Movie Theater,40.73850832201872,-73.98997896387137,2012-08-11 21:20:29,2012-08-06,train,922_15
923,356,259,Hotel,40.75671463992893,-73.97383443019756,2012-08-06 08:37:49,2012-08-06,train,923_17
923,4623,6,Home (private),40.78549052086682,-73.95361626406626,2012-08-10 09:37:56,2012-08-06,train,923_17
923,3318,7,Clothing Store,40.77843896961532,-73.95451457533076,2012-08-10 15:10:44,2012-08-06,train,923_17
923,632,220,BBQ Joint,40.75047969122117,-73.99461574510211,2012-08-11 12:38:02,2012-08-06,train,923_17
923,2126,47,Bar,40.75533,-73.968463,2012-08-12 00:00:18,2012-08-06,train,923_17
924,559,48,Bar,40.76066701799484,-73.99494767189026,2012-08-09 18:58:54,2012-08-06,train,924_4
924,293,131,Café,40.71812832887278,-73.9903115977771,2012-08-10 10:41:29,2012-08-06,train,924_4
924,1583,242,Spa / Massage,40.724398990537104,-73.99753103267047,2012-08-11 09:15:07,2012-08-06,train,924_4
924,459,252,Food & Drink Shop,40.72413519041223,-73.99778927450977,2012-08-11 10:37:01,2012-08-06,train,924_4
927,991,138,Gym / Fitness Center,40.809865807665965,-73.95154697526134,2012-08-10 19:11:43,2012-08-06,train,927_2
927,991,138,Gym / Fitness Center,40.809865807665965,-73.95154697526134,2012-08-11 11:44:11,2012-08-06,train,927_2
927,938,102,American Restaurant,40.82013,-73.959088,2012-08-11 13:55:49,2012-08-06,train,927_2
927,3920,277,Food,40.80474202386944,-73.95543871227191,2012-08-12 17:50:20,2012-08-06,train,927_2
929,1514,264,Subway,40.73977358599364,-74.00257587432861,2012-08-06 10:09:20,2012-08-06,train,929_4
929,3189,264,Subway,40.67396595585016,-73.88071775436401,2012-08-09 09:01:49,2012-08-06,train,929_4
929,735,122,Plaza,40.74982540095488,-73.98796319961548,2012-08-09 10:03:55,2012-08-06,train,929_4
929,1514,264,Subway,40.73977358599364,-74.00257587432861,2012-08-09 11:58:47,2012-08-06,train,929_4
929,3189,264,Subway,40.67396595585016,-73.88071775436401,2012-08-10 08:34:36,2012-08-06,train,929_4
929,1514,264,Subway,40.73977358599364,-74.00257587432861,2012-08-10 10:04:59,2012-08-06,train,929_4
929,3189,264,Subway,40.67396595585016,-73.88071775436401,2012-08-11 16:24:07,2012-08-06,train,929_4
929,3189,264,Subway,40.67396595585016,-73.88071775436401,2012-08-12 13:17:30,2012-08-06,train,929_4
929,1247,35,Bookstore,40.733361748251546,-73.99101174565301,2012-08-12 14:57:03,2012-08-06,train,929_4
933,5001,281,Residential Building (Apartment / Condo),40.762458,-73.96319,2012-08-09 06:44:12,2012-08-06,train,933_2
933,691,37,Bar,40.77138107266706,-73.95646042374283,2012-08-09 23:03:10,2012-08-06,train,933_2
933,357,70,Train Station,40.750794799423865,-73.99357639021292,2012-08-11 16:57:45,2012-08-06,train,933_2
933,4731,281,Residential Building (Apartment / Condo),40.76698912383244,-73.95874857902527,2012-08-11 21:28:23,2012-08-06,train,933_2
933,2787,37,Bar,40.729395470403695,-73.98717237876596,2012-08-12 17:59:51,2012-08-06,train,933_2
934,3054,122,Plaza,40.72655953478189,-74.032541513443,2012-08-10 21:42:20,2012-08-06,train,934_5
934,3550,92,Asian Restaurant,40.72678719273266,-74.03197288513182,2012-08-10 21:42:34,2012-08-06,train,934_5
934,3550,92,Asian Restaurant,40.72678719273266,-74.03197288513182,2012-08-12 00:29:07,2012-08-06,train,934_5
939,1382,130,Burger Joint,40.76699952583576,-73.96272833306081,2012-08-09 06:44:04,2012-08-06,train,939_13
939,3069,6,Home (private),40.76741095844762,-73.96537147003376,2012-08-10 01:38:46,2012-08-06,train,939_13
939,2869,301,Neighborhood,40.77352187640244,-73.95678520202637,2012-08-10 01:38:56,2012-08-06,train,939_13
940,4989,128,Bakery,40.80323038208842,-73.9670617959612,2012-08-09 12:49:10,2012-08-06,train,940_14
940,1639,121,Park,40.801866941926,-73.9679284768499,2012-08-09 13:00:58,2012-08-06,train,940_14
940,325,37,Bar,40.802321434021,-73.967963,2012-08-09 13:29:03,2012-08-06,train,940_14
940,325,37,Bar,40.802321434021,-73.967963,2012-08-10 01:08:35,2012-08-06,train,940_14
940,4989,128,Bakery,40.80323038208842,-73.9670617959612,2012-08-10 12:21:26,2012-08-06,train,940_14
940,1425,19,Bank,40.80383638197959,-73.96740617294,2012-08-10 16:25:34,2012-08-06,train,940_14
940,1677,19,Bank,40.80492716921595,-73.96622954905502,2012-08-10 16:31:45,2012-08-06,train,940_14
940,1165,42,Food & Drink Shop,40.8042821460675,-73.96649931223897,2012-08-11 01:37:03,2012-08-06,train,940_14
940,4989,128,Bakery,40.80323038208842,-73.9670617959612,2012-08-11 11:30:06,2012-08-06,train,940_14
940,325,37,Bar,40.802321434021,-73.967963,2012-08-12 00:37:53,2012-08-06,train,940_14
940,4989,128,Bakery,40.80323038208842,-73.9670617959612,2012-08-12 13:59:48,2012-08-06,train,940_14
940,2800,96,Deli / Bodega,40.80276513058523,-73.96798610687256,2012-08-12 14:00:25,2012-08-06,train,940_14
941,2229,209,Sushi Restaurant,40.61178463885875,-74.1586801900948,2012-08-10 00:56:22,2012-08-06,train,941_9
941,2229,209,Sushi Restaurant,40.61178463885875,-74.1586801900948,2012-08-11 11:59:06,2012-08-06,train,941_9
943,361,137,Gym / Fitness Center,40.75231,-73.975419,2012-08-06 05:46:12,2012-08-06,train,943_8
943,361,137,Gym / Fitness Center,40.75231,-73.975419,2012-08-10 05:37:28,2012-08-06,train,943_8
943,2268,208,Ramen /  Noodle House,40.754391,-73.973077,2012-08-10 18:39:09,2012-08-06,train,943_8
944,4140,62,Automotive Shop,40.907567521272114,-74.16476366797684,2012-08-12 10:12:03,2012-08-06,train,944_3
944,1069,70,Train Station,40.76147966168067,-74.07551050186157,2012-08-12 16:14:13,2012-08-06,train,944_3
946,606,102,American Restaurant,40.72360525093282,-73.9516560368056,2012-08-12 10:14:03,2012-08-06,train,946_12
946,204,37,Bar,40.719119,-73.958428,2012-08-12 13:49:19,2012-08-06,train,946_12
948,357,70,Train Station,40.750794799423865,-73.99357639021292,2012-08-09 10:04:40,2012-08-06,train,948_8
948,205,214,Bar,40.73395479525328,-74.0001765603631,2012-08-09 18:03:53,2012-08-06,train,948_8
948,198,214,Bar,40.73353038489922,-74.00329835080741,2012-08-09 20:22:18,2012-08-06,train,948_8
948,1874,264,Subway,40.73158408988183,-74.00021553039551,2012-08-09 20:53:57,2012-08-06,train,948_8
948,2208,264,Subway,40.70681537653545,-73.95348072052002,2012-08-09 21:19:02,2012-08-06,train,948_8
948,1716,264,Subway,40.70025980212481,-73.94114255905151,2012-08-09 21:21:38,2012-08-06,train,948_8
948,2098,264,Subway,40.69783672870847,-73.92736598127738,2012-08-09 21:26:11,2012-08-06,train,948_8
948,3828,278,Professional & Other Places,40.70185402103404,-73.92723798751831,2012-08-09 21:46:36,2012-08-06,train,948_8
948,205,214,Bar,40.73395479525328,-74.0001765603631,2012-08-10 18:09:40,2012-08-06,train,948_8
948,1874,264,Subway,40.73158408988183,-74.00021553039551,2012-08-10 21:44:42,2012-08-06,train,948_8
948,3780,266,Bus Station,40.710227350656005,-73.96090882358207,2012-08-10 22:02:14,2012-08-06,train,948_8
948,1400,264,Subway,40.708411471755454,-73.95790636539459,2012-08-10 22:02:48,2012-08-06,train,948_8
948,1113,71,Train Station,40.70386504122757,-73.94740149378777,2012-08-10 22:06:00,2012-08-06,train,948_8
948,1030,264,Subway,40.69716886084869,-73.93569231033325,2012-08-10 22:08:41,2012-08-06,train,948_8
948,3828,278,Professional & Other Places,40.70185402103404,-73.92723798751831,2012-08-10 22:29:04,2012-08-06,train,948_8
948,3360,71,Train Station,40.73977053760343,-74.00258123874664,2012-08-11 11:02:28,2012-08-06,train,948_8
948,1594,264,Subway,40.73822396962131,-73.99621367454529,2012-08-11 11:02:44,2012-08-06,train,948_8
948,198,214,Bar,40.73353038489922,-74.00329835080741,2012-08-11 18:35:38,2012-08-06,train,948_8
948,3802,301,Neighborhood,40.73328158904387,-74.00329261226874,2012-08-11 18:36:13,2012-08-06,train,948_8
948,1818,264,Subway,40.737824111931104,-74.00020077824593,2012-08-11 20:07:33,2012-08-06,train,948_8
948,2689,301,Neighborhood,40.71424858464975,-73.95375967025757,2012-08-12 12:25:40,2012-08-06,train,948_8
948,764,221,Bridge,40.713565479798646,-73.97236347198486,2012-08-12 12:28:18,2012-08-06,train,948_8
948,350,183,University,40.72898242586681,-73.9958381652832,2012-08-12 13:07:11,2012-08-06,train,948_8
948,764,221,Bridge,40.713565479798646,-73.97236347198486,2012-08-12 16:44:06,2012-08-06,train,948_8
948,3828,278,Professional & Other Places,40.70185402103404,-73.92723798751831,2012-08-12 17:57:57,2012-08-06,train,948_8
953,2943,52,Bar,40.74099801143199,-74.008229970932,2012-08-10 13:21:44,2012-08-06,train,953_9
953,48,232,Music Venue,40.73169799836348,-73.98922693741638,2012-08-11 00:38:24,2012-08-06,train,953_9
953,135,159,Art Museum,40.745617059012616,-73.94767812067376,2012-08-11 18:35:32,2012-08-06,train,953_9
954,3274,6,Home (private),40.81827071326029,-73.90658830179062,2012-08-09 14:48:05,2012-08-06,train,954_18
954,4890,96,Deli / Bodega,40.82161194372715,-73.91215452192912,2012-08-09 14:49:03,2012-08-06,train,954_18
954,1522,264,Subway,40.71037756449118,-74.00755405426025,2012-08-09 17:49:11,2012-08-06,train,954_18
954,1274,61,Office,40.70986496772808,-74.01053451111994,2012-08-09 20:12:51,2012-08-06,train,954_18
954,1274,61,Office,40.70986496772808,-74.01053451111994,2012-08-10 06:39:31,2012-08-06,train,954_18
954,1241,222,Coffee Shop,40.70964742200671,-74.01051729615469,2012-08-10 06:39:44,2012-08-06,train,954_18
954,4776,253,General Travel,40.80435689364969,-73.93747329711914,2012-08-10 08:37:49,2012-08-06,train,954_18
954,2384,26,Drugstore / Pharmacy,40.804510118099934,-73.93754640640921,2012-08-10 08:38:28,2012-08-06,train,954_18
954,4890,96,Deli / Bodega,40.82161194372715,-73.91215452192912,2012-08-10 10:11:51,2012-08-06,train,954_18
954,1241,222,Coffee Shop,40.70964742200671,-74.01051729615469,2012-08-11 07:25:15,2012-08-06,train,954_18
954,1522,264,Subway,40.71037756449118,-74.00755405426025,2012-08-11 07:25:34,2012-08-06,train,954_18
954,4890,96,Deli / Bodega,40.82161194372715,-73.91215452192912,2012-08-12 22:00:35,2012-08-06,train,954_18
954,2753,264,Subway,40.816188,-73.917947,2012-08-12 22:00:55,2012-08-06,train,954_18
954,1522,264,Subway,40.71037756449118,-74.00755405426025,2012-08-12 23:03:50,2012-08-06,train,954_18
954,1241,222,Coffee Shop,40.70964742200671,-74.01051729615469,2012-08-12 23:04:22,2012-08-06,train,954_18
957,4747,55,Bar,40.718690227529656,-73.98931302179598,2012-08-09 19:31:51,2012-08-06,train,957_15
957,64,194,Mexican Restaurant,40.72167044027728,-73.99737034868367,2012-08-09 21:37:04,2012-08-06,train,957_15
957,4399,27,Italian Restaurant,40.736013,-74.001056,2012-08-10 20:08:57,2012-08-06,train,957_15
957,227,58,Electronics Store,40.72501469240076,-73.99909973144531,2012-08-12 16:41:46,2012-08-06,train,957_15
959,4104,96,Deli / Bodega,40.79437893161566,-73.94883189698274,2012-08-10 09:32:16,2012-08-06,train,959_9
959,4104,96,Deli / Bodega,40.79437893161566,-73.94883189698274,2012-08-12 10:30:50,2012-08-06,train,959_9
960,3417,63,Office,40.74226610630077,-73.98446559906006,2012-08-06 09:03:53,2012-08-06,train,960_12
960,3417,63,Office,40.74226610630077,-73.98446559906006,2012-08-09 08:58:51,2012-08-06,train,960_12
963,640,137,Gym / Fitness Center,40.72424,-73.997779,2012-08-09 20:05:07,2012-08-06,train,963_12
963,1169,4,Gym / Fitness Center,40.72125203810384,-73.9891728758812,2012-08-10 06:25:14,2012-08-06,train,963_12
963,4616,198,Scandinavian Restaurant,40.727291289709385,-73.99377822875977,2012-08-11 13:16:19,2012-08-06,train,963_12
963,406,147,Movie Theater,40.73416736029532,-73.99048715829849,2012-08-11 18:15:14,2012-08-06,train,963_12
966,4922,6,Home (private),40.82621863682395,-73.82426211435131,2012-08-09 23:01:53,2012-08-06,train,966_4
966,3824,301,Neighborhood,40.82296794249877,-73.8196063041687,2012-08-11 19:46:03,2012-08-06,train,966_4
966,4922,6,Home (private),40.82621863682395,-73.82426211435131,2012-08-12 19:28:59,2012-08-06,train,966_4
967,2036,138,Gym / Fitness Center,40.690578409472,-73.98411345601794,2012-08-09 20:51:49,2012-08-06,train,967_5
967,3882,55,Bar,40.74079314994195,-74.00532404420811,2012-08-12 02:01:42,2012-08-06,train,967_5
971,1681,222,Coffee Shop,40.755404,-73.979639,2012-08-06 09:20:00,2012-08-06,train,971_13
971,4238,222,Coffee Shop,40.75557768724385,-73.97818048527262,2012-08-09 13:30:32,2012-08-06,train,971_13
971,3861,61,Office,40.75615113,-73.978965,2012-08-09 18:28:37,2012-08-06,train,971_13
971,1634,222,Coffee Shop,40.75389731001637,-73.97855401039124,2012-08-10 09:15:32,2012-08-06,train,971_13
971,961,31,Bar,40.75353217770949,-73.98182353637398,2012-08-10 10:42:44,2012-08-06,train,971_13
971,3861,61,Office,40.75615113,-73.978965,2012-08-10 14:23:39,2012-08-06,train,971_13
971,835,137,Gym / Fitness Center,40.754263,-73.980316,2012-08-10 14:37:20,2012-08-06,train,971_13
971,1235,137,Gym / Fitness Center,40.738949,-73.989828,2012-08-11 10:39:11,2012-08-06,train,971_13
971,4030,28,Salon / Barbershop,40.73977169748964,-73.98540475205147,2012-08-12 14:48:27,2012-08-06,train,971_13
971,32,37,Bar,40.752294,-74.008758,2012-08-12 17:26:18,2012-08-06,train,971_13
971,3773,39,Beer Garden,40.74203392888001,-73.98993663489819,2012-08-12 19:58:05,2012-08-06,train,971_13
971,285,47,Bar,40.740015,-73.982205,2012-08-12 20:32:40,2012-08-06,train,971_13
972,4642,138,Gym / Fitness Center,40.759248360466025,-73.99605617816322,2012-08-09 06:03:49,2012-08-06,train,972_16
972,478,146,Movie Theater,40.75699374459088,-73.98907899856567,2012-08-09 19:13:28,2012-08-06,train,972_16
972,625,122,Plaza,40.756489872673846,-73.98626804351807,2012-08-10 22:04:36,2012-08-06,train,972_16
972,2236,222,Coffee Shop,40.632195,-73.94833087920928,2012-08-11 18:58:59,2012-08-06,train,972_16
973,3600,6,Home (private),40.72384335809647,-73.73013313667236,2012-08-11 01:15:05,2012-08-06,train,973_16
973,4396,6,Home (private),40.7320206818302,-73.7183639073073,2012-08-11 21:14:29,2012-08-06,train,973_16
973,4941,213,Bar,40.733212,-73.712695,2012-08-11 21:15:45,2012-08-06,train,973_16
980,1571,264,Subway,40.86046649134126,-73.9255428314209,2012-08-09 11:45:06,2012-08-06,train,980_15
980,2524,123,Scenic Lookout,40.76157928306316,-73.99062149961112,2012-08-10 14:33:23,2012-08-06,train,980_15
980,368,227,Beach,40.56708944867224,-73.8654613494873,2012-08-11 13:05:01,2012-08-06,train,980_15
980,368,227,Beach,40.56708944867224,-73.8654613494873,2012-08-12 09:29:50,2012-08-06,train,980_15
980,2397,6,Home (private),40.86107855194721,-73.93010370763155,2012-08-12 09:45:10,2012-08-06,train,980_15
980,368,227,Beach,40.56708944867224,-73.8654613494873,2012-08-12 12:41:06,2012-08-06,train,980_15
982,4589,301,Neighborhood,40.70376661803655,-73.71352211850193,2012-08-06 05:39:41,2012-08-06,train,982_16
982,4791,139,Medical Center,40.77846185063751,-73.96112693603378,2012-08-09 08:45:51,2012-08-06,train,982_16
982,776,217,Soup Place,40.774626,-73.959236,2012-08-09 10:56:09,2012-08-06,train,982_16
982,4791,139,Medical Center,40.77846185063751,-73.96112693603378,2012-08-09 18:09:31,2012-08-06,train,982_16
982,744,128,Bakery,40.779786,-73.95963,2012-08-10 12:37:27,2012-08-06,train,982_16
982,4589,301,Neighborhood,40.70376661803655,-73.71352211850193,2012-08-12 00:24:01,2012-08-06,train,982_16
982,1966,146,Movie Theater,40.74097362475528,-73.7843406200409,2012-08-12 19:20:47,2012-08-06,train,982_16
991,159,17,Eastern European Restaurant,40.729136234409154,-73.9869715129134,2012-08-11 14:46:26,2012-08-06,train,991_13
991,719,222,Coffee Shop,40.73001497344702,-73.99150371551514,2012-08-11 19:46:59,2012-08-06,train,991_13
991,581,202,Pizza Place,40.731844250688674,-73.98386478424072,2012-08-11 20:53:19,2012-08-06,train,991_13
991,718,208,Ramen /  Noodle House,40.72931975,-73.98924,2012-08-12 19:20:44,2012-08-06,train,991_13
992,3704,163,Medical Center,40.77741106138083,-73.70148179723154,2012-08-10 01:08:44,2012-08-06,train,992_2
992,1620,163,Medical Center,40.77696675093165,-73.70148181915283,2012-08-11 02:19:44,2012-08-06,train,992_2
992,1620,163,Medical Center,40.77696675093165,-73.70148181915283,2012-08-12 01:23:00,2012-08-06,train,992_2
995,4502,6,Home (private),40.66624695097502,-73.74190167904314,2012-08-12 12:11:55,2012-08-06,train,995_11
995,972,221,Bridge,40.75673368214285,-73.95445704460144,2012-08-12 17:24:10,2012-08-06,train,995_11
996,4821,202,Pizza Place,40.72388895797761,-73.9504850570081,2012-08-09 14:33:08,2012-08-06,train,996_16
996,3547,264,Subway,40.70024353438826,-73.9411211013794,2012-08-10 22:03:24,2012-08-06,train,996_16
996,3855,255,Flea Market,40.720599497806894,-73.96312594413757,2012-08-11 14:58:48,2012-08-06,train,996_16
996,368,227,Beach,40.56708944867224,-73.8654613494873,2012-08-12 12:14:48,2012-08-06,train,996_16
1000,4596,99,Thai Restaurant,40.76275282248875,-73.9894392788162,2012-08-11 01:49:05,2012-08-06,train,1000_7
1000,976,191,Latin American Restaurant,40.764217,-73.988321,2012-08-11 01:49:45,2012-08-06,train,1000_7
1000,900,33,Korean Restaurant,40.762844,-73.987543,2012-08-12 01:08:48,2012-08-06,train,1000_7
1003,726,70,Train Station,40.805144639820114,-73.93914699554443,2012-08-10 10:46:03,2012-08-06,train,1003_11
1003,14,47,Bar,40.785953,-73.976422,2012-08-12 23:21:28,2012-08-06,train,1003_11
1004,817,138,Gym / Fitness Center,40.7292388125015,-74.00527239790054,2012-08-06 07:53:06,2012-08-06,train,1004_12
1004,1872,98,Donut Shop,40.72935205409404,-74.00692507282733,2012-08-09 08:46:40,2012-08-06,train,1004_12
1004,1757,61,Office,40.72852752666652,-74.00748169970981,2012-08-09 08:55:23,2012-08-06,train,1004_12
1004,1757,61,Office,40.72852752666652,-74.00748169970981,2012-08-10 10:18:18,2012-08-06,train,1004_12
1004,2631,264,Subway,40.68331766179663,-73.87325942806751,2012-08-10 22:38:36,2012-08-06,train,1004_12
1007,3991,281,Residential Building (Apartment / Condo),40.80095258965738,-73.95901467876513,2012-08-09 19:53:52,2012-08-06,train,1007_10
1007,1685,42,Food & Drink Shop,40.79515543869133,-73.93099638731043,2012-08-10 14:49:47,2012-08-06,train,1007_10
1007,3000,254,Department Store,40.79535805750898,-73.93105745315552,2012-08-10 14:50:06,2012-08-06,train,1007_10
1007,3991,281,Residential Building (Apartment / Condo),40.80095258965738,-73.95901467876513,2012-08-11 07:31:37,2012-08-06,train,1007_10
1009,3741,266,Bus Station,40.85425383836847,-73.96673463726128,2012-08-06 09:12:42,2012-08-06,train,1009_10
1009,1296,132,Fast Food Restaurant,40.85577270695202,-73.9667805543053,2012-08-09 08:42:01,2012-08-06,train,1009_10
1009,1264,26,Drugstore / Pharmacy,40.77943748615269,-73.97724361523622,2012-08-09 13:31:40,2012-08-06,train,1009_10
1009,2200,47,Bar,40.88591811661693,-74.01265767828109,2012-08-09 20:08:50,2012-08-06,train,1009_10
1009,4343,195,Molecular Gastronomy Restaurant,40.868112,-73.96659,2012-08-10 01:16:05,2012-08-06,train,1009_10
1009,1296,132,Fast Food Restaurant,40.85577270695202,-73.9667805543053,2012-08-10 08:52:48,2012-08-06,train,1009_10
1009,3672,121,Park,40.78004672041925,-73.97284150804626,2012-08-10 09:40:13,2012-08-06,train,1009_10
1009,1264,26,Drugstore / Pharmacy,40.77943748615269,-73.97724361523622,2012-08-10 09:43:24,2012-08-06,train,1009_10
1009,1212,197,Sandwich Place,40.778906,-73.97777,2012-08-10 16:12:36,2012-08-06,train,1009_10
1009,3832,266,Bus Station,40.84853929878217,-73.93785065257472,2012-08-10 18:41:00,2012-08-06,train,1009_10
1009,4237,6,Home (private),40.81024606751669,-73.98887973002674,2012-08-10 19:28:43,2012-08-06,train,1009_10
1009,4343,195,Molecular Gastronomy Restaurant,40.868112,-73.96659,2012-08-11 10:01:01,2012-08-06,train,1009_10
1009,4343,195,Molecular Gastronomy Restaurant,40.868112,-73.96659,2012-08-11 11:16:27,2012-08-06,train,1009_10
1009,5088,120,Other Great Outdoors,40.78782018739577,-73.79104614257812,2012-08-11 13:40:41,2012-08-06,train,1009_10
1009,4237,6,Home (private),40.81024606751669,-73.98887973002674,2012-08-11 19:56:13,2012-08-06,train,1009_10
1014,3441,100,Vietnamese Restaurant,40.72979057247075,-74.00069303656065,2012-08-09 14:16:41,2012-08-06,train,1014_10
1014,3057,37,Bar,40.730887,-74.001079,2012-08-09 23:50:29,2012-08-06,train,1014_10
1014,15,37,Bar,40.73233045525843,-74.0016399059716,2012-08-10 00:42:11,2012-08-06,train,1014_10
1014,420,194,Mexican Restaurant,40.73808374026024,-73.99064004421234,2012-08-10 15:52:30,2012-08-06,train,1014_10
1014,3441,100,Vietnamese Restaurant,40.72979057247075,-74.00069303656065,2012-08-11 23:47:15,2012-08-06,train,1014_10
1015,2311,162,Medical Center,40.743302512037154,-73.9738467335701,2012-08-06 09:47:05,2012-08-06,train,1015_5
1015,929,163,Medical Center,40.741933755026,-73.97469534121134,2012-08-06 09:48:25,2012-08-06,train,1015_5
1015,4965,8,Medical Center,40.74733337781301,-73.97501674700247,2012-08-06 09:49:30,2012-08-06,train,1015_5
1015,4965,8,Medical Center,40.74733337781301,-73.97501674700247,2012-08-09 14:47:38,2012-08-06,train,1015_5
1018,159,17,Eastern European Restaurant,40.729136234409154,-73.9869715129134,2012-08-11 22:31:21,2012-08-06,train,1018_7
1018,608,238,Music Venue,40.673615,-73.99171,2012-08-12 00:27:10,2012-08-06,train,1018_7
1019,4945,6,Home (private),40.72966216538398,-74.04763775758458,2012-08-06 07:52:29,2012-08-06,train,1019_18
1019,2749,61,Office,40.91085000393453,-74.03146676029525,2012-08-06 09:06:54,2012-08-06,train,1019_18
1019,3126,257,Road,40.7348101794944,-74.05918926597961,2012-08-09 08:10:36,2012-08-06,train,1019_18
1019,2749,61,Office,40.91085000393453,-74.03146676029525,2012-08-09 08:56:16,2012-08-06,train,1019_18
1019,2749,61,Office,40.91085000393453,-74.03146676029525,2012-08-09 17:39:07,2012-08-06,train,1019_18
1019,3147,257,Road,40.7395,-74.06545,2012-08-09 18:37:27,2012-08-06,train,1019_18
1019,4945,6,Home (private),40.72966216538398,-74.04763775758458,2012-08-10 00:36:24,2012-08-06,train,1019_18
1019,2749,61,Office,40.91085000393453,-74.03146676029525,2012-08-10 08:38:41,2012-08-06,train,1019_18
1019,743,265,Mall,40.72696606629052,-74.0383243560791,2012-08-10 19:31:12,2012-08-06,train,1019_18
1019,743,265,Mall,40.72696606629052,-74.0383243560791,2012-08-11 03:35:45,2012-08-06,train,1019_18
1019,4945,6,Home (private),40.72966216538398,-74.04763775758458,2012-08-11 04:09:19,2012-08-06,train,1019_18
1019,492,37,Bar,40.722839538401246,-74.04749719603645,2012-08-12 22:00:18,2012-08-06,train,1019_18
1023,3725,107,Cuban Restaurant,40.738732593932525,-74.00015360583309,2012-08-09 05:15:00,2012-08-06,train,1023_12
1023,129,37,Bar,40.75856600358517,-73.9889859009481,2012-08-11 01:28:03,2012-08-06,train,1023_12
1023,334,47,Bar,40.73960930329618,-74.00215063964924,2012-08-12 02:36:44,2012-08-06,train,1023_12
1023,4064,290,Filipino Restaurant,40.72687935074888,-73.98571466180762,2012-08-12 20:04:43,2012-08-06,train,1023_12
1027,3197,6,Home (private),40.86107855194721,-73.93010370763155,2012-08-09 05:10:37,2012-08-06,train,1027_18
1027,1728,264,Subway,40.85895411971588,-73.93261525573462,2012-08-09 08:09:51,2012-08-06,train,1027_18
1027,4739,61,Office,40.7533563254318,-73.9873330712967,2012-08-09 11:02:10,2012-08-06,train,1027_18
1027,3871,61,Office,40.70593002166237,-74.01464884334328,2012-08-09 17:31:30,2012-08-06,train,1027_18
1027,2272,264,Subway,40.7076499004761,-74.01398787772996,2012-08-09 17:57:19,2012-08-06,train,1027_18
1027,1600,264,Subway,40.81554068461798,-73.95842347218186,2012-08-09 18:31:48,2012-08-06,train,1027_18
1027,1728,264,Subway,40.85895411971588,-73.93261525573462,2012-08-09 18:44:02,2012-08-06,train,1027_18
1027,3197,6,Home (private),40.86107855194721,-73.93010370763155,2012-08-10 05:03:36,2012-08-06,train,1027_18
1027,3197,6,Home (private),40.86107855194721,-73.93010370763155,2012-08-10 05:03:37,2012-08-06,train,1027_18
1027,2029,138,Gym / Fitness Center,40.86453987872689,-73.92629470350731,2012-08-10 05:26:48,2012-08-06,train,1027_18
1027,4739,61,Office,40.7533563254318,-73.9873330712967,2012-08-10 09:01:26,2012-08-06,train,1027_18
1027,3725,107,Cuban Restaurant,40.738732593932525,-74.00015360583309,2012-08-10 21:30:55,2012-08-06,train,1027_18
1027,1762,264,Subway,40.79467578552487,-73.97176265716553,2012-08-11 00:02:56,2012-08-06,train,1027_18
1027,3197,6,Home (private),40.86107855194721,-73.93010370763155,2012-08-11 00:42:54,2012-08-06,train,1027_18
1027,3197,6,Home (private),40.86107855194721,-73.93010370763155,2012-08-11 06:55:09,2012-08-06,train,1027_18
1027,3554,138,Gym / Fitness Center,40.74154328216123,-73.99576924016976,2012-08-11 16:13:54,2012-08-06,train,1027_18
1027,1758,264,Subway,40.85541922129015,-73.92921209335327,2012-08-12 00:41:53,2012-08-06,train,1027_18
1027,3197,6,Home (private),40.86107855194721,-73.93010370763155,2012-08-12 00:42:17,2012-08-06,train,1027_18
1027,3197,6,Home (private),40.86107855194721,-73.93010370763155,2012-08-12 07:37:44,2012-08-06,train,1027_18
1029,4767,222,Coffee Shop,40.75870179473494,-73.97852921814837,2012-08-09 09:04:18,2012-08-06,train,1029_13
1029,1503,61,Office,40.75765508018656,-73.97559642394698,2012-08-09 09:10:16,2012-08-06,train,1029_13
1029,4767,222,Coffee Shop,40.75870179473494,-73.97852921814837,2012-08-10 08:47:07,2012-08-06,train,1029_13
1029,660,122,Plaza,40.76803326982161,-73.98186922073364,2012-08-12 01:33:41,2012-08-06,train,1029_13
1030,2569,98,Donut Shop,40.91845513831024,-73.99684238606413,2012-08-06 03:32:30,2012-08-06,train,1030_9
1030,3213,301,Neighborhood,40.58345286156245,-74.14962530136108,2012-08-12 15:02:18,2012-08-06,train,1030_9
1034,3006,61,Office,40.838915391622365,-74.18075406522664,2012-08-09 11:07:04,2012-08-06,train,1034_16
1034,1777,42,Food & Drink Shop,40.8377843193101,-74.1840505873695,2012-08-09 18:24:51,2012-08-06,train,1034_16
1034,2760,79,Hotel,40.769253995481485,-74.1994603328166,2012-08-10 00:09:52,2012-08-06,train,1034_16
1034,2760,79,Hotel,40.769253995481485,-74.1994603328166,2012-08-10 20:32:58,2012-08-06,train,1034_16
1034,4133,281,Residential Building (Apartment / Condo),40.76926045164202,-74.1994431351561,2012-08-12 02:17:03,2012-08-06,train,1034_16
1041,3635,6,Home (private),40.785065635590186,-73.81249842275241,2012-08-09 16:54:45,2012-08-06,train,1041_13
1041,2903,254,Department Store,40.78257007402086,-73.83682057709747,2012-08-10 06:54:05,2012-08-06,train,1041_13
1041,3635,6,Home (private),40.785065635590186,-73.81249842275241,2012-08-10 17:38:15,2012-08-06,train,1041_13
1041,3635,6,Home (private),40.785065635590186,-73.81249842275241,2012-08-11 01:26:10,2012-08-06,train,1041_13
1041,3635,6,Home (private),40.785065635590186,-73.81249842275241,2012-08-12 08:32:22,2012-08-06,train,1041_13
1042,2979,264,Subway,40.6782621941429,-73.89171481132507,2012-08-06 04:28:15,2012-08-06,train,1042_18
1042,104,197,Sandwich Place,40.75187357799962,-73.9740800857544,2012-08-06 05:23:20,2012-08-06,train,1042_18
1042,104,197,Sandwich Place,40.75187357799962,-73.9740800857544,2012-08-09 05:35:32,2012-08-06,train,1042_18
1042,1400,264,Subway,40.708411471755454,-73.95790636539459,2012-08-09 16:37:22,2012-08-06,train,1042_18
1042,2979,264,Subway,40.6782621941429,-73.89171481132507,2012-08-10 04:29:04,2012-08-06,train,1042_18
1042,104,197,Sandwich Place,40.75187357799962,-73.9740800857544,2012-08-10 05:40:24,2012-08-06,train,1042_18
1042,2979,264,Subway,40.6782621941429,-73.89171481132507,2012-08-10 15:28:51,2012-08-06,train,1042_18
1042,4662,281,Residential Building (Apartment / Condo),40.70742661894483,-73.96012246874868,2012-08-10 16:22:47,2012-08-06,train,1042_18
1042,1400,264,Subway,40.708411471755454,-73.95790636539459,2012-08-10 22:37:53,2012-08-06,train,1042_18
1042,1716,264,Subway,40.70025980212481,-73.94114255905151,2012-08-12 12:38:12,2012-08-06,train,1042_18
1043,736,222,Coffee Shop,40.74696599525917,-73.98107170216927,2012-08-06 08:17:34,2012-08-06,train,1043_12
1043,3795,275,Arts & Entertainment,40.7465648747259,-73.98202440761015,2012-08-06 08:29:39,2012-08-06,train,1043_12
1043,736,222,Coffee Shop,40.74696599525917,-73.98107170216927,2012-08-09 08:18:39,2012-08-06,train,1043_12
1043,3795,275,Arts & Entertainment,40.7465648747259,-73.98202440761015,2012-08-09 08:30:18,2012-08-06,train,1043_12
1043,736,222,Coffee Shop,40.74696599525917,-73.98107170216927,2012-08-10 08:09:59,2012-08-06,train,1043_12
1043,3795,275,Arts & Entertainment,40.7465648747259,-73.98202440761015,2012-08-10 08:22:32,2012-08-06,train,1043_12
1044,1475,241,Airport,40.773839,-73.87122,2012-08-10 06:41:07,2012-08-06,train,1044_7
1044,1475,241,Airport,40.773839,-73.87122,2012-08-12 19:54:39,2012-08-06,train,1044_7
1048,1093,138,Gym / Fitness Center,40.8002817417264,-73.94712132068908,2012-08-09 06:35:22,2012-08-06,train,1048_14
1048,379,52,Bar,40.7397980131948,-74.00699967240043,2012-08-10 00:23:23,2012-08-06,train,1048_14
1048,452,318,Other Great Outdoors,40.69118178774824,-74.01678085327148,2012-08-11 18:29:46,2012-08-06,train,1048_14
1048,2880,39,Beer Garden,40.80267821675008,-73.95649486336114,2012-08-12 14:32:28,2012-08-06,train,1048_14
1050,2739,135,Post Office,40.620443766078,-74.07740863860205,2012-08-10 08:54:08,2012-08-06,train,1050_8
1050,985,288,Ferry,40.6444055420497,-74.0729570388794,2012-08-11 12:20:38,2012-08-06,train,1050_8
1050,625,122,Plaza,40.756489872673846,-73.98626804351807,2012-08-11 13:14:16,2012-08-06,train,1050_8
1050,855,87,Theater,40.76060088532793,-73.98582370401029,2012-08-11 13:38:27,2012-08-06,train,1050_8
1052,4000,262,Light Rail,40.74870949127519,-73.92597321669481,2012-08-06 00:21:05,2012-08-06,train,1052_17
1052,4301,257,Road,40.67562089466698,-73.81916440891932,2012-08-06 00:41:45,2012-08-06,train,1052_17
1052,3128,73,Bus Station,40.67209207473571,-73.8066996080942,2012-08-06 01:04:33,2012-08-06,train,1052_17
1052,4362,231,Campground,40.67172008474036,-73.8066029548645,2012-08-06 01:04:50,2012-08-06,train,1052_17
1052,4882,245,General Entertainment,40.67178890039381,-73.80651578950645,2012-08-06 01:05:21,2012-08-06,train,1052_17
1052,4362,231,Campground,40.67172008474036,-73.8066029548645,2012-08-09 11:36:58,2012-08-06,train,1052_17
1052,4882,245,General Entertainment,40.67178890039381,-73.80651578950645,2012-08-09 11:37:38,2012-08-06,train,1052_17
1052,4115,81,Taxi,40.6717,-73.8066,2012-08-09 13:34:10,2012-08-06,train,1052_17
1052,1002,70,Train Station,40.69902344282463,-73.81001472473143,2012-08-09 13:47:11,2012-08-06,train,1052_17
1052,4184,264,Subway,40.69772338867188,-73.81159210205078,2012-08-09 13:47:58,2012-08-06,train,1052_17
1052,884,121,Park,40.82540355725982,-73.95661354064941,2012-08-09 14:52:26,2012-08-06,train,1052_17
1052,3856,301,Neighborhood,40.72540497175607,-73.83224487304688,2012-08-11 00:35:01,2012-08-06,train,1052_17
1052,4244,301,Neighborhood,40.669929843442304,-73.81906986236572,2012-08-11 00:35:24,2012-08-06,train,1052_17
1052,4301,257,Road,40.67562089466698,-73.81916440891932,2012-08-11 00:36:07,2012-08-06,train,1052_17
1052,3128,73,Bus Station,40.67209207473571,-73.8066996080942,2012-08-11 00:36:29,2012-08-06,train,1052_17
1052,4362,231,Campground,40.67172008474036,-73.8066029548645,2012-08-11 00:37:30,2012-08-06,train,1052_17
1052,4362,231,Campground,40.67172008474036,-73.8066029548645,2012-08-11 19:01:57,2012-08-06,train,1052_17
1052,3988,121,Park,40.82701341208743,-73.95469251508553,2012-08-12 21:57:22,2012-08-06,train,1052_17
1053,1770,147,Movie Theater,40.86703055282099,-73.82539651545649,2012-08-10 19:39:06,2012-08-06,train,1053_8
1053,3233,211,Bar,40.87257483543101,-73.82610874371422,2012-08-11 19:36:20,2012-08-06,train,1053_8
1063,670,137,Gym / Fitness Center,40.74618839286139,-73.98157101223633,2012-08-06 05:31:46,2012-08-06,train,1063_13
1063,670,137,Gym / Fitness Center,40.74618839286139,-73.98157101223633,2012-08-09 06:12:04,2012-08-06,train,1063_13
1066,3491,29,Japanese Restaurant,40.75911759196612,-73.97041370572528,2012-08-09 13:51:20,2012-08-06,train,1066_4
1066,1190,26,Drugstore / Pharmacy,40.758494,-73.971037,2012-08-09 13:51:46,2012-08-06,train,1066_4
1067,1654,61,Office,40.75241411957849,-73.97532093413172,2012-08-09 10:55:06,2012-08-06,train,1067_3
1067,5011,281,Residential Building (Apartment / Condo),40.93460889331033,-73.90130325973576,2012-08-10 00:07:30,2012-08-06,train,1067_3
1067,1654,61,Office,40.75241411957849,-73.97532093413172,2012-08-10 17:14:48,2012-08-06,train,1067_3
1067,3685,216,Tea Room,40.75338271988277,-73.97444280771313,2012-08-10 20:47:26,2012-08-06,train,1067_3
1067,5011,281,Residential Building (Apartment / Condo),40.93460889331033,-73.90130325973576,2012-08-10 23:22:21,2012-08-06,train,1067_3
1067,3666,130,Burger Joint,40.74613120785279,-73.97810339927673,2012-08-11 16:03:37,2012-08-06,train,1067_3
1067,5011,281,Residential Building (Apartment / Condo),40.93460889331033,-73.90130325973576,2012-08-11 23:50:11,2012-08-06,train,1067_3
1069,3769,8,Medical Center,40.88955564775923,-73.97585469529054,2012-08-06 09:01:38,2012-08-06,train,1069_14
1069,3932,139,Medical Center,40.88955858318924,-73.97570547188988,2012-08-09 08:58:54,2012-08-06,train,1069_14
1069,3769,8,Medical Center,40.88955564775923,-73.97585469529054,2012-08-09 08:59:10,2012-08-06,train,1069_14
1069,3932,139,Medical Center,40.88955858318924,-73.97570547188988,2012-08-10 08:54:08,2012-08-06,train,1069_14
1069,3769,8,Medical Center,40.88955564775923,-73.97585469529054,2012-08-10 08:54:14,2012-08-06,train,1069_14
1069,4430,6,Home (private),40.94009178576504,-74.00063278107605,2012-08-10 18:28:20,2012-08-06,train,1069_14
1074,1385,61,Office,40.70283941552312,-73.98913511403559,2012-08-10 09:44:43,2012-08-06,train,1074_13
1074,243,37,Bar,40.73138083854372,-74.00059103965759,2012-08-10 18:18:02,2012-08-06,train,1074_13
1074,207,214,Bar,40.73369431021343,-74.00212123990059,2012-08-10 21:00:50,2012-08-06,train,1074_13
