user_index,poi_index,cat_index,POI_catname,latitude,longitude,local_time,week_start,split_week,session_id
1,179,121,Park,40.75372797263211,-73.98368835767094,2012-05-03 13:33:06,2012-04-30,train,1_3
1,242,35,Bookstore,40.75485025788179,-73.98800493858226,2012-05-03 13:59:28,2012-04-30,train,1_3
1,4054,201,Ice Cream Shop,40.72634864558351,-73.98415714502335,2012-05-03 23:00:50,2012-04-30,train,1_3
1,887,83,Church,40.80396143368935,-73.96288904600681,2012-05-05 09:08:37,2012-04-30,train,1_3
1,486,147,Movie Theater,40.74276195733468,-73.97692322731018,2012-05-05 16:48:40,2012-04-30,train,1_3
2,841,121,Park,40.79917954514018,-73.97347284642332,2012-05-01 12:48:16,2012-04-30,train,2_4
2,291,148,Museum,40.78299485153325,-73.95890951156616,2012-05-01 14:46:23,2012-04-30,train,2_4
2,2564,233,Other Great Outdoors,40.79060571332796,-73.98052073783133,2012-05-03 06:55:37,2012-04-30,train,2_4
2,1106,233,Other Great Outdoors,40.790522,-73.98050129413605,2012-05-03 06:56:02,2012-04-30,train,2_4
2,3794,123,Scenic Lookout,40.79173406918958,-73.978902270956,2012-05-03 10:22:48,2012-04-30,train,2_4
2,3794,123,Scenic Lookout,40.79173406918958,-73.978902270956,2012-05-03 10:23:06,2012-04-30,train,2_4
2,3812,128,Bakery,40.76179300784655,-73.98687394942347,2012-05-03 13:36:30,2012-04-30,train,2_4
2,599,85,Theater,40.76279561547783,-73.98758098483086,2012-05-03 13:36:50,2012-04-30,train,2_4
2,1487,122,Plaza,40.76245925351319,-73.98745932961936,2012-05-03 15:08:25,2012-04-30,train,2_4
2,1315,96,Deli / Bodega,40.76281860041716,-73.98930728283855,2012-05-03 15:08:43,2012-04-30,train,2_4
2,1525,42,Food & Drink Shop,40.76298968265501,-73.98904329061085,2012-05-03 15:08:59,2012-04-30,train,2_4
2,1106,233,Other Great Outdoors,40.790522,-73.98050129413605,2012-05-03 18:05:02,2012-04-30,train,2_4
2,2390,87,Theater,40.76274736599172,-73.98761987686157,2012-05-03 19:35:26,2012-04-30,train,2_4
2,3713,259,Hotel,40.79115160084039,-73.97897114216441,2012-05-04 01:03:35,2012-04-30,train,2_4
2,841,121,Park,40.79917954514018,-73.97347284642332,2012-05-04 01:03:57,2012-04-30,train,2_4
2,2564,233,Other Great Outdoors,40.79060571332796,-73.98052073783133,2012-05-04 09:49:34,2012-04-30,train,2_4
2,1106,233,Other Great Outdoors,40.790522,-73.98050129413605,2012-05-04 09:50:14,2012-04-30,train,2_4
2,3713,259,Hotel,40.79115160084039,-73.97897114216441,2012-05-04 09:50:40,2012-04-30,train,2_4
2,3794,123,Scenic Lookout,40.79173406918958,-73.978902270956,2012-05-04 10:36:54,2012-04-30,train,2_4
2,3794,123,Scenic Lookout,40.79173406918958,-73.978902270956,2012-05-04 10:37:42,2012-04-30,train,2_4
2,1455,233,Other Great Outdoors,40.781191,-73.986495,2012-05-04 17:47:05,2012-04-30,train,2_4
2,2390,87,Theater,40.76274736599172,-73.98761987686157,2012-05-04 19:30:14,2012-04-30,train,2_4
2,599,85,Theater,40.76279561547783,-73.98758098483086,2012-05-04 19:30:29,2012-04-30,train,2_4
2,3812,128,Bakery,40.76179300784655,-73.98687394942347,2012-05-04 20:00:04,2012-04-30,train,2_4
2,1315,96,Deli / Bodega,40.76281860041716,-73.98930728283855,2012-05-04 20:00:18,2012-04-30,train,2_4
2,1525,42,Food & Drink Shop,40.76298968265501,-73.98904329061085,2012-05-04 20:00:34,2012-04-30,train,2_4
2,624,122,Plaza,40.75866919513504,-73.97859808949039,2012-05-04 21:59:46,2012-04-30,train,2_4
2,2564,233,Other Great Outdoors,40.79060571332796,-73.98052073783133,2012-05-05 05:03:20,2012-04-30,train,2_4
2,3713,259,Hotel,40.79115160084039,-73.97897114216441,2012-05-05 10:10:14,2012-04-30,train,2_4
2,3794,123,Scenic Lookout,40.79173406918958,-73.978902270956,2012-05-05 10:10:40,2012-04-30,train,2_4
2,599,85,Theater,40.76279561547783,-73.98758098483086,2012-05-05 13:58:08,2012-04-30,train,2_4
2,2390,87,Theater,40.76274736599172,-73.98761987686157,2012-05-05 13:58:40,2012-04-30,train,2_4
2,599,85,Theater,40.76279561547783,-73.98758098483086,2012-05-06 14:29:15,2012-04-30,train,2_4
3,357,70,Train Station,40.750794799423865,-73.99357639021292,2012-05-01 17:03:02,2012-04-30,train,3_4
3,1002,70,Train Station,40.69902344282463,-73.81001472473143,2012-05-01 17:40:56,2012-04-30,train,3_4
3,1002,70,Train Station,40.69902344282463,-73.81001472473143,2012-05-03 08:33:15,2012-04-30,train,3_4
3,357,70,Train Station,40.750794799423865,-73.99357639021292,2012-05-03 09:01:01,2012-04-30,train,3_4
3,233,147,Movie Theater,40.7569743825982,-73.98877355904663,2012-05-03 10:45:21,2012-04-30,train,3_4
3,357,70,Train Station,40.750794799423865,-73.99357639021292,2012-05-04 17:00:53,2012-04-30,train,3_4
3,1002,70,Train Station,40.69902344282463,-73.81001472473143,2012-05-04 17:38:48,2012-04-30,train,3_4
4,57,47,Bar,40.73243131429693,-74.0017489391183,2012-05-01 19:14:15,2012-04-30,train,4_4
4,3116,42,Food & Drink Shop,40.74186151409088,-73.98943362953369,2012-05-04 12:08:39,2012-04-30,train,4_4
4,3773,39,Beer Garden,40.74203392888001,-73.98993663489819,2012-05-04 12:11:36,2012-04-30,train,4_4
4,486,147,Movie Theater,40.74276195733468,-73.97692322731018,2012-05-05 17:36:27,2012-04-30,train,4_4
5,2512,83,Church,40.73906330729812,-73.98695468902588,2012-05-01 17:49:36,2012-04-30,train,5_2
5,2512,83,Church,40.73906330729812,-73.98695468902588,2012-05-06 16:41:20,2012-04-30,train,5_2
5,3954,130,Burger Joint,40.740778258449865,-73.98768315098722,2012-05-06 20:15:46,2012-04-30,train,5_2
9,4848,6,Home (private),40.68499608789172,-73.94186034276925,2012-05-03 07:07:50,2012-04-30,train,9_3
9,3850,90,School,40.67483799464223,-73.73587670799026,2012-05-03 08:11:06,2012-04-30,train,9_3
9,4771,305,Elementary School,40.703677356413934,-73.81633261278954,2012-05-03 08:11:37,2012-04-30,train,9_3
9,4848,6,Home (private),40.68499608789172,-73.94186034276925,2012-05-04 07:00:49,2012-04-30,train,9_3
9,3850,90,School,40.67483799464223,-73.73587670799026,2012-05-04 08:01:53,2012-04-30,train,9_3
9,4771,305,Elementary School,40.703677356413934,-73.81633261278954,2012-05-04 08:03:37,2012-04-30,train,9_3
9,4772,281,Residential Building (Apartment / Condo),40.68610405768023,-73.94382640962873,2012-05-05 04:18:57,2012-04-30,train,9_3
10,665,138,Gym / Fitness Center,40.73448312627058,-73.98823409478094,2012-05-03 19:45:20,2012-04-30,train,10_4
10,691,37,Bar,40.771532064320695,-73.95629970544277,2012-05-05 01:34:49,2012-04-30,train,10_4
12,1395,259,Hotel,40.76053962409181,-73.98462423637571,2012-05-01 17:43:32,2012-04-30,train,12_4
12,269,52,Bar,40.71911589671352,-74.00343033714941,2012-05-01 23:03:33,2012-04-30,train,12_4
12,512,147,Movie Theater,40.75248097148231,-73.99438619301681,2012-05-03 11:21:01,2012-04-30,train,12_4
12,1395,259,Hotel,40.76053962409181,-73.98462423637571,2012-05-03 16:22:50,2012-04-30,train,12_4
12,1354,61,Office,40.758551470603706,-73.98488823467986,2012-05-04 07:12:56,2012-04-30,train,12_4
13,2723,301,Neighborhood,40.702407027583206,-73.98875100667293,2012-05-04 14:27:04,2012-04-30,train,13_0
13,124,37,Bar,40.702435,-73.987073,2012-05-04 16:12:44,2012-04-30,train,13_0
14,2551,91,High School,40.80211254369139,-74.16162161377446,2012-05-03 09:47:37,2012-04-30,train,14_4
14,2551,91,High School,40.80211254369139,-74.16162161377446,2012-05-04 07:54:33,2012-04-30,train,14_4
14,2551,91,High School,40.80211254369139,-74.16162161377446,2012-05-04 09:49:45,2012-04-30,train,14_4
14,2947,202,Pizza Place,40.80087840557098,-74.15413677692413,2012-05-05 15:41:01,2012-04-30,train,14_4
14,4070,6,Home (private),40.78573533654409,-74.16509908485864,2012-05-06 14:13:26,2012-04-30,train,14_4
15,1492,76,Ferry,40.70325299803113,-74.00609493255615,2012-05-03 09:40:14,2012-04-30,train,15_3
15,1492,76,Ferry,40.70325299803113,-74.00609493255615,2012-05-04 09:36:42,2012-04-30,train,15_3
15,3639,61,Office,40.70224443617512,-74.01071906089783,2012-05-04 09:37:38,2012-04-30,train,15_3
15,3864,130,Burger Joint,40.71529762488199,-74.0147852897644,2012-05-04 21:11:09,2012-04-30,train,15_3
16,625,122,Plaza,40.756489872673846,-73.98626804351807,2012-05-04 08:41:27,2012-04-30,train,16_4
16,2112,222,Coffee Shop,40.7595730799586,-73.98524405790694,2012-05-04 10:07:15,2012-04-30,train,16_4
16,402,259,Hotel,40.75853784442297,-73.98560285568237,2012-05-04 12:20:39,2012-04-30,train,16_4
16,3130,301,Neighborhood,40.75951304689015,-73.83147239685059,2012-05-04 14:50:01,2012-04-30,train,16_4
16,4480,6,Home (private),40.73569746375886,-73.81249842275241,2012-05-04 22:44:22,2012-04-30,train,16_4
16,1002,70,Train Station,40.69902344282463,-73.81001472473143,2012-05-05 19:58:27,2012-04-30,train,16_4
16,514,222,Coffee Shop,40.744044646949455,-73.98373696088365,2012-05-06 12:27:21,2012-04-30,train,16_4
16,1603,150,Stadium,40.75044987008408,-73.99221103886612,2012-05-06 12:52:39,2012-04-30,train,16_4
16,4480,6,Home (private),40.73569746375886,-73.81249842275241,2012-05-06 18:42:43,2012-04-30,train,16_4
17,1236,72,Government Building,40.714167263011184,-74.00162100791931,2012-05-03 16:20:46,2012-04-30,train,17_4
17,971,221,Bridge,40.705953265881305,-73.99656772613525,2012-05-03 16:29:19,2012-04-30,train,17_4
17,274,37,Bar,40.70443641202592,-74.01012361049652,2012-05-03 18:21:59,2012-04-30,train,17_4
17,2561,301,Neighborhood,40.70712443235431,-74.01072978973389,2012-05-03 20:07:32,2012-04-30,train,17_4
17,2362,301,Neighborhood,40.717891692153806,-73.99794101715088,2012-05-04 18:52:07,2012-04-30,train,17_4
17,674,254,Department Store,40.75831461619259,-73.9772837904573,2012-05-05 11:52:53,2012-04-30,train,17_4
17,624,122,Plaza,40.75866919513504,-73.97859808949039,2012-05-05 15:38:19,2012-04-30,train,17_4
17,1930,301,Neighborhood,40.71834202528393,-74.00061816553153,2012-05-06 18:06:34,2012-04-30,train,17_4
17,2362,301,Neighborhood,40.717891692153806,-73.99794101715088,2012-05-06 20:10:55,2012-04-30,train,17_4
18,482,254,Department Store,40.76232480057456,-73.9678144454956,2012-05-01 17:15:42,2012-04-30,train,18_4
18,1351,5,Clothing Store,40.7622718722179,-73.97446576531758,2012-05-01 18:13:48,2012-04-30,train,18_4
18,957,138,Gym / Fitness Center,40.76396628964295,-73.915114402771,2012-05-03 11:36:43,2012-04-30,train,18_4
18,957,138,Gym / Fitness Center,40.76396628964295,-73.915114402771,2012-05-04 13:13:36,2012-04-30,train,18_4
18,4898,245,General Entertainment,40.95799336338653,-74.10746446325602,2012-05-04 14:38:39,2012-04-30,train,18_4
18,4901,194,Mexican Restaurant,40.759220487652186,-73.98880004882812,2012-05-05 11:34:35,2012-04-30,train,18_4
18,4901,194,Mexican Restaurant,40.759220487652186,-73.98880004882812,2012-05-05 13:47:24,2012-04-30,train,18_4
18,486,147,Movie Theater,40.74276195733468,-73.97692322731018,2012-05-06 18:43:39,2012-04-30,train,18_4
19,2920,186,College Academic Building,40.83326515852468,-73.87441364536598,2012-05-01 18:18:55,2012-04-30,train,19_3
19,1615,80,Building,40.76676160346336,-73.98313522338867,2012-05-03 08:40:58,2012-04-30,train,19_3
19,2920,186,College Academic Building,40.83326515852468,-73.87441364536598,2012-05-03 18:15:38,2012-04-30,train,19_3
19,1615,80,Building,40.76676160346336,-73.98313522338867,2012-05-04 08:11:57,2012-04-30,train,19_3
19,378,61,Office,40.70710219573291,-74.01083290360494,2012-05-04 14:46:30,2012-04-30,train,19_3
19,625,122,Plaza,40.756489872673846,-73.98626804351807,2012-05-04 20:13:45,2012-04-30,train,19_3
19,179,121,Park,40.75372797263211,-73.98368835767094,2012-05-04 21:10:44,2012-04-30,train,19_3
19,233,147,Movie Theater,40.7569743825982,-73.98877355904663,2012-05-04 23:10:54,2012-04-30,train,19_3
19,432,47,Bar,40.75750197035067,-73.98468736643798,2012-05-05 02:45:41,2012-04-30,train,19_3
19,2920,186,College Academic Building,40.83326515852468,-73.87441364536598,2012-05-05 07:04:24,2012-04-30,train,19_3
20,4113,6,Home (private),40.93190933538416,-74.01238511084367,2012-05-01 17:50:23,2012-04-30,train,20_3
20,4113,6,Home (private),40.93190933538416,-74.01238511084367,2012-05-01 23:28:23,2012-04-30,train,20_3
20,2538,91,High School,40.94246719077515,-74.02115821838379,2012-05-02 07:59:56,2012-04-30,train,20_3
20,2538,91,High School,40.94246719077515,-74.02115821838379,2012-05-03 07:54:55,2012-04-30,train,20_3
20,1292,265,Mall,40.95634251626308,-74.06902771574032,2012-05-03 15:21:43,2012-04-30,train,20_3
20,4113,6,Home (private),40.93190933538416,-74.01238511084367,2012-05-03 19:47:57,2012-04-30,train,20_3
20,2538,91,High School,40.94246719077515,-74.02115821838379,2012-05-04 09:53:40,2012-04-30,train,20_3
20,4113,6,Home (private),40.93190933538416,-74.01238511084367,2012-05-04 16:23:34,2012-04-30,train,20_3
20,2595,96,Deli / Bodega,40.92946910736723,-73.99539622013613,2012-05-04 19:49:49,2012-04-30,train,20_3
20,4179,6,Home (private),40.91220464465255,-74.01238511084367,2012-05-04 20:10:34,2012-04-30,train,20_3
20,2569,98,Donut Shop,40.91845513831024,-73.99684238606413,2012-05-05 01:41:50,2012-04-30,train,20_3
20,4179,6,Home (private),40.91220464465255,-74.01238511084367,2012-05-05 02:45:32,2012-04-30,train,20_3
20,4113,6,Home (private),40.93190933538416,-74.01238511084367,2012-05-05 03:06:56,2012-04-30,train,20_3
20,847,265,Mall,40.917335441802095,-74.0756607055664,2012-05-05 11:59:18,2012-04-30,train,20_3
20,4179,6,Home (private),40.91220464465255,-74.01238511084367,2012-05-06 17:36:07,2012-04-30,train,20_3
20,4113,6,Home (private),40.93190933538416,-74.01238511084367,2012-05-06 19:35:47,2012-04-30,train,20_3
21,2424,121,Park,40.8519621874379,-73.82696628570557,2012-05-03 08:59:18,2012-04-30,train,21_2
21,2424,121,Park,40.8519621874379,-73.82696628570557,2012-05-03 08:59:37,2012-04-30,train,21_2
21,3058,266,Bus Station,40.85275748350158,-73.82689118385315,2012-05-03 08:59:45,2012-04-30,train,21_2
21,2327,6,Home (private),40.86565637637014,-73.82426211435131,2012-05-03 08:59:54,2012-04-30,train,21_2
21,1892,265,Mall,40.86782694231008,-73.82703923160857,2012-05-03 09:00:21,2012-04-30,train,21_2
21,3819,147,Movie Theater,40.86674826031884,-73.82558031654254,2012-05-03 09:00:33,2012-04-30,train,21_2
21,1770,147,Movie Theater,40.86703055282099,-73.82539651545649,2012-05-03 09:00:42,2012-04-30,train,21_2
21,1770,147,Movie Theater,40.86703055282099,-73.82539651545649,2012-05-03 14:44:27,2012-04-30,train,21_2
21,1892,265,Mall,40.86782694231008,-73.82703923160857,2012-05-03 17:13:28,2012-04-30,train,21_2
21,2352,254,Department Store,40.86499,-73.829949,2012-05-03 17:13:58,2012-04-30,train,21_2
21,3585,120,Other Great Outdoors,40.86708740710768,-73.82829666137695,2012-05-03 17:14:27,2012-04-30,train,21_2
21,3766,120,Other Great Outdoors,40.868482907830256,-73.83256673812866,2012-05-03 17:14:46,2012-04-30,train,21_2
21,3058,266,Bus Station,40.85275748350158,-73.82689118385315,2012-05-03 17:36:16,2012-04-30,train,21_2
21,3727,6,Home (private),40.84594087143545,-73.82426211435131,2012-05-03 17:36:43,2012-04-30,train,21_2
21,3727,6,Home (private),40.84594087143545,-73.82426211435131,2012-05-03 19:04:11,2012-04-30,train,21_2
21,2424,121,Park,40.8519621874379,-73.82696628570557,2012-05-03 20:53:00,2012-04-30,train,21_2
21,3058,266,Bus Station,40.85275748350158,-73.82689118385315,2012-05-03 20:53:14,2012-04-30,train,21_2
21,2327,6,Home (private),40.86565637637014,-73.82426211435131,2012-05-03 20:53:49,2012-04-30,train,21_2
21,4048,301,Neighborhood,40.87097828520945,-73.82876808947316,2012-05-03 20:53:58,2012-04-30,train,21_2
21,1892,265,Mall,40.86782694231008,-73.82703923160857,2012-05-03 20:54:18,2012-04-30,train,21_2
21,3766,120,Other Great Outdoors,40.868482907830256,-73.83256673812866,2012-05-03 20:54:50,2012-04-30,train,21_2
21,1892,265,Mall,40.86782694231008,-73.82703923160857,2012-05-03 20:55:00,2012-04-30,train,21_2
21,1770,147,Movie Theater,40.86703055282099,-73.82539651545649,2012-05-03 20:55:25,2012-04-30,train,21_2
21,1892,265,Mall,40.86782694231008,-73.82703923160857,2012-05-04 00:25:53,2012-04-30,train,21_2
21,2352,254,Department Store,40.86499,-73.829949,2012-05-04 00:26:37,2012-04-30,train,21_2
21,3766,120,Other Great Outdoors,40.868482907830256,-73.83256673812866,2012-05-04 00:26:50,2012-04-30,train,21_2
21,3058,266,Bus Station,40.85275748350158,-73.82689118385315,2012-05-04 01:25:04,2012-04-30,train,21_2
21,2424,121,Park,40.8519621874379,-73.82696628570557,2012-05-04 01:25:19,2012-04-30,train,21_2
21,3727,6,Home (private),40.84594087143545,-73.82426211435131,2012-05-04 01:25:37,2012-04-30,train,21_2
21,2424,121,Park,40.8519621874379,-73.82696628570557,2012-05-05 19:53:09,2012-04-30,train,21_2
21,3058,266,Bus Station,40.85275748350158,-73.82689118385315,2012-05-05 19:53:20,2012-04-30,train,21_2
21,2327,6,Home (private),40.86565637637014,-73.82426211435131,2012-05-05 19:53:28,2012-04-30,train,21_2
21,4048,301,Neighborhood,40.87097828520945,-73.82876808947316,2012-05-05 19:53:36,2012-04-30,train,21_2
21,1892,265,Mall,40.86782694231008,-73.82703923160857,2012-05-05 19:53:55,2012-04-30,train,21_2
21,2352,254,Department Store,40.86499,-73.829949,2012-05-05 19:54:05,2012-04-30,train,21_2
21,3766,120,Other Great Outdoors,40.868482907830256,-73.83256673812866,2012-05-05 19:54:16,2012-04-30,train,21_2
21,1892,265,Mall,40.86782694231008,-73.82703923160857,2012-05-05 19:54:24,2012-04-30,train,21_2
21,3819,147,Movie Theater,40.86674826031884,-73.82558031654254,2012-05-05 19:54:34,2012-04-30,train,21_2
21,1770,147,Movie Theater,40.86703055282099,-73.82539651545649,2012-05-05 19:54:41,2012-04-30,train,21_2
21,1770,147,Movie Theater,40.86703055282099,-73.82539651545649,2012-05-05 19:59:40,2012-04-30,train,21_2
21,2424,121,Park,40.8519621874379,-73.82696628570557,2012-05-06 14:42:05,2012-04-30,train,21_2
21,3058,266,Bus Station,40.85275748350158,-73.82689118385315,2012-05-06 14:42:15,2012-04-30,train,21_2
21,2327,6,Home (private),40.86565637637014,-73.82426211435131,2012-05-06 14:42:24,2012-04-30,train,21_2
21,4048,301,Neighborhood,40.87097828520945,-73.82876808947316,2012-05-06 14:42:32,2012-04-30,train,21_2
21,1892,265,Mall,40.86782694231008,-73.82703923160857,2012-05-06 14:42:49,2012-04-30,train,21_2
21,2352,254,Department Store,40.86499,-73.829949,2012-05-06 14:42:58,2012-04-30,train,21_2
21,3819,147,Movie Theater,40.86674826031884,-73.82558031654254,2012-05-06 14:43:25,2012-04-30,train,21_2
21,1770,147,Movie Theater,40.86703055282099,-73.82539651545649,2012-05-06 14:43:33,2012-04-30,train,21_2
21,1892,265,Mall,40.86782694231008,-73.82703923160857,2012-05-06 17:25:42,2012-04-30,train,21_2
21,2352,254,Department Store,40.86499,-73.829949,2012-05-06 17:25:56,2012-04-30,train,21_2
21,3585,120,Other Great Outdoors,40.86708740710768,-73.82829666137695,2012-05-06 17:26:23,2012-04-30,train,21_2
21,3766,120,Other Great Outdoors,40.868482907830256,-73.83256673812866,2012-05-06 17:26:39,2012-04-30,train,21_2
21,3058,266,Bus Station,40.85275748350158,-73.82689118385315,2012-05-06 17:59:04,2012-04-30,train,21_2
21,2424,121,Park,40.8519621874379,-73.82696628570557,2012-05-06 17:59:19,2012-04-30,train,21_2
21,3727,6,Home (private),40.84594087143545,-73.82426211435131,2012-05-06 17:59:35,2012-04-30,train,21_2
23,770,222,Coffee Shop,40.71333777662413,-74.015793800354,2012-05-01 14:16:56,2012-04-30,train,23_4
23,190,157,Stadium,40.82827721161922,-73.92655344439045,2012-05-01 19:20:26,2012-04-30,train,23_4
23,1361,222,Coffee Shop,40.7139039417223,-74.00896220456364,2012-05-03 07:49:45,2012-04-30,train,23_4
23,566,138,Gym / Fitness Center,40.71670851726798,-74.01054739952087,2012-05-03 17:54:20,2012-04-30,train,23_4
23,348,61,Office,40.71384404172299,-74.01420126337966,2012-05-04 10:46:02,2012-04-30,train,23_4
23,1205,135,Post Office,40.71252453057589,-74.0101672581913,2012-05-04 19:06:21,2012-04-30,train,23_4
23,1511,6,Home (private),40.6784474407319,-73.96537147003376,2012-05-04 22:20:18,2012-04-30,train,23_4
23,354,121,Park,40.66390776998241,-73.970947265625,2012-05-05 12:17:23,2012-04-30,train,23_4
23,321,206,Seafood Restaurant,40.73183205567358,-74.00324642658234,2012-05-05 20:11:02,2012-04-30,train,23_4
25,3291,6,Home (private),40.6355224462683,-73.94186034276925,2012-05-01 22:44:28,2012-04-30,train,25_3
25,1173,247,Sporting Goods Shop,40.76008972618838,-73.98353380475322,2012-05-03 13:43:08,2012-04-30,train,25_3
25,3291,6,Home (private),40.6355224462683,-73.94186034276925,2012-05-03 22:38:35,2012-04-30,train,25_3
25,1173,247,Sporting Goods Shop,40.76008972618838,-73.98353380475322,2012-05-04 10:57:43,2012-04-30,train,25_3
25,3291,6,Home (private),40.6355224462683,-73.94186034276925,2012-05-04 23:19:46,2012-04-30,train,25_3
25,862,147,Movie Theater,40.58606020705239,-73.92983436584473,2012-05-05 09:26:10,2012-04-30,train,25_3
25,512,147,Movie Theater,40.75248097148231,-73.99438619301681,2012-05-05 20:27:27,2012-04-30,train,25_3
26,2260,117,Other Great Outdoors,40.66071747831128,-73.9685869216919,2012-05-01 15:28:55,2012-04-30,train,26_4
26,3403,134,Event Space,40.756083521571824,-73.98951888084412,2012-05-01 18:03:47,2012-04-30,train,26_4
26,4007,131,Café,40.64836553184176,-73.97875878919255,2012-05-03 14:48:42,2012-04-30,train,26_4
26,2260,117,Other Great Outdoors,40.66071747831128,-73.9685869216919,2012-05-03 15:19:31,2012-04-30,train,26_4
26,358,160,Science Museum,40.78118443649759,-73.9732030930065,2012-05-04 11:50:54,2012-04-30,train,26_4
26,4007,131,Café,40.64836553184176,-73.97875878919255,2012-05-05 16:06:46,2012-04-30,train,26_4
26,354,121,Park,40.66390776998241,-73.970947265625,2012-05-05 17:10:11,2012-04-30,train,26_4
26,4007,131,Café,40.64836553184176,-73.97875878919255,2012-05-06 16:33:36,2012-04-30,train,26_4
28,748,33,Korean Restaurant,40.74760293839914,-73.98625987220174,2012-05-03 22:58:51,2012-04-30,train,28_1
28,233,147,Movie Theater,40.7569743825982,-73.98877355904663,2012-05-03 23:33:27,2012-04-30,train,28_1
29,1084,247,Sporting Goods Shop,40.76280318635086,-73.97336953664879,2012-05-01 19:55:32,2012-04-30,train,29_4
29,1084,247,Sporting Goods Shop,40.76280318635086,-73.97336953664879,2012-05-03 19:46:15,2012-04-30,train,29_4
29,1919,264,Subway,40.74559767243396,-73.90328983226816,2012-05-04 19:03:47,2012-04-30,train,29_4
29,3063,98,Donut Shop,40.74557029238338,-73.90323815867245,2012-05-04 19:46:15,2012-04-30,train,29_4
29,3798,6,Home (private),40.74916220499632,-73.90658830179062,2012-05-04 20:46:44,2012-04-30,train,29_4
29,1919,264,Subway,40.74559767243396,-73.90328983226816,2012-05-06 14:20:47,2012-04-30,train,29_4
29,3063,98,Donut Shop,40.74557029238338,-73.90323815867245,2012-05-06 14:40:25,2012-04-30,train,29_4
29,3798,6,Home (private),40.74916220499632,-73.90658830179062,2012-05-06 15:20:11,2012-04-30,train,29_4
30,4051,136,Office,40.80343174758467,-73.9212082604814,2012-05-03 16:30:58,2012-04-30,train,30_4
30,3450,301,Neighborhood,40.84769339441966,-73.900887966156,2012-05-03 23:20:38,2012-04-30,train,30_4
30,4038,281,Residential Building (Apartment / Condo),40.84166285,-73.85724746,2012-05-03 23:21:06,2012-04-30,train,30_4
30,2166,221,Bridge,40.8038371384793,-73.92893314361572,2012-05-04 10:11:42,2012-04-30,train,30_4
30,4051,136,Office,40.80343174758467,-73.9212082604814,2012-05-04 10:12:48,2012-04-30,train,30_4
30,1766,301,Neighborhood,40.83347540602458,-73.86096458279205,2012-05-04 16:26:27,2012-04-30,train,30_4
30,3450,301,Neighborhood,40.84769339441966,-73.900887966156,2012-05-04 16:27:32,2012-04-30,train,30_4
30,4038,281,Residential Building (Apartment / Condo),40.84166285,-73.85724746,2012-05-04 16:28:00,2012-04-30,train,30_4
30,4038,281,Residential Building (Apartment / Condo),40.84166285,-73.85724746,2012-05-05 16:43:11,2012-04-30,train,30_4
31,192,121,Park,40.73528249691621,-73.99040315158283,2012-05-01 13:31:44,2012-04-30,train,31_4
31,2252,222,Coffee Shop,40.71077715245463,-74.01115998713983,2012-05-01 14:14:58,2012-04-30,train,31_4
31,1522,264,Subway,40.71037756449118,-74.00755405426025,2012-05-02 07:55:12,2012-04-30,train,31_4
31,2006,269,Miscellaneous Shop,40.70986036314217,-74.0104484362781,2012-05-02 07:59:43,2012-04-30,train,31_4
31,2838,301,Neighborhood,40.66911608150882,-73.94283771514893,2012-05-03 23:46:47,2012-04-30,train,31_4
31,2252,222,Coffee Shop,40.71077715245463,-74.01115998713983,2012-05-04 09:53:33,2012-04-30,train,31_4
31,2994,19,Bank,40.71105032264781,-74.00916878572497,2012-05-04 14:00:58,2012-04-30,train,31_4
31,1907,221,Bridge,40.80023122491412,-73.82881164550781,2012-05-05 12:35:35,2012-04-30,train,31_4
33,55,41,Bar,40.72449429624432,-73.99334746639536,2012-05-03 22:45:29,2012-04-30,train,33_2
33,702,157,Stadium,40.75645736467708,-73.8460636138916,2012-05-05 15:54:20,2012-04-30,train,33_2
34,2030,47,Bar,40.87077690106772,-74.18019443750381,2012-05-02 01:59:44,2012-04-30,train,34_4
34,1908,37,Bar,40.85785364392424,-74.14799451828003,2012-05-02 02:08:13,2012-04-30,train,34_4
34,3464,6,Home (private),40.85155841497341,-74.14161270853154,2012-05-03 21:27:40,2012-04-30,train,34_4
34,1062,37,Bar,40.85408633699964,-74.1383358836174,2012-05-04 01:59:09,2012-04-30,train,34_4
34,1908,37,Bar,40.85785364392424,-74.14799451828003,2012-05-04 02:48:21,2012-04-30,train,34_4
34,3464,6,Home (private),40.85155841497341,-74.14161270853154,2012-05-04 03:23:19,2012-04-30,train,34_4
34,2007,37,Bar,40.806180734527125,-74.1040977613822,2012-05-04 20:12:52,2012-04-30,train,34_4
34,3464,6,Home (private),40.85155841497341,-74.14161270853154,2012-05-05 04:48:37,2012-04-30,train,34_4
36,496,254,Department Store,40.76459171490056,-73.97121297728602,2012-05-01 15:41:11,2012-04-30,train,36_4
36,249,130,Burger Joint,40.74140750304299,-73.98843795061111,2012-05-01 19:32:11,2012-04-30,train,36_4
36,2060,7,Clothing Store,40.72248722401112,-73.99767450040193,2012-05-04 10:47:25,2012-04-30,train,36_4
36,954,146,Movie Theater,40.74492342607472,-73.9980360386088,2012-05-04 18:56:29,2012-04-30,train,36_4
36,1541,131,Café,40.671275,-73.95768733507757,2012-05-05 11:32:38,2012-04-30,train,36_4
36,4901,194,Mexican Restaurant,40.759220487652186,-73.98880004882812,2012-05-05 13:58:47,2012-04-30,train,36_4
36,354,121,Park,40.66390776998241,-73.970947265625,2012-05-06 12:54:27,2012-04-30,train,36_4
36,3191,203,Food Truck,40.734487719356174,-73.99039194274509,2012-05-06 13:50:25,2012-04-30,train,36_4
37,4136,222,Coffee Shop,40.754477820892326,-73.97463220786786,2012-05-01 15:05:38,2012-04-30,train,37_4
37,4136,222,Coffee Shop,40.754688707861,-73.97421897092632,2012-05-04 13:16:32,2012-04-30,train,37_4
37,684,102,American Restaurant,40.76873857492914,-73.98185223227772,2012-05-05 18:53:15,2012-04-30,train,37_4
37,896,119,Other Great Outdoors,40.78447335869806,-73.96120548248291,2012-05-06 13:26:33,2012-04-30,train,37_4
37,1155,222,Coffee Shop,40.785672315100136,-73.97271524012237,2012-05-06 15:02:49,2012-04-30,train,37_4
39,2292,6,Home (private),40.792168756529016,-74.00063278107605,2012-05-01 20:57:46,2012-04-30,train,39_4
39,2292,6,Home (private),40.792168756529016,-74.00063278107605,2012-05-05 18:09:15,2012-04-30,train,39_4
39,2292,6,Home (private),40.792168756529016,-74.00063278107605,2012-05-06 20:42:24,2012-04-30,train,39_4
44,3907,209,Sushi Restaurant,40.74476767769092,-73.98205429315567,2012-05-01 15:26:56,2012-04-30,train,44_2
44,1170,194,Mexican Restaurant,40.745245,-73.982692,2012-05-01 15:45:13,2012-04-30,train,44_2
44,605,238,Music Venue,40.72856334811506,-73.99995849221705,2012-05-03 21:13:45,2012-04-30,train,44_2
44,3441,100,Vietnamese Restaurant,40.72979057247075,-74.00069303656065,2012-05-03 23:09:58,2012-04-30,train,44_2
44,722,183,University,40.81965536288057,-73.9500904083252,2012-05-04 20:37:29,2012-04-30,train,44_2
44,342,159,Art Museum,40.6716389935202,-73.96381202180841,2012-05-05 17:32:44,2012-04-30,train,44_2
45,2109,222,Coffee Shop,40.7539591745711,-73.97656637453203,2012-05-04 15:19:50,2012-04-30,train,45_2
45,4341,58,Electronics Store,40.72322458198709,-74.00107812907663,2012-05-04 19:23:56,2012-04-30,train,45_2
45,1444,102,American Restaurant,40.72370271254013,-73.99634311572709,2012-05-04 20:18:13,2012-04-30,train,45_2
45,743,265,Mall,40.72696606629052,-74.0383243560791,2012-05-06 17:49:10,2012-04-30,train,45_2
45,913,147,Movie Theater,40.72690102141602,-74.03768062591553,2012-05-06 19:08:21,2012-04-30,train,45_2
46,1986,6,Home (private),40.71478702896252,-74.01238511084367,2012-05-01 18:41:09,2012-04-30,train,46_4
46,903,233,Other Great Outdoors,40.712016,-74.01684,2012-05-05 08:08:21,2012-04-30,train,46_4
47,3587,6,Home (private),40.750991477566174,-73.98887973002674,2012-05-02 01:00:28,2012-04-30,train,47_4
47,1520,50,Bar,40.73830503995525,-73.99300887473368,2012-05-04 18:44:03,2012-04-30,train,47_4
47,3554,138,Gym / Fitness Center,40.74149913770269,-73.99548230174678,2012-05-05 08:33:41,2012-04-30,train,47_4
47,1662,159,Art Museum,40.761396839012,-73.97698574930376,2012-05-05 15:14:24,2012-04-30,train,47_4
47,126,41,Bar,40.75999389342078,-73.99179223535523,2012-05-06 18:40:44,2012-04-30,train,47_4
49,2445,61,Office,40.74190869100568,-73.98925563221387,2012-05-03 08:36:42,2012-04-30,train,49_4
49,2445,61,Office,40.74190869100568,-73.98925563221387,2012-05-04 08:42:03,2012-04-30,train,49_4
49,3085,37,Bar,40.722342,-73.983208,2012-05-06 16:39:30,2012-04-30,train,49_4
51,1475,241,Airport,40.773839,-73.87122,2012-05-04 20:35:40,2012-04-30,train,51_4
51,405,241,Airport,40.645089355976346,-73.7845230102539,2012-05-06 14:27:17,2012-04-30,train,51_4
51,1297,239,Airport,40.640888674046494,-73.78684043884277,2012-05-06 14:38:01,2012-04-30,train,51_4
52,2275,78,Library,40.73699909877152,-73.99245220578715,2012-05-02 08:07:30,2012-04-30,train,52_3
52,2275,78,Library,40.73699909877152,-73.99245220578715,2012-05-03 08:08:22,2012-04-30,train,52_3
52,2275,78,Library,40.73699909877152,-73.99245220578715,2012-05-04 08:24:49,2012-04-30,train,52_3
52,2275,78,Library,40.73699909877152,-73.99245220578715,2012-05-04 14:14:13,2012-04-30,train,52_3
52,458,106,Burrito Place,40.76271587683453,-73.98763664066797,2012-05-05 15:53:34,2012-04-30,train,52_3
52,660,122,Plaza,40.76803326982161,-73.98186922073364,2012-05-06 16:03:45,2012-04-30,train,52_3
52,279,121,Park,40.7714256153356,-73.97350072860723,2012-05-06 16:08:44,2012-04-30,train,52_3
52,495,134,Event Space,40.782860080688806,-73.95289014999135,2012-05-06 19:36:20,2012-04-30,train,52_3
54,3664,194,Mexican Restaurant,40.77787134925543,-73.95476139494657,2012-05-01 14:56:16,2012-04-30,train,54_4
54,3456,284,Historic Site,40.79301881008675,-73.94794464111328,2012-05-01 19:45:06,2012-04-30,train,54_4
54,2918,301,Neighborhood,40.79357113982765,-73.94451141357422,2012-05-01 19:45:16,2012-04-30,train,54_4
54,1996,264,Subway,40.803894,-73.937624,2012-05-01 20:30:54,2012-04-30,train,54_4
54,2166,221,Bridge,40.8038371384793,-73.92893314361572,2012-05-01 20:31:49,2012-04-30,train,54_4
54,1372,221,Bridge,40.78008648315284,-73.92702341079712,2012-05-01 20:32:02,2012-04-30,train,54_4
54,4298,280,Travel & Transport,40.797856373078695,-73.92182254453026,2012-05-01 20:32:18,2012-04-30,train,54_4
54,2918,301,Neighborhood,40.79357113982765,-73.94451141357422,2012-05-01 20:32:31,2012-04-30,train,54_4
54,4715,299,Housing Development,40.71057518520275,-73.81579267141066,2012-05-02 00:41:41,2012-04-30,train,54_4
54,2710,98,Donut Shop,40.70908991941677,-73.81811900410534,2012-05-03 08:32:28,2012-04-30,train,54_4
54,2466,264,Subway,40.70917392412283,-73.82070064544678,2012-05-03 08:42:17,2012-04-30,train,54_4
54,1372,221,Bridge,40.78008648315284,-73.92702341079712,2012-05-03 09:02:12,2012-04-30,train,54_4
54,4298,280,Travel & Transport,40.797856373078695,-73.92182254453026,2012-05-03 09:02:25,2012-04-30,train,54_4
54,2166,221,Bridge,40.8038371384793,-73.92893314361572,2012-05-03 09:03:34,2012-04-30,train,54_4
54,2918,301,Neighborhood,40.79357113982765,-73.94451141357422,2012-05-03 09:03:58,2012-04-30,train,54_4
54,4104,96,Deli / Bodega,40.79437893161566,-73.94883189698274,2012-05-03 09:30:37,2012-04-30,train,54_4
54,4695,281,Residential Building (Apartment / Condo),40.79438498239602,-73.94910742463527,2012-05-03 09:30:55,2012-04-30,train,54_4
54,2918,301,Neighborhood,40.79357113982765,-73.94451141357422,2012-05-03 09:49:37,2012-04-30,train,54_4
54,2017,132,Fast Food Restaurant,40.777740928194255,-73.95470399506407,2012-05-03 10:02:57,2012-04-30,train,54_4
54,3939,248,Toy / Game Store,40.77801771460635,-73.95453753530832,2012-05-03 10:04:25,2012-04-30,train,54_4
54,2909,130,Burger Joint,40.77912606570555,-73.95490489457822,2012-05-03 13:19:37,2012-04-30,train,54_4
54,1437,185,College Academic Building,40.77937325315485,-73.95507135401736,2012-05-03 13:42:17,2012-04-30,train,54_4
54,2420,121,Park,40.79776219813824,-73.95309448242188,2012-05-03 18:19:17,2012-04-30,train,54_4
54,4298,280,Travel & Transport,40.797856373078695,-73.92182254453026,2012-05-03 18:54:40,2012-04-30,train,54_4
54,1372,221,Bridge,40.78008648315284,-73.92702341079712,2012-05-03 18:54:56,2012-04-30,train,54_4
54,2710,98,Donut Shop,40.70908991941677,-73.81811900410534,2012-05-04 07:56:38,2012-04-30,train,54_4
54,2466,264,Subway,40.70917392412283,-73.82070064544678,2012-05-04 08:23:37,2012-04-30,train,54_4
54,2125,264,Subway,40.76464887712308,-73.9663553237915,2012-05-04 09:22:19,2012-04-30,train,54_4
54,4104,96,Deli / Bodega,40.79437893161566,-73.94883189698274,2012-05-04 09:39:30,2012-04-30,train,54_4
54,4695,281,Residential Building (Apartment / Condo),40.79438498239602,-73.94910742463527,2012-05-04 09:41:40,2012-04-30,train,54_4
54,3939,248,Toy / Game Store,40.77801771460635,-73.95453753530832,2012-05-04 10:02:51,2012-04-30,train,54_4
54,2918,301,Neighborhood,40.79357113982765,-73.94451141357422,2012-05-04 20:46:31,2012-04-30,train,54_4
54,2420,121,Park,40.79776219813824,-73.95309448242188,2012-05-04 20:46:52,2012-04-30,train,54_4
54,3489,7,Clothing Store,40.75406798339401,-73.98010969161987,2012-05-04 21:19:02,2012-04-30,train,54_4
54,4275,132,Fast Food Restaurant,40.75679869785023,-73.9878988265991,2012-05-04 21:55:13,2012-04-30,train,54_4
54,599,85,Theater,40.76279561547783,-73.98758098483086,2012-05-06 17:19:24,2012-04-30,train,54_4
54,152,194,Mexican Restaurant,40.757123775433385,-73.98948267102242,2012-05-06 19:43:14,2012-04-30,train,54_4
54,972,221,Bridge,40.75673368214285,-73.95445704460144,2012-05-06 21:46:45,2012-04-30,train,54_4
54,1026,301,Neighborhood,40.75919236359588,-73.95305661116662,2012-05-06 21:47:04,2012-04-30,train,54_4
54,4715,299,Housing Development,40.71057518520275,-73.81579267141066,2012-05-06 22:15:23,2012-04-30,train,54_4
55,3262,39,Beer Garden,40.687147,-73.990846,2012-05-04 11:00:41,2012-04-30,train,55_2
55,636,252,Food & Drink Shop,40.69001786288236,-73.99341633242287,2012-05-05 16:57:39,2012-04-30,train,55_2
55,1588,222,Coffee Shop,40.733029,-73.990038,2012-05-06 16:36:16,2012-04-30,train,55_2
56,192,121,Park,40.73528249691621,-73.99040315158283,2012-05-01 18:54:30,2012-04-30,train,56_4
56,3764,39,Beer Garden,40.72321775167592,-73.95275115966797,2012-05-01 20:10:04,2012-04-30,train,56_4
56,506,238,Music Venue,40.71496421078609,-73.96650552749634,2012-05-01 23:28:48,2012-04-30,train,56_4
56,4446,197,Sandwich Place,40.72989539441671,-73.99211361254487,2012-05-03 13:49:34,2012-04-30,train,56_4
56,48,232,Music Venue,40.73169799836348,-73.98922693741638,2012-05-05 00:38:12,2012-04-30,train,56_4
56,223,121,Park,40.72123579454978,-73.95244816617493,2012-05-05 15:41:27,2012-04-30,train,56_4
57,3437,6,Home (private),40.92039063491639,-74.00063278107605,2012-05-04 11:28:01,2012-04-30,train,57_3
57,2539,42,Food & Drink Shop,40.91338508182094,-74.00116934115263,2012-05-06 22:26:56,2012-04-30,train,57_3
58,1823,264,Subway,40.76799670467506,-73.98189067840576,2012-05-03 16:39:05,2012-04-30,train,58_0
58,3289,301,Neighborhood,40.65016889724004,-73.94957542419434,2012-05-03 17:40:28,2012-04-30,train,58_0
58,4138,6,Home (private),40.70156643050114,-73.98887973002674,2012-05-03 17:45:35,2012-04-30,train,58_0
58,916,221,Bridge,40.705888200473375,-73.9900016784668,2012-05-04 23:58:06,2012-04-30,train,58_0
58,3565,301,Neighborhood,40.74959782183326,-73.98605346679688,2012-05-05 00:05:36,2012-04-30,train,58_0
58,2359,257,Road,40.77114935894503,-73.99442195892334,2012-05-05 00:12:25,2012-04-30,train,58_0
58,919,221,Bridge,40.85121557428245,-73.95206451416016,2012-05-05 00:29:39,2012-04-30,train,58_0
58,2780,257,Road,40.90105786688402,-74.1507625579834,2012-05-05 00:52:31,2012-04-30,train,58_0
59,4481,138,Gym / Fitness Center,40.74611901545656,-73.99307012557983,2012-05-02 07:00:07,2012-04-30,train,59_3
59,4481,138,Gym / Fitness Center,40.74611901545656,-73.99307012557983,2012-05-03 07:13:19,2012-04-30,train,59_3
59,1243,61,Office,40.75269756436712,-73.99003612905999,2012-05-03 09:26:41,2012-04-30,train,59_3
59,1152,222,Coffee Shop,40.75171,-73.990295,2012-05-03 16:39:01,2012-04-30,train,59_3
59,336,48,Bar,40.74985920636586,-73.98996152288103,2012-05-03 19:08:07,2012-04-30,train,59_3
59,1243,61,Office,40.75269756436712,-73.99003612905999,2012-05-04 10:46:47,2012-04-30,train,59_3
59,352,248,Toy / Game Store,40.76355592117652,-73.97286772727966,2012-05-04 14:11:40,2012-04-30,train,59_3
59,1662,159,Art Museum,40.761396839012,-73.97698574930376,2012-05-04 16:15:53,2012-04-30,train,59_3
59,4481,138,Gym / Fitness Center,40.74611901545656,-73.99307012557983,2012-05-05 07:13:23,2012-04-30,train,59_3
59,2177,284,Historic Site,40.7114673282201,-74.01328325271606,2012-05-06 14:30:49,2012-04-30,train,59_3
59,233,147,Movie Theater,40.757031390907855,-73.98902607371383,2012-05-06 16:07:02,2012-04-30,train,59_3
61,814,137,Gym / Fitness Center,40.7688813932515,-73.9820036551295,2012-05-05 09:33:52,2012-04-30,train,61_4
61,4458,216,Tea Room,40.73151269111616,-74.003206534168,2012-05-05 16:32:15,2012-04-30,train,61_4
61,706,7,Clothing Store,40.72180301361468,-73.99981399503366,2012-05-05 17:31:08,2012-04-30,train,61_4
61,1027,7,Clothing Store,40.737231,-73.996793,2012-05-06 17:40:51,2012-04-30,train,61_4
61,814,137,Gym / Fitness Center,40.7688813932515,-73.9820036551295,2012-05-06 20:20:14,2012-04-30,train,61_4
62,4155,281,Residential Building (Apartment / Condo),40.8706300946324,-74.09792627389562,2012-05-01 14:00:16,2012-04-30,train,62_4
62,4801,308,Funeral Home,40.87053932297712,-74.0979549522799,2012-05-01 18:54:15,2012-04-30,train,62_4
62,720,146,Movie Theater,40.828585959081536,-74.14026975631714,2012-05-01 19:38:55,2012-04-30,train,62_4
62,3190,135,Post Office,40.873059,-74.109526,2012-05-03 16:49:14,2012-04-30,train,62_4
62,4285,6,Home (private),40.87454170662472,-74.09463109843134,2012-05-03 18:30:32,2012-04-30,train,62_4
62,2536,42,Food & Drink Shop,40.87908693430124,-74.08500908544775,2012-05-03 21:33:52,2012-04-30,train,62_4
62,4155,281,Residential Building (Apartment / Condo),40.8706300946324,-74.09792627389562,2012-05-04 14:02:56,2012-04-30,train,62_4
62,3156,254,Department Store,40.86679532183928,-74.10016536712646,2012-05-04 14:58:40,2012-04-30,train,62_4
62,4285,6,Home (private),40.87454170662472,-74.09463109843134,2012-05-04 15:48:13,2012-04-30,train,62_4
62,4775,300,Moving Target,40.86981347415363,-74.0969467163086,2012-05-04 19:02:08,2012-04-30,train,62_4
62,4036,279,Outdoors & Recreation,40.879797,-74.10825,2012-05-04 19:07:06,2012-04-30,train,62_4
62,2400,230,Bowling Alley,40.84666901678074,-74.11012566358961,2012-05-04 19:32:15,2012-04-30,train,62_4
62,4775,300,Moving Target,40.86981347415363,-74.0969467163086,2012-05-05 17:21:45,2012-04-30,train,62_4
62,4901,194,Mexican Restaurant,40.759220487652186,-73.98880004882812,2012-05-05 18:08:30,2012-04-30,train,62_4
62,3172,270,Parking,40.811340708909874,-74.0822696685791,2012-05-05 18:12:15,2012-04-30,train,62_4
62,2094,249,Racetrack,40.81721953702811,-74.07673358917236,2012-05-05 18:15:50,2012-04-30,train,62_4
62,3481,120,Other Great Outdoors,40.90447651180845,-74.10088012450512,2012-05-06 14:56:49,2012-04-30,train,62_4
63,685,201,Ice Cream Shop,40.72957974686472,-73.9869141226312,2012-05-01 19:01:18,2012-04-30,train,63_4
63,2153,301,Neighborhood,40.727486422997785,-73.98632168769836,2012-05-03 10:17:37,2012-04-30,train,63_4
63,3802,301,Neighborhood,40.73346530661768,-74.00312619457237,2012-05-03 10:38:32,2012-04-30,train,63_4
63,2884,9,Clothing Store,40.73352393457447,-74.00432554645808,2012-05-03 10:39:00,2012-04-30,train,63_4
63,136,141,Bagel Shop,40.73644,-73.99734223,2012-05-03 17:30:12,2012-04-30,train,63_4
63,4500,201,Ice Cream Shop,40.73647548003712,-73.99754824880391,2012-05-03 17:52:07,2012-04-30,train,63_4
63,611,183,University,40.74709440008955,-73.99452924728394,2012-05-03 18:35:05,2012-04-30,train,63_4
63,2884,9,Clothing Store,40.73352393457447,-74.00432554645808,2012-05-04 10:42:03,2012-04-30,train,63_4
63,2153,301,Neighborhood,40.727486422997785,-73.98632168769836,2012-05-04 10:57:12,2012-04-30,train,63_4
63,685,201,Ice Cream Shop,40.72957974686472,-73.9869141226312,2012-05-04 14:43:24,2012-04-30,train,63_4
63,685,201,Ice Cream Shop,40.72957974686472,-73.9869141226312,2012-05-06 21:01:34,2012-04-30,train,63_4
64,3407,301,Neighborhood,40.82507881379304,-73.92013549804688,2012-05-05 08:07:20,2012-04-30,train,64_0
64,3103,257,Road,40.85381245334477,-73.96360874176025,2012-05-06 21:59:32,2012-04-30,train,64_0
64,5091,114,Cemetery,40.74890933404696,-73.96507013702977,2012-05-06 22:07:12,2012-04-30,train,64_0
64,2693,221,Bridge,40.74485099404664,-73.96532535552979,2012-05-06 22:08:39,2012-04-30,train,64_0
67,3479,50,Bar,40.7216130038783,-73.95814221792891,2012-05-04 21:06:41,2012-04-30,train,67_4
67,849,103,Southern / Soul Food Restaurant,40.714718,-73.949522,2012-05-05 00:12:32,2012-04-30,train,67_4
67,734,247,Sporting Goods Shop,40.73753501383214,-73.99030208587646,2012-05-06 16:25:32,2012-04-30,train,67_4
69,349,70,Train Station,40.75280620914171,-73.97717535495758,2012-05-01 18:47:33,2012-04-30,train,69_4
69,4725,61,Office,40.75289601045536,-73.97414435860618,2012-05-04 18:10:47,2012-04-30,train,69_4
70,192,121,Park,40.73528249691621,-73.99040315158283,2012-05-01 18:04:40,2012-04-30,train,70_0
70,1588,222,Coffee Shop,40.733029,-73.990038,2012-05-03 11:20:31,2012-04-30,train,70_0
70,915,44,Food & Drink Shop,40.733879,-73.988185,2012-05-03 11:28:54,2012-04-30,train,70_0
70,494,177,College Academic Building,40.72962472112688,-73.99666428565979,2012-05-03 19:39:41,2012-04-30,train,70_0
70,2105,222,Coffee Shop,40.74708298027893,-73.9934450265937,2012-05-04 13:30:34,2012-04-30,train,70_0
70,1200,194,Mexican Restaurant,40.74609119787697,-73.9942714168711,2012-05-04 19:38:37,2012-04-30,train,70_0
70,2105,222,Coffee Shop,40.74708298027893,-73.9934450265937,2012-05-06 15:07:03,2012-04-30,train,70_0
71,2998,91,High School,40.76568899694568,-73.93309593200684,2012-05-03 08:01:27,2012-04-30,train,71_3
71,1281,264,Subway,40.747614599377656,-73.883957862854,2012-05-04 07:26:38,2012-04-30,train,71_3
71,1515,264,Subway,40.75047562272483,-73.94028425216675,2012-05-04 07:40:01,2012-04-30,train,71_3
71,3422,265,Mall,40.75775097250373,-73.83428195378643,2012-05-05 13:19:36,2012-04-30,train,71_3
71,479,265,Mall,40.73405557647634,-73.87084722518921,2012-05-05 14:24:17,2012-04-30,train,71_3
72,1641,258,Food & Drink Shop,40.80547929368668,-74.19283338241432,2012-05-05 12:28:21,2012-04-30,train,72_3
72,2997,90,School,40.824786543313365,-74.1840648651123,2012-05-05 12:48:08,2012-04-30,train,72_3
72,2948,42,Food & Drink Shop,40.79691751000055,-74.17977333068848,2012-05-06 15:08:42,2012-04-30,train,72_3
73,291,148,Museum,40.78299485153325,-73.95890951156616,2012-05-05 14:50:39,2012-04-30,train,73_2
73,394,102,American Restaurant,40.745675553377886,-74.0056798295036,2012-05-05 20:37:57,2012-04-30,train,73_2
73,170,102,American Restaurant,40.719607,-73.986764,2012-05-06 19:59:24,2012-04-30,train,73_2
75,3470,259,Hotel,40.71982701192806,-74.00000095367432,2012-05-01 20:11:18,2012-04-30,train,75_4
75,4249,138,Gym / Fitness Center,40.781679837405086,-73.97932123709242,2012-05-02 07:18:00,2012-04-30,train,75_4
75,1097,61,Office,40.76330553806572,-73.98325258717293,2012-05-03 09:50:25,2012-04-30,train,75_4
75,1097,61,Office,40.76330553806572,-73.98325258717293,2012-05-04 10:07:20,2012-04-30,train,75_4
75,1097,61,Office,40.76330553806572,-73.98325258717293,2012-05-04 14:09:20,2012-04-30,train,75_4
75,357,70,Train Station,40.750794799423865,-73.99357639021292,2012-05-04 17:48:00,2012-04-30,train,75_4
75,357,70,Train Station,40.750794799423865,-73.99357639021292,2012-05-04 17:48:30,2012-04-30,train,75_4
77,2868,297,Mobile Phone Shop,40.741190550641626,-73.98966309787518,2012-05-03 09:09:57,2012-04-30,train,77_4
77,512,147,Movie Theater,40.75248097148231,-73.99438619301681,2012-05-03 22:51:17,2012-04-30,train,77_4
77,2868,297,Mobile Phone Shop,40.741190550641626,-73.98966309787518,2012-05-05 11:01:33,2012-04-30,train,77_4
77,695,31,Bar,40.741128,-73.989902,2012-05-05 11:50:42,2012-04-30,train,77_4
77,3954,130,Burger Joint,40.740778258449865,-73.98768315098722,2012-05-05 16:46:35,2012-04-30,train,77_4
77,1868,26,Drugstore / Pharmacy,40.74123105421344,-73.9895368410022,2012-05-05 17:17:23,2012-04-30,train,77_4
77,1388,58,Electronics Store,40.74260751232707,-73.99270534515381,2012-05-05 19:29:50,2012-04-30,train,77_4
79,3774,203,Food Truck,40.73580789980458,-73.98917528677009,2012-05-03 14:07:00,2012-04-30,train,79_4
79,2219,95,Chinese Restaurant,40.75975538564753,-73.83231765725903,2012-05-05 01:31:54,2012-04-30,train,79_4
80,2617,301,Neighborhood,40.694842426245394,-73.9942717552185,2012-05-01 12:03:58,2012-04-30,train,80_4
80,2723,301,Neighborhood,40.702407027583206,-73.98875100667293,2012-05-01 18:42:06,2012-04-30,train,80_4
80,3718,123,Scenic Lookout,40.70427281157053,-73.9867591687836,2012-05-01 18:56:46,2012-04-30,train,80_4
80,767,222,Coffee Shop,40.69467289675027,-73.99408203608046,2012-05-03 13:24:23,2012-04-30,train,80_4
80,3289,301,Neighborhood,40.65016889724004,-73.94957542419434,2012-05-04 11:01:08,2012-04-30,train,80_4
80,2617,301,Neighborhood,40.694842426245394,-73.9942717552185,2012-05-04 12:17:12,2012-04-30,train,80_4
80,2723,301,Neighborhood,40.702407027583206,-73.98875100667293,2012-05-04 12:36:38,2012-04-30,train,80_4
80,3718,123,Scenic Lookout,40.70427281157053,-73.9867591687836,2012-05-04 13:58:33,2012-04-30,train,80_4
80,575,99,Thai Restaurant,40.69516273601986,-73.99544786910717,2012-05-04 20:31:55,2012-04-30,train,80_4
80,1389,138,Gym / Fitness Center,40.697802665282175,-73.99414516303145,2012-05-05 11:17:12,2012-04-30,train,80_4
80,2617,301,Neighborhood,40.694842426245394,-73.9942717552185,2012-05-05 16:52:44,2012-04-30,train,80_4
80,2617,301,Neighborhood,40.694842426245394,-73.9942717552185,2012-05-06 12:28:44,2012-04-30,train,80_4
80,767,222,Coffee Shop,40.69467289675027,-73.99408203608046,2012-05-06 16:40:17,2012-04-30,train,80_4
81,1084,247,Sporting Goods Shop,40.76280318635086,-73.97336953664879,2012-05-01 18:34:07,2012-04-30,train,81_4
81,1685,42,Food & Drink Shop,40.7953483874196,-73.93203544980224,2012-05-01 20:58:27,2012-04-30,train,81_4
81,2855,301,Neighborhood,40.80774561312955,-73.94624880614921,2012-05-04 17:39:06,2012-04-30,train,81_4
81,1725,138,Gym / Fitness Center,40.791511610934,-73.94457838904547,2012-05-05 12:53:48,2012-04-30,train,81_4
81,2890,301,Neighborhood,40.79672258044242,-73.94124984741211,2012-05-05 15:06:02,2012-04-30,train,81_4
81,3289,301,Neighborhood,40.65016889724004,-73.94957542419434,2012-05-06 17:07:43,2012-04-30,train,81_4
81,2339,206,Seafood Restaurant,40.85694778615185,-73.79164315382451,2012-05-06 22:03:09,2012-04-30,train,81_4
82,1293,138,Gym / Fitness Center,40.721273088874895,-73.84692305545667,2012-05-01 19:41:24,2012-04-30,train,82_2
82,3834,37,Bar,40.71400481488442,-73.96559244727067,2012-05-06 16:25:20,2012-04-30,train,82_2
83,979,138,Gym / Fitness Center,40.66600335047696,-73.99015188217163,2012-05-01 22:27:27,2012-04-30,train,83_1
83,4403,222,Coffee Shop,40.72795460840525,-73.99326138382618,2012-05-04 11:27:53,2012-04-30,train,83_1
84,804,70,Train Station,40.73420076077984,-74.16483829470191,2012-05-02 07:00:37,2012-04-30,train,84_4
84,804,70,Train Station,40.73420076077984,-74.16483829470191,2012-05-03 06:42:19,2012-04-30,train,84_4
84,804,70,Train Station,40.73420076077984,-74.16483829470191,2012-05-04 06:53:38,2012-04-30,train,84_4
84,357,70,Train Station,40.750794799423865,-73.99357639021292,2012-05-04 07:11:08,2012-04-30,train,84_4
84,3581,73,Bus Station,40.759019,-73.82994493333334,2012-05-04 08:04:17,2012-04-30,train,84_4
84,2788,61,Office,40.78614007703091,-73.85758207332279,2012-05-04 09:12:53,2012-04-30,train,84_4
85,1416,163,Medical Center,40.909812288567394,-73.90852555632591,2012-05-03 09:51:27,2012-04-30,train,85_4
85,2909,130,Burger Joint,40.77912606570555,-73.95490489457822,2012-05-03 21:20:25,2012-04-30,train,85_4
85,3627,37,Bar,40.73909767536907,-73.98300006491331,2012-05-03 22:29:46,2012-04-30,train,85_4
85,1416,163,Medical Center,40.909812288567394,-73.90852555632591,2012-05-04 10:01:41,2012-04-30,train,85_4
85,1744,163,Medical Center,40.86695759159188,-73.90584468841553,2012-05-05 07:02:31,2012-04-30,train,85_4
86,4214,102,American Restaurant,40.72516293205118,-73.992159523528,2012-05-01 17:50:41,2012-04-30,train,86_4
86,4522,108,Gastropub,40.72639997828572,-73.9917348465147,2012-05-01 18:13:17,2012-04-30,train,86_4
86,613,80,Building,40.74906145419511,-73.98037151805134,2012-05-05 17:01:27,2012-04-30,train,86_4
86,4286,95,Chinese Restaurant,40.727578,-73.98839290000001,2012-05-06 14:18:58,2012-04-30,train,86_4
86,4214,102,American Restaurant,40.72516293205118,-73.992159523528,2012-05-06 16:35:01,2012-04-30,train,86_4
88,3168,6,Home (private),40.79889202318283,-74.11812337576457,2012-05-01 15:49:29,2012-04-30,train,88_4
88,3034,93,Breakfast Spot,40.76880800694593,-74.14129445239169,2012-05-05 08:28:59,2012-04-30,train,88_4
88,3168,6,Home (private),40.79889202318283,-74.11812337576457,2012-05-05 15:51:39,2012-04-30,train,88_4
89,2265,61,Office,40.7563091597125,-73.97491917744405,2012-05-01 12:01:52,2012-04-30,train,89_4
89,2265,61,Office,40.7563091597125,-73.97491917744405,2012-05-04 12:46:56,2012-04-30,train,89_4
90,1652,96,Deli / Bodega,40.76209858436637,-73.99399595384105,2012-05-01 13:47:34,2012-04-30,train,90_4
90,893,194,Mexican Restaurant,40.759534,-73.991765,2012-05-01 20:22:52,2012-04-30,train,90_4
90,1652,96,Deli / Bodega,40.76209858436637,-73.99399595384105,2012-05-03 14:27:55,2012-04-30,train,90_4
90,398,52,Bar,40.76362499327396,-73.99757623672485,2012-05-03 14:28:03,2012-04-30,train,90_4
90,893,194,Mexican Restaurant,40.759534,-73.991765,2012-05-03 19:22:28,2012-04-30,train,90_4
90,398,52,Bar,40.76362499327396,-73.99757623672485,2012-05-04 00:06:34,2012-04-30,train,90_4
90,398,52,Bar,40.76362499327396,-73.99757623672485,2012-05-04 19:24:08,2012-04-30,train,90_4
90,893,194,Mexican Restaurant,40.759534,-73.991765,2012-05-04 21:06:50,2012-04-30,train,90_4
90,398,52,Bar,40.76362499327396,-73.99757623672485,2012-05-06 12:27:48,2012-04-30,train,90_4
93,4068,6,Home (private),40.63063339189206,-73.97712595918333,2012-05-01 18:47:50,2012-04-30,train,93_4
93,4097,6,Home (private),40.63063339189206,-73.97712595918333,2012-05-03 06:56:29,2012-04-30,train,93_4
93,4068,6,Home (private),40.63063339189206,-73.97712595918333,2012-05-03 06:56:45,2012-04-30,train,93_4
93,2146,264,Subway,40.63072779228403,-73.97716999053955,2012-05-03 06:57:07,2012-04-30,train,93_4
93,2818,264,Subway,40.63554789052744,-73.97815704345703,2012-05-03 07:00:36,2012-04-30,train,93_4
93,2867,264,Subway,40.64510634045402,-73.97915479859958,2012-05-03 07:01:44,2012-04-30,train,93_4
93,2155,70,Train Station,40.67559335141301,-73.9030122756958,2012-05-03 07:41:49,2012-04-30,train,93_4
93,2708,240,Airport,40.69881195801446,-73.8087272644043,2012-05-03 07:51:24,2012-04-30,train,93_4
93,1002,70,Train Station,40.69902344282463,-73.81001472473143,2012-05-03 07:51:47,2012-04-30,train,93_4
93,4352,96,Deli / Bodega,40.701143906587234,-73.80793463481984,2012-05-03 07:55:57,2012-04-30,train,93_4
93,4849,80,Building,40.70012693248353,-73.80822184923677,2012-05-03 08:00:11,2012-04-30,train,93_4
93,4849,80,Building,40.70012693248353,-73.80822184923677,2012-05-03 15:10:00,2012-04-30,train,93_4
93,1340,70,Train Station,40.745793884066536,-73.90296936035156,2012-05-03 20:00:38,2012-04-30,train,93_4
93,1002,70,Train Station,40.69902344282463,-73.81001472473143,2012-05-04 04:32:11,2012-04-30,train,93_4
93,4849,80,Building,40.70012693248353,-73.8086009716311,2012-05-04 04:34:04,2012-04-30,train,93_4
93,1002,70,Train Station,40.69902344282463,-73.81001472473143,2012-05-04 16:00:54,2012-04-30,train,93_4
93,2579,213,Bar,40.75993303149664,-73.90088412479629,2012-05-04 20:48:01,2012-04-30,train,93_4
93,4068,6,Home (private),40.63063339189206,-73.97712595918333,2012-05-05 05:59:31,2012-04-30,train,93_4
93,4097,6,Home (private),40.63063339189206,-73.97712595918333,2012-05-05 05:59:39,2012-04-30,train,93_4
93,1904,264,Subway,40.62599053984701,-73.97624497132963,2012-05-05 19:13:17,2012-04-30,train,93_4
93,3738,70,Train Station,40.62098150778056,-73.97536684912832,2012-05-05 19:14:28,2012-04-30,train,93_4
93,2550,264,Subway,40.60906918068248,-73.97311126196983,2012-05-05 19:16:54,2012-04-30,train,93_4
93,1724,264,Subway,40.60323393447623,-73.97238004439811,2012-05-05 19:18:00,2012-04-30,train,93_4
93,2980,264,Subway,40.59605782365764,-73.97335588932037,2012-05-05 19:19:08,2012-04-30,train,93_4
93,2761,71,Train Station,40.59009477009124,-73.97417879506523,2012-05-05 19:21:04,2012-04-30,train,93_4
93,3568,264,Subway,40.5808535628616,-73.97476136684418,2012-05-05 19:23:08,2012-04-30,train,93_4
94,357,70,Train Station,40.750794799423865,-73.99357639021292,2012-05-01 23:43:58,2012-04-30,train,94_4
94,1007,61,Office,40.74551752113523,-73.99235129356384,2012-05-03 09:48:13,2012-04-30,train,94_4
94,357,70,Train Station,40.750794799423865,-73.99357639021292,2012-05-03 20:20:50,2012-04-30,train,94_4
94,357,70,Train Station,40.750794799423865,-73.99357639021292,2012-05-04 10:03:16,2012-04-30,train,94_4
94,1007,61,Office,40.74551752113523,-73.99235129356384,2012-05-04 10:30:29,2012-04-30,train,94_4
99,283,37,Bar,40.72910081035689,-74.00097996717963,2012-05-04 20:32:21,2012-04-30,train,99_3
99,360,37,Bar,40.72820506950233,-73.99927559299557,2012-05-04 21:20:29,2012-04-30,train,99_3
100,3287,91,High School,40.751850380472376,-73.75689580404976,2012-05-02 07:30:49,2012-04-30,train,100_3
100,3287,91,High School,40.751850380472376,-73.75689580404976,2012-05-03 07:30:40,2012-04-30,train,100_3
100,876,222,Coffee Shop,40.75811474431927,-73.82963977754116,2012-05-03 17:09:23,2012-04-30,train,100_3
100,879,265,Mall,40.74889538252527,-73.98856695588998,2012-05-03 18:22:58,2012-04-30,train,100_3
100,357,70,Train Station,40.750794799423865,-73.99357639021292,2012-05-03 21:16:23,2012-04-30,train,100_3
100,357,70,Train Station,40.750794799423865,-73.99357639021292,2012-05-05 17:40:50,2012-04-30,train,100_3
101,232,121,Park,40.73083612189599,-73.99764060974121,2012-05-01 19:26:11,2012-04-30,train,101_3
101,1047,137,Gym / Fitness Center,40.70819,-74.00648,2012-05-03 09:07:07,2012-04-30,train,101_3
101,638,42,Food & Drink Shop,40.71576861458222,-74.01195760955345,2012-05-04 21:19:28,2012-04-30,train,101_3
101,232,121,Park,40.73083612189599,-73.99764060974121,2012-05-06 15:51:08,2012-04-30,train,101_3
101,2752,42,Food & Drink Shop,40.778504,-73.982092,2012-05-06 19:44:10,2012-04-30,train,101_3
102,319,258,Food & Drink Shop,40.67685118834076,-73.98010177430896,2012-05-01 16:18:09,2012-04-30,train,102_2
102,224,39,Beer Garden,40.721128035611365,-73.99304866790771,2012-05-04 20:35:32,2012-04-30,train,102_2
102,1187,39,Beer Garden,40.7405579801227,-74.00777996246534,2012-05-04 21:41:47,2012-04-30,train,102_2
103,1128,63,Office,40.73893324113601,-73.99237275123596,2012-05-03 12:57:32,2012-04-30,train,103_4
103,211,37,Bar,40.72460969592903,-73.98294267344437,2012-05-03 18:37:03,2012-04-30,train,103_4
103,4361,281,Residential Building (Apartment / Condo),40.71770187612652,-73.95210950256656,2012-05-03 20:18:02,2012-04-30,train,103_4
103,4544,138,Gym / Fitness Center,40.71775084928534,-73.95186267956281,2012-05-03 20:37:22,2012-04-30,train,103_4
103,1128,63,Office,40.73893324113601,-73.99237275123596,2012-05-04 12:22:04,2012-04-30,train,103_4
103,4544,138,Gym / Fitness Center,40.71775084928534,-73.95186267956281,2012-05-04 21:30:56,2012-04-30,train,103_4
106,3251,128,Bakery,40.747631,-73.98613,2012-05-01 14:14:12,2012-04-30,train,106_4
106,3251,128,Bakery,40.747631,-73.98613,2012-05-01 14:14:21,2012-04-30,train,106_4
106,890,222,Coffee Shop,40.7371935817703,-73.99653553962708,2012-05-01 21:56:32,2012-04-30,train,106_4
106,2968,130,Burger Joint,40.75845677498381,-73.98914046612941,2012-05-03 12:38:50,2012-04-30,train,106_4
106,2050,61,Office,40.75603128410371,-73.98568596648084,2012-05-03 13:49:22,2012-04-30,train,106_4
106,2112,222,Coffee Shop,40.7595730799586,-73.98524405790694,2012-05-05 00:53:00,2012-04-30,train,106_4
106,1220,222,Coffee Shop,40.75755033809161,-73.98486527831999,2012-05-05 05:38:50,2012-04-30,train,106_4
106,179,121,Park,40.75372797263211,-73.98368835767094,2012-05-05 09:46:51,2012-04-30,train,106_4
106,674,254,Department Store,40.75831461619259,-73.9772837904573,2012-05-05 11:44:16,2012-04-30,train,106_4
106,2968,130,Burger Joint,40.75845677498381,-73.98914046612941,2012-05-05 13:02:27,2012-04-30,train,106_4
107,3130,301,Neighborhood,40.75951304689015,-73.83147239685059,2012-05-01 20:30:51,2012-04-30,train,107_4
107,3421,93,Breakfast Spot,40.70216749383473,-73.80146071170893,2012-05-03 06:59:45,2012-04-30,train,107_4
107,3036,73,Bus Station,40.70759791461013,-73.80280491539827,2012-05-03 18:15:52,2012-04-30,train,107_4
107,2028,42,Food & Drink Shop,40.76396260951911,-73.82912419785441,2012-05-03 19:48:39,2012-04-30,train,107_4
107,407,42,Food & Drink Shop,40.73485228613973,-73.99108529090881,2012-05-04 16:44:33,2012-04-30,train,107_4
107,2378,7,Clothing Store,40.73595831,-73.991189,2012-05-04 17:16:02,2012-04-30,train,107_4
107,1397,14,Clothing Store,40.73524837370153,-73.99113800155543,2012-05-04 17:49:11,2012-04-30,train,107_4
107,947,222,Coffee Shop,40.73709857380555,-73.99039768167009,2012-05-04 18:09:42,2012-04-30,train,107_4
107,527,42,Food & Drink Shop,40.723955,-73.991829,2012-05-04 20:43:45,2012-04-30,train,107_4
107,876,222,Coffee Shop,40.75811474431927,-73.82963977754116,2012-05-05 06:43:20,2012-04-30,train,107_4
107,3036,73,Bus Station,40.70759791461013,-73.80280491539827,2012-05-05 07:33:21,2012-04-30,train,107_4
107,751,146,Movie Theater,40.7148694149892,-74.01538906944295,2012-05-05 14:19:26,2012-04-30,train,107_4
107,2115,26,Drugstore / Pharmacy,40.60586316648548,-73.98481362650024,2012-05-06 12:47:00,2012-04-30,train,107_4
107,2467,257,Road,40.68779755192939,-73.89198303222656,2012-05-06 15:40:44,2012-04-30,train,107_4
107,3130,301,Neighborhood,40.76487640472523,-73.81782531738281,2012-05-06 15:52:56,2012-04-30,train,107_4
107,876,222,Coffee Shop,40.75811474431927,-73.82963977754116,2012-05-06 16:21:12,2012-04-30,train,107_4
107,2028,42,Food & Drink Shop,40.76396260951911,-73.82912419785441,2012-05-06 17:19:29,2012-04-30,train,107_4
108,2688,264,Subway,40.60189764651378,-73.99352073669434,2012-05-01 15:14:23,2012-04-30,train,108_4
108,1481,264,Subway,40.68430737873073,-73.97759780287743,2012-05-01 15:54:47,2012-04-30,train,108_4
108,1529,264,Subway,40.68805850973953,-73.98049054251578,2012-05-01 15:55:48,2012-04-30,train,108_4
108,3583,136,Office,40.688073736593104,-73.981043006149,2012-05-01 16:08:25,2012-04-30,train,108_4
108,4420,136,Office,40.6866771440928,-73.97945323993258,2012-05-01 16:10:27,2012-04-30,train,108_4
108,2888,70,Train Station,40.64639997975282,-73.99432003498077,2012-05-01 23:30:46,2012-04-30,train,108_4
108,3657,6,Home (private),40.60259048645985,-73.98887973002674,2012-05-02 01:35:55,2012-04-30,train,108_4
108,3657,6,Home (private),40.60259048645985,-73.98887973002674,2012-05-03 15:49:30,2012-04-30,train,108_4
108,974,221,Bridge,40.60679958140643,-74.04416981025437,2012-05-03 17:10:53,2012-04-30,train,108_4
108,3657,6,Home (private),40.60259048645985,-73.98887973002674,2012-05-04 05:01:45,2012-04-30,train,108_4
108,2688,264,Subway,40.60189764651378,-73.99352073669434,2012-05-04 12:08:18,2012-04-30,train,108_4
108,423,70,Train Station,40.68456336807219,-73.97761667053776,2012-05-04 13:05:45,2012-04-30,train,108_4
108,1481,264,Subway,40.68430737873073,-73.97759780287743,2012-05-04 13:06:31,2012-04-30,train,108_4
108,1529,264,Subway,40.68805850973953,-73.98049054251578,2012-05-04 13:07:06,2012-04-30,train,108_4
108,3583,136,Office,40.688073736593104,-73.981043006149,2012-05-04 13:07:49,2012-04-30,train,108_4
108,2888,70,Train Station,40.64639997975282,-73.99432003498077,2012-05-04 21:42:49,2012-04-30,train,108_4
108,4052,70,Train Station,40.62595620370298,-73.99701833724976,2012-05-04 21:48:28,2012-04-30,train,108_4
108,3657,6,Home (private),40.60259048645985,-73.98887973002674,2012-05-05 00:49:35,2012-04-30,train,108_4
108,3657,6,Home (private),40.60259048645985,-73.98887973002674,2012-05-06 23:12:00,2012-04-30,train,108_4
109,4864,233,Other Great Outdoors,40.604592,-73.992453,2012-05-01 13:39:27,2012-04-30,train,109_4
109,475,63,Office,40.741027222595015,-74.00241461382495,2012-05-01 15:52:59,2012-04-30,train,109_4
109,3687,6,Home (private),40.60259048645985,-73.98887973002674,2012-05-02 01:00:46,2012-04-30,train,109_4
109,4864,233,Other Great Outdoors,40.604592,-73.992453,2012-05-02 04:06:51,2012-04-30,train,109_4
109,4380,233,Other Great Outdoors,40.604532,-73.992438,2012-05-03 11:01:27,2012-04-30,train,109_4
109,1429,264,Subway,40.61230102976052,-73.98224249614313,2012-05-03 13:38:28,2012-04-30,train,109_4
109,1145,71,Train Station,40.707149,-73.99057,2012-05-03 23:24:46,2012-04-30,train,109_4
109,3687,6,Home (private),40.60259048645985,-73.98887973002674,2012-05-04 01:57:58,2012-04-30,train,109_4
109,4380,233,Other Great Outdoors,40.604532,-73.992438,2012-05-04 02:35:12,2012-04-30,train,109_4
109,4134,6,Home (private),40.60259048645985,-73.98887973002674,2012-05-04 02:36:17,2012-04-30,train,109_4
109,4380,233,Other Great Outdoors,40.604532,-73.992438,2012-05-04 10:19:19,2012-04-30,train,109_4
109,2688,264,Subway,40.60189764651378,-73.99352073669434,2012-05-04 10:51:13,2012-04-30,train,109_4
109,1514,264,Subway,40.73977358599364,-74.00257587432861,2012-05-04 14:13:46,2012-04-30,train,109_4
109,475,63,Office,40.74122198681612,-74.00247773803042,2012-05-04 14:14:02,2012-04-30,train,109_4
109,4864,233,Other Great Outdoors,40.604592,-73.992453,2012-05-05 02:40:47,2012-04-30,train,109_4
109,3687,6,Home (private),40.60259048645985,-73.98887973002674,2012-05-05 02:43:16,2012-04-30,train,109_4
109,4380,233,Other Great Outdoors,40.604532,-73.992438,2012-05-05 13:04:56,2012-04-30,train,109_4
109,4864,233,Other Great Outdoors,40.604592,-73.992453,2012-05-05 13:05:47,2012-04-30,train,109_4
109,4901,194,Mexican Restaurant,40.759220487652186,-73.98880004882812,2012-05-05 13:10:44,2012-04-30,train,109_4
109,475,63,Office,40.74122198681612,-74.00247773803042,2012-05-06 12:29:41,2012-04-30,train,109_4
109,3687,6,Home (private),40.60259048645985,-73.98887973002674,2012-05-06 21:44:27,2012-04-30,train,109_4
111,1355,222,Coffee Shop,40.74330301258302,-73.91826369774468,2012-05-01 16:26:50,2012-04-30,train,111_3
111,3750,64,Government Building,40.75052331906269,-73.93994017936863,2012-05-01 16:39:41,2012-04-30,train,111_3
111,4837,212,Hotel,40.7544709327349,-73.96322769070457,2012-05-01 22:53:14,2012-04-30,train,111_3
111,3545,257,Road,40.735828659054576,-73.87626841813706,2012-05-03 06:51:47,2012-04-30,train,111_3
111,3750,64,Government Building,40.75052331906269,-73.93994017936863,2012-05-03 06:56:48,2012-04-30,train,111_3
111,972,221,Bridge,40.75673368214285,-73.95445704460144,2012-05-03 06:57:08,2012-04-30,train,111_3
111,4196,279,Outdoors & Recreation,40.76038955042949,-73.96223471388932,2012-05-03 06:57:52,2012-04-30,train,111_3
111,4837,212,Hotel,40.7544709327349,-73.96322769070457,2012-05-03 07:00:08,2012-04-30,train,111_3
111,920,32,Hardware Store,40.761471535292976,-73.96677374839783,2012-05-03 15:19:18,2012-04-30,train,111_3
111,3750,64,Government Building,40.75052331906269,-73.93994017936863,2012-05-03 15:42:49,2012-04-30,train,111_3
111,1355,222,Coffee Shop,40.74330301258302,-73.91826369774468,2012-05-03 16:13:15,2012-04-30,train,111_3
111,4196,279,Outdoors & Recreation,40.76038955042949,-73.96223471388932,2012-05-04 07:01:44,2012-04-30,train,111_3
111,4837,212,Hotel,40.7544709327349,-73.96322769070457,2012-05-04 07:03:30,2012-04-30,train,111_3
111,1355,222,Coffee Shop,40.74330301258302,-73.91826369774468,2012-05-05 08:08:45,2012-04-30,train,111_3
111,3545,257,Road,40.73646082178492,-73.87830692524241,2012-05-05 08:13:35,2012-04-30,train,111_3
111,2978,301,Neighborhood,40.745306184001095,-73.94837379455566,2012-05-06 17:51:21,2012-04-30,train,111_3
111,1355,222,Coffee Shop,40.74330301258302,-73.91826369774468,2012-05-06 17:58:47,2012-04-30,train,111_3
112,2392,61,Office,40.74820874352102,-73.98574909619411,2012-05-01 13:23:07,2012-04-30,train,112_4
112,2392,61,Office,40.74820874352102,-73.98574909619411,2012-05-03 12:47:48,2012-04-30,train,112_4
112,644,33,Korean Restaurant,40.747716919319366,-73.98641482645229,2012-05-04 13:06:33,2012-04-30,train,112_4
112,391,80,Building,40.74828059076867,-73.98556262254715,2012-05-04 13:06:49,2012-04-30,train,112_4
113,987,257,Road,40.76117085825042,-74.01128768920898,2012-05-01 17:55:10,2012-04-30,train,113_3
113,987,257,Road,40.76117085825042,-74.01128768920898,2012-05-03 08:54:24,2012-04-30,train,113_3
113,475,63,Office,40.74122198681612,-74.00247773803042,2012-05-03 09:31:18,2012-04-30,train,113_3
113,987,257,Road,40.76117085825042,-74.01128768920898,2012-05-04 08:51:01,2012-04-30,train,113_3
113,475,63,Office,40.74122198681612,-74.00247773803042,2012-05-04 09:18:18,2012-04-30,train,113_3
113,987,257,Road,40.76117085825042,-74.01128768920898,2012-05-04 16:37:24,2012-04-30,train,113_3
114,434,183,University,40.69408747891072,-73.9860647444491,2012-05-01 12:01:41,2012-04-30,train,114_3
114,979,138,Gym / Fitness Center,40.66600335047696,-73.99015188217163,2012-05-01 20:20:26,2012-04-30,train,114_3
114,3302,183,University,40.7050892364702,-74.01143542547192,2012-05-03 12:25:03,2012-04-30,train,114_3
114,259,214,Bar,40.72459570391395,-73.99055837150034,2012-05-03 19:28:42,2012-04-30,train,114_3
114,3302,183,University,40.7050892364702,-74.01143542547192,2012-05-04 13:43:08,2012-04-30,train,114_3
114,979,138,Gym / Fitness Center,40.66600335047696,-73.99015188217163,2012-05-04 20:41:48,2012-04-30,train,114_3
114,3302,183,University,40.7050892364702,-74.01143542547192,2012-05-05 13:49:16,2012-04-30,train,114_3
115,1605,259,Hotel,40.74507684131655,-73.9886759964726,2012-05-01 13:35:49,2012-04-30,train,115_1
115,4258,259,Hotel,40.7219614905452,-73.95811021327972,2012-05-01 20:51:27,2012-04-30,train,115_1
119,625,122,Plaza,40.756489872673846,-73.98626804351807,2012-05-03 17:46:20,2012-04-30,train,119_4
119,1316,254,Department Store,40.68430926459708,-73.97653193850032,2012-05-04 15:28:04,2012-04-30,train,119_4
119,971,221,Bridge,40.705953265881305,-73.99656772613525,2012-05-04 15:58:45,2012-04-30,train,119_4
119,181,121,Park,40.713435,-74.006141,2012-05-04 16:43:41,2012-04-30,train,119_4
119,232,121,Park,40.73083612189599,-73.99764060974121,2012-05-04 17:17:26,2012-04-30,train,119_4
119,254,121,Park,40.74706188749892,-74.00519371032715,2012-05-04 17:43:33,2012-04-30,train,119_4
119,1845,121,Park,40.73228891214305,-74.01051196130837,2012-05-04 18:04:35,2012-04-30,train,119_4
119,192,121,Park,40.73528249691621,-73.99040315158283,2012-05-05 17:09:00,2012-04-30,train,119_4
121,622,61,Office,40.74050711736373,-73.98690838360204,2012-05-02 07:35:36,2012-04-30,train,121_4
121,622,61,Office,40.74050711736373,-73.98690838360204,2012-05-03 07:28:13,2012-04-30,train,121_4
121,622,61,Office,40.74050711736373,-73.98690838360204,2012-05-04 07:31:00,2012-04-30,train,121_4
121,3516,42,Food & Drink Shop,40.77504934281125,-73.98773789405823,2012-05-05 07:40:58,2012-04-30,train,121_4
123,2393,222,Coffee Shop,40.76006061232576,-73.97693369182005,2012-05-03 10:29:44,2012-04-30,train,123_3
123,527,42,Food & Drink Shop,40.723955,-73.991829,2012-05-03 20:15:58,2012-04-30,train,123_3
123,4514,222,Coffee Shop,40.72556065016895,-73.9898237883206,2012-05-04 19:15:07,2012-04-30,train,123_3
123,643,194,Mexican Restaurant,40.72583691889508,-73.99480551481247,2012-05-04 23:29:40,2012-04-30,train,123_3
123,652,260,Food & Drink Shop,40.73652697126574,-73.9905595779419,2012-05-05 16:24:16,2012-04-30,train,123_3
123,512,147,Movie Theater,40.75248097148231,-73.99438619301681,2012-05-06 20:23:09,2012-04-30,train,123_3
124,1479,203,Food Truck,40.74265628447347,-73.98901462554932,2012-05-05 14:43:06,2012-04-30,train,124_2
124,536,146,Movie Theater,40.73850832201872,-73.98997896387137,2012-05-05 19:06:47,2012-04-30,train,124_2
124,234,121,Park,40.74218830848454,-73.98792418909154,2012-05-06 15:08:44,2012-04-30,train,124_2
125,811,54,Food & Drink Shop,40.728833,-74.005256,2012-05-03 06:20:32,2012-04-30,train,125_4
125,1536,222,Coffee Shop,40.73340972232626,-74.00285648282618,2012-05-03 08:32:05,2012-04-30,train,125_4
125,989,194,Mexican Restaurant,40.72819472159206,-74.00538716745397,2012-05-03 21:13:09,2012-04-30,train,125_4
125,1536,222,Coffee Shop,40.73340972232626,-74.00285648282618,2012-05-04 20:25:22,2012-04-30,train,125_4
125,512,147,Movie Theater,40.75248097148231,-73.99438619301681,2012-05-05 00:17:51,2012-04-30,train,125_4
125,1311,95,Chinese Restaurant,40.72894871751376,-74.00533552116346,2012-05-06 23:49:17,2012-04-30,train,125_4
128,2589,301,Neighborhood,40.718477172979526,-74.00781154632568,2012-05-05 12:06:24,2012-04-30,train,128_3
128,3765,264,Subway,40.66939826094601,-73.90202669600602,2012-05-05 12:50:34,2012-04-30,train,128_3
129,234,121,Park,40.74218830848454,-73.98792418909154,2012-05-01 14:53:48,2012-04-30,train,129_4
129,234,121,Park,40.74218830848454,-73.98792418909154,2012-05-03 07:17:27,2012-04-30,train,129_4
129,234,121,Park,40.74218830848454,-73.98792418909154,2012-05-03 12:22:12,2012-04-30,train,129_4
129,234,121,Park,40.74218830848454,-73.98792418909154,2012-05-04 07:23:17,2012-04-30,train,129_4
129,1970,28,Salon / Barbershop,40.739710540895686,-73.98925563221387,2012-05-04 10:31:27,2012-04-30,train,129_4
129,234,121,Park,40.74218830848454,-73.98792418909154,2012-05-04 17:36:28,2012-04-30,train,129_4
129,86,21,French Restaurant,40.73821643777286,-73.9878495820916,2012-05-04 20:52:28,2012-04-30,train,129_4
129,234,121,Park,40.74218830848454,-73.98792418909154,2012-05-05 06:58:50,2012-04-30,train,129_4
129,234,121,Park,40.74218830848454,-73.98792418909154,2012-05-05 12:01:34,2012-04-30,train,129_4
131,3483,80,Building,40.70872215011572,-73.74701859667962,2012-05-01 20:30:47,2012-04-30,train,131_4
131,3483,80,Building,40.70872215011572,-73.74701859667962,2012-05-03 21:11:30,2012-04-30,train,131_4
131,4901,194,Mexican Restaurant,40.759220487652186,-73.98880004882812,2012-05-05 20:40:52,2012-04-30,train,131_4
132,186,108,Gastropub,40.73183947931137,-74.00335573618469,2012-05-01 18:03:54,2012-04-30,train,132_2
132,201,102,American Restaurant,40.73968110242147,-73.98966883682196,2012-05-03 17:17:22,2012-04-30,train,132_2
132,830,37,Bar,40.73743415035814,-73.99128147407096,2012-05-03 18:04:58,2012-04-30,train,132_2
132,1011,138,Gym / Fitness Center,40.67956402987482,-73.98416519165039,2012-05-04 18:56:15,2012-04-30,train,132_2
132,3962,37,Bar,40.707225,-73.92125,2012-05-05 00:12:56,2012-04-30,train,132_2
132,755,37,Bar,40.70251200697889,-73.92677693272807,2012-05-05 01:33:43,2012-04-30,train,132_2
132,4659,55,Bar,40.69995922011666,-73.9226951689998,2012-05-05 14:04:09,2012-04-30,train,132_2
134,3476,6,Home (private),40.77226863280218,-73.93010370763156,2012-05-01 14:20:55,2012-04-30,train,134_4
134,190,157,Stadium,40.82827721161922,-73.92655344439045,2012-05-01 20:02:19,2012-04-30,train,134_4
134,3476,6,Home (private),40.77226863280218,-73.93010370763156,2012-05-02 00:34:34,2012-04-30,train,134_4
134,1291,264,Subway,40.76669659750053,-73.92148733139038,2012-05-02 07:11:03,2012-04-30,train,134_4
134,4337,165,College Academic Building,40.77089747711729,-73.98957252502441,2012-05-02 07:51:56,2012-04-30,train,134_4
134,4337,165,College Academic Building,40.77089747711729,-73.98957252502441,2012-05-03 09:16:45,2012-04-30,train,134_4
134,3476,6,Home (private),40.77226863280218,-73.93010370763156,2012-05-03 11:32:54,2012-04-30,train,134_4
134,1291,264,Subway,40.76669659750053,-73.92148733139038,2012-05-03 13:52:26,2012-04-30,train,134_4
134,2391,186,College Academic Building,40.77022307913594,-73.98811340332031,2012-05-03 14:45:35,2012-04-30,train,134_4
134,3476,6,Home (private),40.77226863280218,-73.93010370763156,2012-05-03 16:51:57,2012-04-30,train,134_4
134,4337,165,College Academic Building,40.77089747711729,-73.98957252502441,2012-05-04 10:24:31,2012-04-30,train,134_4
134,2391,186,College Academic Building,40.77022307913594,-73.98811340332031,2012-05-04 11:08:52,2012-04-30,train,134_4
134,3476,6,Home (private),40.77226863280218,-73.93010370763156,2012-05-04 14:10:18,2012-04-30,train,134_4
135,255,48,Bar,40.74311402567613,-73.98917528677009,2012-05-01 20:45:41,2012-04-30,train,135_4
135,4295,137,Gym / Fitness Center,40.72255535553747,-73.99940758211055,2012-05-03 11:52:13,2012-04-30,train,135_4
135,734,247,Sporting Goods Shop,40.73753501383214,-73.99030208587646,2012-05-03 17:28:54,2012-04-30,train,135_4
135,4280,6,Home (private),40.80356163623484,-73.94186034276925,2012-05-04 00:00:27,2012-04-30,train,135_4
135,850,137,Gym / Fitness Center,40.68782812829168,-73.97807581453091,2012-05-04 12:59:19,2012-04-30,train,135_4
135,4295,137,Gym / Fitness Center,40.72255535553747,-73.99940758211055,2012-05-04 15:31:08,2012-04-30,train,135_4
135,1479,203,Food Truck,40.74265628447347,-73.98901462554932,2012-05-05 12:55:02,2012-04-30,train,135_4
135,2941,42,Food & Drink Shop,40.74174,-73.99365,2012-05-05 14:40:36,2012-04-30,train,135_4
135,984,146,Movie Theater,40.809391811146064,-73.95174264907835,2012-05-05 15:01:37,2012-04-30,train,135_4
138,1608,70,Train Station,40.71267092713338,-74.01193141937256,2012-05-04 19:52:28,2012-04-30,train,138_3
138,1485,194,Mexican Restaurant,40.77885160666813,-73.98122549057007,2012-05-05 19:00:39,2012-04-30,train,138_3
138,30,310,Concert Hall,40.78059109674349,-73.98056665158647,2012-05-05 20:02:15,2012-04-30,train,138_3
139,1559,128,Bakery,40.755564,-73.922738,2012-05-01 22:11:42,2012-04-30,train,139_4
139,2574,96,Deli / Bodega,40.75632428053623,-73.92018636308974,2012-05-04 07:12:21,2012-04-30,train,139_4
139,2574,96,Deli / Bodega,40.75632428053623,-73.92018636308974,2012-05-05 20:26:47,2012-04-30,train,139_4
139,1268,4,Gym / Fitness Center,40.75538459186637,-73.9226245880127,2012-05-05 20:27:00,2012-04-30,train,139_4
139,1559,128,Bakery,40.755564,-73.922738,2012-05-05 20:27:10,2012-04-30,train,139_4
139,584,147,Movie Theater,40.75498191250509,-73.92365390320822,2012-05-06 15:39:04,2012-04-30,train,139_4
139,2574,96,Deli / Bodega,40.75632428053623,-73.92018636308974,2012-05-06 21:13:18,2012-04-30,train,139_4
140,920,32,Hardware Store,40.761471535292976,-73.96677374839783,2012-05-01 13:34:49,2012-04-30,train,140_4
140,1394,130,Burger Joint,40.785714,-73.97277653217316,2012-05-01 14:39:46,2012-04-30,train,140_4
140,895,32,Hardware Store,40.74215230390258,-73.99064540863037,2012-05-03 18:15:48,2012-04-30,train,140_4
140,377,105,Taco Place,40.72144922191938,-73.99761378765106,2012-05-03 20:03:31,2012-04-30,train,140_4
140,331,27,Italian Restaurant,40.72443788290763,-74.00274171175509,2012-05-04 19:15:25,2012-04-30,train,140_4
140,163,27,Italian Restaurant,40.72628914961654,-74.00039462826085,2012-05-04 19:42:09,2012-04-30,train,140_4
140,4522,108,Gastropub,40.72639997828572,-73.9917348465147,2012-05-04 21:42:25,2012-04-30,train,140_4
140,2692,80,Building,40.760802711191495,-73.99910343314372,2012-05-04 22:55:29,2012-04-30,train,140_4
140,2269,263,Laundry Service,40.79419656648693,-73.97272825241089,2012-05-05 10:45:02,2012-04-30,train,140_4
140,1394,130,Burger Joint,40.785714,-73.97277653217316,2012-05-05 14:23:36,2012-04-30,train,140_4
140,1394,130,Burger Joint,40.785714,-73.97277653217316,2012-05-06 13:30:45,2012-04-30,train,140_4
140,331,27,Italian Restaurant,40.72443788290763,-74.00274171175509,2012-05-06 18:42:22,2012-04-30,train,140_4
140,163,27,Italian Restaurant,40.72628914961654,-74.00039462826085,2012-05-06 19:20:58,2012-04-30,train,140_4
141,984,146,Movie Theater,40.809391811146064,-73.95174264907835,2012-05-03 10:51:56,2012-04-30,train,141_3
141,156,310,Concert Hall,40.76502267205817,-73.98019552230835,2012-05-03 20:51:57,2012-04-30,train,141_3
141,846,87,Theater,40.72915008660072,-73.99201031279264,2012-05-04 17:10:56,2012-04-30,train,141_3
141,382,310,Concert Hall,40.77308312955881,-73.98281335830688,2012-05-05 20:02:56,2012-04-30,train,141_3
141,1071,246,Performing Arts Venue,40.729730414689584,-73.99755477905273,2012-05-06 19:06:43,2012-04-30,train,141_3
141,369,145,Movie Theater,40.7311979118086,-74.00157272815704,2012-05-06 21:37:50,2012-04-30,train,141_3
143,783,220,BBQ Joint,40.78413298467147,-73.97762240984444,2012-05-04 23:57:06,2012-04-30,train,143_3
143,66,48,Bar,40.78345291250954,-73.97912610229315,2012-05-06 13:01:49,2012-04-30,train,143_3
144,4592,37,Bar,40.82865090446733,-73.94854545593262,2012-05-01 18:45:48,2012-04-30,train,144_4
144,1364,61,Office,40.7429720695904,-74.00662093580515,2012-05-03 12:10:04,2012-04-30,train,144_4
144,1514,264,Subway,40.73977358599364,-74.00257587432861,2012-05-03 18:25:08,2012-04-30,train,144_4
144,429,47,Bar,40.75151596433163,-73.99352073669434,2012-05-03 18:34:38,2012-04-30,train,144_4
144,336,48,Bar,40.74985920636586,-73.98996152288103,2012-05-03 18:45:17,2012-04-30,train,144_4
144,1603,150,Stadium,40.75044987008408,-73.99221103886612,2012-05-03 19:10:58,2012-04-30,train,144_4
144,2399,27,Italian Restaurant,40.82919,-73.948376,2012-05-03 22:39:35,2012-04-30,train,144_4
144,284,260,Food & Drink Shop,40.7420803919755,-74.00510598192578,2012-05-04 09:26:19,2012-04-30,train,144_4
144,1364,61,Office,40.7429720695904,-74.00662093580515,2012-05-04 18:16:32,2012-04-30,train,144_4
144,3626,23,German Restaurant,40.75274100802376,-73.97330797224723,2012-05-04 22:36:02,2012-04-30,train,144_4
144,2399,27,Italian Restaurant,40.82919,-73.948376,2012-05-05 01:07:02,2012-04-30,train,144_4
144,758,259,Hotel,40.739201116289465,-74.02752492515414,2012-05-05 18:10:46,2012-04-30,train,144_4
144,658,36,Middle Eastern Restaurant,40.74428549628668,-73.9874880246811,2012-05-06 18:57:51,2012-04-30,train,144_4
146,4275,132,Fast Food Restaurant,40.75679869785023,-73.9878988265991,2012-05-01 20:23:12,2012-04-30,train,146_4
146,1475,241,Airport,40.773839,-73.87122,2012-05-02 05:11:12,2012-04-30,train,146_4
148,2941,42,Food & Drink Shop,40.74174,-73.99365,2012-05-01 17:32:58,2012-04-30,train,148_1
148,2819,61,Office,40.76326769074044,-73.9788965316875,2012-05-03 13:49:13,2012-04-30,train,148_1
148,4808,138,Gym / Fitness Center,40.81730240823581,-73.93495742443025,2012-05-03 19:50:25,2012-04-30,train,148_1
148,2819,61,Office,40.76326769074044,-73.9788965316875,2012-05-04 08:32:11,2012-04-30,train,148_1
148,2819,61,Office,40.76326769074044,-73.9788965316875,2012-05-04 16:35:06,2012-04-30,train,148_1
148,4522,108,Gastropub,40.72639997828572,-73.9917348465147,2012-05-04 20:32:42,2012-04-30,train,148_1
149,405,241,Airport,40.645089355976346,-73.7845230102539,2012-05-01 19:50:51,2012-04-30,train,149_4
149,3686,63,Office,40.746788172590925,-73.9849915382653,2012-05-04 10:05:11,2012-04-30,train,149_4
150,2707,61,Office,40.742480886949416,-74.0052551824616,2012-05-04 09:24:36,2012-04-30,train,150_4
150,1693,102,American Restaurant,40.96654853802608,-74.0758752822876,2012-05-06 18:38:18,2012-04-30,train,150_4
151,1701,206,Seafood Restaurant,40.8541298046618,-74.03318232245012,2012-05-03 10:33:10,2012-04-30,train,151_4
151,1701,206,Seafood Restaurant,40.8541298046618,-74.03318232245012,2012-05-04 11:51:44,2012-04-30,train,151_4
151,1701,206,Seafood Restaurant,40.8541298046618,-74.03318232245012,2012-05-05 15:37:05,2012-04-30,train,151_4
156,4130,37,Bar,40.75599818752485,-73.99114966392517,2012-05-03 20:33:51,2012-04-30,train,156_4
156,886,230,Bowling Alley,40.721940025100544,-73.95757970819359,2012-05-03 21:32:12,2012-04-30,train,156_4
156,517,194,Mexican Restaurant,40.7396210161324,-73.99597921593858,2012-05-04 18:31:08,2012-04-30,train,156_4
156,4566,47,Bar,40.71841211980871,-73.9898943901062,2012-05-04 22:12:46,2012-04-30,train,156_4
156,3954,130,Burger Joint,40.740778258449865,-73.98768315098722,2012-05-05 12:05:33,2012-04-30,train,156_4
156,287,246,Performing Arts Venue,40.75991500232468,-73.97990090106342,2012-05-05 20:21:20,2012-04-30,train,156_4
156,4347,16,Clothing Store,40.72249408311082,-73.99771571159363,2012-05-06 14:25:36,2012-04-30,train,156_4
158,3742,259,Hotel,40.74198972871025,-74.00358438491821,2012-05-03 17:38:20,2012-04-30,train,158_3
158,302,50,Bar,40.733412,-74.00624967,2012-05-04 21:37:33,2012-04-30,train,158_3
158,175,37,Bar,40.7452748056754,-73.99255501211807,2012-05-05 01:03:34,2012-04-30,train,158_3
158,38,214,Bar,40.726104216543966,-73.98921310901642,2012-05-05 18:52:43,2012-04-30,train,158_3
159,2156,61,Office,40.72494964561905,-74.00141716003418,2012-05-01 12:21:09,2012-04-30,train,159_4
159,162,259,Hotel,40.71933912149095,-74.00487184524536,2012-05-01 23:04:25,2012-04-30,train,159_4
159,2156,61,Office,40.72494964561905,-74.00141716003418,2012-05-03 10:01:35,2012-04-30,train,159_4
159,2307,61,Office,40.75657617084964,-73.97818486106819,2012-05-03 17:16:10,2012-04-30,train,159_4
159,78,259,Hotel,40.72201114788852,-74.00430259242555,2012-05-04 14:27:14,2012-04-30,train,159_4
159,4901,194,Mexican Restaurant,40.759220487652186,-73.98880004882812,2012-05-05 16:03:30,2012-04-30,train,159_4
161,1007,61,Office,40.74551752113523,-73.99235129356384,2012-05-03 09:47:13,2012-04-30,train,161_4
161,1007,61,Office,40.74551752113523,-73.99235129356384,2012-05-04 10:13:28,2012-04-30,train,161_4
161,4901,194,Mexican Restaurant,40.759220487652186,-73.98880004882812,2012-05-05 15:30:50,2012-04-30,train,161_4
162,4332,91,High School,40.91983290729393,-74.13420666155663,2012-05-01 14:14:25,2012-04-30,train,162_3
162,1521,70,Train Station,40.71948548899754,-74.0427017211914,2012-05-01 18:51:57,2012-04-30,train,162_3
162,4332,91,High School,40.91983290729393,-74.13420666155663,2012-05-03 14:09:56,2012-04-30,train,162_3
163,3865,63,Office,40.710432469677535,-74.01041974465554,2012-05-01 13:00:52,2012-04-30,train,163_4
163,3865,63,Office,40.710432469677535,-74.01041974465554,2012-05-04 09:28:02,2012-04-30,train,163_4
163,3898,76,Ferry,40.74365291527473,-73.971280371533,2012-05-04 12:14:12,2012-04-30,train,163_4
164,4681,254,Department Store,40.751239605596666,-73.99161432989371,2012-05-06 17:45:53,2012-04-30,train,164_4
164,271,254,Department Store,40.75061379403183,-73.98856401443481,2012-05-06 18:13:14,2012-04-30,train,164_4
165,2764,256,Furniture / Home Store,40.76134,-73.96789039,2012-05-01 12:38:11,2012-04-30,train,165_2
165,1434,93,Breakfast Spot,40.76054276795792,-73.96734877681962,2012-05-01 12:50:39,2012-04-30,train,165_2
165,1145,71,Train Station,40.707149,-73.99057,2012-05-01 12:51:39,2012-04-30,train,165_2
165,1515,264,Subway,40.75047562272483,-73.94028425216675,2012-05-01 19:02:54,2012-04-30,train,165_2
165,1782,264,Subway,40.75645736467708,-73.92966270446777,2012-05-03 09:01:16,2012-04-30,train,165_2
165,705,19,Bank,40.76093875624434,-73.96733155798016,2012-05-03 10:09:03,2012-04-30,train,165_2
165,1434,93,Breakfast Spot,40.76054276795792,-73.96734877681962,2012-05-03 10:09:22,2012-04-30,train,165_2
165,1782,264,Subway,40.75645736467708,-73.92966270446777,2012-05-04 09:18:52,2012-04-30,train,165_2
165,1515,264,Subway,40.75047562272483,-73.94028425216675,2012-05-04 17:32:17,2012-04-30,train,165_2
166,4789,6,Home (private),40.75568181015381,-73.88307005845945,2012-05-01 17:43:57,2012-04-30,train,166_4
166,4804,253,General Travel,40.76096605157223,-73.88538698372311,2012-05-02 06:22:52,2012-04-30,train,166_4
166,952,141,Bagel Shop,40.76489500515031,-73.916954,2012-05-02 06:33:41,2012-04-30,train,166_4
166,2998,91,High School,40.76568899694568,-73.93309593200684,2012-05-02 06:57:10,2012-04-30,train,166_4
166,4804,253,General Travel,40.76096605157223,-73.88538698372311,2012-05-03 06:25:30,2012-04-30,train,166_4
166,952,141,Bagel Shop,40.76489500515031,-73.916954,2012-05-03 06:35:51,2012-04-30,train,166_4
166,2998,91,High School,40.76568899694568,-73.93309593200684,2012-05-03 07:27:12,2012-04-30,train,166_4
166,2998,91,High School,40.76568899694568,-73.93309593200684,2012-05-03 17:47:12,2012-04-30,train,166_4
166,4789,6,Home (private),40.75568181015381,-73.88307005845945,2012-05-03 20:46:45,2012-04-30,train,166_4
166,4804,253,General Travel,40.76096605157223,-73.88538698372311,2012-05-04 06:10:59,2012-04-30,train,166_4
166,952,141,Bagel Shop,40.76489500515031,-73.916954,2012-05-04 06:26:18,2012-04-30,train,166_4
166,2998,91,High School,40.76568899694568,-73.93309593200684,2012-05-04 16:46:51,2012-04-30,train,166_4
166,4804,253,General Travel,40.76096605157223,-73.88538698372311,2012-05-04 19:46:36,2012-04-30,train,166_4
166,4807,253,General Travel,40.76660518890647,-73.9203471113501,2012-05-04 22:04:36,2012-04-30,train,166_4
166,1898,146,Movie Theater,40.91193999019654,-73.77949835499888,2012-05-05 14:01:55,2012-04-30,train,166_4
168,179,121,Park,40.75372797263211,-73.98368835767094,2012-05-01 13:32:12,2012-04-30,train,168_3
168,179,121,Park,40.75372797263211,-73.98368835767094,2012-05-01 16:42:54,2012-04-30,train,168_3
169,62,204,Steakhouse,40.75086599645483,-73.98664398454908,2012-05-01 21:06:03,2012-04-30,train,169_4
169,4008,136,Office,40.75422695442098,-73.98861286772178,2012-05-03 09:18:08,2012-04-30,train,169_4
169,1538,291,Camera Store,40.753005134448905,-73.99641771942332,2012-05-03 13:38:11,2012-04-30,train,169_4
169,4008,136,Office,40.75422695442098,-73.98861286772178,2012-05-04 09:45:51,2012-04-30,train,169_4
169,72,97,Diner,40.71386,-73.951577,2012-05-04 20:55:42,2012-04-30,train,169_4
169,287,246,Performing Arts Venue,40.75991500232468,-73.97990090106342,2012-05-05 19:58:54,2012-04-30,train,169_4
169,982,121,Park,40.66875802311211,-73.97030353546143,2012-05-06 14:46:56,2012-04-30,train,169_4
171,2803,58,Electronics Store,40.75080071190104,-73.9912986907656,2012-05-01 12:08:41,2012-04-30,train,171_3
171,2062,26,Drugstore / Pharmacy,40.74586843819785,-73.97830538611639,2012-05-01 13:37:33,2012-04-30,train,171_3
171,357,70,Train Station,40.750794799423865,-73.99357639021292,2012-05-01 13:52:09,2012-04-30,train,171_3
171,1950,78,Library,40.77322937882862,-73.98461580276489,2012-05-01 14:27:00,2012-04-30,train,171_3
171,1371,96,Deli / Bodega,40.779981244685445,-73.98419954269026,2012-05-01 17:14:15,2012-04-30,train,171_3
171,2224,225,Athletic & Sport,40.78289916469922,-73.98489971285876,2012-05-01 17:29:35,2012-04-30,train,171_3
171,528,42,Food & Drink Shop,40.74481848035928,-73.99515151977539,2012-05-01 18:20:48,2012-04-30,train,171_3
171,1362,222,Coffee Shop,40.743644,-73.992241,2012-05-01 19:19:02,2012-04-30,train,171_3
171,1629,101,Wings Joint,40.91156668243868,-73.78010272979736,2012-05-01 21:42:50,2012-04-30,train,171_3
171,2238,96,Deli / Bodega,40.89881587039375,-73.86759734833689,2012-05-03 07:16:47,2012-04-30,train,171_3
171,1396,202,Pizza Place,40.88662326335907,-73.878341,2012-05-03 09:09:58,2012-04-30,train,171_3
171,1647,264,Subway,40.8864595193891,-73.87842178344727,2012-05-03 09:20:04,2012-04-30,train,171_3
171,4131,16,Clothing Store,40.77909533410843,-73.98122549057007,2012-05-03 10:03:05,2012-04-30,train,171_3
171,3153,236,Playground,40.7772917298741,-73.98412227630615,2012-05-03 10:18:07,2012-04-30,train,171_3
171,4078,203,Food Truck,40.7759124040604,-73.9883065223694,2012-05-03 10:35:16,2012-04-30,train,171_3
171,4056,256,Furniture / Home Store,40.7416013615111,-73.9992009904121,2012-05-03 15:29:56,2012-04-30,train,171_3
171,3966,203,Food Truck,40.779158,-73.98163318634033,2012-05-03 16:31:25,2012-04-30,train,171_3
171,2224,225,Athletic & Sport,40.78309732789868,-73.98496284283048,2012-05-03 16:47:44,2012-04-30,train,171_3
171,1371,96,Deli / Bodega,40.779981244685445,-73.98419954269026,2012-05-03 17:19:15,2012-04-30,train,171_3
171,3805,28,Salon / Barbershop,40.89674585900412,-73.87049157583058,2012-05-03 19:45:43,2012-04-30,train,171_3
171,2238,96,Deli / Bodega,40.89881587039375,-73.86759734833689,2012-05-04 09:01:13,2012-04-30,train,171_3
171,1396,202,Pizza Place,40.88662326335907,-73.878341,2012-05-04 09:15:42,2012-04-30,train,171_3
171,1647,264,Subway,40.8864595193891,-73.87842178344727,2012-05-04 09:27:45,2012-04-30,train,171_3
171,3153,236,Playground,40.7772917298741,-73.98412227630615,2012-05-04 10:22:40,2012-04-30,train,171_3
171,4060,203,Food Truck,40.77789723873138,-73.98229837417603,2012-05-04 11:44:59,2012-04-30,train,171_3
171,4056,256,Furniture / Home Store,40.7416013615111,-73.9992009904121,2012-05-04 16:09:25,2012-04-30,train,171_3
171,3966,203,Food Truck,40.779158,-73.98163318634033,2012-05-04 17:09:39,2012-04-30,train,171_3
171,1438,222,Coffee Shop,40.78089970281194,-73.98125535659763,2012-05-04 17:15:04,2012-04-30,train,171_3
171,2224,225,Athletic & Sport,40.78309732789868,-73.98496284283048,2012-05-04 17:36:32,2012-04-30,train,171_3
171,1371,96,Deli / Bodega,40.779981244685445,-73.98419954269026,2012-05-04 18:06:01,2012-04-30,train,171_3
171,2238,96,Deli / Bodega,40.89861262458525,-73.86739635873205,2012-05-04 20:52:31,2012-04-30,train,171_3
171,148,48,Bar,40.760753,-73.990799,2012-05-05 01:53:17,2012-04-30,train,171_3
171,1484,214,Bar,40.760871,-73.990166,2012-05-05 02:21:40,2012-04-30,train,171_3
171,529,30,Jewelry Store,40.76289049185976,-73.97402957036488,2012-05-05 07:08:42,2012-04-30,train,171_3
171,1454,257,Road,40.75297891717686,-73.95996093749999,2012-05-05 07:38:49,2012-04-30,train,171_3
171,3524,222,Coffee Shop,40.89567307366464,-73.87661933898926,2012-05-05 07:55:33,2012-04-30,train,171_3
171,3805,28,Salon / Barbershop,40.89674585900412,-73.87049157583058,2012-05-05 08:36:32,2012-04-30,train,171_3
171,2238,96,Deli / Bodega,40.89861262458525,-73.86739635873205,2012-05-05 08:47:16,2012-04-30,train,171_3
171,1396,202,Pizza Place,40.88662326335907,-73.878341,2012-05-05 08:58:37,2012-04-30,train,171_3
171,1647,264,Subway,40.8864595193891,-73.87842178344727,2012-05-05 09:06:06,2012-04-30,train,171_3
171,4131,16,Clothing Store,40.77909533410843,-73.98122549057007,2012-05-05 09:57:46,2012-04-30,train,171_3
171,2224,225,Athletic & Sport,40.78309732789868,-73.98496284283048,2012-05-05 11:24:27,2012-04-30,train,171_3
171,1455,233,Other Great Outdoors,40.781191,-73.986495,2012-05-05 11:33:01,2012-04-30,train,171_3
171,3966,203,Food Truck,40.779158,-73.98163318634033,2012-05-05 11:46:29,2012-04-30,train,171_3
171,1438,222,Coffee Shop,40.78089970281194,-73.98125535659763,2012-05-05 12:43:02,2012-04-30,train,171_3
171,1371,96,Deli / Bodega,40.779981244685445,-73.98419954269026,2012-05-05 16:00:25,2012-04-30,train,171_3
171,1962,26,Drugstore / Pharmacy,40.77821864757608,-73.98549083814501,2012-05-05 18:54:58,2012-04-30,train,171_3
171,2224,225,Athletic & Sport,40.78309732789868,-73.98496284283048,2012-05-06 17:13:01,2012-04-30,train,171_3
172,3844,83,Church,40.9250807762146,-74.1067879,2012-05-01 13:09:37,2012-04-30,train,172_4
172,1783,97,Diner,40.92607839076309,-74.09735270529153,2012-05-01 18:58:16,2012-04-30,train,172_4
172,3844,83,Church,40.9250807762146,-74.1067879,2012-05-01 19:45:17,2012-04-30,train,172_4
172,3859,6,Home (private),40.92549192900452,-74.10637760442646,2012-05-04 20:17:42,2012-04-30,train,172_4
172,3844,83,Church,40.9250807762146,-74.1067879,2012-05-05 08:24:01,2012-04-30,train,172_4
172,2258,130,Burger Joint,40.90634571749965,-74.12985407420923,2012-05-05 14:48:35,2012-04-30,train,172_4
172,3859,6,Home (private),40.92549192900452,-74.10637760442646,2012-05-05 18:10:37,2012-04-30,train,172_4
173,233,147,Movie Theater,40.7569743825982,-73.98877355904663,2012-05-05 09:52:10,2012-04-30,train,173_3
173,4258,259,Hotel,40.7219614905452,-73.95811021327972,2012-05-05 19:23:46,2012-04-30,train,173_3
174,3667,2,Gym / Fitness Center,40.92399288858661,-73.99764006815617,2012-05-01 13:03:30,2012-04-30,train,174_4
174,2143,2,Gym / Fitness Center,40.92405018986446,-73.99747364554779,2012-05-01 13:03:50,2012-04-30,train,174_4
174,4765,2,Gym / Fitness Center,40.92401798641897,-73.99767450040193,2012-05-01 13:04:06,2012-04-30,train,174_4
174,3300,120,Other Great Outdoors,40.67334753512089,-74.11102294921875,2012-05-01 22:20:50,2012-04-30,train,174_4
174,3667,2,Gym / Fitness Center,40.92399288858661,-73.99764006815617,2012-05-04 13:35:02,2012-04-30,train,174_4
174,2143,2,Gym / Fitness Center,40.92405018986446,-73.99747364554779,2012-05-04 13:35:19,2012-04-30,train,174_4
174,4765,2,Gym / Fitness Center,40.92401798641897,-73.99767450040193,2012-05-04 13:35:31,2012-04-30,train,174_4
174,3300,120,Other Great Outdoors,40.67334753512089,-74.11102294921875,2012-05-05 17:51:26,2012-04-30,train,174_4
174,2436,265,Mall,40.660555887861165,-74.17174136107501,2012-05-05 18:50:49,2012-04-30,train,174_4
174,1880,147,Movie Theater,40.6593058125473,-74.1687656965761,2012-05-05 20:19:03,2012-04-30,train,174_4
174,3300,120,Other Great Outdoors,40.67334753512089,-74.11102294921875,2012-05-06 20:42:34,2012-04-30,train,174_4
175,1514,264,Subway,40.73977358599364,-74.00257587432861,2012-05-02 03:17:52,2012-04-30,train,175_4
175,2637,264,Subway,40.57745558120849,-73.98124694824219,2012-05-02 06:58:05,2012-04-30,train,175_4
175,3885,264,Subway,40.70715045863768,-73.99030637767282,2012-05-02 06:58:46,2012-04-30,train,175_4
175,1697,264,Subway,40.587023931932805,-73.95421035537034,2012-05-02 07:06:50,2012-04-30,train,175_4
175,3215,264,Subway,40.59523399590661,-73.95519733428955,2012-05-02 07:10:23,2012-04-30,train,175_4
175,2500,264,Subway,40.63523850278024,-73.9628791809082,2012-05-02 07:17:54,2012-04-30,train,175_4
175,1917,264,Subway,40.82650767315227,-73.95039081573486,2012-05-03 05:25:49,2012-04-30,train,175_4
175,1697,264,Subway,40.587023931932805,-73.95421035537034,2012-05-03 07:06:38,2012-04-30,train,175_4
175,1002,70,Train Station,40.69902344282463,-73.81001472473143,2012-05-03 07:54:24,2012-04-30,train,175_4
175,2511,264,Subway,40.70240710847517,-73.79997253417969,2012-05-05 19:25:24,2012-04-30,train,175_4
175,1859,70,Train Station,40.74683429891953,-73.89155387878418,2012-05-05 20:07:53,2012-04-30,train,175_4
175,2334,264,Subway,40.75460438258571,-73.84554862976074,2012-05-05 20:18:55,2012-04-30,train,175_4
175,2967,266,Bus Station,40.75326794623313,-73.8448612499868,2012-05-05 20:26:10,2012-04-30,train,175_4
175,1002,70,Train Station,40.69902344282463,-73.81001472473143,2012-05-06 20:49:23,2012-04-30,train,175_4
175,3141,264,Subway,40.60790819430413,-74.00176041628802,2012-05-06 22:03:10,2012-04-30,train,175_4
175,2637,264,Subway,40.57745558120849,-73.98124694824219,2012-05-06 23:55:36,2012-04-30,train,175_4
178,839,96,Deli / Bodega,40.72098907275997,-73.98104874535339,2012-05-01 14:51:22,2012-04-30,train,178_4
178,225,121,Park,40.72651075083395,-73.98171901702881,2012-05-01 18:23:01,2012-04-30,train,178_4
178,3547,264,Subway,40.70024353438826,-73.9411211013794,2012-05-03 11:57:19,2012-04-30,train,178_4
178,839,96,Deli / Bodega,40.72098907275997,-73.98104874535339,2012-05-03 12:21:43,2012-04-30,train,178_4
178,839,96,Deli / Bodega,40.72098907275997,-73.98104874535339,2012-05-04 15:26:53,2012-04-30,train,178_4
178,3167,226,Art Gallery,40.72172024902872,-73.97979759474113,2012-05-04 16:27:40,2012-04-30,train,178_4
178,4540,6,Home (private),40.70310011191117,-73.93010370763155,2012-05-05 10:55:41,2012-04-30,train,178_4
178,354,121,Park,40.66390776998241,-73.970947265625,2012-05-06 14:49:09,2012-04-30,train,178_4
178,365,107,Cuban Restaurant,40.68647960590641,-73.97434294223785,2012-05-06 16:11:27,2012-04-30,train,178_4
179,2987,135,Post Office,40.94892337953688,-74.069721837773,2012-05-01 17:17:48,2012-04-30,train,179_4
179,3502,259,Hotel,40.965243453081015,-74.06269445161952,2012-05-01 18:16:50,2012-04-30,train,179_4
179,3708,121,Park,40.96541698333333,-74.06291968333333,2012-05-01 18:55:48,2012-04-30,train,179_4
179,3578,257,Road,40.96535005,-74.06280286666667,2012-05-01 19:30:02,2012-04-30,train,179_4
179,4633,116,Pool,40.96535501903463,-74.06283213352812,2012-05-01 20:04:45,2012-04-30,train,179_4
179,4562,102,American Restaurant,40.96532877881822,-74.06292392141155,2012-05-01 20:37:36,2012-04-30,train,179_4
179,3577,73,Bus Station,40.96457180013344,-74.06643390655518,2012-05-01 21:11:48,2012-04-30,train,179_4
179,3790,257,Road,40.96530185,-74.06305251666667,2012-05-01 21:52:56,2012-04-30,train,179_4
179,3526,107,Cuban Restaurant,40.9653582,-74.06283223333334,2012-05-01 23:17:19,2012-04-30,train,179_4
179,3136,91,High School,40.95899114965598,-74.05975721371985,2012-05-02 00:35:49,2012-04-30,train,179_4
179,4363,211,Bar,40.96803148768718,-74.0636811697517,2012-05-03 06:01:42,2012-04-30,train,179_4
179,4562,102,American Restaurant,40.96532877881822,-74.06292392141155,2012-05-03 08:12:41,2012-04-30,train,179_4
179,4633,116,Pool,40.96535501903463,-74.06283213352812,2012-05-03 08:43:38,2012-04-30,train,179_4
179,3578,257,Road,40.96535005,-74.06280286666667,2012-05-03 10:48:27,2012-04-30,train,179_4
179,3502,259,Hotel,40.965243453081015,-74.06269445161952,2012-05-03 12:02:53,2012-04-30,train,179_4
179,3482,232,Music Venue,40.96532194280211,-74.06280344980541,2012-05-03 13:56:14,2012-04-30,train,179_4
179,3582,19,Bank,40.94832653464658,-74.06976773004898,2012-05-03 14:28:55,2012-04-30,train,179_4
179,2913,34,Gas Station / Garage,40.94816651666667,-74.06842515,2012-05-03 17:47:54,2012-04-30,train,179_4
179,2285,202,Pizza Place,40.967786,-74.07368968333333,2012-05-03 18:11:50,2012-04-30,train,179_4
179,4620,213,Bar,40.96541694223362,-74.06288376421803,2012-05-03 20:00:26,2012-04-30,train,179_4
179,3594,120,Other Great Outdoors,40.965334383333335,-74.06280386666667,2012-05-03 21:51:44,2012-04-30,train,179_4
179,3790,257,Road,40.96530185,-74.06305251666667,2012-05-03 23:14:51,2012-04-30,train,179_4
179,3136,91,High School,40.95899114965598,-74.05975721371985,2012-05-04 00:06:42,2012-04-30,train,179_4
179,2517,90,School,40.965810267788015,-74.06760603189468,2012-05-04 01:24:58,2012-04-30,train,179_4
179,4269,6,Home (private),40.96811001522211,-74.05938718735511,2012-05-04 01:51:28,2012-04-30,train,179_4
179,3959,196,Restaurant,40.965331033333335,-74.0627049,2012-05-04 04:36:13,2012-04-30,train,179_4
179,4562,102,American Restaurant,40.96532877881822,-74.06292392141155,2012-05-04 09:10:05,2012-04-30,train,179_4
179,4633,116,Pool,40.96535501903463,-74.06283213352812,2012-05-04 10:00:45,2012-04-30,train,179_4
179,3578,257,Road,40.96535005,-74.06280286666667,2012-05-04 10:40:10,2012-04-30,train,179_4
179,3561,45,Other Nightlife,40.96533795,-74.0628079,2012-05-04 12:09:44,2012-04-30,train,179_4
179,3708,121,Park,40.96541698333333,-74.06291968333333,2012-05-04 12:53:49,2012-04-30,train,179_4
179,3482,232,Music Venue,40.96532194280211,-74.06280344980541,2012-05-04 14:50:11,2012-04-30,train,179_4
179,3577,73,Bus Station,40.96457180013344,-74.06643390655518,2012-05-04 16:11:22,2012-04-30,train,179_4
179,3594,120,Other Great Outdoors,40.965334383333335,-74.06280386666667,2012-05-04 17:28:45,2012-04-30,train,179_4
179,4269,6,Home (private),40.96811001522211,-74.05938718735511,2012-05-05 00:12:11,2012-04-30,train,179_4
179,3790,257,Road,40.96530185,-74.06305251666667,2012-05-05 00:37:35,2012-04-30,train,179_4
179,4363,211,Bar,40.96803148768718,-74.0636811697517,2012-05-05 06:05:34,2012-04-30,train,179_4
179,4633,116,Pool,40.96535501903463,-74.06283213352812,2012-05-05 07:31:06,2012-04-30,train,179_4
179,1431,222,Coffee Shop,40.932806255079214,-74.07115459442139,2012-05-05 07:49:10,2012-04-30,train,179_4
179,3561,45,Other Nightlife,40.96533795,-74.0628079,2012-05-05 17:04:55,2012-04-30,train,179_4
179,2517,90,School,40.965810267788015,-74.06760603189468,2012-05-06 13:09:40,2012-04-30,train,179_4
179,3578,257,Road,40.96535005,-74.06280286666667,2012-05-06 13:42:05,2012-04-30,train,179_4
179,3561,45,Other Nightlife,40.96533795,-74.0628079,2012-05-06 14:13:01,2012-04-30,train,179_4
179,3582,19,Bank,40.94832653464658,-74.06976773004898,2012-05-06 17:04:21,2012-04-30,train,179_4
179,2285,202,Pizza Place,40.967786,-74.07368968333333,2012-05-06 17:18:37,2012-04-30,train,179_4
179,2876,26,Drugstore / Pharmacy,40.9678387,-74.07378216666666,2012-05-06 17:36:16,2012-04-30,train,179_4
179,3790,257,Road,40.96530185,-74.06305251666667,2012-05-06 18:42:23,2012-04-30,train,179_4
179,3136,91,High School,40.95899114965598,-74.05975721371985,2012-05-06 20:52:19,2012-04-30,train,179_4
179,4269,6,Home (private),40.96811001522211,-74.05938718735511,2012-05-06 21:34:28,2012-04-30,train,179_4
179,4620,213,Bar,40.96541694223362,-74.06288376421803,2012-05-06 22:06:41,2012-04-30,train,179_4
180,244,214,Bar,40.731895408411134,-73.98397571726198,2012-05-03 19:22:13,2012-04-30,train,180_4
180,1330,254,Department Store,40.751575,-73.992015,2012-05-04 12:49:59,2012-04-30,train,180_4
181,799,96,Deli / Bodega,40.75271883902363,-73.98321568965912,2012-05-01 12:39:12,2012-04-30,train,181_4
181,2732,70,Train Station,40.75045695274859,-73.99123556287765,2012-05-01 18:00:38,2012-04-30,train,181_4
181,2953,257,Road,40.76305616209761,-73.74328136444092,2012-05-01 19:19:03,2012-04-30,train,181_4
181,1903,71,Train Station,40.76806170936613,-73.74941825866699,2012-05-03 08:08:50,2012-04-30,train,181_4
181,357,70,Train Station,40.750794799423865,-73.99357639021292,2012-05-03 08:45:56,2012-04-30,train,181_4
181,4042,222,Coffee Shop,40.75379775034375,-73.9868152141571,2012-05-03 08:54:32,2012-04-30,train,181_4
181,3240,63,Office,40.75394790219735,-73.98551379443012,2012-05-03 09:05:24,2012-04-30,train,181_4
181,4443,61,Office,40.75369026184039,-73.98527275329975,2012-05-03 09:05:48,2012-04-30,train,181_4
181,2732,70,Train Station,40.75045695274859,-73.99123556287765,2012-05-03 17:39:57,2012-04-30,train,181_4
181,1514,264,Subway,40.73977358599364,-74.00257587432861,2012-05-03 20:34:02,2012-04-30,train,181_4
181,134,130,Burger Joint,40.73809430948774,-74.00388368084829,2012-05-03 20:39:03,2012-04-30,train,181_4
181,1733,264,Subway,40.75650612666626,-73.98802757263184,2012-05-03 21:59:28,2012-04-30,train,181_4
181,233,147,Movie Theater,40.7569743825982,-73.98877355904663,2012-05-03 23:02:08,2012-04-30,train,181_4
181,972,221,Bridge,40.75673368214285,-73.95445704460144,2012-05-04 03:23:00,2012-04-30,train,181_4
181,2953,257,Road,40.76305616209761,-73.74328136444092,2012-05-04 03:57:35,2012-04-30,train,181_4
181,1068,183,University,40.721664700472566,-73.79473686218262,2012-05-04 13:37:18,2012-04-30,train,181_4
181,2434,165,College Academic Building,40.72277054169368,-73.79508018493652,2012-05-04 13:53:24,2012-04-30,train,181_4
181,3081,301,Neighborhood,40.7467692734681,-73.89099597930908,2012-05-04 14:32:14,2012-04-30,train,181_4
181,2953,257,Road,40.76305616209761,-73.74328136444092,2012-05-04 23:42:28,2012-04-30,train,181_4
181,2953,257,Road,40.76305616209761,-73.74328136444092,2012-05-05 18:42:50,2012-04-30,train,181_4
182,2545,262,Light Rail,40.734169392726656,-74.0282392501831,2012-05-01 18:13:47,2012-04-30,train,182_3
182,2288,262,Light Rail,40.74862247391861,-74.03892517089844,2012-05-01 18:23:00,2012-04-30,train,182_3
182,4819,281,Residential Building (Apartment / Condo),40.753402,-74.038721,2012-05-01 18:57:49,2012-04-30,train,182_3
182,2288,262,Light Rail,40.74862247391861,-74.03892517089844,2012-05-02 07:44:31,2012-04-30,train,182_3
182,2545,262,Light Rail,40.734169392726656,-74.0282392501831,2012-05-02 07:51:44,2012-04-30,train,182_3
182,2545,262,Light Rail,40.734169392726656,-74.0282392501831,2012-05-03 08:09:00,2012-04-30,train,182_3
182,1635,61,Office,40.73769779943962,-73.98845791524543,2012-05-03 08:48:03,2012-04-30,train,182_3
182,2545,262,Light Rail,40.734169392726656,-74.0282392501831,2012-05-03 18:17:31,2012-04-30,train,182_3
182,2288,262,Light Rail,40.74862247391861,-74.03892517089844,2012-05-03 18:22:21,2012-04-30,train,182_3
182,2288,262,Light Rail,40.74862247391861,-74.03892517089844,2012-05-04 07:23:37,2012-04-30,train,182_3
182,2545,262,Light Rail,40.734169392726656,-74.0282392501831,2012-05-04 07:38:52,2012-04-30,train,182_3
182,1386,264,Subway,40.7429651739036,-73.99287700653076,2012-05-04 08:02:22,2012-04-30,train,182_3
182,1635,61,Office,40.73769779943962,-73.98845791524543,2012-05-04 08:21:36,2012-04-30,train,182_3
182,4819,281,Residential Building (Apartment / Condo),40.753402,-74.038721,2012-05-06 20:17:08,2012-04-30,train,182_3
183,1948,183,University,40.74091672247482,-74.17513847351074,2012-05-01 12:32:01,2012-04-30,train,183_2
183,1948,183,University,40.74091672247482,-74.17513847351074,2012-05-03 14:06:47,2012-04-30,train,183_2
183,1948,183,University,40.74091672247482,-74.17513847351074,2012-05-04 11:54:23,2012-04-30,train,183_2
183,5,47,Bar,40.756161,-73.967686,2012-05-04 22:17:27,2012-04-30,train,183_2
183,1948,183,University,40.74091672247482,-74.17513847351074,2012-05-06 14:00:55,2012-04-30,train,183_2
184,2910,122,Plaza,40.73088490267309,-74.0643310546875,2012-05-01 15:13:10,2012-04-30,train,184_4
184,3337,120,Other Great Outdoors,40.76867278698223,-74.02414532471106,2012-05-01 16:16:37,2012-04-30,train,184_4
184,3541,61,Office,40.77037447,-74.02654,2012-05-03 10:53:11,2012-04-30,train,184_4
184,1252,102,American Restaurant,40.75992610830176,-74.02246410896758,2012-05-03 12:55:43,2012-04-30,train,184_4
184,3010,6,Home (private),40.746106883813965,-74.02413671784228,2012-05-04 11:07:06,2012-04-30,train,184_4
184,4228,120,Other Great Outdoors,40.73907993899482,-74.03111676076642,2012-05-04 11:07:58,2012-04-30,train,184_4
184,3337,120,Other Great Outdoors,40.76867278698223,-74.02414532471106,2012-05-04 17:59:03,2012-04-30,train,184_4
184,3541,61,Office,40.77037447,-74.02654,2012-05-04 18:21:35,2012-04-30,train,184_4
184,1662,159,Art Museum,40.761396839012,-73.97698574930376,2012-05-04 18:44:13,2012-04-30,train,184_4
184,3337,120,Other Great Outdoors,40.76867278698223,-74.02414532471106,2012-05-04 18:45:03,2012-04-30,train,184_4
184,3010,6,Home (private),40.746106883813965,-74.02413671784228,2012-05-05 11:09:02,2012-04-30,train,184_4
184,3541,61,Office,40.77037447,-74.02654,2012-05-05 12:22:36,2012-04-30,train,184_4
185,3730,255,Flea Market,40.72059136642329,-73.96331906318665,2012-05-06 14:48:02,2012-04-30,train,185_3
185,3042,121,Park,40.721502075213984,-73.96210670471191,2012-05-06 14:57:40,2012-04-30,train,185_3
186,2464,80,Building,40.72688322060254,-73.99640624193349,2012-05-01 22:11:37,2012-04-30,train,186_4
186,2830,257,Road,40.70897873714814,-73.8414716720581,2012-05-03 06:36:32,2012-04-30,train,186_4
186,2729,138,Gym / Fitness Center,40.77026714207738,-73.83640130445583,2012-05-03 20:01:27,2012-04-30,train,186_4
186,2530,94,Caribbean Restaurant,40.756225,-73.881152,2012-05-03 22:12:28,2012-04-30,train,186_4
186,2830,257,Road,40.70897873714814,-73.8414716720581,2012-05-04 12:10:32,2012-04-30,train,186_4
186,2729,138,Gym / Fitness Center,40.77026714207738,-73.83640130445583,2012-05-04 16:54:37,2012-04-30,train,186_4
186,702,157,Stadium,40.75645736467708,-73.8460636138916,2012-05-04 19:41:37,2012-04-30,train,186_4
186,2530,94,Caribbean Restaurant,40.756225,-73.881152,2012-05-04 22:42:30,2012-04-30,train,186_4
186,2464,80,Building,40.72688322060254,-73.99640624193349,2012-05-05 14:51:16,2012-04-30,train,186_4
186,2464,80,Building,40.72688322060254,-73.99640624193349,2012-05-06 14:47:46,2012-04-30,train,186_4
186,2530,94,Caribbean Restaurant,40.756225,-73.881152,2012-05-06 22:41:12,2012-04-30,train,186_4
187,168,206,Seafood Restaurant,40.72718559227258,-73.98873567581177,2012-05-05 20:17:27,2012-04-30,train,187_1
187,512,147,Movie Theater,40.75248097148231,-73.99438619301681,2012-05-06 14:48:03,2012-04-30,train,187_1
189,702,157,Stadium,40.75645736467708,-73.8460636138916,2012-05-04 19:17:48,2012-04-30,train,189_3
189,2329,96,Deli / Bodega,40.57994619525604,-73.83733748734836,2012-05-05 14:07:09,2012-04-30,train,189_3
190,1322,183,University,40.81022009968992,-73.96047592163086,2012-05-01 16:53:32,2012-04-30,train,190_4
190,905,84,Performing Arts Venue,40.75377861076244,-73.99197445110599,2012-05-01 19:57:07,2012-04-30,train,190_4
190,541,138,Gym / Fitness Center,40.759399732731005,-73.98947945148703,2012-05-03 09:56:32,2012-04-30,train,190_4
190,207,214,Bar,40.73369431021343,-74.00212123990059,2012-05-03 22:29:11,2012-04-30,train,190_4
190,4466,214,Bar,40.76000064275873,-73.99648189544678,2012-05-04 01:01:45,2012-04-30,train,190_4
190,551,37,Bar,40.759525734570886,-73.97853495742781,2012-05-05 17:30:52,2012-04-30,train,190_4
191,439,58,Electronics Store,40.76393850093645,-73.97308830420383,2012-05-04 22:31:36,2012-04-30,train,191_3
191,624,122,Plaza,40.75866919513504,-73.97859808949039,2012-05-06 19:40:01,2012-04-30,train,191_3
191,1308,61,Office,40.75911137894531,-73.97954506794183,2012-05-06 22:30:29,2012-04-30,train,191_3
193,1119,137,Gym / Fitness Center,40.714214,-74.009752,2012-05-01 19:20:46,2012-04-30,train,193_4
193,638,42,Food & Drink Shop,40.71576861458222,-74.01195760955345,2012-05-01 21:10:18,2012-04-30,train,193_4
193,835,137,Gym / Fitness Center,40.754263,-73.980316,2012-05-03 13:59:01,2012-04-30,train,193_4
193,1169,4,Gym / Fitness Center,40.72125203810384,-73.9891728758812,2012-05-03 18:20:51,2012-04-30,train,193_4
193,835,137,Gym / Fitness Center,40.754263,-73.980316,2012-05-04 14:39:22,2012-04-30,train,193_4
193,1119,137,Gym / Fitness Center,40.714214,-74.009752,2012-05-05 09:11:01,2012-04-30,train,193_4
194,765,289,Airport,40.640497899496765,-73.78941535949707,2012-05-01 16:31:14,2012-04-30,train,194_2
194,2978,301,Neighborhood,40.745306184001095,-73.94837379455566,2012-05-02 00:23:14,2012-04-30,train,194_2
194,4656,120,Other Great Outdoors,40.743919664135,-73.9537396744875,2012-05-03 12:15:13,2012-04-30,train,194_2
194,2978,301,Neighborhood,40.745306184001095,-73.94837379455566,2012-05-05 15:13:47,2012-04-30,train,194_2
194,4901,194,Mexican Restaurant,40.759220487652186,-73.98880004882812,2012-05-05 15:48:03,2012-04-30,train,194_2
195,3360,264,Subway,40.73977053760343,-74.00258123874664,2012-05-04 08:27:53,2012-04-30,train,195_3
195,459,252,Food & Drink Shop,40.72413519041223,-73.99778927450977,2012-05-04 12:02:23,2012-04-30,train,195_3
195,1319,222,Coffee Shop,40.66144181812587,-73.84009838104248,2012-05-04 15:59:06,2012-04-30,train,195_3
195,1700,254,Department Store,40.6523954512296,-73.86983119037848,2012-05-04 16:45:17,2012-04-30,train,195_3
195,3596,137,Gym / Fitness Center,40.64668883996605,-73.91399171283997,2012-05-05 11:07:51,2012-04-30,train,195_3
196,364,37,Bar,40.673543,-73.967318,2012-05-01 22:55:50,2012-04-30,train,196_3
196,2735,222,Coffee Shop,40.647114063793936,-73.88337151868886,2012-05-02 07:41:34,2012-04-30,train,196_3
196,2735,222,Coffee Shop,40.647114063793936,-73.88337151868886,2012-05-03 07:46:24,2012-04-30,train,196_3
196,1928,222,Coffee Shop,40.619196108296535,-73.99012221307656,2012-05-03 17:54:01,2012-04-30,train,196_3
198,873,7,Clothing Store,40.75928598290908,-73.9765204598217,2012-05-03 18:07:50,2012-04-30,train,198_0
198,4609,203,Food Truck,40.74039372375705,-73.98690838360204,2012-05-04 12:44:43,2012-04-30,train,198_0
198,4901,194,Mexican Restaurant,40.759220487652186,-73.98880004882812,2012-05-05 18:07:27,2012-04-30,train,198_0
198,838,40,Candy Store,40.76022,-73.98439,2012-05-06 18:57:48,2012-04-30,train,198_0
198,2825,7,Clothing Store,40.758409593390965,-73.9855424897826,2012-05-06 21:32:28,2012-04-30,train,198_0
199,936,85,Theater,40.66715574677851,-73.99066167203445,2012-05-03 09:42:50,2012-04-30,train,199_4
199,1634,222,Coffee Shop,40.75389731001637,-73.97855401039124,2012-05-03 09:43:14,2012-04-30,train,199_4
199,2013,52,Bar,40.74005465885572,-73.98968031471505,2012-05-03 19:17:26,2012-04-30,train,199_4
199,2008,264,Subway,40.68991271945739,-73.98150444030762,2012-05-03 22:14:01,2012-04-30,train,199_4
199,936,85,Theater,40.66715574677851,-73.99066167203445,2012-05-04 19:39:38,2012-04-30,train,199_4
200,1118,54,Food & Drink Shop,40.746858397620215,-73.94391251429022,2012-05-03 08:38:38,2012-04-30,train,200_4
200,1118,54,Food & Drink Shop,40.746858397620215,-73.94391251429022,2012-05-04 08:46:32,2012-04-30,train,200_4
200,1404,256,Furniture / Home Store,40.77269419000318,-73.9820645818322,2012-05-04 18:46:58,2012-04-30,train,200_4
200,2646,155,Stadium,40.8134844303353,-74.07433032989502,2012-05-06 19:22:45,2012-04-30,train,200_4
201,752,183,University,40.63116747782979,-73.95221471786499,2012-05-03 13:26:16,2012-04-30,train,201_4
201,1607,72,Government Building,40.69060240152815,-73.98814227092512,2012-05-03 19:35:39,2012-04-30,train,201_4
201,3002,202,Pizza Place,40.679037,-73.86382,2012-05-04 14:19:57,2012-04-30,train,201_4
201,3364,42,Food & Drink Shop,40.59029975760402,-73.79982927280264,2012-05-06 16:13:47,2012-04-30,train,201_4
203,2255,61,Office,40.741436970084,-73.98566722869873,2012-05-01 12:22:50,2012-04-30,train,203_3
203,672,37,Bar,40.74304318524658,-73.98022803738444,2012-05-01 18:18:27,2012-04-30,train,203_3
203,2255,61,Office,40.741436970084,-73.98566722869873,2012-05-03 09:58:22,2012-04-30,train,203_3
203,4252,102,American Restaurant,40.75536822129624,-73.96833024812483,2012-05-03 18:52:17,2012-04-30,train,203_3
203,1344,197,Sandwich Place,40.74204093790964,-73.99044933198735,2012-05-04 17:37:21,2012-04-30,train,203_3
204,3675,80,Building,40.85037085897802,-74.09999110638731,2012-05-01 22:41:44,2012-04-30,train,204_4
204,3993,6,Home (private),40.84494497801863,-74.09463109843134,2012-05-01 22:41:56,2012-04-30,train,204_4
204,1727,163,Medical Center,40.883798556858416,-74.05669371785413,2012-05-03 09:18:34,2012-04-30,train,204_4
204,4080,90,School,40.88205745436462,-74.05596512634136,2012-05-03 09:18:45,2012-04-30,train,204_4
204,3138,281,Residential Building (Apartment / Condo),40.88899013040254,-74.0558123588562,2012-05-03 17:49:57,2012-04-30,train,204_4
204,3675,80,Building,40.85037085897802,-74.09999110638731,2012-05-04 07:55:37,2012-04-30,train,204_4
204,3993,6,Home (private),40.84494497801863,-74.09463109843134,2012-05-04 07:55:48,2012-04-30,train,204_4
204,1727,163,Medical Center,40.883798556858416,-74.05669371785413,2012-05-04 09:33:36,2012-04-30,train,204_4
204,4080,90,School,40.88205745436462,-74.05596512634136,2012-05-04 09:34:01,2012-04-30,train,204_4
204,3138,281,Residential Building (Apartment / Condo),40.88899013040254,-74.0558123588562,2012-05-04 18:06:29,2012-04-30,train,204_4
204,3675,80,Building,40.85037085897802,-74.09999110638731,2012-05-04 19:44:07,2012-04-30,train,204_4
204,3993,6,Home (private),40.84494497801863,-74.09463109843134,2012-05-04 19:44:21,2012-04-30,train,204_4
204,3675,80,Building,40.85037085897802,-74.09999110638731,2012-05-05 11:38:39,2012-04-30,train,204_4
204,3993,6,Home (private),40.84494497801863,-74.09463109843134,2012-05-05 11:38:51,2012-04-30,train,204_4
204,3675,80,Building,40.85037085897802,-74.09999110638731,2012-05-05 14:51:07,2012-04-30,train,204_4
205,889,61,Office,40.72664084128227,-74.00570869445801,2012-05-04 09:12:45,2012-04-30,train,205_4
205,639,207,Dessert Shop,40.72994180131132,-74.00421738624573,2012-05-04 14:44:55,2012-04-30,train,205_4
205,249,130,Burger Joint,40.74140750304299,-73.98843795061111,2012-05-04 22:53:15,2012-04-30,train,205_4
205,1520,50,Bar,40.73830503995525,-73.99300887473368,2012-05-05 00:18:34,2012-04-30,train,205_4
205,3838,50,Bar,40.74225734075718,-74.0062364600096,2012-05-05 01:42:03,2012-04-30,train,205_4
205,3116,42,Food & Drink Shop,40.74186151409088,-73.98943362953369,2012-05-05 15:13:15,2012-04-30,train,205_4
207,1442,95,Chinese Restaurant,40.7199434551993,-74.00856625671392,2012-05-03 22:01:09,2012-04-30,train,207_4
207,2137,137,Gym / Fitness Center,40.762539,-73.9719,2012-05-04 19:34:42,2012-04-30,train,207_4
207,2134,138,Gym / Fitness Center,40.76020331774989,-73.96292348447781,2012-05-05 10:34:19,2012-04-30,train,207_4
207,1084,247,Sporting Goods Shop,40.76280318635086,-73.97336953664879,2012-05-05 14:16:24,2012-04-30,train,207_4
208,1418,194,Mexican Restaurant,40.91922020055109,-74.06481385231018,2012-05-04 17:39:19,2012-04-30,train,208_4
208,2520,222,Coffee Shop,40.946097781156325,-74.0714979171753,2012-05-05 16:19:15,2012-04-30,train,208_4
208,4460,55,Bar,40.97338575753772,-74.07132232431763,2012-05-05 19:42:21,2012-04-30,train,208_4
209,2914,6,Home (private),40.69954648520066,-73.836025107013,2012-05-04 21:17:15,2012-04-30,train,209_3
209,2914,6,Home (private),40.69954648520066,-73.836025107013,2012-05-04 21:19:18,2012-04-30,train,209_3
209,2914,6,Home (private),40.69954648520066,-73.836025107013,2012-05-06 22:33:17,2012-04-30,train,209_3
210,1745,61,Office,40.74202374678596,-73.98998447863148,2012-05-01 13:56:40,2012-04-30,train,210_4
210,1516,222,Coffee Shop,40.74064691662654,-73.99104044018358,2012-05-01 16:44:56,2012-04-30,train,210_4
210,1660,222,Coffee Shop,40.74433543734781,-73.99541343646136,2012-05-03 09:32:38,2012-04-30,train,210_4
210,1660,222,Coffee Shop,40.74433543734781,-73.99541343646136,2012-05-04 09:44:19,2012-04-30,train,210_4
210,1745,61,Office,40.74202374678596,-73.98998447863148,2012-05-04 10:57:38,2012-04-30,train,210_4
210,587,266,Bus Station,40.75722129839836,-73.99154663085938,2012-05-06 18:50:58,2012-04-30,train,210_4
211,2357,61,Office,40.74929726578268,-73.97519466783456,2012-05-03 09:16:03,2012-04-30,train,211_3
211,2357,61,Office,40.74951310595521,-73.9751315346549,2012-05-04 10:19:30,2012-04-30,train,211_3
212,668,130,Burger Joint,40.75638015812107,-73.99022161960602,2012-05-03 20:41:02,2012-04-30,train,212_3
212,586,255,Flea Market,40.687415187557306,-73.96922528743744,2012-05-05 15:11:52,2012-04-30,train,212_3
212,542,120,Other Great Outdoors,40.79292858388852,-73.92577228716674,2012-05-06 17:14:27,2012-04-30,train,212_3
213,1102,70,Train Station,40.667480389982366,-74.21548962593079,2012-05-01 17:30:44,2012-04-30,train,213_4
213,804,70,Train Station,40.73420076077984,-74.16483829470191,2012-05-01 17:48:16,2012-04-30,train,213_4
213,1303,70,Train Station,40.73929092246981,-74.15574073791504,2012-05-01 17:55:06,2012-04-30,train,213_4
213,1581,96,Deli / Bodega,40.74359479719192,-74.15569284865651,2012-05-01 18:03:12,2012-04-30,train,213_4
213,4079,90,School,40.749699952323645,-74.15427656830155,2012-05-03 09:10:27,2012-04-30,train,213_4
213,4079,90,School,40.74995168874415,-74.15273412926199,2012-05-04 09:16:38,2012-04-30,train,213_4
214,2294,102,American Restaurant,40.728539654510605,-74.04655055432836,2012-05-01 19:19:04,2012-04-30,train,214_4
214,1101,254,Department Store,40.73215319032559,-74.03588891029358,2012-05-03 18:43:23,2012-04-30,train,214_4
214,2294,102,American Restaurant,40.728539654510605,-74.04655055432836,2012-05-03 19:04:25,2012-04-30,train,214_4
214,1921,239,Airport,40.69576975606927,-74.1773271560669,2012-05-04 12:44:19,2012-04-30,train,214_4
215,349,70,Train Station,40.75280620914171,-73.97717535495758,2012-05-01 18:53:51,2012-04-30,train,215_4
215,2442,264,Subway,40.816486371807535,-73.90780709937098,2012-05-01 19:30:28,2012-04-30,train,215_4
215,3720,61,Office,40.75566091379096,-73.97538900375366,2012-05-02 07:14:56,2012-04-30,train,215_4
215,3683,203,Food Truck,40.75556338853696,-73.97573232650757,2012-05-03 10:01:51,2012-04-30,train,215_4
215,349,70,Train Station,40.75280620914171,-73.97717535495758,2012-05-03 16:12:00,2012-04-30,train,215_4
215,3683,203,Food Truck,40.75556338853696,-73.97573232650757,2012-05-04 10:27:42,2012-04-30,train,215_4
215,349,70,Train Station,40.75280620914171,-73.97717535495758,2012-05-04 16:05:38,2012-04-30,train,215_4
215,3229,73,Bus Station,40.80422125554961,-73.9383787768597,2012-05-05 16:50:47,2012-04-30,train,215_4
215,4408,266,Bus Station,40.81970407848528,-73.901606798172,2012-05-06 15:31:51,2012-04-30,train,215_4
215,4220,264,Subway,40.83033599464936,-73.87153670304792,2012-05-06 19:18:00,2012-04-30,train,215_4
216,1464,96,Deli / Bodega,40.72230706635953,-73.98735165596008,2012-05-03 19:29:16,2012-04-30,train,216_3
216,1059,97,Diner,40.70396310473177,-73.93113990456044,2012-05-04 14:37:44,2012-04-30,train,216_3
216,103,37,Bar,40.71804197564418,-73.95757903554863,2012-05-04 16:34:26,2012-04-30,train,216_3
216,94,47,Bar,40.71943413417108,-73.95592660887341,2012-05-04 17:40:05,2012-04-30,train,216_3
216,3760,146,Movie Theater,40.71621993235362,-73.96228637176877,2012-05-05 00:05:06,2012-04-30,train,216_3
216,3603,258,Food & Drink Shop,40.70621215482598,-73.9225516455076,2012-05-05 15:24:27,2012-04-30,train,216_3
219,702,157,Stadium,40.75645736467708,-73.8460636138916,2012-05-01 18:33:12,2012-04-30,train,219_1
219,212,130,Burger Joint,40.75881854506599,-73.96865740411552,2012-05-04 12:38:09,2012-04-30,train,219_1
220,2150,257,Road,40.81780414338999,-73.80359888076782,2012-05-01 17:58:32,2012-04-30,train,220_4
220,2132,61,Office,40.834227327033474,-73.88933746464586,2012-05-04 12:16:29,2012-04-30,train,220_4
225,531,102,American Restaurant,40.75821277375464,-73.98682594299316,2012-05-01 17:45:31,2012-04-30,train,225_2
225,1530,87,Theater,40.75827778801546,-73.98802757263184,2012-05-01 18:44:29,2012-04-30,train,225_2
225,531,102,American Restaurant,40.75821277375464,-73.98682594299316,2012-05-03 16:14:17,2012-04-30,train,225_2
225,531,102,American Restaurant,40.75821277375464,-73.98682594299316,2012-05-04 16:51:46,2012-04-30,train,225_2
225,1530,87,Theater,40.75827778801546,-73.98802757263184,2012-05-05 19:39:11,2012-04-30,train,225_2
227,3263,6,Home (private),40.8396785203818,-73.91834636014222,2012-05-03 07:00:24,2012-04-30,train,227_3
227,2534,265,Mall,40.91492331323924,-74.0582799911499,2012-05-03 11:07:44,2012-04-30,train,227_3
227,4392,194,Mexican Restaurant,40.89559948103921,-73.97604409405545,2012-05-03 13:55:17,2012-04-30,train,227_3
227,3263,6,Home (private),40.8396785203818,-73.91834636014222,2012-05-04 10:22:38,2012-04-30,train,227_3
227,486,147,Movie Theater,40.74276195733468,-73.97692322731018,2012-05-05 19:30:44,2012-04-30,train,227_3
229,403,53,Bar,40.72931421039228,-73.98930154388093,2012-05-05 17:45:19,2012-04-30,train,229_3
229,4901,194,Mexican Restaurant,40.759220487652186,-73.98880004882812,2012-05-05 19:09:03,2012-04-30,train,229_3
230,48,232,Music Venue,40.73169799836348,-73.98922693741638,2012-05-01 18:07:59,2012-04-30,train,230_4
230,4453,6,Home (private),40.69153719500941,-73.91834636014222,2012-05-01 20:12:58,2012-04-30,train,230_4
230,48,232,Music Venue,40.73169799836348,-73.98922693741638,2012-05-03 13:32:28,2012-04-30,train,230_4
230,1214,7,Clothing Store,40.73512291106378,-73.99118391277207,2012-05-03 19:47:57,2012-04-30,train,230_4
230,48,232,Music Venue,40.73169799836348,-73.98922693741638,2012-05-03 20:02:24,2012-04-30,train,230_4
230,48,232,Music Venue,40.73169799836348,-73.98922693741638,2012-05-04 15:48:01,2012-04-30,train,230_4
230,4453,6,Home (private),40.69153719500941,-73.91834636014222,2012-05-05 18:33:32,2012-04-30,train,230_4
230,4453,6,Home (private),40.69153719500941,-73.91834636014222,2012-05-06 18:16:36,2012-04-30,train,230_4
231,3879,194,Mexican Restaurant,40.682925,-73.9641651,2012-05-01 21:28:54,2012-04-30,train,231_4
231,4062,6,Home (private),40.68833899115064,-73.96537147003376,2012-05-03 05:01:16,2012-04-30,train,231_4
231,226,178,General College & University,40.72944585471527,-73.99366021156311,2012-05-03 16:03:22,2012-04-30,train,231_4
235,4898,245,General Entertainment,40.95799336338653,-74.10746446325602,2012-05-04 16:43:11,2012-04-30,train,235_3
235,4901,194,Mexican Restaurant,40.759220487652186,-73.98880004882812,2012-05-05 10:30:34,2012-04-30,train,235_3
235,853,194,Mexican Restaurant,40.75557964275588,-73.97086143493652,2012-05-05 13:21:54,2012-04-30,train,235_3
235,1146,194,Mexican Restaurant,40.76406488952674,-73.9883660914967,2012-05-05 18:12:32,2012-04-30,train,235_3
235,3731,301,Neighborhood,40.7646651291205,-73.98807048797607,2012-05-05 18:31:01,2012-04-30,train,235_3
237,3177,6,Home (private),40.85040528700932,-73.7183639073073,2012-05-04 06:53:27,2012-04-30,train,237_2
237,3177,6,Home (private),40.85040528700932,-73.7183639073073,2012-05-04 23:23:18,2012-04-30,train,237_2
237,3177,6,Home (private),40.85040528700932,-73.7183639073073,2012-05-05 10:50:47,2012-04-30,train,237_2
238,4794,80,Building,40.67589786738171,-73.92373427592095,2012-05-01 21:23:15,2012-04-30,train,238_4
238,3897,281,Residential Building (Apartment / Condo),40.67595516173947,-73.92373427592095,2012-05-03 10:47:54,2012-04-30,train,238_4
238,3897,281,Residential Building (Apartment / Condo),40.67595516173947,-73.92373427592095,2012-05-04 07:17:39,2012-04-30,train,238_4
238,4901,194,Mexican Restaurant,40.759220487652186,-73.98880004882812,2012-05-05 12:48:05,2012-04-30,train,238_4
240,555,137,Gym / Fitness Center,40.774319,-73.988478,2012-05-01 12:43:22,2012-04-30,train,240_4
240,841,121,Park,40.79917954514018,-73.97347284642332,2012-05-02 07:42:14,2012-04-30,train,240_4
240,841,121,Park,40.79917954514018,-73.97347284642332,2012-05-03 07:30:19,2012-04-30,train,240_4
240,2777,61,Office,40.76985337613312,-73.99028599262238,2012-05-03 08:16:28,2012-04-30,train,240_4
240,555,137,Gym / Fitness Center,40.774319,-73.988478,2012-05-03 13:14:23,2012-04-30,train,240_4
240,841,121,Park,40.79917954514018,-73.97347284642332,2012-05-04 07:32:26,2012-04-30,train,240_4
240,2777,61,Office,40.76985337613312,-73.99028599262238,2012-05-04 08:17:47,2012-04-30,train,240_4
240,555,137,Gym / Fitness Center,40.774319,-73.988478,2012-05-04 12:12:43,2012-04-30,train,240_4
240,841,121,Park,40.79867385731181,-73.97318013525144,2012-05-05 08:16:11,2012-04-30,train,240_4
241,2605,222,Coffee Shop,40.68454006475695,-73.97773719594208,2012-05-01 13:27:59,2012-04-30,train,241_4
241,1159,131,Café,40.687084,-73.976106,2012-05-03 08:08:20,2012-04-30,train,241_4
241,1651,222,Coffee Shop,40.729545,-73.99658518000001,2012-05-05 09:38:18,2012-04-30,train,241_4
244,3656,80,Building,40.653046,-73.973021,2012-05-01 13:09:16,2012-04-30,train,244_4
244,1958,102,American Restaurant,40.58384344396084,-73.94332700183666,2012-05-01 16:49:01,2012-04-30,train,244_4
244,2194,128,Bakery,40.71273101225028,-73.99716375478839,2012-05-03 16:32:36,2012-04-30,train,244_4
244,3656,80,Building,40.653046,-73.973021,2012-05-03 20:25:48,2012-04-30,train,244_4
244,4333,121,Park,40.65173175523031,-73.97266387939453,2012-05-04 13:49:09,2012-04-30,train,244_4
244,1930,301,Neighborhood,40.71834202528393,-74.00061816553153,2012-05-04 16:24:49,2012-04-30,train,244_4
244,2194,128,Bakery,40.71273101225028,-73.99716375478839,2012-05-04 16:25:30,2012-04-30,train,244_4
244,3018,301,Neighborhood,40.66623528446521,-73.98107528686523,2012-05-04 18:09:20,2012-04-30,train,244_4
244,260,142,Cajun / Creole Restaurant,40.67084402478737,-73.9777544138508,2012-05-04 18:10:50,2012-04-30,train,244_4
245,857,259,Hotel,40.76224486711165,-73.9792871763928,2012-05-03 18:47:08,2012-04-30,train,245_4
245,819,138,Gym / Fitness Center,40.77920900596156,-73.9551287537907,2012-05-04 18:25:34,2012-04-30,train,245_4
245,819,138,Gym / Fitness Center,40.77920900596156,-73.9551287537907,2012-05-05 12:57:13,2012-04-30,train,245_4
246,685,201,Ice Cream Shop,40.72957974686472,-73.9869141226312,2012-05-01 21:09:20,2012-04-30,train,246_3
246,26,37,Bar,40.73878324326924,-73.98893998920552,2012-05-03 22:26:19,2012-04-30,train,246_3
246,431,42,Food & Drink Shop,40.73366542178695,-73.98781514808185,2012-05-04 16:13:29,2012-04-30,train,246_3
246,685,201,Ice Cream Shop,40.72957974686472,-73.9869141226312,2012-05-04 22:28:53,2012-04-30,train,246_3
246,336,48,Bar,40.74985920636586,-73.98996152288103,2012-05-05 12:37:32,2012-04-30,train,246_3
246,4054,201,Ice Cream Shop,40.72634864558351,-73.98415714502335,2012-05-06 20:36:36,2012-04-30,train,246_3
247,613,80,Building,40.74906145419511,-73.98037151805134,2012-05-01 11:59:11,2012-04-30,train,247_4
247,3652,42,Food & Drink Shop,40.759769494984965,-73.96155742041213,2012-05-01 17:37:32,2012-04-30,train,247_4
247,1755,26,Drugstore / Pharmacy,40.75848932653582,-73.96275703181098,2012-05-01 17:37:49,2012-04-30,train,247_4
247,963,138,Gym / Fitness Center,40.76081329459152,-73.97227764129639,2012-05-03 11:41:55,2012-04-30,train,247_4
247,4645,26,Drugstore / Pharmacy,40.75892783097537,-73.96144262467183,2012-05-03 13:07:56,2012-04-30,train,247_4
247,963,138,Gym / Fitness Center,40.76081329459152,-73.97227764129639,2012-05-04 10:44:38,2012-04-30,train,247_4
247,4645,26,Drugstore / Pharmacy,40.75892783097537,-73.96144262467183,2012-05-04 22:06:37,2012-04-30,train,247_4
247,790,41,Bar,40.75918262141176,-73.96217731622924,2012-05-04 22:08:06,2012-04-30,train,247_4
247,3652,42,Food & Drink Shop,40.759769494984965,-73.96155742041213,2012-05-05 09:16:29,2012-04-30,train,247_4
247,625,122,Plaza,40.756489872673846,-73.98626804351807,2012-05-06 17:22:52,2012-04-30,train,247_4
247,317,214,Bar,40.75176892243845,-74.0041992992451,2012-05-06 18:51:29,2012-04-30,train,247_4
247,2795,152,Food & Drink Shop,40.758879099460245,-73.96237820796476,2012-05-06 23:43:44,2012-04-30,train,247_4
247,790,41,Bar,40.75918262141176,-73.96217731622924,2012-05-06 23:44:04,2012-04-30,train,247_4
248,3109,63,Office,40.73930718066654,-73.98940086364746,2012-05-03 19:05:51,2012-04-30,train,248_2
248,2299,165,College Academic Building,40.72908585083546,-73.99602210429897,2012-05-04 18:57:04,2012-04-30,train,248_2
249,1475,241,Airport,40.773839,-73.87122,2012-05-03 21:06:23,2012-04-30,train,249_3
249,3770,55,Bar,40.68193081222049,-73.94995122562862,2012-05-04 00:48:17,2012-04-30,train,249_3
249,971,221,Bridge,40.705953265881305,-73.99656772613525,2012-05-04 17:36:15,2012-04-30,train,249_3
249,3770,55,Bar,40.68193081222049,-73.94995122562862,2012-05-04 22:10:22,2012-04-30,train,249_3
249,67,106,Burrito Place,40.745310248183095,-73.978421241045,2012-05-05 14:10:11,2012-04-30,train,249_3
249,1444,102,American Restaurant,40.72370271254013,-73.99634311572709,2012-05-05 20:35:30,2012-04-30,train,249_3
252,354,121,Park,40.66390776998241,-73.970947265625,2012-05-03 08:20:17,2012-04-30,train,252_4
252,1921,239,Airport,40.69576975606927,-74.1773271560669,2012-05-04 17:02:35,2012-04-30,train,252_4
253,490,138,Gym / Fitness Center,40.74272121548715,-73.99276210416295,2012-05-01 17:17:50,2012-04-30,train,253_4
253,3660,137,Gym / Fitness Center,40.76636629011293,-73.9628947857524,2012-05-04 18:35:40,2012-04-30,train,253_4
253,2019,138,Gym / Fitness Center,40.71605084984903,-74.01229042943231,2012-05-05 10:36:30,2012-04-30,train,253_4
253,2173,137,Gym / Fitness Center,40.74109555804945,-73.99270534515381,2012-05-06 18:24:55,2012-04-30,train,253_4
254,293,131,Café,40.71812832887278,-73.9903115977771,2012-05-01 22:45:17,2012-04-30,train,254_2
254,485,48,Bar,40.731356886416265,-73.98894572817395,2012-05-05 20:24:48,2012-04-30,train,254_2
254,1649,138,Gym / Fitness Center,40.76416097380093,-73.92883213430983,2012-05-06 18:47:12,2012-04-30,train,254_2
256,4309,122,Plaza,40.8614401969361,-73.8909101486206,2012-05-01 21:54:15,2012-04-30,train,256_4
256,1570,163,Medical Center,40.85550037015262,-73.84623527526855,2012-05-01 22:19:31,2012-04-30,train,256_4
256,1632,264,Subway,40.88941188949587,-73.89850616455078,2012-05-03 12:16:48,2012-04-30,train,256_4
256,1597,264,Subway,40.874486,-73.909589,2012-05-03 12:34:51,2012-04-30,train,256_4
256,1570,163,Medical Center,40.85550037015262,-73.84623527526855,2012-05-03 13:35:53,2012-04-30,train,256_4
256,861,254,Department Store,40.87364275972925,-73.90811920166016,2012-05-03 17:51:25,2012-04-30,train,256_4
256,1632,264,Subway,40.88941188949587,-73.89850616455078,2012-05-04 14:30:39,2012-04-30,train,256_4
256,1597,264,Subway,40.874486,-73.909589,2012-05-04 14:45:03,2012-04-30,train,256_4
258,1350,102,American Restaurant,40.74583734577147,-73.98799265354255,2012-05-01 13:37:24,2012-04-30,train,258_4
258,4644,63,Office,40.74512069910293,-73.99247516123957,2012-05-01 15:03:30,2012-04-30,train,258_4
259,3000,254,Department Store,40.79535805750898,-73.93105745315552,2012-05-01 19:02:36,2012-04-30,train,259_3
259,1726,222,Coffee Shop,40.75164600588797,-73.992919921875,2012-05-04 16:07:01,2012-04-30,train,259_3
259,1227,27,Italian Restaurant,40.742229441765765,-73.99319251774303,2012-05-06 18:17:29,2012-04-30,train,259_3
260,3065,273,Tanning Salon,40.620465,-74.00710102,2012-05-01 16:05:33,2012-04-30,train,260_2
260,3065,273,Tanning Salon,40.620465,-74.00710102,2012-05-03 16:59:35,2012-04-30,train,260_2
260,4648,6,Home (private),40.62572973749308,-74.01238511084367,2012-05-04 23:01:33,2012-04-30,train,260_2
260,4648,6,Home (private),40.62572973749308,-74.01238511084367,2012-05-05 17:54:57,2012-04-30,train,260_2
261,1405,137,Gym / Fitness Center,40.8649445296451,-74.06521286735973,2012-05-01 21:21:47,2012-04-30,train,261_4
261,1405,137,Gym / Fitness Center,40.8649445296451,-74.06521286735973,2012-05-03 22:55:17,2012-04-30,train,261_4
261,3887,6,Home (private),40.90911737991889,-74.20032308006297,2012-05-05 08:38:46,2012-04-30,train,261_4
262,4699,61,Office,40.892062644036585,-73.94481374078164,2012-05-03 08:40:27,2012-04-30,train,262_4
262,4549,130,Burger Joint,40.91914597615156,-74.08603010327383,2012-05-04 20:52:55,2012-04-30,train,262_4
263,1284,138,Gym / Fitness Center,40.78434697508766,-73.97953932869252,2012-05-02 06:36:14,2012-04-30,train,263_4
263,2450,61,Office,40.73801229768996,-73.99276784301703,2012-05-03 09:30:56,2012-04-30,train,263_4
263,1334,222,Coffee Shop,40.73500513446808,-73.99326138382618,2012-05-04 08:32:09,2012-04-30,train,263_4
263,2450,61,Office,40.73801229768996,-73.99276784301703,2012-05-04 08:52:10,2012-04-30,train,263_4
263,1284,138,Gym / Fitness Center,40.78434697508766,-73.97953932869252,2012-05-05 11:12:15,2012-04-30,train,263_4
263,4901,194,Mexican Restaurant,40.759220487652186,-73.98880004882812,2012-05-05 11:12:40,2012-04-30,train,263_4
263,691,37,Bar,40.771532064320695,-73.95629970544277,2012-05-05 16:59:42,2012-04-30,train,263_4
264,3586,6,Home (private),40.69302900066383,-73.85954898955855,2012-05-03 07:51:11,2012-04-30,train,264_4
264,2862,96,Deli / Bodega,40.70787251735376,-73.78595575732042,2012-05-03 10:15:03,2012-04-30,train,264_4
264,3586,6,Home (private),40.69302900066383,-73.85954898955855,2012-05-04 07:09:36,2012-04-30,train,264_4
264,2862,96,Deli / Bodega,40.70787251735376,-73.78595575732042,2012-05-04 09:57:06,2012-04-30,train,264_4
264,4450,140,Medical Center,40.70795058646715,-73.78573744997894,2012-05-04 09:57:32,2012-04-30,train,264_4
264,3586,6,Home (private),40.69302900066383,-73.85954898955855,2012-05-06 18:49:22,2012-04-30,train,264_4
267,3576,123,Scenic Lookout,40.73857555787898,-73.9070463180542,2012-05-03 08:28:58,2012-04-30,train,267_3
267,3576,123,Scenic Lookout,40.73857555787898,-73.9070463180542,2012-05-04 08:29:35,2012-04-30,train,267_3
267,3536,276,College & University,40.74467151923719,-73.93426855422129,2012-05-04 11:19:46,2012-04-30,train,267_3
267,2427,225,Athletic & Sport,40.73880317471964,-73.90279769897461,2012-05-05 11:32:05,2012-04-30,train,267_3
268,1465,4,Gym / Fitness Center,40.745882070357766,-73.9976859778158,2012-05-01 19:46:16,2012-04-30,train,268_3
268,1465,4,Gym / Fitness Center,40.745882070357766,-73.9976859778158,2012-05-06 18:12:50,2012-04-30,train,268_3
269,405,241,Airport,40.645089355976346,-73.7845230102539,2012-05-04 16:28:26,2012-04-30,train,269_0
269,384,78,Library,40.67256636389564,-73.96884441375732,2012-05-05 15:02:35,2012-04-30,train,269_0
269,313,58,Electronics Store,40.74339876222266,-73.99335894406833,2012-05-05 18:31:03,2012-04-30,train,269_0
269,2699,122,Plaza,40.63221960872999,-73.9472992672502,2012-05-06 16:31:30,2012-04-30,train,269_0
270,4240,301,Neighborhood,40.87740673305284,-73.83824494873843,2012-05-02 07:56:41,2012-04-30,train,270_4
270,2786,80,Building,40.87420817918266,-73.83777973171131,2012-05-02 07:57:01,2012-04-30,train,270_4
270,4240,301,Neighborhood,40.87740673305284,-73.83824494873843,2012-05-03 07:59:27,2012-04-30,train,270_4
270,2786,80,Building,40.87420817918266,-73.83777973171131,2012-05-03 07:59:42,2012-04-30,train,270_4
270,3602,120,Other Great Outdoors,40.91192343390238,-73.78237724304199,2012-05-03 16:34:38,2012-04-30,train,270_4
270,1984,42,Food & Drink Shop,40.89656884509741,-73.79472806765762,2012-05-03 16:35:28,2012-04-30,train,270_4
270,4898,245,General Entertainment,40.95799336338653,-74.10746446325602,2012-05-04 11:55:20,2012-04-30,train,270_4
270,4456,122,Plaza,40.85803216472994,-73.85636329650879,2012-05-04 17:58:59,2012-04-30,train,270_4
270,4901,194,Mexican Restaurant,40.759220487652186,-73.98880004882812,2012-05-05 10:42:25,2012-04-30,train,270_4
270,4901,194,Mexican Restaurant,40.759220487652186,-73.98880004882812,2012-05-05 10:42:57,2012-04-30,train,270_4
270,4700,301,Neighborhood,40.85439105649562,-73.86379837989807,2012-05-06 13:22:10,2012-04-30,train,270_4
270,1771,265,Mall,40.91143695415644,-73.77997398376465,2012-05-06 19:23:24,2012-04-30,train,270_4
270,3602,120,Other Great Outdoors,40.91192343390238,-73.78237724304199,2012-05-06 19:23:50,2012-04-30,train,270_4
270,1898,146,Movie Theater,40.91193999019654,-73.77949835499888,2012-05-06 19:30:09,2012-04-30,train,270_4
272,4229,128,Bakery,40.798281,-73.963556,2012-05-01 18:54:14,2012-04-30,train,272_3
272,3025,61,Office,40.76663566973233,-73.98216214776504,2012-05-02 06:43:47,2012-04-30,train,272_3
272,1255,222,Coffee Shop,40.767614327003976,-73.98287380365903,2012-05-03 08:32:13,2012-04-30,train,272_3
272,1255,222,Coffee Shop,40.767614327003976,-73.98287380365903,2012-05-04 14:36:09,2012-04-30,train,272_3
272,405,241,Airport,40.645089355976346,-73.7845230102539,2012-05-05 05:42:12,2012-04-30,train,272_3
273,3533,6,Home (private),40.88729678663871,-73.90658830179062,2012-05-04 16:20:16,2012-04-30,train,273_3
273,1839,37,Bar,40.887145,-73.904555,2012-05-05 00:56:49,2012-04-30,train,273_3
274,1246,222,Coffee Shop,40.75372603523457,-73.9886415626111,2012-05-01 16:12:41,2012-04-30,train,274_4
274,271,254,Department Store,40.75061379403183,-73.98856401443481,2012-05-01 18:05:22,2012-04-30,train,274_4
274,829,7,Clothing Store,40.74959782183326,-73.98746967315674,2012-05-01 18:45:39,2012-04-30,train,274_4
274,458,106,Burrito Place,40.76271587683453,-73.98763664066797,2012-05-01 19:28:23,2012-04-30,train,274_4
274,3589,6,Home (private),40.76071686239771,-73.91834636014222,2012-05-03 05:11:31,2012-04-30,train,274_4
274,1803,138,Gym / Fitness Center,40.76190477195068,-73.92474889755249,2012-05-03 18:43:33,2012-04-30,train,274_4
274,4278,194,Mexican Restaurant,40.76362694663688,-73.97796102863539,2012-05-04 13:50:10,2012-04-30,train,274_4
274,3589,6,Home (private),40.76071686239771,-73.91834636014222,2012-05-04 22:26:25,2012-04-30,train,274_4
274,912,95,Chinese Restaurant,40.76523437568712,-73.97995255420375,2012-05-05 13:58:44,2012-04-30,train,274_4
274,3589,6,Home (private),40.76071686239771,-73.91834636014222,2012-05-06 23:52:10,2012-04-30,train,274_4
275,3266,165,College Academic Building,40.7399724626845,-73.99351963141778,2012-05-03 15:28:29,2012-04-30,train,275_4
275,1136,138,Gym / Fitness Center,40.74125944237973,-74.00153661135433,2012-05-04 10:00:29,2012-04-30,train,275_4
275,986,42,Food & Drink Shop,40.81967266642876,-73.95994453399868,2012-05-06 12:47:53,2012-04-30,train,275_4
276,1124,183,University,40.73559389575588,-73.81717698625359,2012-05-01 12:48:17,2012-04-30,train,276_4
276,1068,183,University,40.721664700472566,-73.79473686218262,2012-05-01 15:10:54,2012-04-30,train,276_4
276,2432,165,College Academic Building,40.721957424936726,-73.79645347595215,2012-05-01 15:14:07,2012-04-30,train,276_4
276,2210,165,College Academic Building,40.72217190721143,-73.7935159377537,2012-05-01 15:24:47,2012-04-30,train,276_4
276,4676,31,Bar,40.725730202803845,-73.79252672195435,2012-05-01 15:42:51,2012-04-30,train,276_4
276,1068,183,University,40.721664700472566,-73.79473686218262,2012-05-04 12:40:45,2012-04-30,train,276_4
276,2210,165,College Academic Building,40.72200363430237,-73.79322870209799,2012-05-04 12:41:13,2012-04-30,train,276_4
276,2434,165,College Academic Building,40.72277054169368,-73.79508018493652,2012-05-04 12:41:31,2012-04-30,train,276_4
276,2432,165,College Academic Building,40.721957424936726,-73.79645347595215,2012-05-04 12:41:49,2012-04-30,train,276_4
276,4676,31,Bar,40.725730202803845,-73.79252672195435,2012-05-04 14:05:21,2012-04-30,train,276_4
276,876,222,Coffee Shop,40.75811474431927,-73.82963977754116,2012-05-04 14:54:35,2012-04-30,train,276_4
276,479,265,Mall,40.73405557647634,-73.87084722518921,2012-05-04 17:04:25,2012-04-30,train,276_4
276,1124,183,University,40.73589867247221,-73.8174756753254,2012-05-04 18:46:01,2012-04-30,train,276_4
276,4676,31,Bar,40.725730202803845,-73.79252672195435,2012-05-05 19:31:12,2012-04-30,train,276_4
277,436,241,Airport,40.68968493541091,-74.17938709259033,2012-05-03 20:21:42,2012-04-30,train,277_4
277,512,147,Movie Theater,40.75248097148231,-73.99438619301681,2012-05-04 20:20:37,2012-04-30,train,277_4
277,4260,131,Café,40.851377882205846,-73.94008040428162,2012-05-05 00:08:06,2012-04-30,train,277_4
277,481,42,Food & Drink Shop,40.76806170936614,-73.98184776306152,2012-05-06 16:46:24,2012-04-30,train,277_4
278,991,138,Gym / Fitness Center,40.80974841150465,-73.95176509828832,2012-05-03 18:32:48,2012-04-30,train,278_4
278,3920,277,Food,40.80474202386944,-73.95543871227191,2012-05-06 19:44:32,2012-04-30,train,278_4
279,837,137,Gym / Fitness Center,40.743643848658174,-74.00680456576318,2012-05-02 06:52:35,2012-04-30,train,279_4
279,837,137,Gym / Fitness Center,40.743643848658174,-74.00680456576318,2012-05-03 08:52:11,2012-04-30,train,279_4
279,1475,241,Airport,40.773839,-73.87122,2012-05-06 22:15:36,2012-04-30,train,279_4
280,1377,96,Deli / Bodega,40.75110145517336,-73.98130059242249,2012-05-01 13:23:49,2012-04-30,train,280_4
280,3733,27,Italian Restaurant,40.74994731802104,-73.98151516914368,2012-05-03 09:27:18,2012-04-30,train,280_4
280,2741,61,Office,40.749978,-73.98153,2012-05-03 10:11:41,2012-04-30,train,280_4
280,1377,96,Deli / Bodega,40.75110145517336,-73.98130059242249,2012-05-03 12:34:12,2012-04-30,train,280_4
280,1472,96,Deli / Bodega,40.74282782101021,-74.00383203415198,2012-05-03 19:48:33,2012-04-30,train,280_4
280,3733,27,Italian Restaurant,40.74994731802104,-73.98151516914368,2012-05-04 09:50:15,2012-04-30,train,280_4
280,2741,61,Office,40.749978,-73.98153,2012-05-04 10:06:23,2012-04-30,train,280_4
280,1472,96,Deli / Bodega,40.74282782101021,-74.00383203415198,2012-05-04 20:21:19,2012-04-30,train,280_4
280,1141,81,Taxi,40.72956780913896,-73.9984130859375,2012-05-05 10:12:53,2012-04-30,train,280_4
280,3733,27,Italian Restaurant,40.74994731802104,-73.98151516914368,2012-05-05 10:23:06,2012-04-30,train,280_4
280,2741,61,Office,40.749978,-73.98153,2012-05-05 10:49:38,2012-04-30,train,280_4
281,2299,165,College Academic Building,40.72908585083546,-73.99602210429897,2012-05-01 20:38:03,2012-04-30,train,281_3
281,1139,282,Convenience Store,40.73124093737987,-73.98864730158843,2012-05-01 20:47:15,2012-04-30,train,281_3
281,405,241,Airport,40.645089355976346,-73.7845230102539,2012-05-04 16:41:24,2012-04-30,train,281_3
281,4872,29,Japanese Restaurant,40.73105527532634,-73.98871043032793,2012-05-04 20:43:01,2012-04-30,train,281_3
281,822,20,Falafel Restaurant,40.72909625079526,-73.98886442184448,2012-05-06 13:40:48,2012-04-30,train,281_3
283,24,47,Bar,40.7246224724009,-73.99586106037441,2012-05-03 19:04:41,2012-04-30,train,283_4
283,3166,37,Bar,40.72985319525928,-73.98080769862108,2012-05-03 22:44:07,2012-04-30,train,283_4
283,73,191,Latin American Restaurant,40.7827998810992,-73.9734148979187,2012-05-05 12:49:30,2012-04-30,train,283_4
283,192,121,Park,40.73528249691621,-73.99040315158283,2012-05-05 17:12:18,2012-04-30,train,283_4
284,3289,301,Neighborhood,40.65016889724004,-73.94957542419434,2012-05-04 20:03:38,2012-04-30,train,284_1
284,2855,301,Neighborhood,40.80774561312955,-73.94624880614921,2012-05-05 12:22:38,2012-04-30,train,284_1
284,1114,138,Gym / Fitness Center,40.80841734079853,-73.9451551437378,2012-05-05 12:23:02,2012-04-30,train,284_1
285,2785,61,Office,40.80601358609009,-73.90249729156494,2012-05-01 14:23:42,2012-04-30,train,285_4
285,526,222,Coffee Shop,40.741136037741065,-73.9857892696372,2012-05-01 17:56:19,2012-04-30,train,285_4
285,3494,12,Gym / Fitness Center,40.73268976628568,-73.97463798522949,2012-05-01 18:38:39,2012-04-30,train,285_4
285,1475,241,Airport,40.773839,-73.87122,2012-05-03 06:26:14,2012-04-30,train,285_4
285,1475,241,Airport,40.773839,-73.87122,2012-05-06 21:29:13,2012-04-30,train,285_4
286,2906,218,Tattoo Parlor,40.74710920467287,-74.15280867121942,2012-05-01 16:01:17,2012-04-30,train,286_3
286,3051,175,College Academic Building,40.74625307260463,-74.16346213007058,2012-05-01 16:40:12,2012-04-30,train,286_3
286,2906,218,Tattoo Parlor,40.74710920467287,-74.15280867121942,2012-05-01 17:45:43,2012-04-30,train,286_3
286,1591,97,Diner,40.75065972663712,-74.1640068276603,2012-05-01 21:47:19,2012-04-30,train,286_3
286,3051,175,College Academic Building,40.74625307260463,-74.16346213007058,2012-05-02 08:05:59,2012-04-30,train,286_3
286,3518,104,Spanish Restaurant,40.747048,-74.15257036685944,2012-05-03 08:46:58,2012-04-30,train,286_3
286,1912,138,Gym / Fitness Center,40.79751876019981,-74.14632914353639,2012-05-03 10:04:21,2012-04-30,train,286_3
286,3282,83,Church,40.81919256285133,-74.16168987751007,2012-05-03 12:47:58,2012-04-30,train,286_3
286,2906,218,Tattoo Parlor,40.74710920467287,-74.15280867121942,2012-05-03 14:51:02,2012-04-30,train,286_3
286,3051,175,College Academic Building,40.74625307260463,-74.16346213007058,2012-05-03 17:00:58,2012-04-30,train,286_3
286,2906,218,Tattoo Parlor,40.74710920467287,-74.15280867121942,2012-05-03 18:46:19,2012-04-30,train,286_3
286,2093,131,Café,40.82787106175464,-74.10190679181018,2012-05-04 00:45:54,2012-04-30,train,286_3
286,2906,218,Tattoo Parlor,40.74710920467287,-74.15280867121942,2012-05-04 01:16:16,2012-04-30,train,286_3
286,3051,175,College Academic Building,40.74625307260463,-74.16346213007058,2012-05-04 01:30:37,2012-04-30,train,286_3
286,2387,34,Gas Station / Garage,40.74553377781002,-74.16464567184448,2012-05-04 09:34:08,2012-04-30,train,286_3
286,2906,218,Tattoo Parlor,40.74710920467287,-74.15280867121942,2012-05-04 17:44:28,2012-04-30,train,286_3
286,2906,218,Tattoo Parlor,40.74710920467287,-74.15280867121942,2012-05-04 21:14:16,2012-04-30,train,286_3
286,1591,97,Diner,40.75065972663712,-74.1640068276603,2012-05-04 22:23:51,2012-04-30,train,286_3
286,3051,175,College Academic Building,40.74625307260463,-74.16346213007058,2012-05-05 05:47:21,2012-04-30,train,286_3
286,2387,34,Gas Station / Garage,40.74553377781002,-74.16464567184448,2012-05-05 09:46:33,2012-04-30,train,286_3
286,3518,104,Spanish Restaurant,40.747048,-74.15257036685944,2012-05-05 10:34:13,2012-04-30,train,286_3
286,1912,138,Gym / Fitness Center,40.79751876019981,-74.14632914353639,2012-05-05 11:22:26,2012-04-30,train,286_3
286,2906,218,Tattoo Parlor,40.74710920467287,-74.15280867121942,2012-05-05 14:20:42,2012-04-30,train,286_3
286,2906,218,Tattoo Parlor,40.74710920467287,-74.15280867121942,2012-05-05 15:54:09,2012-04-30,train,286_3
286,3051,175,College Academic Building,40.74625307260463,-74.16346213007058,2012-05-05 20:07:29,2012-04-30,train,286_3
286,3518,104,Spanish Restaurant,40.747048,-74.15257036685944,2012-05-06 15:03:32,2012-04-30,train,286_3
286,3282,83,Church,40.81919256285133,-74.16168987751007,2012-05-06 19:29:13,2012-04-30,train,286_3
286,2906,218,Tattoo Parlor,40.74710920467287,-74.15280867121942,2012-05-06 22:43:23,2012-04-30,train,286_3
287,3417,63,Office,40.74226610630077,-73.98446559906006,2012-05-03 08:16:53,2012-04-30,train,287_4
287,4708,105,Taco Place,40.7411161511398,-73.9854097366333,2012-05-03 12:16:40,2012-04-30,train,287_4
287,3417,63,Office,40.74226610630077,-73.98446559906006,2012-05-04 09:54:26,2012-04-30,train,287_4
288,2652,50,Bar,40.72586029477793,-73.98442268371582,2012-05-01 18:41:07,2012-04-30,train,288_3
288,3838,50,Bar,40.74225734075718,-74.0062364600096,2012-05-03 17:23:05,2012-04-30,train,288_3
288,946,222,Coffee Shop,40.74029892315393,-73.98678302764893,2012-05-04 09:19:25,2012-04-30,train,288_3
288,405,241,Airport,40.645089355976346,-73.7845230102539,2012-05-04 12:30:57,2012-04-30,train,288_3
290,3901,165,College Academic Building,40.74512833597144,-73.93694365316126,2012-05-02 08:02:05,2012-04-30,train,290_4
290,974,221,Bridge,40.60679958140643,-74.04416981025437,2012-05-05 13:05:48,2012-04-30,train,290_4
290,2046,121,Park,40.65684334757191,-73.96807193756104,2012-05-06 18:39:32,2012-04-30,train,290_4
291,137,204,Steakhouse,40.710042263303,-73.96237246820378,2012-05-01 20:40:23,2012-04-30,train,291_0
291,1603,232,Music Venue,40.75044987008408,-73.99221103886612,2012-05-06 15:39:35,2012-04-30,train,291_0
292,4050,6,Home (private),40.775828988869165,-74.23554035653764,2012-05-01 17:26:03,2012-04-30,train,292_4
292,2585,42,Food & Drink Shop,40.76633906356843,-74.21865463256836,2012-05-01 21:54:40,2012-04-30,train,292_4
292,4050,6,Home (private),40.775828988869165,-74.23554035653764,2012-05-01 23:44:07,2012-04-30,train,292_4
292,4086,70,Train Station,40.74947590412627,-73.99223327636719,2012-05-03 16:20:44,2012-04-30,train,292_4
292,4050,6,Home (private),40.775828988869165,-74.23554035653764,2012-05-03 18:49:24,2012-04-30,train,292_4
292,3149,70,Train Station,40.77187249824153,-74.23319220542908,2012-05-04 06:50:36,2012-04-30,train,292_4
292,2436,265,Mall,40.660555887861165,-74.17174136107501,2012-05-04 18:57:52,2012-04-30,train,292_4
292,4050,6,Home (private),40.775828988869165,-74.23554035653764,2012-05-04 23:16:00,2012-04-30,train,292_4
292,4050,6,Home (private),40.775828988869165,-74.23554035653764,2012-05-05 09:35:13,2012-04-30,train,292_4
292,3048,138,Gym / Fitness Center,40.79044264226192,-74.19555642280721,2012-05-05 16:48:44,2012-04-30,train,292_4
292,4050,6,Home (private),40.775828988869165,-74.23554035653764,2012-05-05 18:55:43,2012-04-30,train,292_4
293,349,70,Train Station,40.75280620914171,-73.97717535495758,2012-05-01 15:56:00,2012-04-30,train,293_4
293,2763,102,American Restaurant,40.74733835203195,-73.98198997255602,2012-05-02 07:41:41,2012-04-30,train,293_4
293,2650,61,Office,40.74712105759092,-73.9806297829819,2012-05-02 07:51:00,2012-04-30,train,293_4
293,4696,222,Coffee Shop,40.74997526827238,-73.97949341469202,2012-05-03 07:36:51,2012-04-30,train,293_4
293,2650,61,Office,40.74712105759092,-73.9806297829819,2012-05-03 07:50:19,2012-04-30,train,293_4
293,349,70,Train Station,40.75280620914171,-73.97717535495758,2012-05-03 15:55:28,2012-04-30,train,293_4
293,4696,222,Coffee Shop,40.74997526827238,-73.97949341469202,2012-05-04 07:34:44,2012-04-30,train,293_4
293,2650,61,Office,40.74712105759092,-73.9806297829819,2012-05-04 07:44:50,2012-04-30,train,293_4
293,349,70,Train Station,40.75280620914171,-73.97717535495758,2012-05-04 15:59:46,2012-04-30,train,293_4
294,2366,264,Subway,40.8670224993816,-73.8939356803894,2012-05-01 13:41:03,2012-04-30,train,294_3
294,4778,281,Residential Building (Apartment / Condo),40.86810091102874,-73.88818907725427,2012-05-01 18:16:26,2012-04-30,train,294_3
294,560,94,Caribbean Restaurant,40.758193191200576,-73.96258483924586,2012-05-05 20:44:41,2012-04-30,train,294_3
295,660,122,Plaza,40.76803326982161,-73.98186922073364,2012-05-01 12:09:09,2012-04-30,train,295_4
295,1934,138,Gym / Fitness Center,40.58532514916689,-73.95202340155454,2012-05-01 15:01:08,2012-04-30,train,295_4
295,660,122,Plaza,40.76803326982161,-73.98186922073364,2012-05-03 12:12:55,2012-04-30,train,295_4
295,1934,138,Gym / Fitness Center,40.58532514916689,-73.95202340155454,2012-05-03 16:14:27,2012-04-30,train,295_4
295,2647,96,Deli / Bodega,40.586137977731234,-73.98802175204773,2012-05-06 17:44:17,2012-04-30,train,295_4
296,449,138,Gym / Fitness Center,40.73675459511588,-73.99521589279175,2012-05-03 08:37:34,2012-04-30,train,296_4
296,4157,222,Coffee Shop,40.73317755885807,-73.99116039276123,2012-05-05 12:02:43,2012-04-30,train,296_4
296,3920,277,Food,40.80474202386944,-73.95543871227191,2012-05-06 17:15:03,2012-04-30,train,296_4
298,2454,264,Subway,40.873074871194376,-73.88679027557373,2012-05-02 07:42:27,2012-04-30,train,298_4
298,2454,264,Subway,40.873074871194376,-73.88679027557373,2012-05-03 07:37:04,2012-04-30,train,298_4
298,2454,264,Subway,40.873074871194376,-73.88679027557373,2012-05-04 07:51:55,2012-04-30,train,298_4
298,425,35,Bookstore,40.73673498897392,-73.98976065994738,2012-05-04 18:37:40,2012-04-30,train,298_4
298,1625,264,Subway,40.87341560489982,-73.88983726501465,2012-05-05 12:33:48,2012-04-30,train,298_4
298,4718,80,Building,40.7111526958812,-74.00940405844237,2012-05-05 15:40:47,2012-04-30,train,298_4
299,1753,264,Subway,40.67933621045698,-73.93028497695923,2012-05-01 12:56:03,2012-04-30,train,299_4
299,1611,264,Subway,40.7255768,-74.004252,2012-05-01 13:26:37,2012-04-30,train,299_4
299,1339,121,Park,40.72678506374359,-74.00346747445712,2012-05-01 13:27:30,2012-04-30,train,299_4
299,2959,96,Deli / Bodega,40.726901990216966,-74.00327539665169,2012-05-01 13:28:12,2012-04-30,train,299_4
299,2451,282,Convenience Store,40.727205,-74.003234,2012-05-01 13:31:19,2012-04-30,train,299_4
299,2067,56,Paper / Office Supplies Store,40.727035,-74.005569,2012-05-01 13:36:08,2012-04-30,train,299_4
299,1611,264,Subway,40.7255768,-74.004252,2012-05-01 20:07:22,2012-04-30,train,299_4
299,3628,120,Other Great Outdoors,40.71430985040704,-73.94939443218914,2012-05-01 20:27:27,2012-04-30,train,299_4
299,3636,60,Smoke Shop,40.71595073760232,-73.94959533722336,2012-05-01 20:28:53,2012-04-30,train,299_4
299,3289,301,Neighborhood,40.65016889724004,-73.94957542419434,2012-05-02 02:28:53,2012-04-30,train,299_4
299,3628,120,Other Great Outdoors,40.71430985040704,-73.94939443218914,2012-05-02 02:29:41,2012-04-30,train,299_4
299,1113,71,Train Station,40.70386504122757,-73.94740149378777,2012-05-02 02:48:02,2012-04-30,train,299_4
299,3598,6,Home (private),40.69321217941903,-73.93010370763156,2012-05-03 11:21:20,2012-04-30,train,299_4
299,3553,6,Home (private),40.69321217941903,-73.93010370763156,2012-05-03 11:21:36,2012-04-30,train,299_4
299,4153,6,Home (private),40.69321217941903,-73.93010370763156,2012-05-03 11:40:51,2012-04-30,train,299_4
299,2149,264,Subway,40.80057233323509,-73.95817995071411,2012-05-03 12:46:54,2012-04-30,train,299_4
299,1963,122,Plaza,40.80035505930557,-73.95902615848668,2012-05-03 12:47:28,2012-04-30,train,299_4
299,2149,264,Subway,40.80057233323509,-73.95817995071411,2012-05-03 13:01:24,2012-04-30,train,299_4
299,1611,264,Subway,40.7255768,-74.004252,2012-05-03 13:43:19,2012-04-30,train,299_4
299,1339,121,Park,40.72678506374359,-74.00346747445712,2012-05-03 13:44:39,2012-04-30,train,299_4
299,630,245,General Entertainment,40.72692705548838,-74.0054904599932,2012-05-03 13:45:18,2012-04-30,train,299_4
299,4896,67,Office,40.72648554606392,-74.00508876647187,2012-05-03 13:54:58,2012-04-30,train,299_4
299,1611,264,Subway,40.7255768,-74.004252,2012-05-03 20:08:17,2012-04-30,train,299_4
299,4534,70,Train Station,40.858618843688845,-73.85582475342396,2012-05-03 21:21:33,2012-04-30,train,299_4
299,3598,6,Home (private),40.69321217941903,-73.93010370763156,2012-05-04 12:10:39,2012-04-30,train,299_4
299,3553,6,Home (private),40.69321217941903,-73.93010370763156,2012-05-04 12:10:55,2012-04-30,train,299_4
299,4153,6,Home (private),40.69321217941903,-73.93010370763156,2012-05-04 12:36:45,2012-04-30,train,299_4
299,3557,253,General Travel,40.68876325869754,-73.93024435518471,2012-05-04 12:37:34,2012-04-30,train,299_4
299,1753,264,Subway,40.67933621045698,-73.93028497695923,2012-05-04 12:38:16,2012-04-30,train,299_4
299,1611,264,Subway,40.7255768,-74.004252,2012-05-04 13:07:05,2012-04-30,train,299_4
299,1339,121,Park,40.72678506374359,-74.00346747445712,2012-05-04 13:08:13,2012-04-30,train,299_4
299,1714,26,Drugstore / Pharmacy,40.72789663397213,-74.00722347094514,2012-05-04 13:15:14,2012-04-30,train,299_4
299,2067,56,Paper / Office Supplies Store,40.727035,-74.005569,2012-05-04 13:24:13,2012-04-30,train,299_4
299,1611,264,Subway,40.7255768,-74.004252,2012-05-04 20:13:03,2012-04-30,train,299_4
299,4259,264,Subway,40.75752331463292,-73.96917868724836,2012-05-04 20:41:45,2012-04-30,train,299_4
299,2003,60,Smoke Shop,40.75714063260104,-73.96696996199624,2012-05-04 20:42:51,2012-04-30,train,299_4
299,2003,60,Smoke Shop,40.75714063260104,-73.96696996199624,2012-05-04 23:33:46,2012-04-30,train,299_4
299,3636,60,Smoke Shop,40.71595073760232,-73.94959533722336,2012-05-05 02:14:40,2012-04-30,train,299_4
299,3289,301,Neighborhood,40.65016889724004,-73.94957542419434,2012-05-05 02:17:44,2012-04-30,train,299_4
299,3628,120,Other Great Outdoors,40.71430985040704,-73.94939443218914,2012-05-05 02:18:06,2012-04-30,train,299_4
299,4235,73,Bus Station,40.70398087852725,-73.947861806915,2012-05-05 02:32:39,2012-04-30,train,299_4
299,3598,6,Home (private),40.69321217941903,-73.93010370763156,2012-05-05 14:11:51,2012-04-30,train,299_4
299,3553,6,Home (private),40.69321217941903,-73.93010370763156,2012-05-05 14:12:08,2012-04-30,train,299_4
299,4153,6,Home (private),40.69321217941903,-73.93010370763156,2012-05-05 18:16:19,2012-04-30,train,299_4
299,3557,253,General Travel,40.68876325869754,-73.93024435518471,2012-05-05 18:26:05,2012-04-30,train,299_4
299,2349,121,Park,40.70633605501917,-73.94754035587833,2012-05-05 18:47:54,2012-04-30,train,299_4
299,4314,253,General Travel,40.70408637926169,-73.9480799340999,2012-05-05 19:02:41,2012-04-30,train,299_4
299,3628,120,Other Great Outdoors,40.71430985040704,-73.94939443218914,2012-05-05 19:05:48,2012-04-30,train,299_4
299,3598,6,Home (private),40.69321217941903,-73.93010370763156,2012-05-06 13:25:24,2012-04-30,train,299_4
299,3553,6,Home (private),40.69321217941903,-73.93010370763156,2012-05-06 13:25:51,2012-04-30,train,299_4
299,4153,6,Home (private),40.69321217941903,-73.93010370763156,2012-05-06 16:09:05,2012-04-30,train,299_4
299,4314,253,General Travel,40.70408637926169,-73.9480799340999,2012-05-06 16:28:48,2012-04-30,train,299_4
301,86,21,French Restaurant,40.73821643777286,-73.9878495820916,2012-05-01 18:12:55,2012-04-30,train,301_3
301,719,222,Coffee Shop,40.73001497344702,-73.99150371551514,2012-05-02 08:01:29,2012-04-30,train,301_3
301,719,222,Coffee Shop,40.73001497344702,-73.99150371551514,2012-05-03 09:17:08,2012-04-30,train,301_3
301,866,61,Office,40.74170613161901,-73.98518666710845,2012-05-04 08:49:33,2012-04-30,train,301_3
301,1448,63,Office,40.73329164379054,-73.9928367092527,2012-05-04 12:02:42,2012-04-30,train,301_3
301,406,147,Movie Theater,40.73416736029532,-73.99048715829849,2012-05-05 09:40:49,2012-04-30,train,301_3
301,1269,222,Coffee Shop,40.771057319017146,-73.95674168044599,2012-05-05 14:50:13,2012-04-30,train,301_3
301,15,37,Bar,40.73233045525843,-74.0016399059716,2012-05-05 19:46:44,2012-04-30,train,301_3
302,2383,136,Office,40.752522706592416,-73.98677064685069,2012-05-01 12:22:35,2012-04-30,train,302_4
302,2383,136,Office,40.752522706592416,-73.98677064685069,2012-05-03 08:59:27,2012-04-30,train,302_4
302,1547,190,Salad Place,40.75254117265956,-73.9883660914967,2012-05-03 12:14:01,2012-04-30,train,302_4
302,4130,37,Bar,40.75599818752485,-73.99114966392517,2012-05-03 18:37:30,2012-04-30,train,302_4
302,1902,96,Deli / Bodega,40.74994975483617,-73.98386667401014,2012-05-04 08:12:19,2012-04-30,train,302_4
302,2383,136,Office,40.752522706592416,-73.98677064685069,2012-05-04 08:20:02,2012-04-30,train,302_4
302,1547,190,Salad Place,40.75254117265956,-73.9883660914967,2012-05-04 12:23:54,2012-04-30,train,302_4
302,26,37,Bar,40.73878324326924,-73.98893998920552,2012-05-05 20:02:05,2012-04-30,train,302_4
303,1324,137,Gym / Fitness Center,40.75753,-73.96706,2012-05-03 08:21:50,2012-04-30,train,303_3
303,1324,137,Gym / Fitness Center,40.75753,-73.96706,2012-05-04 08:25:10,2012-04-30,train,303_3
305,1051,138,Gym / Fitness Center,40.7570372320042,-73.97148699326894,2012-05-03 06:31:24,2012-04-30,train,305_2
305,1051,138,Gym / Fitness Center,40.7570372320042,-73.97148699326894,2012-05-04 06:48:07,2012-04-30,train,305_2
306,436,241,Airport,40.68968493541091,-74.17938709259033,2012-05-01 16:30:34,2012-04-30,train,306_3
306,1350,102,American Restaurant,40.74583734577147,-73.98799265354255,2012-05-03 08:59:50,2012-04-30,train,306_3
306,1350,102,American Restaurant,40.74583734577147,-73.98799265354255,2012-05-04 10:10:44,2012-04-30,train,306_3
306,4426,194,Mexican Restaurant,40.76282906098013,-73.99311791279167,2012-05-04 18:55:28,2012-04-30,train,306_3
307,1142,138,Gym / Fitness Center,40.74632626799265,-74.00862364051108,2012-05-01 15:20:27,2012-04-30,train,307_3
307,1142,138,Gym / Fitness Center,40.74632626799265,-74.00862364051108,2012-05-03 13:03:08,2012-04-30,train,307_3
307,1517,6,Home (private),40.70489848699077,-74.01238511084367,2012-05-03 19:39:17,2012-04-30,train,307_3
307,1142,138,Gym / Fitness Center,40.74632626799265,-74.00862364051108,2012-05-05 14:11:15,2012-04-30,train,307_3
308,2281,120,Other Great Outdoors,40.84816411132264,-73.99766206741333,2012-05-01 21:06:11,2012-04-30,train,308_3
308,2281,120,Other Great Outdoors,40.84816411132264,-73.99766206741333,2012-05-03 19:37:38,2012-04-30,train,308_3
308,2177,284,Historic Site,40.7114673282201,-74.01328325271606,2012-05-04 23:30:18,2012-04-30,train,308_3
308,2281,120,Other Great Outdoors,40.84816411132264,-73.99766206741333,2012-05-04 23:48:34,2012-04-30,train,308_3
308,2929,120,Other Great Outdoors,40.85085849545148,-73.97017478942871,2012-05-06 13:54:31,2012-04-30,train,308_3
309,412,265,Mall,40.76792357432163,-73.98194432258606,2012-05-01 21:41:20,2012-04-30,train,309_4
309,481,42,Food & Drink Shop,40.76806170936614,-73.98184776306152,2012-05-01 21:41:51,2012-04-30,train,309_4
309,1267,121,Park,40.80459308871023,-73.94357957605348,2012-05-03 19:09:29,2012-04-30,train,309_4
309,2855,301,Neighborhood,40.80774561312955,-73.94624880614921,2012-05-03 19:09:54,2012-04-30,train,309_4
309,2105,222,Coffee Shop,40.74708298027893,-73.9934450265937,2012-05-05 19:17:51,2012-04-30,train,309_4
310,4851,270,Parking,40.72906372940698,-74.01128768920898,2012-05-04 09:44:14,2012-04-30,train,310_1
310,409,223,Harbor / Marina,40.73034808240199,-74.01112555732041,2012-05-04 09:44:31,2012-04-30,train,310_1
311,460,222,Coffee Shop,40.72828321132057,-73.99559140205383,2012-05-01 13:59:22,2012-04-30,train,311_3
311,1475,241,Airport,40.773839,-73.87122,2012-05-02 06:55:18,2012-04-30,train,311_3
311,436,241,Airport,40.68968493541091,-74.17938709259033,2012-05-04 01:49:20,2012-04-30,train,311_3
311,4497,131,Café,40.7129311618756,-74.00964349508286,2012-05-04 14:48:51,2012-04-30,train,311_3
312,1103,41,Bar,40.749695355837886,-73.97648334503174,2012-05-03 22:05:23,2012-04-30,train,312_3
312,4898,245,General Entertainment,40.95799336338653,-74.10746446325602,2012-05-04 18:33:56,2012-04-30,train,312_3
312,2198,30,Jewelry Store,40.74854695,-73.98837026666666,2012-05-04 18:55:35,2012-04-30,train,312_3
312,1168,48,Bar,40.755613807146354,-73.96827285227972,2012-05-04 21:47:39,2012-04-30,train,312_3
313,774,61,Office,40.75790395514735,-73.9864182472229,2012-05-01 13:03:27,2012-04-30,train,313_3
313,774,61,Office,40.75790395514735,-73.9864182472229,2012-05-03 13:16:15,2012-04-30,train,313_3
315,15,37,Bar,40.73233045525843,-74.0016399059716,2012-05-01 19:09:32,2012-04-30,train,315_4
315,4016,61,Office,40.72059147156044,-74.0324364277606,2012-05-03 08:47:57,2012-04-30,train,315_4
315,4016,61,Office,40.72059147156044,-74.0324364277606,2012-05-04 09:07:44,2012-04-30,train,315_4
315,1198,42,Food & Drink Shop,40.72351860033697,-74.03974056243896,2012-05-04 12:54:59,2012-04-30,train,315_4
315,802,150,Stadium,40.73308000062968,-74.1708254814148,2012-05-05 20:50:17,2012-04-30,train,315_4
317,4445,80,Building,40.75879851196375,-73.97944176142833,2012-05-02 08:06:33,2012-04-30,train,317_4
317,4445,80,Building,40.75879851196375,-73.97944176142833,2012-05-03 08:09:55,2012-04-30,train,317_4
317,4445,80,Building,40.75879851196375,-73.97944176142833,2012-05-04 08:35:48,2012-04-30,train,317_4
317,926,47,Bar,40.75554713431404,-73.96856546401978,2012-05-04 17:21:04,2012-04-30,train,317_4
319,2813,54,Food & Drink Shop,40.7645026089675,-73.9740800857544,2012-05-01 17:00:55,2012-04-30,train,319_4
319,3222,52,Bar,40.762762512171065,-73.97173953064508,2012-05-03 19:20:00,2012-04-30,train,319_4
319,4416,37,Bar,40.96603005512718,-73.85720014572144,2012-05-04 20:08:04,2012-04-30,train,319_4
319,1291,264,Subway,40.76669659750053,-73.92148733139038,2012-05-06 15:26:36,2012-04-30,train,319_4
319,553,48,Bar,40.760018699570765,-73.98401589107601,2012-05-06 18:57:29,2012-04-30,train,319_4
320,3694,263,Laundry Service,40.7654472018371,-73.81678064813664,2012-05-01 17:51:48,2012-04-30,train,320_3
320,4555,6,Home (private),40.72554094394651,-73.74190167904314,2012-05-02 01:20:30,2012-04-30,train,320_3
320,3694,263,Laundry Service,40.7654472018371,-73.81678064813664,2012-05-03 12:34:17,2012-04-30,train,320_3
320,2479,19,Bank,40.758082745042216,-73.78525257110596,2012-05-03 12:44:13,2012-04-30,train,320_3
320,1475,241,Airport,40.773839,-73.87122,2012-05-05 11:55:36,2012-04-30,train,320_3
320,4555,6,Home (private),40.72554094394651,-73.74190167904314,2012-05-05 16:29:48,2012-04-30,train,320_3
320,254,121,Park,40.74706188749892,-74.00519371032715,2012-05-06 15:56:28,2012-04-30,train,320_3
320,418,207,Dessert Shop,40.72173557159932,-73.9959356642583,2012-05-06 18:32:02,2012-04-30,train,320_3
321,899,42,Food & Drink Shop,40.70833915788416,-74.00792355700952,2012-05-01 13:06:58,2012-04-30,train,321_4
321,3967,207,Dessert Shop,40.73735616868496,-73.99066686630249,2012-05-01 18:57:55,2012-04-30,train,321_4
321,3967,207,Dessert Shop,40.73735616868496,-73.99066686630249,2012-05-03 19:18:09,2012-04-30,train,321_4
322,279,121,Park,40.7714256153356,-73.97350072860723,2012-05-01 13:50:49,2012-04-30,train,322_4
322,624,122,Plaza,40.75866919513504,-73.97859808949039,2012-05-05 14:50:00,2012-04-30,train,322_4
322,535,222,Coffee Shop,40.73819586330371,-74.00347050688761,2012-05-05 17:46:55,2012-04-30,train,322_4
322,325,37,Bar,40.802321434021,-73.967963,2012-05-05 19:42:51,2012-04-30,train,322_4
322,2233,12,Gym / Fitness Center,40.77792543423929,-73.96661281585693,2012-05-06 17:14:18,2012-04-30,train,322_4
324,3434,61,Office,40.67408377579408,-73.87095097309529,2012-05-01 13:59:24,2012-04-30,train,324_4
324,3633,28,Salon / Barbershop,40.67293337349863,-73.86999772257158,2012-05-01 14:20:10,2012-04-30,train,324_4
324,3633,28,Salon / Barbershop,40.67293337349863,-73.86999772257158,2012-05-01 14:20:33,2012-04-30,train,324_4
324,4009,28,Salon / Barbershop,40.672888741097566,-73.87088780603517,2012-05-01 14:21:13,2012-04-30,train,324_4
324,3549,22,Cosmetics Shop,40.67373751294118,-73.87086483619008,2012-05-01 14:22:34,2012-04-30,train,324_4
324,4175,73,Bus Station,40.67299050727605,-73.86994604018194,2012-05-02 01:49:29,2012-04-30,train,324_4
324,3434,61,Office,40.67408377579408,-73.87095097309529,2012-05-02 01:50:38,2012-04-30,train,324_4
324,3209,196,Restaurant,40.6719833708802,-73.87462611248654,2012-05-02 01:51:04,2012-04-30,train,324_4
324,2273,34,Gas Station / Garage,40.67275736371947,-73.87127829299024,2012-05-02 07:26:02,2012-04-30,train,324_4
324,2645,95,Chinese Restaurant,40.67172022425094,-73.87137591460758,2012-05-02 07:26:22,2012-04-30,train,324_4
324,3027,202,Pizza Place,40.67305212308403,-73.87015276965883,2012-05-02 07:26:39,2012-04-30,train,324_4
324,3231,95,Chinese Restaurant,40.672981605858304,-73.87084186634232,2012-05-02 07:27:01,2012-04-30,train,324_4
324,3388,34,Gas Station / Garage,40.67287718259259,-73.87149650595019,2012-05-02 07:28:02,2012-04-30,train,324_4
324,3209,196,Restaurant,40.6719833708802,-73.87462611248654,2012-05-02 07:28:48,2012-04-30,train,324_4
324,2645,95,Chinese Restaurant,40.67172022425094,-73.87137591460758,2012-05-03 13:02:29,2012-04-30,train,324_4
324,2273,34,Gas Station / Garage,40.67275736371947,-73.87127829299024,2012-05-03 13:03:03,2012-04-30,train,324_4
324,3231,95,Chinese Restaurant,40.672981605858304,-73.87084186634232,2012-05-03 13:03:16,2012-04-30,train,324_4
324,3027,202,Pizza Place,40.67305212308403,-73.87015276965883,2012-05-03 13:03:38,2012-04-30,train,324_4
324,3388,34,Gas Station / Garage,40.67287718259259,-73.87149650595019,2012-05-03 13:04:02,2012-04-30,train,324_4
324,3209,196,Restaurant,40.6719833708802,-73.87462611248654,2012-05-03 17:41:21,2012-04-30,train,324_4
324,3209,196,Restaurant,40.6719833708802,-73.87462611248654,2012-05-03 19:35:18,2012-04-30,train,324_4
324,3386,78,Library,40.67399629087723,-73.8721970827602,2012-05-03 19:36:16,2012-04-30,train,324_4
324,2645,95,Chinese Restaurant,40.67172022425094,-73.87137591460758,2012-05-04 07:45:15,2012-04-30,train,324_4
324,2273,34,Gas Station / Garage,40.67275736371947,-73.87127829299024,2012-05-04 07:45:51,2012-04-30,train,324_4
324,4818,96,Deli / Bodega,40.67302226535857,-73.87099117030478,2012-05-04 07:47:19,2012-04-30,train,324_4
324,3027,202,Pizza Place,40.67305212308403,-73.87015276965883,2012-05-04 07:48:39,2012-04-30,train,324_4
324,3388,34,Gas Station / Garage,40.67287718259259,-73.87149650595019,2012-05-04 07:49:11,2012-04-30,train,324_4
324,3633,28,Salon / Barbershop,40.67293337349863,-73.86999772257158,2012-05-04 20:04:17,2012-04-30,train,324_4
324,3633,28,Salon / Barbershop,40.67293337349863,-73.86999772257158,2012-05-04 20:55:15,2012-04-30,train,324_4
324,4066,64,Government Building,40.67418398315225,-73.87080741156561,2012-05-04 20:55:57,2012-04-30,train,324_4
324,3633,28,Salon / Barbershop,40.67293337349863,-73.86999772257158,2012-05-04 20:56:14,2012-04-30,train,324_4
324,3676,6,Home (private),40.674934301796696,-73.87130987645999,2012-05-04 23:34:03,2012-04-30,train,324_4
324,2645,95,Chinese Restaurant,40.67172022425094,-73.87137591460758,2012-05-05 11:25:37,2012-04-30,train,324_4
324,3231,95,Chinese Restaurant,40.672981605858304,-73.87084186634232,2012-05-05 11:25:54,2012-04-30,train,324_4
324,4818,96,Deli / Bodega,40.67302226535857,-73.87099117030478,2012-05-05 13:56:54,2012-04-30,train,324_4
324,2645,95,Chinese Restaurant,40.67172022425094,-73.87137591460758,2012-05-06 12:34:45,2012-04-30,train,324_4
324,4066,64,Government Building,40.67418398315225,-73.87080741156561,2012-05-06 15:40:32,2012-04-30,train,324_4
324,2273,34,Gas Station / Garage,40.67275736371947,-73.87127829299024,2012-05-06 15:40:55,2012-04-30,train,324_4
324,3231,95,Chinese Restaurant,40.672981605858304,-73.87084186634232,2012-05-06 15:41:15,2012-04-30,train,324_4
324,3027,202,Pizza Place,40.67305212308403,-73.87015276965883,2012-05-06 15:42:22,2012-04-30,train,324_4
324,4818,96,Deli / Bodega,40.67302226535857,-73.87099117030478,2012-05-06 15:43:28,2012-04-30,train,324_4
324,3388,34,Gas Station / Garage,40.67287718259259,-73.87149650595019,2012-05-06 15:52:22,2012-04-30,train,324_4
324,3633,28,Salon / Barbershop,40.67293337349863,-73.86999772257158,2012-05-06 16:06:24,2012-04-30,train,324_4
324,3633,28,Salon / Barbershop,40.67293337349863,-73.86999772257158,2012-05-06 19:42:17,2012-04-30,train,324_4
325,3184,6,Home (private),40.66700011240677,-74.23554035653764,2012-05-02 03:08:00,2012-04-30,train,325_4
325,3184,6,Home (private),40.66700011240677,-74.23554035653764,2012-05-04 01:28:53,2012-04-30,train,325_4
325,3184,6,Home (private),40.66700011240677,-74.23554035653764,2012-05-04 14:28:42,2012-04-30,train,325_4
325,3184,6,Home (private),40.66700011240677,-74.23554035653764,2012-05-05 03:31:02,2012-04-30,train,325_4
325,3908,34,Gas Station / Garage,40.65640341971377,-74.22990914051672,2012-05-05 19:57:27,2012-04-30,train,325_4
326,3407,301,Neighborhood,40.82507881379304,-73.92013549804688,2012-05-01 15:25:45,2012-04-30,train,326_4
326,355,102,American Restaurant,40.75688403086968,-73.9865630865097,2012-05-04 01:14:20,2012-04-30,train,326_4
326,1100,47,Bar,40.75722771781105,-73.98375189157291,2012-05-04 01:14:38,2012-04-30,train,326_4
326,4577,6,Home (private),40.833165200622425,-73.94186034276925,2012-05-04 19:35:29,2012-04-30,train,326_4
326,679,37,Bar,40.76034688774883,-73.98721829093132,2012-05-05 02:05:34,2012-04-30,train,326_4
326,4577,6,Home (private),40.833165200622425,-73.94186034276925,2012-05-05 06:46:59,2012-04-30,train,326_4
326,355,102,American Restaurant,40.75688403086968,-73.9865630865097,2012-05-06 17:12:29,2012-04-30,train,326_4
328,1384,70,Train Station,40.7043591450871,-74.19071674346924,2012-05-01 15:32:37,2012-04-30,train,328_3
328,804,70,Train Station,40.73420076077984,-74.16483829470191,2012-05-01 15:39:02,2012-04-30,train,328_3
328,916,221,Bridge,40.705888200473375,-73.9900016784668,2012-05-01 16:39:41,2012-04-30,train,328_3
328,1102,70,Train Station,40.667480389982366,-74.21548962593079,2012-05-04 00:00:53,2012-04-30,train,328_3
328,1384,70,Train Station,40.7043591450871,-74.19071674346924,2012-05-04 00:06:09,2012-04-30,train,328_3
328,804,70,Train Station,40.73420076077984,-74.16483829470191,2012-05-04 00:11:06,2012-04-30,train,328_3
328,1069,70,Train Station,40.76147966168067,-74.07551050186157,2012-05-04 00:19:35,2012-04-30,train,328_3
328,357,70,Train Station,40.750794799423865,-73.99357639021292,2012-05-04 00:34:23,2012-04-30,train,328_3
328,3961,6,Home (private),40.62729430124766,-73.95361626406626,2012-05-04 02:04:20,2012-04-30,train,328_3
328,916,221,Bridge,40.705888200473375,-73.9900016784668,2012-05-04 10:12:47,2012-04-30,train,328_3
328,1145,71,Train Station,40.707149,-73.99057,2012-05-04 10:13:03,2012-04-30,train,328_3
328,1603,150,Stadium,40.75044987008408,-73.99221103886612,2012-05-04 10:32:30,2012-04-30,train,328_3
331,4468,138,Gym / Fitness Center,40.74346710490083,-74.02893642134816,2012-05-01 18:32:08,2012-04-30,train,331_3
331,4468,138,Gym / Fitness Center,40.74346710490083,-74.02893642134816,2012-05-04 19:11:01,2012-04-30,train,331_3
331,743,265,Mall,40.72696606629052,-74.0383243560791,2012-05-05 15:48:29,2012-04-30,train,331_3
332,565,310,Concert Hall,40.76973537645674,-73.99243498919604,2012-05-05 19:50:18,2012-04-30,train,332_4
332,3744,301,Neighborhood,40.76136589216275,-73.7261152267456,2012-05-06 23:59:18,2012-04-30,train,332_4
333,778,96,Deli / Bodega,40.74121078331056,-73.99263011047151,2012-05-01 15:46:13,2012-04-30,train,333_3
333,2801,222,Coffee Shop,40.78261765304958,-73.95334935288557,2012-05-03 13:51:26,2012-04-30,train,333_3
333,4311,61,Office,40.74089649040823,-73.99184388529703,2012-05-04 11:12:59,2012-04-30,train,333_3
333,778,96,Deli / Bodega,40.74121078331056,-73.99263011047151,2012-05-04 12:56:38,2012-04-30,train,333_3
333,971,221,Bridge,40.705953265881305,-73.99656772613525,2012-05-05 16:38:20,2012-04-30,train,333_3
333,4001,42,Food & Drink Shop,40.7784209066356,-73.95280978937265,2012-05-06 12:28:37,2012-04-30,train,333_3
334,48,232,Music Venue,40.73169799836348,-73.98922693741638,2012-05-03 18:28:57,2012-04-30,train,334_3
334,731,147,Movie Theater,40.774908970649975,-73.9820531034839,2012-05-03 18:54:55,2012-04-30,train,334_3
334,862,147,Movie Theater,40.58606020705239,-73.92983436584473,2012-05-03 23:12:04,2012-04-30,train,334_3
335,1069,70,Train Station,40.76147966168067,-74.07551050186157,2012-05-01 17:37:37,2012-04-30,train,335_3
335,357,70,Train Station,40.750794799423865,-73.99357639021292,2012-05-01 18:04:58,2012-04-30,train,335_3
335,2084,264,Subway,40.82786090041683,-73.925651460886,2012-05-01 22:15:57,2012-04-30,train,335_3
335,1069,70,Train Station,40.76147966168067,-74.07551050186157,2012-05-01 23:00:38,2012-04-30,train,335_3
337,4069,43,Bar,40.769619,-73.910056,2012-05-04 01:54:33,2012-04-30,train,337_2
337,4901,194,Mexican Restaurant,40.759220487652186,-73.98880004882812,2012-05-05 20:40:13,2012-04-30,train,337_2
338,437,55,Bar,40.74421527986642,-73.9885380368106,2012-05-03 19:01:21,2012-04-30,train,338_1
338,977,27,Italian Restaurant,40.707555,-74.007066,2012-05-06 13:58:38,2012-04-30,train,338_1
339,436,241,Airport,40.68968493541091,-74.17938709259033,2012-05-03 20:47:54,2012-04-30,train,339_3
339,1419,70,Train Station,40.732267009830224,-74.06304359436035,2012-05-03 21:17:09,2012-04-30,train,339_3
339,3226,301,Neighborhood,40.771831872647006,-73.93009185791016,2012-05-06 16:24:15,2012-04-30,train,339_3
339,3009,301,Neighborhood,40.72288437724696,-73.99875640869139,2012-05-06 16:55:17,2012-04-30,train,339_3
339,75,97,Diner,40.73653170754329,-73.9908281005557,2012-05-06 20:45:00,2012-04-30,train,339_3
339,406,147,Movie Theater,40.73416736029532,-73.99048715829849,2012-05-06 21:02:35,2012-04-30,train,339_3
340,603,37,Bar,40.747354686763074,-73.9844004114423,2012-05-01 18:38:08,2012-04-30,train,340_4
340,3258,6,Home (private),40.70477380546345,-73.94186034276925,2012-05-03 19:39:27,2012-04-30,train,340_4
340,1712,210,Vegetarian / Vegan Restaurant,40.74755129813944,-73.98114057260048,2012-05-04 19:40:43,2012-04-30,train,340_4
340,3760,146,Movie Theater,40.71621993235362,-73.96228637176877,2012-05-04 22:44:43,2012-04-30,train,340_4
340,3258,6,Home (private),40.70477380546345,-73.94186034276925,2012-05-05 12:04:46,2012-04-30,train,340_4
341,192,121,Park,40.73528249691621,-73.99040315158283,2012-05-01 18:04:20,2012-04-30,train,341_3
341,1867,37,Bar,40.722349,-73.987707,2012-05-03 21:58:28,2012-04-30,train,341_3
341,3,37,Bar,40.71836264775439,-73.9908166227313,2012-05-04 01:32:45,2012-04-30,train,341_3
341,108,21,French Restaurant,40.72270549271865,-73.99819850921631,2012-05-04 16:44:16,2012-04-30,train,341_3
341,547,102,American Restaurant,40.68132817384781,-73.97727231182357,2012-05-05 09:54:12,2012-04-30,train,341_3
342,1995,70,Train Station,40.72465693431455,-73.70641708374023,2012-05-02 07:34:25,2012-04-30,train,342_4
342,1995,70,Train Station,40.72465693431455,-73.70641708374023,2012-05-03 07:36:21,2012-04-30,train,342_4
342,2035,61,Office,40.746102944047806,-73.98232858365381,2012-05-03 08:44:05,2012-04-30,train,342_4
342,437,55,Bar,40.74421527986642,-73.9885380368106,2012-05-03 17:39:18,2012-04-30,train,342_4
342,2035,61,Office,40.746102944047806,-73.98232858365381,2012-05-04 08:05:14,2012-04-30,train,342_4
342,708,220,BBQ Joint,40.74448892047892,-73.98093396123286,2012-05-04 13:21:56,2012-04-30,train,342_4
342,802,150,Stadium,40.73308000062968,-74.1708254814148,2012-05-05 19:22:28,2012-04-30,train,342_4
343,565,310,Concert Hall,40.769757300810745,-73.99260141617874,2012-05-01 19:44:32,2012-04-30,train,343_4
343,986,42,Food & Drink Shop,40.81967266642876,-73.95994453399868,2012-05-01 22:46:07,2012-04-30,train,343_4
343,2745,121,Park,40.89396747534416,-73.8962448724696,2012-05-05 11:05:01,2012-04-30,train,343_4
343,986,42,Food & Drink Shop,40.81967266642876,-73.95994453399868,2012-05-06 13:01:57,2012-04-30,train,343_4
343,1542,61,Office,40.72773425342832,-74.00777435855494,2012-05-06 20:15:15,2012-04-30,train,343_4
344,2917,270,Parking,40.70718854772878,-74.0144939119361,2012-05-02 04:55:10,2012-04-30,train,344_4
344,2503,61,Office,40.70834537747498,-74.0117854611128,2012-05-02 06:07:07,2012-04-30,train,344_4
344,2917,270,Parking,40.70718854772878,-74.0144939119361,2012-05-03 04:55:09,2012-04-30,train,344_4
344,2503,61,Office,40.70834537747498,-74.0117854611128,2012-05-03 05:52:58,2012-04-30,train,344_4
344,802,150,Stadium,40.73308000062968,-74.1708254814148,2012-05-03 17:37:40,2012-04-30,train,344_4
345,2319,223,Harbor / Marina,40.68571485984485,-74.07188415527344,2012-05-02 02:04:50,2012-04-30,train,345_4
345,48,232,Music Venue,40.73169799836348,-73.98922693741638,2012-05-03 19:39:29,2012-04-30,train,345_4
345,2319,223,Harbor / Marina,40.68571485984485,-74.07188415527344,2012-05-04 10:04:55,2012-04-30,train,345_4
345,1492,76,Ferry,40.70325299803113,-74.00609493255615,2012-05-04 10:18:03,2012-04-30,train,345_4
345,1696,76,Ferry,40.75944803383743,-74.00562286376953,2012-05-04 14:45:54,2012-04-30,train,345_4
346,3091,42,Food & Drink Shop,40.6555916703496,-73.91544997078036,2012-05-01 15:22:56,2012-04-30,train,346_4
346,3544,269,Miscellaneous Shop,40.65890928313945,-73.90905422295955,2012-05-01 15:36:46,2012-04-30,train,346_4
346,4489,6,Home (private),40.660187498578246,-73.90658830179062,2012-05-01 16:45:11,2012-04-30,train,346_4
346,4464,6,Home (private),40.660187498578246,-73.90658830179062,2012-05-01 16:45:23,2012-04-30,train,346_4
346,3091,42,Food & Drink Shop,40.6555916703496,-73.91544997078036,2012-05-02 02:46:32,2012-04-30,train,346_4
346,2130,71,Train Station,40.66263818239269,-73.90887022018433,2012-05-02 02:46:52,2012-04-30,train,346_4
346,4464,6,Home (private),40.660187498578246,-73.90658830179062,2012-05-02 02:47:03,2012-04-30,train,346_4
346,4489,6,Home (private),40.660187498578246,-73.90658830179062,2012-05-02 02:47:16,2012-04-30,train,346_4
346,4489,6,Home (private),40.660187498578246,-73.90658830179062,2012-05-03 10:43:09,2012-04-30,train,346_4
346,3928,120,Other Great Outdoors,40.66421141550086,-73.91474954903893,2012-05-03 15:21:05,2012-04-30,train,346_4
346,2130,71,Train Station,40.66263818239269,-73.90887022018433,2012-05-03 15:57:28,2012-04-30,train,346_4
346,3091,42,Food & Drink Shop,40.6555916703496,-73.91544997078036,2012-05-03 15:59:49,2012-04-30,train,346_4
346,3544,269,Miscellaneous Shop,40.65890928313945,-73.90905422295955,2012-05-03 16:00:41,2012-04-30,train,346_4
346,4489,6,Home (private),40.660187498578246,-73.90658830179062,2012-05-03 16:12:52,2012-04-30,train,346_4
346,4464,6,Home (private),40.660187498578246,-73.90658830179062,2012-05-03 16:13:05,2012-04-30,train,346_4
346,2117,101,Wings Joint,40.65615713596344,-73.908215,2012-05-03 20:15:53,2012-04-30,train,346_4
346,3091,42,Food & Drink Shop,40.6555916703496,-73.91544997078036,2012-05-04 11:56:10,2012-04-30,train,346_4
346,2130,71,Train Station,40.66263818239269,-73.90887022018433,2012-05-04 13:52:14,2012-04-30,train,346_4
346,3928,120,Other Great Outdoors,40.665363270633705,-73.90661413814622,2012-05-04 13:52:47,2012-04-30,train,346_4
346,1817,264,Subway,40.6706459457292,-73.95802974700928,2012-05-04 14:03:49,2012-04-30,train,346_4
346,4444,264,Subway,40.66961585203345,-73.95960014369386,2012-05-04 14:04:02,2012-04-30,train,346_4
346,2140,264,Subway,40.66161146080779,-73.96224590222664,2012-05-04 14:13:05,2012-04-30,train,346_4
346,3745,8,Medical Center,40.58426059372138,-73.94598475492066,2012-05-04 17:23:21,2012-04-30,train,346_4
346,3202,123,Scenic Lookout,40.58685478299066,-73.95217264328431,2012-05-04 20:50:12,2012-04-30,train,346_4
346,4475,6,Home (private),40.61404835966892,-73.93010370763156,2012-05-05 07:13:15,2012-04-30,train,346_4
346,3745,8,Medical Center,40.58426059372138,-73.94598475492066,2012-05-05 07:31:35,2012-04-30,train,346_4
346,4475,6,Home (private),40.61404835966892,-73.93010370763156,2012-05-05 20:44:59,2012-04-30,train,346_4
346,2477,121,Park,40.59792234564146,-73.92099380493164,2012-05-06 20:52:54,2012-04-30,train,346_4
346,4475,6,Home (private),40.61404835966892,-73.93010370763156,2012-05-06 20:53:57,2012-04-30,train,346_4
346,2130,71,Train Station,40.66263818239269,-73.90887022018433,2012-05-06 23:17:56,2012-04-30,train,346_4
346,3091,42,Food & Drink Shop,40.6555916703496,-73.91544997078036,2012-05-06 23:18:29,2012-04-30,train,346_4
346,4489,6,Home (private),40.660187498578246,-73.90658830179062,2012-05-06 23:18:39,2012-04-30,train,346_4
348,847,265,Mall,40.917335441802095,-74.0756607055664,2012-05-03 21:52:55,2012-04-30,train,348_2
348,3707,6,Home (private),40.83018008129999,-74.20032308006297,2012-05-04 03:48:18,2012-04-30,train,348_2
349,3682,61,Office,40.730277,-74.008187,2012-05-01 19:09:52,2012-04-30,train,349_4
349,971,221,Bridge,40.705953265881305,-73.99656772613525,2012-05-02 04:54:15,2012-04-30,train,349_4
349,971,221,Bridge,40.705953265881305,-73.99656772613525,2012-05-03 05:23:04,2012-04-30,train,349_4
349,3682,61,Office,40.730277,-74.008187,2012-05-03 19:16:30,2012-04-30,train,349_4
349,3682,61,Office,40.730277,-74.008187,2012-05-04 18:55:39,2012-04-30,train,349_4
349,971,221,Bridge,40.705953265881305,-73.99656772613525,2012-05-05 05:45:51,2012-04-30,train,349_4
349,486,147,Movie Theater,40.74276195733468,-73.97692322731018,2012-05-06 20:23:23,2012-04-30,train,349_4
351,2501,64,Government Building,40.699168629214334,-73.98959423050022,2012-05-01 15:35:38,2012-04-30,train,351_4
351,957,138,Gym / Fitness Center,40.76396628964295,-73.915114402771,2012-05-01 22:38:27,2012-04-30,train,351_4
351,4598,6,Home (private),40.767237460001375,-73.89482953406639,2012-05-02 00:32:38,2012-04-30,train,351_4
351,957,138,Gym / Fitness Center,40.76396628964295,-73.915114402771,2012-05-03 09:52:49,2012-04-30,train,351_4
351,4598,6,Home (private),40.767237460001375,-73.89482953406639,2012-05-03 10:59:21,2012-04-30,train,351_4
351,2501,64,Government Building,40.699168629214334,-73.98959423050022,2012-05-03 14:14:55,2012-04-30,train,351_4
351,1068,183,University,40.721664700472566,-73.79473686218262,2012-05-04 08:32:47,2012-04-30,train,351_4
351,2210,165,College Academic Building,40.72200363430237,-73.79322870209799,2012-05-04 09:05:22,2012-04-30,train,351_4
351,2432,165,College Academic Building,40.721957424936726,-73.79645347595215,2012-05-04 10:40:04,2012-04-30,train,351_4
351,4598,6,Home (private),40.767237460001375,-73.89482953406639,2012-05-05 04:48:39,2012-04-30,train,351_4
351,2501,64,Government Building,40.699168629214334,-73.98959423050022,2012-05-05 13:53:46,2012-04-30,train,351_4
351,1383,96,Deli / Bodega,40.69813445726876,-73.99260715503765,2012-05-05 18:46:18,2012-04-30,train,351_4
351,890,222,Coffee Shop,40.7371935817703,-73.99653553962708,2012-05-06 14:52:33,2012-04-30,train,351_4
351,4598,6,Home (private),40.767237460001375,-73.89482953406639,2012-05-06 16:49:20,2012-04-30,train,351_4
352,460,222,Coffee Shop,40.72828321132057,-73.99559140205383,2012-05-03 17:53:32,2012-04-30,train,352_3
352,439,58,Electronics Store,40.76393850093645,-73.97308830420383,2012-05-03 21:07:06,2012-04-30,train,352_3
352,441,37,Bar,40.67625243531423,-73.98015260696411,2012-05-05 00:29:21,2012-04-30,train,352_3
352,460,222,Coffee Shop,40.72828321132057,-73.99559140205383,2012-05-05 18:38:32,2012-04-30,train,352_3
352,3829,27,Italian Restaurant,40.71811007138396,-73.9575452687688,2012-05-06 18:55:02,2012-04-30,train,352_3
354,2970,61,Office,40.74856989102761,-73.98940484509166,2012-05-01 16:17:43,2012-04-30,train,354_4
354,1619,106,Burrito Place,40.74908484141689,-73.9903115977771,2012-05-01 22:41:12,2012-04-30,train,354_4
354,934,269,Miscellaneous Shop,40.74858212413511,-73.9894220619547,2012-05-03 10:11:10,2012-04-30,train,354_4
354,512,147,Movie Theater,40.75248097148231,-73.99438619301681,2012-05-04 00:03:32,2012-04-30,train,354_4
354,2970,61,Office,40.74856989102761,-73.98940484509166,2012-05-04 08:38:50,2012-04-30,train,354_4
354,934,269,Miscellaneous Shop,40.74858212413511,-73.9894220619547,2012-05-04 13:09:01,2012-04-30,train,354_4
355,1926,147,Movie Theater,40.703047178020455,-73.7999441633045,2012-05-01 15:40:47,2012-04-30,train,355_3
355,1700,254,Department Store,40.6523954512296,-73.86983119037848,2012-05-01 21:34:03,2012-04-30,train,355_3
355,978,239,Airport,40.649257213175055,-73.78267765045166,2012-05-02 05:12:52,2012-04-30,train,355_3
356,896,119,Other Great Outdoors,40.78447335869806,-73.96120548248291,2012-05-01 14:14:17,2012-04-30,train,356_4
356,3342,175,College Academic Building,40.7370797706936,-73.81808280944824,2012-05-03 12:31:56,2012-04-30,train,356_4
356,896,119,Other Great Outdoors,40.78447335869806,-73.96120548248291,2012-05-04 11:56:14,2012-04-30,train,356_4
356,1011,138,Gym / Fitness Center,40.67956402987482,-73.98416519165039,2012-05-06 17:36:33,2012-04-30,train,356_4
357,294,37,Bar,40.854935,-73.93711,2012-05-05 00:41:42,2012-04-30,train,357_3
357,1040,147,Movie Theater,40.786910575209646,-73.97773719594208,2012-05-06 19:48:35,2012-04-30,train,357_3
358,1475,241,Airport,40.773839,-73.87122,2012-05-04 22:12:04,2012-04-30,train,358_4
358,2456,131,Café,40.92664770349946,-73.83918686627649,2012-05-05 09:54:44,2012-04-30,train,358_4
358,1827,70,Train Station,40.926865,-73.839701,2012-05-05 11:33:36,2012-04-30,train,358_4
358,604,86,Theater,40.772124376373135,-73.98369312286377,2012-05-05 12:42:04,2012-04-30,train,358_4
359,3310,120,Other Great Outdoors,40.94671189223704,-74.06816149376203,2012-05-01 18:12:06,2012-04-30,train,359_4
359,1341,42,Food & Drink Shop,40.96696980238183,-74.07514572143555,2012-05-03 08:46:11,2012-04-30,train,359_4
359,2892,121,Park,40.936052,-74.0375,2012-05-04 08:45:39,2012-04-30,train,359_4
359,5089,120,Other Great Outdoors,40.77408715291444,-74.16514208697919,2012-05-04 08:45:58,2012-04-30,train,359_4
359,4112,75,Government Building,40.93593505806456,-74.03751992901803,2012-05-04 08:46:10,2012-04-30,train,359_4
359,5089,120,Other Great Outdoors,40.77408715291444,-74.16514208697919,2012-05-05 12:49:43,2012-04-30,train,359_4
360,4834,61,Office,40.704033809624725,-73.98669719696045,2012-05-01 13:26:46,2012-04-30,train,360_3
360,2908,59,Bar,40.717177,-73.955141,2012-05-03 20:03:56,2012-04-30,train,360_3
360,3760,146,Movie Theater,40.71621993235362,-73.96228637176877,2012-05-03 21:11:39,2012-04-30,train,360_3
360,4844,6,Home (private),40.70477380546345,-73.94186034276925,2012-05-04 01:25:53,2012-04-30,train,360_3
360,2908,59,Bar,40.717177,-73.955141,2012-05-04 10:29:34,2012-04-30,train,360_3
360,590,256,Furniture / Home Store,40.67168753532757,-74.01038646697998,2012-05-05 11:21:29,2012-04-30,train,360_3
360,2908,59,Bar,40.717177,-73.955141,2012-05-06 17:27:15,2012-04-30,train,360_3
361,3459,80,Building,40.81313597242725,-74.00196126664682,2012-05-01 14:44:32,2012-04-30,train,361_4
361,3077,114,Cemetery,40.81438213156132,-74.00484774995427,2012-05-01 14:44:49,2012-04-30,train,361_4
361,2895,19,Bank,40.81223339970004,-74.00251216940646,2012-05-01 14:45:05,2012-04-30,train,361_4
361,1589,147,Movie Theater,40.75412687549275,-74.03191429973907,2012-05-01 16:43:50,2012-04-30,train,361_4
361,3761,281,Residential Building (Apartment / Condo),40.83266358892193,-73.9145658314435,2012-05-02 07:02:31,2012-04-30,train,361_4
361,4102,96,Deli / Bodega,40.832597907175824,-73.91518587763296,2012-05-02 07:02:43,2012-04-30,train,361_4
361,2776,90,School,40.83255976233986,-73.91532366540676,2012-05-02 07:02:56,2012-04-30,train,361_4
361,4580,270,Parking,40.832484107252746,-73.91520884226871,2012-05-02 07:03:07,2012-04-30,train,361_4
361,3761,281,Residential Building (Apartment / Condo),40.83266358892193,-73.9145658314435,2012-05-03 13:15:04,2012-04-30,train,361_4
361,4580,270,Parking,40.832484107252746,-73.91520884226871,2012-05-03 13:16:18,2012-04-30,train,361_4
361,3480,61,Office,40.81297516822815,-74.00172829627991,2012-05-03 14:13:41,2012-04-30,train,361_4
361,3459,80,Building,40.81313597242725,-74.00196126664682,2012-05-03 14:13:59,2012-04-30,train,361_4
361,3077,114,Cemetery,40.814470221536034,-74.00507728950173,2012-05-03 14:14:15,2012-04-30,train,361_4
361,2895,19,Bank,40.81223339970004,-74.00251216940646,2012-05-03 14:14:31,2012-04-30,train,361_4
361,3043,62,Automotive Shop,40.800194,-73.99455,2012-05-03 15:35:58,2012-04-30,train,361_4
361,2634,98,Donut Shop,40.80023122491412,-73.99446487426758,2012-05-03 15:36:12,2012-04-30,train,361_4
361,1252,102,American Restaurant,40.75992610830176,-74.02246410896758,2012-05-03 15:57:05,2012-04-30,train,361_4
361,3761,281,Residential Building (Apartment / Condo),40.83266358892193,-73.9145658314435,2012-05-04 12:10:05,2012-04-30,train,361_4
361,2776,90,School,40.83255976233986,-73.91532366540676,2012-05-04 12:10:15,2012-04-30,train,361_4
361,4102,96,Deli / Bodega,40.832597907175824,-73.91518587763296,2012-05-04 12:10:30,2012-04-30,train,361_4
361,4824,96,Deli / Bodega,40.83261202417384,-73.91535237118067,2012-05-04 12:10:38,2012-04-30,train,361_4
361,4580,270,Parking,40.832484107252746,-73.91520884226871,2012-05-05 11:22:50,2012-04-30,train,361_4
361,3761,281,Residential Building (Apartment / Condo),40.83266358892193,-73.9145658314435,2012-05-05 11:26:37,2012-04-30,train,361_4
361,2962,221,Bridge,40.84564817180984,-73.9271092414856,2012-05-05 11:50:49,2012-04-30,train,361_4
361,2848,221,Bridge,40.60233803273628,-74.06333122960736,2012-05-06 15:56:21,2012-04-30,train,361_4
361,985,288,Ferry,40.6444055420497,-74.0729570388794,2012-05-06 17:37:56,2012-04-30,train,361_4
366,3325,61,Office,40.738130516666665,-73.9920378,2012-05-03 12:25:47,2012-04-30,train,366_4
366,3325,61,Office,40.738130516666665,-73.9920378,2012-05-04 14:08:23,2012-04-30,train,366_4
366,183,223,Harbor / Marina,40.70566047104496,-74.00287628173828,2012-05-06 15:06:45,2012-04-30,train,366_4
366,1492,76,Ferry,40.70325299803113,-74.00609493255615,2012-05-06 15:19:19,2012-04-30,train,366_4
367,3174,63,Office,40.70956429635586,-73.79806280136108,2012-05-01 12:34:55,2012-04-30,train,367_4
367,3937,281,Residential Building (Apartment / Condo),40.70507145961368,-73.94710984026015,2012-05-01 12:35:10,2012-04-30,train,367_4
367,1715,264,Subway,40.70541414411096,-73.94938295189516,2012-05-01 12:35:32,2012-04-30,train,367_4
367,1579,71,Train Station,40.680695458897176,-73.99565446485214,2012-05-01 13:06:24,2012-04-30,train,367_4
367,1185,70,Train Station,40.67352655223766,-73.9959454536438,2012-05-01 13:06:44,2012-04-30,train,367_4
367,1551,264,Subway,40.67026755172896,-73.98977637290949,2012-05-01 13:07:00,2012-04-30,train,367_4
367,2818,264,Subway,40.63554789052744,-73.97815704345703,2012-05-01 13:28:01,2012-04-30,train,367_4
367,2146,264,Subway,40.63072779228403,-73.97716999053955,2012-05-01 13:28:13,2012-04-30,train,367_4
367,1904,264,Subway,40.62599053984701,-73.97624497132963,2012-05-01 13:28:28,2012-04-30,train,367_4
367,3738,70,Train Station,40.62098150778056,-73.97536684912832,2012-05-01 13:31:03,2012-04-30,train,367_4
367,2550,264,Subway,40.60906918068248,-73.97311126196983,2012-05-01 13:33:02,2012-04-30,train,367_4
367,2980,264,Subway,40.59605782365764,-73.97335588932037,2012-05-01 13:35:10,2012-04-30,train,367_4
367,3568,264,Subway,40.5808535628616,-73.97476136684418,2012-05-01 13:38:18,2012-04-30,train,367_4
367,2637,264,Subway,40.57745558120849,-73.98124694824219,2012-05-01 22:41:00,2012-04-30,train,367_4
367,740,227,Beach,40.57334843776636,-73.98030281066895,2012-05-01 22:42:35,2012-04-30,train,367_4
367,740,227,Beach,40.57334843776636,-73.98030281066895,2012-05-01 22:42:51,2012-04-30,train,367_4
367,2818,264,Subway,40.63554789052744,-73.97815704345703,2012-05-01 22:56:31,2012-04-30,train,367_4
367,2867,264,Subway,40.64510634045402,-73.97915479859958,2012-05-01 22:56:47,2012-04-30,train,367_4
367,1551,264,Subway,40.67026755172896,-73.98977637290949,2012-05-01 23:25:34,2012-04-30,train,367_4
367,1579,71,Train Station,40.680695458897176,-73.99565446485214,2012-05-01 23:49:42,2012-04-30,train,367_4
367,2324,264,Subway,40.699739232584776,-73.95021915435791,2012-05-01 23:49:55,2012-04-30,train,367_4
367,1715,264,Subway,40.70541414411096,-73.94938295189516,2012-05-01 23:50:13,2012-04-30,train,367_4
367,3937,281,Residential Building (Apartment / Condo),40.70507145961368,-73.94710984026015,2012-05-02 00:57:43,2012-04-30,train,367_4
367,3174,63,Office,40.70956429635586,-73.79806280136108,2012-05-02 00:57:59,2012-04-30,train,367_4
367,3174,63,Office,40.70956429635586,-73.79806280136108,2012-05-03 07:11:45,2012-04-30,train,367_4
367,2672,264,Subway,40.660391929765225,-73.9980697631836,2012-05-03 11:17:19,2012-04-30,train,367_4
367,2000,61,Office,40.75141877286861,-73.9912413017774,2012-05-03 11:17:31,2012-04-30,train,367_4
367,2791,264,Subway,40.65394681238202,-74.00453787112843,2012-05-03 11:17:59,2012-04-30,train,367_4
367,1113,71,Train Station,40.70386504122757,-73.94740149378777,2012-05-04 00:02:14,2012-04-30,train,367_4
367,2689,301,Neighborhood,40.71343536379427,-73.95807266235352,2012-05-04 00:02:28,2012-04-30,train,367_4
367,2689,301,Neighborhood,40.71343536379427,-73.95807266235352,2012-05-04 08:20:29,2012-04-30,train,367_4
367,3174,63,Office,40.70956429635586,-73.79806280136108,2012-05-04 08:42:12,2012-04-30,train,367_4
367,1715,264,Subway,40.70541414411096,-73.94938295189516,2012-05-04 08:42:31,2012-04-30,train,367_4
367,1185,70,Train Station,40.67352655223766,-73.9959454536438,2012-05-04 08:43:05,2012-04-30,train,367_4
367,1551,264,Subway,40.67026755172896,-73.98977637290949,2012-05-04 08:43:31,2012-04-30,train,367_4
367,2263,264,Subway,40.66534009619973,-73.992919921875,2012-05-04 10:45:48,2012-04-30,train,367_4
367,2000,61,Office,40.75141877286861,-73.9912413017774,2012-05-04 10:46:37,2012-04-30,train,367_4
367,4052,70,Train Station,40.62595620370298,-73.99701833724976,2012-05-04 12:27:22,2012-04-30,train,367_4
367,2688,264,Subway,40.60189764651378,-73.99352073669434,2012-05-04 12:35:14,2012-04-30,train,367_4
367,2637,264,Subway,40.57745558120849,-73.98124694824219,2012-05-04 13:01:15,2012-04-30,train,367_4
367,3305,132,Fast Food Restaurant,40.57696138238364,-73.98161692574057,2012-05-04 13:01:31,2012-04-30,train,367_4
367,4899,19,Bank,40.57684370773071,-73.98132996615902,2012-05-04 13:31:50,2012-04-30,train,367_4
367,740,227,Beach,40.57334843776636,-73.98030281066895,2012-05-04 13:32:42,2012-04-30,train,367_4
367,3113,102,American Restaurant,40.57689110532319,-73.98192110242921,2012-05-04 14:04:56,2012-04-30,train,367_4
367,2637,264,Subway,40.57745558120849,-73.98124694824219,2012-05-04 14:58:07,2012-04-30,train,367_4
367,2791,264,Subway,40.65394681238202,-74.00453787112843,2012-05-04 17:07:55,2012-04-30,train,367_4
367,2672,264,Subway,40.660391929765225,-73.9980697631836,2012-05-04 17:08:17,2012-04-30,train,367_4
367,2000,61,Office,40.75141877286861,-73.9912413017774,2012-05-04 17:08:28,2012-04-30,train,367_4
367,1481,264,Subway,40.68430737873073,-73.97759780287743,2012-05-04 17:08:47,2012-04-30,train,367_4
367,1113,71,Train Station,40.70386504122757,-73.94740149378777,2012-05-04 21:27:57,2012-04-30,train,367_4
367,1870,264,Subway,40.71814377480724,-74.00015652179718,2012-05-04 21:30:08,2012-04-30,train,367_4
367,1733,264,Subway,40.75650612666626,-73.98802757263184,2012-05-04 21:30:31,2012-04-30,train,367_4
367,1715,264,Subway,40.70541414411096,-73.94938295189516,2012-05-05 07:36:36,2012-04-30,train,367_4
367,1185,70,Train Station,40.67352655223766,-73.9959454536438,2012-05-05 07:36:55,2012-04-30,train,367_4
367,1551,264,Subway,40.67026755172896,-73.98977637290949,2012-05-05 07:37:07,2012-04-30,train,367_4
367,2867,264,Subway,40.64510634045402,-73.97915479859958,2012-05-05 07:37:16,2012-04-30,train,367_4
367,1724,264,Subway,40.60323393447623,-73.97238004439811,2012-05-05 07:37:37,2012-04-30,train,367_4
367,2637,264,Subway,40.57745558120849,-73.98124694824219,2012-05-05 07:51:35,2012-04-30,train,367_4
367,740,227,Beach,40.57334843776636,-73.98030281066895,2012-05-05 10:22:21,2012-04-30,train,367_4
367,740,227,Beach,40.57334843776636,-73.98030281066895,2012-05-05 10:24:42,2012-04-30,train,367_4
367,3305,132,Fast Food Restaurant,40.57696138238364,-73.98161692574057,2012-05-05 15:45:11,2012-04-30,train,367_4
367,740,227,Beach,40.57334843776636,-73.98030281066895,2012-05-05 15:45:27,2012-04-30,train,367_4
367,1262,264,Subway,40.60540027717472,-73.9805817604065,2012-05-05 15:45:48,2012-04-30,train,367_4
367,2558,264,Subway,40.631802574062505,-74.00615930557251,2012-05-05 15:46:10,2012-04-30,train,367_4
367,1481,264,Subway,40.68430737873073,-73.97759780287743,2012-05-05 16:21:14,2012-04-30,train,367_4
367,1870,264,Subway,40.71814377480724,-74.00015652179718,2012-05-05 16:21:30,2012-04-30,train,367_4
367,764,221,Bridge,40.713565479798646,-73.97236347198486,2012-05-05 16:35:15,2012-04-30,train,367_4
367,2689,301,Neighborhood,40.71343536379427,-73.95807266235352,2012-05-05 16:35:22,2012-04-30,train,367_4
367,1367,264,Subway,40.712183695842434,-73.96777924730584,2012-05-05 16:36:10,2012-04-30,train,367_4
367,1400,264,Subway,40.708411471755454,-73.95790636539459,2012-05-05 19:54:39,2012-04-30,train,367_4
367,3937,281,Residential Building (Apartment / Condo),40.70507145961368,-73.94710984026015,2012-05-05 19:55:28,2012-04-30,train,367_4
367,3174,63,Office,40.70956429635586,-73.79806280136108,2012-05-06 14:46:39,2012-04-30,train,367_4
367,1113,71,Train Station,40.70386504122757,-73.94740149378777,2012-05-06 15:24:48,2012-04-30,train,367_4
367,2208,264,Subway,40.70681537653545,-73.95348072052002,2012-05-06 15:24:58,2012-04-30,train,367_4
367,1400,264,Subway,40.708411471755454,-73.95790636539459,2012-05-06 15:25:08,2012-04-30,train,367_4
367,1913,264,Subway,40.69147464622913,-73.98738384246826,2012-05-06 15:50:46,2012-04-30,train,367_4
367,1551,264,Subway,40.67026755172896,-73.98977637290949,2012-05-06 15:50:57,2012-04-30,train,367_4
367,1904,264,Subway,40.62599053984701,-73.97624497132963,2012-05-06 16:02:04,2012-04-30,train,367_4
367,3738,70,Train Station,40.62098150778056,-73.97536684912832,2012-05-06 16:02:16,2012-04-30,train,367_4
367,2550,264,Subway,40.60906918068248,-73.97311126196983,2012-05-06 16:05:54,2012-04-30,train,367_4
367,2761,71,Train Station,40.59009477009124,-73.97417879506523,2012-05-06 16:11:35,2012-04-30,train,367_4
367,740,227,Beach,40.57334843776636,-73.98030281066895,2012-05-06 16:24:01,2012-04-30,train,367_4
367,3305,132,Fast Food Restaurant,40.57696138238364,-73.98161692574057,2012-05-06 16:25:00,2012-04-30,train,367_4
367,740,227,Beach,40.57334843776636,-73.98030281066895,2012-05-06 16:40:54,2012-04-30,train,367_4
367,2665,149,Park,40.57485998907254,-73.978434,2012-05-06 16:42:50,2012-04-30,train,367_4
367,3305,132,Fast Food Restaurant,40.57696138238364,-73.98161692574057,2012-05-06 16:53:41,2012-04-30,train,367_4
367,3305,132,Fast Food Restaurant,40.57696138238364,-73.98161692574057,2012-05-06 21:11:03,2012-04-30,train,367_4
367,4899,19,Bank,40.57684370773071,-73.98132996615902,2012-05-06 21:11:24,2012-04-30,train,367_4
367,3305,132,Fast Food Restaurant,40.57696138238364,-73.98161692574057,2012-05-06 23:14:07,2012-04-30,train,367_4
367,2637,264,Subway,40.57745558120849,-73.98124694824219,2012-05-06 23:14:20,2012-04-30,train,367_4
367,2818,264,Subway,40.63554789052744,-73.97815704345703,2012-05-06 23:37:10,2012-04-30,train,367_4
367,1551,264,Subway,40.67026755172896,-73.98977637290949,2012-05-06 23:49:59,2012-04-30,train,367_4
368,4271,63,Office,40.601836,-73.97629933,2012-05-05 07:38:23,2012-04-30,train,368_4
368,4901,194,Mexican Restaurant,40.759220487652186,-73.98880004882812,2012-05-06 13:02:25,2012-04-30,train,368_4
368,4271,63,Office,40.601836,-73.97629933,2012-05-06 19:28:36,2012-04-30,train,368_4
369,4629,138,Gym / Fitness Center,40.70037464320136,-73.94091030914655,2012-05-03 09:45:23,2012-04-30,train,369_2
369,406,147,Movie Theater,40.73416736029532,-73.99048715829849,2012-05-05 14:50:00,2012-04-30,train,369_2
370,1646,61,Office,40.74322028593753,-74.00773418972035,2012-05-03 09:14:35,2012-04-30,train,370_3
370,1646,61,Office,40.74322028593753,-74.00773418972035,2012-05-04 08:13:24,2012-04-30,train,370_3
370,1535,146,Movie Theater,40.690525226258906,-73.99196440177379,2012-05-06 16:03:21,2012-04-30,train,370_3
372,2896,232,Music Venue,40.81427223377393,-73.9411973288593,2012-05-01 15:28:27,2012-04-30,train,372_4
372,1647,264,Subway,40.8864595193891,-73.87842178344727,2012-05-01 19:15:46,2012-04-30,train,372_4
372,4701,63,Office,40.8846302820903,-73.87801407059634,2012-05-01 19:16:50,2012-04-30,train,372_4
372,4701,63,Office,40.8846302820903,-73.87801407059634,2012-05-03 07:30:04,2012-04-30,train,372_4
372,1647,264,Subway,40.8864595193891,-73.87842178344727,2012-05-03 07:30:44,2012-04-30,train,372_4
372,4701,63,Office,40.8846302820903,-73.87801407059634,2012-05-04 07:46:48,2012-04-30,train,372_4
372,1647,264,Subway,40.8864595193891,-73.87842178344727,2012-05-04 07:54:57,2012-04-30,train,372_4
372,2865,222,Coffee Shop,40.80798043673493,-73.94569774230696,2012-05-04 08:25:02,2012-04-30,train,372_4
372,2728,165,College Academic Building,40.806499663051376,-73.95127719117686,2012-05-04 08:35:54,2012-04-30,train,372_4
372,2865,222,Coffee Shop,40.80798043673493,-73.94569774230696,2012-05-04 10:00:29,2012-04-30,train,372_4
372,3563,122,Plaza,40.76161332785865,-73.96829581061981,2012-05-05 11:47:57,2012-04-30,train,372_4
372,4702,63,Office,40.80576035689646,-73.94218467342206,2012-05-05 16:57:11,2012-04-30,train,372_4
375,171,202,Pizza Place,40.73168165030361,-73.99618148803711,2012-05-01 21:44:38,2012-04-30,train,375_3
375,3686,63,Office,40.746788172590925,-73.9849915382653,2012-05-04 09:28:23,2012-04-30,train,375_3
375,803,254,Department Store,40.72212709991359,-73.99930899378225,2012-05-04 19:04:43,2012-04-30,train,375_3
376,1092,137,Gym / Fitness Center,40.7644789209072,-73.96633860230251,2012-05-01 18:19:00,2012-04-30,train,376_4
376,3155,165,College Academic Building,40.73561850046403,-73.99721413850784,2012-05-03 18:09:10,2012-04-30,train,376_4
376,459,252,Food & Drink Shop,40.72413519041223,-73.99778927450977,2012-05-06 14:12:00,2012-04-30,train,376_4
377,3852,50,Bar,40.723733,-73.951196,2012-05-01 23:19:17,2012-04-30,train,377_4
377,953,55,Bar,40.71581961178149,-74.00887039064251,2012-05-04 01:53:18,2012-04-30,train,377_4
377,606,102,American Restaurant,40.72360525093282,-73.9516560368056,2012-05-04 15:10:20,2012-04-30,train,377_4
377,552,50,Bar,40.710938,-73.948309,2012-05-04 17:43:36,2012-04-30,train,377_4
377,552,50,Bar,40.710938,-73.948309,2012-05-06 15:44:26,2012-04-30,train,377_4
377,886,230,Bowling Alley,40.721940025100544,-73.95757970819359,2012-05-06 21:18:14,2012-04-30,train,377_4
378,1475,241,Airport,40.773839,-73.87122,2012-05-01 22:25:00,2012-04-30,train,378_4
378,2847,6,Home (private),40.7838175149908,-73.94186034276925,2012-05-01 23:29:54,2012-04-30,train,378_4
378,2051,138,Gym / Fitness Center,40.7823686576613,-73.94887781828542,2012-05-03 20:54:00,2012-04-30,train,378_4
378,2057,264,Subway,40.7903220753707,-73.94764423370361,2012-05-04 11:58:46,2012-04-30,train,378_4
378,2855,301,Neighborhood,40.80774561312955,-73.94624880614921,2012-05-04 12:20:09,2012-04-30,train,378_4
378,702,157,Stadium,40.75645736467708,-73.8460636138916,2012-05-05 16:26:40,2012-04-30,train,378_4
378,8,39,Beer Garden,40.77300701660423,-73.9158862978038,2012-05-05 17:04:27,2012-04-30,train,378_4
378,4901,194,Mexican Restaurant,40.759220487652186,-73.98880004882812,2012-05-05 18:48:41,2012-04-30,train,378_4
378,169,37,Bar,40.71501300319713,-73.95146369934082,2012-05-05 20:07:20,2012-04-30,train,378_4
378,1702,42,Food & Drink Shop,40.78748825784393,-73.94453820701312,2012-05-05 20:08:29,2012-04-30,train,378_4
378,2847,6,Home (private),40.7838175149908,-73.94186034276925,2012-05-06 16:38:51,2012-04-30,train,378_4
378,2847,6,Home (private),40.7838175149908,-73.94186034276925,2012-05-06 21:06:14,2012-04-30,train,378_4
379,2771,61,Office,40.77296038604625,-73.98154805548008,2012-05-01 15:24:16,2012-04-30,train,379_4
379,1506,122,Plaza,40.7722274447236,-73.98302876064133,2012-05-02 00:36:12,2012-04-30,train,379_4
379,1956,265,Mall,40.80991152281341,-74.06785011291504,2012-05-03 11:20:07,2012-04-30,train,379_4
379,594,183,University,40.77037249426452,-73.984595540886,2012-05-03 14:21:38,2012-04-30,train,379_4
379,1506,122,Plaza,40.7722274447236,-73.98302876064133,2012-05-03 17:30:13,2012-04-30,train,379_4
379,2771,61,Office,40.77296038604625,-73.98154805548008,2012-05-03 17:54:25,2012-04-30,train,379_4
379,702,157,Stadium,40.75645736467708,-73.8460636138916,2012-05-04 18:20:40,2012-04-30,train,379_4
379,1506,122,Plaza,40.7722274447236,-73.98302876064133,2012-05-05 02:23:49,2012-04-30,train,379_4
379,474,222,Coffee Shop,40.774215,-73.981176,2012-05-06 14:52:56,2012-04-30,train,379_4
382,1475,241,Airport,40.773839,-73.87122,2012-05-01 13:50:07,2012-04-30,train,382_3
382,2032,239,Airport,40.77387937168837,-73.87237071990967,2012-05-03 17:48:41,2012-04-30,train,382_3
382,1285,137,Gym / Fitness Center,40.77800831707478,-73.9541472153185,2012-05-04 17:26:48,2012-04-30,train,382_3
382,1730,22,Cosmetics Shop,40.77936068088334,-73.95514023374332,2012-05-04 18:33:19,2012-04-30,train,382_3
382,8,39,Beer Garden,40.77300701660423,-73.9158862978038,2012-05-05 13:07:05,2012-04-30,train,382_3
384,4169,197,Sandwich Place,40.71323645845717,-74.0091515706367,2012-05-02 08:06:17,2012-04-30,train,384_4
384,4169,197,Sandwich Place,40.71323645845717,-74.0091515706367,2012-05-03 08:10:22,2012-04-30,train,384_4
384,41,42,Food & Drink Shop,40.780557679970805,-73.98171901702881,2012-05-03 19:40:57,2012-04-30,train,384_4
384,4169,197,Sandwich Place,40.71323645845717,-74.0091515706367,2012-05-04 08:23:50,2012-04-30,train,384_4
384,3472,122,Plaza,40.7721081261999,-73.97742748260498,2012-05-05 07:56:52,2012-04-30,train,384_4
384,807,42,Food & Drink Shop,40.8161477453172,-73.98043155670166,2012-05-05 18:25:45,2012-04-30,train,384_4
384,1256,13,Clothing Store,40.754376,-73.978525,2012-05-06 15:14:13,2012-04-30,train,384_4
386,2241,120,Other Great Outdoors,40.77943655102251,-73.80902767181396,2012-05-01 20:52:15,2012-04-30,train,386_4
386,4037,40,Candy Store,40.7774773922087,-73.81467257556426,2012-05-01 20:52:33,2012-04-30,train,386_4
386,3990,6,Home (private),40.77519535932481,-73.81249842275241,2012-05-01 20:52:48,2012-04-30,train,386_4
386,4671,6,Home (private),40.77519535932481,-73.81249842275241,2012-05-01 20:53:01,2012-04-30,train,386_4
386,4265,257,Road,40.780227,-73.792836,2012-05-01 21:30:17,2012-04-30,train,386_4
386,4266,6,Home (private),40.78168478226392,-73.78896894871082,2012-05-01 21:30:38,2012-04-30,train,386_4
386,4005,6,Home (private),40.78168478226392,-73.78896894871082,2012-05-01 21:30:52,2012-04-30,train,386_4
386,4859,6,Home (private),40.78168478226392,-73.78896894871082,2012-05-01 21:31:21,2012-04-30,train,386_4
386,2479,19,Bank,40.758082745042216,-73.78525257110596,2012-05-03 15:34:23,2012-04-30,train,386_4
386,4037,40,Candy Store,40.7774773922087,-73.81467257556426,2012-05-03 18:26:45,2012-04-30,train,386_4
386,3990,6,Home (private),40.77519535932481,-73.81249842275241,2012-05-03 18:27:08,2012-04-30,train,386_4
386,4671,6,Home (private),40.77519535932481,-73.81249842275241,2012-05-03 18:27:21,2012-04-30,train,386_4
386,4266,6,Home (private),40.78168478226392,-73.78896894871082,2012-05-03 19:40:30,2012-04-30,train,386_4
386,4815,253,General Travel,40.78001045760578,-73.79287827403705,2012-05-03 19:40:51,2012-04-30,train,386_4
386,4005,6,Home (private),40.78168478226392,-73.78896894871082,2012-05-03 19:41:03,2012-04-30,train,386_4
386,4627,6,Home (private),40.78168478226392,-73.78896894871082,2012-05-03 19:41:24,2012-04-30,train,386_4
386,4859,6,Home (private),40.78168478226392,-73.78896894871082,2012-05-03 20:04:39,2012-04-30,train,386_4
386,4806,6,Home (private),40.78168478226392,-73.78896894871082,2012-05-03 20:05:02,2012-04-30,train,386_4
386,4509,6,Home (private),40.78168478226392,-73.78896894871082,2012-05-03 20:05:26,2012-04-30,train,386_4
386,4476,6,Home (private),40.78168478226392,-73.78896894871082,2012-05-04 00:24:18,2012-04-30,train,386_4
386,4879,55,Bar,40.7801294210853,-73.79279210310794,2012-05-04 00:24:35,2012-04-30,train,386_4
386,4265,257,Road,40.780227,-73.792836,2012-05-04 12:18:02,2012-04-30,train,386_4
386,4266,6,Home (private),40.78168478226392,-73.78896894871082,2012-05-04 12:18:14,2012-04-30,train,386_4
386,4815,253,General Travel,40.78001045760578,-73.79287827403705,2012-05-04 12:18:31,2012-04-30,train,386_4
386,4005,6,Home (private),40.78168478226392,-73.78896894871082,2012-05-04 12:18:53,2012-04-30,train,386_4
386,4691,196,Restaurant,40.78007738220326,-73.79265422954384,2012-05-04 12:19:40,2012-04-30,train,386_4
386,4806,6,Home (private),40.78168478226392,-73.78896894871082,2012-05-04 15:18:01,2012-04-30,train,386_4
386,4509,6,Home (private),40.78168478226392,-73.78896894871082,2012-05-04 15:18:24,2012-04-30,train,386_4
386,4037,40,Candy Store,40.7774773922087,-73.81467257556426,2012-05-04 18:52:01,2012-04-30,train,386_4
386,3990,6,Home (private),40.77519535932481,-73.81249842275241,2012-05-04 18:52:23,2012-04-30,train,386_4
386,4671,6,Home (private),40.77519535932481,-73.81249842275241,2012-05-04 18:52:45,2012-04-30,train,386_4
386,2479,19,Bank,40.758082745042216,-73.78525257110596,2012-05-05 13:57:06,2012-04-30,train,386_4
386,2547,97,Diner,40.75755743874854,-73.78361181337584,2012-05-05 14:06:41,2012-04-30,train,386_4
386,3130,301,Neighborhood,40.76487640472523,-73.81782531738281,2012-05-05 15:00:46,2012-04-30,train,386_4
386,4265,257,Road,40.780227,-73.792836,2012-05-05 15:57:42,2012-04-30,train,386_4
386,4266,6,Home (private),40.78168478226392,-73.78896894871082,2012-05-05 15:58:06,2012-04-30,train,386_4
386,4005,6,Home (private),40.78168478226392,-73.78896894871082,2012-05-05 15:58:31,2012-04-30,train,386_4
386,4627,6,Home (private),40.78168478226392,-73.78896894871082,2012-05-05 15:58:51,2012-04-30,train,386_4
386,4898,245,General Entertainment,40.95799336338653,-74.10746446325602,2012-05-05 15:59:50,2012-04-30,train,386_4
386,4901,194,Mexican Restaurant,40.759220487652186,-73.98880004882812,2012-05-05 16:01:58,2012-04-30,train,386_4
386,4691,196,Restaurant,40.78007738220326,-73.79265422954384,2012-05-05 17:35:14,2012-04-30,train,386_4
386,4509,6,Home (private),40.78168478226392,-73.78896894871082,2012-05-05 18:53:04,2012-04-30,train,386_4
386,1966,146,Movie Theater,40.74097362475528,-73.7843406200409,2012-05-06 14:03:22,2012-04-30,train,386_4
386,2241,120,Other Great Outdoors,40.77943655102251,-73.80902767181396,2012-05-06 14:53:17,2012-04-30,train,386_4
386,4037,40,Candy Store,40.7774773922087,-73.81467257556426,2012-05-06 14:54:03,2012-04-30,train,386_4
386,3990,6,Home (private),40.77519535932481,-73.81249842275241,2012-05-06 14:54:22,2012-04-30,train,386_4
386,4671,6,Home (private),40.77519535932481,-73.81249842275241,2012-05-06 14:54:33,2012-04-30,train,386_4
386,4265,257,Road,40.780227,-73.792836,2012-05-06 23:25:25,2012-04-30,train,386_4
386,4266,6,Home (private),40.78168478226392,-73.78896894871082,2012-05-06 23:25:42,2012-04-30,train,386_4
386,4005,6,Home (private),40.78168478226392,-73.78896894871082,2012-05-06 23:26:02,2012-04-30,train,386_4
386,4806,6,Home (private),40.78168478226392,-73.78896894871082,2012-05-06 23:26:31,2012-04-30,train,386_4
386,4509,6,Home (private),40.78168478226392,-73.78896894871082,2012-05-06 23:26:51,2012-04-30,train,386_4
387,3358,138,Gym / Fitness Center,40.72800542208163,-73.99348519842566,2012-05-01 18:28:43,2012-04-30,train,387_3
387,89,58,Electronics Store,40.730928,-73.991353,2012-05-01 19:11:12,2012-04-30,train,387_3
387,693,61,Office,40.72050868693853,-74.00625367536026,2012-05-04 10:27:15,2012-04-30,train,387_3
387,42,37,Bar,40.724174855631766,-73.98780940907962,2012-05-04 22:52:44,2012-04-30,train,387_3
387,224,39,Beer Garden,40.721128035611365,-73.99304866790771,2012-05-04 23:30:24,2012-04-30,train,387_3
387,923,152,Food & Drink Shop,40.73004029,-73.992856,2012-05-05 13:28:41,2012-04-30,train,387_3
388,4568,214,Bar,40.80120973416272,-73.94370586303829,2012-05-01 20:03:31,2012-04-30,train,388_4
388,1093,138,Gym / Fitness Center,40.800356,-73.94687168,2012-05-02 07:20:13,2012-04-30,train,388_4
388,736,222,Coffee Shop,40.74697,-73.98138,2012-05-03 09:38:12,2012-04-30,train,388_4
388,4568,214,Bar,40.80120973416272,-73.94370586303829,2012-05-03 19:35:53,2012-04-30,train,388_4
388,1093,138,Gym / Fitness Center,40.800356,-73.94687168,2012-05-04 07:22:41,2012-04-30,train,388_4
388,929,163,Medical Center,40.742099571675965,-73.97494213499166,2012-05-04 10:23:49,2012-04-30,train,388_4
388,3286,76,Ferry,40.76067264603736,-74.00367709397945,2012-05-05 11:05:11,2012-04-30,train,388_4
388,4568,214,Bar,40.80120973416272,-73.94370586303829,2012-05-06 14:01:10,2012-04-30,train,388_4
389,1992,73,Bus Station,40.809413501196566,-74.00164564455983,2012-05-02 07:07:56,2012-04-30,train,389_2
389,2348,26,Drugstore / Pharmacy,40.80921402202477,-74.00200717527068,2012-05-03 22:56:06,2012-04-30,train,389_2
389,1127,254,Department Store,40.7926289275032,-74.04188632965088,2012-05-04 09:49:57,2012-04-30,train,389_2
389,2348,26,Drugstore / Pharmacy,40.80921402202477,-74.00200717527068,2012-05-04 22:56:47,2012-04-30,train,389_2
389,2348,26,Drugstore / Pharmacy,40.80921402202477,-74.00200717527068,2012-05-05 03:14:15,2012-04-30,train,389_2
389,1992,73,Bus Station,40.809413501196566,-74.00164564455983,2012-05-05 07:06:34,2012-04-30,train,389_2
389,1992,73,Bus Station,40.809413501196566,-74.0011004779114,2012-05-06 22:54:42,2012-04-30,train,389_2
389,2348,26,Drugstore / Pharmacy,40.80921402202477,-74.00200717527068,2012-05-06 22:54:57,2012-04-30,train,389_2
390,3222,52,Bar,40.762762512171065,-73.97173953064508,2012-05-03 19:28:20,2012-04-30,train,390_4
390,1243,61,Office,40.75269756436712,-73.99003612905999,2012-05-04 16:27:29,2012-04-30,train,390_4
391,2344,165,College Academic Building,40.750846,-74.030771,2012-05-01 14:27:17,2012-04-30,train,391_3
391,1921,239,Airport,40.69576975606927,-74.1773271560669,2012-05-01 17:43:07,2012-04-30,train,391_3
392,234,121,Park,40.74218830848454,-73.98792418909154,2012-05-01 14:34:24,2012-04-30,train,392_3
392,1486,134,Event Space,40.742862660166125,-73.99238907827885,2012-05-03 08:51:24,2012-04-30,train,392_3
392,234,121,Park,40.74218830848454,-73.98792418909154,2012-05-03 15:13:33,2012-04-30,train,392_3
392,1479,203,Food Truck,40.74265628447347,-73.98901462554932,2012-05-04 11:10:09,2012-04-30,train,392_3
392,584,147,Movie Theater,40.75498191250509,-73.92365390320822,2012-05-04 22:13:50,2012-04-30,train,392_3
393,847,265,Mall,40.917335441802095,-74.0756607055664,2012-05-04 11:30:31,2012-04-30,train,393_4
393,1843,147,Movie Theater,40.91532869189857,-74.07670140266418,2012-05-04 11:34:40,2012-04-30,train,393_4
393,1843,147,Movie Theater,40.91532869189857,-74.07670140266418,2012-05-04 11:35:41,2012-04-30,train,393_4
393,2374,42,Food & Drink Shop,40.85215695470352,-74.00433540344238,2012-05-05 06:56:25,2012-04-30,train,393_4
394,2819,61,Office,40.76326769074044,-73.9788965316875,2012-05-02 07:31:07,2012-04-30,train,394_4
394,2819,61,Office,40.76326769074044,-73.9788965316875,2012-05-03 07:58:28,2012-04-30,train,394_4
394,2819,61,Office,40.76326769074044,-73.9788965316875,2012-05-04 08:58:58,2012-04-30,train,394_4
395,3226,301,Neighborhood,40.781223849079005,-73.9183759689331,2012-05-03 21:22:32,2012-04-30,train,395_2
395,3226,301,Neighborhood,40.771831872647006,-73.93009185791016,2012-05-04 21:02:42,2012-04-30,train,395_2
395,1201,138,Gym / Fitness Center,40.762958775,-73.91559066666667,2012-05-06 18:16:00,2012-04-30,train,395_2
396,3631,90,School,40.59481117363448,-73.79541168269034,2012-05-03 08:56:30,2012-04-30,train,396_4
396,3631,90,School,40.59458488938705,-73.7952680662816,2012-05-03 17:27:10,2012-04-30,train,396_4
396,3453,6,Home (private),40.59555553017763,-73.80073403370818,2012-05-03 19:35:42,2012-04-30,train,396_4
396,3453,6,Home (private),40.59555553017763,-73.80073403370818,2012-05-04 07:56:32,2012-04-30,train,396_4
396,3453,6,Home (private),40.59555553017763,-73.80073403370818,2012-05-05 10:19:04,2012-04-30,train,396_4
396,4032,301,Neighborhood,40.59342540889924,-73.78969430923462,2012-05-05 10:19:20,2012-04-30,train,396_4
396,4032,301,Neighborhood,40.59342540889924,-73.78969430923462,2012-05-06 18:00:05,2012-04-30,train,396_4
397,2722,177,College Academic Building,40.631989844875335,-73.95062685012817,2012-05-01 16:28:28,2012-04-30,train,397_4
397,2904,165,College Academic Building,40.63118003289066,-73.9510246270118,2012-05-03 19:15:11,2012-04-30,train,397_4
397,2990,177,College Academic Building,40.63137917724519,-73.9514422416687,2012-05-03 19:16:22,2012-04-30,train,397_4
397,4098,0,Convention Center,40.63129905755473,-73.95096148591898,2012-05-04 16:33:25,2012-04-30,train,397_4
397,2904,165,College Academic Building,40.63118003289066,-73.9510246270118,2012-05-04 16:33:45,2012-04-30,train,397_4
399,3823,6,Home (private),40.74784649558036,-74.17684116064805,2012-05-01 19:34:14,2012-04-30,train,399_3
399,3154,262,Light Rail,40.76525832430631,-74.18006300926208,2012-05-02 07:51:21,2012-04-30,train,399_3
399,4227,165,College Academic Building,40.81384299132476,-74.2165196224297,2012-05-03 08:13:41,2012-04-30,train,399_3
399,3823,6,Home (private),40.74784649558036,-74.17684116064805,2012-05-03 18:02:42,2012-04-30,train,399_3
399,2514,121,Park,40.77381437268857,-74.17543888092041,2012-05-04 09:11:30,2012-04-30,train,399_3
400,3455,64,Government Building,40.693603428130906,-73.98605900539454,2012-05-01 12:19:56,2012-04-30,train,400_3
400,1035,163,Medical Center,40.7646651291205,-73.9548110961914,2012-05-01 17:54:00,2012-04-30,train,400_3
400,3497,61,Office,40.693812,-73.986181,2012-05-01 19:59:35,2012-04-30,train,400_3
400,3447,80,Building,40.693437826390245,-73.98600161483961,2012-05-01 19:59:48,2012-04-30,train,400_3
400,1166,128,Bakery,40.69375934315463,-73.9867591687836,2012-05-01 20:00:06,2012-04-30,train,400_3
400,2589,301,Neighborhood,40.718477172979526,-74.00781154632568,2012-05-01 22:25:08,2012-04-30,train,400_3
400,3447,80,Building,40.693437826390245,-73.98600161483961,2012-05-02 07:56:19,2012-04-30,train,400_3
400,2762,6,Home (private),40.73944138679658,-73.97712595918333,2012-05-02 07:56:33,2012-04-30,train,400_3
400,2183,61,Office,40.69372396558499,-73.98639187027493,2012-05-02 07:56:54,2012-04-30,train,400_3
400,2315,96,Deli / Bodega,40.74379022679562,-73.98389160633087,2012-05-02 07:57:18,2012-04-30,train,400_3
400,2762,6,Home (private),40.73944138679658,-73.97712595918333,2012-05-03 07:04:45,2012-04-30,train,400_3
400,3013,58,Electronics Store,40.74403033187858,-73.9833214568225,2012-05-03 07:05:12,2012-04-30,train,400_3
400,4593,138,Gym / Fitness Center,40.74424119059385,-73.98270736824254,2012-05-03 07:05:44,2012-04-30,train,400_3
400,2315,96,Deli / Bodega,40.74379022679562,-73.98389160633087,2012-05-03 07:06:03,2012-04-30,train,400_3
400,3447,80,Building,40.693437826390245,-73.98600161483961,2012-05-03 08:02:14,2012-04-30,train,400_3
400,3447,80,Building,40.693437826390245,-73.98600161483961,2012-05-03 08:22:30,2012-04-30,train,400_3
400,76,21,French Restaurant,40.74364391274361,-73.9838882535696,2012-05-03 09:42:43,2012-04-30,train,400_3
400,2812,259,Hotel,40.74393865874401,-73.98399867372817,2012-05-03 09:43:12,2012-04-30,train,400_3
400,2183,61,Office,40.69372396558499,-73.98639187027493,2012-05-03 10:52:44,2012-04-30,train,400_3
400,3013,58,Electronics Store,40.74403033187858,-73.9833214568225,2012-05-03 18:45:54,2012-04-30,train,400_3
400,3059,96,Deli / Bodega,40.74461486685142,-73.98126109579569,2012-05-03 18:46:17,2012-04-30,train,400_3
400,3907,209,Sushi Restaurant,40.74476767769092,-73.98205429315567,2012-05-03 21:07:53,2012-04-30,train,400_3
400,3059,96,Deli / Bodega,40.74461486685142,-73.98126109579569,2012-05-03 23:15:35,2012-04-30,train,400_3
400,2762,6,Home (private),40.73944138679658,-73.97712595918333,2012-05-04 02:47:12,2012-04-30,train,400_3
400,3447,80,Building,40.693437826390245,-73.98600161483961,2012-05-04 06:52:31,2012-04-30,train,400_3
400,2762,6,Home (private),40.73944138679658,-73.97712595918333,2012-05-04 07:06:30,2012-04-30,train,400_3
400,2315,96,Deli / Bodega,40.74379022679562,-73.98389160633087,2012-05-04 07:06:52,2012-04-30,train,400_3
400,2812,259,Hotel,40.74393865874401,-73.98399867372817,2012-05-04 09:29:46,2012-04-30,train,400_3
400,76,21,French Restaurant,40.74364391274361,-73.9838882535696,2012-05-04 09:30:10,2012-04-30,train,400_3
400,2080,19,Bank,40.744900094545365,-73.98286232535908,2012-05-04 09:30:27,2012-04-30,train,400_3
400,1086,80,Building,40.74405907465752,-73.98123813900243,2012-05-04 09:30:51,2012-04-30,train,400_3
400,3455,64,Government Building,40.693603428130906,-73.98605900539454,2012-05-04 10:49:15,2012-04-30,train,400_3
400,3455,64,Government Building,40.693603428130906,-73.98605900539454,2012-05-04 12:14:11,2012-04-30,train,400_3
400,3497,61,Office,40.693812,-73.986181,2012-05-04 17:17:11,2012-04-30,train,400_3
400,3013,58,Electronics Store,40.74403033187858,-73.9833214568225,2012-05-04 19:48:01,2012-04-30,train,400_3
400,2894,220,BBQ Joint,40.74426512651768,-73.98260406342875,2012-05-04 19:48:26,2012-04-30,train,400_3
400,2894,220,BBQ Joint,40.74426512651768,-73.98260406342875,2012-05-04 19:49:35,2012-04-30,train,400_3
400,123,238,Music Venue,40.74132956997647,-73.98120944300699,2012-05-04 21:18:42,2012-04-30,train,400_3
400,567,48,Bar,40.74101186443186,-73.98191536325086,2012-05-04 21:19:06,2012-04-30,train,400_3
400,3907,209,Sushi Restaurant,40.74476767769092,-73.98205429315567,2012-05-05 02:12:41,2012-04-30,train,400_3
400,173,93,Breakfast Spot,40.7438789760452,-73.98157101223632,2012-05-05 02:13:24,2012-04-30,train,400_3
400,3540,136,Office,40.74361546275165,-73.98347854614258,2012-05-05 02:13:50,2012-04-30,train,400_3
400,2762,6,Home (private),40.73944138679658,-73.97712595918333,2012-05-05 05:02:36,2012-04-30,train,400_3
400,2762,6,Home (private),40.73944138679658,-73.97712595918333,2012-05-05 11:28:01,2012-04-30,train,400_3
400,2080,19,Bank,40.744900094545365,-73.98286232535908,2012-05-05 11:28:16,2012-04-30,train,400_3
400,1086,80,Building,40.74405907465752,-73.98123813900243,2012-05-05 11:29:02,2012-04-30,train,400_3
400,2618,19,Bank,40.96520125865936,-73.872517,2012-05-06 21:00:22,2012-04-30,train,400_3
400,2315,96,Deli / Bodega,40.74379022679562,-73.98389160633087,2012-05-06 23:30:06,2012-04-30,train,400_3
400,2762,6,Home (private),40.73944138679658,-73.97712595918333,2012-05-06 23:30:22,2012-04-30,train,400_3
400,1086,80,Building,40.74405907465752,-73.98123813900243,2012-05-06 23:30:35,2012-04-30,train,400_3
400,2812,259,Hotel,40.74393865874401,-73.98399867372817,2012-05-06 23:30:50,2012-04-30,train,400_3
401,1863,35,Bookstore,40.8292029376781,-74.13943290710449,2012-05-05 11:30:21,2012-04-30,train,401_3
401,1843,147,Movie Theater,40.91532869189857,-74.07670140266418,2012-05-05 15:52:07,2012-04-30,train,401_3
402,4166,182,Trade School,40.74254248274287,-74.16908740997314,2012-05-01 12:39:48,2012-04-30,train,402_4
402,4218,90,School,40.80279865835598,-74.15596234207861,2012-05-03 08:36:30,2012-04-30,train,402_4
402,4218,90,School,40.80279865835598,-74.15596234207861,2012-05-04 08:39:13,2012-04-30,train,402_4
402,2325,34,Gas Station / Garage,40.811048,-74.145083,2012-05-04 09:19:56,2012-04-30,train,402_4
402,3903,6,Home (private),40.803844650607,-74.15335626699198,2012-05-04 20:58:21,2012-04-30,train,402_4
404,4027,61,Office,40.73717732305697,-73.98822069168091,2012-05-03 10:22:29,2012-04-30,train,404_3
404,4027,61,Office,40.73717732305697,-73.98822069168091,2012-05-04 11:02:48,2012-04-30,train,404_3
406,1994,61,Office,40.723206,-73.997249,2012-05-01 15:30:39,2012-04-30,train,406_3
406,4224,31,Bar,40.72392515042114,-73.99691104888916,2012-05-03 09:34:33,2012-04-30,train,406_3
406,1994,61,Office,40.723206,-73.997249,2012-05-03 10:12:21,2012-04-30,train,406_3
406,746,222,Coffee Shop,40.7226384919777,-73.99800160642802,2012-05-03 15:41:51,2012-04-30,train,406_3
406,1994,61,Office,40.723206,-73.997249,2012-05-04 11:56:39,2012-04-30,train,406_3
406,769,222,Coffee Shop,40.723856037082,-73.99640679359436,2012-05-04 14:02:22,2012-04-30,train,406_3
406,2698,50,Bar,40.7165736243376,-73.98917528677009,2012-05-04 18:50:44,2012-04-30,train,406_3
406,624,122,Plaza,40.75866919513504,-73.97859808949039,2012-05-05 18:22:27,2012-04-30,train,406_3
406,648,42,Food & Drink Shop,40.689649,-73.992413,2012-05-06 13:52:33,2012-04-30,train,406_3
407,124,37,Bar,40.702435,-73.987073,2012-05-01 18:02:15,2012-04-30,train,407_4
407,2625,61,Office,40.75094552248844,-74.00563392176072,2012-05-02 07:29:52,2012-04-30,train,407_4
407,2625,61,Office,40.75094552248844,-74.00563392176072,2012-05-03 08:00:25,2012-04-30,train,407_4
407,1613,281,Residential Building (Apartment / Condo),40.67663682661614,-73.95863010769838,2012-05-03 17:42:53,2012-04-30,train,407_4
407,2625,61,Office,40.75094552248844,-74.00563392176072,2012-05-04 07:30:57,2012-04-30,train,407_4
407,3047,183,University,40.70516053616476,-74.01360448846347,2012-05-04 17:29:37,2012-04-30,train,407_4
407,2342,80,Building,40.709256151316296,-74.00439440853914,2012-05-04 22:31:58,2012-04-30,train,407_4
407,605,238,Music Venue,40.72856334811506,-73.99995849221705,2012-05-05 00:48:51,2012-04-30,train,407_4
407,3047,183,University,40.70516053616476,-74.01360448846347,2012-05-05 13:58:02,2012-04-30,train,407_4
407,1535,146,Movie Theater,40.690525226258906,-73.99196440177379,2012-05-05 16:47:22,2012-04-30,train,407_4
407,1613,281,Residential Building (Apartment / Condo),40.67663682661614,-73.95863010769838,2012-05-06 18:23:57,2012-04-30,train,407_4
408,3620,6,Home (private),40.84498742331356,-74.16509908485864,2012-05-01 14:16:30,2012-04-30,train,408_4
408,3620,6,Home (private),40.84498742331356,-74.16509908485864,2012-05-02 07:58:18,2012-04-30,train,408_4
408,2403,282,Convenience Store,40.81354775855645,-74.10954796515402,2012-05-03 18:21:15,2012-04-30,train,408_4
408,4897,281,Residential Building (Apartment / Condo),40.84476009028352,-74.16051500174768,2012-05-06 19:22:15,2012-04-30,train,408_4
409,2,21,French Restaurant,40.73968518262072,-74.00601983070374,2012-05-03 22:34:00,2012-04-30,train,409_4
409,4901,194,Mexican Restaurant,40.759220487652186,-73.98880004882812,2012-05-05 12:51:25,2012-04-30,train,409_4
410,489,7,Clothing Store,40.72353954181497,-73.99839757613344,2012-05-06 14:59:33,2012-04-30,train,410_0
410,459,252,Food & Drink Shop,40.72413519041223,-73.99778927450977,2012-05-06 15:00:36,2012-04-30,train,410_0
411,935,214,Bar,40.718889,-74.043618,2012-05-01 19:58:52,2012-04-30,train,411_0
411,935,214,Bar,40.718889,-74.043618,2012-05-04 22:19:34,2012-04-30,train,411_0
413,1711,61,Office,40.81063408044912,-73.96387054002031,2012-05-01 13:37:54,2012-04-30,train,413_4
413,1094,222,Coffee Shop,40.80704983333333,-73.96448956666666,2012-05-01 13:46:17,2012-04-30,train,413_4
413,2721,121,Park,40.8463461517002,-73.94103527069092,2012-05-02 06:47:23,2012-04-30,train,413_4
413,1796,233,Other Great Outdoors,40.84669724308564,-73.94206986617345,2012-05-02 06:48:16,2012-04-30,train,413_4
413,1796,233,Other Great Outdoors,40.84669724308564,-73.94206986617345,2012-05-03 06:51:31,2012-04-30,train,413_4
413,2721,121,Park,40.8463461517002,-73.94103527069092,2012-05-03 06:52:16,2012-04-30,train,413_4
413,1094,222,Coffee Shop,40.80704983333333,-73.96448956666666,2012-05-03 09:00:20,2012-04-30,train,413_4
413,1711,61,Office,40.81063408044912,-73.96387054002031,2012-05-03 09:01:58,2012-04-30,train,413_4
413,1796,233,Other Great Outdoors,40.84669724308564,-73.94206986617345,2012-05-04 06:39:16,2012-04-30,train,413_4
413,2721,121,Park,40.8463461517002,-73.94103527069092,2012-05-04 06:40:02,2012-04-30,train,413_4
413,1675,301,Neighborhood,40.84894322160766,-73.9369797706604,2012-05-04 11:54:05,2012-04-30,train,413_4
413,1796,233,Other Great Outdoors,40.84669724308564,-73.94206986617345,2012-05-05 07:51:38,2012-04-30,train,413_4
413,2721,121,Park,40.8463461517002,-73.94103527069092,2012-05-05 07:51:59,2012-04-30,train,413_4
414,3768,72,Government Building,40.69487841839175,-73.98735028834558,2012-05-03 13:15:39,2012-04-30,train,414_4
414,1617,42,Food & Drink Shop,40.70699430376329,-73.85486125946045,2012-05-04 09:06:43,2012-04-30,train,414_4
414,3083,139,Medical Center,40.68449898,-73.8454856,2012-05-04 09:35:43,2012-04-30,train,414_4
414,2125,264,Subway,40.76464887712308,-73.9663553237915,2012-05-04 20:50:36,2012-04-30,train,414_4
414,2061,264,Subway,40.7625685886431,-73.96796464920044,2012-05-04 20:52:30,2012-04-30,train,414_4
414,2825,7,Clothing Store,40.758409593390965,-73.9855424897826,2012-05-05 00:40:44,2012-04-30,train,414_4
414,2125,264,Subway,40.76464887712308,-73.9663553237915,2012-05-06 18:39:54,2012-04-30,train,414_4
415,1475,241,Airport,40.773839,-73.87122,2012-05-01 22:02:11,2012-04-30,train,415_4
415,3915,227,Beach,40.57623201118281,-73.83881354583862,2012-05-04 20:11:04,2012-04-30,train,415_4
415,2329,96,Deli / Bodega,40.57994619525604,-73.83733748734836,2012-05-04 23:16:34,2012-04-30,train,415_4
415,862,147,Movie Theater,40.58606020705239,-73.92983436584473,2012-05-05 00:48:58,2012-04-30,train,415_4
415,3915,227,Beach,40.57618702737008,-73.83918686627649,2012-05-06 21:31:06,2012-04-30,train,415_4
416,1078,137,Gym / Fitness Center,40.761488,-73.984014,2012-05-02 07:17:35,2012-04-30,train,416_3
416,1078,137,Gym / Fitness Center,40.761488,-73.984014,2012-05-04 17:52:51,2012-04-30,train,416_3
418,3312,128,Bakery,40.760328269267376,-73.82664865697585,2012-05-04 07:46:02,2012-04-30,train,418_4
418,3082,186,College Academic Building,40.77028191741009,-73.73554916505417,2012-05-05 10:02:46,2012-04-30,train,418_4
418,2101,42,Food & Drink Shop,40.763280802898464,-73.80912369980592,2012-05-05 16:48:58,2012-04-30,train,418_4
418,3108,121,Park,40.746964349631696,-73.80769729614258,2012-05-06 16:19:19,2012-04-30,train,418_4
418,2101,42,Food & Drink Shop,40.763280802898464,-73.80912369980592,2012-05-06 17:08:21,2012-04-30,train,418_4
420,557,230,Bowling Alley,40.722693923562495,-73.95555925154694,2012-05-03 18:48:35,2012-04-30,train,420_4
420,4141,57,Bar,40.711369,-73.947794,2012-05-04 23:51:35,2012-04-30,train,420_4
420,557,230,Bowling Alley,40.722693923562495,-73.95555925154694,2012-05-05 15:11:38,2012-04-30,train,420_4
421,349,70,Train Station,40.75280620914171,-73.97717535495758,2012-05-01 19:02:41,2012-04-30,train,421_4
421,349,70,Train Station,40.75280620914171,-73.97717535495758,2012-05-03 08:36:14,2012-04-30,train,421_4
421,2938,80,Building,40.7526134939238,-73.98631726267949,2012-05-03 08:58:48,2012-04-30,train,421_4
421,349,70,Train Station,40.75280620914171,-73.97717535495758,2012-05-03 21:03:40,2012-04-30,train,421_4
424,3417,63,Office,40.74226610630077,-73.98446559906006,2012-05-03 08:32:41,2012-04-30,train,424_2
424,103,37,Bar,40.71804197564418,-73.95757903554863,2012-05-04 22:25:59,2012-04-30,train,424_2
424,1627,141,Bagel Shop,40.782566,-73.948258,2012-05-05 10:38:51,2012-04-30,train,424_2
424,608,238,Music Venue,40.673615,-73.99171,2012-05-06 16:32:13,2012-04-30,train,424_2
424,3774,203,Food Truck,40.73580789980458,-73.98917528677009,2012-05-06 17:55:38,2012-04-30,train,424_2
425,4106,211,Bar,40.743644725,-74.00428604,2012-05-02 01:51:47,2012-04-30,train,425_3
425,752,183,University,40.63116747782979,-73.95221471786499,2012-05-03 11:11:16,2012-04-30,train,425_3
425,81,202,Pizza Place,40.71883289192165,-73.95662114190908,2012-05-03 16:16:33,2012-04-30,train,425_3
425,4106,211,Bar,40.743644725,-74.00428604,2012-05-05 01:45:42,2012-04-30,train,425_3
425,927,3,Thrift / Vintage Store,40.71822445,-73.95521,2012-05-05 15:11:47,2012-04-30,train,425_3
426,972,221,Bridge,40.75673368214285,-73.95445704460144,2012-05-01 20:04:00,2012-04-30,train,426_3
426,365,107,Cuban Restaurant,40.68647960590641,-73.97434294223785,2012-05-01 21:37:42,2012-04-30,train,426_3
426,1475,241,Airport,40.773839,-73.87122,2012-05-04 07:52:11,2012-04-30,train,426_3
428,4433,231,Campground,40.73520973399571,-73.99106339580494,2012-05-01 18:08:35,2012-04-30,train,428_3
428,1430,138,Gym / Fitness Center,40.77769857525252,-73.9775994526167,2012-05-02 08:03:54,2012-04-30,train,428_3
428,4027,61,Office,40.73717732305697,-73.98822069168091,2012-05-03 10:39:33,2012-04-30,train,428_3
428,1430,138,Gym / Fitness Center,40.77769857525252,-73.9775994526167,2012-05-04 06:57:16,2012-04-30,train,428_3
428,4027,61,Office,40.73717732305697,-73.98822069168091,2012-05-04 10:46:33,2012-04-30,train,428_3
428,998,106,Burrito Place,40.776879066666666,-73.979356,2012-05-04 20:14:14,2012-04-30,train,428_3
428,349,70,Train Station,40.75280620914171,-73.97717535495758,2012-05-05 07:56:06,2012-04-30,train,428_3
430,2639,37,Bar,40.713723,-73.95761367,2012-05-01 19:47:58,2012-04-30,train,430_1
430,112,37,Bar,40.73698799811338,-73.98458,2012-05-04 19:03:44,2012-04-30,train,430_1
430,2834,102,American Restaurant,40.713852,-73.957991,2012-05-06 15:05:56,2012-04-30,train,430_1
432,3488,61,Office,40.761436,-73.972889,2012-05-01 12:35:08,2012-04-30,train,432_4
432,1842,225,Athletic & Sport,40.77131186284329,-73.91743183135986,2012-05-01 22:38:40,2012-04-30,train,432_4
432,1057,264,Subway,40.77007682324887,-73.91798973083496,2012-05-02 07:42:30,2012-04-30,train,432_4
432,1842,225,Athletic & Sport,40.77131186284329,-73.91743183135986,2012-05-02 07:43:19,2012-04-30,train,432_4
432,1842,225,Athletic & Sport,40.77131186284329,-73.91743183135986,2012-05-03 07:36:49,2012-04-30,train,432_4
432,1057,264,Subway,40.77007682324887,-73.91798973083496,2012-05-03 07:37:09,2012-04-30,train,432_4
432,3488,61,Office,40.761436,-73.972889,2012-05-03 13:19:16,2012-04-30,train,432_4
432,1842,225,Athletic & Sport,40.77131186284329,-73.91743183135986,2012-05-04 07:40:59,2012-04-30,train,432_4
432,1057,264,Subway,40.77007682324887,-73.91798973083496,2012-05-04 07:41:28,2012-04-30,train,432_4
432,3488,61,Office,40.761436,-73.972889,2012-05-04 11:23:34,2012-04-30,train,432_4
432,2309,197,Sandwich Place,40.77405405618532,-73.91775369644165,2012-05-04 19:50:21,2012-04-30,train,432_4
432,1842,225,Athletic & Sport,40.77131186284329,-73.91743183135986,2012-05-05 08:36:32,2012-04-30,train,432_4
432,789,141,Bagel Shop,40.77464642864513,-73.90869251819866,2012-05-05 09:42:05,2012-04-30,train,432_4
432,1453,42,Food & Drink Shop,40.711608,-73.85917,2012-05-05 13:23:33,2012-04-30,train,432_4
432,4901,194,Mexican Restaurant,40.759220487652186,-73.98880004882812,2012-05-05 16:46:44,2012-04-30,train,432_4
432,2309,197,Sandwich Place,40.77405405618532,-73.91775369644165,2012-05-06 14:08:58,2012-04-30,train,432_4
432,1842,225,Athletic & Sport,40.77131186284329,-73.91743183135986,2012-05-06 18:22:30,2012-04-30,train,432_4
434,406,147,Movie Theater,40.73416736029532,-73.99048715829849,2012-05-03 22:22:48,2012-04-30,train,434_4
434,403,53,Bar,40.72931421039228,-73.98930154388093,2012-05-04 03:26:34,2012-04-30,train,434_4
435,63,41,Bar,40.7843169021422,-73.97760519192389,2012-05-03 18:57:38,2012-04-30,train,435_3
435,2752,42,Food & Drink Shop,40.778504,-73.982092,2012-05-04 15:08:28,2012-04-30,train,435_3
435,21,47,Bar,40.72306684493416,-73.98850382710332,2012-05-05 00:59:11,2012-04-30,train,435_3
435,1428,97,Diner,40.86570727344252,-73.92755194146655,2012-05-06 12:30:04,2012-04-30,train,435_3
435,1467,42,Food & Drink Shop,40.80089548857825,-73.95909503680168,2012-05-06 21:53:41,2012-04-30,train,435_3
436,995,163,Medical Center,40.773643750011495,-73.96081924438477,2012-05-01 20:00:26,2012-04-30,train,436_1
436,4595,131,Café,40.72198994979771,-73.9977478981018,2012-05-04 19:39:49,2012-04-30,train,436_1
436,3753,27,Italian Restaurant,40.723019825,-73.995854,2012-05-06 19:27:49,2012-04-30,train,436_1
437,225,121,Park,40.72651075083395,-73.98171901702881,2012-05-02 07:33:52,2012-04-30,train,437_4
437,556,59,Bar,40.73964987755085,-74.00695376497427,2012-05-03 20:17:55,2012-04-30,train,437_4
437,2641,37,Bar,40.71406101907229,-73.95600122824496,2012-05-03 20:46:33,2012-04-30,train,437_4
437,169,37,Bar,40.71501300319713,-73.95146369934082,2012-05-04 00:10:48,2012-04-30,train,437_4
437,3611,41,Bar,40.7131772314664,-73.95817665724722,2012-05-04 02:15:14,2012-04-30,train,437_4
437,698,222,Coffee Shop,40.72686036833717,-73.9802598953247,2012-05-04 08:47:37,2012-04-30,train,437_4
437,0,235,Music Venue,40.73359624463056,-74.00313913822174,2012-05-04 19:30:08,2012-04-30,train,437_4
437,30,310,Concert Hall,40.780519780441466,-73.9812840525862,2012-05-04 21:31:02,2012-04-30,train,437_4
437,1235,137,Gym / Fitness Center,40.738949,-73.989828,2012-05-05 09:38:56,2012-04-30,train,437_4
437,4901,194,Mexican Restaurant,40.759220487652186,-73.98880004882812,2012-05-05 19:38:59,2012-04-30,train,437_4
437,669,137,Gym / Fitness Center,40.73757,-74.0017,2012-05-06 15:36:15,2012-04-30,train,437_4
439,3012,257,Road,40.77748265426145,-74.05815124511719,2012-05-02 04:23:18,2012-04-30,train,439_4
439,2568,135,Post Office,40.78143609348328,-74.05677403485737,2012-05-02 04:23:49,2012-04-30,train,439_4
439,4019,135,Post Office,40.78037233277859,-74.06323370518957,2012-05-03 09:19:25,2012-04-30,train,439_4
439,1501,254,Department Store,40.824648526250215,-74.13560271263123,2012-05-03 09:40:21,2012-04-30,train,439_4
439,3012,257,Road,40.77748265426145,-74.05815124511719,2012-05-04 04:21:51,2012-04-30,train,439_4
439,2568,135,Post Office,40.78143609348328,-74.05677403485737,2012-05-04 04:25:33,2012-04-30,train,439_4
439,4019,135,Post Office,40.78037233277859,-74.06323370518957,2012-05-04 09:08:42,2012-04-30,train,439_4
439,1127,254,Department Store,40.7926289275032,-74.04188632965088,2012-05-04 09:19:45,2012-04-30,train,439_4
439,4898,245,General Entertainment,40.95799336338653,-74.10746446325602,2012-05-04 20:23:10,2012-04-30,train,439_4
440,1145,71,Train Station,40.707149,-73.99057,2012-05-01 22:11:47,2012-04-30,train,440_3
440,1403,264,Subway,40.74137193935539,-73.98931503295898,2012-05-03 10:15:47,2012-04-30,train,440_3
440,1145,71,Train Station,40.707149,-73.99057,2012-05-03 18:41:48,2012-04-30,train,440_3
440,2140,264,Subway,40.66161146080779,-73.96224590222664,2012-05-03 18:58:40,2012-04-30,train,440_3
440,1145,71,Train Station,40.707149,-73.99057,2012-05-04 09:40:19,2012-04-30,train,440_3
440,1145,71,Train Station,40.707149,-73.99057,2012-05-04 18:43:19,2012-04-30,train,440_3
440,2232,264,Subway,40.65526229575358,-73.9615085721016,2012-05-04 19:02:29,2012-04-30,train,440_3
441,2958,61,Office,40.75098826258705,-74.0058864142103,2012-05-03 07:44:43,2012-04-30,train,441_4
441,517,194,Mexican Restaurant,40.7396210161324,-73.99597921593858,2012-05-03 18:19:37,2012-04-30,train,441_4
441,2958,61,Office,40.75098826258705,-74.0058864142103,2012-05-04 12:38:33,2012-04-30,train,441_4
441,413,27,Italian Restaurant,40.743042,-73.996272,2012-05-06 12:55:52,2012-04-30,train,441_4
442,800,37,Bar,40.74017876390845,-74.00560522941583,2012-05-03 21:25:47,2012-04-30,train,442_3
442,3882,55,Bar,40.74079314994195,-74.00532404420811,2012-05-03 23:08:08,2012-04-30,train,442_3
442,16,238,Music Venue,40.721100383119634,-73.98792418909154,2012-05-04 01:07:43,2012-04-30,train,442_3
442,0,235,Music Venue,40.73359624463056,-74.00313913822174,2012-05-04 18:46:10,2012-04-30,train,442_3
442,274,37,Bar,40.70443641202592,-74.01012361049652,2012-05-05 00:27:52,2012-04-30,train,442_3
442,1184,21,French Restaurant,40.723202989983456,-73.98260980258654,2012-05-05 01:34:57,2012-04-30,train,442_3
442,159,17,Eastern European Restaurant,40.72915518010633,-73.98702890317843,2012-05-05 02:52:02,2012-04-30,train,442_3
444,4471,58,Electronics Store,40.75281239893301,-73.97717474340911,2012-05-03 07:38:32,2012-04-30,train,444_4
444,1089,196,Restaurant,40.75527487548953,-73.97880613803864,2012-05-03 07:46:10,2012-04-30,train,444_4
444,192,121,Park,40.73528249691621,-73.99040315158283,2012-05-03 09:52:29,2012-04-30,train,444_4
444,828,284,Historic Site,40.74130690856319,-73.98935794830322,2012-05-03 10:04:24,2012-04-30,train,444_4
444,1603,150,Stadium,40.75044987008408,-73.99221103886612,2012-05-03 10:25:11,2012-04-30,train,444_4
444,3863,63,Office,40.753055716666665,-73.99147780000001,2012-05-03 10:29:32,2012-04-30,train,444_4
444,3863,63,Office,40.753055716666665,-73.99147780000001,2012-05-03 13:02:50,2012-04-30,train,444_4
445,3626,23,German Restaurant,40.75274100802376,-73.97330797224723,2012-05-01 20:30:17,2012-04-30,train,445_3
445,629,102,American Restaurant,40.68641858925556,-73.9853024482727,2012-05-03 14:32:13,2012-04-30,train,445_3
445,578,232,Music Venue,40.72575883745156,-73.99211361254487,2012-05-03 22:56:50,2012-04-30,train,445_3
445,1859,70,Train Station,40.74683429891953,-73.89155387878418,2012-05-05 15:31:18,2012-04-30,train,445_3
446,2234,35,Bookstore,40.93189250626306,-74.13226836771899,2012-05-01 16:22:20,2012-04-30,train,446_4
446,4654,238,Music Venue,40.96236366896308,-74.09231669788183,2012-05-01 19:51:45,2012-04-30,train,446_4
446,3722,224,Arcade,40.962451,-74.092604,2012-05-01 21:58:10,2012-04-30,train,446_4
446,3722,224,Arcade,40.962451,-74.092604,2012-05-03 10:37:05,2012-04-30,train,446_4
446,4368,282,Convenience Store,40.931104098208365,-74.13194417953491,2012-05-03 15:54:27,2012-04-30,train,446_4
446,2372,222,Coffee Shop,40.93142418321266,-74.13221102144131,2012-05-03 18:26:41,2012-04-30,train,446_4
446,2234,35,Bookstore,40.93189250626306,-74.13226836771899,2012-05-03 19:34:49,2012-04-30,train,446_4
446,1843,147,Movie Theater,40.91532869189857,-74.07670140266418,2012-05-03 22:29:12,2012-04-30,train,446_4
446,2234,35,Bookstore,40.93189250626306,-74.13226836771899,2012-05-04 13:56:19,2012-04-30,train,446_4
446,3722,224,Arcade,40.962451,-74.092604,2012-05-04 21:31:15,2012-04-30,train,446_4
446,3722,224,Arcade,40.962451,-74.092604,2012-05-05 01:46:48,2012-04-30,train,446_4
446,3722,224,Arcade,40.962451,-74.092604,2012-05-05 07:27:50,2012-04-30,train,446_4
446,2234,35,Bookstore,40.93189250626306,-74.13226836771899,2012-05-05 10:11:56,2012-04-30,train,446_4
446,3722,224,Arcade,40.962451,-74.092604,2012-05-06 18:28:27,2012-04-30,train,446_4
446,847,265,Mall,40.917335441802095,-74.0756607055664,2012-05-06 21:12:47,2012-04-30,train,446_4
448,989,194,Mexican Restaurant,40.72819472159206,-74.00538716745397,2012-05-03 20:48:39,2012-04-30,train,448_2
448,40,20,Falafel Restaurant,40.730178,-74.0003224,2012-05-03 23:19:35,2012-04-30,train,448_2
448,237,194,Mexican Restaurant,40.72686016559601,-73.99980166666667,2012-05-04 17:04:12,2012-04-30,train,448_2
448,2659,194,Mexican Restaurant,40.70962611336823,-74.00639139810971,2012-05-06 19:59:16,2012-04-30,train,448_2
449,3444,6,Home (private),40.61915106755737,-74.03588760058483,2012-05-01 19:51:18,2012-04-30,train,449_4
449,4816,45,Other Nightlife,40.621783,-74.031636,2012-05-01 22:21:20,2012-04-30,train,449_4
449,4504,80,Building,40.70646022457398,-74.0124281478333,2012-05-03 10:22:46,2012-04-30,train,449_4
449,4504,80,Building,40.70646022457398,-74.0124281478333,2012-05-04 09:40:22,2012-04-30,train,449_4
449,1393,97,Diner,40.61000618011367,-74.00673570454957,2012-05-04 21:21:21,2012-04-30,train,449_4
451,2139,221,Bridge,40.72784213324929,-73.929163813591,2012-05-01 12:10:28,2012-04-30,train,451_3
451,3121,257,Road,40.78684822470861,-73.7891039524069,2012-05-04 11:59:24,2012-04-30,train,451_3
451,2150,257,Road,40.81780414338999,-73.80359888076782,2012-05-04 12:00:35,2012-04-30,train,451_3
451,190,157,Stadium,40.82827721161922,-73.92655344439045,2012-05-04 12:54:23,2012-04-30,train,451_3
451,2557,221,Bridge,40.79981701959628,-73.79351377487183,2012-05-05 12:44:09,2012-04-30,train,451_3
452,3750,64,Government Building,40.75052331906269,-73.93994017936863,2012-05-04 02:32:44,2012-04-30,train,452_0
452,3157,19,Bank,40.78087427332963,-73.80279342651635,2012-05-04 13:04:45,2012-04-30,train,452_0
452,4877,281,Residential Building (Apartment / Condo),40.706889,-73.818512,2012-05-05 04:23:00,2012-04-30,train,452_0
453,653,58,Electronics Store,40.74107414663219,-74.0051408163161,2012-05-03 13:57:14,2012-04-30,train,453_4
453,4783,48,Bar,40.7416219021172,-73.98123239980367,2012-05-03 18:26:45,2012-04-30,train,453_4
453,1862,138,Gym / Fitness Center,40.74559724955812,-73.99836888270403,2012-05-04 17:22:56,2012-04-30,train,453_4
453,1414,214,Bar,40.76171380095544,-73.99395004329756,2012-05-05 02:00:17,2012-04-30,train,453_4
453,323,110,American Restaurant,40.76526384874912,-73.98754541479173,2012-05-06 13:53:15,2012-04-30,train,453_4
453,4681,254,Department Store,40.751239605596666,-73.99161432989371,2012-05-06 16:36:23,2012-04-30,train,453_4
453,1457,132,Fast Food Restaurant,40.75172001339673,-73.99286540351027,2012-05-06 16:39:40,2012-04-30,train,453_4
453,233,147,Movie Theater,40.757031390907855,-73.98902607371383,2012-05-06 19:08:05,2012-04-30,train,453_4
454,1979,165,College Academic Building,40.74650915599765,-73.97893670656329,2012-05-01 13:04:07,2012-04-30,train,454_3
454,1979,165,College Academic Building,40.74650915599765,-73.97893670656329,2012-05-01 13:04:29,2012-04-30,train,454_3
454,1979,165,College Academic Building,40.74650915599765,-73.97893670656329,2012-05-01 13:05:13,2012-04-30,train,454_3
454,4564,174,College Academic Building,40.7435523173049,-73.98197849420325,2012-05-02 02:34:30,2012-04-30,train,454_3
454,3933,174,College Academic Building,40.74400893580496,-73.9814791851949,2012-05-02 02:34:42,2012-04-30,train,454_3
454,1982,165,College Academic Building,40.74587804688795,-73.98024525507012,2012-05-03 10:40:33,2012-04-30,train,454_3
454,1967,183,University,40.74556629114773,-73.98013114929199,2012-05-03 10:40:43,2012-04-30,train,454_3
454,3347,178,General College & University,40.74490185896127,-73.98076752413631,2012-05-03 10:40:58,2012-04-30,train,454_3
454,1979,165,College Academic Building,40.74662536519672,-73.97956228568869,2012-05-03 13:42:14,2012-04-30,train,454_3
454,1979,165,College Academic Building,40.74662536519672,-73.97956228568869,2012-05-03 15:30:24,2012-04-30,train,454_3
454,1979,165,College Academic Building,40.74662536519672,-73.97956228568869,2012-05-03 15:30:38,2012-04-30,train,454_3
454,1967,183,University,40.74556629114773,-73.98013114929199,2012-05-03 19:12:20,2012-04-30,train,454_3
454,1982,165,College Academic Building,40.74587804688795,-73.98024525507012,2012-05-03 19:12:27,2012-04-30,train,454_3
454,3347,178,General College & University,40.74490185896127,-73.98076752413631,2012-05-03 19:12:35,2012-04-30,train,454_3
454,3933,174,College Academic Building,40.74400893580496,-73.9814791851949,2012-05-03 22:10:32,2012-04-30,train,454_3
454,1979,165,College Academic Building,40.74659491542833,-73.9796426351536,2012-05-06 14:52:45,2012-04-30,train,454_3
454,1979,165,College Academic Building,40.74659491542833,-73.9796426351536,2012-05-06 14:53:15,2012-04-30,train,454_3
454,1979,165,College Academic Building,40.74659491542833,-73.9796426351536,2012-05-06 14:53:51,2012-04-30,train,454_3
454,4564,174,College Academic Building,40.7435523173049,-73.98197849420325,2012-05-06 15:19:34,2012-04-30,train,454_3
454,3933,174,College Academic Building,40.74400893580496,-73.9814791851949,2012-05-06 15:19:49,2012-04-30,train,454_3
454,1979,165,College Academic Building,40.74659491542833,-73.9796426351536,2012-05-06 18:30:03,2012-04-30,train,454_3
454,1979,165,College Academic Building,40.74659491542833,-73.9796426351536,2012-05-06 18:30:42,2012-04-30,train,454_3
454,1979,165,College Academic Building,40.74659491542833,-73.9796426351536,2012-05-06 18:30:54,2012-04-30,train,454_3
454,1982,165,College Academic Building,40.74587804688795,-73.98024525507012,2012-05-06 22:39:44,2012-04-30,train,454_3
454,4564,174,College Academic Building,40.7435523173049,-73.98197849420325,2012-05-06 23:19:33,2012-04-30,train,454_3
454,3933,174,College Academic Building,40.74400893580496,-73.9814791851949,2012-05-06 23:19:42,2012-04-30,train,454_3
457,425,35,Bookstore,40.73673498897392,-73.98976065994738,2012-05-01 13:47:43,2012-04-30,train,457_2
457,122,97,Diner,40.74088420686416,-73.98983001708984,2012-05-01 13:54:29,2012-04-30,train,457_2
457,349,70,Train Station,40.75280620914171,-73.97717535495758,2012-05-01 19:50:45,2012-04-30,train,457_2
457,726,70,Train Station,40.805144639820114,-73.93914699554443,2012-05-01 20:05:52,2012-04-30,train,457_2
457,726,70,Train Station,40.805144639820114,-73.93914699554443,2012-05-03 08:00:22,2012-04-30,train,457_2
457,1362,222,Coffee Shop,40.743644,-73.992241,2012-05-03 11:23:41,2012-04-30,train,457_2
457,528,42,Food & Drink Shop,40.74481848035928,-73.99515151977539,2012-05-03 14:50:42,2012-04-30,train,457_2
457,349,70,Train Station,40.75280620914171,-73.97717535495758,2012-05-03 19:44:31,2012-04-30,train,457_2
458,2593,273,Tanning Salon,40.74434648174866,-73.99543065278503,2012-05-01 14:08:07,2012-04-30,train,458_4
458,962,138,Gym / Fitness Center,40.74897024850466,-73.98947371253458,2012-05-03 12:42:15,2012-04-30,train,458_4
458,2593,273,Tanning Salon,40.74434648174866,-73.99543065278503,2012-05-05 09:37:31,2012-04-30,train,458_4
458,4901,194,Mexican Restaurant,40.759220487652186,-73.98880004882812,2012-05-05 09:38:32,2012-04-30,train,458_4
460,1555,222,Coffee Shop,40.80780016884344,-73.94511222839355,2012-05-03 08:36:41,2012-04-30,train,460_4
460,799,96,Deli / Bodega,40.75271883902363,-73.98321568965912,2012-05-03 13:28:48,2012-04-30,train,460_4
460,2916,61,Office,40.75141159824277,-73.97994107572931,2012-05-03 13:29:44,2012-04-30,train,460_4
460,2202,61,Office,40.75136273389425,-73.97971150609682,2012-05-03 13:29:58,2012-04-30,train,460_4
460,179,121,Park,40.75372797263211,-73.98368835767094,2012-05-04 14:09:25,2012-04-30,train,460_4
460,2161,130,Burger Joint,40.787028248624566,-73.9775822346941,2012-05-04 19:10:37,2012-04-30,train,460_4
461,4075,96,Deli / Bodega,40.78969237045133,-73.84696900073686,2012-05-01 12:27:11,2012-04-30,train,461_4
461,4672,300,Moving Target,40.78982,-73.84712,2012-05-01 14:21:44,2012-04-30,train,461_4
461,2097,146,Movie Theater,40.7715858,-73.8364432,2012-05-01 14:28:37,2012-04-30,train,461_4
461,3253,6,Home (private),40.79012656060537,-73.84778739924586,2012-05-02 00:15:58,2012-04-30,train,461_4
461,4461,6,Home (private),40.79012656060537,-73.84778739924586,2012-05-02 00:16:17,2012-04-30,train,461_4
461,4253,6,Home (private),40.79012656060537,-73.84778739924586,2012-05-02 00:16:34,2012-04-30,train,461_4
461,4672,300,Moving Target,40.78982,-73.84712,2012-05-03 11:35:43,2012-04-30,train,461_4
461,2259,265,Mall,40.77947345646828,-73.77699921530112,2012-05-03 11:53:20,2012-04-30,train,461_4
461,878,35,Bookstore,40.78011897959241,-73.77649784088135,2012-05-03 12:39:53,2012-04-30,train,461_4
461,1290,42,Food & Drink Shop,40.7828595918456,-73.83525835122813,2012-05-03 13:36:17,2012-04-30,train,461_4
461,3986,6,Home (private),40.79012656060537,-73.84778739924586,2012-05-03 14:05:20,2012-04-30,train,461_4
461,3253,6,Home (private),40.79012656060537,-73.84778739924586,2012-05-03 17:59:10,2012-04-30,train,461_4
461,4075,96,Deli / Bodega,40.78969237045133,-73.84696900073686,2012-05-04 10:55:15,2012-04-30,train,461_4
461,4587,121,Park,40.78910466177326,-73.84665886988778,2012-05-04 11:34:22,2012-04-30,train,461_4
461,3986,6,Home (private),40.79012656060537,-73.84778739924586,2012-05-04 11:36:39,2012-04-30,train,461_4
461,3253,6,Home (private),40.79012656060537,-73.84778739924586,2012-05-04 13:24:24,2012-04-30,train,461_4
461,1290,42,Food & Drink Shop,40.7828595918456,-73.83525835122813,2012-05-04 16:33:04,2012-04-30,train,461_4
461,3253,6,Home (private),40.79012656060537,-73.84778739924586,2012-05-04 17:31:51,2012-04-30,train,461_4
461,4253,6,Home (private),40.79012656060537,-73.84778739924586,2012-05-05 00:30:32,2012-04-30,train,461_4
461,3253,6,Home (private),40.79012656060537,-73.84778739924586,2012-05-05 20:27:13,2012-04-30,train,461_4
461,4901,194,Mexican Restaurant,40.759220487652186,-73.98880004882812,2012-05-05 20:36:15,2012-04-30,train,461_4
461,4461,6,Home (private),40.79012656060537,-73.84778739924586,2012-05-06 18:00:08,2012-04-30,train,461_4
462,2436,265,Mall,40.660555887861165,-74.17174136107501,2012-05-03 15:38:26,2012-04-30,train,462_1
462,2408,8,Medical Center,40.78514255985002,-74.17647256809244,2012-05-04 08:11:21,2012-04-30,train,462_1
463,1645,70,Train Station,40.73606359173575,-74.02938723564148,2012-05-01 19:18:28,2012-04-30,train,463_4
463,701,37,Bar,40.72798919362575,-74.05002155084561,2012-05-01 23:35:07,2012-04-30,train,463_4
463,2433,6,Home (private),40.72966216538398,-74.04763775758458,2012-05-02 00:35:17,2012-04-30,train,463_4
463,2433,6,Home (private),40.72966216538398,-74.04763775758458,2012-05-03 06:35:04,2012-04-30,train,463_4
463,1521,70,Train Station,40.71948548899754,-74.0427017211914,2012-05-03 08:20:17,2012-04-30,train,463_4
463,1386,264,Subway,40.7429651739036,-73.99287700653076,2012-05-03 08:21:06,2012-04-30,train,463_4
463,1797,264,Subway,40.74803725830298,-73.94687175750732,2012-05-03 09:21:35,2012-04-30,train,463_4
463,1569,61,Office,40.74722445029306,-73.9438247680664,2012-05-03 09:22:08,2012-04-30,train,463_4
463,2705,67,Office,40.74686681162143,-73.94427537918091,2012-05-03 13:21:31,2012-04-30,train,463_4
463,1118,54,Food & Drink Shop,40.746858397620215,-73.94391251429022,2012-05-03 16:32:44,2012-04-30,train,463_4
463,1569,61,Office,40.74722445029306,-73.9438247680664,2012-05-03 16:35:38,2012-04-30,train,463_4
463,1797,264,Subway,40.74803725830298,-73.94687175750732,2012-05-03 17:21:45,2012-04-30,train,463_4
463,1521,70,Train Station,40.71948548899754,-74.0427017211914,2012-05-03 18:20:33,2012-04-30,train,463_4
463,2433,6,Home (private),40.72966216538398,-74.04763775758458,2012-05-04 06:52:20,2012-04-30,train,463_4
463,1521,70,Train Station,40.71948548899754,-74.0427017211914,2012-05-04 08:03:54,2012-04-30,train,463_4
463,1386,264,Subway,40.7429651739036,-73.99287700653076,2012-05-04 08:05:43,2012-04-30,train,463_4
463,1797,264,Subway,40.74803725830298,-73.94687175750732,2012-05-04 09:18:21,2012-04-30,train,463_4
463,1569,61,Office,40.74722445029306,-73.9438247680664,2012-05-04 09:20:13,2012-04-30,train,463_4
463,2705,67,Office,40.74686681162143,-73.94427537918091,2012-05-04 16:11:41,2012-04-30,train,463_4
463,1118,54,Food & Drink Shop,40.746858397620215,-73.94391251429022,2012-05-04 16:11:59,2012-04-30,train,463_4
463,1569,61,Office,40.74722445029306,-73.9438247680664,2012-05-04 17:22:48,2012-04-30,train,463_4
463,1521,70,Train Station,40.71948548899754,-74.0427017211914,2012-05-04 18:34:39,2012-04-30,train,463_4
463,935,214,Bar,40.718889,-74.043618,2012-05-04 19:09:23,2012-04-30,train,463_4
463,2459,81,Taxi,40.7213294506073,-74.04318456,2012-05-04 21:18:11,2012-04-30,train,463_4
463,2433,6,Home (private),40.72966216538398,-74.04763775758458,2012-05-05 01:07:19,2012-04-30,train,463_4
463,2433,6,Home (private),40.72966216538398,-74.04763775758458,2012-05-05 11:22:39,2012-04-30,train,463_4
463,1790,138,Gym / Fitness Center,40.72721803205818,-74.05188610954036,2012-05-06 14:08:52,2012-04-30,train,463_4
463,4041,39,Beer Garden,40.7551842861191,-74.03163889097506,2012-05-06 18:45:04,2012-04-30,train,463_4
463,701,37,Bar,40.72798919362575,-74.05002155084561,2012-05-06 21:40:37,2012-04-30,train,463_4
465,8,39,Beer Garden,40.77300701660423,-73.9158862978038,2012-05-01 20:55:33,2012-04-30,train,465_1
465,731,147,Movie Theater,40.774908970649975,-73.9820531034839,2012-05-03 10:20:03,2012-04-30,train,465_1
465,15,37,Bar,40.73233045525843,-74.0016399059716,2012-05-03 17:04:48,2012-04-30,train,465_1
465,11,37,Bar,40.72988845526377,-74.00061269591029,2012-05-04 17:08:27,2012-04-30,train,465_1
465,15,37,Bar,40.73233045525843,-74.0016399059716,2012-05-05 15:15:34,2012-04-30,train,465_1
465,4901,194,Mexican Restaurant,40.759220487652186,-73.98880004882812,2012-05-05 15:15:55,2012-04-30,train,465_1
465,15,37,Bar,40.73233045525843,-74.0016399059716,2012-05-06 13:49:42,2012-04-30,train,465_1
465,1603,232,Music Venue,40.75044987008408,-73.99221103886612,2012-05-06 15:41:11,2012-04-30,train,465_1
466,4156,214,Bar,40.91142073810325,-73.98678302764893,2012-05-02 05:42:12,2012-04-30,train,466_4
466,2851,96,Deli / Bodega,40.65570343098834,-74.00666684331117,2012-05-02 07:37:39,2012-04-30,train,466_4
466,3400,120,Other Great Outdoors,40.65519394925861,-74.00679308889596,2012-05-02 07:44:18,2012-04-30,train,466_4
466,4156,214,Bar,40.91142073810325,-73.98678302764893,2012-05-03 07:09:49,2012-04-30,train,466_4
466,3952,61,Office,40.91141476666667,-73.9868099,2012-05-03 07:43:23,2012-04-30,train,466_4
466,2490,80,Building,40.91036248239941,-73.99783518413365,2012-05-03 09:42:30,2012-04-30,train,466_4
466,3400,120,Other Great Outdoors,40.65519394925861,-74.00679308889596,2012-05-03 14:29:47,2012-04-30,train,466_4
466,4754,213,Bar,40.91142654418945,-73.9869384765625,2012-05-03 15:04:19,2012-04-30,train,466_4
466,3952,61,Office,40.91141476666667,-73.9868099,2012-05-03 19:54:16,2012-04-30,train,466_4
466,4156,214,Bar,40.91142073810325,-73.98678302764893,2012-05-04 06:04:35,2012-04-30,train,466_4
466,2490,80,Building,40.91036248239941,-73.99783518413365,2012-05-04 06:46:37,2012-04-30,train,466_4
466,2490,80,Building,40.91036248239941,-73.99783518413365,2012-05-04 08:14:14,2012-04-30,train,466_4
466,2851,96,Deli / Bodega,40.65570343098834,-74.00666684331117,2012-05-04 10:03:39,2012-04-30,train,466_4
466,4900,136,Office,40.91147606446024,-73.98685099330098,2012-05-04 16:56:46,2012-04-30,train,466_4
466,4100,139,Medical Center,40.87857912841788,-74.04712736606598,2012-05-04 19:03:28,2012-04-30,train,466_4
466,2164,254,Department Store,40.89833308654691,-74.03883934020996,2012-05-04 20:19:05,2012-04-30,train,466_4
466,2490,80,Building,40.91036248239941,-73.99783518413365,2012-05-04 22:35:50,2012-04-30,train,466_4
466,3509,73,Bus Station,40.91180260727112,-73.99780649062002,2012-05-04 22:36:06,2012-04-30,train,466_4
466,4156,214,Bar,40.91142073810325,-73.98678302764893,2012-05-05 07:56:16,2012-04-30,train,466_4
466,3952,61,Office,40.91141476666667,-73.9868099,2012-05-05 12:40:06,2012-04-30,train,466_4
466,4100,139,Medical Center,40.87857912841788,-74.04712736606598,2012-05-05 12:56:53,2012-04-30,train,466_4
466,3811,301,Neighborhood,40.86251125655752,-74.04789447784424,2012-05-05 14:13:29,2012-04-30,train,466_4
466,2490,80,Building,40.91036248239941,-73.99783518413365,2012-05-05 14:27:00,2012-04-30,train,466_4
466,4754,213,Bar,40.91142654418945,-73.9869384765625,2012-05-06 21:03:17,2012-04-30,train,466_4
468,3948,96,Deli / Bodega,40.82723996688574,-73.94570922281969,2012-05-01 12:05:54,2012-04-30,train,468_4
468,2439,96,Deli / Bodega,40.826860912891306,-73.94619714398068,2012-05-01 13:29:17,2012-04-30,train,468_4
468,1917,264,Subway,40.82650767315227,-73.95039081573486,2012-05-01 16:06:25,2012-04-30,train,468_4
468,1913,264,Subway,40.69147464622913,-73.98738384246826,2012-05-01 16:52:46,2012-04-30,train,468_4
468,3868,96,Deli / Bodega,40.82709357391867,-73.9464324937478,2012-05-02 01:27:18,2012-04-30,train,468_4
468,3801,96,Deli / Bodega,40.8284424230666,-73.94511223525481,2012-05-02 01:40:03,2012-04-30,train,468_4
468,4288,224,Arcade,40.8276361255471,-73.94684493541718,2012-05-02 02:32:36,2012-04-30,train,468_4
468,4477,146,Movie Theater,40.82710106296194,-73.94621436470506,2012-05-02 02:52:50,2012-04-30,train,468_4
468,3948,96,Deli / Bodega,40.82723996688574,-73.94570922281969,2012-05-03 09:16:22,2012-04-30,train,468_4
468,2439,96,Deli / Bodega,40.826860912891306,-73.94619714398068,2012-05-03 09:36:44,2012-04-30,train,468_4
468,1917,264,Subway,40.82650767315227,-73.95039081573486,2012-05-03 09:42:03,2012-04-30,train,468_4
468,4535,130,Burger Joint,40.69211070019279,-73.98889981642176,2012-05-03 15:57:13,2012-04-30,train,468_4
468,1145,71,Train Station,40.707149,-73.99057,2012-05-03 18:48:10,2012-04-30,train,468_4
468,634,66,Arts & Crafts Store,40.719810375488535,-74.00258103213994,2012-05-03 19:06:56,2012-04-30,train,468_4
468,3868,96,Deli / Bodega,40.82709357391867,-73.9464324937478,2012-05-03 20:38:27,2012-04-30,train,468_4
468,4288,224,Arcade,40.8276361255471,-73.94684493541718,2012-05-04 00:17:43,2012-04-30,train,468_4
468,4477,146,Movie Theater,40.82710106296194,-73.94621436470506,2012-05-04 00:35:49,2012-04-30,train,468_4
468,3948,96,Deli / Bodega,40.82723996688574,-73.94570922281969,2012-05-04 09:24:43,2012-04-30,train,468_4
468,2439,96,Deli / Bodega,40.826860912891306,-73.94619714398068,2012-05-04 09:40:46,2012-04-30,train,468_4
468,1917,264,Subway,40.82650767315227,-73.95039081573486,2012-05-04 09:42:44,2012-04-30,train,468_4
468,1913,264,Subway,40.69147464622913,-73.98738384246826,2012-05-04 10:26:12,2012-04-30,train,468_4
468,4535,130,Burger Joint,40.69211070019279,-73.98889981642176,2012-05-04 11:11:31,2012-04-30,train,468_4
468,702,157,Stadium,40.75645736467708,-73.8460636138916,2012-05-05 00:02:54,2012-04-30,train,468_4
468,3868,96,Deli / Bodega,40.82709357391867,-73.9464324937478,2012-05-05 01:02:14,2012-04-30,train,468_4
468,3801,96,Deli / Bodega,40.8284424230666,-73.94511223525481,2012-05-05 01:19:51,2012-04-30,train,468_4
468,4288,224,Arcade,40.8276361255471,-73.94684493541718,2012-05-05 01:58:45,2012-04-30,train,468_4
468,4477,146,Movie Theater,40.82710106296194,-73.94621436470506,2012-05-05 03:41:29,2012-04-30,train,468_4
468,1917,264,Subway,40.82650767315227,-73.95039081573486,2012-05-05 12:36:14,2012-04-30,train,468_4
468,702,157,Stadium,40.75645736467708,-73.8460636138916,2012-05-05 13:32:42,2012-04-30,train,468_4
468,702,157,Stadium,40.75645736467708,-73.8460636138916,2012-05-06 12:33:35,2012-04-30,train,468_4
468,3826,28,Salon / Barbershop,40.825409,-73.947929,2012-05-06 19:37:23,2012-04-30,train,468_4
468,3801,96,Deli / Bodega,40.8284424230666,-73.94511223525481,2012-05-06 20:09:32,2012-04-30,train,468_4
468,4288,224,Arcade,40.8276361255471,-73.94684493541718,2012-05-06 20:36:58,2012-04-30,train,468_4
469,2201,262,Light Rail,40.710277939678456,-74.05594646930695,2012-05-03 08:34:12,2012-04-30,train,469_2
469,3361,61,Office,40.72814632902986,-74.00120951136526,2012-05-03 12:33:55,2012-04-30,train,469_2
469,2201,262,Light Rail,40.710277939678456,-74.05594646930695,2012-05-04 08:34:15,2012-04-30,train,469_2
469,3361,61,Office,40.72814632902986,-74.00120951136526,2012-05-04 09:20:35,2012-04-30,train,469_2
470,1643,42,Food & Drink Shop,40.83162208784265,-74.13679361343384,2012-05-01 20:19:28,2012-04-30,train,470_0
470,720,146,Movie Theater,40.828585959081536,-74.14026975631714,2012-05-04 23:11:17,2012-04-30,train,470_0
471,2976,26,Drugstore / Pharmacy,40.78125960819895,-74.02147143878837,2012-05-03 08:07:14,2012-04-30,train,471_4
471,3925,6,Home (private),40.77408299729016,-74.01238511084367,2012-05-03 08:08:33,2012-04-30,train,471_4
471,4688,73,Bus Station,40.75674954491958,-73.99741625840794,2012-05-03 08:36:35,2012-04-30,train,471_4
471,1858,264,Subway,40.746639222374434,-73.94554138183594,2012-05-03 08:56:47,2012-04-30,train,471_4
471,2978,301,Neighborhood,40.745306184001095,-73.94837379455566,2012-05-03 08:58:04,2012-04-30,train,471_4
471,3536,276,College & University,40.74467151923719,-73.93426855422129,2012-05-03 11:27:42,2012-04-30,train,471_4
471,1280,259,Hotel,40.76537005568367,-73.97605687379837,2012-05-03 13:10:13,2012-04-30,train,471_4
471,2165,26,Drugstore / Pharmacy,40.75616479199092,-73.99060249328613,2012-05-03 23:49:37,2012-04-30,train,471_4
471,4181,266,Bus Station,40.756730898451856,-73.9900074343792,2012-05-03 23:49:52,2012-04-30,train,471_4
471,4688,73,Bus Station,40.75674954491958,-73.99741625840794,2012-05-04 00:01:23,2012-04-30,train,471_4
471,2976,26,Drugstore / Pharmacy,40.78125960819895,-74.02147143878837,2012-05-04 00:12:02,2012-04-30,train,471_4
471,2316,19,Bank,40.78270514781954,-74.02119027693179,2012-05-05 06:34:32,2012-04-30,train,471_4
471,4619,120,Other Great Outdoors,40.78214848000715,-74.02146570079545,2012-05-05 06:35:07,2012-04-30,train,471_4
471,2976,26,Drugstore / Pharmacy,40.78125960819895,-74.02147143878837,2012-05-05 07:16:07,2012-04-30,train,471_4
471,512,147,Movie Theater,40.75248097148231,-73.99438619301681,2012-05-05 13:44:30,2012-04-30,train,471_4
471,3610,73,Bus Station,40.75829522643969,-73.99436897659933,2012-05-05 17:00:11,2012-04-30,train,471_4
471,2976,26,Drugstore / Pharmacy,40.78125960819895,-74.02147143878837,2012-05-05 18:45:00,2012-04-30,train,471_4
471,3925,6,Home (private),40.77408299729016,-74.01238511084367,2012-05-05 18:45:26,2012-04-30,train,471_4
471,2976,26,Drugstore / Pharmacy,40.78125960819895,-74.02147143878837,2012-05-06 19:08:04,2012-04-30,train,471_4
472,200,202,Pizza Place,40.70251833922344,-73.9935024149225,2012-05-03 18:00:19,2012-04-30,train,472_4
472,2350,178,General College & University,40.70473327890426,-73.98773789405823,2012-05-05 18:35:00,2012-04-30,train,472_4
472,739,222,Coffee Shop,40.70234499714752,-73.99068489671282,2012-05-05 18:35:25,2012-04-30,train,472_4
473,102,206,Seafood Restaurant,40.73771556288177,-73.98822261680137,2012-05-03 13:39:32,2012-04-30,train,473_3
473,2898,42,Food & Drink Shop,40.74723001213214,-74.00054957108993,2012-05-05 12:43:04,2012-04-30,train,473_3
473,954,146,Movie Theater,40.74492342607472,-73.9980360386088,2012-05-05 17:52:29,2012-04-30,train,473_3
474,1475,241,Airport,40.773839,-73.87122,2012-05-01 18:48:28,2012-04-30,train,474_3
474,436,241,Airport,40.68968493541091,-74.17938709259033,2012-05-03 08:40:01,2012-04-30,train,474_3
474,1093,138,Gym / Fitness Center,40.800356,-73.94687168,2012-05-04 13:03:21,2012-04-30,train,474_3
474,1475,241,Airport,40.773839,-73.87122,2012-05-04 13:45:53,2012-04-30,train,474_3
474,405,241,Airport,40.645089355976346,-73.7845230102539,2012-05-05 00:21:35,2012-04-30,train,474_3
474,1093,138,Gym / Fitness Center,40.800356,-73.94687168,2012-05-06 12:30:39,2012-04-30,train,474_3
477,3629,170,College Academic Building,40.77111685811769,-73.98942232131958,2012-05-03 10:41:03,2012-04-30,train,477_4
477,3629,170,College Academic Building,40.77111685811769,-73.98942232131958,2012-05-04 08:49:14,2012-04-30,train,477_4
480,1881,26,Drugstore / Pharmacy,40.754877,-73.979882,2012-05-03 09:53:49,2012-04-30,train,480_4
480,1881,26,Drugstore / Pharmacy,40.754877,-73.979882,2012-05-04 09:56:17,2012-04-30,train,480_4
481,3571,7,Clothing Store,40.76883184270567,-73.96759558001601,2012-05-01 17:42:41,2012-04-30,train,481_4
481,597,55,Bar,40.749522986346776,-73.98322963061759,2012-05-03 20:37:36,2012-04-30,train,481_4
481,597,55,Bar,40.749522986346776,-73.98322963061759,2012-05-04 23:33:04,2012-04-30,train,481_4
481,725,202,Pizza Place,40.747788,-73.985107,2012-05-05 01:46:35,2012-04-30,train,481_4
481,913,147,Movie Theater,40.72690102141602,-74.03768062591553,2012-05-06 14:16:04,2012-04-30,train,481_4
482,4469,170,College Academic Building,40.69604841969268,-73.98802175204773,2012-05-01 12:44:05,2012-04-30,train,482_4
482,1020,260,Food & Drink Shop,40.69369648097237,-73.99020255812387,2012-05-01 15:14:15,2012-04-30,train,482_4
482,2418,140,Medical Center,40.76245410504188,-73.97216999131817,2012-05-01 15:50:35,2012-04-30,train,482_4
482,996,264,Subway,40.67837610578439,-73.90339851379395,2012-05-01 17:59:00,2012-04-30,train,482_4
482,2320,264,Subway,40.646098782777614,-73.9026689529419,2012-05-01 18:20:30,2012-04-30,train,482_4
482,4163,119,Other Great Outdoors,40.64055132565542,-73.88218864350694,2012-05-01 18:26:36,2012-04-30,train,482_4
482,3445,152,Food & Drink Shop,40.64951029783951,-73.88901591685598,2012-05-01 18:59:19,2012-04-30,train,482_4
482,3119,26,Drugstore / Pharmacy,40.63730038221779,-73.89276087284088,2012-05-01 19:08:57,2012-04-30,train,482_4
482,2405,80,Building,40.64256911101708,-73.88731055634743,2012-05-01 19:55:42,2012-04-30,train,482_4
482,2955,120,Other Great Outdoors,40.64142360524889,-73.90791169293334,2012-05-01 21:04:53,2012-04-30,train,482_4
482,4520,283,Rest Area,40.64244028555888,-73.8873737181129,2012-05-03 05:06:31,2012-04-30,train,482_4
482,4035,96,Deli / Bodega,40.64906765955578,-73.89617597185178,2012-05-03 06:10:21,2012-04-30,train,482_4
482,3510,70,Train Station,40.65059217489343,-73.89949321746826,2012-05-03 06:13:04,2012-04-30,train,482_4
482,996,264,Subway,40.67837610578439,-73.90339851379395,2012-05-03 06:22:37,2012-04-30,train,482_4
482,1899,264,Subway,40.76487640472523,-73.97264242172241,2012-05-03 07:02:56,2012-04-30,train,482_4
482,2418,140,Medical Center,40.76245410504188,-73.97216999131817,2012-05-03 07:09:31,2012-04-30,train,482_4
482,2882,140,Medical Center,40.76530401543906,-73.98024525507012,2012-05-03 18:10:35,2012-04-30,train,482_4
482,2040,264,Subway,40.76526206059751,-73.98003290350556,2012-05-03 18:26:06,2012-04-30,train,482_4
482,996,264,Subway,40.67837610578439,-73.90339851379395,2012-05-03 19:02:32,2012-04-30,train,482_4
482,3119,26,Drugstore / Pharmacy,40.63730038221779,-73.89276087284088,2012-05-03 19:31:34,2012-04-30,train,482_4
482,2405,80,Building,40.64256911101708,-73.88731055634743,2012-05-03 19:50:06,2012-04-30,train,482_4
482,3445,152,Food & Drink Shop,40.64951029783951,-73.88901591685598,2012-05-03 21:36:44,2012-04-30,train,482_4
482,4520,283,Rest Area,40.64244028555888,-73.8873737181129,2012-05-04 06:51:41,2012-04-30,train,482_4
482,2405,80,Building,40.64256911101708,-73.88731055634743,2012-05-04 09:20:31,2012-04-30,train,482_4
482,2955,120,Other Great Outdoors,40.64142360524889,-73.90791169293334,2012-05-04 23:41:22,2012-04-30,train,482_4
482,4520,283,Rest Area,40.64244028555888,-73.8873737181129,2012-05-05 08:14:10,2012-04-30,train,482_4
482,2405,80,Building,40.64256911101708,-73.88731055634743,2012-05-05 09:08:37,2012-04-30,train,482_4
482,4901,194,Mexican Restaurant,40.759220487652186,-73.98880004882812,2012-05-05 11:55:16,2012-04-30,train,482_4
482,2448,19,Bank,40.63855505,-73.895153,2012-05-05 14:56:27,2012-04-30,train,482_4
482,3329,121,Park,40.64397954922416,-73.88626551326792,2012-05-05 17:31:32,2012-04-30,train,482_4
482,4163,119,Other Great Outdoors,40.64055132565542,-73.88218864350694,2012-05-05 17:31:46,2012-04-30,train,482_4
482,3329,121,Park,40.64397954922416,-73.88626551326792,2012-05-06 15:29:14,2012-04-30,train,482_4
482,3119,26,Drugstore / Pharmacy,40.63730038221779,-73.89276087284088,2012-05-06 17:26:57,2012-04-30,train,482_4
482,2448,19,Bank,40.63855505,-73.895153,2012-05-06 17:58:05,2012-04-30,train,482_4
482,2955,120,Other Great Outdoors,40.64142360524889,-73.90791169293334,2012-05-06 19:57:02,2012-04-30,train,482_4
484,192,121,Park,40.73528249691621,-73.99040315158283,2012-05-01 14:33:05,2012-04-30,train,484_4
484,232,121,Park,40.73083612189599,-73.99764060974121,2012-05-01 14:59:20,2012-04-30,train,484_4
484,3904,8,Medical Center,40.730864350345136,-73.88768378466575,2012-05-03 09:32:47,2012-04-30,train,484_4
484,3904,8,Medical Center,40.730864350345136,-73.88768378466575,2012-05-04 09:15:44,2012-04-30,train,484_4
484,3904,8,Medical Center,40.730864350345136,-73.88768378466575,2012-05-05 09:14:01,2012-04-30,train,484_4
486,2486,98,Donut Shop,40.64931643139256,-73.9638992386005,2012-05-03 10:54:09,2012-04-30,train,486_4
486,1401,264,Subway,40.65052298546056,-73.96298110485071,2012-05-03 12:18:28,2012-04-30,train,486_4
486,3751,281,Residential Building (Apartment / Condo),40.649968412653,-73.96521362899519,2012-05-03 20:51:45,2012-04-30,train,486_4
486,3751,281,Residential Building (Apartment / Condo),40.649968412653,-73.96521362899519,2012-05-03 22:34:43,2012-04-30,train,486_4
487,1603,150,Stadium,40.75044987008408,-73.99221103886612,2012-05-03 18:52:28,2012-04-30,train,487_3
487,1479,203,Food Truck,40.74265628447347,-73.98901462554932,2012-05-04 12:42:33,2012-04-30,train,487_3
487,2205,27,Italian Restaurant,40.72154512476467,-73.98884242671608,2012-05-04 20:49:27,2012-04-30,train,487_3
487,1087,138,Gym / Fitness Center,40.71886430230864,-73.98909494129268,2012-05-05 12:23:49,2012-04-30,train,487_3
487,377,105,Taco Place,40.72144922191938,-73.99761378765106,2012-05-05 14:50:28,2012-04-30,train,487_3
487,224,39,Beer Garden,40.721128035611365,-73.99304866790771,2012-05-06 16:51:45,2012-04-30,train,487_3
488,556,59,Bar,40.73964987755085,-74.00695376497427,2012-05-03 20:43:39,2012-04-30,train,488_4
488,647,239,Airport,40.64557779020594,-73.77643346786499,2012-05-04 13:09:31,2012-04-30,train,488_4
488,4901,194,Mexican Restaurant,40.759220487652186,-73.98880004882812,2012-05-05 18:44:45,2012-04-30,train,488_4
489,22,196,Restaurant,40.781856,-73.979227,2012-05-04 20:50:49,2012-04-30,train,489_4
489,4901,194,Mexican Restaurant,40.759220487652186,-73.98880004882812,2012-05-05 18:15:27,2012-04-30,train,489_4
493,2030,47,Bar,40.87077690106772,-74.18019443750381,2012-05-02 00:15:38,2012-04-30,train,493_4
493,3268,178,General College & University,40.962576,-74.07160158333333,2012-05-03 09:46:49,2012-04-30,train,493_4
493,3357,282,Convenience Store,40.967639,-74.073357,2012-05-03 10:08:26,2012-04-30,train,493_4
493,1292,265,Mall,40.95634251626308,-74.06902771574032,2012-05-03 11:53:15,2012-04-30,train,493_4
493,2030,47,Bar,40.87077690106772,-74.18019443750381,2012-05-03 21:24:37,2012-04-30,train,493_4
493,3268,178,General College & University,40.962576,-74.07160158333333,2012-05-04 09:58:31,2012-04-30,train,493_4
493,847,265,Mall,40.917335441802095,-74.0756607055664,2012-05-04 10:40:33,2012-04-30,train,493_4
497,3875,197,Sandwich Place,40.752346267289575,-73.97446576531758,2012-05-01 14:06:30,2012-04-30,train,497_4
497,3315,301,Neighborhood,40.76203225371199,-73.98515224456787,2012-05-01 16:56:22,2012-04-30,train,497_4
497,4746,301,Neighborhood,40.75329971541963,-73.97433949845926,2012-05-03 09:32:14,2012-04-30,train,497_4
497,1304,197,Sandwich Place,40.75420354149141,-73.97569973252601,2012-05-03 12:31:15,2012-04-30,train,497_4
497,3646,120,Other Great Outdoors,40.75307875373576,-73.98107744137282,2012-05-03 12:32:01,2012-04-30,train,497_4
497,1079,122,Plaza,40.75353970723301,-73.9715588092804,2012-05-03 21:53:39,2012-04-30,train,497_4
497,4746,301,Neighborhood,40.75329971541963,-73.97433949845926,2012-05-04 09:56:32,2012-04-30,train,497_4
497,1598,131,Café,40.75358444310816,-73.97478717149215,2012-05-04 09:58:06,2012-04-30,train,497_4
497,3072,61,Office,40.75394115233734,-73.97507988021978,2012-05-04 09:59:05,2012-04-30,train,497_4
497,4746,301,Neighborhood,40.75329971541963,-73.97433949845926,2012-05-04 09:59:37,2012-04-30,train,497_4
497,4898,245,General Entertainment,40.95799336338653,-74.10746446325602,2012-05-04 18:23:13,2012-04-30,train,497_4
497,4898,245,General Entertainment,40.95799336338653,-74.10746446325602,2012-05-04 18:34:16,2012-04-30,train,497_4
497,4898,245,General Entertainment,40.95799336338653,-74.10746446325602,2012-05-05 00:45:26,2012-04-30,train,497_4
497,4901,194,Mexican Restaurant,40.759220487652186,-73.98880004882812,2012-05-05 11:41:25,2012-04-30,train,497_4
498,4876,281,Residential Building (Apartment / Condo),40.798426203927626,-73.96144836446048,2012-05-03 08:31:42,2012-04-30,train,498_0
498,479,265,Mall,40.73405557647634,-73.87084722518921,2012-05-03 17:54:44,2012-04-30,train,498_0
498,4873,6,Home (private),40.656358756936825,-73.74190167904314,2012-05-03 21:40:55,2012-04-30,train,498_0
498,4247,266,Bus Station,40.65753498463595,-73.73591118616307,2012-05-04 07:03:17,2012-04-30,train,498_0
498,3474,257,Road,40.75732057535766,-73.98983526620442,2012-05-04 09:01:10,2012-04-30,train,498_0
498,4873,6,Home (private),40.656358756936825,-73.74190167904314,2012-05-05 00:07:42,2012-04-30,train,498_0
498,4873,6,Home (private),40.656358756936825,-73.74190167904314,2012-05-06 22:24:45,2012-04-30,train,498_0
499,668,130,Burger Joint,40.75638015812107,-73.99022161960602,2012-05-01 17:32:54,2012-04-30,train,499_4
499,4534,70,Train Station,40.858618843688845,-73.85582475342396,2012-05-03 09:21:31,2012-04-30,train,499_4
499,3371,85,Theater,40.73012815477761,-74.00051513936097,2012-05-03 10:48:30,2012-04-30,train,499_4
499,4534,70,Train Station,40.858618843688845,-73.85582475342396,2012-05-04 08:49:53,2012-04-30,train,499_4
499,3371,85,Theater,40.73012815477761,-74.00051513936097,2012-05-04 10:02:02,2012-04-30,train,499_4
499,349,70,Train Station,40.75280620914171,-73.97717535495758,2012-05-05 00:04:58,2012-04-30,train,499_4
500,962,138,Gym / Fitness Center,40.74897024850466,-73.98947371253458,2012-05-01 14:44:29,2012-04-30,train,500_4
500,731,147,Movie Theater,40.774908970649975,-73.9820531034839,2012-05-01 16:45:35,2012-04-30,train,500_4
500,1145,71,Train Station,40.707149,-73.99057,2012-05-01 20:19:50,2012-04-30,train,500_4
500,4010,6,Home (private),40.60259048645985,-73.98887973002674,2012-05-01 22:57:42,2012-04-30,train,500_4
500,2688,264,Subway,40.60189764651378,-73.99352073669434,2012-05-02 07:34:48,2012-04-30,train,500_4
500,1145,71,Train Station,40.707149,-73.99057,2012-05-02 08:07:46,2012-04-30,train,500_4
500,2688,264,Subway,40.60189764651378,-73.99352073669434,2012-05-03 07:52:23,2012-04-30,train,500_4
500,1145,71,Train Station,40.707149,-73.99057,2012-05-03 08:24:16,2012-04-30,train,500_4
500,962,138,Gym / Fitness Center,40.74897024850466,-73.98947371253458,2012-05-03 14:27:54,2012-04-30,train,500_4
500,3688,96,Deli / Bodega,40.73308000062968,-73.9998722076416,2012-05-03 17:14:13,2012-04-30,train,500_4
500,1145,71,Train Station,40.707149,-73.99057,2012-05-03 17:43:44,2012-04-30,train,500_4
500,4010,6,Home (private),40.60259048645985,-73.98887973002674,2012-05-03 20:55:36,2012-04-30,train,500_4
500,4084,6,Home (private),40.60259048645985,-73.98887973002674,2012-05-05 00:22:50,2012-04-30,train,500_4
500,2688,264,Subway,40.60189764651378,-73.99352073669434,2012-05-05 12:14:38,2012-04-30,train,500_4
500,4901,194,Mexican Restaurant,40.759220487652186,-73.98880004882812,2012-05-05 14:15:19,2012-04-30,train,500_4
500,1429,264,Subway,40.61230102976052,-73.98224249614313,2012-05-06 19:05:05,2012-04-30,train,500_4
501,54,261,Hobby Shop,40.73354816138232,-73.99102896237186,2012-05-01 12:45:54,2012-04-30,train,501_4
501,1247,35,Bookstore,40.73316247409845,-73.99104044018358,2012-05-01 12:50:00,2012-04-30,train,501_4
501,675,197,Sandwich Place,40.73403986666158,-73.99317530121836,2012-05-01 13:07:30,2012-04-30,train,501_4
501,4493,61,Office,40.73680508372383,-73.99267028247417,2012-05-03 15:30:33,2012-04-30,train,501_4
501,1169,4,Gym / Fitness Center,40.72125203810384,-73.9891728758812,2012-05-03 18:10:12,2012-04-30,train,501_4
501,3567,301,Neighborhood,40.71849343626229,-73.98266315460205,2012-05-03 22:27:41,2012-04-30,train,501_4
501,4493,61,Office,40.73680508372383,-73.99267028247417,2012-05-04 09:16:06,2012-04-30,train,501_4
501,4898,245,General Entertainment,40.95799336338653,-74.10746446325602,2012-05-04 09:16:45,2012-04-30,train,501_4
501,458,106,Burrito Place,40.76271587683453,-73.98763664066797,2012-05-04 18:03:16,2012-04-30,train,501_4
501,156,310,Concert Hall,40.76502267205817,-73.98019552230835,2012-05-04 20:01:16,2012-04-30,train,501_4
501,1376,137,Gym / Fitness Center,40.72502851138096,-73.9962627732525,2012-05-06 15:37:23,2012-04-30,train,501_4
504,3478,80,Building,40.88469317650448,-73.91415246621968,2012-05-06 12:42:23,2012-04-30,train,504_3
504,1746,26,Drugstore / Pharmacy,40.88584772149443,-73.9104551049021,2012-05-06 21:32:43,2012-04-30,train,504_3
506,88,311,Brewery,40.72158048138015,-73.95763710722129,2012-05-01 19:35:49,2012-04-30,train,506_2
506,527,42,Food & Drink Shop,40.723955,-73.991829,2012-05-03 18:25:47,2012-04-30,train,506_2
506,586,255,Flea Market,40.687415187557306,-73.96922528743744,2012-05-05 13:50:36,2012-04-30,train,506_2
507,3950,120,Other Great Outdoors,40.693203446010365,-73.7318312280788,2012-05-01 19:26:56,2012-04-30,train,507_4
507,929,163,Medical Center,40.742099571675965,-73.97494213499166,2012-05-03 09:05:53,2012-04-30,train,507_4
507,3950,120,Other Great Outdoors,40.693203446010365,-73.7318312280788,2012-05-03 19:04:45,2012-04-30,train,507_4
507,4174,301,Neighborhood,40.70215837315108,-73.80046691424997,2012-05-03 20:37:15,2012-04-30,train,507_4
507,3950,120,Other Great Outdoors,40.693203446010365,-73.7318312280788,2012-05-03 22:38:40,2012-04-30,train,507_4
507,929,163,Medical Center,40.742099571675965,-73.97494213499166,2012-05-04 09:11:06,2012-04-30,train,507_4
507,918,130,Burger Joint,40.762404872356775,-73.98765445595464,2012-05-04 17:58:33,2012-04-30,train,507_4
507,3950,301,Neighborhood,40.69451704430084,-73.73847484588623,2012-05-04 21:31:44,2012-04-30,train,507_4
507,708,220,BBQ Joint,40.74448892047892,-73.98093396123286,2012-05-04 23:26:37,2012-04-30,train,507_4
507,3462,37,Bar,40.756710823931705,-73.96661984460336,2012-05-05 00:43:50,2012-04-30,train,507_4
507,3950,301,Neighborhood,40.69451704430084,-73.73847484588623,2012-05-05 04:36:58,2012-04-30,train,507_4
507,3950,301,Neighborhood,40.69451704430084,-73.73847484588623,2012-05-06 23:31:03,2012-04-30,train,507_4
508,3936,80,Building,40.74320844051549,-74.00018229899517,2012-05-01 17:34:06,2012-04-30,train,508_4
508,3052,61,Office,40.739976243389016,-73.98656978057781,2012-05-04 10:24:21,2012-04-30,train,508_4
508,3936,80,Building,40.74311584876924,-73.99978059433505,2012-05-04 10:30:42,2012-04-30,train,508_4
508,3936,80,Building,40.74311584876924,-73.99978059433505,2012-05-06 14:19:32,2012-04-30,train,508_4
509,985,288,Ferry,40.6444055420497,-74.0729570388794,2012-05-03 08:47:02,2012-04-30,train,509_4
509,1194,222,Coffee Shop,40.76900427024065,-73.98231983184814,2012-05-03 09:43:54,2012-04-30,train,509_4
509,1658,183,University,40.769668523860375,-73.98251831531525,2012-05-03 10:15:31,2012-04-30,train,509_4
509,4503,158,Comedy Club,40.769639965450985,-73.98299096298618,2012-05-03 10:16:31,2012-04-30,train,509_4
509,33,246,Performing Arts Venue,40.77253079341116,-73.98344197864982,2012-05-03 13:56:42,2012-04-30,train,509_4
509,4325,70,Train Station,40.64321699164897,-74.07350420951843,2012-05-03 23:02:26,2012-04-30,train,509_4
509,985,288,Ferry,40.6444055420497,-74.0729570388794,2012-05-03 23:03:04,2012-04-30,train,509_4
509,4325,70,Train Station,40.64321699164897,-74.07350420951843,2012-05-04 08:22:10,2012-04-30,train,509_4
509,985,288,Ferry,40.6444055420497,-74.0729570388794,2012-05-04 08:22:53,2012-04-30,train,509_4
509,1658,183,University,40.769668523860375,-73.98251831531525,2012-05-04 10:27:55,2012-04-30,train,509_4
509,4503,158,Comedy Club,40.769639965450985,-73.98299096298618,2012-05-04 12:24:34,2012-04-30,train,509_4
509,1951,264,Subway,40.70195162503384,-74.01296138763428,2012-05-04 15:15:30,2012-04-30,train,509_4
509,288,288,Ferry,40.70145732419213,-74.01321428847186,2012-05-04 15:15:49,2012-04-30,train,509_4
510,2644,6,Home (private),40.63719414615107,-73.95361626406626,2012-05-01 18:17:37,2012-04-30,train,510_3
510,1983,254,Department Store,40.631543741755145,-73.94687408770778,2012-05-01 20:43:09,2012-04-30,train,510_3
510,3692,73,Bus Station,40.63147850066373,-73.94704095767233,2012-05-03 11:57:02,2012-04-30,train,510_3
510,2644,6,Home (private),40.63719414615107,-73.95361626406626,2012-05-03 23:34:25,2012-04-30,train,510_3
510,3692,73,Bus Station,40.63147850066373,-73.94704095767233,2012-05-04 11:19:09,2012-04-30,train,510_3
510,1895,302,Athletic & Sport,40.59024368944973,-73.89894920251417,2012-05-04 17:21:58,2012-04-30,train,510_3
510,2644,6,Home (private),40.63719414615107,-73.95361626406626,2012-05-05 01:51:52,2012-04-30,train,510_3
510,1895,302,Athletic & Sport,40.59024368944973,-73.89894920251417,2012-05-05 16:20:31,2012-04-30,train,510_3
510,2644,6,Home (private),40.63719414615107,-73.95361626406626,2012-05-05 19:05:14,2012-04-30,train,510_3
510,1145,71,Train Station,40.707149,-73.99057,2012-05-05 19:50:29,2012-04-30,train,510_3
510,3692,73,Bus Station,40.63147850066373,-73.94704095767233,2012-05-06 13:13:13,2012-04-30,train,510_3
510,1895,302,Athletic & Sport,40.59024368944973,-73.89894920251417,2012-05-06 13:44:39,2012-04-30,train,510_3
510,2644,6,Home (private),40.63719414615107,-73.95361626406626,2012-05-06 23:49:57,2012-04-30,train,510_3
511,1751,264,Subway,40.75885710200309,-73.98109465898243,2012-05-01 17:03:17,2012-04-30,train,511_4
511,2041,264,Subway,40.68990542829335,-73.95177657844081,2012-05-01 17:41:24,2012-04-30,train,511_4
511,2041,264,Subway,40.68990542829335,-73.95177657844081,2012-05-01 18:47:22,2012-04-30,train,511_4
511,1524,264,Subway,40.74970348366515,-73.98781299591064,2012-05-01 19:26:33,2012-04-30,train,511_4
511,3847,222,Coffee Shop,40.73923249454244,-74.00294534862041,2012-05-01 20:16:40,2012-04-30,train,511_4
511,1644,264,Subway,40.71408594127328,-74.00858402252197,2012-05-01 22:38:29,2012-04-30,train,511_4
511,2041,264,Subway,40.68990542829335,-73.95177657844081,2012-05-01 23:06:23,2012-04-30,train,511_4
511,2041,264,Subway,40.68990542829335,-73.95177657844081,2012-05-03 07:49:58,2012-04-30,train,511_4
511,1751,264,Subway,40.75885710200309,-73.98109465898243,2012-05-03 08:25:00,2012-04-30,train,511_4
511,1751,264,Subway,40.75885710200309,-73.98109465898243,2012-05-03 16:36:34,2012-04-30,train,511_4
511,638,42,Food & Drink Shop,40.71576861458222,-74.01195760955345,2012-05-03 20:48:45,2012-04-30,train,511_4
511,2041,264,Subway,40.68990542829335,-73.95177657844081,2012-05-03 21:19:06,2012-04-30,train,511_4
511,3385,6,Home (private),40.696558013644136,-73.95361626406626,2012-05-03 21:33:51,2012-04-30,train,511_4
511,2041,264,Subway,40.68990542829335,-73.95177657844081,2012-05-04 08:20:32,2012-04-30,train,511_4
511,1751,264,Subway,40.75885710200309,-73.98109465898243,2012-05-04 08:56:50,2012-04-30,train,511_4
511,1751,264,Subway,40.75885710200309,-73.98109465898243,2012-05-04 17:02:51,2012-04-30,train,511_4
511,2041,264,Subway,40.68990542829335,-73.95177657844081,2012-05-04 18:17:41,2012-04-30,train,511_4
511,3257,274,Fried Chicken Joint,40.743107753743374,-73.98923841533589,2012-05-04 21:54:31,2012-04-30,train,511_4
511,1955,264,Subway,40.74637911942415,-73.98189067840576,2012-05-05 00:16:04,2012-04-30,train,511_4
511,2041,264,Subway,40.68990542829335,-73.95177657844081,2012-05-05 01:14:42,2012-04-30,train,511_4
511,3385,6,Home (private),40.696558013644136,-73.95361626406626,2012-05-05 01:27:03,2012-04-30,train,511_4
511,4901,194,Mexican Restaurant,40.759220487652186,-73.98880004882812,2012-05-05 09:05:14,2012-04-30,train,511_4
511,2041,264,Subway,40.68990542829335,-73.95177657844081,2012-05-05 12:35:34,2012-04-30,train,511_4
511,4585,6,Home (private),40.696558013644136,-73.95361626406626,2012-05-05 13:41:43,2012-04-30,train,511_4
511,3385,6,Home (private),40.696558013644136,-73.95361626406626,2012-05-05 20:18:05,2012-04-30,train,511_4
516,4270,80,Building,40.66336207687888,-74.19909344904511,2012-05-01 15:12:46,2012-04-30,train,516_4
516,3123,120,Other Great Outdoors,40.650641014449874,-74.22077894210815,2012-05-02 08:01:34,2012-04-30,train,516_4
516,4270,80,Building,40.66336207687888,-74.19909344904511,2012-05-03 08:15:19,2012-04-30,train,516_4
516,2915,301,Neighborhood,40.66429840745589,-74.21084403991699,2012-05-03 08:15:32,2012-04-30,train,516_4
516,3123,120,Other Great Outdoors,40.650641014449874,-74.22077894210815,2012-05-04 08:06:29,2012-04-30,train,516_4
516,4901,194,Mexican Restaurant,40.759220487652186,-73.98880004882812,2012-05-05 19:45:51,2012-04-30,train,516_4
517,4773,253,General Travel,40.75814975553168,-73.98943353986255,2012-05-01 20:07:18,2012-04-30,train,517_4
517,1497,222,Coffee Shop,40.7388714434338,-73.98297136918099,2012-05-02 07:23:15,2012-04-30,train,517_4
517,4773,253,General Travel,40.75814975553168,-73.98943353986255,2012-05-02 07:30:15,2012-04-30,train,517_4
517,651,61,Office,40.89489111509256,-73.94268408416127,2012-05-02 08:01:34,2012-04-30,train,517_4
517,4773,253,General Travel,40.75814975553168,-73.98943353986255,2012-05-03 07:29:53,2012-04-30,train,517_4
517,651,61,Office,40.89489111509256,-73.94268408416127,2012-05-03 08:06:36,2012-04-30,train,517_4
517,4773,253,General Travel,40.75814975553168,-73.98943353986255,2012-05-03 17:14:28,2012-04-30,train,517_4
517,4773,253,General Travel,40.75814975553168,-73.98943353986255,2012-05-04 07:31:27,2012-04-30,train,517_4
517,651,61,Office,40.89489111509256,-73.94268408416127,2012-05-04 08:20:30,2012-04-30,train,517_4
517,4773,253,General Travel,40.75814975553168,-73.98943353986255,2012-05-04 17:09:45,2012-04-30,train,517_4
517,737,21,French Restaurant,40.734953,-73.97967,2012-05-04 20:22:19,2012-04-30,train,517_4
520,3772,80,Building,40.76796322894073,-73.981680056791,2012-05-03 13:42:29,2012-04-30,train,520_4
520,4130,37,Bar,40.75599818752485,-73.99114966392517,2012-05-03 23:17:06,2012-04-30,train,520_4
520,720,146,Movie Theater,40.828585959081536,-74.14026975631714,2012-05-04 17:57:21,2012-04-30,train,520_4
521,4713,6,Home (private),40.86590418380428,-73.89482953406639,2012-05-01 20:37:11,2012-04-30,train,521_4
521,2375,138,Gym / Fitness Center,40.86225160733068,-73.89434337615967,2012-05-01 21:09:49,2012-04-30,train,521_4
521,1527,70,Train Station,40.86149293891381,-73.89058023691177,2012-05-03 09:50:06,2012-04-30,train,521_4
521,1769,138,Gym / Fitness Center,40.83451924013396,-73.85034594950524,2012-05-03 19:54:32,2012-04-30,train,521_4
521,2375,138,Gym / Fitness Center,40.86225160733068,-73.89434337615967,2012-05-03 22:41:40,2012-04-30,train,521_4
521,1770,147,Movie Theater,40.86703055282099,-73.82539651545649,2012-05-03 23:36:30,2012-04-30,train,521_4
521,1769,138,Gym / Fitness Center,40.83451924013396,-73.85034594950524,2012-05-04 17:49:28,2012-04-30,train,521_4
521,875,202,Pizza Place,40.804387366583086,-73.96660836533381,2012-05-04 20:18:57,2012-04-30,train,521_4
521,1769,138,Gym / Fitness Center,40.83451924013396,-73.85034594950524,2012-05-05 08:18:07,2012-04-30,train,521_4
521,731,147,Movie Theater,40.77469335055096,-73.98205884265813,2012-05-05 14:19:15,2012-04-30,train,521_4
521,4713,6,Home (private),40.86590418380428,-73.89482953406639,2012-05-05 20:16:17,2012-04-30,train,521_4
521,54,261,Hobby Shop,40.73354816138232,-73.99102896237186,2012-05-06 21:56:32,2012-04-30,train,521_4
523,3691,281,Residential Building (Apartment / Condo),40.78158643369462,-74.03603390827419,2012-05-01 17:33:11,2012-04-30,train,523_4
523,3615,138,Gym / Fitness Center,40.78928261243819,-74.04390566975712,2012-05-01 21:09:37,2012-04-30,train,523_4
523,3178,73,Bus Station,40.76858047334729,-74.02379531173361,2012-05-03 11:46:32,2012-04-30,train,523_4
523,987,257,Road,40.76117085825042,-74.01128768920898,2012-05-03 12:00:30,2012-04-30,train,523_4
523,1294,121,Park,40.76864674872412,-73.98086071014404,2012-05-03 16:38:32,2012-04-30,train,523_4
523,3905,281,Residential Building (Apartment / Condo),40.772409703457214,-73.98468736643798,2012-05-03 21:13:08,2012-04-30,train,523_4
523,1704,97,Diner,40.77095885665391,-73.98710351049733,2012-05-04 14:21:38,2012-04-30,train,523_4
523,192,121,Park,40.73528249691621,-73.99040315158283,2012-05-04 20:38:18,2012-04-30,train,523_4
523,483,4,Gym / Fitness Center,40.73435871497599,-73.9908166227313,2012-05-04 20:42:38,2012-04-30,train,523_4
523,1805,130,Burger Joint,40.77657677410218,-73.97914409637451,2012-05-04 21:56:43,2012-04-30,train,523_4
523,1189,96,Deli / Bodega,40.799143375287656,-73.96300384088624,2012-05-05 13:37:46,2012-04-30,train,523_4
523,4901,194,Mexican Restaurant,40.759220487652186,-73.98880004882812,2012-05-05 14:42:16,2012-04-30,train,523_4
523,4054,201,Ice Cream Shop,40.72634864558351,-73.98415714502335,2012-05-06 15:18:01,2012-04-30,train,523_4
523,987,257,Road,40.76117085825042,-74.01128768920898,2012-05-06 21:14:42,2012-04-30,train,523_4
524,2159,138,Gym / Fitness Center,40.84981921208277,-73.93463595197066,2012-05-01 15:21:48,2012-04-30,train,524_3
524,74,194,Mexican Restaurant,40.748409014404565,-73.97666394325508,2012-05-04 19:53:51,2012-04-30,train,524_3
524,118,220,BBQ Joint,40.73761,-73.987941,2012-05-04 21:25:44,2012-04-30,train,524_3
526,1145,71,Train Station,40.707149,-73.99057,2012-05-01 17:46:49,2012-04-30,train,526_4
526,192,121,Park,40.73528249691621,-73.99040315158283,2012-05-01 17:59:55,2012-04-30,train,526_4
526,4660,6,Home (private),40.59424065296898,-73.93010370763156,2012-05-01 23:00:41,2012-04-30,train,526_4
526,2287,257,Road,40.5847565470127,-73.95034790039062,2012-05-05 02:12:01,2012-04-30,train,526_4
526,4660,6,Home (private),40.59424065296898,-73.93010370763156,2012-05-05 11:17:58,2012-04-30,train,526_4
526,2610,264,Subway,40.60906562433294,-73.95777225494385,2012-05-05 15:47:15,2012-04-30,train,526_4
526,2797,83,Church,40.81158149645368,-73.9631071562193,2012-05-05 17:04:43,2012-04-30,train,526_4
526,4349,301,Neighborhood,40.59655374473915,-73.95077705383301,2012-05-06 20:11:22,2012-04-30,train,526_4
527,600,50,Bar,40.73949150137504,-74.00168581467251,2012-05-01 20:24:53,2012-04-30,train,527_2
527,1867,37,Bar,40.722349,-73.987707,2012-05-03 21:29:59,2012-04-30,train,527_2
527,2592,37,Bar,40.722262,-73.98332129,2012-05-03 22:22:36,2012-04-30,train,527_2
527,1642,138,Gym / Fitness Center,40.73899453018852,-73.98728142014077,2012-05-05 09:27:20,2012-04-30,train,527_2
529,3015,248,Toy / Game Store,40.7343482464409,-73.86902332305908,2012-05-01 21:13:24,2012-04-30,train,529_4
529,479,265,Mall,40.73405557647634,-73.87084722518921,2012-05-01 21:33:24,2012-04-30,train,529_4
529,1698,254,Department Store,40.7354070032994,-73.87420104342856,2012-05-01 22:54:37,2012-04-30,train,529_4
529,1732,132,Fast Food Restaurant,40.7200302985548,-73.84515970945358,2012-05-02 02:58:22,2012-04-30,train,529_4
529,2142,258,Food & Drink Shop,40.71034232752298,-73.85208034627219,2012-05-02 05:25:32,2012-04-30,train,529_4
529,1841,162,Medical Center,40.71141751605188,-73.85744998773215,2012-05-02 05:26:44,2012-04-30,train,529_4
529,479,265,Mall,40.73405557647634,-73.87084722518921,2012-05-02 05:41:38,2012-04-30,train,529_4
529,3015,248,Toy / Game Store,40.7343482464409,-73.86902332305908,2012-05-02 05:41:54,2012-04-30,train,529_4
529,1919,264,Subway,40.74559767243396,-73.90328983226816,2012-05-04 07:49:28,2012-04-30,train,529_4
529,1551,264,Subway,40.67026755172896,-73.98977637290949,2012-05-04 21:46:53,2012-04-30,train,529_4
529,1310,133,Hot Dog Joint,40.731463098592265,-73.98277049893474,2012-05-05 00:04:08,2012-04-30,train,529_4
530,1145,71,Train Station,40.707149,-73.99057,2012-05-03 09:10:53,2012-04-30,train,530_4
530,2396,61,Office,40.75809655681089,-73.9820531034839,2012-05-03 10:06:42,2012-04-30,train,530_4
530,2396,61,Office,40.75809655681089,-73.9820531034839,2012-05-04 09:21:17,2012-04-30,train,530_4
530,810,137,Gym / Fitness Center,40.74518568298073,-73.97689925585411,2012-05-04 17:44:20,2012-04-30,train,530_4
530,67,106,Burrito Place,40.745310248183095,-73.978421241045,2012-05-04 20:24:32,2012-04-30,train,530_4
531,1363,50,Bar,40.725047,-73.978356,2012-05-03 22:55:00,2012-04-30,train,531_1
531,422,194,Mexican Restaurant,40.721215,-73.987393,2012-05-05 14:23:08,2012-04-30,train,531_1
531,51,93,Breakfast Spot,40.72842472502752,-73.9872756811226,2012-05-06 15:00:19,2012-04-30,train,531_1
533,391,80,Building,40.74828059076867,-73.98556262254715,2012-05-01 14:44:29,2012-04-30,train,533_3
533,891,201,Ice Cream Shop,40.74763188753914,-73.98638613123016,2012-05-01 14:45:35,2012-04-30,train,533_3
533,3513,61,Office,40.75994330092927,-73.97603835470167,2012-05-01 14:49:49,2012-04-30,train,533_3
533,2152,14,Clothing Store,40.759698385312895,-73.97620479589158,2012-05-01 14:50:17,2012-04-30,train,533_3
533,47,130,Burger Joint,40.76026765576888,-73.97512579527391,2012-05-01 14:51:33,2012-04-30,train,533_3
533,3259,242,Spa / Massage,40.759854029275786,-73.97611870563892,2012-05-01 14:51:49,2012-04-30,train,533_3
533,3513,61,Office,40.75994330092927,-73.97603835470167,2012-05-03 11:38:03,2012-04-30,train,533_3
533,496,254,Department Store,40.76459171490056,-73.97121297728602,2012-05-03 13:13:36,2012-04-30,train,533_3
533,2152,14,Clothing Store,40.759698385312895,-73.97620479589158,2012-05-04 10:09:25,2012-04-30,train,533_3
533,391,80,Building,40.74828059076867,-73.98556262254715,2012-05-04 10:10:05,2012-04-30,train,533_3
534,3424,35,Bookstore,40.70881201448755,-74.00527954101562,2012-05-01 17:56:40,2012-04-30,train,534_4
534,2488,8,Medical Center,40.7795143859269,-73.95375115452266,2012-05-03 07:33:27,2012-04-30,train,534_4
534,3024,102,American Restaurant,40.715280885129175,-74.0355921160848,2012-05-03 09:52:40,2012-04-30,train,534_4
534,4306,138,Gym / Fitness Center,40.71518524863918,-74.0354085138342,2012-05-04 07:49:17,2012-04-30,train,534_4
534,3024,102,American Restaurant,40.715280885129175,-74.0355921160848,2012-05-04 09:36:46,2012-04-30,train,534_4
534,58,55,Bar,40.72706973142783,-73.99190604686737,2012-05-04 19:55:05,2012-04-30,train,534_4
534,2909,130,Burger Joint,40.77912606570555,-73.95490489457822,2012-05-05 12:17:08,2012-04-30,train,534_4
534,702,157,Stadium,40.75645736467708,-73.8460636138916,2012-05-05 15:31:14,2012-04-30,train,534_4
534,254,121,Park,40.74706188749892,-74.00519371032715,2012-05-06 12:33:01,2012-04-30,train,534_4
534,1187,39,Beer Garden,40.7405579801227,-74.00777996246534,2012-05-06 12:57:25,2012-04-30,train,534_4
534,842,146,Movie Theater,40.77901864208124,-73.95395779503919,2012-05-06 19:26:08,2012-04-30,train,534_4
536,4891,236,Playground,40.72705459594727,-73.94717407226562,2012-05-02 00:49:41,2012-04-30,train,536_3
536,4891,236,Playground,40.72705459594727,-73.94717407226562,2012-05-03 21:32:03,2012-04-30,train,536_3
536,4891,236,Playground,40.72705459594727,-73.94717407226562,2012-05-04 22:33:34,2012-04-30,train,536_3
537,3757,281,Residential Building (Apartment / Condo),40.68945599959108,-73.95983547713533,2012-05-03 23:52:23,2012-04-30,train,537_4
537,3757,281,Residential Building (Apartment / Condo),40.68945599959108,-73.95983547713533,2012-05-03 23:52:34,2012-04-30,train,537_4
537,916,221,Bridge,40.705888200473375,-73.9900016784668,2012-05-04 11:03:54,2012-04-30,train,537_4
537,1035,163,Medical Center,40.7646651291205,-73.9548110961914,2012-05-04 12:09:46,2012-04-30,train,537_4
537,3757,281,Residential Building (Apartment / Condo),40.68945599959108,-73.95983547713533,2012-05-05 09:24:09,2012-04-30,train,537_4
537,3757,281,Residential Building (Apartment / Condo),40.68945599959108,-73.95983547713533,2012-05-05 09:24:20,2012-04-30,train,537_4
537,2471,264,Subway,40.68864362699706,-73.9611411094665,2012-05-05 10:42:46,2012-04-30,train,537_4
537,3960,93,Breakfast Spot,40.73299870199674,-73.98549556732178,2012-05-05 11:55:20,2012-04-30,train,537_4
537,1380,222,Coffee Shop,40.75544236028292,-73.99124704067701,2012-05-05 16:05:07,2012-04-30,train,537_4
537,3757,281,Residential Building (Apartment / Condo),40.68945599959108,-73.95983547713533,2012-05-06 16:21:51,2012-04-30,train,537_4
537,3757,281,Residential Building (Apartment / Condo),40.68945599959108,-73.95983547713533,2012-05-06 16:22:02,2012-04-30,train,537_4
537,275,121,Park,40.69118178774824,-73.97480964660645,2012-05-06 16:31:39,2012-04-30,train,537_4
537,916,221,Bridge,40.705888200473375,-73.9900016784668,2012-05-06 16:37:12,2012-04-30,train,537_4
537,1380,222,Coffee Shop,40.75544236028292,-73.99124704067701,2012-05-06 17:39:54,2012-04-30,train,537_4
538,4440,6,Home (private),40.57128331513807,-74.11812337576457,2012-05-01 18:37:33,2012-04-30,train,538_4
538,2848,221,Bridge,40.60233803273628,-74.06333122960736,2012-05-03 15:09:44,2012-04-30,train,538_4
538,974,221,Bridge,40.60679958140643,-74.04416981025437,2012-05-03 15:12:08,2012-04-30,train,538_4
538,647,239,Airport,40.64557779020594,-73.77643346786499,2012-05-03 16:44:56,2012-04-30,train,538_4
539,3792,6,Home (private),40.696558013644136,-73.95361626406626,2012-05-02 03:31:03,2012-04-30,train,539_4
539,3792,6,Home (private),40.696558013644136,-73.95361626406626,2012-05-03 11:27:35,2012-04-30,train,539_4
539,1810,138,Gym / Fitness Center,40.73361897049055,-73.98806766400996,2012-05-03 21:05:40,2012-04-30,train,539_4
539,484,4,Gym / Fitness Center,40.72923877989725,-73.98936467240519,2012-05-04 15:11:57,2012-04-30,train,539_4
539,3792,6,Home (private),40.696558013644136,-73.95361626406626,2012-05-04 19:24:55,2012-04-30,train,539_4
541,118,220,BBQ Joint,40.73761,-73.987941,2012-05-04 19:44:23,2012-04-30,train,541_4
541,192,121,Park,40.73528249691621,-73.99040315158283,2012-05-05 12:15:37,2012-04-30,train,541_4
541,118,220,BBQ Joint,40.73761,-73.987941,2012-05-05 12:36:45,2012-04-30,train,541_4
541,2121,264,Subway,40.74914266125337,-73.86958122253418,2012-05-06 21:12:23,2012-04-30,train,541_4
542,700,259,Hotel,40.74088398082356,-74.00765959043375,2012-05-01 13:52:43,2012-04-30,train,542_4
542,2689,301,Neighborhood,40.71343536379427,-73.95807266235352,2012-05-01 22:08:28,2012-04-30,train,542_4
542,2689,301,Neighborhood,40.71343536379427,-73.95807266235352,2012-05-02 07:55:00,2012-04-30,train,542_4
542,700,259,Hotel,40.74088398082356,-74.00765959043375,2012-05-03 09:11:45,2012-04-30,train,542_4
542,2689,301,Neighborhood,40.71343536379427,-73.95807266235352,2012-05-03 18:17:50,2012-04-30,train,542_4
542,700,259,Hotel,40.74088398082356,-74.00765959043375,2012-05-04 10:30:27,2012-04-30,train,542_4
542,2689,301,Neighborhood,40.71343536379427,-73.95807266235352,2012-05-04 16:12:17,2012-04-30,train,542_4
542,2689,301,Neighborhood,40.71343536379427,-73.95807266235352,2012-05-05 17:09:05,2012-04-30,train,542_4
543,3404,6,Home (private),40.87785167732287,-74.11812337576457,2012-05-01 19:32:41,2012-04-30,train,543_4
543,1405,137,Gym / Fitness Center,40.8649445296451,-74.06521286735973,2012-05-02 07:05:41,2012-04-30,train,543_4
543,3404,6,Home (private),40.87785167732287,-74.11812337576457,2012-05-03 23:29:52,2012-04-30,train,543_4
543,2045,42,Food & Drink Shop,40.79187420388997,-74.04288442464458,2012-05-05 13:08:38,2012-04-30,train,543_4
543,2033,42,Food & Drink Shop,40.89883303700218,-74.09218477332547,2012-05-05 14:15:55,2012-04-30,train,543_4
543,2534,265,Mall,40.91492331323924,-74.0582799911499,2012-05-05 15:26:36,2012-04-30,train,543_4
543,3156,254,Department Store,40.86679532183928,-74.10016536712646,2012-05-05 17:06:24,2012-04-30,train,543_4
543,3404,6,Home (private),40.87785167732287,-74.11812337576457,2012-05-05 17:47:47,2012-04-30,train,543_4
543,802,150,Stadium,40.73308000062968,-74.1708254814148,2012-05-06 18:01:05,2012-04-30,train,543_4
545,916,221,Bridge,40.705888200473375,-73.9900016784668,2012-05-03 09:10:12,2012-04-30,train,545_3
545,1145,71,Train Station,40.707149,-73.99057,2012-05-03 09:10:33,2012-04-30,train,545_3
545,3885,264,Subway,40.70715045863768,-73.99030637767282,2012-05-03 09:11:12,2012-04-30,train,545_3
545,916,221,Bridge,40.705888200473375,-73.9900016784668,2012-05-03 09:12:08,2012-04-30,train,545_3
545,916,221,Bridge,40.705888200473375,-73.9900016784668,2012-05-04 09:40:21,2012-04-30,train,545_3
545,1145,71,Train Station,40.707149,-73.99057,2012-05-04 09:40:37,2012-04-30,train,545_3
545,3885,264,Subway,40.70715045863768,-73.99030637767282,2012-05-04 09:42:06,2012-04-30,train,545_3
545,192,121,Park,40.73528249691621,-73.99040315158283,2012-05-04 21:02:23,2012-04-30,train,545_3
545,407,42,Food & Drink Shop,40.73485228613973,-73.99108529090881,2012-05-04 21:02:50,2012-04-30,train,545_3
545,916,221,Bridge,40.705888200473375,-73.9900016784668,2012-05-04 22:50:14,2012-04-30,train,545_3
545,1145,71,Train Station,40.707149,-73.99057,2012-05-04 22:50:35,2012-04-30,train,545_3
545,3885,264,Subway,40.70715045863768,-73.99030637767282,2012-05-04 22:50:59,2012-04-30,train,545_3
545,916,221,Bridge,40.705888200473375,-73.9900016784668,2012-05-04 22:51:27,2012-04-30,train,545_3
545,1011,138,Gym / Fitness Center,40.67956402987482,-73.98416519165039,2012-05-05 11:05:45,2012-04-30,train,545_3
545,1011,138,Gym / Fitness Center,40.67956402987482,-73.98416519165039,2012-05-05 13:44:21,2012-04-30,train,545_3
545,3289,301,Neighborhood,40.65016889724004,-73.94957542419434,2012-05-06 12:57:02,2012-04-30,train,545_3
545,3289,301,Neighborhood,40.65016889724004,-73.94957542419434,2012-05-06 12:57:33,2012-04-30,train,545_3
545,4046,255,Flea Market,40.691707934646594,-73.98287954280876,2012-05-06 18:53:29,2012-04-30,train,545_3
546,192,121,Park,40.73528249691621,-73.99040315158283,2012-05-01 16:59:49,2012-04-30,train,546_4
546,4433,231,Campground,40.73520973399571,-73.99106339580494,2012-05-01 17:04:14,2012-04-30,train,546_4
546,884,121,Park,40.82540355725982,-73.95661354064941,2012-05-01 20:03:06,2012-04-30,train,546_4
546,5040,121,Park,40.70901126835032,-74.01094436645508,2012-05-01 20:44:26,2012-04-30,train,546_4
546,1484,214,Bar,40.760871,-73.990166,2012-05-03 18:24:24,2012-04-30,train,546_4
546,244,214,Bar,40.731895408411134,-73.98397571726198,2012-05-03 22:10:18,2012-04-30,train,546_4
546,254,121,Park,40.74706188749892,-74.00519371032715,2012-05-04 14:07:59,2012-04-30,train,546_4
546,2469,3,Thrift / Vintage Store,40.7632138239065,-73.98908346336458,2012-05-04 14:55:41,2012-04-30,train,546_4
546,202,214,Bar,40.73347071903565,-74.00228836535156,2012-05-04 22:46:27,2012-04-30,train,546_4
546,2469,3,Thrift / Vintage Store,40.7632138239065,-73.98908346336458,2012-05-05 11:00:25,2012-04-30,train,546_4
546,4901,194,Mexican Restaurant,40.759220487652186,-73.98880004882812,2012-05-05 14:09:52,2012-04-30,train,546_4
546,1671,214,Bar,40.73251710536965,-74.00978852786966,2012-05-05 18:00:48,2012-04-30,train,546_4
546,265,37,Bar,40.740727951827786,-74.00861104297583,2012-05-06 16:11:00,2012-04-30,train,546_4
546,379,52,Bar,40.73987099824526,-74.00698819554492,2012-05-06 17:16:30,2012-04-30,train,546_4
546,244,214,Bar,40.731895408411134,-73.98397571726198,2012-05-06 22:49:52,2012-04-30,train,546_4
547,4651,37,Bar,40.758846660085474,-73.9895510673523,2012-05-01 16:44:30,2012-04-30,train,547_4
547,1819,6,Home (private),40.72143496141081,-74.05938718735511,2012-05-01 23:52:37,2012-04-30,train,547_4
547,336,48,Bar,40.74985920636586,-73.98996152288103,2012-05-03 14:13:53,2012-04-30,train,547_4
547,1819,6,Home (private),40.72143496141081,-74.05938718735511,2012-05-04 01:02:32,2012-04-30,train,547_4
547,1819,6,Home (private),40.72143496141081,-74.05938718735511,2012-05-04 15:57:52,2012-04-30,train,547_4
547,3734,134,Event Space,40.72050781243786,-74.04410073842384,2012-05-05 03:05:50,2012-04-30,train,547_4
547,701,37,Bar,40.72798919362575,-74.05002155084561,2012-05-05 20:16:15,2012-04-30,train,547_4
547,1819,6,Home (private),40.72143496141081,-74.05938718735511,2012-05-06 18:51:21,2012-04-30,train,547_4
547,1819,6,Home (private),40.72143496141081,-74.05938718735511,2012-05-06 23:19:07,2012-04-30,train,547_4
549,3425,63,Office,40.73953974476804,-73.98840052540763,2012-05-01 14:00:27,2012-04-30,train,549_4
549,3771,281,Residential Building (Apartment / Condo),40.68881469717024,-73.98510631996176,2012-05-01 21:13:55,2012-04-30,train,549_4
549,3425,63,Office,40.73953974476804,-73.98840052540763,2012-05-03 10:25:45,2012-04-30,train,549_4
549,3771,281,Residential Building (Apartment / Condo),40.68881469717024,-73.98510631996176,2012-05-03 20:47:35,2012-04-30,train,549_4
549,3425,63,Office,40.73953974476804,-73.98840052540763,2012-05-04 12:02:40,2012-04-30,train,549_4
549,159,17,Eastern European Restaurant,40.72915518010633,-73.98702890317843,2012-05-04 20:15:24,2012-04-30,train,549_4
549,3330,86,Theater,40.68670740090934,-73.97777080535889,2012-05-04 22:26:20,2012-04-30,train,549_4
549,3771,281,Residential Building (Apartment / Condo),40.68881469717024,-73.98510631996176,2012-05-05 01:46:18,2012-04-30,train,549_4
549,647,239,Airport,40.64557779020594,-73.77643346786499,2012-05-05 17:33:30,2012-04-30,train,549_4
549,3771,281,Residential Building (Apartment / Condo),40.68881469717024,-73.98510631996176,2012-05-06 22:08:43,2012-04-30,train,549_4
550,3158,202,Pizza Place,40.743982,-74.006678,2012-05-01 18:50:55,2012-04-30,train,550_4
550,2128,6,Home (private),40.73122649796362,-73.98887973002674,2012-05-01 21:07:34,2012-04-30,train,550_4
553,4349,301,Neighborhood,40.59655374473915,-73.95077705383301,2012-05-02 07:17:22,2012-04-30,train,553_4
553,3062,19,Bank,40.598891,-73.955353,2012-05-02 07:35:24,2012-04-30,train,553_4
553,1813,264,Subway,40.599300435969774,-73.95592864757464,2012-05-02 07:39:58,2012-04-30,train,553_4
553,4349,301,Neighborhood,40.59655374473915,-73.95077705383301,2012-05-03 07:00:37,2012-04-30,train,553_4
553,1813,264,Subway,40.599300435969774,-73.95592864757464,2012-05-03 07:44:29,2012-04-30,train,553_4
553,1145,71,Train Station,40.707149,-73.99057,2012-05-03 08:22:53,2012-04-30,train,553_4
553,2872,294,River,40.70799546607108,-73.98970327049913,2012-05-03 08:23:36,2012-04-30,train,553_4
553,1654,61,Office,40.75270452466205,-73.97569973252601,2012-05-03 08:45:34,2012-04-30,train,553_4
553,1653,189,Cupcake Shop,40.75245157603343,-73.9752176253493,2012-05-03 15:19:44,2012-04-30,train,553_4
553,2521,264,Subway,40.75163299987047,-73.97588549950576,2012-05-03 17:34:43,2012-04-30,train,553_4
553,4349,301,Neighborhood,40.59655374473915,-73.95077705383301,2012-05-04 07:00:20,2012-04-30,train,553_4
553,3062,19,Bank,40.598891,-73.955353,2012-05-04 07:39:54,2012-04-30,train,553_4
553,1813,264,Subway,40.599300435969774,-73.95592864757464,2012-05-04 07:41:50,2012-04-30,train,553_4
553,1145,71,Train Station,40.707149,-73.99057,2012-05-04 08:17:25,2012-04-30,train,553_4
553,2872,294,River,40.70799546607108,-73.98970327049913,2012-05-04 08:18:24,2012-04-30,train,553_4
553,1689,222,Coffee Shop,40.750546,-73.976485,2012-05-04 08:37:20,2012-04-30,train,553_4
553,1654,61,Office,40.75270452466205,-73.97569973252601,2012-05-04 09:03:59,2012-04-30,train,553_4
553,1054,252,Food & Drink Shop,40.75203612903108,-73.97601127624512,2012-05-04 17:38:58,2012-04-30,train,553_4
553,2521,264,Subway,40.75163299987047,-73.97588549950576,2012-05-04 17:48:00,2012-04-30,train,553_4
553,4349,301,Neighborhood,40.59655374473915,-73.95077705383301,2012-05-05 10:39:29,2012-04-30,train,553_4
556,1338,131,Café,40.76406380256933,-73.91577959060669,2012-05-01 21:18:42,2012-04-30,train,556_4
556,2831,43,Bar,40.77108435727445,-73.90801191329956,2012-05-03 23:23:40,2012-04-30,train,556_4
556,2831,43,Bar,40.77108435727445,-73.90801191329956,2012-05-04 19:24:16,2012-04-30,train,556_4
556,584,147,Movie Theater,40.75498191250509,-73.92365390320822,2012-05-05 20:01:50,2012-04-30,train,556_4
557,4756,6,Home (private),40.963240757086346,-74.09463109843134,2012-05-01 19:07:56,2012-04-30,train,557_4
557,4756,6,Home (private),40.963240757086346,-74.09463109843134,2012-05-02 01:15:04,2012-04-30,train,557_4
557,4756,6,Home (private),40.963240757086346,-74.09463109843134,2012-05-05 12:49:25,2012-04-30,train,557_4
557,4756,6,Home (private),40.963240757086346,-74.09463109843134,2012-05-06 18:38:19,2012-04-30,train,557_4
559,3895,61,Office,40.7418191670992,-73.99140199090107,2012-05-01 16:02:45,2012-04-30,train,559_4
559,1778,264,Subway,40.74290014466908,-73.99279117584229,2012-05-01 19:41:18,2012-04-30,train,559_4
559,1920,264,Subway,40.72526674807949,-73.99617075920105,2012-05-01 19:53:11,2012-04-30,train,559_4
559,360,37,Bar,40.72820506950233,-73.99927559299557,2012-05-01 20:03:27,2012-04-30,train,559_4
559,4139,96,Deli / Bodega,40.80524573610163,-73.94124899236242,2012-05-02 02:43:37,2012-04-30,train,559_4
559,4277,6,Home (private),40.80356163623484,-73.94186034276925,2012-05-02 03:05:11,2012-04-30,train,559_4
559,4277,6,Home (private),40.80356163623484,-73.94186034276925,2012-05-03 10:07:58,2012-04-30,train,559_4
559,1996,264,Subway,40.803894,-73.937624,2012-05-03 11:50:23,2012-04-30,train,559_4
559,1528,264,Subway,40.73573434642415,-73.99056762456905,2012-05-03 12:12:18,2012-04-30,train,559_4
559,1403,264,Subway,40.74137193935539,-73.98931503295898,2012-05-03 12:21:57,2012-04-30,train,559_4
559,1332,301,Neighborhood,40.741672705942285,-73.98928821086884,2012-05-03 12:23:47,2012-04-30,train,559_4
559,2328,19,Bank,40.74157843,-73.989482,2012-05-03 12:26:18,2012-04-30,train,559_4
559,2114,26,Drugstore / Pharmacy,40.74287572734082,-73.99256124416165,2012-05-03 12:31:17,2012-04-30,train,559_4
559,3895,61,Office,40.7418191670992,-73.99140199090107,2012-05-03 12:43:02,2012-04-30,train,559_4
559,3895,61,Office,40.7418191670992,-73.99140199090107,2012-05-03 15:43:54,2012-04-30,train,559_4
559,830,37,Bar,40.73743415035814,-73.99128147407096,2012-05-03 18:45:48,2012-04-30,train,559_4
559,1874,264,Subway,40.73158408988183,-74.00021553039551,2012-05-03 20:29:43,2012-04-30,train,559_4
559,4501,81,Taxi,40.756266,-73.984787,2012-05-03 22:44:27,2012-04-30,train,559_4
559,4139,96,Deli / Bodega,40.80524573610163,-73.94124899236242,2012-05-03 22:48:58,2012-04-30,train,559_4
559,4501,81,Taxi,40.756266,-73.984787,2012-05-03 23:53:40,2012-04-30,train,559_4
559,4139,96,Deli / Bodega,40.80524573610163,-73.94124899236242,2012-05-04 03:19:52,2012-04-30,train,559_4
559,4277,6,Home (private),40.80356163623484,-73.94186034276925,2012-05-04 03:33:00,2012-04-30,train,559_4
559,4277,6,Home (private),40.80356163623484,-73.94186034276925,2012-05-04 11:36:37,2012-04-30,train,559_4
559,3963,117,Other Great Outdoors,40.804672218031,-73.93980814949656,2012-05-04 11:40:42,2012-04-30,train,559_4
559,3527,120,Other Great Outdoors,40.80489686471875,-73.93880357143554,2012-05-04 11:42:55,2012-04-30,train,559_4
559,1996,264,Subway,40.803894,-73.937624,2012-05-04 11:44:26,2012-04-30,train,559_4
559,1403,264,Subway,40.74137193935539,-73.98931503295898,2012-05-04 12:19:14,2012-04-30,train,559_4
559,1332,301,Neighborhood,40.741672705942285,-73.98928821086884,2012-05-04 12:20:15,2012-04-30,train,559_4
559,2328,19,Bank,40.74157843,-73.989482,2012-05-04 12:22:52,2012-04-30,train,559_4
559,3895,61,Office,40.7418191670992,-73.99140199090107,2012-05-04 12:27:31,2012-04-30,train,559_4
559,3895,61,Office,40.7418191670992,-73.99140199090107,2012-05-04 19:58:40,2012-04-30,train,559_4
559,3895,61,Office,40.7418191670992,-73.99140199090107,2012-05-04 20:19:08,2012-04-30,train,559_4
559,2114,26,Drugstore / Pharmacy,40.74287572734082,-73.99256124416165,2012-05-04 20:23:02,2012-04-30,train,559_4
559,1332,301,Neighborhood,40.741672705942285,-73.98928821086884,2012-05-04 20:33:49,2012-04-30,train,559_4
559,1520,50,Bar,40.73830503995525,-73.99300887473368,2012-05-04 20:45:34,2012-04-30,train,559_4
559,1528,264,Subway,40.73573434642415,-73.99056762456905,2012-05-04 22:03:38,2012-04-30,train,559_4
559,2271,269,Miscellaneous Shop,40.75277926721909,-73.97710013223526,2012-05-04 22:19:19,2012-04-30,train,559_4
559,4650,133,Hot Dog Joint,40.75281067913847,-73.97726655006409,2012-05-04 22:25:22,2012-04-30,train,559_4
559,349,70,Train Station,40.75280620914171,-73.97717535495758,2012-05-04 22:26:43,2012-04-30,train,559_4
559,726,70,Train Station,40.805144639820114,-73.93914699554443,2012-05-04 22:45:00,2012-04-30,train,559_4
559,3963,117,Other Great Outdoors,40.804672218031,-73.93980814949656,2012-05-04 22:51:19,2012-04-30,train,559_4
559,4139,96,Deli / Bodega,40.80507336437818,-73.94108826141857,2012-05-04 22:53:32,2012-04-30,train,559_4
559,4277,6,Home (private),40.80356163623484,-73.94186034276925,2012-05-04 23:41:06,2012-04-30,train,559_4
559,4277,6,Home (private),40.80356163623484,-73.94186034276925,2012-05-05 08:21:27,2012-04-30,train,559_4
559,3963,117,Other Great Outdoors,40.804672218031,-73.93980814949656,2012-05-05 09:16:55,2012-04-30,train,559_4
559,3527,120,Other Great Outdoors,40.80489686471875,-73.93880357143554,2012-05-05 09:18:56,2012-04-30,train,559_4
559,1996,264,Subway,40.803894,-73.937624,2012-05-05 09:20:45,2012-04-30,train,559_4
559,1528,264,Subway,40.73573434642415,-73.99056762456905,2012-05-05 09:42:53,2012-04-30,train,559_4
559,1481,264,Subway,40.68430737873073,-73.97759780287743,2012-05-05 13:39:03,2012-04-30,train,559_4
559,4901,194,Mexican Restaurant,40.759220487652186,-73.98880004882812,2012-05-05 13:40:15,2012-04-30,train,559_4
559,2384,26,Drugstore / Pharmacy,40.804510118099934,-73.93754640640921,2012-05-05 14:27:26,2012-04-30,train,559_4
559,4277,6,Home (private),40.80356163623484,-73.94186034276925,2012-05-06 17:52:17,2012-04-30,train,559_4
559,726,70,Train Station,40.805144639820114,-73.93914699554443,2012-05-06 18:22:39,2012-04-30,train,559_4
559,349,70,Train Station,40.75280620914171,-73.97717535495758,2012-05-06 19:05:08,2012-04-30,train,559_4
559,4650,133,Hot Dog Joint,40.75281067913847,-73.97726655006409,2012-05-06 19:09:45,2012-04-30,train,559_4
559,2271,269,Miscellaneous Shop,40.75277926721909,-73.97710013223526,2012-05-06 19:12:11,2012-04-30,train,559_4
559,4259,264,Subway,40.75752331463292,-73.96917868724836,2012-05-06 19:22:31,2012-04-30,train,559_4
559,466,214,Bar,40.763512849967526,-73.9869198616602,2012-05-06 19:49:56,2012-04-30,train,559_4
561,1852,98,Donut Shop,40.711131380000005,-74.006383,2012-05-01 15:02:41,2012-04-30,train,561_4
561,2807,96,Deli / Bodega,40.709456,-74.0063757,2012-05-01 15:02:59,2012-04-30,train,561_4
561,1709,77,Government Building,40.7117844949098,-74.00208234786987,2012-05-01 15:16:09,2012-04-30,train,561_4
561,2972,2,Gym / Fitness Center,40.86542418362956,-73.85773713020735,2012-05-01 19:24:57,2012-04-30,train,561_4
561,3968,6,Home (private),40.836080595143486,-73.82426211435131,2012-05-02 00:44:02,2012-04-30,train,561_4
561,3407,301,Neighborhood,40.82507881379304,-73.92013549804688,2012-05-03 10:22:53,2012-04-30,train,561_4
561,1709,77,Government Building,40.7117844949098,-74.00208234786987,2012-05-03 10:23:06,2012-04-30,train,561_4
561,2807,96,Deli / Bodega,40.709456,-74.0063757,2012-05-03 12:35:03,2012-04-30,train,561_4
561,1709,77,Government Building,40.7117844949098,-74.00208234786987,2012-05-03 18:00:28,2012-04-30,train,561_4
561,2972,2,Gym / Fitness Center,40.86550299641886,-73.85730641633741,2012-05-03 20:16:51,2012-04-30,train,561_4
561,1709,77,Government Building,40.7117844949098,-74.00208234786987,2012-05-04 10:34:45,2012-04-30,train,561_4
561,2807,96,Deli / Bodega,40.709456,-74.0063757,2012-05-04 13:40:59,2012-04-30,train,561_4
561,1709,77,Government Building,40.7117844949098,-74.00208234786987,2012-05-04 14:17:30,2012-04-30,train,561_4
561,751,146,Movie Theater,40.7148694149892,-74.01538906944295,2012-05-04 19:42:03,2012-04-30,train,561_4
561,1553,254,Department Store,40.90122520923615,-73.817176,2012-05-05 14:29:14,2012-04-30,train,561_4
561,3968,6,Home (private),40.836080595143486,-73.82426211435131,2012-05-05 17:14:11,2012-04-30,train,561_4
561,3613,37,Bar,40.81010860635189,-73.80350573593947,2012-05-05 17:31:49,2012-04-30,train,561_4
561,3968,6,Home (private),40.836080595143486,-73.82426211435131,2012-05-05 20:13:40,2012-04-30,train,561_4
561,3216,2,Gym / Fitness Center,40.7307006246076,-73.69388941788202,2012-05-06 13:49:06,2012-04-30,train,561_4
561,2150,257,Road,40.81780414338999,-73.80359888076782,2012-05-06 14:04:59,2012-04-30,train,561_4
561,3968,6,Home (private),40.836080595143486,-73.82426211435131,2012-05-06 14:29:00,2012-04-30,train,561_4
561,1984,42,Food & Drink Shop,40.89656884509741,-73.79472806765762,2012-05-06 15:13:33,2012-04-30,train,561_4
561,3968,6,Home (private),40.836080595143486,-73.82426211435131,2012-05-06 20:19:58,2012-04-30,train,561_4
562,2827,62,Automotive Shop,40.86198150306815,-74.04790453737951,2012-05-01 13:07:33,2012-04-30,train,562_4
562,4630,6,Home (private),40.88108826152176,-74.07113588841028,2012-05-03 23:34:27,2012-04-30,train,562_4
562,4630,6,Home (private),40.88108826152176,-74.07113588841028,2012-05-04 23:09:37,2012-04-30,train,562_4
562,2827,62,Automotive Shop,40.86198150306815,-74.04790453737951,2012-05-05 10:18:21,2012-04-30,train,562_4
564,4208,206,Seafood Restaurant,40.94216741212171,-73.96168369564757,2012-05-01 12:05:38,2012-04-30,train,564_4
564,4734,6,Home (private),40.93508141690897,-73.96537147003376,2012-05-01 22:48:11,2012-04-30,train,564_4
564,4734,6,Home (private),40.93508141690897,-73.96537147003376,2012-05-03 08:00:10,2012-04-30,train,564_4
564,4734,6,Home (private),40.93508141690897,-73.96537147003376,2012-05-03 12:49:32,2012-04-30,train,564_4
564,4750,6,Home (private),40.93508141690897,-73.96537147003376,2012-05-03 13:12:56,2012-04-30,train,564_4
564,4750,6,Home (private),40.93508141690897,-73.96537147003376,2012-05-03 16:07:07,2012-04-30,train,564_4
564,4734,6,Home (private),40.93508141690897,-73.96537147003376,2012-05-03 16:15:40,2012-04-30,train,564_4
564,4762,6,Home (private),40.948271004267234,-73.98887973002674,2012-05-03 19:35:47,2012-04-30,train,564_4
564,4750,6,Home (private),40.93508141690897,-73.96537147003376,2012-05-04 00:13:40,2012-04-30,train,564_4
564,4750,6,Home (private),40.93508141690897,-73.96537147003376,2012-05-04 06:19:22,2012-04-30,train,564_4
564,4822,6,Home (private),40.93508141690897,-73.96537147003376,2012-05-04 07:51:58,2012-04-30,train,564_4
564,4750,6,Home (private),40.93508141690897,-73.96537147003376,2012-05-04 17:55:34,2012-04-30,train,564_4
564,4762,6,Home (private),40.948271004267234,-73.98887973002674,2012-05-04 18:36:12,2012-04-30,train,564_4
564,4762,6,Home (private),40.948271004267234,-73.98887973002674,2012-05-04 18:56:10,2012-04-30,train,564_4
564,4734,6,Home (private),40.93508141690897,-73.96537147003376,2012-05-05 13:46:42,2012-04-30,train,564_4
564,4734,6,Home (private),40.93508141690897,-73.96537147003376,2012-05-06 22:16:20,2012-04-30,train,564_4
565,933,96,Deli / Bodega,40.730642,-73.992378,2012-05-03 12:27:28,2012-04-30,train,565_2
565,1163,61,Office,40.73081838902494,-73.99138477421569,2012-05-04 09:17:45,2012-04-30,train,565_2
566,2746,6,Home (private),40.810428884265626,-74.20032308006297,2012-05-03 09:12:41,2012-04-30,train,566_4
566,1987,222,Coffee Shop,40.812038,-74.19436435,2012-05-03 09:30:24,2012-04-30,train,566_4
566,1987,222,Coffee Shop,40.812038,-74.19436435,2012-05-04 08:53:41,2012-04-30,train,566_4
566,1750,152,Food & Drink Shop,40.797306,-74.200943,2012-05-04 12:45:56,2012-04-30,train,566_4
566,2964,6,Home (private),40.810428884265626,-74.20032308006297,2012-05-04 18:53:49,2012-04-30,train,566_4
566,2022,108,Gastropub,40.80202685,-74.20413768333333,2012-05-04 23:06:05,2012-04-30,train,566_4
566,1987,222,Coffee Shop,40.812038,-74.19436435,2012-05-05 08:16:10,2012-04-30,train,566_4
566,3019,98,Donut Shop,40.81575799858361,-74.22062873840332,2012-05-05 09:07:11,2012-04-30,train,566_4
566,1876,37,Bar,40.817789,-74.211569013733,2012-05-05 15:03:35,2012-04-30,train,566_4
566,2964,6,Home (private),40.810428884265626,-74.20032308006297,2012-05-05 19:34:06,2012-04-30,train,566_4
566,1878,32,Hardware Store,40.78572595883766,-74.19757431317201,2012-05-06 15:16:09,2012-04-30,train,566_4
567,2677,19,Bank,40.650529770662,-73.95860140833432,2012-05-03 16:39:04,2012-04-30,train,567_4
567,1326,42,Food & Drink Shop,40.6467216781025,-73.95701719681918,2012-05-03 16:53:00,2012-04-30,train,567_4
567,48,232,Music Venue,40.73169799836348,-73.98922693741638,2012-05-05 00:47:12,2012-04-30,train,567_4
567,1688,58,Electronics Store,40.734269,-73.990084,2012-05-05 04:55:00,2012-04-30,train,567_4
567,561,57,Bar,40.72574081337552,-73.99028290313753,2012-05-06 19:14:05,2012-04-30,train,567_4
569,104,197,Sandwich Place,40.75187357799962,-73.9740800857544,2012-05-01 13:24:09,2012-04-30,train,569_3
569,2719,70,Train Station,40.74982540095488,-73.8627576828003,2012-05-03 09:28:05,2012-04-30,train,569_3
569,819,138,Gym / Fitness Center,40.77920900596156,-73.9551287537907,2012-05-03 18:19:59,2012-04-30,train,569_3
569,2719,70,Train Station,40.74982540095488,-73.8627576828003,2012-05-04 09:41:21,2012-04-30,train,569_3
569,3033,27,Italian Restaurant,40.73447774695927,-73.99210787367122,2012-05-04 18:33:04,2012-04-30,train,569_3
569,406,147,Movie Theater,40.73416736029532,-73.99048715829849,2012-05-04 18:37:38,2012-04-30,train,569_3
569,819,138,Gym / Fitness Center,40.77920900596156,-73.9551287537907,2012-05-05 11:14:50,2012-04-30,train,569_3
570,4782,136,Office,40.761782,-73.958256,2012-05-02 07:16:35,2012-04-30,train,570_3
570,4774,294,River,40.76022036174862,-73.95868176654295,2012-05-04 04:13:39,2012-04-30,train,570_3
570,1180,80,Building,40.76243661268105,-73.973708162925,2012-05-06 15:12:00,2012-04-30,train,570_3
572,1324,137,Gym / Fitness Center,40.75753,-73.96706,2012-05-01 21:05:21,2012-04-30,train,572_4
572,2969,269,Miscellaneous Shop,40.758249600000006,-73.970181,2012-05-04 20:04:24,2012-04-30,train,572_4
572,1196,35,Bookstore,40.75837793616776,-73.9696618269312,2012-05-04 20:04:38,2012-04-30,train,572_4
572,2907,281,Residential Building (Apartment / Condo),40.75735190300753,-73.96857705006401,2012-05-04 20:05:12,2012-04-30,train,572_4
572,1110,138,Gym / Fitness Center,40.76364734011364,-73.97844135761261,2012-05-05 10:27:47,2012-04-30,train,572_4
572,2907,281,Residential Building (Apartment / Condo),40.75735190300753,-73.96857705006401,2012-05-05 10:41:32,2012-04-30,train,572_4
574,520,265,Mall,40.662664225557165,-73.72021007577132,2012-05-01 12:06:31,2012-04-30,train,574_4
574,4397,6,Home (private),40.61848447230498,-73.75366953292578,2012-05-01 22:41:19,2012-04-30,train,574_4
574,3843,52,Bar,40.70188518471335,-73.76582451883537,2012-05-03 09:22:01,2012-04-30,train,574_4
574,4397,6,Home (private),40.61848447230498,-73.75366953292578,2012-05-03 13:09:07,2012-04-30,train,574_4
574,4438,6,Home (private),40.61848447230498,-73.75366953292578,2012-05-03 13:09:23,2012-04-30,train,574_4
574,4738,6,Home (private),40.61848447230498,-73.75366953292578,2012-05-03 13:09:51,2012-04-30,train,574_4
574,4397,6,Home (private),40.61848447230498,-73.75366953292578,2012-05-04 00:21:05,2012-04-30,train,574_4
574,4438,6,Home (private),40.61848447230498,-73.75366953292578,2012-05-04 00:21:16,2012-04-30,train,574_4
574,4724,6,Home (private),40.61848447230498,-73.75366953292578,2012-05-04 01:00:10,2012-04-30,train,574_4
574,4397,6,Home (private),40.61848447230498,-73.75366953292578,2012-05-04 13:45:57,2012-04-30,train,574_4
574,4438,6,Home (private),40.61848447230498,-73.75366953292578,2012-05-04 13:46:08,2012-04-30,train,574_4
574,4438,6,Home (private),40.61848447230498,-73.75366953292578,2012-05-04 23:43:44,2012-04-30,train,574_4
574,4724,6,Home (private),40.61848447230498,-73.75366953292578,2012-05-04 23:44:14,2012-04-30,train,574_4
574,4397,6,Home (private),40.61848447230498,-73.75366953292578,2012-05-05 14:54:27,2012-04-30,train,574_4
574,4438,6,Home (private),40.61848447230498,-73.75366953292578,2012-05-05 14:54:58,2012-04-30,train,574_4
574,4438,6,Home (private),40.61848447230498,-73.75366953292578,2012-05-06 21:17:18,2012-04-30,train,574_4
575,2033,42,Food & Drink Shop,40.89883303700218,-74.09218477332547,2012-05-01 12:18:23,2012-04-30,train,575_4
575,1292,265,Mall,40.95634251626308,-74.06902771574032,2012-05-03 12:17:26,2012-04-30,train,575_4
575,3311,54,Food & Drink Shop,40.95643122681711,-74.06887282865802,2012-05-03 12:17:43,2012-04-30,train,575_4
575,2676,269,Miscellaneous Shop,40.89239656932563,-74.11344766616821,2012-05-03 14:31:09,2012-04-30,train,575_4
575,2033,42,Food & Drink Shop,40.89883303700218,-74.09218477332547,2012-05-04 12:35:06,2012-04-30,train,575_4
577,785,61,Office,40.760379814310205,-73.9807617849235,2012-05-03 12:41:18,2012-04-30,train,577_4
577,3604,137,Gym / Fitness Center,40.73813869163153,-73.9907649725129,2012-05-03 18:11:18,2012-04-30,train,577_4
577,785,61,Office,40.760379814310205,-73.9807617849235,2012-05-04 08:47:57,2012-04-30,train,577_4
577,1696,76,Ferry,40.75944803383743,-74.00562286376953,2012-05-04 17:53:55,2012-04-30,train,577_4
577,1589,147,Movie Theater,40.75412687549275,-74.03191429973907,2012-05-05 16:45:43,2012-04-30,train,577_4
578,863,107,Cuban Restaurant,40.722534,-73.982745,2012-05-01 12:47:19,2012-04-30,train,578_2
578,1125,137,Gym / Fitness Center,40.76078404947997,-73.96459948263352,2012-05-03 09:03:04,2012-04-30,train,578_2
578,1125,137,Gym / Fitness Center,40.76078404947997,-73.96459948263352,2012-05-04 08:05:18,2012-04-30,train,578_2
578,1462,138,Gym / Fitness Center,40.74516719837307,-73.976945170474,2012-05-06 14:43:39,2012-04-30,train,578_2
578,4447,222,Coffee Shop,40.73946479913673,-74.00265603689895,2012-05-06 17:20:09,2012-04-30,train,578_2
582,4403,222,Coffee Shop,40.72795460840525,-73.99326138382618,2012-05-01 16:17:13,2012-04-30,train,582_1
582,1910,197,Sandwich Place,40.740861,-73.987365,2012-05-03 11:51:57,2012-04-30,train,582_1
583,2407,163,Medical Center,40.63535650906132,-74.10638620755533,2012-05-03 08:21:55,2012-04-30,train,583_4
583,541,138,Gym / Fitness Center,40.759399732731005,-73.98947945148703,2012-05-03 19:05:31,2012-04-30,train,583_4
583,244,214,Bar,40.731895408411134,-73.98397571726198,2012-05-03 21:32:56,2012-04-30,train,583_4
583,2407,163,Medical Center,40.63535650906132,-74.10638620755533,2012-05-04 08:33:29,2012-04-30,train,583_4
585,235,37,Bar,40.737831,-73.981022,2012-05-03 17:57:51,2012-04-30,train,585_0
585,54,261,Hobby Shop,40.73354816138232,-73.99102896237186,2012-05-04 17:28:19,2012-04-30,train,585_0
588,1841,162,Medical Center,40.71141751605188,-73.85744998773215,2012-05-01 20:05:42,2012-04-30,train,588_4
588,1833,222,Coffee Shop,40.70813495353977,-73.83076429367065,2012-05-02 06:50:07,2012-04-30,train,588_4
588,3183,221,Bridge,40.67158174962631,-73.9984667301178,2012-05-02 07:28:17,2012-04-30,train,588_4
588,1833,222,Coffee Shop,40.70813495353977,-73.83076429367065,2012-05-03 08:12:48,2012-04-30,train,588_4
588,2537,263,Laundry Service,40.723876,-73.848102,2012-05-03 08:31:33,2012-04-30,train,588_4
588,1833,222,Coffee Shop,40.70813495353977,-73.83076429367065,2012-05-04 07:59:06,2012-04-30,train,588_4
588,2798,34,Gas Station / Garage,40.67314689987917,-73.9989542278136,2012-05-04 17:04:56,2012-04-30,train,588_4
588,1451,147,Movie Theater,40.7081979835282,-73.86868000030518,2012-05-05 15:13:48,2012-04-30,train,588_4
592,1577,2,Gym / Fitness Center,40.74916601720522,-73.9933015556966,2012-05-01 12:15:33,2012-04-30,train,592_4
592,1313,2,Gym / Fitness Center,40.71926874226221,-74.00171450760502,2012-05-02 07:10:25,2012-04-30,train,592_4
592,2058,61,Office,40.69405689629018,-73.98559414140632,2012-05-03 07:29:28,2012-04-30,train,592_4
592,1577,2,Gym / Fitness Center,40.74916601720522,-73.9933015556966,2012-05-03 12:02:14,2012-04-30,train,592_4
592,1577,2,Gym / Fitness Center,40.74916601720522,-73.9933015556966,2012-05-04 07:26:33,2012-04-30,train,592_4
592,2058,61,Office,40.69405689629018,-73.98559414140632,2012-05-04 09:47:56,2012-04-30,train,592_4
592,1313,2,Gym / Fitness Center,40.71926874226221,-74.00171450760502,2012-05-05 09:40:05,2012-04-30,train,592_4
594,2455,258,Food & Drink Shop,40.74488350771816,-73.93421173095703,2012-05-01 17:50:35,2012-04-30,train,594_4
594,1255,222,Coffee Shop,40.767614327003976,-73.98287380365903,2012-05-03 19:29:37,2012-04-30,train,594_4
594,3569,6,Home (private),40.84302968918218,-73.94186034276925,2012-05-04 06:03:26,2012-04-30,train,594_4
594,731,147,Movie Theater,40.774908970649975,-73.9820531034839,2012-05-04 06:04:42,2012-04-30,train,594_4
594,3569,6,Home (private),40.84302968918218,-73.94186034276925,2012-05-05 20:04:24,2012-04-30,train,594_4
595,2549,136,Office,40.75087483162419,-73.9824605844286,2012-05-03 08:49:43,2012-04-30,train,595_4
595,2549,136,Office,40.75087483162419,-73.9824605844286,2012-05-04 13:26:49,2012-04-30,train,595_4
595,3175,6,Home (private),40.75753284199823,-73.96537147003376,2012-05-04 19:55:21,2012-04-30,train,595_4
595,1261,138,Gym / Fitness Center,40.75365075876886,-73.96948390098557,2012-05-05 08:39:47,2012-04-30,train,595_4
595,4901,194,Mexican Restaurant,40.759220487652186,-73.98880004882812,2012-05-05 13:31:08,2012-04-30,train,595_4
595,192,121,Park,40.73528249691621,-73.99040315158283,2012-05-05 17:03:40,2012-04-30,train,595_4
595,1488,37,Bar,40.676829026053525,-73.96343804293127,2012-05-05 17:40:48,2012-04-30,train,595_4
595,582,39,Beer Garden,40.67230729295687,-73.95784374357962,2012-05-05 20:22:45,2012-04-30,train,595_4
595,517,194,Mexican Restaurant,40.7396210161324,-73.99597921593858,2012-05-06 15:28:35,2012-04-30,train,595_4
596,179,121,Park,40.75372797263211,-73.98368835767094,2012-05-01 17:27:05,2012-04-30,train,596_4
596,3384,6,Home (private),40.8411386603833,-73.85954898955855,2012-05-02 01:58:47,2012-04-30,train,596_4
596,3232,6,Home (private),40.8411386603833,-73.85954898955855,2012-05-02 01:59:07,2012-04-30,train,596_4
596,4177,163,Medical Center,40.86088438,-73.88990591390933,2012-05-03 09:56:50,2012-04-30,train,596_4
596,4898,245,General Entertainment,40.95799336338653,-74.10746446325602,2012-05-04 21:31:19,2012-04-30,train,596_4
596,4719,211,Bar,40.83934783935547,-73.86264038085938,2012-05-05 00:18:41,2012-04-30,train,596_4
596,1330,254,Department Store,40.751575,-73.992015,2012-05-05 20:16:52,2012-04-30,train,596_4
596,357,70,Train Station,40.750794799423865,-73.99357639021292,2012-05-05 20:17:41,2012-04-30,train,596_4
598,4428,301,Neighborhood,40.83991796598711,-73.87893676757812,2012-05-03 18:02:30,2012-04-30,train,598_4
598,4710,130,Burger Joint,40.73323040283871,-73.98759305477142,2012-05-03 21:52:26,2012-04-30,train,598_4
598,3881,301,Neighborhood,40.89620749856888,-73.8767794824732,2012-05-04 09:03:44,2012-04-30,train,598_4
598,4428,301,Neighborhood,40.83991796598711,-73.87893676757812,2012-05-04 12:23:21,2012-04-30,train,598_4
598,2321,264,Subway,40.841927,-73.873511,2012-05-04 12:23:43,2012-04-30,train,598_4
598,804,70,Train Station,40.73420076077984,-74.16483829470191,2012-05-04 14:25:15,2012-04-30,train,598_4
598,4190,120,Other Great Outdoors,40.731686044718685,-74.17376899312723,2012-05-04 16:00:20,2012-04-30,train,598_4
598,802,150,Stadium,40.73308000062968,-74.1708254814148,2012-05-04 18:07:31,2012-04-30,train,598_4
598,2321,264,Subway,40.841927,-73.873511,2012-05-05 04:44:03,2012-04-30,train,598_4
598,2321,264,Subway,40.841927,-73.873511,2012-05-05 18:03:10,2012-04-30,train,598_4
600,932,61,Office,40.7501685020163,-73.97381721193798,2012-05-03 08:57:11,2012-04-30,train,600_3
600,2365,102,American Restaurant,40.73779798692258,-73.98969179260743,2012-05-03 18:29:56,2012-04-30,train,600_3
601,3033,27,Italian Restaurant,40.73447774695927,-73.99210787367122,2012-05-01 14:12:48,2012-04-30,train,601_4
601,1519,138,Gym / Fitness Center,40.78001090572607,-73.94644971445123,2012-05-02 06:54:33,2012-04-30,train,601_4
601,2924,301,Neighborhood,40.775276834803655,-73.95360946655273,2012-05-02 06:55:20,2012-04-30,train,601_4
601,2924,301,Neighborhood,40.775276834803655,-73.95360946655273,2012-05-03 19:03:19,2012-04-30,train,601_4
601,4588,61,Office,40.77952303008534,-73.94635787068191,2012-05-04 11:41:32,2012-04-30,train,601_4
601,4330,78,Library,40.7520198739458,-73.98174047470093,2012-05-04 16:21:22,2012-04-30,train,601_4
601,1532,42,Food & Drink Shop,40.77939389900411,-73.94523829221725,2012-05-05 10:57:14,2012-04-30,train,601_4
601,1816,26,Drugstore / Pharmacy,40.78003976949308,-73.94729018211365,2012-05-05 11:46:38,2012-04-30,train,601_4
601,2924,301,Neighborhood,40.775276834803655,-73.95360946655273,2012-05-05 16:20:34,2012-04-30,train,601_4
601,2924,301,Neighborhood,40.775276834803655,-73.95360946655273,2012-05-06 14:15:19,2012-04-30,train,601_4
602,2074,80,Building,40.7588958925549,-73.9792121911996,2012-05-03 09:48:35,2012-04-30,train,602_4
602,2074,80,Building,40.7588958925549,-73.9792121911996,2012-05-04 09:43:59,2012-04-30,train,602_4
602,557,230,Bowling Alley,40.722693923562495,-73.95555925154694,2012-05-05 13:34:39,2012-04-30,train,602_4
602,422,194,Mexican Restaurant,40.721215,-73.987393,2012-05-06 23:44:44,2012-04-30,train,602_4
604,3658,61,Office,40.75133977617688,-73.97533815225673,2012-05-02 06:53:12,2012-04-30,train,604_3
604,3658,61,Office,40.75133977617688,-73.97533815225673,2012-05-04 07:30:16,2012-04-30,train,604_3
605,1069,70,Train Station,40.76147966168067,-74.07551050186157,2012-05-05 11:50:51,2012-04-30,train,605_2
605,3451,48,Bar,40.754023,-73.995567,2012-05-05 12:51:13,2012-04-30,train,605_2
605,242,35,Bookstore,40.75485025788179,-73.98800493858226,2012-05-05 15:35:24,2012-04-30,train,605_2
605,827,7,Clothing Store,40.74995544581752,-73.98755550384521,2012-05-05 16:49:32,2012-04-30,train,605_2
605,1645,70,Train Station,40.73606359173575,-74.02938723564148,2012-05-05 17:24:59,2012-04-30,train,605_2
606,1287,61,Office,40.80615113329764,-74.07784459703637,2012-05-03 08:55:46,2012-04-30,train,606_4
606,2653,138,Gym / Fitness Center,40.799194302240885,-74.09895295732946,2012-05-03 18:31:27,2012-04-30,train,606_4
606,1287,61,Office,40.80615113329764,-74.07784459703637,2012-05-04 09:17:12,2012-04-30,train,606_4
607,503,137,Gym / Fitness Center,40.77424772550128,-73.98162840411491,2012-05-03 12:20:57,2012-04-30,train,607_3
607,731,147,Movie Theater,40.77469335055096,-73.98205884265813,2012-05-05 18:48:15,2012-04-30,train,607_3
608,97,102,American Restaurant,40.814755,-73.958872,2012-05-01 12:27:46,2012-04-30,train,608_4
608,1718,165,College Academic Building,40.8121202519876,-73.96193504333496,2012-05-01 16:47:53,2012-04-30,train,608_4
608,3973,301,Neighborhood,40.81255339438675,-73.90839970909086,2012-05-02 07:35:33,2012-04-30,train,608_4
608,3973,301,Neighborhood,40.81255339438675,-73.90839970909086,2012-05-03 06:46:36,2012-04-30,train,608_4
608,1298,221,Bridge,40.82809886666084,-73.93391132354736,2012-05-03 08:29:30,2012-04-30,train,608_4
608,1298,221,Bridge,40.82809886666084,-73.93391132354736,2012-05-03 17:56:19,2012-04-30,train,608_4
608,1298,221,Bridge,40.82809886666084,-73.93391132354736,2012-05-04 08:19:30,2012-04-30,train,608_4
608,966,103,Southern / Soul Food Restaurant,40.81111202333411,-73.95779782440798,2012-05-04 12:58:30,2012-04-30,train,608_4
608,3973,301,Neighborhood,40.81255339438675,-73.90839970909086,2012-05-04 23:45:30,2012-04-30,train,608_4
608,3973,301,Neighborhood,40.81255339438675,-73.90839970909086,2012-05-05 10:45:09,2012-04-30,train,608_4
608,1298,221,Bridge,40.82809886666084,-73.93391132354736,2012-05-05 16:43:45,2012-04-30,train,608_4
608,1738,83,Church,40.7772917298741,-73.98068904876709,2012-05-05 17:22:26,2012-04-30,train,608_4
609,114,133,Hot Dog Joint,40.77887659371932,-73.95391187494351,2012-05-03 13:59:29,2012-04-30,train,609_4
609,1696,76,Ferry,40.75944803383743,-74.00562286376953,2012-05-03 17:23:59,2012-04-30,train,609_4
609,2358,223,Harbor / Marina,40.76006565527096,-74.02218818664551,2012-05-03 17:27:36,2012-04-30,train,609_4
609,1324,137,Gym / Fitness Center,40.75753,-73.96706,2012-05-04 18:24:54,2012-04-30,train,609_4
609,3840,37,Bar,40.757078,-73.9671573,2012-05-04 20:20:05,2012-04-30,train,609_4
610,2733,80,Building,40.82749248,-73.8566178,2012-05-01 13:25:19,2012-04-30,train,610_4
610,2733,80,Building,40.82749248,-73.8566178,2012-05-03 14:25:42,2012-04-30,train,610_4
610,2946,42,Food & Drink Shop,40.83270053138752,-73.8600285121401,2012-05-03 16:17:41,2012-04-30,train,610_4
610,2733,80,Building,40.82749248,-73.8566178,2012-05-04 12:04:12,2012-04-30,train,610_4
610,2946,42,Food & Drink Shop,40.83270053138752,-73.8600285121401,2012-05-04 14:44:33,2012-04-30,train,610_4
610,2510,26,Drugstore / Pharmacy,40.83274925601631,-73.86167093990406,2012-05-04 14:44:57,2012-04-30,train,610_4
610,2733,80,Building,40.82749248,-73.8566178,2012-05-05 15:32:55,2012-04-30,train,610_4
610,2640,202,Pizza Place,40.83261031647883,-73.86104498129052,2012-05-05 16:36:04,2012-04-30,train,610_4
610,3185,42,Food & Drink Shop,40.82488396694971,-73.85730743408203,2012-05-06 17:02:22,2012-04-30,train,610_4
612,2525,61,Office,40.70739614718942,-74.00626515225984,2012-05-01 12:00:26,2012-04-30,train,612_4
612,899,42,Food & Drink Shop,40.70833915788416,-74.00792355700952,2012-05-01 12:13:07,2012-04-30,train,612_4
612,1153,96,Deli / Bodega,40.7074219738845,-74.00536421354879,2012-05-03 15:44:29,2012-04-30,train,612_4
612,2525,61,Office,40.70739614718942,-74.00626515225984,2012-05-03 15:44:57,2012-04-30,train,612_4
612,2179,98,Donut Shop,40.709158874155385,-74.005002689179,2012-05-04 10:25:01,2012-04-30,train,612_4
612,2525,61,Office,40.70739614718942,-74.00626515225984,2012-05-04 11:12:12,2012-04-30,train,612_4
612,1924,7,Clothing Store,40.74928998821767,-73.98626561125029,2012-05-06 13:48:26,2012-04-30,train,612_4
612,391,80,Building,40.74828059076867,-73.98556262254715,2012-05-06 13:50:39,2012-04-30,train,612_4
616,1655,264,Subway,40.59524417925351,-73.95515710115433,2012-05-03 08:20:48,2012-04-30,train,616_4
616,1934,138,Gym / Fitness Center,40.58532514916689,-73.95202340155454,2012-05-03 12:27:08,2012-04-30,train,616_4
616,2465,37,Bar,40.61429110761208,-73.99510928115475,2012-05-03 20:39:31,2012-04-30,train,616_4
616,1655,264,Subway,40.59524417925351,-73.95515710115433,2012-05-04 12:27:58,2012-04-30,train,616_4
616,3285,52,Bar,40.75060566631584,-73.98532390594482,2012-05-04 23:10:36,2012-04-30,train,616_4
616,1393,97,Diner,40.61000618011367,-74.00673570454957,2012-05-05 03:10:16,2012-04-30,train,616_4
619,1402,61,Office,40.713284290992505,-74.01170512512076,2012-05-03 13:38:55,2012-04-30,train,619_3
619,856,61,Office,40.71302426211241,-74.01176250797566,2012-05-03 23:27:46,2012-04-30,train,619_3
619,972,221,Bridge,40.75673368214285,-73.95445704460144,2012-05-03 23:56:49,2012-04-30,train,619_3
619,3210,28,Salon / Barbershop,40.7541220228381,-73.93430873838403,2012-05-04 00:03:01,2012-04-30,train,619_3
619,3210,28,Salon / Barbershop,40.7541220228381,-73.93430873838403,2012-05-04 06:57:57,2012-04-30,train,619_3
619,1314,239,Airport,40.64878508617476,-73.78984451293945,2012-05-04 11:08:56,2012-04-30,train,619_3
620,3989,257,Road,40.61037463455395,-74.10889830433004,2012-05-01 18:20:32,2012-04-30,train,620_4
620,4649,6,Home (private),40.625784494598165,-74.0828838592642,2012-05-01 20:44:52,2012-04-30,train,620_4
620,4649,6,Home (private),40.625784494598165,-74.0828838592642,2012-05-03 05:54:14,2012-04-30,train,620_4
620,4649,6,Home (private),40.625784494598165,-74.0828838592642,2012-05-03 16:08:23,2012-04-30,train,620_4
620,4649,6,Home (private),40.625784494598165,-74.0828838592642,2012-05-04 05:01:47,2012-04-30,train,620_4
620,2213,222,Coffee Shop,40.612287,-74.1324905,2012-05-04 06:30:18,2012-04-30,train,620_4
620,4649,6,Home (private),40.625784494598165,-74.0828838592642,2012-05-05 02:50:37,2012-04-30,train,620_4
622,2543,270,Parking,40.67314678600656,-74.17938957454913,2012-05-03 09:08:35,2012-04-30,train,622_4
622,2441,239,Airport,40.67099198934325,-74.1807769977572,2012-05-03 09:08:48,2012-04-30,train,622_4
622,3003,138,Gym / Fitness Center,40.72710348333333,-74.17256301666667,2012-05-03 12:27:13,2012-04-30,train,622_4
622,2441,239,Airport,40.67099198934325,-74.1807769977572,2012-05-03 23:44:08,2012-04-30,train,622_4
622,2543,270,Parking,40.67314678600656,-74.17938957454913,2012-05-03 23:44:29,2012-04-30,train,622_4
622,2543,270,Parking,40.67314678600656,-74.17938957454913,2012-05-05 07:25:58,2012-04-30,train,622_4
622,2441,239,Airport,40.67099198934325,-74.1807769977572,2012-05-05 07:26:33,2012-04-30,train,622_4
624,2365,102,American Restaurant,40.73779798692258,-73.98969179260743,2012-05-01 12:53:15,2012-04-30,train,624_2
624,249,130,Burger Joint,40.74140750304299,-73.98843795061111,2012-05-05 19:19:18,2012-04-30,train,624_2
624,234,121,Park,40.74218830848454,-73.98792418909154,2012-05-06 15:03:52,2012-04-30,train,624_2
627,4857,80,Building,40.78390963909752,-73.83610838742469,2012-05-03 16:08:16,2012-04-30,train,627_3
627,2792,257,Road,40.70644125441471,-74.15183544158936,2012-05-04 09:35:55,2012-04-30,train,627_3
627,2792,257,Road,40.70644125441471,-74.15183544158936,2012-05-04 18:33:21,2012-04-30,train,627_3
627,919,221,Bridge,40.85121557428245,-73.95206451416016,2012-05-04 18:41:50,2012-04-30,train,627_3
628,2250,163,Medical Center,40.72878729696505,-73.85198593139648,2012-05-03 15:07:11,2012-04-30,train,628_1
628,2250,163,Medical Center,40.72878729696505,-73.85198593139648,2012-05-06 18:41:13,2012-04-30,train,628_1
629,1469,63,Office,40.7263140269682,-73.99587827665789,2012-05-03 11:16:35,2012-04-30,train,629_4
629,4481,138,Gym / Fitness Center,40.74611901545656,-73.99307012557983,2012-05-03 13:45:26,2012-04-30,train,629_4
629,1469,63,Office,40.7263140269682,-73.99587827665789,2012-05-03 15:02:45,2012-04-30,train,629_4
629,1197,222,Coffee Shop,40.7270333463285,-73.99521257923753,2012-05-03 15:54:54,2012-04-30,train,629_4
629,1197,222,Coffee Shop,40.7270333463285,-73.99521257923753,2012-05-04 15:00:59,2012-04-30,train,629_4
630,4081,6,Home (private),40.63404533026696,-74.14161270853154,2012-05-01 13:23:24,2012-04-30,train,630_4
630,3340,73,Bus Station,40.64334545949425,-74.07421922786128,2012-05-03 08:44:49,2012-04-30,train,630_4
630,4114,80,Building,40.63806160214608,-74.07612370262419,2012-05-03 09:10:11,2012-04-30,train,630_4
630,985,288,Ferry,40.6444055420497,-74.0729570388794,2012-05-03 11:36:07,2012-04-30,train,630_4
630,4081,6,Home (private),40.63404533026696,-74.14161270853154,2012-05-03 12:26:43,2012-04-30,train,630_4
630,3340,73,Bus Station,40.64334545949425,-74.07421922786128,2012-05-04 08:26:07,2012-04-30,train,630_4
630,4114,80,Building,40.63806160214608,-74.07612370262419,2012-05-04 08:55:43,2012-04-30,train,630_4
630,985,288,Ferry,40.6444055420497,-74.0729570388794,2012-05-04 10:21:16,2012-04-30,train,630_4
630,3340,73,Bus Station,40.64334545949425,-74.07421922786128,2012-05-04 10:31:37,2012-04-30,train,630_4
630,4081,6,Home (private),40.63404533026696,-74.14161270853154,2012-05-04 11:08:27,2012-04-30,train,630_4
630,4081,6,Home (private),40.63404533026696,-74.14161270853154,2012-05-04 16:03:24,2012-04-30,train,630_4
631,2799,257,Road,40.84066470643357,-74.16179180145264,2012-05-01 20:11:56,2012-04-30,train,631_4
631,987,257,Road,40.76117085825042,-74.01128768920898,2012-05-01 20:24:50,2012-04-30,train,631_4
631,3565,301,Neighborhood,40.74959782183326,-73.98605346679688,2012-05-01 20:29:03,2012-04-30,train,631_4
631,587,266,Bus Station,40.75722129839836,-73.99154663085938,2012-05-01 20:30:16,2012-04-30,train,631_4
631,337,214,Bar,40.76430758425931,-73.98882150650024,2012-05-01 20:54:53,2012-04-30,train,631_4
631,987,257,Road,40.76117085825042,-74.01128768920898,2012-05-02 04:34:02,2012-04-30,train,631_4
631,2799,257,Road,40.84066470643357,-74.16179180145264,2012-05-02 04:41:32,2012-04-30,train,631_4
631,2657,93,Breakfast Spot,40.83654656118707,-74.11412886369745,2012-05-03 09:00:06,2012-04-30,train,631_4
631,2607,6,Home (private),40.83838533640991,-74.11812337576457,2012-05-03 13:58:07,2012-04-30,train,631_4
631,2799,257,Road,40.84066470643357,-74.16179180145264,2012-05-03 14:02:06,2012-04-30,train,631_4
631,3343,73,Bus Station,40.83664807467437,-74.11432385980143,2012-05-03 21:35:21,2012-04-30,train,631_4
631,2799,257,Road,40.84066470643357,-74.16179180145264,2012-05-03 21:45:14,2012-04-30,train,631_4
631,587,266,Bus Station,40.75722129839836,-73.99154663085938,2012-05-03 21:57:26,2012-04-30,train,631_4
631,216,37,Bar,40.73461264837887,-73.99217674014386,2012-05-03 23:11:59,2012-04-30,train,631_4
631,4466,214,Bar,40.76000064275873,-73.99648189544678,2012-05-04 00:01:47,2012-04-30,train,631_4
631,2658,257,Road,40.89002830179658,-74.07025337219238,2012-05-04 17:40:32,2012-04-30,train,631_4
631,3343,73,Bus Station,40.83664807467437,-74.11432385980143,2012-05-04 19:53:57,2012-04-30,train,631_4
631,2254,70,Train Station,40.82829370405848,-74.10080909729004,2012-05-04 20:07:46,2012-04-30,train,631_4
631,2498,214,Bar,40.910667297995,-74.03597079516709,2012-05-04 23:38:31,2012-04-30,train,631_4
631,2607,6,Home (private),40.83838533640991,-74.11812337576457,2012-05-05 03:14:14,2012-04-30,train,631_4
631,720,146,Movie Theater,40.828585959081536,-74.14026975631714,2012-05-05 11:55:55,2012-04-30,train,631_4
631,720,146,Movie Theater,40.828585959081536,-74.14026975631714,2012-05-05 15:30:47,2012-04-30,train,631_4
631,3343,73,Bus Station,40.83684753867545,-74.11438121155814,2012-05-06 19:54:45,2012-04-30,train,631_4
631,2799,257,Road,40.84066470643357,-74.16179180145264,2012-05-06 20:14:54,2012-04-30,train,631_4
631,987,257,Road,40.76117085825042,-74.01128768920898,2012-05-06 20:26:14,2012-04-30,train,631_4
631,587,266,Bus Station,40.75722129839836,-73.99154663085938,2012-05-06 20:32:06,2012-04-30,train,631_4
631,337,214,Bar,40.76430758425931,-73.98882150650024,2012-05-06 20:54:47,2012-04-30,train,631_4
632,1181,9,Clothing Store,40.72397122795905,-73.99608487193893,2012-05-01 18:06:05,2012-04-30,train,632_3
632,860,259,Hotel,40.74587751338479,-73.98814227092514,2012-05-01 18:26:43,2012-04-30,train,632_3
632,1548,194,Mexican Restaurant,40.75922735258565,-73.98283362960619,2012-05-01 18:52:30,2012-04-30,train,632_3
632,396,259,Hotel,40.75925299429778,-73.98515224456787,2012-05-01 19:24:19,2012-04-30,train,632_3
632,3760,146,Movie Theater,40.71621993235362,-73.96228637176877,2012-05-01 20:02:37,2012-04-30,train,632_3
632,764,221,Bridge,40.713565479798646,-73.97236347198486,2012-05-01 22:15:49,2012-04-30,train,632_3
632,1181,9,Clothing Store,40.72397122795905,-73.99608487193893,2012-05-03 18:20:25,2012-04-30,train,632_3
632,496,254,Department Store,40.76459171490056,-73.97121297728602,2012-05-04 17:45:28,2012-04-30,train,632_3
632,1181,9,Clothing Store,40.72397122795905,-73.99608487193893,2012-05-04 18:22:45,2012-04-30,train,632_3
634,2945,73,Bus Station,40.862906,-74.12739533333334,2012-05-03 20:28:36,2012-04-30,train,634_0
634,2027,66,Arts & Crafts Store,40.82939777183173,-74.13660049438477,2012-05-04 13:27:44,2012-04-30,train,634_0
634,2541,19,Bank,40.85303713735972,-74.13976337472765,2012-05-05 10:27:59,2012-04-30,train,634_0
634,2027,66,Arts & Crafts Store,40.82939777183173,-74.13660049438477,2012-05-05 11:06:00,2012-04-30,train,634_0
634,987,257,Road,40.76117085825042,-74.01128768920898,2012-05-06 20:56:15,2012-04-30,train,634_0
634,3474,257,Road,40.75732057535766,-73.98983526620442,2012-05-06 21:07:39,2012-04-30,train,634_0
634,528,42,Food & Drink Shop,40.74481848035928,-73.99515151977539,2012-05-06 23:47:20,2012-04-30,train,634_0
635,2411,121,Park,40.72413655548345,-74.08368587493896,2012-05-03 16:59:43,2012-04-30,train,635_3
635,1419,70,Train Station,40.732267009830224,-74.06304359436035,2012-05-04 13:10:37,2012-04-30,train,635_3
636,908,256,Furniture / Home Store,40.76266834615508,-73.96865740411552,2012-05-01 12:05:00,2012-04-30,train,636_4
636,908,256,Furniture / Home Store,40.76266834615508,-73.96865740411552,2012-05-03 13:06:13,2012-04-30,train,636_4
636,908,256,Furniture / Home Store,40.76266834615508,-73.96865740411552,2012-05-05 12:05:26,2012-04-30,train,636_4
636,908,256,Furniture / Home Store,40.76266834615508,-73.96865740411552,2012-05-06 14:10:04,2012-04-30,train,636_4
637,3717,136,Office,40.75458019674302,-73.99409351370946,2012-05-03 09:14:24,2012-04-30,train,637_4
637,1052,10,Gym / Fitness Center,40.71515505125825,-73.96037502101534,2012-05-03 19:20:31,2012-04-30,train,637_4
637,3717,136,Office,40.75458019674302,-73.99409351370946,2012-05-04 09:10:45,2012-04-30,train,637_4
637,3730,255,Flea Market,40.72059136642329,-73.96331906318665,2012-05-06 15:51:25,2012-04-30,train,637_4
639,2408,8,Medical Center,40.78514255985002,-74.17647256809244,2012-05-01 15:11:41,2012-04-30,train,639_3
639,2408,8,Medical Center,40.78514255985002,-74.17647256809244,2012-05-03 11:03:20,2012-04-30,train,639_3
639,4529,90,School,40.77095257831267,-74.21140085487183,2012-05-04 07:57:20,2012-04-30,train,639_3
639,2408,8,Medical Center,40.78514255985002,-74.17647256809244,2012-05-04 15:13:53,2012-04-30,train,639_3
641,278,29,Japanese Restaurant,40.7290244760006,-73.98863582363357,2012-05-01 21:03:24,2012-04-30,train,641_4
641,388,132,Fast Food Restaurant,40.72817023363015,-73.9878495820916,2012-05-01 22:43:12,2012-04-30,train,641_4
641,81,202,Pizza Place,40.71883289192165,-73.95662114190908,2012-05-03 17:02:27,2012-04-30,train,641_4
643,3131,28,Salon / Barbershop,40.60832376488109,-74.16391841234065,2012-05-01 13:00:54,2012-04-30,train,643_3
643,3131,28,Salon / Barbershop,40.60832376488109,-74.16391841234065,2012-05-04 13:12:52,2012-04-30,train,643_3
644,2772,173,Community College,40.917777126151215,-74.16923761367798,2012-05-03 12:10:41,2012-04-30,train,644_3
644,4790,31,Bar,40.91738697741224,-74.17443031165675,2012-05-04 11:20:39,2012-04-30,train,644_3
648,3599,61,Office,40.759838111199954,-73.98109674453735,2012-05-01 16:39:39,2012-04-30,train,648_3
648,981,4,Gym / Fitness Center,40.73426694935767,-73.99088144302367,2012-05-01 19:53:07,2012-04-30,train,648_3
648,3599,61,Office,40.759838111199954,-73.98109674453735,2012-05-03 13:18:24,2012-04-30,train,648_3
648,3816,73,Bus Station,40.75233953058112,-73.99407055845076,2012-05-04 18:38:32,2012-04-30,train,648_3
649,1025,194,Mexican Restaurant,40.78762116953223,-74.04583990573883,2012-05-01 19:22:54,2012-04-30,train,649_2
649,975,39,Beer Garden,40.71520900487956,-74.04685897537672,2012-05-03 21:35:23,2012-04-30,train,649_2
650,4337,165,College Academic Building,40.77089747711729,-73.98957252502441,2012-05-01 19:49:36,2012-04-30,train,650_2
650,2778,138,Gym / Fitness Center,40.862397876486206,-73.89731857062282,2012-05-03 07:13:08,2012-04-30,train,650_2
650,4337,165,College Academic Building,40.77089747711729,-73.98957252502441,2012-05-03 18:20:24,2012-04-30,train,650_2
650,2370,257,Road,40.83874913796459,-73.87310028076172,2012-05-05 10:27:00,2012-04-30,train,650_2
651,2911,61,Office,40.7410337,-73.99785231,2012-05-01 12:52:25,2012-04-30,train,651_0
651,2911,61,Office,40.7410337,-73.99785231,2012-05-04 13:36:43,2012-04-30,train,651_0
651,3501,194,Mexican Restaurant,40.724118658113454,-73.95111646856455,2012-05-04 21:02:03,2012-04-30,train,651_0
651,3852,50,Bar,40.723733,-73.951196,2012-05-04 22:41:07,2012-04-30,train,651_0
651,895,32,Hardware Store,40.74215230390258,-73.99064540863037,2012-05-05 15:44:17,2012-04-30,train,651_0
651,425,35,Bookstore,40.73673498897392,-73.98976065994738,2012-05-05 16:24:48,2012-04-30,train,651_0
651,3730,255,Flea Market,40.72059136642329,-73.96331906318665,2012-05-06 16:51:58,2012-04-30,train,651_0
651,1251,37,Bar,40.722404640382265,-73.95522952079773,2012-05-06 19:35:29,2012-04-30,train,651_0
653,3374,28,Salon / Barbershop,40.76014523422257,-73.97418453447446,2012-05-03 08:54:35,2012-04-30,train,653_4
653,216,37,Bar,40.73461264837887,-73.99217674014386,2012-05-03 23:55:27,2012-04-30,train,653_4
653,4382,6,Home (private),40.86590418380428,-73.89482953406639,2012-05-04 04:25:16,2012-04-30,train,653_4
653,3374,28,Salon / Barbershop,40.76014523422257,-73.97418453447446,2012-05-04 10:15:32,2012-04-30,train,653_4
653,1392,214,Bar,40.7608782375,-73.990818,2012-05-04 21:52:16,2012-04-30,train,653_4
653,1484,214,Bar,40.760871,-73.990166,2012-05-05 00:21:07,2012-04-30,train,653_4
653,3374,28,Salon / Barbershop,40.76014523422257,-73.97418453447446,2012-05-05 11:52:32,2012-04-30,train,653_4
653,4901,194,Mexican Restaurant,40.759220487652186,-73.98880004882812,2012-05-05 19:36:46,2012-04-30,train,653_4
653,3987,106,Burrito Place,40.755235,-73.968381,2012-05-05 20:24:34,2012-04-30,train,653_4
653,337,214,Bar,40.76430758425931,-73.98882150650024,2012-05-06 19:18:20,2012-04-30,train,653_4
654,1792,61,Office,40.756621857741656,-73.97053997515854,2012-05-03 13:03:21,2012-04-30,train,654_3
654,131,37,Bar,40.728306,-73.981973,2012-05-03 22:51:18,2012-04-30,train,654_3
654,1792,61,Office,40.756621857741656,-73.97053997515854,2012-05-04 10:04:49,2012-04-30,train,654_3
654,1115,138,Gym / Fitness Center,40.770765608517685,-73.95504839410326,2012-05-05 13:03:42,2012-04-30,train,654_3
654,852,143,Zoo,40.76744416223376,-73.97193431854248,2012-05-05 15:37:46,2012-04-30,train,654_3
654,80,37,Bar,40.745212,-73.978328,2012-05-05 19:46:25,2012-04-30,train,654_3
654,192,121,Park,40.73528249691621,-73.99040315158283,2012-05-06 14:49:17,2012-04-30,train,654_3
654,86,21,French Restaurant,40.73821643777286,-73.9878495820916,2012-05-06 15:41:59,2012-04-30,train,654_3
654,1115,138,Gym / Fitness Center,40.770765608517685,-73.95504839410326,2012-05-06 23:14:25,2012-04-30,train,654_3
655,853,194,Mexican Restaurant,40.75557964275588,-73.97086143493652,2012-05-03 13:42:07,2012-04-30,train,655_2
655,2126,47,Bar,40.75533,-73.968463,2012-05-04 22:28:44,2012-04-30,train,655_2
655,371,194,Mexican Restaurant,40.734195,-74.00316,2012-05-05 17:44:23,2012-04-30,train,655_2
655,3372,47,Bar,40.734088,-74.002822,2012-05-05 18:57:27,2012-04-30,train,655_2
655,523,47,Bar,40.73429763507372,-74.00621350620632,2012-05-06 20:37:57,2012-04-30,train,655_2
656,192,121,Park,40.73528249691621,-73.99040315158283,2012-05-01 15:06:40,2012-04-30,train,656_4
656,4433,231,Campground,40.73520973399571,-73.99106339580494,2012-05-01 15:06:53,2012-04-30,train,656_4
656,5040,121,Park,40.70901126835032,-74.01094436645508,2012-05-01 20:55:37,2012-04-30,train,656_4
656,4251,128,Bakery,40.76183722175493,-73.96639823913574,2012-05-03 09:12:17,2012-04-30,train,656_4
656,1599,131,Café,40.76275135232567,-73.96765871566664,2012-05-03 11:59:34,2012-04-30,train,656_4
656,5040,121,Park,40.70901126835032,-74.01094436645508,2012-05-03 16:27:57,2012-04-30,train,656_4
656,4436,259,Hotel,40.72783447937824,-73.9908969674878,2012-05-04 08:02:05,2012-04-30,train,656_4
656,192,121,Park,40.73528249691621,-73.99040315158283,2012-05-04 08:13:21,2012-04-30,train,656_4
656,4433,231,Campground,40.73520973399571,-73.99106339580494,2012-05-04 08:13:38,2012-04-30,train,656_4
656,1074,284,Historic Site,40.70718136353293,-74.01041865348816,2012-05-04 22:35:07,2012-04-30,train,656_4
656,5040,121,Park,40.70901126835032,-74.01094436645508,2012-05-04 22:35:29,2012-04-30,train,656_4
656,1599,131,Café,40.76275135232567,-73.96765871566664,2012-05-05 10:53:29,2012-04-30,train,656_4
656,4251,128,Bakery,40.76183722175493,-73.96639823913574,2012-05-05 13:47:47,2012-04-30,train,656_4
656,5040,121,Park,40.70901126835032,-74.01094436645508,2012-05-05 16:09:10,2012-04-30,train,656_4
656,1599,131,Café,40.76275135232567,-73.96765871566664,2012-05-06 13:45:51,2012-04-30,train,656_4
656,5040,121,Park,40.70901126835032,-74.01094436645508,2012-05-06 15:29:59,2012-04-30,train,656_4
657,1831,97,Diner,40.834162912273335,-73.8611376285553,2012-05-04 23:40:53,2012-04-30,train,657_0
657,4521,6,Home (private),40.8411386603833,-73.85954898955855,2012-05-05 08:05:27,2012-04-30,train,657_0
660,3139,6,Home (private),40.74118774734355,-74.27075087427112,2012-05-01 21:36:08,2012-04-30,train,660_4
660,1069,70,Train Station,40.76147966168067,-74.07551050186157,2012-05-03 13:11:45,2012-04-30,train,660_4
660,4887,6,Home (private),40.74932295035119,-73.97712595918333,2012-05-03 22:45:24,2012-04-30,train,660_4
660,357,70,Train Station,40.750794799423865,-73.99357639021292,2012-05-04 10:31:13,2012-04-30,train,660_4
660,3165,64,Government Building,40.74569252724753,-74.26388867939275,2012-05-04 16:03:28,2012-04-30,train,660_4
660,3165,64,Government Building,40.74569252724753,-74.26388867939275,2012-05-05 20:24:34,2012-04-30,train,660_4
660,3139,6,Home (private),40.74118774734355,-74.27075087427112,2012-05-06 18:13:48,2012-04-30,train,660_4
661,525,220,BBQ Joint,40.71411846998035,-73.95639896392822,2012-05-03 19:16:11,2012-04-30,train,661_2
661,5,47,Bar,40.756161,-73.967686,2012-05-04 21:16:08,2012-04-30,train,661_2
662,857,259,Hotel,40.76224486711165,-73.9792871763928,2012-05-03 09:02:19,2012-04-30,train,662_4
662,2145,83,Church,40.760740156333405,-73.97603273391724,2012-05-03 10:34:52,2012-04-30,train,662_4
662,2893,7,Clothing Store,40.76035821078917,-73.97618293762207,2012-05-03 10:47:48,2012-04-30,train,662_4
662,1196,35,Bookstore,40.75837793616776,-73.9696618269312,2012-05-03 11:56:34,2012-04-30,train,662_4
662,4279,279,Outdoors & Recreation,40.850649632367606,-73.89570515031271,2012-05-03 18:01:41,2012-04-30,train,662_4
663,3310,120,Other Great Outdoors,40.94671189223704,-74.06816149376203,2012-05-01 14:00:44,2012-04-30,train,663_4
663,1680,173,Community College,40.95105710437937,-74.08986568450928,2012-05-01 14:04:20,2012-04-30,train,663_4
663,2567,178,General College & University,40.94931791975774,-74.08792872284181,2012-05-01 14:04:52,2012-04-30,train,663_4
663,3275,181,Student Center,40.95158380800399,-74.08855676651001,2012-05-01 14:31:24,2012-04-30,train,663_4
663,2658,257,Road,40.89002830179658,-74.07025337219238,2012-05-01 17:55:36,2012-04-30,train,663_4
663,3366,120,Other Great Outdoors,40.86494412833141,-74.0673755803225,2012-05-01 17:55:45,2012-04-30,train,663_4
663,2597,301,Neighborhood,40.82144157832533,-73.9878988265991,2012-05-03 10:07:23,2012-04-30,train,663_4
663,4406,6,Home (private),40.82998413731276,-73.98887973002674,2012-05-03 10:11:28,2012-04-30,train,663_4
663,3337,120,Other Great Outdoors,40.76867278698223,-74.02414532471106,2012-05-03 14:59:01,2012-04-30,train,663_4
663,2567,178,General College & University,40.94931791975774,-74.08792872284181,2012-05-03 16:48:32,2012-04-30,train,663_4
663,1680,173,Community College,40.95105710437937,-74.08986568450928,2012-05-03 16:48:41,2012-04-30,train,663_4
663,3275,181,Student Center,40.95158380800399,-74.08855676651001,2012-05-03 16:50:25,2012-04-30,train,663_4
663,2658,257,Road,40.89002830179658,-74.07025337219238,2012-05-03 17:33:25,2012-04-30,train,663_4
663,3320,120,Other Great Outdoors,40.77361051343007,-74.03396263992005,2012-05-03 17:48:02,2012-04-30,train,663_4
663,847,265,Mall,40.917335441802095,-74.0756607055664,2012-05-03 22:55:50,2012-04-30,train,663_4
663,1843,147,Movie Theater,40.91532869189857,-74.07670140266418,2012-05-03 23:06:07,2012-04-30,train,663_4
663,4406,6,Home (private),40.82998413731276,-73.98887973002674,2012-05-04 03:24:50,2012-04-30,train,663_4
663,4406,6,Home (private),40.82998413731276,-73.98887973002674,2012-05-04 13:40:59,2012-04-30,train,663_4
663,1680,173,Community College,40.95105710437937,-74.08986568450928,2012-05-04 15:13:06,2012-04-30,train,663_4
663,3275,181,Student Center,40.95158380800399,-74.08855676651001,2012-05-04 15:13:48,2012-04-30,train,663_4
663,1431,222,Coffee Shop,40.932806255079214,-74.07115459442139,2012-05-04 16:28:18,2012-04-30,train,663_4
663,3615,138,Gym / Fitness Center,40.78928261243819,-74.04390566975712,2012-05-04 17:15:51,2012-04-30,train,663_4
663,2010,42,Food & Drink Shop,40.82118176815919,-73.99176120758057,2012-05-04 19:14:14,2012-04-30,train,663_4
663,4406,6,Home (private),40.82998413731276,-73.98887973002674,2012-05-04 19:54:05,2012-04-30,train,663_4
663,4437,61,Office,40.843089,-73.973083,2012-05-05 09:06:35,2012-04-30,train,663_4
663,4901,194,Mexican Restaurant,40.759220487652186,-73.98880004882812,2012-05-05 10:07:57,2012-04-30,train,663_4
663,4406,6,Home (private),40.82998413731276,-73.98887973002674,2012-05-05 17:56:12,2012-04-30,train,663_4
663,4727,6,Home (private),40.75765180683012,-74.03588760058483,2012-05-06 18:15:16,2012-04-30,train,663_4
664,4417,6,Home (private),40.98764596081398,-73.98887973002674,2012-05-03 10:49:45,2012-04-30,train,664_3
664,1257,265,Mall,40.90579352751887,-74.03098583221436,2012-05-04 18:22:04,2012-04-30,train,664_3
665,1259,98,Donut Shop,40.72620615570406,-73.9861623083502,2012-05-01 19:23:58,2012-04-30,train,665_4
665,3228,61,Office,40.70253724602918,-73.99058103561401,2012-05-01 20:03:47,2012-04-30,train,665_4
665,4812,55,Bar,40.7251711375904,-73.98317223921723,2012-05-03 13:30:48,2012-04-30,train,665_4
665,1259,98,Donut Shop,40.72620615570406,-73.9861623083502,2012-05-03 13:35:50,2012-04-30,train,665_4
665,4812,55,Bar,40.7251711375904,-73.98317223921723,2012-05-03 23:40:24,2012-04-30,train,665_4
665,4812,55,Bar,40.7251711375904,-73.98317223921723,2012-05-03 23:42:52,2012-04-30,train,665_4
665,1259,98,Donut Shop,40.72620615570406,-73.9861623083502,2012-05-04 12:00:53,2012-04-30,train,665_4
665,3228,61,Office,40.70253724602918,-73.99058103561401,2012-05-04 12:14:18,2012-04-30,train,665_4
665,3228,61,Office,40.70253724602918,-73.99058103561401,2012-05-04 14:14:44,2012-04-30,train,665_4
665,2687,201,Ice Cream Shop,40.721719,-73.984641,2012-05-04 20:35:22,2012-04-30,train,665_4
665,4812,55,Bar,40.7251711375904,-73.98317223921723,2012-05-05 02:34:37,2012-04-30,train,665_4
665,288,288,Ferry,40.70145732419213,-74.01321428847186,2012-05-05 11:02:08,2012-04-30,train,665_4
665,2687,201,Ice Cream Shop,40.721719,-73.984641,2012-05-06 14:17:34,2012-04-30,train,665_4
665,3800,194,Mexican Restaurant,40.722340607446,-73.98782908916473,2012-05-06 14:27:58,2012-04-30,train,665_4
665,357,70,Train Station,40.750794799423865,-73.99357639021292,2012-05-06 15:49:52,2012-04-30,train,665_4
665,804,70,Train Station,40.73420076077984,-74.16483829470191,2012-05-06 19:13:39,2012-04-30,train,665_4
665,1608,70,Train Station,40.71267092713338,-74.01193141937256,2012-05-06 19:47:49,2012-04-30,train,665_4
665,3228,61,Office,40.70253724602918,-73.99058103561401,2012-05-06 20:10:01,2012-04-30,train,665_4
667,862,147,Movie Theater,40.58606020705239,-73.92983436584473,2012-05-04 13:11:38,2012-04-30,train,667_2
667,3116,42,Food & Drink Shop,40.74186151409088,-73.98943362953369,2012-05-04 23:15:13,2012-04-30,train,667_2
668,357,70,Train Station,40.750794799423865,-73.99357639021292,2012-05-03 09:01:04,2012-04-30,train,668_4
668,774,61,Office,40.75790395514735,-73.9864182472229,2012-05-03 09:18:17,2012-04-30,train,668_4
669,4674,211,Bar,40.797960508726646,-74.02059352386307,2012-05-01 17:05:37,2012-04-30,train,669_2
669,4674,211,Bar,40.797960508726646,-74.02059352386307,2012-05-01 22:13:18,2012-04-30,train,669_2
669,4674,211,Bar,40.797960508726646,-74.02059352386307,2012-05-03 19:13:32,2012-04-30,train,669_2
669,2010,42,Food & Drink Shop,40.82118176815919,-73.99176120758057,2012-05-04 10:34:19,2012-04-30,train,669_2
669,4674,211,Bar,40.797960508726646,-74.02059352386307,2012-05-04 12:37:21,2012-04-30,train,669_2
670,3324,171,College Academic Building,40.82413304860124,-74.17828880163923,2012-05-01 15:07:31,2012-04-30,train,670_4
670,3605,6,Home (private),40.81866124816049,-74.1885824928771,2012-05-01 20:32:50,2012-04-30,train,670_4
670,2870,96,Deli / Bodega,40.812158822891696,-74.19442355632782,2012-05-02 06:00:43,2012-04-30,train,670_4
670,2870,96,Deli / Bodega,40.812158822891696,-74.19442355632782,2012-05-03 06:01:13,2012-04-30,train,670_4
670,4146,6,Home (private),40.79726155986237,-74.17684116064805,2012-05-04 06:30:27,2012-04-30,train,670_4
670,4146,6,Home (private),40.79726155986237,-74.17684116064805,2012-05-04 18:43:22,2012-04-30,train,670_4
670,1641,258,Food & Drink Shop,40.80547929368668,-74.19283338241432,2012-05-05 05:29:11,2012-04-30,train,670_4
670,2870,96,Deli / Bodega,40.812158822891696,-74.19442355632782,2012-05-05 08:31:58,2012-04-30,train,670_4
670,4146,6,Home (private),40.79726155986237,-74.17684116064805,2012-05-05 09:24:29,2012-04-30,train,670_4
670,1777,42,Food & Drink Shop,40.8377843193101,-74.1840505873695,2012-05-05 16:49:59,2012-04-30,train,670_4
671,2968,130,Burger Joint,40.75845677498381,-73.98914046612941,2012-05-03 23:06:39,2012-04-30,train,671_4
671,170,102,American Restaurant,40.719607,-73.986764,2012-05-05 03:08:01,2012-04-30,train,671_4
671,4180,48,Bar,40.741503893507485,-73.99327286150431,2012-05-06 16:48:55,2012-04-30,train,671_4
674,2673,135,Post Office,40.905482,-74.063861,2012-05-01 13:25:53,2012-04-30,train,674_4
674,2106,254,Department Store,40.91552327277213,-74.06089782714844,2012-05-01 13:49:09,2012-04-30,train,674_4
674,2993,19,Bank,40.90326209689921,-74.06131189023667,2012-05-04 10:05:48,2012-04-30,train,674_4
675,3492,174,College Academic Building,40.8098120013228,-73.95910077666015,2012-05-02 03:41:35,2012-04-30,train,675_4
675,2577,63,Office,40.74049401829623,-73.98673474788666,2012-05-04 09:46:10,2012-04-30,train,675_4
676,4287,174,College Academic Building,40.7106834327866,-74.00461247163237,2012-05-02 00:40:21,2012-04-30,train,676_4
676,274,37,Bar,40.70443641202592,-74.01012361049652,2012-05-04 00:05:49,2012-04-30,train,676_4
676,4287,174,College Academic Building,40.7106834327866,-74.00461247163237,2012-05-05 18:52:32,2012-04-30,train,676_4
676,4901,194,Mexican Restaurant,40.759220487652186,-73.98880004882812,2012-05-05 19:32:18,2012-04-30,train,676_4
676,4287,174,College Academic Building,40.7106834327866,-74.00461247163237,2012-05-06 19:57:49,2012-04-30,train,676_4
676,3813,211,Bar,40.743597144110296,-74.0033270434982,2012-05-06 23:43:01,2012-04-30,train,676_4
678,3765,264,Subway,40.66939826094601,-73.90202669600602,2012-05-01 12:51:00,2012-04-30,train,678_3
678,1955,264,Subway,40.74637911942415,-73.98189067840576,2012-05-01 13:40:02,2012-04-30,train,678_3
678,4628,6,Home (private),40.67008028629618,-73.90658830179062,2012-05-01 19:57:00,2012-04-30,train,678_3
678,4628,6,Home (private),40.67008028629618,-73.90658830179062,2012-05-03 18:53:09,2012-04-30,train,678_3
678,3928,301,Neighborhood,40.665363270633705,-73.90661413814622,2012-05-05 13:44:15,2012-04-30,train,678_3
678,2130,71,Train Station,40.66263818239269,-73.90887022018433,2012-05-05 13:46:31,2012-04-30,train,678_3
678,2744,264,Subway,40.66147748707395,-73.91629391821795,2012-05-05 13:48:14,2012-04-30,train,678_3
678,2251,70,Train Station,40.66869292137888,-73.93140077590942,2012-05-05 13:49:00,2012-04-30,train,678_3
678,1817,264,Subway,40.6706459457292,-73.95802974700928,2012-05-05 14:00:08,2012-04-30,train,678_3
678,1817,264,Subway,40.6706459457292,-73.95802974700928,2012-05-05 15:51:08,2012-04-30,train,678_3
678,4628,6,Home (private),40.67008028629618,-73.90658830179062,2012-05-06 18:38:30,2012-04-30,train,678_3
680,1488,37,Bar,40.676829026053525,-73.96343804293127,2012-05-04 21:46:31,2012-04-30,train,680_3
680,1488,37,Bar,40.676829026053525,-73.96343804293127,2012-05-06 17:26:01,2012-04-30,train,680_3
681,2310,264,Subway,40.88357190912476,-73.86267185211182,2012-05-01 14:20:05,2012-04-30,train,681_4
681,4481,138,Gym / Fitness Center,40.74611901545656,-73.99307012557983,2012-05-01 20:55:24,2012-04-30,train,681_4
681,349,70,Train Station,40.75280620914171,-73.97717535495758,2012-05-01 23:38:48,2012-04-30,train,681_4
681,2310,264,Subway,40.88357190912476,-73.86267185211182,2012-05-03 12:21:39,2012-04-30,train,681_4
681,1836,264,Subway,40.77950085761895,-73.9558461945179,2012-05-03 13:00:25,2012-04-30,train,681_4
681,1337,222,Coffee Shop,40.7786522461373,-73.95600342794427,2012-05-03 15:31:38,2012-04-30,train,681_4
681,1446,7,Clothing Store,40.77879,-73.953984,2012-05-03 19:21:53,2012-04-30,train,681_4
681,271,254,Department Store,40.75061379403183,-73.98856401443481,2012-05-03 19:50:06,2012-04-30,train,681_4
681,4304,7,Clothing Store,40.74954092693113,-73.98661136627197,2012-05-03 19:56:20,2012-04-30,train,681_4
681,827,7,Clothing Store,40.74995544581752,-73.98755550384521,2012-05-03 20:37:56,2012-04-30,train,681_4
681,1012,132,Fast Food Restaurant,40.742,-73.993378,2012-05-03 21:35:26,2012-04-30,train,681_4
681,2669,214,Bar,40.740787336369145,-73.99331877220993,2012-05-03 22:29:58,2012-04-30,train,681_4
681,357,70,Train Station,40.750794799423865,-73.99357639021292,2012-05-03 23:41:17,2012-04-30,train,681_4
681,1742,264,Subway,40.75099579556285,-73.99068832397461,2012-05-03 23:41:32,2012-04-30,train,681_4
681,4302,138,Gym / Fitness Center,40.85432363277056,-73.86778111008127,2012-05-04 14:52:27,2012-04-30,train,681_4
681,2310,264,Subway,40.88357190912476,-73.86267185211182,2012-05-04 16:50:27,2012-04-30,train,681_4
681,1446,7,Clothing Store,40.77879,-73.953984,2012-05-04 18:32:56,2012-04-30,train,681_4
681,1566,264,Subway,40.77841289502202,-73.98201942443848,2012-05-04 22:20:44,2012-04-30,train,681_4
681,1836,264,Subway,40.77950085761895,-73.9558461945179,2012-05-05 11:53:57,2012-04-30,train,681_4
681,1337,222,Coffee Shop,40.7786522461373,-73.95600342794427,2012-05-05 11:58:10,2012-04-30,train,681_4
681,1446,7,Clothing Store,40.77879,-73.953984,2012-05-05 15:12:08,2012-04-30,train,681_4
681,2017,132,Fast Food Restaurant,40.777740928194255,-73.95470399506407,2012-05-05 15:14:09,2012-04-30,train,681_4
681,2912,264,Subway,40.68036952800187,-73.94965589046478,2012-05-05 18:55:25,2012-04-30,train,681_4
681,1522,264,Subway,40.71037756449118,-74.00755405426025,2012-05-05 20:47:41,2012-04-30,train,681_4
681,1733,264,Subway,40.75650612666626,-73.98802757263184,2012-05-06 14:20:43,2012-04-30,train,681_4
681,660,122,Plaza,40.76803326982161,-73.98186922073364,2012-05-06 20:19:42,2012-04-30,train,681_4
681,3772,80,Building,40.76796322894073,-73.981680056791,2012-05-06 20:22:21,2012-04-30,train,681_4
682,840,128,Bakery,40.77763199574933,-73.95200044127819,2012-05-01 19:17:37,2012-04-30,train,682_3
682,2814,206,Seafood Restaurant,40.77483281091239,-73.95447439536345,2012-05-04 19:03:32,2012-04-30,train,682_3
682,1936,138,Gym / Fitness Center,40.77594915851724,-73.95591512896753,2012-05-06 17:13:40,2012-04-30,train,682_3
686,3737,80,Building,40.75230660947181,-73.971854320252,2012-05-01 12:10:27,2012-04-30,train,686_4
686,993,258,Food & Drink Shop,40.75202014376042,-73.97139516141367,2012-05-01 14:35:49,2012-04-30,train,686_4
686,3738,70,Train Station,40.62098150778056,-73.97536684912832,2012-05-01 18:16:18,2012-04-30,train,686_4
686,1983,254,Department Store,40.631543741755145,-73.94687408770778,2012-05-01 18:56:52,2012-04-30,train,686_4
686,3737,80,Building,40.75230660947181,-73.971854320252,2012-05-03 13:04:42,2012-04-30,train,686_4
686,648,42,Food & Drink Shop,40.689649,-73.992413,2012-05-03 20:21:57,2012-04-30,train,686_4
686,1983,254,Department Store,40.631543741755145,-73.94687408770778,2012-05-04 20:13:43,2012-04-30,train,686_4
686,2699,122,Plaza,40.63221960872999,-73.9472992672502,2012-05-05 20:20:59,2012-04-30,train,686_4
686,1983,254,Department Store,40.631543741755145,-73.94687408770778,2012-05-05 20:31:47,2012-04-30,train,686_4
687,4787,6,Home (private),40.76921864258713,-74.25901478846667,2012-05-01 18:49:48,2012-04-30,train,687_4
687,4787,6,Home (private),40.76921864258713,-74.25901478846667,2012-05-01 21:08:03,2012-04-30,train,687_4
687,1731,42,Food & Drink Shop,40.79467578552487,-74.25571203231812,2012-05-03 15:31:39,2012-04-30,train,687_4
687,4787,6,Home (private),40.76921864258713,-74.25901478846667,2012-05-03 17:54:44,2012-04-30,train,687_4
687,4787,6,Home (private),40.76921864258713,-74.25901478846667,2012-05-03 19:19:36,2012-04-30,train,687_4
687,4787,6,Home (private),40.76921864258713,-74.25901478846667,2012-05-04 03:28:49,2012-04-30,train,687_4
687,4805,281,Residential Building (Apartment / Condo),40.789808426719794,-74.225942826706,2012-05-04 09:47:00,2012-04-30,train,687_4
687,1925,34,Gas Station / Garage,40.79146892969131,-74.23331941410747,2012-05-04 10:03:56,2012-04-30,train,687_4
687,4805,281,Residential Building (Apartment / Condo),40.789808426719794,-74.225942826706,2012-05-04 13:49:51,2012-04-30,train,687_4
687,4805,281,Residential Building (Apartment / Condo),40.789808426719794,-74.225942826706,2012-05-05 15:27:47,2012-04-30,train,687_4
687,4805,281,Residential Building (Apartment / Condo),40.789808426719794,-74.225942826706,2012-05-05 16:02:03,2012-04-30,train,687_4
687,4787,6,Home (private),40.76921864258713,-74.25901478846667,2012-05-05 20:13:07,2012-04-30,train,687_4
687,4787,6,Home (private),40.76921864258713,-74.25901478846667,2012-05-06 13:48:08,2012-04-30,train,687_4
687,4805,281,Residential Building (Apartment / Condo),40.789808426719794,-74.225942826706,2012-05-06 14:17:43,2012-04-30,train,687_4
688,2773,257,Road,40.729798,-74.038666,2012-05-04 20:16:59,2012-04-30,train,688_2
688,2589,301,Neighborhood,40.718477172979526,-74.00781154632568,2012-05-04 20:27:28,2012-04-30,train,688_2
688,3448,215,Tapas Restaurant,40.72908901998626,-73.9842454555664,2012-05-04 21:55:10,2012-04-30,train,688_2
689,1483,26,Drugstore / Pharmacy,40.73680709413176,-74.03088725252944,2012-05-02 03:44:32,2012-04-30,train,689_4
689,4122,276,College & University,40.78258118052461,-74.02333053940993,2012-05-03 08:13:49,2012-04-30,train,689_4
689,4202,173,Community College,40.78236482850316,-74.02322725651749,2012-05-03 08:14:15,2012-04-30,train,689_4
689,4602,295,Shrine,40.74203589692204,-74.04859873680917,2012-05-03 08:37:48,2012-04-30,train,689_4
689,4268,90,School,40.740754144262496,-74.0578293800354,2012-05-03 14:51:55,2012-04-30,train,689_4
689,4202,173,Community College,40.78236482850316,-74.02322725651749,2012-05-04 08:05:50,2012-04-30,train,689_4
689,4122,276,College & University,40.78258118052461,-74.02333053940993,2012-05-04 08:06:31,2012-04-30,train,689_4
689,4268,90,School,40.740754144262496,-74.0578293800354,2012-05-04 08:24:38,2012-04-30,train,689_4
689,4602,295,Shrine,40.74203589692204,-74.04859873680917,2012-05-04 09:12:53,2012-04-30,train,689_4
689,1199,269,Miscellaneous Shop,40.72325141502383,-74.03920101184731,2012-05-04 15:20:25,2012-04-30,train,689_4
689,2505,52,Bar,40.742019,-74.048426,2012-05-05 11:54:43,2012-04-30,train,689_4
689,1415,42,Food & Drink Shop,40.74299725135464,-74.05132961240221,2012-05-05 18:27:31,2012-04-30,train,689_4
690,2299,165,College Academic Building,40.72908585083546,-73.99602210429897,2012-05-01 12:20:32,2012-04-30,train,690_3
690,2075,165,College Academic Building,40.729177554196376,-73.99661064147949,2012-05-01 17:54:34,2012-04-30,train,690_3
690,2299,165,College Academic Building,40.72908585083546,-73.99602210429897,2012-05-01 19:28:28,2012-04-30,train,690_3
690,3890,6,Home (private),40.72134148815057,-73.98887973002674,2012-05-02 00:06:55,2012-04-30,train,690_3
690,2075,165,College Academic Building,40.729177554196376,-73.99661064147949,2012-05-03 09:43:49,2012-04-30,train,690_3
690,2299,165,College Academic Building,40.72908585083546,-73.99602210429897,2012-05-03 16:24:30,2012-04-30,train,690_3
690,494,177,College Academic Building,40.72962472112688,-73.99666428565979,2012-05-03 23:34:48,2012-04-30,train,690_3
690,3890,6,Home (private),40.72134148815057,-73.98887973002674,2012-05-04 12:17:46,2012-04-30,train,690_3
690,2299,165,College Academic Building,40.72908585083546,-73.99602210429897,2012-05-04 15:44:24,2012-04-30,train,690_3
690,620,222,Coffee Shop,40.73378729454453,-73.99303525686264,2012-05-04 19:53:07,2012-04-30,train,690_3
690,685,201,Ice Cream Shop,40.72957974686472,-73.9869141226312,2012-05-05 00:18:33,2012-04-30,train,690_3
690,2299,165,College Academic Building,40.72908585083546,-73.99602210429897,2012-05-05 14:41:24,2012-04-30,train,690_3
690,4901,194,Mexican Restaurant,40.759220487652186,-73.98880004882812,2012-05-05 15:04:25,2012-04-30,train,690_3
690,1651,222,Coffee Shop,40.729545,-73.99658518000001,2012-05-05 15:59:55,2012-04-30,train,690_3
690,2299,165,College Academic Building,40.72908585083546,-73.99602210429897,2012-05-05 18:53:32,2012-04-30,train,690_3
690,2075,165,College Academic Building,40.729177554196376,-73.99661064147949,2012-05-06 13:21:34,2012-04-30,train,690_3
690,2075,165,College Academic Building,40.729177554196376,-73.99661064147949,2012-05-06 18:59:46,2012-04-30,train,690_3
691,1608,70,Train Station,40.71267092713338,-74.01193141937256,2012-05-01 19:02:01,2012-04-30,train,691_3
691,1521,70,Train Station,40.71948548899754,-74.0427017211914,2012-05-01 19:13:32,2012-04-30,train,691_3
691,3050,233,Other Great Outdoors,40.72768968623147,-74.04474020004272,2012-05-01 20:05:21,2012-04-30,train,691_3
691,3050,233,Other Great Outdoors,40.72768968623147,-74.04474020004272,2012-05-02 07:05:54,2012-04-30,train,691_3
691,3050,233,Other Great Outdoors,40.72768968623147,-74.04474020004272,2012-05-03 07:01:30,2012-04-30,train,691_3
691,1521,70,Train Station,40.71948548899754,-74.0427017211914,2012-05-03 08:27:47,2012-04-30,train,691_3
691,1608,70,Train Station,40.71267092713338,-74.01193141937256,2012-05-03 19:03:04,2012-04-30,train,691_3
691,1521,70,Train Station,40.71948548899754,-74.0427017211914,2012-05-03 19:18:00,2012-04-30,train,691_3
691,3050,233,Other Great Outdoors,40.72768968623147,-74.04474020004272,2012-05-03 20:34:58,2012-04-30,train,691_3
691,3050,233,Other Great Outdoors,40.72768968623147,-74.04474020004272,2012-05-04 06:54:06,2012-04-30,train,691_3
691,2452,61,Office,40.77365248770834,-73.98092248281702,2012-05-04 11:02:25,2012-04-30,train,691_3
691,1608,70,Train Station,40.71267092713338,-74.01193141937256,2012-05-04 18:41:33,2012-04-30,train,691_3
691,1521,70,Train Station,40.71948548899754,-74.0427017211914,2012-05-04 18:53:54,2012-04-30,train,691_3
691,3050,233,Other Great Outdoors,40.72768968623147,-74.04474020004272,2012-05-04 20:04:36,2012-04-30,train,691_3
691,3050,233,Other Great Outdoors,40.72768968623147,-74.04474020004272,2012-05-05 08:46:52,2012-04-30,train,691_3
691,3050,233,Other Great Outdoors,40.72768968623147,-74.04474020004272,2012-05-06 21:13:10,2012-04-30,train,691_3
692,4820,135,Post Office,40.68942794146308,-73.8275791423314,2012-05-02 05:13:41,2012-04-30,train,692_3
692,4820,135,Post Office,40.68942794146308,-73.8275791423314,2012-05-03 09:03:34,2012-04-30,train,692_3
692,4820,135,Post Office,40.68942794146308,-73.8275791423314,2012-05-04 09:21:39,2012-04-30,train,692_3
693,197,37,Bar,40.72168,-73.987588,2012-05-01 20:10:11,2012-04-30,train,693_4
693,699,222,Coffee Shop,40.732876,-73.988193,2012-05-02 08:06:48,2012-04-30,train,693_4
693,729,222,Coffee Shop,40.71542773724695,-73.94444435834885,2012-05-03 10:00:26,2012-04-30,train,693_4
693,729,222,Coffee Shop,40.71542773724695,-73.94444435834885,2012-05-04 08:35:58,2012-04-30,train,693_4
693,1666,87,Theater,40.781773295128296,-73.98112909419699,2012-05-05 10:47:53,2012-04-30,train,693_4
693,3001,85,Theater,40.75853188571069,-73.99273914874487,2012-05-05 18:44:49,2012-04-30,train,693_4
694,3368,6,Home (private),40.76597116277859,-74.16509908485864,2012-05-01 18:07:54,2012-04-30,train,694_4
694,4661,6,Home (private),40.76597116277859,-74.16509908485864,2012-05-02 00:55:08,2012-04-30,train,694_4
694,3643,106,Burrito Place,40.80494,-73.992149,2012-05-03 10:24:48,2012-04-30,train,694_4
694,3368,6,Home (private),40.76597116277859,-74.16509908485864,2012-05-03 16:43:38,2012-04-30,train,694_4
694,3643,106,Burrito Place,40.80494,-73.992149,2012-05-04 08:43:25,2012-04-30,train,694_4
694,3368,6,Home (private),40.76597116277859,-74.16509908485864,2012-05-04 18:52:15,2012-04-30,train,694_4
694,3420,37,Bar,40.73928990379554,-74.03033069390608,2012-05-04 21:17:36,2012-04-30,train,694_4
694,3368,6,Home (private),40.76597116277859,-74.16509908485864,2012-05-04 22:39:55,2012-04-30,train,694_4
694,3643,106,Burrito Place,40.80494,-73.992149,2012-05-05 08:39:15,2012-04-30,train,694_4
694,3368,6,Home (private),40.76597116277859,-74.16509908485864,2012-05-05 20:34:53,2012-04-30,train,694_4
694,3368,6,Home (private),40.76597116277859,-74.16509908485864,2012-05-06 16:46:54,2012-04-30,train,694_4
694,3368,6,Home (private),40.76597116277859,-74.16509908485864,2012-05-06 20:38:44,2012-04-30,train,694_4
695,495,134,Event Space,40.782860080688806,-73.95289014999135,2012-05-01 19:48:08,2012-04-30,train,695_3
695,1422,222,Coffee Shop,40.769076,-73.984595,2012-05-04 16:52:25,2012-04-30,train,695_3
695,349,70,Train Station,40.75280620914171,-73.97717535495758,2012-05-04 17:08:07,2012-04-30,train,695_3
696,4011,6,Home (private),40.82981420071464,-73.91834636014222,2012-05-01 20:38:20,2012-04-30,train,696_4
696,4011,6,Home (private),40.82981420071464,-73.91834636014222,2012-05-03 19:25:22,2012-04-30,train,696_4
696,1898,146,Movie Theater,40.91193999019654,-73.77949835499888,2012-05-04 21:39:39,2012-04-30,train,696_4
696,4011,6,Home (private),40.82981420071464,-73.91834636014222,2012-05-06 22:17:32,2012-04-30,train,696_4
697,1960,44,Food & Drink Shop,40.7373,-74.03744,2012-05-01 12:46:59,2012-04-30,train,697_4
697,2627,6,Home (private),40.863020847419,-74.0828838592642,2012-05-01 21:26:10,2012-04-30,train,697_4
697,3624,37,Bar,40.863929,-74.079579,2012-05-01 21:26:26,2012-04-30,train,697_4
697,1927,32,Hardware Store,40.82827746763056,-74.09173250198364,2012-05-03 15:52:55,2012-04-30,train,697_4
697,2627,6,Home (private),40.863020847419,-74.0828838592642,2012-05-03 16:12:42,2012-04-30,train,697_4
697,3624,37,Bar,40.863929,-74.079579,2012-05-03 16:13:28,2012-04-30,train,697_4
697,2627,6,Home (private),40.863020847419,-74.0828838592642,2012-05-04 00:16:13,2012-04-30,train,697_4
697,1960,44,Food & Drink Shop,40.7373,-74.03744,2012-05-04 12:31:55,2012-04-30,train,697_4
697,2627,6,Home (private),40.863020847419,-74.0828838592642,2012-05-05 01:00:05,2012-04-30,train,697_4
697,3624,37,Bar,40.863929,-74.079579,2012-05-05 01:00:20,2012-04-30,train,697_4
697,1960,44,Food & Drink Shop,40.7373,-74.03744,2012-05-05 10:12:49,2012-04-30,train,697_4
697,1960,44,Food & Drink Shop,40.7373,-74.03744,2012-05-06 19:10:35,2012-04-30,train,697_4
699,2936,6,Home (private),40.76753211836426,-74.03588760058483,2012-05-01 19:12:58,2012-04-30,train,699_4
699,2681,91,High School,40.77001154304467,-74.0367281510704,2012-05-03 08:07:57,2012-04-30,train,699_4
699,2681,91,High School,40.77001154304467,-74.0367281510704,2012-05-04 08:11:22,2012-04-30,train,699_4
699,3334,132,Fast Food Restaurant,40.774093,-74.03775911,2012-05-04 16:21:06,2012-04-30,train,699_4
699,3334,132,Fast Food Restaurant,40.774093,-74.03775911,2012-05-05 12:53:58,2012-04-30,train,699_4
699,3334,132,Fast Food Restaurant,40.774093,-74.03775911,2012-05-06 14:54:19,2012-04-30,train,699_4
701,4047,61,Office,40.65944908730784,-74.17111641815272,2012-05-02 02:30:06,2012-04-30,train,701_4
701,4785,6,Home (private),40.79396685845335,-74.15335626699198,2012-05-02 02:30:17,2012-04-30,train,701_4
701,2436,265,Mall,40.660555887861165,-74.17174136107501,2012-05-03 12:33:59,2012-04-30,train,701_4
701,4047,61,Office,40.65944908730784,-74.17111641815272,2012-05-03 12:37:13,2012-04-30,train,701_4
701,4793,6,Home (private),40.79396685845335,-74.15335626699198,2012-05-04 02:09:14,2012-04-30,train,701_4
701,4785,6,Home (private),40.79396685845335,-74.15335626699198,2012-05-04 02:09:22,2012-04-30,train,701_4
701,436,241,Airport,40.68968493541091,-74.17938709259033,2012-05-06 15:54:18,2012-04-30,train,701_4
701,4047,61,Office,40.65944908730784,-74.17111641815272,2012-05-06 20:29:26,2012-04-30,train,701_4
702,406,147,Movie Theater,40.73416736029532,-73.99048715829849,2012-05-04 22:16:52,2012-04-30,train,702_3
702,581,202,Pizza Place,40.731844250688674,-73.98386478424072,2012-05-05 01:40:23,2012-04-30,train,702_3
702,3999,6,Home (private),40.75765180683012,-74.03588760058483,2012-05-05 02:11:07,2012-04-30,train,702_3
702,2686,35,Bookstore,40.79886552631056,-74.00870971617448,2012-05-05 14:35:05,2012-04-30,train,702_3
702,4901,194,Mexican Restaurant,40.759220487652186,-73.98880004882812,2012-05-05 17:10:20,2012-04-30,train,702_3
704,3677,164,College Academic Building,40.694184843814135,-73.98627708934687,2012-05-01 14:06:33,2012-04-30,train,704_4
704,4110,211,Bar,40.7301861621649,-73.9835682395307,2012-05-02 00:11:51,2012-04-30,train,704_4
706,764,221,Bridge,40.713565479798646,-73.97236347198486,2012-05-03 12:53:56,2012-04-30,train,706_4
706,415,166,College Academic Building,40.736461616381874,-73.9964751068622,2012-05-03 16:30:33,2012-04-30,train,706_4
706,700,259,Hotel,40.74088398082356,-74.00765959043375,2012-05-04 01:20:02,2012-04-30,train,706_4
706,1800,175,College Academic Building,40.736618,-73.996506,2012-05-04 18:42:55,2012-04-30,train,706_4
706,415,166,College Academic Building,40.736461616381874,-73.9964751068622,2012-05-04 18:43:27,2012-04-30,train,706_4
706,1027,7,Clothing Store,40.737231,-73.996793,2012-05-04 18:43:43,2012-04-30,train,706_4
706,415,166,College Academic Building,40.736461616381874,-73.9964751068622,2012-05-06 23:05:08,2012-04-30,train,706_4
706,1800,175,College Academic Building,40.736618,-73.996506,2012-05-06 23:05:28,2012-04-30,train,706_4
707,4057,6,Home (private),40.86633340833704,-74.10637760442646,2012-05-02 07:19:59,2012-04-30,train,707_1
707,4057,6,Home (private),40.86633340833704,-74.10637760442646,2012-05-04 16:29:35,2012-04-30,train,707_1
707,4116,6,Home (private),40.86633340833704,-74.10637760442646,2012-05-05 08:34:48,2012-04-30,train,707_1
707,2536,42,Food & Drink Shop,40.87908693430124,-74.08500908544775,2012-05-06 15:28:53,2012-04-30,train,707_1
707,4057,6,Home (private),40.86633340833704,-74.10637760442646,2012-05-06 15:29:13,2012-04-30,train,707_1
707,4031,6,Home (private),40.86633340833704,-74.10637760442646,2012-05-06 22:06:28,2012-04-30,train,707_1
708,508,92,Asian Restaurant,40.71797176372736,-73.99034029241238,2012-05-04 11:28:28,2012-04-30,train,708_4
708,877,222,Coffee Shop,40.718090320753845,-73.99999866268365,2012-05-04 13:58:12,2012-04-30,train,708_4
708,2331,28,Salon / Barbershop,40.717664,-73.997261,2012-05-04 15:26:39,2012-04-30,train,708_4
708,1871,99,Thai Restaurant,40.74322529020578,-73.99635314941406,2012-05-04 18:29:18,2012-04-30,train,708_4
708,1871,99,Thai Restaurant,40.74322529020578,-73.99635314941406,2012-05-04 21:59:27,2012-04-30,train,708_4
708,2331,28,Salon / Barbershop,40.717664,-73.997261,2012-05-05 14:28:56,2012-04-30,train,708_4
708,585,95,Chinese Restaurant,40.716722,-73.997818,2012-05-05 14:29:53,2012-04-30,train,708_4
708,540,95,Chinese Restaurant,40.717374,-73.997451,2012-05-05 14:30:43,2012-04-30,train,708_4
708,508,92,Asian Restaurant,40.71797176372736,-73.99034029241238,2012-05-05 16:55:04,2012-04-30,train,708_4
708,508,92,Asian Restaurant,40.71797176372736,-73.99034029241238,2012-05-06 16:48:31,2012-04-30,train,708_4
709,2452,61,Office,40.77365248770834,-73.98092248281702,2012-05-04 11:33:30,2012-04-30,train,709_4
709,2771,61,Office,40.77296038604625,-73.98154805548008,2012-05-05 11:56:44,2012-04-30,train,709_4
710,1002,70,Train Station,40.69902344282463,-73.81001472473143,2012-05-01 18:27:50,2012-04-30,train,710_0
710,357,70,Train Station,40.750794799423865,-73.99357639021292,2012-05-01 18:47:10,2012-04-30,train,710_0
710,1145,71,Train Station,40.707149,-73.99057,2012-05-01 19:15:10,2012-04-30,train,710_0
710,1002,70,Train Station,40.69902344282463,-73.81001472473143,2012-05-03 10:53:47,2012-04-30,train,710_0
710,3530,133,Hot Dog Joint,40.717006,-73.956565,2012-05-03 23:02:08,2012-04-30,train,710_0
710,1528,264,Subway,40.73573434642415,-73.99056762456905,2012-05-03 23:02:43,2012-04-30,train,710_0
710,1145,71,Train Station,40.707149,-73.99057,2012-05-03 23:13:42,2012-04-30,train,710_0
710,2500,264,Subway,40.63523850278024,-73.9628791809082,2012-05-04 09:52:11,2012-04-30,train,710_0
710,2613,70,Train Station,40.68444568744034,-73.97785663604736,2012-05-04 10:10:15,2012-04-30,train,710_0
710,1002,70,Train Station,40.69902344282463,-73.81001472473143,2012-05-04 10:53:39,2012-04-30,train,710_0
710,2935,6,Home (private),40.63886446869532,-73.96537147003376,2012-05-04 19:24:53,2012-04-30,train,710_0
710,2500,264,Subway,40.63523850278024,-73.9628791809082,2012-05-05 11:45:45,2012-04-30,train,710_0
710,3407,301,Neighborhood,40.82507881379304,-73.92013549804688,2012-05-05 12:46:26,2012-04-30,train,710_0
710,2475,264,Subway,40.82406998798592,-73.8930669417162,2012-05-05 15:34:20,2012-04-30,train,710_0
710,192,121,Park,40.73528249691621,-73.99040315158283,2012-05-05 16:10:07,2012-04-30,train,710_0
710,1528,264,Subway,40.73573434642415,-73.99056762456905,2012-05-05 16:14:48,2012-04-30,train,710_0
710,1145,71,Train Station,40.707149,-73.99057,2012-05-05 16:40:43,2012-04-30,train,710_0
710,2146,264,Subway,40.63072779228403,-73.97716999053955,2012-05-05 19:34:43,2012-04-30,train,710_0
710,2562,301,Neighborhood,40.71594005221216,-73.98682594299316,2012-05-05 20:09:19,2012-04-30,train,710_0
710,2146,264,Subway,40.63072779228403,-73.97716999053955,2012-05-06 12:27:16,2012-04-30,train,710_0
710,1145,71,Train Station,40.707149,-73.99057,2012-05-06 15:41:38,2012-04-30,train,710_0
712,4546,222,Coffee Shop,40.758189309567456,-73.91956633284042,2012-05-03 14:16:15,2012-04-30,train,712_1
712,1201,138,Gym / Fitness Center,40.762958775,-73.91559066666667,2012-05-05 13:13:38,2012-04-30,train,712_1
713,4152,300,Moving Target,40.80050589400566,-74.20418389625108,2012-05-01 16:10:46,2012-04-30,train,713_4
713,4020,6,Home (private),40.917332043073934,-74.1885824928771,2012-05-01 16:46:38,2012-04-30,train,713_4
713,4092,6,Home (private),40.927146635512806,-74.11812337576457,2012-05-01 20:30:31,2012-04-30,train,713_4
713,4833,301,Neighborhood,40.92511213068007,-74.10214194945387,2012-05-02 05:57:07,2012-04-30,train,713_4
713,4338,73,Bus Station,40.89487348356578,-74.07849279653145,2012-05-02 06:21:39,2012-04-30,train,713_4
713,4338,73,Bus Station,40.89487348356578,-74.07849279653145,2012-05-03 06:30:52,2012-04-30,train,713_4
713,4152,300,Moving Target,40.80050589400566,-74.20418389625108,2012-05-03 16:11:07,2012-04-30,train,713_4
713,4020,6,Home (private),40.917332043073934,-74.1885824928771,2012-05-03 16:34:27,2012-04-30,train,713_4
713,2573,42,Food & Drink Shop,40.88227406571999,-74.21217441558838,2012-05-03 18:49:14,2012-04-30,train,713_4
713,4152,300,Moving Target,40.80050589400566,-74.20418389625108,2012-05-04 16:10:48,2012-04-30,train,713_4
713,4020,6,Home (private),40.917332043073934,-74.1885824928771,2012-05-04 16:36:48,2012-04-30,train,713_4
713,4020,6,Home (private),40.917332043073934,-74.1885824928771,2012-05-05 11:50:58,2012-04-30,train,713_4
713,4092,6,Home (private),40.927146635512806,-74.11812337576457,2012-05-05 19:23:51,2012-04-30,train,713_4
713,4833,301,Neighborhood,40.92511213068007,-74.10214194945387,2012-05-06 12:29:20,2012-04-30,train,713_4
713,4020,6,Home (private),40.917332043073934,-74.1885824928771,2012-05-06 13:19:55,2012-04-30,train,713_4
715,594,183,University,40.77037249426452,-73.984595540886,2012-05-03 16:08:03,2012-04-30,train,715_4
715,3428,189,Cupcake Shop,40.79414528367362,-73.96695274312293,2012-05-06 15:07:50,2012-04-30,train,715_4
716,1570,163,Medical Center,40.85550037015262,-73.84623527526855,2012-05-02 00:20:22,2012-04-30,train,716_3
716,1683,128,Bakery,40.8567509389404,-73.84712406597843,2012-05-02 00:20:42,2012-04-30,train,716_3
716,1570,163,Medical Center,40.85550037015262,-73.84623527526855,2012-05-03 23:28:44,2012-04-30,train,716_3
716,1683,128,Bakery,40.8567509389404,-73.84712406597843,2012-05-03 23:29:05,2012-04-30,train,716_3
716,4832,301,Neighborhood,40.856987203438365,-73.86776962497729,2012-05-04 07:48:08,2012-04-30,train,716_3
716,1570,163,Medical Center,40.85550037015262,-73.84623527526855,2012-05-05 18:35:09,2012-04-30,train,716_3
716,1683,128,Bakery,40.8567509389404,-73.84712406597843,2012-05-05 18:36:14,2012-04-30,train,716_3
716,1570,163,Medical Center,40.85550037015262,-73.84623527526855,2012-05-06 23:39:04,2012-04-30,train,716_3
716,1683,128,Bakery,40.8567509389404,-73.84712406597843,2012-05-06 23:39:40,2012-04-30,train,716_3
719,1253,256,Furniture / Home Store,40.924059944774754,-74.07398700714111,2012-05-05 10:04:43,2012-04-30,train,719_3
719,2573,42,Food & Drink Shop,40.88227406571999,-74.21217441558838,2012-05-06 17:18:26,2012-04-30,train,719_3
720,3221,6,Home (private),40.64220098230346,-73.98887973002674,2012-05-01 17:59:55,2012-04-30,train,720_4
720,3618,6,Home (private),40.63396697468096,-74.00063278107605,2012-05-01 22:25:51,2012-04-30,train,720_4
720,3220,6,Home (private),40.632300871701176,-73.98887973002674,2012-05-04 17:16:00,2012-04-30,train,720_4
720,3414,6,Home (private),40.63396697468096,-74.00063278107605,2012-05-06 12:56:20,2012-04-30,train,720_4
720,2974,88,Synagogue,40.64126151621412,-73.99713506117422,2012-05-06 20:03:10,2012-04-30,train,720_4
724,3244,135,Post Office,40.87436275426152,-74.13854777812958,2012-05-01 19:05:01,2012-04-30,train,724_4
724,3860,6,Home (private),40.87950459605868,-74.12986841096105,2012-05-03 20:49:10,2012-04-30,train,724_4
724,3244,135,Post Office,40.87436275426152,-74.13854777812958,2012-05-04 15:06:24,2012-04-30,train,724_4
724,3860,6,Home (private),40.87950459605868,-74.12986841096105,2012-05-04 23:23:31,2012-04-30,train,724_4
725,3026,6,Home (private),40.84817642706647,-74.04763775758458,2012-05-02 00:46:25,2012-04-30,train,725_4
725,3026,6,Home (private),40.84817642706647,-74.04763775758458,2012-05-04 00:33:34,2012-04-30,train,725_4
725,3026,6,Home (private),40.84817642706647,-74.04763775758458,2012-05-04 17:57:44,2012-04-30,train,725_4
726,1847,85,Theater,40.69297182218783,-73.99813359642076,2012-05-01 20:13:42,2012-04-30,train,726_2
726,1847,85,Theater,40.69297182218783,-73.99813359642076,2012-05-06 18:31:24,2012-04-30,train,726_2
728,1235,137,Gym / Fitness Center,40.738949,-73.989828,2012-05-03 09:23:22,2012-04-30,train,728_1
728,4872,29,Japanese Restaurant,40.73105527532634,-73.98871043032793,2012-05-04 21:02:59,2012-04-30,train,728_1
728,1235,137,Gym / Fitness Center,40.738949,-73.989828,2012-05-05 14:10:11,2012-04-30,train,728_1
728,168,206,Seafood Restaurant,40.72718559227258,-73.98873567581177,2012-05-05 19:39:13,2012-04-30,train,728_1
728,1235,137,Gym / Fitness Center,40.738949,-73.989828,2012-05-06 13:30:52,2012-04-30,train,728_1
728,1603,150,Stadium,40.75044987008408,-73.99221103886612,2012-05-06 15:26:13,2012-04-30,train,728_1
730,4015,281,Residential Building (Apartment / Condo),40.7718789999159,-73.9507835427282,2012-05-04 02:26:37,2012-04-30,train,730_3
730,62,204,Steakhouse,40.75086599645483,-73.98664398454908,2012-05-04 20:08:40,2012-04-30,train,730_3
730,1103,41,Bar,40.749695355837886,-73.97648334503174,2012-05-04 23:47:02,2012-04-30,train,730_3
730,4015,281,Residential Building (Apartment / Condo),40.7718789999159,-73.9507835427282,2012-05-05 02:41:30,2012-04-30,train,730_3
730,1537,194,Mexican Restaurant,40.77393538272802,-73.95468677509598,2012-05-05 14:50:37,2012-04-30,train,730_3
730,4015,281,Residential Building (Apartment / Condo),40.77190151402837,-73.95038747503808,2012-05-06 22:11:55,2012-04-30,train,730_3
731,275,121,Park,40.69118178774824,-73.97480964660645,2012-05-01 18:01:56,2012-04-30,train,731_3
731,1946,73,Bus Station,40.7302182289573,-73.95438194274902,2012-05-03 09:05:50,2012-04-30,train,731_3
731,1946,73,Bus Station,40.7302182289573,-73.95438194274902,2012-05-04 08:33:35,2012-04-30,train,731_3
731,30,310,Concert Hall,40.78059109674349,-73.98056665158647,2012-05-05 19:04:40,2012-04-30,train,731_3
732,2234,35,Bookstore,40.93189250626306,-74.13226836771899,2012-05-03 18:09:15,2012-04-30,train,732_2
732,2403,282,Convenience Store,40.81354775855645,-74.10954796515402,2012-05-04 16:58:30,2012-04-30,train,732_2
732,3357,282,Convenience Store,40.967639,-74.073357,2012-05-05 05:50:33,2012-04-30,train,732_2
732,1783,97,Diner,40.92607839076309,-74.09735270529153,2012-05-05 09:35:18,2012-04-30,train,732_2
732,2234,35,Bookstore,40.93189250626306,-74.13226836771899,2012-05-05 10:19:59,2012-04-30,train,732_2
732,242,35,Bookstore,40.75485025788179,-73.98800493858226,2012-05-05 12:11:53,2012-04-30,train,732_2
732,233,147,Movie Theater,40.757031390907855,-73.98902607371383,2012-05-05 12:57:43,2012-04-30,train,732_2
733,571,159,Art Museum,40.72237241543094,-73.99316956237647,2012-05-01 19:24:02,2012-04-30,train,733_0
733,205,214,Bar,40.73395479525328,-74.0001765603631,2012-05-05 00:48:41,2012-04-30,train,733_0
733,205,214,Bar,40.73395479525328,-74.0001765603631,2012-05-05 15:59:15,2012-04-30,train,733_0
733,549,37,Bar,40.74863872983442,-73.97566795349121,2012-05-06 16:18:09,2012-04-30,train,733_0
734,396,259,Hotel,40.75925299429778,-73.98515224456787,2012-05-01 19:24:33,2012-04-30,train,734_4
734,3822,61,Office,40.74119939264039,-73.99601026811312,2012-05-02 07:21:35,2012-04-30,train,734_4
734,3822,61,Office,40.74119939264039,-73.99601026811312,2012-05-03 08:27:33,2012-04-30,train,734_4
734,85,110,American Restaurant,40.74065934700641,-73.99826558632256,2012-05-04 08:17:34,2012-04-30,train,734_4
734,349,70,Train Station,40.75280620914171,-73.97717535495758,2012-05-05 14:57:32,2012-04-30,train,734_4
736,436,241,Airport,40.68968493541091,-74.17938709259033,2012-05-01 14:49:20,2012-04-30,train,736_4
736,4522,108,Gastropub,40.72639997828572,-73.9917348465147,2012-05-01 18:10:44,2012-04-30,train,736_4
736,1375,259,Hotel,40.72617632455752,-73.9915626798901,2012-05-01 18:59:34,2012-04-30,train,736_4
736,2173,137,Gym / Fitness Center,40.74109555804945,-73.99270534515381,2012-05-02 07:54:28,2012-04-30,train,736_4
736,2173,137,Gym / Fitness Center,40.74109555804945,-73.99270534515381,2012-05-03 06:48:49,2012-04-30,train,736_4
736,3431,137,Gym / Fitness Center,40.744047317914,-73.98402736930704,2012-05-03 16:09:13,2012-04-30,train,736_4
736,4214,102,American Restaurant,40.72516293205118,-73.992159523528,2012-05-03 21:04:14,2012-04-30,train,736_4
736,2173,137,Gym / Fitness Center,40.74109555804945,-73.99270534515381,2012-05-04 11:23:29,2012-04-30,train,736_4
736,2173,137,Gym / Fitness Center,40.74109555804945,-73.99270534515381,2012-05-05 09:14:12,2012-04-30,train,736_4
736,3431,137,Gym / Fitness Center,40.744047317914,-73.98402736930704,2012-05-05 12:36:06,2012-04-30,train,736_4
736,4214,102,American Restaurant,40.72516293205118,-73.992159523528,2012-05-06 16:34:55,2012-04-30,train,736_4
737,3116,42,Food & Drink Shop,40.74186151409088,-73.98943362953369,2012-05-01 14:15:05,2012-04-30,train,737_4
737,857,259,Hotel,40.76224486711165,-73.9792871763928,2012-05-02 02:30:10,2012-04-30,train,737_4
737,857,259,Hotel,40.76224486711165,-73.9792871763928,2012-05-03 09:30:09,2012-04-30,train,737_4
737,405,241,Airport,40.645089355976346,-73.7845230102539,2012-05-03 11:30:05,2012-04-30,train,737_4
737,576,102,American Restaurant,40.731155872068506,-73.98872764725327,2012-05-03 19:15:04,2012-04-30,train,737_4
737,48,232,Music Venue,40.73169799836348,-73.98922693741638,2012-05-04 00:15:06,2012-04-30,train,737_4
737,857,259,Hotel,40.76224486711165,-73.9792871763928,2012-05-04 02:33:09,2012-04-30,train,737_4
737,857,259,Hotel,40.76224486711165,-73.9792871763928,2012-05-04 09:30:08,2012-04-30,train,737_4
737,405,241,Airport,40.645089355976346,-73.7845230102539,2012-05-04 11:30:06,2012-04-30,train,737_4
737,3116,42,Food & Drink Shop,40.74186151409088,-73.98943362953369,2012-05-04 14:15:06,2012-04-30,train,737_4
737,576,102,American Restaurant,40.731155872068506,-73.98872764725327,2012-05-04 19:15:03,2012-04-30,train,737_4
737,398,52,Bar,40.76362499327396,-73.99757623672485,2012-05-04 20:45:09,2012-04-30,train,737_4
737,230,52,Bar,40.75006726071233,-74.00270154186394,2012-05-04 22:30:08,2012-04-30,train,737_4
737,48,232,Music Venue,40.73169799836348,-73.98922693741638,2012-05-05 00:15:04,2012-04-30,train,737_4
737,857,259,Hotel,40.76224486711165,-73.9792871763928,2012-05-05 02:30:06,2012-04-30,train,737_4
737,405,241,Airport,40.645089355976346,-73.7845230102539,2012-05-05 11:30:05,2012-04-30,train,737_4
737,398,52,Bar,40.76362499327396,-73.99757623672485,2012-05-05 20:45:06,2012-04-30,train,737_4
737,1008,208,Ramen /  Noodle House,40.73084600517945,-73.99070184444935,2012-05-06 14:30:07,2012-04-30,train,737_4
737,830,37,Bar,40.73743415035814,-73.99128147407096,2012-05-06 19:30:03,2012-04-30,train,737_4
737,230,52,Bar,40.75006726071233,-74.00270154186394,2012-05-06 22:30:08,2012-04-30,train,737_4
738,3112,6,Home (private),40.716161684843215,-73.88307005845945,2012-05-01 14:09:37,2012-04-30,train,738_4
738,3112,6,Home (private),40.716161684843215,-73.88307005845945,2012-05-02 04:19:24,2012-04-30,train,738_4
738,3112,6,Home (private),40.716161684843215,-73.88307005845945,2012-05-03 13:20:48,2012-04-30,train,738_4
738,1991,258,Food & Drink Shop,40.70566047104496,-73.89644622802734,2012-05-03 14:11:55,2012-04-30,train,738_4
738,3344,266,Bus Station,40.70615905707933,-73.89630228963256,2012-05-03 14:15:56,2012-04-30,train,738_4
738,3260,266,Bus Station,40.70003065352913,-73.91076513479003,2012-05-03 14:43:16,2012-04-30,train,738_4
738,2025,264,Subway,40.69968229504451,-73.91182065010071,2012-05-03 20:01:07,2012-04-30,train,738_4
738,3344,266,Bus Station,40.70615905707933,-73.89630228963256,2012-05-03 22:30:12,2012-04-30,train,738_4
738,3112,6,Home (private),40.716161684843215,-73.88307005845945,2012-05-04 04:42:48,2012-04-30,train,738_4
738,3112,6,Home (private),40.716161684843215,-73.88307005845945,2012-05-04 13:01:34,2012-04-30,train,738_4
738,4898,245,General Entertainment,40.95799336338653,-74.10746446325602,2012-05-04 13:26:29,2012-04-30,train,738_4
738,4898,245,General Entertainment,40.95799336338653,-74.10746446325602,2012-05-04 13:26:45,2012-04-30,train,738_4
738,3344,266,Bus Station,40.70615905707933,-73.89630228963256,2012-05-04 14:11:36,2012-04-30,train,738_4
738,2025,264,Subway,40.69968229504451,-73.91182065010071,2012-05-04 17:21:00,2012-04-30,train,738_4
738,2025,264,Subway,40.69968229504451,-73.91182065010071,2012-05-04 20:36:35,2012-04-30,train,738_4
738,3392,257,Road,40.71118062686946,-73.84851390454861,2012-05-04 23:32:17,2012-04-30,train,738_4
738,3392,257,Road,40.71118062686946,-73.84851390454861,2012-05-05 03:12:35,2012-04-30,train,738_4
738,3112,6,Home (private),40.716161684843215,-73.88307005845945,2012-05-05 15:13:41,2012-04-30,train,738_4
738,3344,266,Bus Station,40.70615905707933,-73.89630228963256,2012-05-05 16:13:25,2012-04-30,train,738_4
738,4193,300,Moving Target,40.71263038632815,-73.90021235870036,2012-05-05 16:14:37,2012-04-30,train,738_4
738,2147,73,Bus Station,40.70934674544578,-73.95964980125427,2012-05-05 16:58:52,2012-04-30,train,738_4
738,3780,266,Bus Station,40.710227350656005,-73.96090882358207,2012-05-05 16:59:09,2012-04-30,train,738_4
738,4176,120,Other Great Outdoors,40.7595847386287,-73.82997426043062,2012-05-06 21:21:11,2012-04-30,train,738_4
739,961,31,Bar,40.75353217770949,-73.98182353637398,2012-05-01 15:44:47,2012-04-30,train,739_3
739,1261,138,Gym / Fitness Center,40.75365075876886,-73.96948390098557,2012-05-01 18:33:38,2012-04-30,train,739_3
739,4238,222,Coffee Shop,40.75557768724385,-73.97818048527262,2012-05-02 08:08:32,2012-04-30,train,739_3
739,1672,222,Coffee Shop,40.755120459541295,-73.97954642772675,2012-05-03 08:07:20,2012-04-30,train,739_3
739,1089,196,Restaurant,40.75527487548953,-73.97880613803864,2012-05-03 11:39:22,2012-04-30,train,739_3
739,929,163,Medical Center,40.742099571675965,-73.97494213499166,2012-05-03 12:57:53,2012-04-30,train,739_3
739,1261,138,Gym / Fitness Center,40.75365075876886,-73.96948390098557,2012-05-03 19:07:01,2012-04-30,train,739_3
740,4148,253,General Travel,40.77169534889189,-74.23274053179387,2012-05-01 15:39:27,2012-04-30,train,740_4
740,3785,120,Other Great Outdoors,40.76437777131013,-74.21760870355206,2012-05-03 13:59:48,2012-04-30,train,740_4
740,2585,42,Food & Drink Shop,40.76633906356843,-74.21865463256836,2012-05-03 14:00:11,2012-04-30,train,740_4
740,3123,120,Other Great Outdoors,40.650641014449874,-74.22077894210815,2012-05-03 16:15:59,2012-04-30,train,740_4
740,2952,301,Neighborhood,40.73701074442794,-74.17657456414393,2012-05-03 16:33:32,2012-04-30,train,740_4
740,4148,253,General Travel,40.77169534889189,-74.23274053179387,2012-05-04 16:03:27,2012-04-30,train,740_4
740,2952,301,Neighborhood,40.73701074442794,-74.17657456414393,2012-05-04 17:25:21,2012-04-30,train,740_4
742,4729,281,Residential Building (Apartment / Condo),40.77179147976796,-73.95250556672768,2012-05-01 21:01:48,2012-04-30,train,742_2
742,4729,281,Residential Building (Apartment / Condo),40.77179147976796,-73.95250556672768,2012-05-06 16:15:51,2012-04-30,train,742_2
744,572,232,Music Venue,40.73977866664367,-73.98508787155151,2012-05-03 20:14:59,2012-04-30,train,744_3
744,4346,174,College Academic Building,40.80740645034815,-73.95863010769838,2012-05-04 00:51:24,2012-04-30,train,744_3
745,1287,61,Office,40.80615113329764,-74.07784459703637,2012-05-03 10:40:59,2012-04-30,train,745_4
745,1287,61,Office,40.80615113329764,-74.07784459703637,2012-05-04 13:34:09,2012-04-30,train,745_4
745,692,50,Bar,40.74400938999839,-73.98565727114978,2012-05-05 15:31:13,2012-04-30,train,745_4
747,4779,148,Museum,40.644099068159,-74.09980183101945,2012-05-03 09:43:50,2012-04-30,train,747_3
747,4779,148,Museum,40.644099068159,-74.09980183101945,2012-05-05 10:48:30,2012-04-30,train,747_3
748,2401,61,Office,40.736676,-73.98891,2012-05-01 12:17:10,2012-04-30,train,748_4
748,2401,61,Office,40.736676,-73.98891,2012-05-03 09:33:23,2012-04-30,train,748_4
748,2401,61,Office,40.736676,-73.98891,2012-05-04 15:42:44,2012-04-30,train,748_4
748,2674,146,Movie Theater,40.62644009732692,-74.17276190554297,2012-05-04 19:46:49,2012-04-30,train,748_4
748,2848,221,Bridge,40.60233803273628,-74.06333122960736,2012-05-05 19:02:10,2012-04-30,train,748_4
748,974,221,Bridge,40.60679958140643,-74.04416981025437,2012-05-05 19:02:29,2012-04-30,train,748_4
749,1331,222,Coffee Shop,40.79096987028617,-73.94705146551132,2012-05-03 08:46:19,2012-04-30,train,749_4
749,3369,90,School,40.79367377744188,-73.9488720781232,2012-05-03 10:55:12,2012-04-30,train,749_4
749,4557,222,Coffee Shop,40.77211112866,-73.96095474201344,2012-05-03 14:47:33,2012-04-30,train,749_4
749,4118,138,Gym / Fitness Center,40.80927000313523,-73.94907116889954,2012-05-03 20:57:16,2012-04-30,train,749_4
749,1331,222,Coffee Shop,40.79096987028617,-73.94705146551132,2012-05-04 08:47:44,2012-04-30,train,749_4
749,776,217,Soup Place,40.774626,-73.959236,2012-05-04 12:36:23,2012-04-30,train,749_4
749,972,221,Bridge,40.75673368214285,-73.95445704460144,2012-05-05 07:56:39,2012-04-30,train,749_4
749,365,107,Cuban Restaurant,40.68647960590641,-73.97434294223785,2012-05-06 19:43:29,2012-04-30,train,749_4
750,2462,264,Subway,40.67692778613304,-73.89869928359985,2012-05-01 19:31:56,2012-04-30,train,750_4
750,2462,264,Subway,40.67692778613304,-73.89869928359985,2012-05-01 21:36:46,2012-04-30,train,750_4
750,3186,6,Home (private),40.69321217941903,-73.93010370763156,2012-05-01 23:33:12,2012-04-30,train,750_4
750,402,259,Hotel,40.75853784442297,-73.98560285568237,2012-05-04 09:14:06,2012-04-30,train,750_4
750,1463,222,Coffee Shop,40.75816510418584,-73.98926137117284,2012-05-04 17:47:20,2012-04-30,train,750_4
750,402,259,Hotel,40.75853784442297,-73.98560285568237,2012-05-04 19:47:36,2012-04-30,train,750_4
750,2462,264,Subway,40.67692778613304,-73.89869928359985,2012-05-04 21:17:57,2012-04-30,train,750_4
750,2462,264,Subway,40.67692778613304,-73.89869928359985,2012-05-05 18:21:06,2012-04-30,train,750_4
750,2462,264,Subway,40.67692778613304,-73.89869928359985,2012-05-06 19:54:40,2012-04-30,train,750_4
752,1379,222,Coffee Shop,40.75254816218265,-73.99299502372742,2012-05-03 10:46:56,2012-04-30,train,752_3
752,245,137,Gym / Fitness Center,40.72862614184356,-73.9926932379005,2012-05-03 16:57:31,2012-04-30,train,752_3
752,892,137,Gym / Fitness Center,40.677036,-73.972353,2012-05-06 15:43:48,2012-04-30,train,752_3
753,4366,164,College Academic Building,40.69351488369677,-73.99171189097368,2012-05-01 12:04:36,2012-04-30,train,753_4
753,1913,264,Subway,40.69147464622913,-73.98738384246826,2012-05-01 15:30:02,2012-04-30,train,753_4
753,4245,6,Home (private),40.57912417974672,-73.82426211435131,2012-05-01 17:19:24,2012-04-30,train,753_4
753,2113,264,Subway,40.68047529976021,-73.84372472763062,2012-05-03 10:31:04,2012-04-30,train,753_4
753,1373,183,University,40.69326244953332,-73.9917348465147,2012-05-03 11:55:07,2012-04-30,train,753_4
753,4366,164,College Academic Building,40.69351488369677,-73.99171189097368,2012-05-03 11:55:17,2012-04-30,train,753_4
753,4663,177,College Academic Building,40.69316586062177,-73.99186684082225,2012-05-03 16:11:11,2012-04-30,train,753_4
753,1859,70,Train Station,40.74683429891953,-73.89155387878418,2012-05-03 19:08:52,2012-04-30,train,753_4
753,584,147,Movie Theater,40.75498191250509,-73.92365390320822,2012-05-03 22:23:25,2012-04-30,train,753_4
753,4245,6,Home (private),40.57912417974672,-73.82426211435131,2012-05-04 03:37:04,2012-04-30,train,753_4
753,3068,71,Train Station,40.58358323125094,-73.8265585899353,2012-05-04 06:52:14,2012-04-30,train,753_4
753,1373,183,University,40.69326244953332,-73.9917348465147,2012-05-04 07:43:47,2012-04-30,train,753_4
753,4663,177,College Academic Building,40.69316586062177,-73.99186684082225,2012-05-04 08:28:07,2012-04-30,train,753_4
753,4366,164,College Academic Building,40.69351488369677,-73.99171189097368,2012-05-04 10:56:58,2012-04-30,train,753_4
753,1502,194,Mexican Restaurant,40.69415730258867,-73.99187257970313,2012-05-04 17:10:47,2012-04-30,train,753_4
753,4107,281,Residential Building (Apartment / Condo),40.58573020988804,-73.81194985467265,2012-05-04 19:17:01,2012-04-30,train,753_4
753,4245,6,Home (private),40.57912417974672,-73.82426211435131,2012-05-04 23:56:32,2012-04-30,train,753_4
753,2329,96,Deli / Bodega,40.57994619525604,-73.83733748734836,2012-05-05 20:26:52,2012-04-30,train,753_4
753,4245,6,Home (private),40.57912417974672,-73.82426211435131,2012-05-06 18:58:24,2012-04-30,train,753_4
754,571,159,Art Museum,40.72237241543094,-73.99316956237647,2012-05-01 20:03:17,2012-04-30,train,754_3
754,3612,212,Hotel,40.71965180963259,-73.99967156006764,2012-05-01 23:45:26,2012-04-30,train,754_3
754,2212,61,Office,40.74836992791293,-73.99050672121244,2012-05-04 09:17:53,2012-04-30,train,754_3
754,3355,50,Bar,40.71855465714273,-73.98899737888202,2012-05-05 01:33:06,2012-04-30,train,754_3
754,225,121,Park,40.72651075083395,-73.98171901702881,2012-05-05 17:30:00,2012-04-30,train,754_3
755,2195,138,Gym / Fitness Center,40.73025005032203,-74.06467935611673,2012-05-03 15:00:08,2012-04-30,train,755_4
755,2195,138,Gym / Fitness Center,40.73025005032203,-74.06467935611673,2012-05-04 17:46:31,2012-04-30,train,755_4
755,2910,122,Plaza,40.73088490267309,-74.0643310546875,2012-05-04 20:56:11,2012-04-30,train,755_4
755,1381,42,Food & Drink Shop,40.74989042341799,-74.03604984283447,2012-05-04 21:58:20,2012-04-30,train,755_4
755,847,265,Mall,40.917335441802095,-74.0756607055664,2012-05-05 17:42:33,2012-04-30,train,755_4
756,1167,183,University,40.60248414630208,-74.15037631988525,2012-05-02 07:50:33,2012-04-30,train,756_4
756,4205,254,Department Store,40.66013495000427,-74.10709739818067,2012-05-03 17:20:34,2012-04-30,train,756_4
756,2376,61,Office,40.60583823275524,-74.17911438193454,2012-05-05 09:14:13,2012-04-30,train,756_4
756,2629,178,General College & University,40.605221077270585,-74.17977333068848,2012-05-05 09:14:26,2012-04-30,train,756_4
757,3850,90,School,40.674407497791535,-73.73587670799026,2012-05-01 16:12:42,2012-04-30,train,757_4
757,2922,104,Spanish Restaurant,40.67693173,-73.742518,2012-05-01 16:13:08,2012-04-30,train,757_4
757,3402,42,Food & Drink Shop,40.67755881343268,-73.74452479795166,2012-05-01 16:14:41,2012-04-30,train,757_4
757,3827,135,Post Office,40.679529905319214,-73.75119,2012-05-01 16:17:03,2012-04-30,train,757_4
757,3020,42,Food & Drink Shop,40.68066366502401,-73.7616360014,2012-05-01 16:20:25,2012-04-30,train,757_4
757,2555,220,BBQ Joint,40.68083,-73.76331,2012-05-01 16:21:11,2012-04-30,train,757_4
757,3514,266,Bus Station,40.70100895189516,-73.79579657415488,2012-05-01 16:33:22,2012-04-30,train,757_4
757,3514,266,Bus Station,40.70100895189516,-73.79579657415488,2012-05-01 16:33:26,2012-04-30,train,757_4
757,1656,25,Indian Restaurant,40.760260692426186,-73.97747039794922,2012-05-01 17:11:15,2012-04-30,train,757_4
757,2554,80,Building,40.7602,-73.977355,2012-05-01 17:12:13,2012-04-30,train,757_4
757,257,55,Bar,40.760472,-73.977779,2012-05-01 18:10:59,2012-04-30,train,757_4
757,3429,204,Steakhouse,40.760538361962375,-73.97781180686879,2012-05-01 21:50:39,2012-04-30,train,757_4
757,127,95,Chinese Restaurant,40.76155662862304,-73.97852347886875,2012-05-01 21:51:11,2012-04-30,train,757_4
757,882,203,Food Truck,40.761869727120846,-73.97948741912842,2012-05-01 21:52:04,2012-04-30,train,757_4
757,550,61,Office,40.76083767399298,-73.97995948791504,2012-05-01 21:53:18,2012-04-30,train,757_4
757,1756,204,Steakhouse,40.75917866884908,-73.98148492438628,2012-05-01 21:56:38,2012-04-30,train,757_4
757,881,128,Bakery,40.759272,-73.981107,2012-05-01 21:57:04,2012-04-30,train,757_4
757,3353,266,Bus Station,40.70253724602918,-73.79992961883545,2012-05-01 22:50:05,2012-04-30,train,757_4
757,2931,128,Bakery,40.703908012422,-73.79335508583755,2012-05-01 22:51:14,2012-04-30,train,757_4
757,4239,34,Gas Station / Garage,40.70052363909407,-73.78898905565008,2012-05-01 22:51:50,2012-04-30,train,757_4
757,2575,94,Caribbean Restaurant,40.68029630130162,-73.75347375869751,2012-05-03 16:04:06,2012-04-30,train,757_4
757,2576,42,Food & Drink Shop,40.6791734818247,-73.75508308410645,2012-05-03 16:05:24,2012-04-30,train,757_4
757,3020,42,Food & Drink Shop,40.68066366502401,-73.7616360014,2012-05-03 16:08:47,2012-04-30,train,757_4
757,3429,204,Steakhouse,40.760538361962375,-73.97781180686879,2012-05-03 17:37:54,2012-04-30,train,757_4
757,257,55,Bar,40.760472,-73.977779,2012-05-03 17:49:34,2012-04-30,train,757_4
757,2554,80,Building,40.76040471047908,-73.97746744850399,2012-05-03 20:55:15,2012-04-30,train,757_4
757,1002,70,Train Station,40.69902344282463,-73.81001472473143,2012-05-03 21:45:09,2012-04-30,train,757_4
757,1926,147,Movie Theater,40.703047178020455,-73.7999441633045,2012-05-03 21:48:08,2012-04-30,train,757_4
757,3353,266,Bus Station,40.70253724602918,-73.79992961883545,2012-05-03 21:52:21,2012-04-30,train,757_4
757,3102,274,Fried Chicken Joint,40.70239645717224,-73.79117782747943,2012-05-03 21:55:32,2012-04-30,train,757_4
757,2575,94,Caribbean Restaurant,40.68029630130162,-73.75347375869751,2012-05-04 15:23:15,2012-04-30,train,757_4
757,2576,42,Food & Drink Shop,40.6791734818247,-73.75508308410645,2012-05-04 15:23:36,2012-04-30,train,757_4
757,3020,42,Food & Drink Shop,40.68066366502401,-73.7616360014,2012-05-04 15:26:43,2012-04-30,train,757_4
757,4239,34,Gas Station / Garage,40.70052363909407,-73.78898905565008,2012-05-04 15:32:54,2012-04-30,train,757_4
757,1926,147,Movie Theater,40.703047178020455,-73.7999441633045,2012-05-04 15:39:18,2012-04-30,train,757_4
757,349,70,Train Station,40.75280620914171,-73.97717535495758,2012-05-04 16:25:46,2012-04-30,train,757_4
757,2554,80,Building,40.76040471047908,-73.97746744850399,2012-05-04 21:59:23,2012-04-30,train,757_4
757,1656,25,Indian Restaurant,40.760260692426186,-73.97747039794922,2012-05-04 22:00:08,2012-04-30,train,757_4
757,127,95,Chinese Restaurant,40.76155662862304,-73.97852347886875,2012-05-04 22:01:49,2012-04-30,train,757_4
757,1926,147,Movie Theater,40.703047178020455,-73.7999441633045,2012-05-04 22:48:13,2012-04-30,train,757_4
757,2756,254,Department Store,40.7056404313885,-73.79384338589588,2012-05-04 22:49:42,2012-04-30,train,757_4
757,2931,128,Bakery,40.703908012422,-73.79306784994985,2012-05-04 22:50:13,2012-04-30,train,757_4
757,3402,42,Food & Drink Shop,40.67755881343268,-73.74452479795166,2012-05-04 23:11:15,2012-04-30,train,757_4
757,4802,42,Food & Drink Shop,40.676081562335845,-73.74047040939331,2012-05-04 23:12:11,2012-04-30,train,757_4
757,2679,42,Food & Drink Shop,40.67459927153237,-73.73558364328305,2012-05-05 09:33:47,2012-04-30,train,757_4
757,3180,202,Pizza Place,40.6815241375,-73.765308,2012-05-05 09:46:52,2012-04-30,train,757_4
757,2756,254,Department Store,40.7056404313885,-73.79384338589588,2012-05-05 09:55:55,2012-04-30,train,757_4
757,3180,202,Pizza Place,40.6815241375,-73.765308,2012-05-05 17:59:57,2012-04-30,train,757_4
757,2893,7,Clothing Store,40.76035821078917,-73.97618293762207,2012-05-05 19:01:12,2012-04-30,train,757_4
757,2393,222,Coffee Shop,40.76006061232576,-73.97693369182005,2012-05-05 19:01:34,2012-04-30,train,757_4
757,873,7,Clothing Store,40.75928598290908,-73.9765204598217,2012-05-05 19:02:27,2012-04-30,train,757_4
757,1089,196,Restaurant,40.75527487548953,-73.97880613803864,2012-05-05 19:42:27,2012-04-30,train,757_4
757,624,122,Plaza,40.75866919513504,-73.97859808949039,2012-05-05 19:51:40,2012-04-30,train,757_4
757,1859,70,Train Station,40.74683429891953,-73.89155387878418,2012-05-06 22:36:57,2012-04-30,train,757_4
757,3102,274,Fried Chicken Joint,40.70239645717224,-73.79117782747943,2012-05-06 22:38:19,2012-04-30,train,757_4
757,2576,42,Food & Drink Shop,40.6791734818247,-73.75508308410645,2012-05-06 22:51:57,2012-04-30,train,757_4
757,3402,42,Food & Drink Shop,40.67755881343268,-73.74452479795166,2012-05-06 22:55:31,2012-04-30,train,757_4
759,2748,33,Korean Restaurant,40.74766009494975,-73.9852268406692,2012-05-01 19:54:28,2012-04-30,train,759_4
759,1333,194,Mexican Restaurant,40.748485,-73.985041,2012-05-01 19:54:41,2012-04-30,train,759_4
759,391,80,Building,40.74828059076867,-73.98556262254715,2012-05-01 19:55:11,2012-04-30,train,759_4
759,3703,6,Home (private),40.67443632773219,-73.73013313667236,2012-05-02 07:31:35,2012-04-30,train,759_4
759,3914,55,Bar,40.6768505436282,-73.72460202914579,2012-05-02 07:31:54,2012-04-30,train,759_4
759,3703,6,Home (private),40.67443632773219,-73.73013313667236,2012-05-03 08:20:25,2012-04-30,train,759_4
759,3914,55,Bar,40.6768505436282,-73.72460202914579,2012-05-03 08:20:53,2012-04-30,train,759_4
759,3703,6,Home (private),40.67443632773219,-73.73013313667236,2012-05-04 10:19:23,2012-04-30,train,759_4
759,3914,55,Bar,40.6768505436282,-73.72460202914579,2012-05-04 10:20:02,2012-04-30,train,759_4
759,3703,6,Home (private),40.67443632773219,-73.73013313667236,2012-05-05 08:15:23,2012-04-30,train,759_4
759,3914,55,Bar,40.6768505436282,-73.72460202914579,2012-05-05 08:15:50,2012-04-30,train,759_4
761,583,259,Hotel,40.7526195459056,-73.99336294005377,2012-05-01 13:23:51,2012-04-30,train,761_4
761,583,259,Hotel,40.7526195459056,-73.99336294005377,2012-05-01 18:13:04,2012-04-30,train,761_4
761,4323,54,Food & Drink Shop,40.753018,-73.9928813,2012-05-03 09:56:58,2012-04-30,train,761_4
761,583,259,Hotel,40.7526195459056,-73.99336294005377,2012-05-03 10:04:45,2012-04-30,train,761_4
761,349,70,Train Station,40.75280620914171,-73.97717535495758,2012-05-03 14:15:48,2012-04-30,train,761_4
761,583,259,Hotel,40.7526195459056,-73.99336294005377,2012-05-03 14:34:02,2012-04-30,train,761_4
761,400,194,Mexican Restaurant,40.752427601875766,-73.99410499133778,2012-05-03 16:32:29,2012-04-30,train,761_4
761,583,259,Hotel,40.7526195459056,-73.99336294005377,2012-05-03 16:36:27,2012-04-30,train,761_4
761,221,48,Bar,40.783368543265446,-73.97819995880127,2012-05-04 01:03:45,2012-04-30,train,761_4
761,583,259,Hotel,40.7526195459056,-73.99336294005377,2012-05-04 04:30:01,2012-04-30,train,761_4
761,1852,98,Donut Shop,40.711131380000005,-74.006383,2012-05-04 09:41:50,2012-04-30,train,761_4
761,750,183,University,40.71110949732056,-74.00504350662231,2012-05-04 09:54:08,2012-04-30,train,761_4
761,583,259,Hotel,40.7526195459056,-73.99336294005377,2012-05-04 12:20:26,2012-04-30,train,761_4
761,357,70,Train Station,40.750794799423865,-73.99357639021292,2012-05-04 17:08:37,2012-04-30,train,761_4
762,3622,91,High School,40.82137060113813,-73.90869251819866,2012-05-02 08:08:27,2012-04-30,train,762_4
762,3622,91,High School,40.82137060113813,-73.90869251819866,2012-05-03 08:14:34,2012-04-30,train,762_4
762,532,138,Gym / Fitness Center,40.84835183889757,-73.83081857572387,2012-05-03 16:15:54,2012-04-30,train,762_4
762,3622,91,High School,40.82137060113813,-73.90869251819866,2012-05-04 08:25:21,2012-04-30,train,762_4
762,532,138,Gym / Fitness Center,40.84835183889757,-73.83081857572387,2012-05-04 16:14:59,2012-04-30,train,762_4
764,254,121,Park,40.74706188749892,-74.00519371032715,2012-05-05 20:26:22,2012-04-30,train,764_4
764,254,121,Park,40.74706188749892,-74.00519371032715,2012-05-06 19:25:52,2012-04-30,train,764_4
764,254,121,Park,40.74706188749892,-74.00519371032715,2012-05-06 19:59:56,2012-04-30,train,764_4
765,3171,167,College Academic Building,40.74160915259099,-73.97531519475638,2012-05-03 14:13:27,2012-04-30,train,765_4
765,1191,222,Coffee Shop,40.74365597019452,-73.97662950724082,2012-05-03 15:39:09,2012-04-30,train,765_4
765,3171,167,College Academic Building,40.74165443061321,-73.97473551696459,2012-05-04 09:58:28,2012-04-30,train,765_4
765,1191,222,Coffee Shop,40.74365597019452,-73.97662950724082,2012-05-04 13:47:02,2012-04-30,train,765_4
765,1071,246,Performing Arts Venue,40.729730414689584,-73.99755477905273,2012-05-05 18:00:39,2012-04-30,train,765_4
766,2535,138,Gym / Fitness Center,40.84340118421137,-73.94228225952985,2012-05-01 17:30:17,2012-04-30,train,766_3
766,2487,167,College Academic Building,40.84129181677252,-73.94046255754523,2012-05-03 10:01:01,2012-04-30,train,766_3
766,2535,138,Gym / Fitness Center,40.84340118421137,-73.94228225952985,2012-05-04 17:25:02,2012-04-30,train,766_3
767,2048,102,American Restaurant,40.75056688516855,-73.97608426952706,2012-05-01 12:08:11,2012-04-30,train,767_4
767,2048,102,American Restaurant,40.75056688516855,-73.97608426952706,2012-05-03 12:04:25,2012-04-30,train,767_4
767,4426,194,Mexican Restaurant,40.76282906098013,-73.99311791279167,2012-05-03 19:37:29,2012-04-30,train,767_4
767,414,214,Bar,40.7616909474116,-73.99105310440063,2012-05-03 23:24:54,2012-04-30,train,767_4
767,4231,214,Bar,40.765162620688834,-73.98763149992548,2012-05-04 01:37:22,2012-04-30,train,767_4
767,3762,259,Hotel,40.759297303663125,-73.99532735481978,2012-05-05 12:38:29,2012-04-30,train,767_4
767,174,102,American Restaurant,40.741797,-73.997271,2012-05-06 15:40:35,2012-04-30,train,767_4
770,3729,266,Bus Station,40.826702515225065,-73.95129203796387,2012-05-01 17:06:43,2012-04-30,train,770_4
770,3728,266,Bus Station,40.82517623700004,-73.94768714904785,2012-05-02 07:44:22,2012-04-30,train,770_4
770,4204,91,High School,40.818486177634,-73.94988656044006,2012-05-02 07:52:24,2012-04-30,train,770_4
770,3728,266,Bus Station,40.82517623700004,-73.94768714904785,2012-05-03 07:54:48,2012-04-30,train,770_4
770,4230,266,Bus Station,40.81894086323423,-73.95222544670105,2012-05-03 08:00:18,2012-04-30,train,770_4
770,4204,91,High School,40.818486177634,-73.94988656044006,2012-05-03 08:02:09,2012-04-30,train,770_4
770,1917,264,Subway,40.82650767315227,-73.95039081573486,2012-05-03 17:10:41,2012-04-30,train,770_4
770,4714,6,Home (private),40.82497237470613,-73.95361626406626,2012-05-03 17:22:19,2012-04-30,train,770_4
770,3728,266,Bus Station,40.82517623700004,-73.94768714904785,2012-05-04 07:42:09,2012-04-30,train,770_4
770,4204,91,High School,40.818486177634,-73.94988656044006,2012-05-04 07:51:04,2012-04-30,train,770_4
770,1917,264,Subway,40.82650767315227,-73.95039081573486,2012-05-04 17:07:45,2012-04-30,train,770_4
770,1145,71,Train Station,40.707149,-73.99057,2012-05-04 20:09:52,2012-04-30,train,770_4
770,1401,264,Subway,40.65052298546056,-73.96298110485071,2012-05-04 20:33:40,2012-04-30,train,770_4
770,2742,264,Subway,40.57782667559751,-73.9607481089862,2012-05-04 20:48:07,2012-04-30,train,770_4
770,2637,264,Subway,40.57745558120849,-73.98124694824219,2012-05-04 20:57:30,2012-04-30,train,770_4
770,2818,264,Subway,40.63554789052744,-73.97815704345703,2012-05-04 21:19:27,2012-04-30,train,770_4
770,4714,6,Home (private),40.82497237470613,-73.95361626406626,2012-05-05 10:06:05,2012-04-30,train,770_4
770,1600,264,Subway,40.81554068461798,-73.95842347218186,2012-05-05 16:02:46,2012-04-30,train,770_4
770,1566,264,Subway,40.77841289502202,-73.98201942443848,2012-05-05 17:22:05,2012-04-30,train,770_4
770,3729,266,Bus Station,40.826702515225065,-73.95129203796387,2012-05-06 14:36:05,2012-04-30,train,770_4
774,2136,222,Coffee Shop,40.7408667651662,-73.99179797423834,2012-05-01 12:10:44,2012-04-30,train,774_4
774,2136,222,Coffee Shop,40.7408667651662,-73.99179797423834,2012-05-04 16:08:25,2012-04-30,train,774_4
774,365,107,Cuban Restaurant,40.68647960590641,-73.97434294223785,2012-05-04 22:07:10,2012-04-30,train,774_4
775,3327,73,Bus Station,40.57720525766707,-74.00138740791985,2012-05-02 04:52:25,2012-04-30,train,775_4
775,3926,266,Bus Station,40.5770155421849,-73.98116111755371,2012-05-02 05:21:36,2012-04-30,train,775_4
775,1772,264,Subway,40.635055311991,-74.0117222070694,2012-05-02 05:53:53,2012-04-30,train,775_4
775,1126,137,Gym / Fitness Center,40.77909533410843,-73.94470453262329,2012-05-02 07:48:03,2012-04-30,train,775_4
775,4611,6,Home (private),40.57453059799639,-74.00063278107605,2012-05-03 04:45:24,2012-04-30,train,775_4
775,3926,266,Bus Station,40.5770155421849,-73.98116111755371,2012-05-03 05:12:31,2012-04-30,train,775_4
775,1126,137,Gym / Fitness Center,40.77909533410843,-73.94470453262329,2012-05-03 07:10:29,2012-04-30,train,775_4
775,3037,83,Church,40.686700359537575,-73.98017064508767,2012-05-03 17:49:39,2012-04-30,train,775_4
775,3926,266,Bus Station,40.5770155421849,-73.98116111755371,2012-05-03 20:37:04,2012-04-30,train,775_4
775,3926,266,Bus Station,40.5770155421849,-73.98116111755371,2012-05-04 06:52:57,2012-04-30,train,775_4
775,1772,264,Subway,40.635055311991,-74.0117222070694,2012-05-04 20:11:05,2012-04-30,train,775_4
775,2023,83,Church,40.634953,-74.014235,2012-05-04 20:20:44,2012-04-30,train,775_4
775,3926,266,Bus Station,40.5770155421849,-73.98116111755371,2012-05-04 21:57:54,2012-04-30,train,775_4
775,3327,73,Bus Station,40.57720525766707,-74.00138740791985,2012-05-04 22:10:07,2012-04-30,train,775_4
775,4611,6,Home (private),40.57453059799639,-74.00063278107605,2012-05-04 23:00:42,2012-04-30,train,775_4
775,3926,266,Bus Station,40.5770155421849,-73.98116111755371,2012-05-05 06:38:22,2012-04-30,train,775_4
775,1772,264,Subway,40.635055311991,-74.0117222070694,2012-05-05 06:59:30,2012-04-30,train,775_4
775,1772,264,Subway,40.635055311991,-74.0117222070694,2012-05-05 19:42:28,2012-04-30,train,775_4
775,2023,83,Church,40.634953,-74.014235,2012-05-05 19:49:02,2012-04-30,train,775_4
775,2023,83,Church,40.634953,-74.014235,2012-05-06 12:31:51,2012-04-30,train,775_4
776,3336,301,Neighborhood,40.8674600029894,-73.92392946665629,2012-05-04 18:09:16,2012-04-30,train,776_4
776,1601,264,Subway,40.86547280852953,-73.92727017402649,2012-05-04 18:10:19,2012-04-30,train,776_4
776,3289,301,Neighborhood,40.65016889724004,-73.94957542419434,2012-05-05 20:13:21,2012-04-30,train,776_4
776,3289,301,Neighborhood,40.65016889724004,-73.94957542419434,2012-05-05 20:13:48,2012-04-30,train,776_4
776,4223,123,Scenic Lookout,40.64426838880491,-74.01888358646494,2012-05-05 20:14:05,2012-04-30,train,776_4
776,3208,75,Government Building,40.64440722605739,-74.02412811097311,2012-05-05 20:16:19,2012-04-30,train,776_4
776,4356,226,Art Gallery,40.64705935216955,-74.02248859405518,2012-05-05 20:25:05,2012-04-30,train,776_4
776,4586,136,Office,40.64336565431029,-74.0254019233847,2012-05-05 20:27:09,2012-04-30,train,776_4
778,781,259,Hotel,40.75169333099049,-73.97658359254557,2012-05-01 18:46:46,2012-04-30,train,778_3
778,2563,138,Gym / Fitness Center,40.788219074046346,-73.94870561334412,2012-05-03 18:39:29,2012-04-30,train,778_3
779,1184,21,French Restaurant,40.723202989983456,-73.98260980258654,2012-05-04 20:26:08,2012-04-30,train,779_3
779,659,222,Coffee Shop,40.736772,-74.000943,2012-05-04 21:47:15,2012-04-30,train,779_3
779,18,194,Mexican Restaurant,40.737556697609854,-74.00818752322094,2012-05-04 21:56:52,2012-04-30,train,779_3
779,3655,139,Medical Center,40.6536274284435,-73.94496298807579,2012-05-06 16:56:26,2012-04-30,train,779_3
779,2927,132,Fast Food Restaurant,40.65077879313595,-73.94964125834473,2012-05-06 16:56:38,2012-04-30,train,779_3
779,3485,177,College Academic Building,40.65456235394333,-73.94540498900236,2012-05-06 16:57:02,2012-04-30,train,779_3
779,1523,222,Coffee Shop,40.655750878008696,-73.9432179355957,2012-05-06 17:00:07,2012-04-30,train,779_3
779,779,222,Coffee Shop,40.7523002736096,-73.97565186023712,2012-05-06 19:05:13,2012-04-30,train,779_3
779,361,137,Gym / Fitness Center,40.75231,-73.975419,2012-05-06 19:05:26,2012-04-30,train,779_3
779,3875,197,Sandwich Place,40.7522887787384,-73.97421323151809,2012-05-06 19:12:20,2012-04-30,train,779_3
779,749,204,Steakhouse,40.7510329280088,-73.97515449217718,2012-05-06 19:12:40,2012-04-30,train,779_3
779,349,70,Train Station,40.75280620914171,-73.97717535495758,2012-05-06 19:12:56,2012-04-30,train,779_3
779,4471,58,Electronics Store,40.75281239893301,-73.97717474340911,2012-05-06 20:08:57,2012-04-30,train,779_3
779,109,50,Bar,40.752548117544286,-73.97774293524516,2012-05-06 20:09:39,2012-04-30,train,779_3
779,4813,7,Clothing Store,40.754597385692016,-73.98423397734838,2012-05-06 20:25:54,2012-04-30,train,779_3
779,741,131,Café,40.75510830612326,-73.98612787403783,2012-05-06 20:26:11,2012-04-30,train,779_3
779,905,84,Performing Arts Venue,40.75377861076244,-73.99197445110599,2012-05-06 20:29:09,2012-04-30,train,779_3
779,4399,27,Italian Restaurant,40.736013,-74.001056,2012-05-06 20:32:19,2012-04-30,train,779_3
779,1523,222,Coffee Shop,40.655750878008696,-73.9432179355957,2012-05-06 21:55:56,2012-04-30,train,779_3
779,2002,73,Bus Station,40.65213848911486,-73.94643823398245,2012-05-06 21:56:39,2012-04-30,train,779_3
779,3485,177,College Academic Building,40.65456235394333,-73.94540498900236,2012-05-06 21:56:58,2012-04-30,train,779_3
780,1752,61,Office,40.753050382397895,-73.98573761806597,2012-05-01 19:07:26,2012-04-30,train,780_4
780,1274,61,Office,40.70972827284494,-74.01076978215657,2012-05-03 10:45:59,2012-04-30,train,780_4
780,348,61,Office,40.71384404172299,-74.01420126337966,2012-05-03 14:56:37,2012-04-30,train,780_4
780,1752,61,Office,40.753050382397895,-73.98573761806597,2012-05-03 18:27:42,2012-04-30,train,780_4
780,348,61,Office,40.71384404172299,-74.01420126337966,2012-05-04 10:13:44,2012-04-30,train,780_4
780,1752,61,Office,40.753050382397895,-73.98573761806597,2012-05-04 19:12:35,2012-04-30,train,780_4
781,3796,61,Office,40.73963589285346,-74.0060011833954,2012-05-03 08:15:14,2012-04-30,train,781_4
781,3796,61,Office,40.73963589285346,-74.0060011833954,2012-05-04 12:30:18,2012-04-30,train,781_4
781,3118,37,Bar,40.705466,-73.932782,2012-05-05 16:33:35,2012-04-30,train,781_4
781,1187,39,Beer Garden,40.7405579801227,-74.00777996246534,2012-05-05 19:14:19,2012-04-30,train,781_4
783,2333,281,Residential Building (Apartment / Condo),40.82462308059908,-73.9413465789418,2012-05-01 22:49:37,2012-04-30,train,783_4
783,4033,90,School,40.854907,-73.90528,2012-05-02 07:31:23,2012-04-30,train,783_4
783,4033,90,School,40.854907,-73.90528,2012-05-03 07:19:40,2012-04-30,train,783_4
783,2020,264,Subway,40.824774703393686,-73.94421629695893,2012-05-03 16:12:17,2012-04-30,train,783_4
783,2333,281,Residential Building (Apartment / Condo),40.82462308059908,-73.9413465789418,2012-05-03 17:53:50,2012-04-30,train,783_4
783,4033,90,School,40.854907,-73.90528,2012-05-04 13:23:01,2012-04-30,train,783_4
783,702,157,Stadium,40.75645736467708,-73.8460636138916,2012-05-04 18:14:22,2012-04-30,train,783_4
783,2333,281,Residential Building (Apartment / Condo),40.82462308059908,-73.9413465789418,2012-05-05 20:38:56,2012-04-30,train,783_4
783,1556,264,Subway,40.80776768594996,-73.94545555114746,2012-05-06 13:47:50,2012-04-30,train,783_4
783,430,35,Bookstore,40.785870598954766,-73.97828578948975,2012-05-06 14:05:37,2012-04-30,train,783_4
783,2333,281,Residential Building (Apartment / Condo),40.82462308059908,-73.9413465789418,2012-05-06 15:35:07,2012-04-30,train,783_4
784,625,122,Plaza,40.756489872673846,-73.98626804351807,2012-05-01 13:00:17,2012-04-30,train,784_2
784,4868,281,Residential Building (Apartment / Condo),40.758017730590645,-73.9922547340393,2012-05-01 13:10:10,2012-04-30,train,784_2
784,348,61,Office,40.71384404172299,-74.01420126337966,2012-05-01 13:24:10,2012-04-30,train,784_2
784,2332,19,Bank,40.84350462709147,-73.93913651788439,2012-05-01 13:40:05,2012-04-30,train,784_2
784,2240,19,Bank,40.81011509621309,-73.95118534970048,2012-05-01 13:50:05,2012-04-30,train,784_2
784,906,98,Donut Shop,40.74989042341799,-73.9923620223999,2012-05-01 14:00:17,2012-04-30,train,784_2
784,2417,144,Casino,40.918617842976126,-73.86543813495955,2012-05-03 12:50:05,2012-04-30,train,784_2
784,625,122,Plaza,40.756489872673846,-73.98626804351807,2012-05-03 13:00:18,2012-04-30,train,784_2
784,4868,281,Residential Building (Apartment / Condo),40.758017730590645,-73.9922547340393,2012-05-03 13:10:05,2012-04-30,train,784_2
784,348,61,Office,40.71384404172299,-74.01420126337966,2012-05-03 13:20:05,2012-04-30,train,784_2
784,2083,12,Gym / Fitness Center,40.84227990817094,-73.94179432849904,2012-05-03 13:30:06,2012-04-30,train,784_2
784,2332,19,Bank,40.84350462709147,-73.93913651788439,2012-05-03 13:40:04,2012-04-30,train,784_2
784,2240,19,Bank,40.81011509621309,-73.95118534970048,2012-05-03 13:50:04,2012-04-30,train,784_2
784,906,98,Donut Shop,40.74989042341799,-73.9923620223999,2012-05-03 14:00:15,2012-04-30,train,784_2
784,2417,144,Casino,40.91902658090872,-73.86536922350342,2012-05-04 12:50:05,2012-04-30,train,784_2
784,625,122,Plaza,40.756489872673846,-73.98626804351807,2012-05-04 13:00:18,2012-04-30,train,784_2
784,4868,281,Residential Building (Apartment / Condo),40.758017730590645,-73.9922547340393,2012-05-04 13:10:04,2012-04-30,train,784_2
784,348,61,Office,40.71384404172299,-74.01420126337966,2012-05-04 13:20:05,2012-04-30,train,784_2
784,2332,19,Bank,40.84350462709147,-73.93913651788439,2012-05-04 13:40:04,2012-04-30,train,784_2
784,2240,19,Bank,40.81011509621309,-73.95118534970048,2012-05-04 13:50:04,2012-04-30,train,784_2
784,906,98,Donut Shop,40.74989042341799,-73.9923620223999,2012-05-04 14:00:16,2012-04-30,train,784_2
784,2417,144,Casino,40.91902658090872,-73.86536922350342,2012-05-05 12:50:05,2012-04-30,train,784_2
784,625,122,Plaza,40.756489872673846,-73.98626804351807,2012-05-05 13:00:17,2012-04-30,train,784_2
784,4868,281,Residential Building (Apartment / Condo),40.758017730590645,-73.9922547340393,2012-05-05 13:10:06,2012-04-30,train,784_2
784,348,61,Office,40.71384404172299,-74.01420126337966,2012-05-05 13:20:05,2012-04-30,train,784_2
784,2083,12,Gym / Fitness Center,40.84227990817094,-73.94179432849904,2012-05-05 13:30:07,2012-04-30,train,784_2
784,906,98,Donut Shop,40.74989042341799,-73.9923620223999,2012-05-05 14:00:15,2012-04-30,train,784_2
784,2417,144,Casino,40.91902658090872,-73.86536922350342,2012-05-06 12:50:05,2012-04-30,train,784_2
784,625,122,Plaza,40.756489872673846,-73.98626804351807,2012-05-06 13:00:15,2012-04-30,train,784_2
785,400,194,Mexican Restaurant,40.752427601875766,-73.99410499133778,2012-05-04 13:59:38,2012-04-30,train,785_4
785,1193,26,Drugstore / Pharmacy,40.75186388623881,-73.99350815375443,2012-05-04 14:01:27,2012-04-30,train,785_4
785,881,128,Bakery,40.759272,-73.981107,2012-05-04 18:22:10,2012-04-30,train,785_4
785,148,48,Bar,40.760753,-73.990799,2012-05-04 20:23:50,2012-04-30,train,785_4
787,2021,166,College Academic Building,40.77197905799648,-73.98753393677096,2012-05-01 15:21:59,2012-04-30,train,787_4
787,893,194,Mexican Restaurant,40.759534,-73.991765,2012-05-03 13:27:25,2012-04-30,train,787_4
787,1452,222,Coffee Shop,40.76162732877561,-73.99033455348567,2012-05-03 16:57:05,2012-04-30,train,787_4
787,2021,166,College Academic Building,40.77197905799648,-73.98753393677096,2012-05-03 18:56:32,2012-04-30,train,787_4
787,2021,166,College Academic Building,40.77197905799648,-73.98753393677096,2012-05-04 07:35:07,2012-04-30,train,787_4
787,1733,264,Subway,40.75650612666626,-73.98802757263184,2012-05-04 16:26:41,2012-04-30,train,787_4
787,406,147,Movie Theater,40.73416736029532,-73.99048715829849,2012-05-04 16:44:15,2012-04-30,train,787_4
787,192,121,Park,40.73528249691621,-73.99040315158283,2012-05-04 16:46:18,2012-04-30,train,787_4
787,406,147,Movie Theater,40.73416736029532,-73.99048715829849,2012-05-04 21:19:57,2012-04-30,train,787_4
787,2021,166,College Academic Building,40.77197905799648,-73.98753393677096,2012-05-06 15:52:31,2012-04-30,train,787_4
788,3930,6,Home (private),40.94175914870915,-74.01238511084367,2012-05-01 13:52:35,2012-04-30,train,788_4
788,3475,120,Other Great Outdoors,40.94269410852135,-73.99635314941406,2012-05-03 09:52:05,2012-04-30,train,788_4
788,3475,120,Other Great Outdoors,40.94269410852135,-73.99635314941406,2012-05-03 12:43:10,2012-04-30,train,788_4
788,3930,6,Home (private),40.94175914870915,-74.01238511084367,2012-05-03 12:43:22,2012-04-30,train,788_4
788,3475,120,Other Great Outdoors,40.94269410852135,-73.99635314941406,2012-05-03 17:00:14,2012-04-30,train,788_4
788,3930,6,Home (private),40.94175914870915,-74.01238511084367,2012-05-04 02:39:04,2012-04-30,train,788_4
788,3930,6,Home (private),40.94175914870915,-74.01238511084367,2012-05-04 09:19:06,2012-04-30,train,788_4
788,4455,253,General Travel,40.945521109202765,-74.01418404874472,2012-05-04 10:36:02,2012-04-30,train,788_4
788,3310,120,Other Great Outdoors,40.94671189223704,-74.06816149376203,2012-05-04 10:45:41,2012-04-30,train,788_4
788,3930,6,Home (private),40.94175914870915,-74.01238511084367,2012-05-04 16:00:51,2012-04-30,train,788_4
788,2929,120,Other Great Outdoors,40.85085849545148,-73.97017478942871,2012-05-04 17:29:29,2012-04-30,train,788_4
788,1372,221,Bridge,40.78008648315284,-73.92702341079712,2012-05-04 18:06:06,2012-04-30,train,788_4
788,702,157,Stadium,40.75645736467708,-73.8460636138916,2012-05-04 18:38:02,2012-04-30,train,788_4
788,3475,120,Other Great Outdoors,40.94269410852135,-73.99635314941406,2012-05-04 20:59:58,2012-04-30,train,788_4
788,4455,253,General Travel,40.945521109202765,-74.01418404874472,2012-05-04 21:04:24,2012-04-30,train,788_4
788,3930,6,Home (private),40.94175914870915,-74.01238511084367,2012-05-05 02:48:16,2012-04-30,train,788_4
788,3930,6,Home (private),40.94175914870915,-74.01238511084367,2012-05-05 10:28:39,2012-04-30,train,788_4
788,3172,270,Parking,40.811340708909874,-74.0822696685791,2012-05-05 12:47:01,2012-04-30,train,788_4
788,4658,80,Building,40.81699041676607,-74.0745462023034,2012-05-05 13:00:45,2012-04-30,train,788_4
788,2808,97,Diner,40.90277210074285,-74.07811420240645,2012-05-06 21:59:39,2012-04-30,train,788_4
789,2992,233,Other Great Outdoors,40.626382521891,-74.09262643343347,2012-05-01 15:36:25,2012-04-30,train,789_3
789,3689,6,Home (private),40.62743941221212,-74.09463109843134,2012-05-01 16:23:57,2012-04-30,train,789_3
789,2992,233,Other Great Outdoors,40.626382521891,-74.09262643343347,2012-05-02 07:06:32,2012-04-30,train,789_3
789,3689,6,Home (private),40.62743941221212,-74.09463109843134,2012-05-02 07:57:03,2012-04-30,train,789_3
789,3957,58,Electronics Store,40.66310131145435,-74.10717195833217,2012-05-03 13:07:58,2012-04-30,train,789_3
789,2992,233,Other Great Outdoors,40.626382521891,-74.09262643343347,2012-05-04 07:05:43,2012-04-30,train,789_3
789,3689,6,Home (private),40.62743941221212,-74.09463109843134,2012-05-04 08:08:21,2012-04-30,train,789_3
789,3957,58,Electronics Store,40.66310131145435,-74.10717195833217,2012-05-04 11:58:51,2012-04-30,train,789_3
789,2992,233,Other Great Outdoors,40.626382521891,-74.09262643343347,2012-05-04 19:31:57,2012-04-30,train,789_3
789,3689,6,Home (private),40.62743941221212,-74.09463109843134,2012-05-04 20:02:02,2012-04-30,train,789_3
789,3689,6,Home (private),40.62743941221212,-74.09463109843134,2012-05-05 01:46:29,2012-04-30,train,789_3
789,3957,58,Electronics Store,40.66310131145435,-74.10717195833217,2012-05-05 11:02:05,2012-04-30,train,789_3
790,3370,211,Bar,40.72036368727871,-73.9870834350586,2012-05-05 13:01:45,2012-04-30,train,790_3
790,1353,264,Subway,40.71306941116871,-74.0044105052948,2012-05-05 20:13:13,2012-04-30,train,790_3
791,1187,39,Beer Garden,40.7405579801227,-74.00777996246534,2012-05-01 18:28:47,2012-04-30,train,791_3
791,2652,50,Bar,40.72586029477793,-73.98442268371582,2012-05-01 23:07:44,2012-04-30,train,791_3
791,23,41,Bar,40.72510954367323,-73.98130127017728,2012-05-02 02:23:08,2012-04-30,train,791_3
791,1475,241,Airport,40.773839,-73.87122,2012-05-03 14:30:26,2012-04-30,train,791_3
791,436,241,Airport,40.68968493541091,-74.17938709259033,2012-05-06 13:55:36,2012-04-30,train,791_3
791,3562,63,Office,40.73672207747068,-73.99558067321777,2012-05-06 15:59:36,2012-04-30,train,791_3
791,406,147,Movie Theater,40.73416736029532,-73.99048715829849,2012-05-06 20:53:48,2012-04-30,train,791_3
794,3270,171,College Academic Building,40.709516823511386,-74.08783121112451,2012-05-04 13:01:11,2012-04-30,train,794_4
794,3650,183,University,40.710173556374286,-74.08774517133206,2012-05-06 22:02:31,2012-04-30,train,794_4
796,1504,178,General College & University,40.75356408930207,-73.97953033447266,2012-05-01 18:57:05,2012-04-30,train,796_2
796,4751,6,Home (private),40.89266891558452,-74.15335626699198,2012-05-01 21:47:56,2012-04-30,train,796_2
796,4751,6,Home (private),40.89266891558452,-74.15335626699198,2012-05-02 07:16:09,2012-04-30,train,796_2
796,1504,178,General College & University,40.75356408930207,-73.97953033447266,2012-05-03 18:55:22,2012-04-30,train,796_2
796,4751,6,Home (private),40.89266891558452,-74.15335626699198,2012-05-04 01:32:43,2012-04-30,train,796_2
796,4751,6,Home (private),40.89266891558452,-74.15335626699198,2012-05-04 22:16:47,2012-04-30,train,796_2
796,4751,6,Home (private),40.89266891558452,-74.15335626699198,2012-05-06 15:30:53,2012-04-30,train,796_2
797,4002,281,Residential Building (Apartment / Condo),40.70324252657549,-73.94430859523969,2012-05-01 11:59:26,2012-04-30,train,797_4
797,4427,6,Home (private),40.70477380546345,-73.94186034276925,2012-05-01 12:17:33,2012-04-30,train,797_4
797,3945,269,Miscellaneous Shop,40.703083611834224,-73.94235688416731,2012-05-01 12:45:41,2012-04-30,train,797_4
797,2186,264,Subway,40.707560746779045,-73.94025590261084,2012-05-01 12:46:02,2012-04-30,train,797_4
797,3360,264,Subway,40.73977053760343,-74.00258123874664,2012-05-01 12:46:24,2012-04-30,train,797_4
797,2689,301,Neighborhood,40.71343536379427,-73.95807266235352,2012-05-01 12:46:38,2012-04-30,train,797_4
797,1247,35,Bookstore,40.73316247409845,-73.99104044018358,2012-05-01 17:51:37,2012-04-30,train,797_4
797,4626,6,Home (private),40.70477380546345,-73.94186034276925,2012-05-01 23:02:59,2012-04-30,train,797_4
797,2689,301,Neighborhood,40.71343536379427,-73.95807266235352,2012-05-01 23:08:05,2012-04-30,train,797_4
797,4669,117,Other Great Outdoors,40.706138429779976,-73.95296477053591,2012-05-01 23:09:02,2012-04-30,train,797_4
797,3289,301,Neighborhood,40.65016889724004,-73.94957542419434,2012-05-01 23:10:19,2012-04-30,train,797_4
797,4002,281,Residential Building (Apartment / Condo),40.70324252657549,-73.94430859523969,2012-05-03 10:17:49,2012-04-30,train,797_4
797,4319,6,Home (private),40.70477380546345,-73.94186034276925,2012-05-03 11:56:57,2012-04-30,train,797_4
797,3945,269,Miscellaneous Shop,40.703083611834224,-73.94235688416731,2012-05-03 12:38:02,2012-04-30,train,797_4
797,2186,264,Subway,40.707560746779045,-73.94025590261084,2012-05-03 12:40:16,2012-04-30,train,797_4
797,3360,264,Subway,40.73977053760343,-74.00258123874664,2012-05-03 12:42:06,2012-04-30,train,797_4
797,1247,35,Bookstore,40.73316247409845,-73.99104044018358,2012-05-03 13:39:01,2012-04-30,train,797_4
797,764,221,Bridge,40.713565479798646,-73.97236347198486,2012-05-03 23:33:25,2012-04-30,train,797_4
797,4002,281,Residential Building (Apartment / Condo),40.70246445388422,-73.94430859523969,2012-05-04 09:52:42,2012-04-30,train,797_4
797,4427,6,Home (private),40.70477380546345,-73.94186034276925,2012-05-04 10:04:13,2012-04-30,train,797_4
797,1113,71,Train Station,40.70386504122757,-73.94740149378777,2012-05-04 12:09:13,2012-04-30,train,797_4
797,4669,117,Other Great Outdoors,40.706138429779976,-73.95296477053591,2012-05-04 12:09:54,2012-04-30,train,797_4
797,2689,301,Neighborhood,40.71343536379427,-73.95807266235352,2012-05-04 12:10:51,2012-04-30,train,797_4
797,764,221,Bridge,40.713565479798646,-73.97236347198486,2012-05-04 12:19:13,2012-04-30,train,797_4
797,3289,301,Neighborhood,40.65016889724004,-73.94957542419434,2012-05-04 12:20:02,2012-04-30,train,797_4
797,1419,70,Train Station,40.732267009830224,-74.06304359436035,2012-05-04 13:03:42,2012-04-30,train,797_4
797,2195,138,Gym / Fitness Center,40.73025005032203,-74.06467935611673,2012-05-04 15:44:34,2012-04-30,train,797_4
797,1487,122,Plaza,40.76245925351319,-73.98745932961936,2012-05-04 16:45:39,2012-04-30,train,797_4
797,233,147,Movie Theater,40.7569743825982,-73.98877355904663,2012-05-04 18:30:58,2012-04-30,train,797_4
797,1715,264,Subway,40.70541414411096,-73.94938295189516,2012-05-05 01:06:54,2012-04-30,train,797_4
797,1715,264,Subway,40.70541414411096,-73.94938295189516,2012-05-05 01:07:28,2012-04-30,train,797_4
797,2689,301,Neighborhood,40.71343536379427,-73.95807266235352,2012-05-05 01:08:48,2012-04-30,train,797_4
797,4002,281,Residential Building (Apartment / Condo),40.70246445388422,-73.94430859523969,2012-05-05 08:38:35,2012-04-30,train,797_4
797,4427,6,Home (private),40.70477380546345,-73.94186034276925,2012-05-05 08:39:05,2012-04-30,train,797_4
797,3945,269,Miscellaneous Shop,40.703083611834224,-73.94235688416731,2012-05-05 08:46:53,2012-04-30,train,797_4
797,2186,264,Subway,40.707560746779045,-73.94025590261084,2012-05-05 08:47:22,2012-04-30,train,797_4
797,3360,264,Subway,40.73977053760343,-74.00258123874664,2012-05-05 08:47:43,2012-04-30,train,797_4
797,2689,301,Neighborhood,40.71343536379427,-73.95807266235352,2012-05-05 08:52:46,2012-04-30,train,797_4
797,1247,35,Bookstore,40.73316247409845,-73.99104044018358,2012-05-05 13:59:02,2012-04-30,train,797_4
797,4901,194,Mexican Restaurant,40.759220487652186,-73.98880004882812,2012-05-05 14:07:57,2012-04-30,train,797_4
797,140,101,Wings Joint,40.76526318064232,-73.9815824906134,2012-05-05 19:21:04,2012-04-30,train,797_4
797,2689,301,Neighborhood,40.71343536379427,-73.95807266235352,2012-05-06 22:26:02,2012-04-30,train,797_4
799,435,224,Arcade,40.756717428206045,-73.98858547210693,2012-05-01 19:57:02,2012-04-30,train,799_4
799,13,230,Bowling Alley,40.75739368035236,-73.99330097284587,2012-05-01 21:56:26,2012-04-30,train,799_4
799,1027,7,Clothing Store,40.737231,-73.996793,2012-05-03 19:01:24,2012-04-30,train,799_4
799,454,207,Dessert Shop,40.73441062140292,-73.9908166227313,2012-05-03 19:32:34,2012-04-30,train,799_4
800,2864,257,Road,40.71862354238137,-73.98815631866455,2012-05-01 14:59:43,2012-04-30,train,800_3
800,4336,27,Italian Restaurant,40.72038388818859,-73.98955979680346,2012-05-01 15:37:57,2012-04-30,train,800_3
800,289,37,Bar,40.71945037152671,-73.98781514808185,2012-05-01 16:07:33,2012-04-30,train,800_3
800,3085,37,Bar,40.722342,-73.983208,2012-05-01 19:51:32,2012-04-30,train,800_3
800,870,132,Fast Food Restaurant,40.71882683268336,-73.98820996284485,2012-05-02 06:55:53,2012-04-30,train,800_3
800,1390,264,Subway,40.71860727913039,-73.98811340332031,2012-05-03 23:35:06,2012-04-30,train,800_3
800,1077,42,Food & Drink Shop,40.69705195512047,-73.93480816942602,2012-05-03 23:58:07,2012-04-30,train,800_3
800,1030,264,Subway,40.69716886084869,-73.93569231033325,2012-05-04 13:08:44,2012-04-30,train,800_3
800,2864,257,Road,40.71862354238137,-73.98815631866455,2012-05-04 13:25:49,2012-04-30,train,800_3
800,4336,27,Italian Restaurant,40.72038388818859,-73.98955979680346,2012-05-04 13:38:06,2012-04-30,train,800_3
800,289,37,Bar,40.71945037152671,-73.98781514808185,2012-05-04 14:37:27,2012-04-30,train,800_3
800,289,37,Bar,40.71945037152671,-73.98781514808185,2012-05-04 14:37:59,2012-04-30,train,800_3
800,4313,37,Bar,40.72012442375104,-73.98738472243872,2012-05-04 20:02:32,2012-04-30,train,800_3
800,289,37,Bar,40.71945037152671,-73.98781514808185,2012-05-05 01:26:34,2012-04-30,train,800_3
800,289,37,Bar,40.71945037152671,-73.98781514808185,2012-05-05 01:27:12,2012-04-30,train,800_3
800,4336,27,Italian Restaurant,40.72038388818859,-73.98955979680346,2012-05-05 09:10:26,2012-04-30,train,800_3
800,289,37,Bar,40.71945037152671,-73.98781514808185,2012-05-05 17:36:42,2012-04-30,train,800_3
800,4901,194,Mexican Restaurant,40.759220487652186,-73.98880004882812,2012-05-05 17:44:03,2012-04-30,train,800_3
800,4336,27,Italian Restaurant,40.72038388818859,-73.98955979680346,2012-05-05 19:44:56,2012-04-30,train,800_3
800,2025,264,Subway,40.69968229504451,-73.91182065010071,2012-05-06 16:20:39,2012-04-30,train,800_3
800,2864,257,Road,40.71862354238137,-73.98815631866455,2012-05-06 18:20:54,2012-04-30,train,800_3
800,170,102,American Restaurant,40.719607,-73.986764,2012-05-06 20:46:40,2012-04-30,train,800_3
800,289,37,Bar,40.71945037152671,-73.98781514808185,2012-05-06 21:25:53,2012-04-30,train,800_3
800,289,37,Bar,40.71945037152671,-73.98781514808185,2012-05-06 21:26:28,2012-04-30,train,800_3
801,750,183,University,40.71110949732056,-74.00504350662231,2012-05-01 16:31:15,2012-04-30,train,801_4
801,1608,70,Train Station,40.71267092713338,-74.01193141937256,2012-05-01 21:11:20,2012-04-30,train,801_4
801,1521,70,Train Station,40.71948548899754,-74.0427017211914,2012-05-01 21:20:12,2012-04-30,train,801_4
801,1252,102,American Restaurant,40.75992610830176,-74.02246410896758,2012-05-01 21:56:30,2012-04-30,train,801_4
801,1608,70,Train Station,40.71267092713338,-74.01193141937256,2012-05-03 19:56:55,2012-04-30,train,801_4
801,2297,26,Drugstore / Pharmacy,40.719675852720286,-74.04269509208234,2012-05-03 20:10:03,2012-04-30,train,801_4
801,1055,147,Movie Theater,40.8080275486526,-73.98811340332031,2012-05-05 00:01:58,2012-04-30,train,801_4
801,538,121,Park,40.72758398942743,-74.04523372650146,2012-05-06 17:50:05,2012-04-30,train,801_4
803,4743,287,Animal Shelter,40.771046,-74.065758,2012-05-03 19:52:59,2012-04-30,train,803_4
803,4743,287,Animal Shelter,40.771046,-74.065758,2012-05-05 09:12:36,2012-04-30,train,803_4
804,1066,121,Park,40.78224746176124,-73.97384405136108,2012-05-01 15:35:56,2012-04-30,train,804_3
804,1424,61,Office,40.74204967287742,-74.00477888803634,2012-05-01 18:38:24,2012-04-30,train,804_3
804,1066,121,Park,40.78224746176124,-73.97384405136108,2012-05-03 10:17:00,2012-04-30,train,804_3
804,1066,121,Park,40.78224746176124,-73.97384405136108,2012-05-04 11:23:43,2012-04-30,train,804_3
804,1015,61,Office,40.75865697763074,-73.98179484046595,2012-05-05 07:20:00,2012-04-30,train,804_3
804,1424,61,Office,40.74204967287742,-74.00477888803634,2012-05-05 20:06:38,2012-04-30,train,804_3
805,2912,264,Subway,40.68036952800187,-73.94965589046478,2012-05-04 16:07:16,2012-04-30,train,805_4
805,2472,19,Bank,40.759884309279535,-73.9812496173994,2012-05-04 16:49:57,2012-04-30,train,805_4
805,2861,61,Office,40.76162533916792,-73.98163414330183,2012-05-04 17:05:33,2012-04-30,train,805_4
805,625,122,Plaza,40.756489872673846,-73.98626804351807,2012-05-04 21:25:52,2012-04-30,train,805_4
805,4024,6,Home (private),40.68499608789172,-73.94186034276925,2012-05-04 22:37:25,2012-04-30,train,805_4
805,2912,264,Subway,40.68036952800187,-73.94965589046478,2012-05-05 07:27:56,2012-04-30,train,805_4
805,625,122,Plaza,40.756489872673846,-73.98626804351807,2012-05-05 08:09:15,2012-04-30,train,805_4
805,2016,132,Fast Food Restaurant,40.76195099046608,-73.9836072921753,2012-05-05 08:12:17,2012-04-30,train,805_4
805,2861,61,Office,40.76162533916792,-73.98163414330183,2012-05-05 08:40:04,2012-04-30,train,805_4
805,1733,264,Subway,40.75650612666626,-73.98802757263184,2012-05-05 15:51:47,2012-04-30,train,805_4
805,4024,6,Home (private),40.68499608789172,-73.94186034276925,2012-05-06 19:49:10,2012-04-30,train,805_4
806,892,137,Gym / Fitness Center,40.677036,-73.972353,2012-05-01 18:34:59,2012-04-30,train,806_3
806,921,4,Gym / Fitness Center,40.72090442397552,-74.00063395500183,2012-05-03 19:51:20,2012-04-30,train,806_3
806,3715,37,Bar,40.73670404816863,-73.95522059339255,2012-05-03 21:44:40,2012-04-30,train,806_3
806,306,55,Bar,40.73295047044622,-74.00384924971897,2012-05-04 23:09:40,2012-04-30,train,806_3
807,2049,181,Student Center,40.86283581665962,-74.19723987579346,2012-05-01 20:32:34,2012-04-30,train,807_4
807,2300,177,College Academic Building,40.86035289142279,-74.19816255569458,2012-05-01 21:55:56,2012-04-30,train,807_4
807,2214,174,College Academic Building,40.866770981342086,-74.20047998428345,2012-05-02 03:09:59,2012-04-30,train,807_4
807,2211,168,College Academic Building,40.86236520399265,-74.19631719589233,2012-05-03 12:49:21,2012-04-30,train,807_4
807,2214,174,College Academic Building,40.866770981342086,-74.20047998428345,2012-05-03 22:11:16,2012-04-30,train,807_4
807,2182,179,College Academic Building,40.86552149046927,-74.19462203979492,2012-05-03 22:56:04,2012-04-30,train,807_4
807,2300,177,College Academic Building,40.86035289142279,-74.19816255569458,2012-05-04 01:25:19,2012-04-30,train,807_4
807,2214,174,College Academic Building,40.866770981342086,-74.20047998428345,2012-05-04 01:51:04,2012-04-30,train,807_4
807,2049,181,Student Center,40.86283581665962,-74.19723987579346,2012-05-04 14:25:14,2012-04-30,train,807_4
807,2214,174,College Academic Building,40.866770981342086,-74.20047998428345,2012-05-05 00:42:22,2012-04-30,train,807_4
807,2049,181,Student Center,40.86283581665962,-74.19723987579346,2012-05-05 17:52:08,2012-04-30,train,807_4
807,2300,177,College Academic Building,40.86035289142279,-74.19816255569458,2012-05-05 18:12:26,2012-04-30,train,807_4
807,2049,181,Student Center,40.86283581665962,-74.19723987579346,2012-05-06 14:41:33,2012-04-30,train,807_4
810,807,42,Food & Drink Shop,40.8161477453172,-73.98043155670166,2012-05-01 15:15:06,2012-04-30,train,810_3
810,2569,98,Donut Shop,40.91845513831024,-73.99684238606413,2012-05-01 22:57:16,2012-04-30,train,810_3
810,2539,42,Food & Drink Shop,40.91338508182094,-74.00116934115263,2012-05-01 23:44:45,2012-04-30,train,810_3
810,1160,222,Coffee Shop,40.81309872799184,-73.98468554019928,2012-05-02 01:02:20,2012-04-30,train,810_3
810,3537,132,Fast Food Restaurant,40.93165071666667,-73.9955021,2012-05-03 17:19:05,2012-04-30,train,810_3
810,2595,96,Deli / Bodega,40.92946910736723,-73.99539622013613,2012-05-03 21:58:50,2012-04-30,train,810_3
810,4711,6,Home (private),40.90719915561692,-73.97712595918333,2012-05-04 05:06:49,2012-04-30,train,810_3
810,3537,132,Fast Food Restaurant,40.93165071666667,-73.9955021,2012-05-04 12:39:32,2012-04-30,train,810_3
810,4711,6,Home (private),40.90719915561692,-73.97712595918333,2012-05-04 19:49:56,2012-04-30,train,810_3
810,3537,132,Fast Food Restaurant,40.93165071666667,-73.9955021,2012-05-05 09:39:31,2012-04-30,train,810_3
810,3537,132,Fast Food Restaurant,40.93165071666667,-73.9955021,2012-05-05 09:41:03,2012-04-30,train,810_3
812,3412,40,Candy Store,40.82527051927068,-73.97467238363429,2012-05-01 15:42:48,2012-04-30,train,812_2
812,2280,120,Other Great Outdoors,40.86179721873436,-73.98802757263184,2012-05-03 07:05:15,2012-04-30,train,812_2
812,4256,120,Other Great Outdoors,40.82533633454996,-73.97627366806597,2012-05-03 07:15:31,2012-04-30,train,812_2
812,4256,120,Other Great Outdoors,40.82533633454996,-73.97627366806597,2012-05-03 15:56:36,2012-04-30,train,812_2
812,2133,54,Food & Drink Shop,40.91637850483696,-74.07649656441112,2012-05-03 17:22:49,2012-04-30,train,812_2
812,4256,120,Other Great Outdoors,40.82533633454996,-73.97627366806597,2012-05-03 18:39:56,2012-04-30,train,812_2
812,4256,120,Other Great Outdoors,40.82533633454996,-73.97627366806597,2012-05-04 07:16:26,2012-04-30,train,812_2
813,2225,61,Office,40.67412869719397,-73.73220920562744,2012-05-01 16:59:20,2012-04-30,train,813_4
813,3104,254,Department Store,40.661280884565485,-73.72556172309093,2012-05-03 13:14:00,2012-04-30,train,813_4
813,4103,8,Medical Center,40.75852190223714,-73.78216406953614,2012-05-04 09:11:28,2012-04-30,train,813_4
813,2305,287,Animal Shelter,40.75883153363946,-73.78253175150624,2012-05-04 09:11:43,2012-04-30,train,813_4
813,2150,257,Road,40.81780414338999,-73.80359888076782,2012-05-06 21:33:31,2012-04-30,train,813_4
815,69,37,Bar,40.72975027856076,-73.97846034678166,2012-05-01 23:59:15,2012-04-30,train,815_0
815,486,147,Movie Theater,40.74276195733468,-73.97692322731018,2012-05-04 21:30:45,2012-04-30,train,815_0
815,372,131,Café,40.74595644996025,-73.91464233398438,2012-05-06 16:12:50,2012-04-30,train,815_0
816,1375,259,Hotel,40.72617632455752,-73.9915626798901,2012-05-01 18:58:30,2012-04-30,train,816_3
816,2173,137,Gym / Fitness Center,40.74109555804945,-73.99270534515381,2012-05-02 05:38:23,2012-04-30,train,816_3
816,2173,137,Gym / Fitness Center,40.74109555804945,-73.99270534515381,2012-05-03 05:39:34,2012-04-30,train,816_3
816,371,194,Mexican Restaurant,40.734195,-74.00316,2012-05-04 19:24:39,2012-04-30,train,816_3
816,3647,211,Bar,40.72565888935512,-74.00736693141299,2012-05-04 21:07:08,2012-04-30,train,816_3
816,2173,137,Gym / Fitness Center,40.74109555804945,-73.99270534515381,2012-05-05 10:30:33,2012-04-30,train,816_3
816,613,80,Building,40.74906145419511,-73.98037151805134,2012-05-05 17:14:09,2012-04-30,train,816_3
816,4286,95,Chinese Restaurant,40.727578,-73.98839290000001,2012-05-06 14:30:58,2012-04-30,train,816_3
818,80,37,Bar,40.745212,-73.978328,2012-05-04 21:52:05,2012-04-30,train,818_4
818,4901,194,Mexican Restaurant,40.759220487652186,-73.98880004882812,2012-05-05 16:26:28,2012-04-30,train,818_4
819,1478,181,Student Center,40.75305046633349,-73.99132164635607,2012-05-02 07:05:52,2012-04-30,train,819_3
819,3878,281,Residential Building (Apartment / Condo),40.6551883413041,-73.95983547713533,2012-05-04 20:31:58,2012-04-30,train,819_3
822,587,266,Bus Station,40.75722129839836,-73.99154663085938,2012-05-01 17:59:18,2012-04-30,train,822_4
822,587,266,Bus Station,40.75722129839836,-73.99154663085938,2012-05-03 08:53:07,2012-04-30,train,822_4
822,771,98,Donut Shop,40.7553778972661,-73.98956553575336,2012-05-03 09:01:06,2012-04-30,train,822_4
822,4694,61,Office,40.753314605576,-73.9868969055432,2012-05-03 11:21:28,2012-04-30,train,822_4
822,2277,19,Bank,40.75556338853696,-73.98371458053589,2012-05-03 13:18:05,2012-04-30,train,822_4
822,4694,61,Office,40.753314605576,-73.9868969055432,2012-05-03 14:44:01,2012-04-30,train,822_4
822,587,266,Bus Station,40.75722129839836,-73.99154663085938,2012-05-04 08:40:42,2012-04-30,train,822_4
822,771,98,Donut Shop,40.7553778972661,-73.98956553575336,2012-05-04 08:46:27,2012-04-30,train,822_4
822,2277,19,Bank,40.75556338853696,-73.98371458053589,2012-05-04 14:28:42,2012-04-30,train,822_4
822,741,131,Café,40.75510830612326,-73.98612787403783,2012-05-04 14:38:17,2012-04-30,train,822_4
822,587,266,Bus Station,40.75722129839836,-73.99154663085938,2012-05-04 17:51:53,2012-04-30,train,822_4
822,1055,147,Movie Theater,40.8080275486526,-73.98811340332031,2012-05-05 17:52:11,2012-04-30,train,822_4
823,2069,262,Light Rail,40.66130995253368,-74.11637130665052,2012-05-03 07:13:55,2012-04-30,train,823_3
823,2069,262,Light Rail,40.66130995253368,-74.11637130665052,2012-05-04 07:04:22,2012-04-30,train,823_3
824,3206,120,Other Great Outdoors,40.77494462560996,-74.0366765132637,2012-05-01 14:12:51,2012-04-30,train,824_4
824,4340,219,Other Great Outdoors,40.80434271102071,-74.0056511371656,2012-05-01 17:30:38,2012-04-30,train,824_4
824,4717,257,Road,40.80343680650546,-74.00620202930364,2012-05-01 18:05:42,2012-04-30,train,824_4
824,4486,42,Food & Drink Shop,40.80305844468637,-74.00577738342068,2012-05-01 18:38:17,2012-04-30,train,824_4
824,4264,6,Home (private),40.80204208379726,-74.00063278107605,2012-05-01 19:15:49,2012-04-30,train,824_4
824,3206,120,Other Great Outdoors,40.77494462560996,-74.0366765132637,2012-05-03 12:41:16,2012-04-30,train,824_4
824,4264,6,Home (private),40.80204208379726,-74.00063278107605,2012-05-03 15:06:49,2012-04-30,train,824_4
824,4359,257,Road,40.805688747694646,-74.01008605957031,2012-05-03 15:38:48,2012-04-30,train,824_4
824,2336,102,American Restaurant,40.81328954943149,-74.01137351989746,2012-05-03 15:53:22,2012-04-30,train,824_4
824,4717,257,Road,40.80343680650546,-74.00620202930364,2012-05-04 01:44:15,2012-04-30,train,824_4
824,4264,6,Home (private),40.80204208379726,-74.00063278107605,2012-05-04 02:12:33,2012-04-30,train,824_4
824,4370,257,Road,40.80186852886792,-74.02669429779053,2012-05-04 09:45:31,2012-04-30,train,824_4
824,2799,257,Road,40.84066470643357,-74.16179180145264,2012-05-04 09:53:10,2012-04-30,train,824_4
824,1421,183,University,40.86075860452271,-74.19882774353027,2012-05-04 10:15:24,2012-04-30,train,824_4
824,3206,120,Other Great Outdoors,40.77494462560996,-74.0366765132637,2012-05-04 12:31:15,2012-04-30,train,824_4
824,2282,120,Other Great Outdoors,40.81865913047343,-74.00348772248712,2012-05-04 16:24:04,2012-04-30,train,824_4
824,3241,34,Gas Station / Garage,40.80599683766419,-73.99773188746445,2012-05-04 17:46:57,2012-04-30,train,824_4
824,4898,245,General Entertainment,40.95799336338653,-74.10746446325602,2012-05-04 18:11:00,2012-04-30,train,824_4
824,4340,219,Other Great Outdoors,40.80434271102071,-74.0056511371656,2012-05-04 18:58:56,2012-04-30,train,824_4
824,4717,257,Road,40.80343680650546,-74.00620202930364,2012-05-04 19:40:06,2012-04-30,train,824_4
824,4264,6,Home (private),40.80204208379726,-74.00063278107605,2012-05-04 21:08:04,2012-04-30,train,824_4
824,3906,257,Road,40.767361393619645,-74.04336062389136,2012-05-05 00:43:13,2012-04-30,train,824_4
824,3778,257,Road,40.758670286690304,-74.04477773988962,2012-05-05 00:58:22,2012-04-30,train,824_4
824,4360,257,Road,40.80633842289551,-74.01708126068115,2012-05-05 01:21:47,2012-04-30,train,824_4
824,4264,6,Home (private),40.80204208379726,-74.00063278107605,2012-05-05 02:05:32,2012-04-30,train,824_4
824,4359,257,Road,40.805688747694646,-74.01008605957031,2012-05-05 10:11:58,2012-04-30,train,824_4
824,2658,257,Road,40.89002830179658,-74.07025337219238,2012-05-05 10:37:11,2012-04-30,train,824_4
824,1292,265,Mall,40.95634251626308,-74.06902771574032,2012-05-05 10:41:19,2012-04-30,train,824_4
824,2989,248,Toy / Game Store,40.95596395758597,-74.06836227404403,2012-05-05 11:00:49,2012-04-30,train,824_4
824,3311,54,Food & Drink Shop,40.95643122681711,-74.06887282865802,2012-05-05 14:53:54,2012-04-30,train,824_4
824,3310,120,Other Great Outdoors,40.94671189223704,-74.06816149376203,2012-05-05 17:29:03,2012-04-30,train,824_4
824,4728,270,Parking,40.95575213700957,-74.06816149376203,2012-05-05 17:37:21,2012-04-30,train,824_4
824,2799,257,Road,40.84066470643357,-74.16179180145264,2012-05-05 18:05:03,2012-04-30,train,824_4
824,3906,257,Road,40.76152438397773,-74.04336062389136,2012-05-05 18:14:53,2012-04-30,train,824_4
824,3778,257,Road,40.758670286690304,-74.04477773988962,2012-05-05 18:25:01,2012-04-30,train,824_4
824,4228,120,Other Great Outdoors,40.73907993899482,-74.03111676076642,2012-05-05 19:56:49,2012-04-30,train,824_4
824,3373,48,Bar,40.737741,-74.033078,2012-05-05 20:01:26,2012-04-30,train,824_4
824,3205,265,Mall,40.786086352856174,-74.04616042182684,2012-05-05 20:44:55,2012-04-30,train,824_4
824,2326,34,Gas Station / Garage,40.80235417394059,-74.01239945650796,2012-05-06 19:13:17,2012-04-30,train,824_4
824,4359,257,Road,40.805688747694646,-74.01008605957031,2012-05-06 19:24:07,2012-04-30,train,824_4
824,4717,257,Road,40.80343680650546,-74.00620202930364,2012-05-06 20:10:47,2012-04-30,train,824_4
824,4340,219,Other Great Outdoors,40.80434271102071,-74.0056511371656,2012-05-06 20:40:40,2012-04-30,train,824_4
824,3808,201,Ice Cream Shop,40.80396497665877,-74.00513467434556,2012-05-06 22:12:25,2012-04-30,train,824_4
824,2336,102,American Restaurant,40.81328954943149,-74.01137351989746,2012-05-06 22:49:52,2012-04-30,train,824_4
824,4360,257,Road,40.80633842289551,-74.01708126068115,2012-05-06 23:55:06,2012-04-30,train,824_4
827,4732,6,Home (private),40.877199345212254,-73.836025107013,2012-05-01 16:49:05,2012-04-30,train,827_4
827,4732,6,Home (private),40.877199345212254,-73.836025107013,2012-05-03 09:44:26,2012-04-30,train,827_4
827,4732,6,Home (private),40.877199345212254,-73.836025107013,2012-05-03 13:03:36,2012-04-30,train,827_4
827,2856,264,Subway,40.87873731327488,-73.83842468261719,2012-05-04 02:41:50,2012-04-30,train,827_4
827,1432,137,Gym / Fitness Center,40.76130088092224,-73.98620367050171,2012-05-04 13:48:09,2012-04-30,train,827_4
827,4732,6,Home (private),40.877199345212254,-73.836025107013,2012-05-04 16:12:15,2012-04-30,train,827_4
827,2856,264,Subway,40.87873731327488,-73.83842468261719,2012-05-05 03:17:00,2012-04-30,train,827_4
827,838,40,Candy Store,40.76022,-73.98439,2012-05-05 04:31:10,2012-04-30,train,827_4
827,4732,6,Home (private),40.877199345212254,-73.836025107013,2012-05-05 16:38:33,2012-04-30,train,827_4
829,611,183,University,40.74709440008955,-73.99452924728394,2012-05-04 17:42:33,2012-04-30,train,829_3
829,954,146,Movie Theater,40.74492342607472,-73.9980360386088,2012-05-04 20:41:27,2012-04-30,train,829_3
830,2131,137,Gym / Fitness Center,40.91195586575817,-74.02976274490356,2012-05-03 05:23:50,2012-04-30,train,830_0
830,972,221,Bridge,40.75673368214285,-73.95445704460144,2012-05-03 15:28:23,2012-04-30,train,830_0
830,2978,301,Neighborhood,40.745306184001095,-73.94837379455566,2012-05-03 15:39:00,2012-04-30,train,830_0
830,3545,257,Road,40.735828659054576,-73.87626841813706,2012-05-03 15:56:30,2012-04-30,train,830_0
830,4087,121,Park,40.74292909863104,-73.91636855284915,2012-05-03 16:14:56,2012-04-30,train,830_0
830,2216,264,Subway,40.74374551975831,-73.92429828643799,2012-05-03 17:28:19,2012-04-30,train,830_0
830,3035,301,Neighborhood,40.7469318369775,-73.9176893234253,2012-05-03 19:41:34,2012-04-30,train,830_0
830,2131,137,Gym / Fitness Center,40.91195586575817,-74.02976274490356,2012-05-04 06:23:06,2012-04-30,train,830_0
830,4168,61,Office,40.91147597051637,-74.02532159312372,2012-05-04 06:41:15,2012-04-30,train,830_0
830,972,221,Bridge,40.75673368214285,-73.95445704460144,2012-05-04 15:24:47,2012-04-30,train,830_0
830,2978,301,Neighborhood,40.745306184001095,-73.94837379455566,2012-05-04 15:32:54,2012-04-30,train,830_0
830,3035,301,Neighborhood,40.7469318369775,-73.9176893234253,2012-05-04 15:40:05,2012-04-30,train,830_0
830,3545,257,Road,40.735828659054576,-73.87626841813706,2012-05-04 15:52:52,2012-04-30,train,830_0
830,2018,98,Donut Shop,40.74319277572364,-73.92275333404541,2012-05-04 15:56:10,2012-04-30,train,830_0
830,4087,121,Park,40.74292909863104,-73.91636855284915,2012-05-04 16:09:11,2012-04-30,train,830_0
830,3035,301,Neighborhood,40.7469318369775,-73.9176893234253,2012-05-04 20:22:17,2012-04-30,train,830_0
830,3545,257,Road,40.73646082178492,-73.87830692524241,2012-05-05 08:31:50,2012-04-30,train,830_0
830,972,221,Bridge,40.75673368214285,-73.95445704460144,2012-05-05 08:39:29,2012-04-30,train,830_0
830,1454,257,Road,40.75297891717686,-73.95996093749999,2012-05-05 08:42:24,2012-04-30,train,830_0
830,919,221,Bridge,40.85121557428245,-73.95206451416016,2012-05-05 08:54:20,2012-04-30,train,830_0
830,1477,120,Other Great Outdoors,40.71421605600625,-74.00596618652344,2012-05-05 11:16:20,2012-04-30,train,830_0
830,3035,301,Neighborhood,40.7469318369775,-73.9176893234253,2012-05-05 12:13:22,2012-04-30,train,830_0
830,3035,301,Neighborhood,40.7469318369775,-73.9176893234253,2012-05-05 20:10:01,2012-04-30,train,830_0
830,1515,264,Subway,40.75047562272483,-73.94028425216675,2012-05-06 14:53:46,2012-04-30,train,830_0
830,2216,264,Subway,40.74374551975831,-73.92429828643799,2012-05-06 15:04:23,2012-04-30,train,830_0
830,3035,301,Neighborhood,40.7469318369775,-73.9176893234253,2012-05-06 15:13:53,2012-04-30,train,830_0
830,380,121,Park,40.780519,-73.920682,2012-05-06 15:38:55,2012-04-30,train,830_0
830,3035,301,Neighborhood,40.7469318369775,-73.9176893234253,2012-05-06 16:56:45,2012-04-30,train,830_0
830,3545,257,Road,40.73646082178492,-73.87830692524241,2012-05-06 17:06:19,2012-04-30,train,830_0
830,2018,98,Donut Shop,40.74319277572364,-73.92275333404541,2012-05-06 17:11:07,2012-04-30,train,830_0
830,4087,121,Park,40.74292909863104,-73.91636855284915,2012-05-06 17:33:30,2012-04-30,train,830_0
830,3545,257,Road,40.73646082178492,-73.87830692524241,2012-05-06 18:48:46,2012-04-30,train,830_0
830,3035,301,Neighborhood,40.7469318369775,-73.9176893234253,2012-05-06 20:34:39,2012-04-30,train,830_0
831,4704,292,Factory,40.76050365575564,-73.94384937087554,2012-05-01 23:31:35,2012-04-30,train,831_3
831,972,221,Bridge,40.75673368214285,-73.95445704460144,2012-05-02 06:29:26,2012-04-30,train,831_3
831,972,221,Bridge,40.75673368214285,-73.95445704460144,2012-05-03 06:24:19,2012-04-30,train,831_3
831,987,257,Road,40.76117085825042,-74.01128768920898,2012-05-03 06:45:24,2012-04-30,train,831_3
831,919,221,Bridge,40.85121557428245,-73.95206451416016,2012-05-03 17:14:54,2012-04-30,train,831_3
831,4704,292,Factory,40.76050365575564,-73.94384937087554,2012-05-04 07:40:48,2012-04-30,train,831_3
831,972,221,Bridge,40.75673368214285,-73.95445704460144,2012-05-04 07:48:50,2012-04-30,train,831_3
831,919,221,Bridge,40.85121557428245,-73.95206451416016,2012-05-04 08:14:20,2012-04-30,train,831_3
833,3570,80,Building,40.714243,-74.006438,2012-05-01 13:06:14,2012-04-30,train,833_3
833,3510,70,Train Station,40.65059217489343,-73.89949321746826,2012-05-01 17:47:19,2012-04-30,train,833_3
833,3570,80,Building,40.714243,-74.006438,2012-05-03 10:16:17,2012-04-30,train,833_3
833,2897,207,Dessert Shop,40.71438598323158,-74.00665536643571,2012-05-03 14:07:26,2012-04-30,train,833_3
833,2320,264,Subway,40.646098782777614,-73.9026689529419,2012-05-04 08:24:44,2012-04-30,train,833_3
834,3962,37,Bar,40.707225,-73.92125,2012-05-03 19:16:58,2012-04-30,train,834_4
834,3603,258,Food & Drink Shop,40.70621215482598,-73.9225516455076,2012-05-03 19:18:22,2012-04-30,train,834_4
834,2942,222,Coffee Shop,40.61960195296289,-74.00806701695224,2012-05-03 21:37:16,2012-04-30,train,834_4
835,707,222,Coffee Shop,40.72227957678293,-73.99517675668822,2012-05-01 13:35:02,2012-04-30,train,835_4
835,707,222,Coffee Shop,40.72227957678293,-73.99517675668822,2012-05-02 07:09:01,2012-04-30,train,835_4
835,1182,61,Office,40.719893,-74.000054,2012-05-02 07:21:27,2012-04-30,train,835_4
835,1182,61,Office,40.719893,-74.000054,2012-05-03 07:12:26,2012-04-30,train,835_4
835,4634,102,American Restaurant,40.71943403338126,-74.00049218487156,2012-05-03 09:35:47,2012-04-30,train,835_4
835,680,222,Coffee Shop,40.71493168249224,-74.01143789291382,2012-05-04 06:43:07,2012-04-30,train,835_4
835,1182,61,Office,40.719893,-74.000054,2012-05-04 07:08:03,2012-04-30,train,835_4
835,689,131,Café,40.68679615636459,-73.9937893563088,2012-05-05 09:07:41,2012-04-30,train,835_4
835,1020,260,Food & Drink Shop,40.69369648097237,-73.99020255812387,2012-05-05 09:20:22,2012-04-30,train,835_4
835,629,102,American Restaurant,40.68641858925556,-73.9853024482727,2012-05-05 10:50:23,2012-04-30,train,835_4
835,648,42,Food & Drink Shop,40.689649,-73.992413,2012-05-05 12:01:47,2012-04-30,train,835_4
835,898,256,Furniture / Home Store,40.72553593075708,-73.99678499873524,2012-05-05 14:06:06,2012-04-30,train,835_4
835,373,210,Vegetarian / Vegan Restaurant,40.73843,-74.003967,2012-05-05 14:56:12,2012-04-30,train,835_4
835,595,222,Coffee Shop,40.734658568881166,-74.00061843452929,2012-05-06 12:57:58,2012-04-30,train,835_4
835,249,130,Burger Joint,40.74140750304299,-73.98843795061111,2012-05-06 13:56:01,2012-04-30,train,835_4
836,1943,137,Gym / Fitness Center,40.86284175229376,-74.05562090890453,2012-05-01 15:42:06,2012-04-30,train,836_2
836,4506,8,Medical Center,40.794539,-74.11938,2012-05-02 07:20:00,2012-04-30,train,836_2
836,4506,8,Medical Center,40.794539,-74.11938,2012-05-03 06:03:39,2012-04-30,train,836_2
836,3159,6,Home (private),40.78243805095295,-74.14161270853154,2012-05-04 03:26:02,2012-04-30,train,836_2
836,2304,102,American Restaurant,40.78645548149673,-74.04630661010742,2012-05-04 21:54:33,2012-04-30,train,836_2
836,3159,6,Home (private),40.78243805095295,-74.14161270853154,2012-05-05 14:52:30,2012-04-30,train,836_2
836,4901,194,Mexican Restaurant,40.759220487652186,-73.98880004882812,2012-05-05 17:47:15,2012-04-30,train,836_2
839,847,265,Mall,40.917335441802095,-74.0756607055664,2012-05-03 09:29:04,2012-04-30,train,839_4
839,1988,42,Food & Drink Shop,40.91464765433098,-74.08042430877686,2012-05-03 23:45:31,2012-04-30,train,839_4
839,4111,270,Parking,40.91834670718517,-74.0774258475067,2012-05-03 23:56:14,2012-04-30,train,839_4
839,847,265,Mall,40.917335441802095,-74.0756607055664,2012-05-04 00:00:20,2012-04-30,train,839_4
839,1843,147,Movie Theater,40.91532869189857,-74.07670140266418,2012-05-04 00:01:54,2012-04-30,train,839_4
839,847,265,Mall,40.917335441802095,-74.0756607055664,2012-05-04 02:52:36,2012-04-30,train,839_4
839,2243,197,Sandwich Place,40.93899093189543,-74.11943383246316,2012-05-04 19:55:22,2012-04-30,train,839_4
840,4421,6,Home (private),40.76071686239771,-73.91834636014222,2012-05-01 23:35:48,2012-04-30,train,840_2
840,4421,6,Home (private),40.76071686239771,-73.91834636014222,2012-05-03 10:49:26,2012-04-30,train,840_2
840,310,214,Bar,40.74212740110424,-73.9985812139799,2012-05-03 21:57:00,2012-04-30,train,840_2
840,1803,138,Gym / Fitness Center,40.76190477195068,-73.92474889755249,2012-05-04 12:36:24,2012-04-30,train,840_2
840,411,216,Tea Room,40.73046578912947,-73.98927858804879,2012-05-04 16:39:51,2012-04-30,train,840_2
840,4421,6,Home (private),40.76071686239771,-73.91834636014222,2012-05-04 18:59:40,2012-04-30,train,840_2
840,1803,138,Gym / Fitness Center,40.76190477195068,-73.92474889755249,2012-05-06 14:21:23,2012-04-30,train,840_2
840,198,214,Bar,40.73353038489922,-74.00329835080741,2012-05-06 21:36:10,2012-04-30,train,840_2
841,3271,103,Southern / Soul Food Restaurant,40.808262651264165,-73.94514667689515,2012-05-01 19:21:53,2012-04-30,train,841_4
841,1235,137,Gym / Fitness Center,40.738949,-73.989828,2012-05-03 08:52:49,2012-04-30,train,841_4
841,2669,214,Bar,40.740787336369145,-73.99331877220993,2012-05-03 20:02:09,2012-04-30,train,841_4
841,3351,242,Spa / Massage,40.74016056683402,-73.99236612281612,2012-05-04 09:53:03,2012-04-30,train,841_4
841,1516,222,Coffee Shop,40.74064691662654,-73.99104044018358,2012-05-05 08:16:13,2012-04-30,train,841_4
841,304,214,Bar,40.739058,-73.99472,2012-05-06 21:32:01,2012-04-30,train,841_4
842,2826,2,Gym / Fitness Center,40.587728,-73.951596,2012-05-01 15:47:29,2012-04-30,train,842_4
842,4760,281,Residential Building (Apartment / Condo),40.58469545001116,-73.93245451762998,2012-05-03 23:14:13,2012-04-30,train,842_4
842,2826,2,Gym / Fitness Center,40.587728,-73.951596,2012-05-04 08:34:08,2012-04-30,train,842_4
842,1945,141,Bagel Shop,40.58802,-73.953244,2012-05-04 17:39:02,2012-04-30,train,842_4
842,2826,2,Gym / Fitness Center,40.587728,-73.951596,2012-05-04 17:44:05,2012-04-30,train,842_4
842,974,221,Bridge,40.60679958140643,-74.04416981025437,2012-05-04 23:47:28,2012-04-30,train,842_4
842,11,37,Bar,40.72988845526377,-74.00061269591029,2012-05-05 01:17:01,2012-04-30,train,842_4
842,3441,100,Vietnamese Restaurant,40.72979057247075,-74.00069303656065,2012-05-05 01:23:18,2012-04-30,train,842_4
842,3648,43,Bar,40.72789007835151,-73.99897144381916,2012-05-05 01:38:33,2012-04-30,train,842_4
842,360,37,Bar,40.72820506950233,-73.99927559299557,2012-05-05 03:17:38,2012-04-30,train,842_4
842,1197,222,Coffee Shop,40.7270333463285,-73.99521257923753,2012-05-05 03:20:40,2012-04-30,train,842_4
842,194,37,Bar,40.721291,-73.994262,2012-05-05 03:23:43,2012-04-30,train,842_4
842,524,102,American Restaurant,40.58414368954832,-73.93951538728527,2012-05-05 12:25:35,2012-04-30,train,842_4
842,2826,2,Gym / Fitness Center,40.587728,-73.951596,2012-05-05 15:21:41,2012-04-30,train,842_4
842,4901,194,Mexican Restaurant,40.759220487652186,-73.98880004882812,2012-05-05 15:22:08,2012-04-30,train,842_4
842,2826,2,Gym / Fitness Center,40.587728,-73.951596,2012-05-05 15:34:19,2012-04-30,train,842_4
842,4760,281,Residential Building (Apartment / Condo),40.58469545001116,-73.93245451762998,2012-05-05 16:52:44,2012-04-30,train,842_4
842,1945,141,Bagel Shop,40.58802,-73.953244,2012-05-06 13:51:09,2012-04-30,train,842_4
842,2826,2,Gym / Fitness Center,40.587728,-73.951596,2012-05-06 13:51:49,2012-04-30,train,842_4
842,4760,281,Residential Building (Apartment / Condo),40.58469545001116,-73.93245451762998,2012-05-06 21:25:57,2012-04-30,train,842_4
844,3427,178,General College & University,40.752385612403,-73.98051738739014,2012-05-01 12:36:10,2012-04-30,train,844_3
844,3427,178,General College & University,40.752385612403,-73.98051738739014,2012-05-03 12:35:25,2012-04-30,train,844_3
844,1504,178,General College & University,40.75356408930207,-73.97953033447266,2012-05-04 19:32:26,2012-04-30,train,844_3
845,4375,6,Home (private),40.628964535118925,-73.96537147003376,2012-05-01 12:19:17,2012-04-30,train,845_4
845,4375,6,Home (private),40.628964535118925,-73.96537147003376,2012-05-02 01:02:39,2012-04-30,train,845_4
845,3023,165,College Academic Building,40.63216903989131,-73.94998566640727,2012-05-03 19:02:00,2012-04-30,train,845_4
845,4375,6,Home (private),40.628964535118925,-73.96537147003376,2012-05-03 22:43:00,2012-04-30,train,845_4
845,4375,6,Home (private),40.628964535118925,-73.96537147003376,2012-05-04 09:42:35,2012-04-30,train,845_4
845,3023,165,College Academic Building,40.63216903989131,-73.94998566640727,2012-05-04 14:07:31,2012-04-30,train,845_4
845,4375,6,Home (private),40.628964535118925,-73.96537147003376,2012-05-05 01:04:35,2012-04-30,train,845_4
845,2990,177,College Academic Building,40.63137917724519,-73.9514422416687,2012-05-06 15:04:50,2012-04-30,train,845_4
845,4375,6,Home (private),40.628964535118925,-73.96537147003376,2012-05-06 17:13:59,2012-04-30,train,845_4
846,4538,246,Performing Arts Venue,40.823747348954086,-73.93987655639648,2012-05-03 09:41:02,2012-04-30,train,846_3
846,751,146,Movie Theater,40.7148694149892,-74.01538906944295,2012-05-04 19:04:11,2012-04-30,train,846_3
846,4538,246,Performing Arts Venue,40.823747348954086,-73.93987655639648,2012-05-05 17:53:05,2012-04-30,train,846_3
848,233,147,Movie Theater,40.7569743825982,-73.98877355904663,2012-05-03 16:05:40,2012-04-30,train,848_2
848,439,58,Electronics Store,40.76393850093645,-73.97308830420383,2012-05-04 18:15:05,2012-04-30,train,848_2
848,4632,284,Historic Site,40.63776202060348,-74.00221376394177,2012-05-04 21:27:58,2012-04-30,train,848_2
848,4632,284,Historic Site,40.63776202060348,-74.00221376394177,2012-05-06 20:09:53,2012-04-30,train,848_2
849,180,37,Bar,40.704238089238245,-74.01015578152591,2012-05-04 20:40:45,2012-04-30,train,849_0
849,3461,52,Bar,40.7207366,-73.9887598,2012-05-05 00:56:50,2012-04-30,train,849_0
851,2877,236,Playground,40.951770179049326,-74.05961036682129,2012-05-04 17:36:44,2012-04-30,train,851_2
851,2520,222,Coffee Shop,40.946097781156325,-74.0714979171753,2012-05-04 19:28:07,2012-04-30,train,851_2
852,724,222,Coffee Shop,40.74845178656272,-73.98507714271545,2012-05-01 14:56:44,2012-04-30,train,852_4
852,391,80,Building,40.74828059076867,-73.98556262254715,2012-05-01 21:06:24,2012-04-30,train,852_4
852,3176,174,College Academic Building,40.71918330855339,-73.98901459578161,2012-05-02 03:58:02,2012-04-30,train,852_4
852,724,222,Coffee Shop,40.74845178656272,-73.98507714271545,2012-05-02 07:03:01,2012-04-30,train,852_4
852,724,222,Coffee Shop,40.74845178656272,-73.98507714271545,2012-05-03 10:59:54,2012-04-30,train,852_4
852,3176,174,College Academic Building,40.71918330855339,-73.98901459578161,2012-05-04 01:54:54,2012-04-30,train,852_4
852,391,80,Building,40.74828059076867,-73.98556262254715,2012-05-04 12:35:14,2012-04-30,train,852_4
852,1971,165,College Academic Building,40.74837050671544,-73.98568868637085,2012-05-04 12:35:55,2012-04-30,train,852_4
852,499,37,Bar,40.748315,-73.986064,2012-05-05 13:15:00,2012-04-30,train,852_4
852,4881,183,University,40.706653660571845,-74.01229042943231,2012-05-05 15:46:44,2012-04-30,train,852_4
856,3924,80,Building,40.74269664463923,-73.98441762875413,2012-05-01 15:24:47,2012-04-30,train,856_4
856,2019,138,Gym / Fitness Center,40.71605084984903,-74.01229042943231,2012-05-01 17:39:21,2012-04-30,train,856_4
856,3924,80,Building,40.74269664463923,-73.98441762875413,2012-05-03 10:32:34,2012-04-30,train,856_4
856,1174,136,Office,40.74288989878352,-73.98457258449115,2012-05-03 12:12:45,2012-04-30,train,856_4
856,3924,80,Building,40.74269664463923,-73.98441762875413,2012-05-03 15:00:04,2012-04-30,train,856_4
856,1602,73,Bus Station,40.76308866686741,-73.9744234085083,2012-05-03 16:27:01,2012-04-30,train,856_4
856,784,163,Medical Center,40.76984931345135,-73.98738384246826,2012-05-03 16:44:49,2012-04-30,train,856_4
856,2359,257,Road,40.77114935894503,-73.99442195892334,2012-05-03 18:31:51,2012-04-30,train,856_4
856,4573,6,Home (private),40.71931256136211,-73.836025107013,2012-05-04 00:52:27,2012-04-30,train,856_4
856,3924,80,Building,40.74269664463923,-73.98441762875413,2012-05-04 09:17:58,2012-04-30,train,856_4
856,4573,6,Home (private),40.71931256136211,-73.836025107013,2012-05-04 19:21:09,2012-04-30,train,856_4
856,1602,73,Bus Station,40.76308866686741,-73.9744234085083,2012-05-04 20:05:38,2012-04-30,train,856_4
856,2233,12,Gym / Fitness Center,40.77792543423929,-73.96661281585693,2012-05-05 11:30:56,2012-04-30,train,856_4
856,4901,194,Mexican Restaurant,40.759220487652186,-73.98880004882812,2012-05-05 13:31:01,2012-04-30,train,856_4
856,4573,6,Home (private),40.71931256136211,-73.836025107013,2012-05-05 17:11:31,2012-04-30,train,856_4
856,4573,6,Home (private),40.71931256136211,-73.836025107013,2012-05-05 19:40:09,2012-04-30,train,856_4
856,609,47,Bar,40.72226742542826,-73.98837183048228,2012-05-06 13:36:03,2012-04-30,train,856_4
856,4573,6,Home (private),40.71931256136211,-73.836025107013,2012-05-06 18:35:14,2012-04-30,train,856_4
857,2104,70,Train Station,40.87429176923305,-73.91099452972412,2012-05-01 13:24:20,2012-04-30,train,857_4
857,1597,264,Subway,40.874486,-73.909589,2012-05-01 13:24:23,2012-04-30,train,857_4
857,1333,194,Mexican Restaurant,40.748485,-73.985041,2012-05-01 14:52:02,2012-04-30,train,857_4
857,1768,7,Clothing Store,40.7485813176138,-73.98541049112558,2012-05-01 14:52:11,2012-04-30,train,857_4
857,4304,7,Clothing Store,40.74954092693113,-73.98661136627197,2012-05-01 14:52:20,2012-04-30,train,857_4
857,1941,138,Gym / Fitness Center,40.88007560179899,-73.90819302004395,2012-05-01 17:33:25,2012-04-30,train,857_4
857,2104,70,Train Station,40.87429176923305,-73.91099452972412,2012-05-03 12:39:38,2012-04-30,train,857_4
857,2373,55,Bar,40.86104664796391,-73.92088102426091,2012-05-03 12:43:02,2012-04-30,train,857_4
857,1675,301,Neighborhood,40.84894322160766,-73.9369797706604,2012-05-03 12:48:32,2012-04-30,train,857_4
857,726,70,Train Station,40.805144639820114,-73.93914699554443,2012-05-03 12:52:25,2012-04-30,train,857_4
857,1675,301,Neighborhood,40.84894322160766,-73.9369797706604,2012-05-03 16:37:02,2012-04-30,train,857_4
857,1597,264,Subway,40.874486,-73.909589,2012-05-03 22:51:09,2012-04-30,train,857_4
857,2623,196,Restaurant,40.86631938476324,-73.92820065010599,2012-05-04 00:45:54,2012-04-30,train,857_4
857,1713,55,Bar,40.862018,-73.925207,2012-05-05 01:40:22,2012-04-30,train,857_4
858,1475,241,Airport,40.773839,-73.87122,2012-05-01 17:10:14,2012-04-30,train,858_3
858,584,147,Movie Theater,40.75498191250509,-73.92365390320822,2012-05-06 12:40:20,2012-04-30,train,858_3
860,685,201,Ice Cream Shop,40.72957974686472,-73.9869141226312,2012-05-03 18:57:10,2012-04-30,train,860_4
860,436,241,Airport,40.68968493541091,-74.17938709259033,2012-05-04 00:02:41,2012-04-30,train,860_4
861,604,86,Theater,40.772124376373135,-73.98369312286377,2012-05-01 20:23:17,2012-04-30,train,861_2
861,470,87,Theater,40.742788354778206,-74.00067582070984,2012-05-03 19:59:03,2012-04-30,train,861_2
861,781,259,Hotel,40.75169333099049,-73.97658359254557,2012-05-05 08:36:15,2012-04-30,train,861_2
864,1070,76,Ferry,40.77662552133105,-74.01072978973389,2012-05-03 06:41:02,2012-04-30,train,864_4
864,1696,76,Ferry,40.75944803383743,-74.00562286376953,2012-05-03 06:49:35,2012-04-30,train,864_4
864,2088,98,Donut Shop,40.747483478396845,-73.98228267031958,2012-05-03 07:07:57,2012-04-30,train,864_4
864,391,80,Building,40.74828059076867,-73.98556262254715,2012-05-03 12:52:46,2012-04-30,train,864_4
864,3099,136,Office,40.746976519995165,-73.98325258717293,2012-05-03 13:52:06,2012-04-30,train,864_4
864,3286,76,Ferry,40.76067264603736,-74.00367709397945,2012-05-03 18:31:01,2012-04-30,train,864_4
864,1070,76,Ferry,40.77662552133105,-74.01072978973389,2012-05-03 18:41:04,2012-04-30,train,864_4
864,1070,76,Ferry,40.77662552133105,-74.01072978973389,2012-05-04 06:40:10,2012-04-30,train,864_4
864,1696,76,Ferry,40.75944803383743,-74.00562286376953,2012-05-04 06:48:28,2012-04-30,train,864_4
864,2088,98,Donut Shop,40.747483478396845,-73.98228267031958,2012-05-04 07:06:33,2012-04-30,train,864_4
864,3099,136,Office,40.746976519995165,-73.98325258717293,2012-05-04 07:12:04,2012-04-30,train,864_4
864,1696,76,Ferry,40.75944803383743,-74.00562286376953,2012-05-04 18:03:03,2012-04-30,train,864_4
864,1070,76,Ferry,40.77662552133105,-74.01072978973389,2012-05-04 18:08:24,2012-04-30,train,864_4
864,2834,102,American Restaurant,40.713852,-73.957991,2012-05-05 20:09:58,2012-04-30,train,864_4
865,4249,138,Gym / Fitness Center,40.781679837405086,-73.97932123709242,2012-05-05 13:53:58,2012-04-30,train,865_3
865,223,121,Park,40.72123579454978,-73.95244816617493,2012-05-06 16:55:14,2012-04-30,train,865_3
866,4616,142,Cajun / Creole Restaurant,40.727291289709385,-73.99377822875977,2012-05-01 22:20:04,2012-04-30,train,866_3
866,191,37,Bar,40.72613839512974,-73.994965811503,2012-05-03 22:12:43,2012-04-30,train,866_3
866,3479,50,Bar,40.7216130038783,-73.95814221792891,2012-05-04 20:48:44,2012-04-30,train,866_3
866,2185,57,Bar,40.72114429824649,-73.95695686340332,2012-05-05 00:15:06,2012-04-30,train,866_3
866,3479,50,Bar,40.7216130038783,-73.95814221792891,2012-05-05 01:08:15,2012-04-30,train,866_3
867,4490,61,Office,40.74926221909231,-73.98398145637879,2012-05-01 20:23:14,2012-04-30,train,867_4
867,439,58,Electronics Store,40.76393850093645,-73.97308830420383,2012-05-01 20:50:36,2012-04-30,train,867_4
867,1327,222,Coffee Shop,40.74907894406079,-73.98399867372817,2012-05-03 14:18:20,2012-04-30,train,867_4
867,4490,61,Office,40.74926221909231,-73.98398145637879,2012-05-04 15:32:06,2012-04-30,train,867_4
867,670,137,Gym / Fitness Center,40.74612,-73.98195,2012-05-04 18:41:21,2012-04-30,train,867_4
867,3874,214,Bar,40.729923697132776,-73.981243878201,2012-05-05 01:02:46,2012-04-30,train,867_4
867,581,202,Pizza Place,40.731844250688674,-73.98386478424072,2012-05-05 03:58:22,2012-04-30,train,867_4
867,3316,6,Home (private),40.716332549524296,-73.95361626406626,2012-05-05 13:14:17,2012-04-30,train,867_4
867,1186,256,Furniture / Home Store,40.740019218226266,-73.99469608826703,2012-05-05 14:21:38,2012-04-30,train,867_4
867,1023,222,Coffee Shop,40.74195652995381,-73.99369478514325,2012-05-05 14:51:15,2012-04-30,train,867_4
867,3566,50,Bar,40.71423543192861,-73.96152872148346,2012-05-05 17:46:31,2012-04-30,train,867_4
867,1974,222,Coffee Shop,40.754588128128326,-73.98401498794556,2012-05-06 12:45:59,2012-04-30,train,867_4
867,448,196,Restaurant,40.714482,-73.957302,2012-05-06 15:28:42,2012-04-30,train,867_4
867,3495,207,Dessert Shop,40.71404731341298,-73.95492106676102,2012-05-06 17:36:10,2012-04-30,train,867_4
867,512,147,Movie Theater,40.75248097148231,-73.99438619301681,2012-05-06 17:52:03,2012-04-30,train,867_4
867,525,220,BBQ Joint,40.71411846998035,-73.95639896392822,2012-05-06 21:53:11,2012-04-30,train,867_4
867,2641,37,Bar,40.71406101907229,-73.95600122824496,2012-05-06 23:15:29,2012-04-30,train,867_4
870,1651,222,Coffee Shop,40.729545,-73.99658518000001,2012-05-04 17:11:10,2012-04-30,train,870_3
870,296,104,Spanish Restaurant,40.7261153835653,-73.9836887612032,2012-05-05 17:47:28,2012-04-30,train,870_3
870,1497,222,Coffee Shop,40.7388714434338,-73.98297136918099,2012-05-06 15:58:01,2012-04-30,train,870_3
871,1933,264,Subway,40.78577311803029,-73.9509916305542,2012-05-02 02:18:04,2012-04-30,train,871_3
871,2279,26,Drugstore / Pharmacy,40.786422988157305,-73.95072340965271,2012-05-02 02:19:17,2012-04-30,train,871_3
871,1933,264,Subway,40.78577311803029,-73.9509916305542,2012-05-03 08:19:13,2012-04-30,train,871_3
871,799,96,Deli / Bodega,40.75271883902363,-73.98321568965912,2012-05-03 08:45:13,2012-04-30,train,871_3
871,179,121,Park,40.75372797263211,-73.98368835767094,2012-05-03 08:45:27,2012-04-30,train,871_3
871,1933,264,Subway,40.78577311803029,-73.9509916305542,2012-05-03 21:35:20,2012-04-30,train,871_3
871,2279,26,Drugstore / Pharmacy,40.786422988157305,-73.95072340965271,2012-05-03 21:35:34,2012-04-30,train,871_3
871,1933,264,Subway,40.78577311803029,-73.9509916305542,2012-05-04 08:20:31,2012-04-30,train,871_3
871,799,96,Deli / Bodega,40.75271883902363,-73.98321568965912,2012-05-04 08:46:41,2012-04-30,train,871_3
871,179,121,Park,40.75372797263211,-73.98368835767094,2012-05-04 13:48:39,2012-04-30,train,871_3
871,1933,264,Subway,40.78577311803029,-73.9509916305542,2012-05-04 23:33:49,2012-04-30,train,871_3
871,2279,26,Drugstore / Pharmacy,40.786422988157305,-73.95072340965271,2012-05-04 23:34:14,2012-04-30,train,871_3
871,1933,264,Subway,40.78577311803029,-73.9509916305542,2012-05-05 12:50:48,2012-04-30,train,871_3
871,1933,264,Subway,40.78577311803029,-73.9509916305542,2012-05-05 18:15:10,2012-04-30,train,871_3
871,1851,42,Food & Drink Shop,40.78586423000573,-73.95094426561735,2012-05-05 18:24:38,2012-04-30,train,871_3
871,254,121,Park,40.74706188749892,-74.00519371032715,2012-05-05 19:16:41,2012-04-30,train,871_3
871,2752,42,Food & Drink Shop,40.778504,-73.982092,2012-05-06 14:34:53,2012-04-30,train,871_3
874,1419,70,Train Station,40.732267009830224,-74.06304359436035,2012-05-04 22:47:54,2012-04-30,train,874_4
874,2915,301,Neighborhood,40.66429840745589,-74.21084403991699,2012-05-05 00:36:14,2012-04-30,train,874_4
874,735,122,Plaza,40.74982540095488,-73.98796319961548,2012-05-05 20:47:38,2012-04-30,train,874_4
875,1742,264,Subway,40.75099579556285,-73.99068832397461,2012-05-05 01:59:23,2012-04-30,train,875_2
875,3416,266,Bus Station,40.8159366327874,-73.91719579696654,2012-05-05 02:50:27,2012-04-30,train,875_2
876,625,122,Plaza,40.756489872673846,-73.98626804351807,2012-05-01 13:31:18,2012-04-30,train,876_3
876,2883,136,Office,40.714825968619806,-74.005692,2012-05-01 14:50:55,2012-04-30,train,876_3
876,2883,136,Office,40.714825968619806,-74.005692,2012-05-01 18:05:56,2012-04-30,train,876_3
876,2181,281,Residential Building (Apartment / Condo),40.75700432362647,-73.9982081994199,2012-05-03 07:47:32,2012-04-30,train,876_3
876,2883,136,Office,40.714825968619806,-74.005692,2012-05-03 17:26:32,2012-04-30,train,876_3
876,769,222,Coffee Shop,40.723856037082,-73.99640679359436,2012-05-04 10:23:40,2012-04-30,train,876_3
876,2883,136,Office,40.714825968619806,-74.005692,2012-05-04 12:04:30,2012-04-30,train,876_3
876,2181,281,Residential Building (Apartment / Condo),40.75700432362647,-73.9982081994199,2012-05-05 00:02:27,2012-04-30,train,876_3
876,357,70,Train Station,40.750794799423865,-73.99357639021292,2012-05-06 15:46:11,2012-04-30,train,876_3
876,436,241,Airport,40.68968493541091,-74.17938709259033,2012-05-06 16:54:09,2012-04-30,train,876_3
878,1680,173,Community College,40.95105710437937,-74.08986568450928,2012-05-01 18:09:21,2012-04-30,train,878_4
878,3395,165,College Academic Building,40.947669894526186,-74.08349275588989,2012-05-01 18:10:35,2012-04-30,train,878_4
878,3275,181,Student Center,40.95158380800399,-74.08855676651001,2012-05-01 20:45:15,2012-04-30,train,878_4
878,3349,177,College Academic Building,40.9514946738398,-74.0886640548706,2012-05-01 20:45:28,2012-04-30,train,878_4
878,2175,197,Sandwich Place,40.89643068952154,-73.97470108060517,2012-05-03 11:13:50,2012-04-30,train,878_4
878,4282,6,Home (private),40.93508141690897,-73.96537147003376,2012-05-03 17:45:39,2012-04-30,train,878_4
878,3512,19,Bank,40.926521666666666,-73.96489857,2012-05-03 21:22:10,2012-04-30,train,878_4
878,4282,6,Home (private),40.93508141690897,-73.96537147003376,2012-05-03 21:52:06,2012-04-30,train,878_4
878,2674,146,Movie Theater,40.62644009732692,-74.17276190554297,2012-05-06 12:51:44,2012-04-30,train,878_4
879,3803,74,Government Building,40.82907880899439,-74.10311699020308,2012-05-03 18:46:05,2012-04-30,train,879_4
879,720,146,Movie Theater,40.828585959081536,-74.14026975631714,2012-05-03 23:02:48,2012-04-30,train,879_4
879,3644,162,Medical Center,40.82933578340696,-74.10327758466478,2012-05-04 03:15:04,2012-04-30,train,879_4
879,4898,245,General Entertainment,40.95799336338653,-74.10746446325602,2012-05-04 23:24:24,2012-04-30,train,879_4
879,1761,222,Coffee Shop,40.720192837838496,-74.04319424115765,2012-05-05 10:10:50,2012-04-30,train,879_4
879,4901,194,Mexican Restaurant,40.759220487652186,-73.98880004882812,2012-05-05 17:37:53,2012-04-30,train,879_4
879,1776,146,Movie Theater,40.78531820515752,-74.04664993286133,2012-05-05 18:53:14,2012-04-30,train,879_4
880,132,131,Café,40.75811656795351,-73.99289983661367,2012-05-03 09:06:08,2012-04-30,train,880_4
880,132,131,Café,40.75811656795351,-73.99289983661367,2012-05-03 13:33:44,2012-04-30,train,880_4
880,132,131,Café,40.75811656795351,-73.99289983661367,2012-05-04 09:18:45,2012-04-30,train,880_4
880,4130,37,Bar,40.75599818752485,-73.99114966392517,2012-05-04 17:56:56,2012-04-30,train,880_4
880,1664,209,Sushi Restaurant,40.74689526022255,-73.98500740528107,2012-05-05 13:20:40,2012-04-30,train,880_4
880,509,148,Museum,40.744070661162304,-73.98738384246826,2012-05-06 18:56:02,2012-04-30,train,880_4
881,3596,137,Gym / Fitness Center,40.64668883996605,-73.91399171283997,2012-05-01 19:48:27,2012-04-30,train,881_4
881,2648,196,Restaurant,40.62940441,-73.918612,2012-05-01 21:29:32,2012-04-30,train,881_4
881,2320,264,Subway,40.646098782777614,-73.9026689529419,2012-05-03 06:57:51,2012-04-30,train,881_4
881,2901,73,Bus Station,40.645805724956496,-73.90217542648315,2012-05-03 06:58:07,2012-04-30,train,881_4
881,3835,73,Bus Station,40.64046947986093,-73.90546011092275,2012-05-03 07:07:42,2012-04-30,train,881_4
881,2955,120,Other Great Outdoors,40.64142360524889,-73.90791169293334,2012-05-03 07:08:07,2012-04-30,train,881_4
881,3841,77,Government Building,40.64041091042064,-73.905666802868,2012-05-03 07:08:34,2012-04-30,train,881_4
881,4289,120,Other Great Outdoors,40.63355855667462,-73.92037007537644,2012-05-03 07:41:40,2012-04-30,train,881_4
881,3732,6,Home (private),40.63217491395537,-73.91834636014222,2012-05-03 07:42:38,2012-04-30,train,881_4
881,4290,6,Home (private),40.63217491395537,-73.91834636014222,2012-05-03 07:43:33,2012-04-30,train,881_4
881,2810,73,Bus Station,40.63231909707915,-73.91826885573577,2012-05-03 21:35:52,2012-04-30,train,881_4
881,406,147,Movie Theater,40.73416736029532,-73.99048715829849,2012-05-03 22:54:16,2012-04-30,train,881_4
881,406,147,Movie Theater,40.73416736029532,-73.99048715829849,2012-05-03 23:48:53,2012-04-30,train,881_4
881,2810,73,Bus Station,40.63231909707915,-73.91826885573577,2012-05-04 16:26:24,2012-04-30,train,881_4
881,3841,77,Government Building,40.64041091042064,-73.905666802868,2012-05-04 16:31:39,2012-04-30,train,881_4
881,3835,73,Bus Station,40.64046947986093,-73.90546011092275,2012-05-04 16:31:57,2012-04-30,train,881_4
881,2320,264,Subway,40.646098782777614,-73.9026689529419,2012-05-04 16:35:47,2012-04-30,train,881_4
881,2068,138,Gym / Fitness Center,40.70257473392312,-73.8189978337963,2012-05-04 17:37:19,2012-04-30,train,881_4
881,2955,120,Other Great Outdoors,40.64142360524889,-73.90791169293334,2012-05-04 21:25:52,2012-04-30,train,881_4
881,3835,73,Bus Station,40.64046947986093,-73.90546011092275,2012-05-04 21:26:59,2012-04-30,train,881_4
881,4289,120,Other Great Outdoors,40.63355855667462,-73.92037007537644,2012-05-04 21:34:41,2012-04-30,train,881_4
881,3732,6,Home (private),40.63217491395537,-73.91834636014222,2012-05-04 21:42:26,2012-04-30,train,881_4
881,4290,6,Home (private),40.63217491395537,-73.91834636014222,2012-05-04 21:42:45,2012-04-30,train,881_4
881,2810,73,Bus Station,40.63231909707915,-73.91826885573577,2012-05-05 12:15:56,2012-04-30,train,881_4
881,2648,196,Restaurant,40.62940441,-73.918612,2012-05-05 12:34:56,2012-04-30,train,881_4
881,3835,73,Bus Station,40.64046947986093,-73.90546011092275,2012-05-05 19:26:31,2012-04-30,train,881_4
881,2648,196,Restaurant,40.62940441,-73.918612,2012-05-06 13:55:18,2012-04-30,train,881_4
881,4289,120,Other Great Outdoors,40.63355855667462,-73.92037007537644,2012-05-06 15:33:55,2012-04-30,train,881_4
881,3732,6,Home (private),40.63217491395537,-73.91834636014222,2012-05-06 15:34:08,2012-04-30,train,881_4
881,4290,6,Home (private),40.63217491395537,-73.91834636014222,2012-05-06 15:34:21,2012-04-30,train,881_4
882,1789,26,Drugstore / Pharmacy,40.760053,-73.769769,2012-05-04 10:42:56,2012-04-30,train,882_0
882,4162,6,Home (private),40.75686177990922,-73.75366953292578,2012-05-04 12:13:59,2012-04-30,train,882_0
882,4162,6,Home (private),40.75686177990922,-73.75366953292578,2012-05-04 23:55:39,2012-04-30,train,882_0
882,4162,6,Home (private),40.75686177990922,-73.75366953292578,2012-05-05 12:42:07,2012-04-30,train,882_0
883,2429,128,Bakery,40.74322161241972,-73.88303847688474,2012-05-02 07:47:04,2012-04-30,train,883_3
883,2235,222,Coffee Shop,40.74343083978782,-73.88336577659359,2012-05-02 07:47:17,2012-04-30,train,883_3
883,3944,121,Park,40.74275762267446,-73.88231497032352,2012-05-02 07:47:24,2012-04-30,train,883_3
883,2781,73,Bus Station,40.75622089216358,-73.99083383946767,2012-05-03 08:23:31,2012-04-30,train,883_3
883,2165,26,Drugstore / Pharmacy,40.75616479199092,-73.99060249328613,2012-05-03 08:23:39,2012-04-30,train,883_3
883,4059,222,Coffee Shop,40.75633057286094,-73.99101174565301,2012-05-03 08:23:49,2012-04-30,train,883_3
883,2064,128,Bakery,40.75689622129208,-73.99188995361328,2012-05-03 08:23:58,2012-04-30,train,883_3
883,2473,19,Bank,40.75593488044145,-73.990954356579,2012-05-03 08:24:09,2012-04-30,train,883_3
883,2064,128,Bakery,40.75689622129208,-73.99188995361328,2012-05-04 08:29:38,2012-04-30,train,883_3
883,2781,73,Bus Station,40.75622089216358,-73.99083383946767,2012-05-04 08:29:49,2012-04-30,train,883_3
883,4059,222,Coffee Shop,40.75633057286094,-73.99101174565301,2012-05-04 08:31:03,2012-04-30,train,883_3
883,1380,222,Coffee Shop,40.75544236028292,-73.99124704067701,2012-05-04 08:31:17,2012-04-30,train,883_3
883,2473,19,Bank,40.75593488044145,-73.990954356579,2012-05-04 08:31:32,2012-04-30,train,883_3
883,4055,263,Laundry Service,40.74333469241787,-73.88322222415708,2012-05-06 22:14:55,2012-04-30,train,883_3
885,603,37,Bar,40.747354686763074,-73.9844004114423,2012-05-01 18:17:16,2012-04-30,train,885_3
885,1973,61,Office,40.7156813373801,-73.92812027924177,2012-05-04 10:03:24,2012-04-30,train,885_3
885,1520,50,Bar,40.73830503995525,-73.99300887473368,2012-05-04 14:40:45,2012-04-30,train,885_3
886,349,70,Train Station,40.75280620914171,-73.97717535495758,2012-05-01 18:29:10,2012-04-30,train,886_3
886,944,256,Furniture / Home Store,40.761552,-73.968318,2012-05-03 20:22:31,2012-04-30,train,886_3
886,397,238,Music Venue,40.71815358787956,-73.99221117337089,2012-05-04 19:30:43,2012-04-30,train,886_3
886,4747,55,Bar,40.718690227529656,-73.98931302179598,2012-05-04 23:18:18,2012-04-30,train,886_3
887,3406,80,Building,40.88766428677077,-74.01919918009074,2012-05-03 09:07:00,2012-04-30,train,887_3
887,1240,42,Food & Drink Shop,40.87627696797496,-74.03878791437232,2012-05-03 20:14:23,2012-04-30,train,887_3
888,4023,6,Home (private),40.869261377738766,-73.91834636014222,2012-05-04 02:33:27,2012-04-30,train,888_2
888,4023,6,Home (private),40.869261377738766,-73.91834636014222,2012-05-05 02:35:02,2012-04-30,train,888_2
890,3435,233,Other Great Outdoors,40.787872340195456,-73.79286678458199,2012-05-01 19:54:50,2012-04-30,train,890_4
890,4862,157,Stadium,40.7908749006647,-73.79151102423207,2012-05-01 21:41:48,2012-04-30,train,890_4
890,4462,229,Beach,40.78686921596957,-73.80770486298724,2012-05-01 21:42:40,2012-04-30,train,890_4
890,3435,233,Other Great Outdoors,40.787872340195456,-73.79286678458199,2012-05-03 22:46:02,2012-04-30,train,890_4
890,4862,157,Stadium,40.7908749006647,-73.79151102423207,2012-05-03 22:46:36,2012-04-30,train,890_4
890,4462,229,Beach,40.78686921596957,-73.80770486298724,2012-05-04 05:10:02,2012-04-30,train,890_4
890,3435,233,Other Great Outdoors,40.787872340195456,-73.79286678458199,2012-05-04 05:11:10,2012-04-30,train,890_4
890,3435,233,Other Great Outdoors,40.787872340195456,-73.79286678458199,2012-05-04 14:24:31,2012-04-30,train,890_4
890,3435,233,Other Great Outdoors,40.787872340195456,-73.79286678458199,2012-05-05 07:47:59,2012-04-30,train,890_4
890,3435,233,Other Great Outdoors,40.787872340195456,-73.79286678458199,2012-05-05 15:24:00,2012-04-30,train,890_4
890,3435,233,Other Great Outdoors,40.787872340195456,-73.79286678458199,2012-05-06 14:12:23,2012-04-30,train,890_4
890,4329,121,Park,40.79038764758493,-73.80055308185635,2012-05-06 18:43:16,2012-04-30,train,890_4
893,2313,61,Office,40.7903220753707,-74.04909610748291,2012-05-03 08:30:13,2012-04-30,train,893_4
893,816,95,Chinese Restaurant,40.78009362863879,-74.00982869627268,2012-05-03 12:12:40,2012-04-30,train,893_4
893,2313,61,Office,40.7903220753707,-74.04909610748291,2012-05-04 08:32:30,2012-04-30,train,893_4
893,1880,147,Movie Theater,40.6593058125473,-74.1687656965761,2012-05-04 22:45:41,2012-04-30,train,893_4
893,3114,282,Convenience Store,40.68378078887897,-74.0999796351583,2012-05-05 17:06:02,2012-04-30,train,893_4
894,4383,245,General Entertainment,40.76040627582441,-73.995080587233,2012-05-01 17:15:18,2012-04-30,train,894_4
894,3187,176,Law School,40.718005536050974,-74.00696396827698,2012-05-04 15:23:07,2012-04-30,train,894_4
894,2666,78,Library,40.718150884309296,-74.0069824571169,2012-05-04 15:23:19,2012-04-30,train,894_4
894,4383,245,General Entertainment,40.76040627582441,-73.995080587233,2012-05-04 18:58:03,2012-04-30,train,894_4
894,3187,176,Law School,40.718005536050974,-74.00696396827698,2012-05-06 15:23:13,2012-04-30,train,894_4
894,2666,78,Library,40.718150884309296,-74.0069824571169,2012-05-06 15:23:27,2012-04-30,train,894_4
894,4383,245,General Entertainment,40.76040627582441,-73.995080587233,2012-05-06 22:55:12,2012-04-30,train,894_4
895,3528,301,Neighborhood,40.88595663003309,-74.0434956550598,2012-05-03 10:20:00,2012-04-30,train,895_2
895,1292,265,Mall,40.95634251626308,-74.06902771574032,2012-05-03 19:18:09,2012-04-30,train,895_2
895,3528,301,Neighborhood,40.88595663003309,-74.0434956550598,2012-05-04 11:06:52,2012-04-30,train,895_2
895,3319,69,Government Building,40.92846161542626,-74.03604984283447,2012-05-05 12:45:41,2012-04-30,train,895_2
897,4541,121,Park,40.73159302118331,-74.03196593883797,2012-05-01 18:44:47,2012-04-30,train,897_4
897,4541,121,Park,40.73159302118331,-74.03196593883797,2012-05-04 18:12:34,2012-04-30,train,897_4
898,3620,6,Home (private),40.84498742331356,-74.16509908485864,2012-05-01 14:19:28,2012-04-30,train,898_4
898,2215,174,College Academic Building,40.87077892932014,-74.19814109802246,2012-05-03 14:39:21,2012-04-30,train,898_4
898,2248,174,College Academic Building,40.87036516454396,-74.19895648956299,2012-05-03 14:40:50,2012-04-30,train,898_4
898,1421,183,University,40.86075860452271,-74.19882774353027,2012-05-03 14:50:10,2012-04-30,train,898_4
898,987,257,Road,40.76117085825042,-74.01128768920898,2012-05-03 19:50:23,2012-04-30,train,898_4
898,4164,257,Road,40.76388857111786,-74.02338218083516,2012-05-03 19:50:35,2012-04-30,train,898_4
898,987,257,Road,40.76117085825042,-74.01128768920898,2012-05-03 19:50:55,2012-04-30,train,898_4
898,13,230,Bowling Alley,40.75739368035236,-73.99330097284587,2012-05-03 19:56:09,2012-04-30,train,898_4
898,587,266,Bus Station,40.75722129839836,-73.99154663085938,2012-05-03 19:56:50,2012-04-30,train,898_4
898,1116,137,Gym / Fitness Center,40.83487295164295,-74.22620648606099,2012-05-03 21:14:31,2012-04-30,train,898_4
898,4185,213,Bar,40.834873,-74.225148,2012-05-03 21:14:44,2012-04-30,train,898_4
898,3620,6,Home (private),40.84498742331356,-74.16509908485864,2012-05-03 22:10:43,2012-04-30,train,898_4
898,1116,137,Gym / Fitness Center,40.83487295164295,-74.22620648606099,2012-05-04 21:15:06,2012-04-30,train,898_4
898,4185,213,Bar,40.834873,-74.225148,2012-05-04 21:26:49,2012-04-30,train,898_4
898,2215,174,College Academic Building,40.87077892932014,-74.19814109802246,2012-05-04 22:32:58,2012-04-30,train,898_4
898,3620,6,Home (private),40.84498742331356,-74.16509908485864,2012-05-04 23:49:51,2012-04-30,train,898_4
898,4897,281,Residential Building (Apartment / Condo),40.84476009028352,-74.16051500174768,2012-05-04 23:49:59,2012-04-30,train,898_4
898,3592,34,Gas Station / Garage,40.831735737022,-74.13848876953125,2012-05-05 14:39:58,2012-04-30,train,898_4
898,4117,6,Home (private),40.853209057041184,-74.22380201337529,2012-05-06 13:25:32,2012-04-30,train,898_4
898,1643,42,Food & Drink Shop,40.83162208784265,-74.13679361343384,2012-05-06 13:43:49,2012-04-30,train,898_4
898,2248,174,College Academic Building,40.87036516454396,-74.19895648956299,2012-05-06 16:57:54,2012-04-30,train,898_4
898,2215,174,College Academic Building,40.87077892932014,-74.19814109802246,2012-05-06 16:58:08,2012-04-30,train,898_4
898,4897,281,Residential Building (Apartment / Condo),40.84476009028352,-74.16051500174768,2012-05-06 22:51:13,2012-04-30,train,898_4
900,2444,98,Donut Shop,40.75913471693182,-73.97040222668178,2012-05-02 06:47:31,2012-04-30,train,900_4
900,3362,16,Clothing Store,40.761268375278135,-73.96862983703613,2012-05-02 06:48:01,2012-04-30,train,900_4
900,4262,175,College Academic Building,40.817635,-73.950606,2012-05-03 15:29:20,2012-04-30,train,900_4
900,3164,169,College Academic Building,40.81795370586359,-73.95069744112548,2012-05-03 15:29:40,2012-04-30,train,900_4
900,4262,175,College Academic Building,40.817635,-73.950606,2012-05-04 09:52:09,2012-04-30,train,900_4
900,3164,169,College Academic Building,40.81795370586359,-73.95069744112548,2012-05-04 09:52:23,2012-04-30,train,900_4
900,2444,98,Donut Shop,40.75913471693182,-73.97040222668178,2012-05-04 11:24:35,2012-04-30,train,900_4
900,3362,16,Clothing Store,40.761268375278135,-73.96862983703613,2012-05-04 11:24:53,2012-04-30,train,900_4
900,1,48,Bar,40.75636365544851,-73.96763575725062,2012-05-04 22:44:48,2012-04-30,train,900_4
900,2444,98,Donut Shop,40.75913471693182,-73.97040222668178,2012-05-05 11:13:02,2012-04-30,train,900_4
900,3362,16,Clothing Store,40.761268375278135,-73.96862983703613,2012-05-05 11:13:29,2012-04-30,train,900_4
900,924,222,Coffee Shop,40.76139825093475,-73.96798013320362,2012-05-05 16:29:28,2012-04-30,train,900_4
901,1489,53,Bar,40.63357692052703,-74.00645452100342,2012-05-02 01:08:33,2012-04-30,train,901_4
901,1393,97,Diner,40.61000618011367,-74.00673570454957,2012-05-02 04:26:18,2012-04-30,train,901_4
901,2095,42,Food & Drink Shop,40.59011137051923,-73.95240798577784,2012-05-03 23:25:31,2012-04-30,train,901_4
901,1489,53,Bar,40.63357692052703,-74.00645452100342,2012-05-05 00:29:42,2012-04-30,train,901_4
901,862,147,Movie Theater,40.58606020705239,-73.92983436584473,2012-05-06 22:41:58,2012-04-30,train,901_4
902,1674,78,Library,40.74797331186306,-73.98298858662089,2012-05-01 15:53:19,2012-04-30,train,902_1
902,2103,264,Subway,40.6930853448663,-73.92848253250122,2012-05-03 13:22:26,2012-04-30,train,902_1
902,2059,73,Bus Station,40.75816660259855,-73.99475921501585,2012-05-03 14:19:47,2012-04-30,train,902_1
902,2041,264,Subway,40.68990542829335,-73.95177657844081,2012-05-04 18:44:42,2012-04-30,train,902_1
902,349,70,Train Station,40.75280620914171,-73.97717535495758,2012-05-05 15:50:28,2012-04-30,train,902_1
902,431,42,Food & Drink Shop,40.73366542178695,-73.98781514808185,2012-05-05 16:51:30,2012-04-30,train,902_1
902,4901,194,Mexican Restaurant,40.759220487652186,-73.98880004882812,2012-05-05 16:59:26,2012-04-30,train,902_1
902,1002,70,Train Station,40.69902344282463,-73.81001472473143,2012-05-06 13:23:14,2012-04-30,train,902_1
902,3028,304,Train Station,40.69966483259117,-73.80794037911225,2012-05-06 13:36:06,2012-04-30,train,902_1
903,1603,150,Stadium,40.75044987008408,-73.99221103886612,2012-05-03 20:36:47,2012-04-30,train,903_4
903,897,47,Bar,40.76293570093437,-73.97780606756776,2012-05-04 23:13:52,2012-04-30,train,903_4
903,551,37,Bar,40.759525734570886,-73.97853495742781,2012-05-05 00:28:06,2012-04-30,train,903_4
903,255,48,Bar,40.74311402567613,-73.98917528677009,2012-05-05 01:53:13,2012-04-30,train,903_4
903,704,220,BBQ Joint,40.74543104733995,-73.99851808849003,2012-05-05 16:40:52,2012-04-30,train,903_4
904,3626,23,German Restaurant,40.75274100802376,-73.97330797224723,2012-05-01 13:55:31,2012-04-30,train,904_4
904,3848,80,Building,40.75275225282777,-73.97358763499668,2012-05-01 14:10:30,2012-04-30,train,904_4
904,4613,136,Office,40.753125961930586,-73.97379425425618,2012-05-01 14:11:02,2012-04-30,train,904_4
904,1225,47,Bar,40.75275186110882,-73.97305386754967,2012-05-01 17:11:33,2012-04-30,train,904_4
904,4641,212,Hotel,40.75492495328934,-73.97323752963396,2012-05-01 17:11:49,2012-04-30,train,904_4
904,3685,216,Tea Room,40.75338271988277,-73.97444280771313,2012-05-01 17:41:47,2012-04-30,train,904_4
904,3862,61,Office,40.753245,-73.973397,2012-05-01 19:36:59,2012-04-30,train,904_4
904,121,47,Bar,40.75290467304416,-73.97297925477788,2012-05-01 19:37:32,2012-04-30,train,904_4
904,1254,97,Diner,40.76688552090382,-73.92162948846817,2012-05-01 20:02:30,2012-04-30,train,904_4
904,3913,67,Office,40.76780839152848,-73.91025415934077,2012-05-01 20:24:04,2012-04-30,train,904_4
904,4315,0,Convention Center,40.63941333333334,-73.97987413333334,2012-05-01 20:24:46,2012-04-30,train,904_4
904,1477,301,Neighborhood,40.71421605600625,-74.00596618652344,2012-05-01 21:32:30,2012-04-30,train,904_4
904,3105,43,Bar,40.766979,-73.912507,2012-05-01 21:33:00,2012-04-30,train,904_4
904,1477,301,Neighborhood,40.71421605600625,-74.00596618652344,2012-05-02 07:50:17,2012-04-30,train,904_4
904,4885,281,Residential Building (Apartment / Condo),40.76622530236848,-73.91071557998657,2012-05-02 07:51:16,2012-04-30,train,904_4
904,3913,67,Office,40.76780839152848,-73.91025415934077,2012-05-03 05:36:00,2012-04-30,train,904_4
904,1493,222,Coffee Shop,40.766647842986686,-73.92088115215302,2012-05-03 06:03:49,2012-04-30,train,904_4
904,4478,268,Convention Center,40.75285675549502,-73.97367372638176,2012-05-03 07:30:02,2012-04-30,train,904_4
904,1225,47,Bar,40.75275186110882,-73.97305386754967,2012-05-03 09:33:51,2012-04-30,train,904_4
904,2071,136,Office,40.75323752383464,-73.97326048738216,2012-05-03 13:17:46,2012-04-30,train,904_4
904,4478,268,Convention Center,40.75285675549502,-73.97367372638176,2012-05-03 13:18:33,2012-04-30,train,904_4
904,2090,32,Hardware Store,40.75280845335031,-73.97370242350156,2012-05-03 15:27:52,2012-04-30,train,904_4
904,1494,130,Burger Joint,40.75254516167607,-73.97335805778152,2012-05-03 15:28:08,2012-04-30,train,904_4
904,4613,136,Office,40.753125961930586,-73.97379425425618,2012-05-03 20:03:59,2012-04-30,train,904_4
904,821,50,Bar,40.74781156213384,-73.94023868135636,2012-05-03 20:31:02,2012-04-30,train,904_4
904,4885,281,Residential Building (Apartment / Condo),40.76622530236848,-73.91071557998657,2012-05-03 21:05:57,2012-04-30,train,904_4
904,1493,222,Coffee Shop,40.766647842986686,-73.92088115215302,2012-05-04 05:04:40,2012-04-30,train,904_4
904,4203,283,Rest Area,40.752647426279765,-73.97300221255689,2012-05-04 06:11:09,2012-04-30,train,904_4
904,4478,268,Convention Center,40.75285675549502,-73.97367372638176,2012-05-04 07:10:26,2012-04-30,train,904_4
904,1648,0,Convention Center,40.7527513488484,-73.97294282913208,2012-05-04 08:06:49,2012-04-30,train,904_4
904,2090,32,Hardware Store,40.75280845335031,-73.97370242350156,2012-05-04 08:41:49,2012-04-30,train,904_4
904,3848,80,Building,40.75275225282777,-73.97358763499668,2012-05-04 09:01:51,2012-04-30,train,904_4
904,4203,283,Rest Area,40.752647426279765,-73.97300221255689,2012-05-04 12:50:56,2012-04-30,train,904_4
904,4527,0,Convention Center,40.75307160144737,-73.97346710699287,2012-05-04 12:51:18,2012-04-30,train,904_4
904,4613,136,Office,40.753125961930586,-73.97379425425618,2012-05-04 13:58:59,2012-04-30,train,904_4
904,3626,23,German Restaurant,40.75274100802376,-73.97330797224723,2012-05-04 13:59:13,2012-04-30,train,904_4
904,4491,0,Convention Center,40.75322891242016,-73.97315143805378,2012-05-04 15:25:05,2012-04-30,train,904_4
904,1225,47,Bar,40.75275186110882,-73.97305386754967,2012-05-04 17:55:16,2012-04-30,train,904_4
904,121,47,Bar,40.75290467304416,-73.97297925477788,2012-05-04 17:56:40,2012-04-30,train,904_4
904,1109,107,Cuban Restaurant,40.75835785550575,-73.9842454555664,2012-05-04 20:00:50,2012-04-30,train,904_4
904,1109,107,Cuban Restaurant,40.75835785550575,-73.9842454555664,2012-05-04 20:01:06,2012-04-30,train,904_4
904,3913,67,Office,40.76780839152848,-73.91025415934077,2012-05-05 11:55:46,2012-04-30,train,904_4
904,4885,281,Residential Building (Apartment / Condo),40.76622530236848,-73.91071557998657,2012-05-05 11:56:25,2012-04-30,train,904_4
904,1477,120,Other Great Outdoors,40.71421605600625,-74.00596618652344,2012-05-05 18:42:28,2012-04-30,train,904_4
904,4901,194,Mexican Restaurant,40.759220487652186,-73.98880004882812,2012-05-05 18:42:46,2012-04-30,train,904_4
904,1477,120,Other Great Outdoors,40.71421605600625,-74.00596618652344,2012-05-06 17:52:44,2012-04-30,train,904_4
904,3105,43,Bar,40.766979,-73.912507,2012-05-06 17:53:01,2012-04-30,train,904_4
904,4885,281,Residential Building (Apartment / Condo),40.76622530236848,-73.91071557998657,2012-05-06 17:53:36,2012-04-30,train,904_4
905,2630,64,Government Building,40.650624734601685,-73.76847267150879,2012-05-05 04:29:26,2012-04-30,train,905_3
905,2630,64,Government Building,40.650624734601685,-73.76847267150879,2012-05-06 18:43:24,2012-04-30,train,905_3
907,3943,6,Home (private),40.76071686239771,-73.91834636014222,2012-05-02 01:27:03,2012-04-30,train,907_4
907,3294,61,Office,40.74978001934834,-73.91056418954858,2012-05-03 09:09:38,2012-04-30,train,907_4
907,3943,6,Home (private),40.76071686239771,-73.91834636014222,2012-05-03 18:48:13,2012-04-30,train,907_4
907,3294,61,Office,40.74978001934834,-73.91056418954858,2012-05-04 09:20:59,2012-04-30,train,907_4
907,2602,132,Fast Food Restaurant,40.75335278522429,-73.9084284158856,2012-05-04 23:08:27,2012-04-30,train,907_4
907,4639,6,Home (private),40.686503971003575,-73.88307005845945,2012-05-05 12:04:53,2012-04-30,train,907_4
907,3943,6,Home (private),40.76071686239771,-73.91834636014222,2012-05-06 18:25:26,2012-04-30,train,907_4
909,1298,221,Bridge,40.82809886666084,-73.93391132354736,2012-05-03 20:02:57,2012-04-30,train,909_4
909,3833,6,Home (private),40.82329902868254,-73.94186034276925,2012-05-03 21:09:29,2012-04-30,train,909_4
911,2523,264,Subway,40.86939159016536,-73.91524314880371,2012-05-01 15:40:49,2012-04-30,train,911_3
911,4835,281,Residential Building (Apartment / Condo),40.851721045672974,-73.92831546556859,2012-05-01 16:22:43,2012-04-30,train,911_3
911,4835,281,Residential Building (Apartment / Condo),40.851721045672974,-73.92831546556859,2012-05-04 01:29:31,2012-04-30,train,911_3
911,4835,281,Residential Building (Apartment / Condo),40.851721045672974,-73.92831546556859,2012-05-04 22:48:23,2012-04-30,train,911_3
911,938,102,American Restaurant,40.82013,-73.959088,2012-05-04 23:49:44,2012-04-30,train,911_3
911,4846,64,Government Building,40.86799044565456,-73.91249325530697,2012-05-05 07:39:52,2012-04-30,train,911_3
912,858,61,Office,40.726087955120704,-74.0055799484253,2012-05-03 09:18:50,2012-04-30,train,912_4
912,817,138,Gym / Fitness Center,40.7292388125015,-74.00527239790054,2012-05-03 12:58:34,2012-04-30,train,912_4
912,858,61,Office,40.726087955120704,-74.0055799484253,2012-05-04 09:33:33,2012-04-30,train,912_4
912,588,150,Stadium,40.81143815229546,-74.06779646873474,2012-05-05 16:57:16,2012-04-30,train,912_4
915,1020,260,Food & Drink Shop,40.69369648097237,-73.99020255812387,2012-05-05 11:05:20,2012-04-30,train,915_4
915,621,87,Theater,40.68842703325036,-73.97879201419794,2012-05-05 19:31:30,2012-04-30,train,915_4
918,357,70,Train Station,40.750794799423865,-73.99357639021292,2012-05-03 06:32:30,2012-04-30,train,918_3
918,640,137,Gym / Fitness Center,40.72424,-73.997779,2012-05-05 10:03:41,2012-04-30,train,918_3
918,336,48,Bar,40.74985920636586,-73.98996152288103,2012-05-06 14:35:09,2012-04-30,train,918_3
918,1603,232,Music Venue,40.75044987008408,-73.99221103886612,2012-05-06 15:51:40,2012-04-30,train,918_3
919,2438,80,Building,40.76339949292576,-73.92409712076187,2012-05-01 17:36:07,2012-04-30,train,919_4
919,1932,42,Food & Drink Shop,40.75258879956551,-73.92107963562012,2012-05-03 10:05:51,2012-04-30,train,919_4
919,2438,80,Building,40.76339949292576,-73.92409712076187,2012-05-04 21:09:53,2012-04-30,train,919_4
919,2438,80,Building,40.76339949292576,-73.92409712076187,2012-05-05 12:21:35,2012-04-30,train,919_4
919,1498,42,Food & Drink Shop,40.76240414394372,-73.92674248782345,2012-05-05 14:34:22,2012-04-30,train,919_4
920,1880,147,Movie Theater,40.6593058125473,-74.1687656965761,2012-05-03 23:09:50,2012-04-30,train,920_4
920,3293,6,Home (private),40.597704131964136,-74.16509908485864,2012-05-04 03:39:05,2012-04-30,train,920_4
920,4898,245,General Entertainment,40.95799336338653,-74.10746446325602,2012-05-04 14:45:13,2012-04-30,train,920_4
920,4684,136,Office,40.66051123809162,-73.81729761074061,2012-05-05 05:42:37,2012-04-30,train,920_4
920,138,27,Italian Restaurant,40.75759513510543,-73.9868688583374,2012-05-05 15:23:16,2012-04-30,train,920_4
920,1056,248,Toy / Game Store,40.75727261748517,-73.98569170554654,2012-05-05 17:30:07,2012-04-30,train,920_4
920,4684,136,Office,40.66051123809162,-73.81729761074061,2012-05-06 14:22:50,2012-04-30,train,920_4
920,3293,6,Home (private),40.597704131964136,-74.16509908485864,2012-05-06 23:01:08,2012-04-30,train,920_4
921,2289,247,Sporting Goods Shop,40.82991732677595,-74.14106369018555,2012-05-02 04:00:00,2012-04-30,train,921_4
921,1763,98,Donut Shop,40.84120527898384,-74.15902421865839,2012-05-03 08:32:38,2012-04-30,train,921_4
921,2289,247,Sporting Goods Shop,40.82991732677595,-74.14106369018555,2012-05-04 06:34:37,2012-04-30,train,921_4
921,2866,44,Food & Drink Shop,40.8385543312904,-74.15413677692413,2012-05-06 13:44:04,2012-04-30,train,921_4
922,3109,63,Office,40.73930718066654,-73.98940086364746,2012-05-01 13:10:22,2012-04-30,train,922_3
922,3109,63,Office,40.73930718066654,-73.98940086364746,2012-05-03 09:50:40,2012-04-30,train,922_3
922,3109,63,Office,40.73930718066654,-73.98940086364746,2012-05-03 13:19:51,2012-04-30,train,922_3
922,3109,63,Office,40.73930718066654,-73.98940086364746,2012-05-04 10:23:37,2012-04-30,train,922_3
922,948,141,Bagel Shop,40.75618990388012,-73.97056293322844,2012-05-05 12:29:30,2012-04-30,train,922_3
922,407,42,Food & Drink Shop,40.73485228613973,-73.99108529090881,2012-05-05 13:43:09,2012-04-30,train,922_3
923,356,259,Hotel,40.75662911558263,-73.97388608496698,2012-05-03 06:48:26,2012-04-30,train,923_4
923,356,259,Hotel,40.75662911558263,-73.97388608496698,2012-05-04 06:23:27,2012-04-30,train,923_4
923,2126,47,Bar,40.75533,-73.968463,2012-05-04 20:27:55,2012-04-30,train,923_4
923,4623,6,Home (private),40.78549052086682,-73.95361626406626,2012-05-05 02:01:44,2012-04-30,train,923_4
923,4061,47,Bar,40.78133756458156,-73.94936573145294,2012-05-06 19:58:19,2012-04-30,train,923_4
925,3470,259,Hotel,40.71982701192806,-74.00000095367432,2012-05-04 06:43:42,2012-04-30,train,925_4
925,3470,259,Hotel,40.71982701192806,-74.00000095367432,2012-05-05 07:34:16,2012-04-30,train,925_4
926,420,194,Mexican Restaurant,40.73808374026024,-73.99064004421234,2012-05-01 19:42:24,2012-04-30,train,926_2
926,444,85,Theater,40.76331287656422,-73.97056293322844,2012-05-04 20:24:33,2012-04-30,train,926_2
926,444,85,Theater,40.76331287656422,-73.97056293322844,2012-05-05 13:11:20,2012-04-30,train,926_2
926,444,85,Theater,40.76331287656422,-73.97056293322844,2012-05-06 12:52:28,2012-04-30,train,926_2
928,1303,70,Train Station,40.73929092246981,-74.15574073791504,2012-05-01 17:54:42,2012-04-30,train,928_4
928,3927,6,Home (private),40.80713951975112,-74.17684116064805,2012-05-02 03:59:20,2012-04-30,train,928_4
928,1466,138,Gym / Fitness Center,40.801683417762185,-74.17055454106838,2012-05-03 20:16:11,2012-04-30,train,928_4
928,3927,6,Home (private),40.80713951975112,-74.17684116064805,2012-05-04 00:07:41,2012-04-30,train,928_4
928,2594,98,Donut Shop,40.802794,-74.169468,2012-05-04 07:49:29,2012-04-30,train,928_4
928,1303,70,Train Station,40.73929092246981,-74.15574073791504,2012-05-04 08:21:29,2012-04-30,train,928_4
928,1419,70,Train Station,40.732267009830224,-74.06304359436035,2012-05-04 08:30:56,2012-04-30,train,928_4
928,1557,61,Office,40.74212106363262,-74.0050600740452,2012-05-04 09:14:31,2012-04-30,train,928_4
928,1419,70,Train Station,40.732267009830224,-74.06304359436035,2012-05-04 17:57:45,2012-04-30,train,928_4
928,1630,97,Diner,40.80381274223328,-74.19446,2012-05-05 03:12:04,2012-04-30,train,928_4
930,664,27,Italian Restaurant,40.769771,-73.927716,2012-05-01 20:08:52,2012-04-30,train,930_2
930,28,98,Donut Shop,40.71634664858483,-73.9885425567627,2012-05-04 08:05:08,2012-04-30,train,930_2
931,2102,183,University,40.70181618149312,-73.79611827391251,2012-05-01 13:02:49,2012-04-30,train,931_4
931,3125,91,High School,40.71164182939656,-73.94016405590256,2012-05-01 15:13:14,2012-04-30,train,931_4
931,4637,281,Residential Building (Apartment / Condo),40.661205798151336,-73.88063192367554,2012-05-01 20:39:24,2012-04-30,train,931_4
931,2102,183,University,40.70181618149312,-73.79611827391251,2012-05-03 12:57:13,2012-04-30,train,931_4
931,3125,91,High School,40.71164182939656,-73.94016405590256,2012-05-03 14:10:18,2012-04-30,train,931_4
931,996,264,Subway,40.67837610578439,-73.90339851379395,2012-05-04 08:06:29,2012-04-30,train,931_4
931,3031,132,Fast Food Restaurant,40.70344664573301,-73.80027734538457,2012-05-04 08:36:03,2012-04-30,train,931_4
931,2102,183,University,40.70181618149312,-73.79611827391251,2012-05-04 09:05:23,2012-04-30,train,931_4
931,996,264,Subway,40.67837610578439,-73.90339851379395,2012-05-04 12:54:12,2012-04-30,train,931_4
931,3125,91,High School,40.71164182939656,-73.94016405590256,2012-05-04 13:18:15,2012-04-30,train,931_4
931,4637,281,Residential Building (Apartment / Condo),40.661205798151336,-73.88063192367554,2012-05-05 03:32:37,2012-04-30,train,931_4
931,996,264,Subway,40.67837610578439,-73.90339851379395,2012-05-05 09:31:15,2012-04-30,train,931_4
931,3125,91,High School,40.71164182939656,-73.94016405590256,2012-05-05 09:52:18,2012-04-30,train,931_4
931,4637,281,Residential Building (Apartment / Condo),40.661205798151336,-73.88063192367554,2012-05-06 21:13:45,2012-04-30,train,931_4
932,2571,264,Subway,40.61262896356314,-74.00092899799347,2012-05-01 16:07:48,2012-04-30,train,932_3
932,750,183,University,40.71110949732056,-74.00504350662231,2012-05-01 17:09:26,2012-04-30,train,932_3
932,2659,194,Mexican Restaurant,40.70962611336823,-74.00639139810971,2012-05-03 12:34:04,2012-04-30,train,932_3
932,750,183,University,40.71110949732056,-74.00504350662231,2012-05-04 11:03:15,2012-04-30,train,932_3
932,2571,264,Subway,40.61262896356314,-74.00092899799347,2012-05-05 05:37:54,2012-04-30,train,932_3
932,1230,222,Coffee Shop,40.76036636356072,-73.91790716809729,2012-05-05 06:42:23,2012-04-30,train,932_3
935,1922,158,Comedy Club,40.757995572948985,-73.98953110205146,2012-05-03 10:07:08,2012-04-30,train,935_4
935,569,97,Diner,40.768445831173246,-73.98528423145568,2012-05-04 00:38:35,2012-04-30,train,935_4
935,1922,158,Comedy Club,40.757995572948985,-73.98953110205146,2012-05-04 13:12:44,2012-04-30,train,935_4
935,4130,37,Bar,40.75599818752485,-73.99114966392517,2012-05-04 23:18:32,2012-04-30,train,935_4
935,1922,158,Comedy Club,40.757995572948985,-73.98953110205146,2012-05-05 10:41:37,2012-04-30,train,935_4
935,414,214,Bar,40.7616909474116,-73.99105310440063,2012-05-06 23:22:08,2012-04-30,train,935_4
936,405,241,Airport,40.645089355976346,-73.7845230102539,2012-05-05 06:36:52,2012-04-30,train,936_2
936,1603,150,Stadium,40.75044987008408,-73.99221103886612,2012-05-06 15:13:58,2012-04-30,train,936_2
938,4889,281,Residential Building (Apartment / Condo),40.75362869275143,-74.1765401645671,2012-05-03 23:34:22,2012-04-30,train,938_4
938,2755,32,Hardware Store,40.73166539024325,-74.19816255569458,2012-05-04 13:28:35,2012-04-30,train,938_4
938,4889,281,Residential Building (Apartment / Condo),40.75362869275143,-74.1765401645671,2012-05-04 22:44:15,2012-04-30,train,938_4
938,4889,281,Residential Building (Apartment / Condo),40.75362869275143,-74.1765401645671,2012-05-05 08:47:47,2012-04-30,train,938_4
939,3069,6,Home (private),40.76741095844762,-73.96537147003376,2012-05-02 02:33:56,2012-04-30,train,939_4
939,2869,301,Neighborhood,40.77352187640244,-73.95678520202637,2012-05-02 02:34:11,2012-04-30,train,939_4
939,1382,130,Burger Joint,40.76680493060014,-73.96270537405759,2012-05-02 06:10:09,2012-04-30,train,939_4
939,1382,130,Burger Joint,40.76680493060014,-73.96270537405759,2012-05-03 05:30:13,2012-04-30,train,939_4
939,3069,6,Home (private),40.76741095844762,-73.96537147003376,2012-05-04 04:37:31,2012-04-30,train,939_4
939,3069,6,Home (private),40.76741095844762,-73.96537147003376,2012-05-05 16:32:34,2012-04-30,train,939_4
939,3378,194,Mexican Restaurant,40.76679183558998,-73.96280868955054,2012-05-05 18:01:48,2012-04-30,train,939_4
939,3069,6,Home (private),40.76741095844762,-73.96537147003376,2012-05-06 19:03:37,2012-04-30,train,939_4
940,660,122,Plaza,40.76803326982161,-73.98186922073364,2012-05-01 23:28:12,2012-04-30,train,940_2
940,325,37,Bar,40.802321434021,-73.967963,2012-05-02 01:12:47,2012-04-30,train,940_2
940,2800,96,Deli / Bodega,40.80276513058523,-73.96798610687256,2012-05-02 01:15:27,2012-04-30,train,940_2
940,325,37,Bar,40.802321434021,-73.967963,2012-05-04 21:12:37,2012-04-30,train,940_2
940,325,37,Bar,40.802321434021,-73.967963,2012-05-05 17:57:03,2012-04-30,train,940_2
940,325,37,Bar,40.802321434021,-73.967963,2012-05-05 19:38:47,2012-04-30,train,940_2
940,2580,301,Neighborhood,40.74093223261556,-74.00535273659517,2012-05-06 14:48:56,2012-04-30,train,940_2
941,1,48,Bar,40.75636365544851,-73.96763575725062,2012-05-04 00:06:27,2012-04-30,train,941_3
941,2229,209,Sushi Restaurant,40.61178463885875,-74.1586801900948,2012-05-04 18:13:15,2012-04-30,train,941_3
941,2229,209,Sushi Restaurant,40.61178463885875,-74.1586801900948,2012-05-05 18:00:53,2012-04-30,train,941_3
941,2229,209,Sushi Restaurant,40.61178463885875,-74.1586801900948,2012-05-06 12:55:51,2012-04-30,train,941_3
945,4548,8,Medical Center,40.63873748258521,-73.99900587582565,2012-05-01 15:09:00,2012-04-30,train,945_4
945,4686,6,Home (private),40.612495623372205,-73.98887973002674,2012-05-01 23:32:59,2012-04-30,train,945_4
945,4617,6,Home (private),40.612495623372205,-73.98887973002674,2012-05-03 14:02:46,2012-04-30,train,945_4
945,4686,6,Home (private),40.612495623372205,-73.98887973002674,2012-05-03 23:39:16,2012-04-30,train,945_4
945,1398,257,Road,40.7105727473657,-73.95584106445312,2012-05-04 12:50:31,2012-04-30,train,945_4
945,1398,257,Road,40.7105727473657,-73.95584106445312,2012-05-04 14:52:13,2012-04-30,train,945_4
945,4617,6,Home (private),40.612495623372205,-73.98887973002674,2012-05-05 14:51:21,2012-04-30,train,945_4
945,4617,6,Home (private),40.612495623372205,-73.98887973002674,2012-05-06 18:31:10,2012-04-30,train,945_4
946,1125,137,Gym / Fitness Center,40.76078404947997,-73.96459948263352,2012-05-04 09:16:45,2012-04-30,train,946_3
946,1567,212,Hotel,40.745884,-73.988116,2012-05-04 13:32:34,2012-04-30,train,946_3
946,820,254,Department Store,40.71056828033833,-74.01106817427426,2012-05-04 14:00:11,2012-04-30,train,946_3
946,109,50,Bar,40.752548117544286,-73.97774293524516,2012-05-04 15:52:50,2012-04-30,train,946_3
946,204,37,Bar,40.719119,-73.958428,2012-05-05 12:16:18,2012-04-30,train,946_3
947,3931,76,Ferry,40.74260751232707,-73.96644115447998,2012-05-02 07:22:16,2012-04-30,train,947_4
947,2671,90,School,40.74477609254885,-73.98365432644734,2012-05-03 12:20:38,2012-04-30,train,947_4
947,2671,90,School,40.74477609254885,-73.98365432644734,2012-05-04 09:59:43,2012-04-30,train,947_4
947,955,121,Park,40.76825672305774,-73.981032371521,2012-05-04 16:50:54,2012-04-30,train,947_4
947,3840,37,Bar,40.757078,-73.9671573,2012-05-04 22:27:28,2012-04-30,train,947_4
947,314,37,Bar,40.743412,-73.9775,2012-05-04 23:07:51,2012-04-30,train,947_4
947,4901,194,Mexican Restaurant,40.759220487652186,-73.98880004882812,2012-05-05 17:20:22,2012-04-30,train,947_4
949,2017,132,Fast Food Restaurant,40.777740928194255,-73.95470399506407,2012-05-01 14:49:53,2012-04-30,train,949_4
949,882,203,Food Truck,40.761869727120846,-73.97948741912842,2012-05-01 15:35:13,2012-04-30,train,949_4
949,1058,146,Movie Theater,40.76325905651765,-73.97982055170644,2012-05-01 15:37:20,2012-04-30,train,949_4
949,1058,146,Movie Theater,40.76325905651765,-73.97982055170644,2012-05-01 15:37:44,2012-04-30,train,949_4
949,4796,146,Movie Theater,40.7628041519645,-73.98008455661042,2012-05-01 17:20:44,2012-04-30,train,949_4
949,660,122,Plaza,40.76803326982161,-73.98186922073364,2012-05-02 00:53:15,2012-04-30,train,949_4
949,1989,264,Subway,40.775000594425805,-73.91200304031372,2012-05-02 01:35:46,2012-04-30,train,949_4
949,3849,281,Residential Building (Apartment / Condo),40.78914409198746,-73.94554275531853,2012-05-02 01:37:46,2012-04-30,train,949_4
949,4236,90,School,40.79112636189312,-73.94457264875565,2012-05-03 07:56:05,2012-04-30,train,949_4
949,2163,42,Food & Drink Shop,40.790569878352166,-73.9451064949808,2012-05-03 07:57:57,2012-04-30,train,949_4
949,2061,264,Subway,40.7625685886431,-73.96796464920044,2012-05-03 09:53:39,2012-04-30,train,949_4
949,1058,146,Movie Theater,40.76325905651765,-73.97982055170644,2012-05-03 12:39:08,2012-04-30,train,949_4
949,1058,146,Movie Theater,40.76325905651765,-73.97982055170644,2012-05-03 12:39:29,2012-04-30,train,949_4
949,4796,146,Movie Theater,40.7628041519645,-73.98008455661042,2012-05-03 12:39:47,2012-04-30,train,949_4
949,1058,146,Movie Theater,40.76325905651765,-73.97982055170644,2012-05-03 15:26:22,2012-04-30,train,949_4
949,2371,132,Fast Food Restaurant,40.78986319381769,-73.94593309268163,2012-05-03 22:14:39,2012-04-30,train,949_4
949,3849,281,Residential Building (Apartment / Condo),40.78914409198746,-73.94554275531853,2012-05-04 01:48:59,2012-04-30,train,949_4
949,4014,6,Home (private),40.7953635077476,-73.95361626406626,2012-05-04 01:49:27,2012-04-30,train,949_4
949,1702,42,Food & Drink Shop,40.78748825784393,-73.94453820701312,2012-05-04 08:08:50,2012-04-30,train,949_4
949,4236,90,School,40.79112636189312,-73.94457264875565,2012-05-04 08:21:34,2012-04-30,train,949_4
949,3849,281,Residential Building (Apartment / Condo),40.78914409198746,-73.94554275531853,2012-05-04 08:27:57,2012-04-30,train,949_4
949,2371,132,Fast Food Restaurant,40.78986319381769,-73.94593309268163,2012-05-04 09:41:08,2012-04-30,train,949_4
949,3849,281,Residential Building (Apartment / Condo),40.78914409198746,-73.94554275531853,2012-05-04 14:25:07,2012-04-30,train,949_4
949,3430,299,Housing Development,40.78754970180571,-73.94378622744026,2012-05-04 18:54:37,2012-04-30,train,949_4
949,1702,42,Food & Drink Shop,40.78748825784393,-73.94453820701312,2012-05-04 19:29:45,2012-04-30,train,949_4
949,2163,42,Food & Drink Shop,40.790569878352166,-73.9451064949808,2012-05-04 19:38:11,2012-04-30,train,949_4
949,3849,281,Residential Building (Apartment / Condo),40.78914409198746,-73.94554275531853,2012-05-05 01:44:11,2012-04-30,train,949_4
949,3430,299,Housing Development,40.78754970180571,-73.94378622744026,2012-05-05 01:57:56,2012-04-30,train,949_4
949,3849,281,Residential Building (Apartment / Condo),40.78914409198746,-73.94554275531853,2012-05-05 03:51:14,2012-04-30,train,949_4
949,4014,6,Home (private),40.7953635077476,-73.95361626406626,2012-05-05 04:21:30,2012-04-30,train,949_4
949,2371,132,Fast Food Restaurant,40.78986319381769,-73.94593309268163,2012-05-05 12:57:06,2012-04-30,train,949_4
949,4901,194,Mexican Restaurant,40.759220487652186,-73.98880004882812,2012-05-05 16:48:25,2012-04-30,train,949_4
949,1702,42,Food & Drink Shop,40.78748825784393,-73.94453820701312,2012-05-06 13:29:34,2012-04-30,train,949_4
949,3849,281,Residential Building (Apartment / Condo),40.78914409198746,-73.94554275531853,2012-05-06 13:43:42,2012-04-30,train,949_4
949,3430,299,Housing Development,40.78754970180571,-73.94378622744026,2012-05-06 18:36:13,2012-04-30,train,949_4
949,3849,281,Residential Building (Apartment / Condo),40.78914409198746,-73.94554275531853,2012-05-06 21:08:12,2012-04-30,train,949_4
950,2159,138,Gym / Fitness Center,40.84981921208277,-73.93463595197066,2012-05-01 22:14:50,2012-04-30,train,950_4
950,90,37,Bar,40.798840875789125,-73.96306123830033,2012-05-02 01:36:33,2012-04-30,train,950_4
950,3086,6,Home (private),40.833165200622425,-73.94186034276925,2012-05-02 07:07:20,2012-04-30,train,950_4
950,3148,96,Deli / Bodega,40.834315,-73.944861,2012-05-03 04:51:56,2012-04-30,train,950_4
950,3140,19,Bank,40.83443804180469,-73.9446931948062,2012-05-03 11:32:28,2012-04-30,train,950_4
950,4069,43,Bar,40.769619,-73.910056,2012-05-04 23:22:30,2012-04-30,train,950_4
950,4069,43,Bar,40.769619,-73.910056,2012-05-05 00:45:40,2012-04-30,train,950_4
950,3148,96,Deli / Bodega,40.834315,-73.944861,2012-05-05 05:55:39,2012-04-30,train,950_4
950,3086,6,Home (private),40.833165200622425,-73.94186034276925,2012-05-05 06:20:06,2012-04-30,train,950_4
950,90,37,Bar,40.798840875789125,-73.96306123830033,2012-05-05 13:59:40,2012-04-30,train,950_4
950,3148,96,Deli / Bodega,40.834315,-73.944861,2012-05-05 15:48:00,2012-04-30,train,950_4
950,3086,6,Home (private),40.833165200622425,-73.94186034276925,2012-05-05 17:13:06,2012-04-30,train,950_4
950,3086,6,Home (private),40.833165200622425,-73.94186034276925,2012-05-06 19:47:17,2012-04-30,train,950_4
952,1367,264,Subway,40.712183695842434,-73.96777924730584,2012-05-03 17:00:28,2012-04-30,train,952_3
952,309,159,Art Museum,40.77361447158453,-73.9641058682518,2012-05-04 16:27:26,2012-04-30,train,952_3
952,4498,6,Home (private),40.69807076063548,-73.89482953406639,2012-05-06 23:13:25,2012-04-30,train,952_3
953,284,260,Food & Drink Shop,40.7420803919755,-74.00510598192578,2012-05-01 14:03:48,2012-04-30,train,953_4
953,4698,222,Coffee Shop,40.74247745309511,-74.00684595108032,2012-05-03 12:57:08,2012-04-30,train,953_4
953,4698,222,Coffee Shop,40.74247745309511,-74.00684595108032,2012-05-04 09:15:18,2012-04-30,train,953_4
953,2296,63,Office,40.74103117869552,-74.00246052234009,2012-05-04 11:47:54,2012-04-30,train,953_4
953,577,202,Pizza Place,40.70507898542075,-73.93364403923762,2012-05-05 14:51:39,2012-04-30,train,953_4
953,442,274,Fried Chicken Joint,40.71126904840372,-73.96146558382536,2012-05-06 14:24:21,2012-04-30,train,953_4
954,3359,170,College Academic Building,40.70006671575404,-73.98798157907179,2012-05-01 13:33:31,2012-04-30,train,954_4
954,2753,264,Subway,40.816188,-73.917947,2012-05-01 16:39:36,2012-04-30,train,954_4
954,1274,61,Office,40.70972827284494,-74.01076978215657,2012-05-03 06:42:47,2012-04-30,train,954_4
954,1241,222,Coffee Shop,40.70964742200671,-74.01051729615469,2012-05-03 06:43:01,2012-04-30,train,954_4
954,2994,19,Bank,40.71105032264781,-74.00916878572497,2012-05-03 06:43:48,2012-04-30,train,954_4
954,1522,264,Subway,40.71037756449118,-74.00755405426025,2012-05-03 06:46:48,2012-04-30,train,954_4
954,2753,264,Subway,40.816188,-73.917947,2012-05-03 07:27:39,2012-04-30,train,954_4
954,3274,6,Home (private),40.81827071326029,-73.90658830179062,2012-05-03 07:28:15,2012-04-30,train,954_4
954,1274,61,Office,40.70972827284494,-74.01076978215657,2012-05-04 07:04:36,2012-04-30,train,954_4
954,1241,222,Coffee Shop,40.70964742200671,-74.01051729615469,2012-05-04 07:04:55,2012-04-30,train,954_4
954,2753,264,Subway,40.816188,-73.917947,2012-05-04 08:31:33,2012-04-30,train,954_4
954,1241,222,Coffee Shop,40.70964742200671,-74.01051729615469,2012-05-04 23:43:55,2012-04-30,train,954_4
954,1274,61,Office,40.70972827284494,-74.01076978215657,2012-05-04 23:44:08,2012-04-30,train,954_4
954,1274,61,Office,40.70972827284494,-74.01076978215657,2012-05-05 04:01:35,2012-04-30,train,954_4
954,1241,222,Coffee Shop,40.70964742200671,-74.01051729615469,2012-05-05 04:01:50,2012-04-30,train,954_4
954,1522,264,Subway,40.71037756449118,-74.00755405426025,2012-05-05 04:23:11,2012-04-30,train,954_4
954,2753,264,Subway,40.816188,-73.917947,2012-05-05 05:01:22,2012-04-30,train,954_4
954,2272,264,Subway,40.7076499004761,-74.01398787772996,2012-05-06 23:22:09,2012-04-30,train,954_4
954,1274,61,Office,40.70972827284494,-74.01076978215657,2012-05-06 23:23:23,2012-04-30,train,954_4
957,669,137,Gym / Fitness Center,40.73757,-74.0017,2012-05-01 13:05:44,2012-04-30,train,957_4
957,1235,137,Gym / Fitness Center,40.738949,-73.989828,2012-05-03 14:31:12,2012-04-30,train,957_4
957,232,121,Park,40.73083612189599,-73.99764060974121,2012-05-06 17:23:29,2012-04-30,train,957_4
958,3775,120,Other Great Outdoors,40.897266333359255,-74.0049797352277,2012-05-03 11:06:31,2012-04-30,train,958_4
958,4830,73,Bus Station,40.9020261856204,-74.0085375648089,2012-05-03 11:16:59,2012-04-30,train,958_4
958,3076,183,University,40.896905775860006,-74.03017044067383,2012-05-03 11:36:40,2012-04-30,train,958_4
958,3606,186,College Academic Building,40.89827481252284,-74.02881019040701,2012-05-03 13:10:24,2012-04-30,train,958_4
958,3528,301,Neighborhood,40.88595663003309,-74.0434956550598,2012-05-03 15:59:36,2012-04-30,train,958_4
958,3225,184,College Academic Building,40.89748967940884,-74.03334617614746,2012-05-03 15:59:57,2012-04-30,train,958_4
958,3775,120,Other Great Outdoors,40.897266333359255,-74.0049797352277,2012-05-03 19:28:18,2012-04-30,train,958_4
958,3217,167,College Academic Building,40.89839491047176,-74.02952167280056,2012-05-03 19:29:26,2012-04-30,train,958_4
958,3198,301,Neighborhood,40.92564269204914,-73.99709489010715,2012-05-03 19:50:57,2012-04-30,train,958_4
958,3198,301,Neighborhood,40.92564269204914,-73.99709489010715,2012-05-04 19:40:37,2012-04-30,train,958_4
958,4901,194,Mexican Restaurant,40.759220487652186,-73.98880004882812,2012-05-05 18:55:04,2012-04-30,train,958_4
959,4104,96,Deli / Bodega,40.79437893161566,-73.94883189698274,2012-05-03 10:18:04,2012-04-30,train,959_0
959,1629,101,Wings Joint,40.91156668243868,-73.78010272979736,2012-05-04 20:23:56,2012-04-30,train,959_0
960,4678,63,Office,40.74037377756915,-73.98467588824637,2012-05-04 12:39:11,2012-04-30,train,960_4
960,3501,194,Mexican Restaurant,40.724118658113454,-73.95111646856455,2012-05-04 22:45:09,2012-04-30,train,960_4
961,4423,6,Home (private),40.84637533928019,-73.96537147003376,2012-05-01 16:43:35,2012-04-30,train,961_4
961,2440,64,Government Building,40.88302032878746,-74.0758752822876,2012-05-02 07:46:43,2012-04-30,train,961_4
961,2440,64,Government Building,40.88302032878746,-74.0758752822876,2012-05-03 08:32:50,2012-04-30,train,961_4
961,4423,6,Home (private),40.84637533928019,-73.96537147003376,2012-05-03 20:40:46,2012-04-30,train,961_4
961,4423,6,Home (private),40.84637533928019,-73.96537147003376,2012-05-04 07:42:13,2012-04-30,train,961_4
961,4510,120,Other Great Outdoors,40.75404836175849,-73.98442336785773,2012-05-04 07:53:34,2012-04-30,train,961_4
961,2440,64,Government Building,40.88302032878746,-74.0758752822876,2012-05-04 08:29:11,2012-04-30,train,961_4
961,2440,64,Government Building,40.88302032878746,-74.0758752822876,2012-05-04 13:23:18,2012-04-30,train,961_4
961,2769,52,Bar,40.88827738472728,-74.02044433530425,2012-05-04 21:22:22,2012-04-30,train,961_4
961,2440,64,Government Building,40.88302032878746,-74.0758752822876,2012-05-05 08:14:26,2012-04-30,train,961_4
961,2440,64,Government Building,40.88302032878746,-74.0758752822876,2012-05-05 17:00:20,2012-04-30,train,961_4
961,4281,6,Home (private),40.84637533928019,-73.96537147003376,2012-05-06 21:01:26,2012-04-30,train,961_4
961,4423,6,Home (private),40.84637533928019,-73.96537147003376,2012-05-06 21:01:40,2012-04-30,train,961_4
962,3273,61,Office,40.88605566,-74.14766834,2012-05-03 10:04:35,2012-04-30,train,962_3
962,987,257,Road,40.76117085825042,-74.01128768920898,2012-05-04 04:51:42,2012-04-30,train,962_3
962,1603,150,Stadium,40.75044987008408,-73.99221103886612,2012-05-04 04:59:38,2012-04-30,train,962_3
963,640,137,Gym / Fitness Center,40.72424,-73.997779,2012-05-05 11:44:19,2012-04-30,train,963_3
963,4436,259,Hotel,40.72783447937824,-73.9908969674878,2012-05-06 17:22:23,2012-04-30,train,963_3
964,405,241,Airport,40.645089355976346,-73.7845230102539,2012-05-05 18:59:44,2012-04-30,train,964_3
964,2531,240,Airport,40.661040972936384,-73.82962304466874,2012-05-05 19:18:04,2012-04-30,train,964_3
965,2635,98,Donut Shop,40.91802034314512,-73.76782894134521,2012-05-01 15:01:11,2012-04-30,train,965_4
965,3602,120,Other Great Outdoors,40.91192343390238,-73.78237724304199,2012-05-01 22:47:59,2012-04-30,train,965_4
965,3092,236,Playground,40.91794245290252,-73.77327630095714,2012-05-01 22:48:18,2012-04-30,train,965_4
965,4454,121,Park,40.91788113806607,-73.77322459332524,2012-05-01 22:48:27,2012-04-30,train,965_4
965,3736,96,Deli / Bodega,40.914614,-73.772586,2012-05-02 07:15:59,2012-04-30,train,965_4
965,2635,98,Donut Shop,40.91802034314512,-73.76782894134521,2012-05-02 07:23:44,2012-04-30,train,965_4
965,2635,98,Donut Shop,40.91802034314512,-73.76782894134521,2012-05-03 07:17:50,2012-04-30,train,965_4
965,3602,120,Other Great Outdoors,40.91192343390238,-73.78237724304199,2012-05-03 23:12:25,2012-04-30,train,965_4
965,3092,236,Playground,40.91794245290252,-73.77327630095714,2012-05-03 23:12:46,2012-04-30,train,965_4
965,4454,121,Park,40.91788113806607,-73.77322459332524,2012-05-03 23:12:56,2012-04-30,train,965_4
965,4554,6,Home (private),40.91799602414335,-73.77720316925277,2012-05-03 23:13:06,2012-04-30,train,965_4
965,2635,98,Donut Shop,40.91802034314512,-73.76782894134521,2012-05-04 07:10:05,2012-04-30,train,965_4
965,3602,120,Other Great Outdoors,40.91192343390238,-73.78237724304199,2012-05-04 23:22:43,2012-04-30,train,965_4
965,3092,236,Playground,40.91794245290252,-73.77327630095714,2012-05-04 23:22:54,2012-04-30,train,965_4
965,4454,121,Park,40.91788113806607,-73.77322459332524,2012-05-04 23:23:03,2012-04-30,train,965_4
965,4554,6,Home (private),40.91799602414335,-73.77720316925277,2012-05-04 23:23:16,2012-04-30,train,965_4
965,3736,96,Deli / Bodega,40.914614,-73.772586,2012-05-05 16:21:26,2012-04-30,train,965_4
965,2635,98,Donut Shop,40.91802034314512,-73.76782894134521,2012-05-05 16:25:32,2012-04-30,train,965_4
965,3602,120,Other Great Outdoors,40.91192343390238,-73.78237724304199,2012-05-05 18:20:21,2012-04-30,train,965_4
965,3092,236,Playground,40.91794245290252,-73.77327630095714,2012-05-05 18:20:32,2012-04-30,train,965_4
965,4454,121,Park,40.91788113806607,-73.77322459332524,2012-05-05 18:20:53,2012-04-30,train,965_4
965,3602,120,Other Great Outdoors,40.91192343390238,-73.78237724304199,2012-05-06 20:18:14,2012-04-30,train,965_4
965,3092,236,Playground,40.91794245290252,-73.77327630095714,2012-05-06 20:21:48,2012-04-30,train,965_4
965,4454,121,Park,40.91788113806607,-73.77322459332524,2012-05-06 20:22:02,2012-04-30,train,965_4
970,822,20,Falafel Restaurant,40.72909625079526,-73.98886442184448,2012-05-01 19:49:57,2012-04-30,train,970_4
970,4054,201,Ice Cream Shop,40.72634864558351,-73.98415714502335,2012-05-03 19:50:40,2012-04-30,train,970_4
970,1192,61,Office,40.74622927002695,-73.982381,2012-05-04 10:13:53,2012-04-30,train,970_4
970,1479,203,Food Truck,40.74265628447347,-73.98901462554932,2012-05-04 12:35:20,2012-04-30,train,970_4
970,4901,194,Mexican Restaurant,40.759220487652186,-73.98880004882812,2012-05-05 13:16:48,2012-04-30,train,970_4
970,183,223,Harbor / Marina,40.70566047104496,-74.00287628173828,2012-05-05 14:03:11,2012-04-30,train,970_4
970,3829,27,Italian Restaurant,40.71811007138396,-73.9575452687688,2012-05-06 14:36:14,2012-04-30,train,970_4
970,3730,255,Flea Market,40.72059136642329,-73.96331906318665,2012-05-06 14:36:59,2012-04-30,train,970_4
971,3861,61,Office,40.75615113,-73.978965,2012-05-01 16:47:47,2012-04-30,train,971_4
971,4238,222,Coffee Shop,40.75557768724385,-73.97818048527262,2012-05-03 09:40:26,2012-04-30,train,971_4
971,3861,61,Office,40.75615113,-73.978965,2012-05-03 16:55:03,2012-04-30,train,971_4
971,2168,138,Gym / Fitness Center,40.755312350357976,-73.98122092140568,2012-05-03 18:02:20,2012-04-30,train,971_4
971,4238,222,Coffee Shop,40.75557768724385,-73.97818048527262,2012-05-04 09:40:18,2012-04-30,train,971_4
971,1681,222,Coffee Shop,40.755404,-73.979639,2012-05-04 16:12:26,2012-04-30,train,971_4
971,662,37,Bar,40.73466222781335,-73.98840052540763,2012-05-04 21:06:38,2012-04-30,train,971_4
971,215,50,Bar,40.739977397073,-73.99332451104736,2012-05-04 22:07:31,2012-04-30,train,971_4
971,1940,138,Gym / Fitness Center,40.74009248567552,-73.98607048350347,2012-05-05 09:20:28,2012-04-30,train,971_4
971,4030,28,Salon / Barbershop,40.73977169748964,-73.98540475205147,2012-05-05 11:20:11,2012-04-30,train,971_4
971,1497,222,Coffee Shop,40.7388714434338,-73.98297136918099,2012-05-05 13:35:59,2012-04-30,train,971_4
972,247,55,Bar,40.780482,-73.952901,2012-05-01 19:41:06,2012-04-30,train,972_2
972,1081,289,Airport,40.769061148486365,-73.86216759681702,2012-05-03 14:23:30,2012-04-30,train,972_2
972,1475,241,Airport,40.773839,-73.87122,2012-05-06 15:35:44,2012-04-30,train,972_2
973,647,239,Airport,40.64557779020594,-73.77643346786499,2012-05-01 13:06:03,2012-04-30,train,973_3
973,647,239,Airport,40.64557779020594,-73.77643346786499,2012-05-01 16:59:06,2012-04-30,train,973_3
973,1297,239,Airport,40.640888674046494,-73.78684043884277,2012-05-01 17:55:08,2012-04-30,train,973_3
973,647,239,Airport,40.64557779020594,-73.77643346786499,2012-05-03 07:16:04,2012-04-30,train,973_3
973,4396,6,Home (private),40.7320206818302,-73.7183639073073,2012-05-06 22:44:16,2012-04-30,train,973_3
974,1943,137,Gym / Fitness Center,40.86284175229376,-74.05562090890453,2012-05-01 15:18:41,2012-04-30,train,974_4
974,4291,138,Gym / Fitness Center,40.94709963333333,-74.072561,2012-05-01 17:55:16,2012-04-30,train,974_4
974,4291,138,Gym / Fitness Center,40.94709963333333,-74.072561,2012-05-02 05:43:35,2012-04-30,train,974_4
974,4291,138,Gym / Fitness Center,40.94709963333333,-74.072561,2012-05-03 05:27:54,2012-04-30,train,974_4
974,2129,138,Gym / Fitness Center,40.74924019592564,-74.03639316558838,2012-05-03 19:45:42,2012-04-30,train,974_4
974,2129,138,Gym / Fitness Center,40.74924019592564,-74.03639316558838,2012-05-05 09:23:28,2012-04-30,train,974_4
974,1943,137,Gym / Fitness Center,40.86284175229376,-74.05562090890453,2012-05-05 15:57:57,2012-04-30,train,974_4
974,1943,137,Gym / Fitness Center,40.86284175229376,-74.05562090890453,2012-05-06 17:10:29,2012-04-30,train,974_4
974,4291,138,Gym / Fitness Center,40.94709963333333,-74.072561,2012-05-06 18:10:42,2012-04-30,train,974_4
975,1130,61,Office,40.75628266864383,-73.9934220712574,2012-05-01 17:34:34,2012-04-30,train,975_3
975,631,61,Office,40.75615654510666,-73.99319251774303,2012-05-03 10:23:29,2012-04-30,train,975_3
976,2813,54,Food & Drink Shop,40.7645026089675,-73.9740800857544,2012-05-03 08:37:12,2012-04-30,train,976_3
976,4840,134,Event Space,40.643109,-73.983272,2012-05-04 00:28:24,2012-04-30,train,976_3
976,4840,134,Event Space,40.643109,-73.983272,2012-05-04 10:09:41,2012-04-30,train,976_3
976,2867,264,Subway,40.64510634045402,-73.97915479859958,2012-05-04 10:26:34,2012-04-30,train,976_3
976,2813,54,Food & Drink Shop,40.7645026089675,-73.9740800857544,2012-05-04 13:44:09,2012-04-30,train,976_3
976,660,122,Plaza,40.76803326982161,-73.98186922073364,2012-05-04 16:04:34,2012-04-30,train,976_3
976,2867,264,Subway,40.64510634045402,-73.97915479859958,2012-05-05 00:05:56,2012-04-30,train,976_3
976,4840,134,Event Space,40.643109,-73.983272,2012-05-05 00:07:44,2012-04-30,train,976_3
976,2867,264,Subway,40.64510634045402,-73.97915479859958,2012-05-05 10:52:01,2012-04-30,train,976_3
976,4840,134,Event Space,40.643109,-73.983272,2012-05-06 21:26:31,2012-04-30,train,976_3
976,2867,264,Subway,40.64510634045402,-73.97915479859958,2012-05-06 21:30:55,2012-04-30,train,976_3
976,36,311,Brewery,40.736949700653255,-73.99083852767944,2012-05-06 22:20:41,2012-04-30,train,976_3
976,435,224,Arcade,40.756717428206045,-73.98858547210693,2012-05-06 23:31:46,2012-04-30,train,976_3
977,35,41,Bar,40.72488010976164,-73.99468461067411,2012-05-03 18:58:16,2012-04-30,train,977_3
977,572,232,Music Venue,40.73977866664367,-73.98508787155151,2012-05-03 21:31:45,2012-04-30,train,977_3
977,2891,153,Stadium,40.71994085251552,-73.95129203796387,2012-05-06 14:05:19,2012-04-30,train,977_3
978,1237,163,Medical Center,40.64671745617407,-74.02111530303955,2012-05-02 07:00:41,2012-04-30,train,978_4
978,1237,163,Medical Center,40.64671745617407,-74.02111530303955,2012-05-03 09:34:08,2012-04-30,train,978_4
978,4355,202,Pizza Place,40.72602290938797,-73.99227619171143,2012-05-03 20:47:24,2012-04-30,train,978_4
978,406,147,Movie Theater,40.73416736029532,-73.99048715829849,2012-05-04 21:25:15,2012-04-30,train,978_4
978,96,194,Mexican Restaurant,40.74235485559069,-73.98503171186687,2012-05-05 13:49:20,2012-04-30,train,978_4
978,420,194,Mexican Restaurant,40.73808374026024,-73.99064004421234,2012-05-05 13:50:45,2012-04-30,train,978_4
978,4901,194,Mexican Restaurant,40.759220487652186,-73.98880004882812,2012-05-05 13:53:57,2012-04-30,train,978_4
978,4901,194,Mexican Restaurant,40.759220487652186,-73.98880004882812,2012-05-05 13:54:03,2012-04-30,train,978_4
978,301,37,Bar,40.75944749601904,-73.99131016856117,2012-05-05 16:08:01,2012-04-30,train,978_4
978,349,70,Train Station,40.75280620914171,-73.97717535495758,2012-05-05 18:57:50,2012-04-30,train,978_4
979,3446,42,Food & Drink Shop,40.84085839461388,-74.1587547296709,2012-05-01 13:38:37,2012-04-30,train,979_4
979,1906,222,Coffee Shop,40.81436516937082,-74.22000465933647,2012-05-02 06:24:21,2012-04-30,train,979_4
979,1906,222,Coffee Shop,40.81436516937082,-74.22000465933647,2012-05-03 06:31:07,2012-04-30,train,979_4
979,4074,6,Home (private),40.82358935335903,-74.22380201337529,2012-05-03 20:59:53,2012-04-30,train,979_4
979,1906,222,Coffee Shop,40.81436516937082,-74.22000465933647,2012-05-04 06:21:33,2012-04-30,train,979_4
979,4074,6,Home (private),40.82358935335903,-74.22380201337529,2012-05-04 15:35:48,2012-04-30,train,979_4
979,1906,222,Coffee Shop,40.81436516937082,-74.22000465933647,2012-05-05 07:53:22,2012-04-30,train,979_4
979,3446,42,Food & Drink Shop,40.84085839461388,-74.1587547296709,2012-05-06 14:21:10,2012-04-30,train,979_4
980,2029,138,Gym / Fitness Center,40.86453987872689,-73.92629470350731,2012-05-03 09:43:11,2012-04-30,train,980_4
980,2029,138,Gym / Fitness Center,40.86453987872689,-73.92629470350731,2012-05-03 10:29:34,2012-04-30,train,980_4
980,2524,123,Scenic Lookout,40.76157928306316,-73.99062149961112,2012-05-03 10:41:30,2012-04-30,train,980_4
983,1352,121,Park,40.59322988304921,-73.89163970947266,2012-05-02 05:23:53,2012-04-30,train,983_3
983,1352,121,Park,40.59322988304921,-73.89163970947266,2012-05-03 05:51:04,2012-04-30,train,983_3
983,436,241,Airport,40.68968493541091,-74.17938709259033,2012-05-04 07:05:45,2012-04-30,train,983_3
985,2592,37,Bar,40.722262,-73.98332129,2012-05-03 20:25:02,2012-04-30,train,985_4
985,192,121,Park,40.73528249691621,-73.99040315158283,2012-05-05 16:54:39,2012-04-30,train,985_4
985,4433,231,Campground,40.73520973399571,-73.99106339580494,2012-05-05 16:55:34,2012-04-30,train,985_4
985,1029,233,Other Great Outdoors,40.742184818893,-73.98838288,2012-05-06 19:27:39,2012-04-30,train,985_4
986,3120,61,Office,40.75161349552273,-73.987877368927,2012-05-01 12:14:28,2012-04-30,train,986_4
986,741,131,Café,40.75510830612326,-73.98612787403783,2012-05-01 12:14:54,2012-04-30,train,986_4
986,1753,264,Subway,40.67933621045698,-73.93028497695923,2012-05-01 19:12:56,2012-04-30,train,986_4
986,1578,264,Subway,40.68610536956845,-73.99047374725342,2012-05-02 07:56:16,2012-04-30,train,986_4
986,1148,222,Coffee Shop,40.68670555359189,-73.99048950444671,2012-05-02 07:56:33,2012-04-30,train,986_4
986,1148,222,Coffee Shop,40.68670555359189,-73.99048950444671,2012-05-03 07:54:10,2012-04-30,train,986_4
986,1578,264,Subway,40.68610536956845,-73.99047374725342,2012-05-03 07:54:26,2012-04-30,train,986_4
986,3120,61,Office,40.75161349552273,-73.987877368927,2012-05-03 08:26:51,2012-04-30,train,986_4
986,1574,26,Drugstore / Pharmacy,40.75077058041354,-73.98711498854381,2012-05-03 08:27:08,2012-04-30,train,986_4
986,1148,222,Coffee Shop,40.68670555359189,-73.99048950444671,2012-05-04 08:01:54,2012-04-30,train,986_4
986,1578,264,Subway,40.68610536956845,-73.99047374725342,2012-05-04 08:02:13,2012-04-30,train,986_4
986,3120,61,Office,40.75161349552273,-73.987877368927,2012-05-04 11:01:46,2012-04-30,train,986_4
986,1753,264,Subway,40.67933621045698,-73.93028497695923,2012-05-04 18:03:11,2012-04-30,train,986_4
988,405,241,Airport,40.645089355976346,-73.7845230102539,2012-05-01 23:15:18,2012-04-30,train,988_1
988,647,239,Airport,40.64557779020594,-73.77643346786499,2012-05-01 23:15:45,2012-04-30,train,988_1
988,3782,244,Airport,40.64615122908302,-73.77607998363946,2012-05-01 23:33:41,2012-04-30,train,988_1
989,3436,262,Light Rail,40.65449922645149,-74.12866115570068,2012-05-02 00:18:37,2012-04-30,train,989_4
989,2069,262,Light Rail,40.66130995253368,-74.11637130665052,2012-05-02 00:18:54,2012-04-30,train,989_4
989,2069,262,Light Rail,40.66130995253368,-74.11637130665052,2012-05-03 07:04:33,2012-04-30,train,989_4
989,2246,262,Light Rail,40.71589126048056,-74.03416156768799,2012-05-03 07:22:23,2012-04-30,train,989_4
989,1365,264,Subway,40.71624906568188,-74.03320670127869,2012-05-03 07:22:39,2012-04-30,train,989_4
989,1365,264,Subway,40.71624906568188,-74.03320670127869,2012-05-03 11:54:40,2012-04-30,train,989_4
989,2246,262,Light Rail,40.71589126048056,-74.03416156768799,2012-05-03 11:55:02,2012-04-30,train,989_4
989,2069,262,Light Rail,40.66130995253368,-74.11637130665052,2012-05-03 21:41:56,2012-04-30,train,989_4
989,4803,281,Residential Building (Apartment / Condo),40.65979779957303,-74.11579728126526,2012-05-04 21:20:39,2012-04-30,train,989_4
989,2069,262,Light Rail,40.66130995253368,-74.11637130665052,2012-05-04 22:01:55,2012-04-30,train,989_4
989,2341,121,Park,40.680614633454965,-74.11436095833778,2012-05-04 22:32:32,2012-04-30,train,989_4
989,2069,262,Light Rail,40.66130995253368,-74.11637130665052,2012-05-05 20:20:23,2012-04-30,train,989_4
991,894,222,Coffee Shop,40.73512485197505,-73.99009925734258,2012-05-03 12:41:10,2012-04-30,train,991_4
991,722,183,University,40.81965536288057,-73.9500904083252,2012-05-03 13:56:32,2012-04-30,train,991_4
991,581,202,Pizza Place,40.731844250688674,-73.98386478424072,2012-05-04 19:47:00,2012-04-30,train,991_4
991,718,208,Ramen /  Noodle House,40.72931975,-73.98924,2012-05-05 15:01:00,2012-04-30,train,991_4
991,2378,7,Clothing Store,40.73595831,-73.991189,2012-05-05 17:41:50,2012-04-30,train,991_4
991,947,222,Coffee Shop,40.73709857380555,-73.99039768167009,2012-05-05 18:02:53,2012-04-30,train,991_4
993,1682,58,Electronics Store,40.77473050116933,-73.98209327769995,2012-05-03 21:15:23,2012-04-30,train,993_4
993,1214,7,Clothing Store,40.73512291106378,-73.99118391277207,2012-05-04 14:47:29,2012-04-30,train,993_4
993,1247,35,Bookstore,40.73316247409845,-73.99104044018358,2012-05-04 15:16:33,2012-04-30,train,993_4
996,190,157,Stadium,40.82827721161922,-73.92655344439045,2012-05-01 18:55:30,2012-04-30,train,996_4
996,2139,221,Bridge,40.72784213324929,-73.929163813591,2012-05-02 07:16:46,2012-04-30,train,996_4
996,28,98,Donut Shop,40.71634664858483,-73.9885425567627,2012-05-02 08:07:12,2012-04-30,train,996_4
996,869,202,Pizza Place,40.725548,-73.95138,2012-05-03 23:48:17,2012-04-30,train,996_4
996,438,42,Food & Drink Shop,40.67420193066911,-74.01670575141907,2012-05-04 21:07:37,2012-04-30,train,996_4
996,3855,255,Flea Market,40.720599497806894,-73.96312594413757,2012-05-05 11:17:01,2012-04-30,train,996_4
996,271,254,Department Store,40.75061379403183,-73.98856401443481,2012-05-05 19:45:22,2012-04-30,train,996_4
997,4614,6,Home (private),40.67859789918687,-74.10637760442646,2012-05-01 22:58:09,2012-04-30,train,997_0
997,4874,6,Home (private),40.65220327579237,-74.12986841096105,2012-05-02 04:24:39,2012-04-30,train,997_0
997,4874,6,Home (private),40.65220327579237,-74.12986841096105,2012-05-04 01:46:33,2012-04-30,train,997_0
997,4874,6,Home (private),40.65220327579237,-74.12986841096105,2012-05-04 17:49:19,2012-04-30,train,997_0
997,4874,6,Home (private),40.65220327579237,-74.12986841096105,2012-05-05 04:56:34,2012-04-30,train,997_0
997,4874,6,Home (private),40.65220327579237,-74.12986841096105,2012-05-06 13:32:53,2012-04-30,train,997_0
998,2578,61,Office,40.75977309846517,-73.98116111755371,2012-05-03 14:20:17,2012-04-30,train,998_3
998,1091,134,Event Space,40.76005539291096,-73.98116926860618,2012-05-03 14:20:29,2012-04-30,train,998_3
998,1742,264,Subway,40.75099579556285,-73.99068832397461,2012-05-04 09:13:15,2012-04-30,train,998_3
999,1862,138,Gym / Fitness Center,40.74559724955812,-73.99836888270403,2012-05-01 21:10:41,2012-04-30,train,999_3
999,3030,136,Office,40.74449572662251,-73.98918676469269,2012-05-03 10:10:40,2012-04-30,train,999_3
999,3684,138,Gym / Fitness Center,40.750746,-74.002286,2012-05-03 21:26:35,2012-04-30,train,999_3
999,3684,138,Gym / Fitness Center,40.750746,-74.002286,2012-05-04 08:26:33,2012-04-30,train,999_3
999,3030,136,Office,40.74449572662251,-73.98918676469269,2012-05-04 11:49:12,2012-04-30,train,999_3
999,1862,138,Gym / Fitness Center,40.74559724955812,-73.99836888270403,2012-05-06 14:38:55,2012-04-30,train,999_3
1000,1021,206,Seafood Restaurant,40.633613,-74.014332,2012-05-06 14:10:13,2012-04-30,train,1000_0
1000,1316,254,Department Store,40.68430926459708,-73.97653193850032,2012-05-06 15:18:10,2012-04-30,train,1000_0
1001,30,310,Concert Hall,40.780519780441466,-73.9812840525862,2012-05-04 21:19:46,2012-04-30,train,1001_4
1001,2447,12,Gym / Fitness Center,40.67222615890871,-73.96994306438101,2012-05-06 13:51:28,2012-04-30,train,1001_4
1001,354,121,Park,40.66390776998241,-73.970947265625,2012-05-06 18:49:21,2012-04-30,train,1001_4
1002,1804,264,Subway,40.76791696540287,-73.96357597575265,2012-05-01 16:15:18,2012-04-30,train,1002_1
1002,3047,183,University,40.70516053616476,-74.01360448846347,2012-05-01 16:55:13,2012-04-30,train,1002_1
1002,4610,6,Home (private),40.87239871611352,-73.87130987645999,2012-05-01 21:14:21,2012-04-30,train,1002_1
1002,1978,264,Subway,40.87967830256009,-73.88464450836182,2012-05-02 07:50:34,2012-04-30,train,1002_1
1002,1978,264,Subway,40.87967830256009,-73.88464450836182,2012-05-03 07:38:18,2012-04-30,train,1002_1
1002,4769,307,Nursery School,40.768522910406574,-73.96591960790946,2012-05-03 08:39:19,2012-04-30,train,1002_1
1002,358,160,Science Museum,40.78118443649759,-73.9732030930065,2012-05-03 10:11:26,2012-04-30,train,1002_1
1002,4769,307,Nursery School,40.768522910406574,-73.96591960790946,2012-05-03 12:28:26,2012-04-30,train,1002_1
1002,4610,6,Home (private),40.87239871611352,-73.87130987645999,2012-05-03 19:17:47,2012-04-30,train,1002_1
1002,1978,264,Subway,40.87967830256009,-73.88464450836182,2012-05-04 07:59:16,2012-04-30,train,1002_1
1002,1804,264,Subway,40.76791696540287,-73.96357597575265,2012-05-04 16:28:37,2012-04-30,train,1002_1
1002,182,121,Park,40.70483494533927,-74.01370167732239,2012-05-04 17:02:09,2012-04-30,train,1002_1
1002,972,221,Bridge,40.75673368214285,-73.95445704460144,2012-05-06 19:37:13,2012-04-30,train,1002_1
1003,1249,222,Coffee Shop,40.714671455569125,-73.8319444656372,2012-05-03 09:52:55,2012-04-30,train,1003_3
1003,2752,42,Food & Drink Shop,40.778504,-73.982092,2012-05-04 11:10:05,2012-04-30,train,1003_3
1004,430,35,Bookstore,40.785870598954766,-73.97828578948975,2012-05-01 14:36:24,2012-04-30,train,1004_3
1004,486,147,Movie Theater,40.74276195733468,-73.97692322731018,2012-05-05 11:05:05,2012-04-30,train,1004_3
1004,708,220,BBQ Joint,40.74448892047892,-73.98093396123286,2012-05-05 14:31:18,2012-04-30,train,1004_3
1006,1098,189,Cupcake Shop,40.7055407474374,-74.00825638391181,2012-05-04 09:23:42,2012-04-30,train,1006_4
1006,874,194,Mexican Restaurant,40.70428723922974,-74.01012135152561,2012-05-04 17:27:30,2012-04-30,train,1006_4
1006,357,70,Train Station,40.750794799423865,-73.99357639021292,2012-05-04 18:44:29,2012-04-30,train,1006_4
1006,2823,257,Road,40.75961056634999,-73.85473251342773,2012-05-06 15:32:46,2012-04-30,train,1006_4
1007,804,70,Train Station,40.73420076077984,-74.16483829470191,2012-05-01 18:55:59,2012-04-30,train,1007_0
1007,357,70,Train Station,40.750794799423865,-73.99357639021292,2012-05-01 19:19:55,2012-04-30,train,1007_0
1007,3991,281,Residential Building (Apartment / Condo),40.80095258965738,-73.95901467876513,2012-05-01 20:20:36,2012-04-30,train,1007_0
1007,3991,281,Residential Building (Apartment / Condo),40.80095258965738,-73.95901467876513,2012-05-03 10:58:37,2012-04-30,train,1007_0
1007,984,146,Movie Theater,40.809391811146064,-73.95174264907835,2012-05-06 18:44:29,2012-04-30,train,1007_0
1011,4150,6,Home (private),40.66521166066117,-73.94186034276925,2012-05-01 19:14:35,2012-04-30,train,1011_3
1011,2838,301,Neighborhood,40.66911608150882,-73.94283771514893,2012-05-04 01:06:33,2012-04-30,train,1011_3
1011,4150,6,Home (private),40.66521166066117,-73.94186034276925,2012-05-06 16:18:47,2012-04-30,train,1011_3
1016,4537,194,Mexican Restaurant,40.73384420292348,-73.99309158325195,2012-05-03 22:30:09,2012-04-30,train,1016_4
1016,523,47,Bar,40.73429763507372,-74.00621350620632,2012-05-04 00:21:37,2012-04-30,train,1016_4
1016,523,47,Bar,40.73429763507372,-74.00621350620632,2012-05-05 00:59:23,2012-04-30,train,1016_4
1017,2170,163,Medical Center,40.95672907623208,-74.06300067901611,2012-05-02 08:07:48,2012-04-30,train,1017_4
1017,2170,163,Medical Center,40.95672907623208,-74.06300067901611,2012-05-03 08:22:02,2012-04-30,train,1017_4
1017,1783,97,Diner,40.92607839076309,-74.09735270529153,2012-05-05 09:37:16,2012-04-30,train,1017_4
1017,233,147,Movie Theater,40.757031390907855,-73.98902607371383,2012-05-05 13:13:10,2012-04-30,train,1017_4
1019,2749,61,Office,40.91101305122692,-74.03129462945982,2012-05-01 13:49:17,2012-04-30,train,1019_4
1019,3892,6,Home (private),40.73132216899088,-74.05938718735511,2012-05-01 20:34:06,2012-04-30,train,1019_4
1019,492,37,Bar,40.72281296656192,-74.04749719603645,2012-05-01 21:39:49,2012-04-30,train,1019_4
1019,3892,6,Home (private),40.73132216899088,-74.05938718735511,2012-05-02 02:04:30,2012-04-30,train,1019_4
1019,2303,239,Airport,40.68706536291219,-74.18251991271973,2012-05-03 09:57:32,2012-04-30,train,1019_4
1019,436,241,Airport,40.68968493541091,-74.17938709259033,2012-05-06 16:13:45,2012-04-30,train,1019_4
1019,1384,70,Train Station,40.7043591450871,-74.19071674346924,2012-05-06 16:45:42,2012-04-30,train,1019_4
1019,1612,70,Train Station,40.73412061435751,-74.16445255279541,2012-05-06 17:13:33,2012-04-30,train,1019_4
1019,1303,70,Train Station,40.73929092246981,-74.15574073791504,2012-05-06 17:23:00,2012-04-30,train,1019_4
1019,3892,6,Home (private),40.73132216899088,-74.05938718735511,2012-05-06 17:39:09,2012-04-30,train,1019_4
1019,492,37,Bar,40.72281296656192,-74.04749719603645,2012-05-06 22:13:20,2012-04-30,train,1019_4
1021,2225,61,Office,40.67412869719397,-73.73220920562744,2012-05-03 08:00:05,2012-04-30,train,1021_4
1021,3238,6,Home (private),40.66144136986824,-73.77720316925277,2012-05-06 15:34:46,2012-04-30,train,1021_4
1022,672,37,Bar,40.74304318524658,-73.98022803738444,2012-05-04 21:56:29,2012-04-30,train,1022_4
1022,4576,6,Home (private),40.673431282028105,-73.93010370763156,2012-05-05 09:29:39,2012-04-30,train,1022_4
1022,1145,71,Train Station,40.707149,-73.99057,2012-05-06 18:13:56,2012-04-30,train,1022_4
1022,4576,6,Home (private),40.673431282028105,-73.93010370763156,2012-05-06 19:03:25,2012-04-30,train,1022_4
1023,334,47,Bar,40.73960930329618,-74.00215063964924,2012-05-04 11:55:03,2012-04-30,train,1023_3
1023,4898,245,General Entertainment,40.95799336338653,-74.10746446325602,2012-05-04 16:22:16,2012-04-30,train,1023_3
1023,129,37,Bar,40.75856600358517,-73.9889859009481,2012-05-05 02:17:38,2012-04-30,train,1023_3
1023,334,47,Bar,40.73960930329618,-74.00215063964924,2012-05-06 22:55:07,2012-04-30,train,1023_3
1024,1011,138,Gym / Fitness Center,40.67956402987482,-73.98416519165039,2012-05-03 21:10:42,2012-04-30,train,1024_3
1024,1203,133,Hot Dog Joint,40.68099,-73.975448,2012-05-04 20:48:01,2012-04-30,train,1024_3
1025,4044,6,Home (private),40.761942896511016,-73.78896894871082,2012-05-01 23:27:02,2012-04-30,train,1025_4
1025,4044,6,Home (private),40.761942896511016,-73.78896894871082,2012-05-02 07:39:28,2012-04-30,train,1025_4
1025,4044,6,Home (private),40.761942896511016,-73.78896894871082,2012-05-03 07:55:04,2012-04-30,train,1025_4
1025,3415,83,Church,40.76496230042084,-73.76900750367312,2012-05-03 19:25:33,2012-04-30,train,1025_4
1025,4044,6,Home (private),40.761942896511016,-73.78896894871082,2012-05-04 06:26:56,2012-04-30,train,1025_4
1025,4044,6,Home (private),40.761942896511016,-73.78896894871082,2012-05-05 07:21:36,2012-04-30,train,1025_4
1025,4044,6,Home (private),40.761942896511016,-73.78896894871082,2012-05-05 09:00:11,2012-04-30,train,1025_4
1025,4044,6,Home (private),40.761942896511016,-73.78896894871082,2012-05-05 13:37:50,2012-04-30,train,1025_4
1025,4044,6,Home (private),40.761942896511016,-73.78896894871082,2012-05-05 15:11:50,2012-04-30,train,1025_4
1025,2184,42,Food & Drink Shop,40.76901868496561,-73.83484481878303,2012-05-05 19:16:53,2012-04-30,train,1025_4
1026,1707,97,Diner,40.76013133908869,-74.04415237421385,2012-05-05 11:21:32,2012-04-30,train,1026_4
1026,2045,42,Food & Drink Shop,40.79187420388997,-74.04288442464458,2012-05-05 13:06:23,2012-04-30,train,1026_4
1027,1733,264,Subway,40.75650612666626,-73.98802757263184,2012-05-01 17:25:35,2012-04-30,train,1027_4
1027,3871,61,Office,40.70593002166237,-74.01464884334328,2012-05-01 17:49:23,2012-04-30,train,1027_4
1027,1132,315,Office,40.738154694458274,-74.00123246576868,2012-05-01 20:36:31,2012-04-30,train,1027_4
1027,4500,201,Ice Cream Shop,40.73647548003712,-73.99754824880391,2012-05-01 23:11:39,2012-04-30,train,1027_4
1027,1600,264,Subway,40.81554068461798,-73.95842347218186,2012-05-01 23:53:30,2012-04-30,train,1027_4
1027,1758,264,Subway,40.85541922129015,-73.92921209335327,2012-05-02 00:05:20,2012-04-30,train,1027_4
1027,3197,6,Home (private),40.86107855194721,-73.93010370763155,2012-05-02 06:46:06,2012-04-30,train,1027_4
1027,1728,264,Subway,40.85880110037853,-73.932586312294,2012-05-02 08:07:38,2012-04-30,train,1027_4
1027,3197,6,Home (private),40.86107855194721,-73.93010370763155,2012-05-03 07:00:01,2012-04-30,train,1027_4
1027,1728,264,Subway,40.85880110037853,-73.932586312294,2012-05-03 08:07:54,2012-04-30,train,1027_4
1027,1733,264,Subway,40.75650612666626,-73.98802757263184,2012-05-03 08:46:02,2012-04-30,train,1027_4
1027,2005,96,Deli / Bodega,40.75453936473234,-73.98837089538574,2012-05-03 08:47:24,2012-04-30,train,1027_4
1027,4739,61,Office,40.7533563254318,-73.9870174251268,2012-05-03 08:49:37,2012-04-30,train,1027_4
1027,1624,264,Subway,40.70779133739243,-74.01315450668335,2012-05-03 17:59:18,2012-04-30,train,1027_4
1027,2272,264,Subway,40.7076499004761,-74.01398787772996,2012-05-03 20:31:05,2012-04-30,train,1027_4
1027,1758,264,Subway,40.85541922129015,-73.92921209335327,2012-05-03 21:13:38,2012-04-30,train,1027_4
1027,3197,6,Home (private),40.86107855194721,-73.93010370763155,2012-05-04 08:12:47,2012-04-30,train,1027_4
1027,1728,264,Subway,40.85880110037853,-73.932586312294,2012-05-04 08:14:20,2012-04-30,train,1027_4
1027,1733,264,Subway,40.75650612666626,-73.98802757263184,2012-05-04 08:51:07,2012-04-30,train,1027_4
1027,4739,61,Office,40.7533563254318,-73.9870174251268,2012-05-04 12:00:23,2012-04-30,train,1027_4
1027,2005,96,Deli / Bodega,40.75453936473234,-73.98837089538574,2012-05-04 16:29:20,2012-04-30,train,1027_4
1027,4681,254,Department Store,40.751239605596666,-73.99161432989371,2012-05-04 17:42:09,2012-04-30,train,1027_4
1027,1132,315,Office,40.738154694458274,-74.00123246576868,2012-05-04 18:38:33,2012-04-30,train,1027_4
1027,1600,264,Subway,40.81554068461798,-73.95842347218186,2012-05-04 23:23:10,2012-04-30,train,1027_4
1027,1758,264,Subway,40.85541922129015,-73.92921209335327,2012-05-04 23:36:08,2012-04-30,train,1027_4
1027,3197,6,Home (private),40.86107855194721,-73.93010370763155,2012-05-05 11:29:49,2012-04-30,train,1027_4
1029,4767,222,Coffee Shop,40.75870179473494,-73.97852921814837,2012-05-02 07:53:14,2012-04-30,train,1029_3
1029,1503,61,Office,40.75765508018656,-73.97559642394698,2012-05-02 08:01:23,2012-04-30,train,1029_3
1029,4767,222,Coffee Shop,40.75870179473494,-73.97852921814837,2012-05-03 08:41:11,2012-04-30,train,1029_3
1029,1503,61,Office,40.75765508018656,-73.97559642394698,2012-05-03 08:53:25,2012-04-30,train,1029_3
1029,1603,150,Stadium,40.75044987008408,-73.99221103886612,2012-05-03 18:43:05,2012-04-30,train,1029_3
1029,4767,222,Coffee Shop,40.75870179473494,-73.97852921814837,2012-05-04 08:21:47,2012-04-30,train,1029_3
1029,1503,61,Office,40.75765508018656,-73.97559642394698,2012-05-04 08:29:44,2012-04-30,train,1029_3
1029,1040,147,Movie Theater,40.786910575209646,-73.97773719594208,2012-05-06 13:51:58,2012-04-30,train,1029_3
1031,2528,137,Gym / Fitness Center,40.73501761543153,-74.16568104604595,2012-05-01 13:02:48,2012-04-30,train,1031_4
1031,2668,26,Drugstore / Pharmacy,40.69880621611384,-74.23142800968738,2012-05-03 05:41:51,2012-04-30,train,1031_4
1031,2528,137,Gym / Fitness Center,40.73501761543153,-74.16568104604595,2012-05-03 17:10:27,2012-04-30,train,1031_4
1031,2668,26,Drugstore / Pharmacy,40.69880621611384,-74.23142800968738,2012-05-05 15:47:27,2012-04-30,train,1031_4
1031,2668,26,Drugstore / Pharmacy,40.69880621611384,-74.23142800968738,2012-05-06 14:57:45,2012-04-30,train,1031_4
1032,1442,95,Chinese Restaurant,40.7199434551993,-74.00856625671392,2012-05-02 00:10:44,2012-04-30,train,1032_3
1032,3770,55,Bar,40.68193081222049,-73.94995122562862,2012-05-06 14:40:20,2012-04-30,train,1032_3
1034,4643,131,Café,40.772902927786944,-74.18828724877552,2012-05-03 07:31:03,2012-04-30,train,1034_3
1034,3006,61,Office,40.838724200957486,-74.18097765727866,2012-05-03 08:39:16,2012-04-30,train,1034_3
1034,3006,61,Office,40.838724200957486,-74.18097765727866,2012-05-04 09:13:16,2012-04-30,train,1034_3
1034,3785,120,Other Great Outdoors,40.76466790327071,-74.21528150132815,2012-05-06 14:17:52,2012-04-30,train,1034_3
1034,1188,146,Movie Theater,40.79340869038084,-74.25605535507202,2012-05-06 20:26:55,2012-04-30,train,1034_3
1034,4133,281,Residential Building (Apartment / Condo),40.7692428123489,-74.2077322217703,2012-05-06 23:51:29,2012-04-30,train,1034_3
1036,1332,301,Neighborhood,40.741672705942285,-73.98928821086884,2012-05-01 17:40:18,2012-04-30,train,1036_4
1036,234,121,Park,40.74218830848454,-73.98792418909154,2012-05-01 17:40:40,2012-04-30,train,1036_4
1036,828,284,Historic Site,40.74130690856319,-73.98935794830322,2012-05-01 17:41:19,2012-04-30,train,1036_4
1036,1856,96,Deli / Bodega,40.741778511511214,-73.98538179575334,2012-05-02 07:45:03,2012-04-30,train,1036_4
1036,234,121,Park,40.74218830848454,-73.98792418909154,2012-05-03 07:41:08,2012-04-30,train,1036_4
1036,1332,301,Neighborhood,40.741672705942285,-73.98928821086884,2012-05-03 07:41:30,2012-04-30,train,1036_4
1036,828,284,Historic Site,40.74130690856319,-73.98935794830322,2012-05-03 07:41:53,2012-04-30,train,1036_4
1036,1856,96,Deli / Bodega,40.741778511511214,-73.98538179575334,2012-05-03 07:45:03,2012-04-30,train,1036_4
1036,1332,301,Neighborhood,40.741672705942285,-73.98928821086884,2012-05-04 07:44:18,2012-04-30,train,1036_4
1036,1856,96,Deli / Bodega,40.741778511511214,-73.98538179575334,2012-05-04 07:45:04,2012-04-30,train,1036_4
1036,828,284,Historic Site,40.74130690856319,-73.98935794830322,2012-05-04 07:45:34,2012-04-30,train,1036_4
1036,234,121,Park,40.74218830848454,-73.98792418909154,2012-05-04 07:46:54,2012-04-30,train,1036_4
1036,1436,61,Office,40.74156984760308,-73.98738472243872,2012-05-04 07:48:18,2012-04-30,train,1036_4
1039,4591,61,Office,40.74337624282437,-73.98483084377504,2012-05-03 09:47:41,2012-04-30,train,1039_4
1039,1121,96,Deli / Bodega,40.74349260764578,-73.98497432100493,2012-05-03 09:53:00,2012-04-30,train,1039_4
1039,4591,61,Office,40.74337624282437,-73.98483084377504,2012-05-04 09:47:30,2012-04-30,train,1039_4
1039,1121,96,Deli / Bodega,40.74349260764578,-73.98497432100493,2012-05-04 09:52:41,2012-04-30,train,1039_4
1039,625,122,Plaza,40.756489872673846,-73.98626804351807,2012-05-05 14:19:12,2012-04-30,train,1039_4
1039,4901,194,Mexican Restaurant,40.759220487652186,-73.98880004882812,2012-05-05 16:09:42,2012-04-30,train,1039_4
1039,233,147,Movie Theater,40.757031390907855,-73.98902607371383,2012-05-06 14:09:07,2012-04-30,train,1039_4
1041,2903,254,Department Store,40.78257007402086,-73.83682057709747,2012-05-03 07:00:17,2012-04-30,train,1041_4
1041,2903,254,Department Store,40.78257007402086,-73.83682057709747,2012-05-04 06:46:12,2012-04-30,train,1041_4
1041,1451,147,Movie Theater,40.7081979835282,-73.86868000030518,2012-05-04 19:04:35,2012-04-30,train,1041_4
1041,2903,254,Department Store,40.78257007402086,-73.83682057709747,2012-05-05 06:53:08,2012-04-30,train,1041_4
1041,3635,6,Home (private),40.785065635590186,-73.81249842275241,2012-05-06 16:22:29,2012-04-30,train,1041_4
1042,2979,264,Subway,40.6782621941429,-73.89171481132507,2012-05-02 04:20:55,2012-04-30,train,1042_4
1042,104,197,Sandwich Place,40.75187357799962,-73.9740800857544,2012-05-02 05:20:11,2012-04-30,train,1042_4
1042,104,197,Sandwich Place,40.75187357799962,-73.9740800857544,2012-05-03 05:18:51,2012-04-30,train,1042_4
1042,2979,264,Subway,40.6782621941429,-73.89171481132507,2012-05-04 04:24:57,2012-04-30,train,1042_4
1042,2979,264,Subway,40.6782621941429,-73.89171481132507,2012-05-05 10:59:20,2012-04-30,train,1042_4
1042,2979,264,Subway,40.6782621941429,-73.89171481132507,2012-05-06 12:30:12,2012-04-30,train,1042_4
1043,1179,256,Furniture / Home Store,40.738215284871565,-73.99004186799563,2012-05-01 18:00:51,2012-04-30,train,1043_1
1043,736,222,Coffee Shop,40.74697,-73.98138,2012-05-02 08:07:52,2012-04-30,train,1043_1
1043,736,222,Coffee Shop,40.74697,-73.98138,2012-05-03 08:23:22,2012-04-30,train,1043_1
1043,3795,275,Arts & Entertainment,40.7465648747259,-73.98202440761015,2012-05-03 08:28:32,2012-04-30,train,1043_1
1043,736,222,Coffee Shop,40.74697,-73.98138,2012-05-04 08:18:43,2012-04-30,train,1043_1
1043,3795,275,Arts & Entertainment,40.7465648747259,-73.98202440761015,2012-05-04 08:26:48,2012-04-30,train,1043_1
1043,544,232,Music Venue,40.74303711661063,-74.00573147570121,2012-05-04 19:16:52,2012-04-30,train,1043_1
1043,3795,275,Arts & Entertainment,40.7465648747259,-73.98202440761015,2012-05-04 22:52:35,2012-04-30,train,1043_1
1045,3127,61,Office,40.75176030067075,-73.99006482373646,2012-05-03 07:28:46,2012-04-30,train,1045_4
1045,1457,132,Fast Food Restaurant,40.75172001339673,-73.99286540351027,2012-05-04 11:56:25,2012-04-30,train,1045_4
1045,233,147,Movie Theater,40.7569743825982,-73.98877355904663,2012-05-04 14:01:48,2012-04-30,train,1045_4
1046,3315,301,Neighborhood,40.76203225371199,-73.98515224456787,2012-05-01 13:10:36,2012-04-30,train,1046_4
1046,1462,138,Gym / Fitness Center,40.74516719837307,-73.976945170474,2012-05-01 18:53:59,2012-04-30,train,1046_4
1046,3315,301,Neighborhood,40.76203225371199,-73.98515224456787,2012-05-03 13:28:05,2012-04-30,train,1046_4
1046,1028,137,Gym / Fitness Center,40.743854,-73.987898,2012-05-03 18:16:47,2012-04-30,train,1046_4
1046,3315,301,Neighborhood,40.76203225371199,-73.98515224456787,2012-05-04 03:53:37,2012-04-30,train,1046_4
1046,904,84,Performing Arts Venue,40.74583423860072,-73.99327860034312,2012-05-04 17:45:47,2012-04-30,train,1046_4
1046,3315,301,Neighborhood,40.76203225371199,-73.98515224456787,2012-05-04 23:58:32,2012-04-30,train,1046_4
1046,1028,137,Gym / Fitness Center,40.743854,-73.987898,2012-05-05 11:28:22,2012-04-30,train,1046_4
1046,692,50,Bar,40.74400938999839,-73.98565727114978,2012-05-05 18:27:47,2012-04-30,train,1046_4
1046,3315,301,Neighborhood,40.76203225371199,-73.98515224456787,2012-05-06 14:05:31,2012-04-30,train,1046_4
1047,1544,197,Sandwich Place,40.706520408611205,-74.00476167255299,2012-05-03 09:15:38,2012-04-30,train,1047_4
1047,2632,61,Office,40.70685754464424,-74.00608726023904,2012-05-03 09:15:55,2012-04-30,train,1047_4
1047,2525,61,Office,40.70739614718942,-74.00626515225984,2012-05-03 14:06:05,2012-04-30,train,1047_4
1047,1544,197,Sandwich Place,40.706520408611205,-74.00476167255299,2012-05-05 07:08:16,2012-04-30,train,1047_4
1047,2632,61,Office,40.70685754464424,-74.00608726023904,2012-05-05 07:08:46,2012-04-30,train,1047_4
1048,4609,203,Food Truck,40.74039372375705,-73.98690838360204,2012-05-01 12:24:59,2012-04-30,train,1048_4
1048,1093,138,Gym / Fitness Center,40.800356,-73.94687168,2012-05-02 06:02:00,2012-04-30,train,1048_4
1048,1093,138,Gym / Fitness Center,40.800356,-73.94687168,2012-05-03 08:43:20,2012-04-30,train,1048_4
1048,1093,138,Gym / Fitness Center,40.800356,-73.94687168,2012-05-04 06:34:54,2012-04-30,train,1048_4
1048,234,121,Park,40.74218830848454,-73.98792418909154,2012-05-04 13:51:37,2012-04-30,train,1048_4
1048,251,39,Beer Garden,40.78567563696274,-73.9845085144043,2012-05-04 20:03:09,2012-04-30,train,1048_4
1048,2880,39,Beer Garden,40.80267821675008,-73.95649486336114,2012-05-05 15:12:49,2012-04-30,train,1048_4
1048,3920,277,Food,40.80474202386944,-73.95543871227191,2012-05-05 17:51:10,2012-04-30,train,1048_4
1049,4398,6,Home (private),40.81491160385024,-73.88307005845945,2012-05-01 17:43:42,2012-04-30,train,1049_2
1049,4398,6,Home (private),40.81491160385024,-73.88307005845945,2012-05-04 06:07:07,2012-04-30,train,1049_2
1049,4398,6,Home (private),40.81491160385024,-73.88307005845945,2012-05-06 13:11:54,2012-04-30,train,1049_2
1050,2739,135,Post Office,40.6203921326451,-74.07740290230015,2012-05-03 17:54:22,2012-04-30,train,1050_3
1050,3345,233,Other Great Outdoors,40.624053421456594,-74.08390202054588,2012-05-04 18:44:22,2012-04-30,train,1050_3
1050,985,288,Ferry,40.6444055420497,-74.0729570388794,2012-05-05 11:46:00,2012-04-30,train,1050_3
1050,3345,233,Other Great Outdoors,40.624053421456594,-74.08390202054588,2012-05-05 18:37:06,2012-04-30,train,1050_3
1051,4685,189,Cupcake Shop,40.72384566972602,-73.9992067290734,2012-05-05 17:34:41,2012-04-30,train,1051_3
1051,562,206,Seafood Restaurant,40.72463457437033,-73.99840235710144,2012-05-05 17:56:26,2012-04-30,train,1051_3
1052,3873,282,Convenience Store,40.69968352,-73.80787141,2012-05-01 13:59:31,2012-04-30,train,1052_3
1052,3088,70,Train Station,40.69978803615198,-73.80866289138794,2012-05-01 14:00:15,2012-04-30,train,1052_3
1052,4184,264,Subway,40.69772338867188,-73.81159210205078,2012-05-01 14:00:57,2012-04-30,train,1052_3
1052,1917,264,Subway,40.82650767315227,-73.95039081573486,2012-05-01 14:52:26,2012-04-30,train,1052_3
1052,4604,253,General Travel,40.82641025190119,-73.95053029060364,2012-05-01 14:52:54,2012-04-30,train,1052_3
1052,3825,123,Scenic Lookout,40.82737511714582,-73.95293033028817,2012-05-01 14:53:12,2012-04-30,train,1052_3
1052,3988,121,Park,40.82671052495465,-73.95518041357211,2012-05-01 14:53:33,2012-04-30,train,1052_3
1052,884,121,Park,40.82540355725982,-73.95661354064941,2012-05-01 16:49:36,2012-04-30,train,1052_3
1052,3601,301,Neighborhood,40.80486852367005,-73.96618902683258,2012-05-01 23:45:40,2012-04-30,train,1052_3
1052,841,121,Park,40.79917954514018,-73.97347284642332,2012-05-01 23:46:07,2012-04-30,train,1052_3
1052,1762,264,Subway,40.79467578552487,-73.97176265716553,2012-05-01 23:52:44,2012-04-30,train,1052_3
1052,1742,264,Subway,40.75099579556285,-73.99068832397461,2012-05-02 00:12:09,2012-04-30,train,1052_3
1052,357,70,Train Station,40.750794799423865,-73.99357639021292,2012-05-02 00:12:38,2012-04-30,train,1052_3
1052,4000,262,Light Rail,40.74870949127519,-73.92597321669481,2012-05-02 00:25:40,2012-04-30,train,1052_3
1052,4882,245,General Entertainment,40.671982382481474,-73.80652727817316,2012-05-02 00:47:48,2012-04-30,train,1052_3
1052,4362,231,Campground,40.67172008474036,-73.8066029548645,2012-05-02 00:48:07,2012-04-30,train,1052_3
1052,3856,301,Neighborhood,40.72540497175607,-73.83224487304688,2012-05-03 12:54:24,2012-04-30,train,1052_3
1052,1002,70,Train Station,40.69902344282463,-73.81001472473143,2012-05-03 13:48:04,2012-04-30,train,1052_3
1052,4184,264,Subway,40.69772338867188,-73.81159210205078,2012-05-03 13:55:05,2012-04-30,train,1052_3
1052,1917,264,Subway,40.82650767315227,-73.95039081573486,2012-05-03 14:44:04,2012-04-30,train,1052_3
1052,4604,253,General Travel,40.82641025190119,-73.95053029060364,2012-05-03 14:44:39,2012-04-30,train,1052_3
1052,3825,123,Scenic Lookout,40.82737511714582,-73.95293033028817,2012-05-03 14:45:22,2012-04-30,train,1052_3
1052,3988,121,Park,40.82671052495465,-73.95518041357211,2012-05-03 14:46:09,2012-04-30,train,1052_3
1052,884,121,Park,40.82540355725982,-73.95661354064941,2012-05-03 14:56:12,2012-04-30,train,1052_3
1052,357,70,Train Station,40.750794799423865,-73.99357639021292,2012-05-03 23:52:16,2012-04-30,train,1052_3
1052,4000,262,Light Rail,40.74870949127519,-73.92597321669481,2012-05-04 00:00:24,2012-04-30,train,1052_3
1052,3982,71,Train Station,40.70704310201472,-73.7785792350769,2012-05-04 00:11:54,2012-04-30,train,1052_3
1052,1002,70,Train Station,40.69902344282463,-73.81001472473143,2012-05-04 00:12:32,2012-04-30,train,1052_3
1052,3055,301,Neighborhood,40.67002749420697,-73.81902694702148,2012-05-04 00:32:58,2012-04-30,train,1052_3
1052,3055,301,Neighborhood,40.67002749420697,-73.81902694702148,2012-05-04 00:33:30,2012-04-30,train,1052_3
1052,4362,231,Campground,40.67172008474036,-73.8066029548645,2012-05-04 00:34:05,2012-04-30,train,1052_3
1052,4882,245,General Entertainment,40.671982382481474,-73.80652727817316,2012-05-04 00:35:01,2012-04-30,train,1052_3
1052,4882,245,General Entertainment,40.671982382481474,-73.80652727817316,2012-05-04 23:55:30,2012-04-30,train,1052_3
1053,1709,77,Government Building,40.7117844949098,-74.00208234786987,2012-05-01 14:28:28,2012-04-30,train,1053_3
1053,3233,211,Bar,40.87262346551853,-73.82675778820082,2012-05-01 22:58:28,2012-04-30,train,1053_3
1053,2424,121,Park,40.8519621874379,-73.82696628570557,2012-05-03 08:30:42,2012-04-30,train,1053_3
1053,3233,211,Bar,40.87262346551853,-73.82675778820082,2012-05-03 19:47:02,2012-04-30,train,1053_3
1053,1770,147,Movie Theater,40.86703055282099,-73.82539651545649,2012-05-03 23:09:14,2012-04-30,train,1053_3
1053,3233,211,Bar,40.87262346551853,-73.82675778820082,2012-05-04 03:05:52,2012-04-30,train,1053_3
1053,3233,211,Bar,40.87262346551853,-73.82675778820082,2012-05-04 07:23:05,2012-04-30,train,1053_3
1053,1892,265,Mall,40.86782694231008,-73.82703923160857,2012-05-04 19:23:55,2012-04-30,train,1053_3
1053,3233,211,Bar,40.87262346551853,-73.82675778820082,2012-05-04 21:42:09,2012-04-30,train,1053_3
1053,3233,211,Bar,40.87262346551853,-73.82675778820082,2012-05-05 12:40:05,2012-04-30,train,1053_3
1054,3956,26,Drugstore / Pharmacy,40.7065225854893,-74.00947988033295,2012-05-01 16:16:38,2012-04-30,train,1054_4
1054,4195,6,Home (private),40.69321217941903,-73.93010370763156,2012-05-01 17:35:35,2012-04-30,train,1054_4
1057,925,96,Deli / Bodega,40.71879994509074,-73.99279079843167,2012-05-01 12:22:39,2012-04-30,train,1057_4
1057,2829,227,Beach,40.57393518797987,-74.0842866897583,2012-05-03 08:10:45,2012-04-30,train,1057_4
1057,4049,227,Beach,40.59057903474003,-74.06620530900362,2012-05-03 08:13:24,2012-04-30,train,1057_4
1057,974,221,Bridge,40.60679958140643,-74.04416981025437,2012-05-03 08:16:26,2012-04-30,train,1057_4
1057,974,221,Bridge,40.60679958140643,-74.04416981025437,2012-05-04 12:38:15,2012-04-30,train,1057_4
1057,4049,227,Beach,40.59057903474003,-74.06620530900362,2012-05-06 13:30:07,2012-04-30,train,1057_4
1057,974,221,Bridge,40.60679958140643,-74.04416981025437,2012-05-06 13:33:12,2012-04-30,train,1057_4
1057,916,221,Bridge,40.705888200473375,-73.9900016784668,2012-05-06 13:50:19,2012-04-30,train,1057_4
1058,1668,197,Sandwich Place,40.74189364184281,-73.99029438099387,2012-05-03 13:56:45,2012-04-30,train,1058_1
1058,1745,61,Office,40.74202374678596,-73.98998447863148,2012-05-04 09:13:01,2012-04-30,train,1058_1
1058,1479,203,Food Truck,40.74265628447347,-73.98901462554932,2012-05-04 12:55:51,2012-04-30,train,1058_1
1058,828,284,Historic Site,40.74130690856319,-73.98935794830322,2012-05-04 18:52:20,2012-04-30,train,1058_1
1062,1358,47,Bar,40.777423,-73.948947,2012-05-01 12:00:16,2012-04-30,train,1062_4
1062,1358,47,Bar,40.777423,-73.948947,2012-05-04 12:00:13,2012-04-30,train,1062_4
1062,342,159,Art Museum,40.6716389935202,-73.96381202180841,2012-05-05 07:12:33,2012-04-30,train,1062_4
1063,670,137,Gym / Fitness Center,40.74612,-73.98195,2012-05-02 07:26:31,2012-04-30,train,1063_4
1063,670,137,Gym / Fitness Center,40.74612,-73.98195,2012-05-03 08:28:17,2012-04-30,train,1063_4
1063,670,137,Gym / Fitness Center,40.74612,-73.98195,2012-05-04 08:49:59,2012-04-30,train,1063_4
1063,670,137,Gym / Fitness Center,40.74612,-73.98195,2012-05-05 08:06:52,2012-04-30,train,1063_4
1068,1563,4,Gym / Fitness Center,40.74130690856319,-73.99004459381104,2012-05-01 18:15:25,2012-04-30,train,1068_4
1068,2445,61,Office,40.74190869100568,-73.98925563221387,2012-05-04 09:18:45,2012-04-30,train,1068_4
1068,788,138,Gym / Fitness Center,40.744372067717286,-73.99622260200258,2012-05-04 18:12:09,2012-04-30,train,1068_4
1068,1029,233,Other Great Outdoors,40.742184818893,-73.98838288,2012-05-05 12:53:16,2012-04-30,train,1068_4
1069,4430,6,Home (private),40.94009178576504,-74.00063278107605,2012-05-01 22:58:57,2012-04-30,train,1069_2
1069,2713,120,Other Great Outdoors,40.938992,-73.996904,2012-05-01 22:59:06,2012-04-30,train,1069_2
1069,3769,8,Medical Center,40.88955564775923,-73.97585469529054,2012-05-03 15:53:59,2012-04-30,train,1069_2
1069,3932,139,Medical Center,40.88955858318924,-73.97570547188988,2012-05-03 15:54:07,2012-04-30,train,1069_2
1069,3249,91,High School,40.94360177170972,-73.99755477905273,2012-05-03 19:28:16,2012-04-30,train,1069_2
1069,2713,120,Other Great Outdoors,40.938992,-73.996904,2012-05-03 21:26:16,2012-04-30,train,1069_2
1069,3932,139,Medical Center,40.88955858318924,-73.97570547188988,2012-05-04 12:59:37,2012-04-30,train,1069_2
1069,3769,8,Medical Center,40.88955564775923,-73.97585469529054,2012-05-04 12:59:44,2012-04-30,train,1069_2
1069,2239,19,Bank,40.931745323614464,-73.99589549293981,2012-05-05 12:23:52,2012-04-30,train,1069_2
1069,1160,222,Coffee Shop,40.81309872799184,-73.98468554019928,2012-05-05 14:49:17,2012-04-30,train,1069_2
1069,2727,222,Coffee Shop,40.94041965790143,-73.99327286150431,2012-05-06 13:17:52,2012-04-30,train,1069_2
1069,2360,42,Food & Drink Shop,40.93715060904516,-73.99588108062744,2012-05-06 17:20:29,2012-04-30,train,1069_2
1069,4430,6,Home (private),40.94009178576504,-74.00063278107605,2012-05-06 21:09:52,2012-04-30,train,1069_2
1069,2713,120,Other Great Outdoors,40.938992,-73.996904,2012-05-06 21:10:01,2012-04-30,train,1069_2
1070,2971,259,Hotel,40.75850533742767,-73.98914337158203,2012-05-02 08:23:55,2012-04-30,train,1070_4
1070,2971,259,Hotel,40.75850533742767,-73.98914337158203,2012-05-02 08:48:03,2012-04-30,train,1070_4
1070,2971,259,Hotel,40.75850533742767,-73.98914337158203,2012-05-02 09:18:23,2012-04-30,train,1070_4
1070,3499,239,Airport,40.644079913907895,-73.78239870071411,2012-05-02 10:00:06,2012-04-30,train,1070_4
1070,2261,259,Hotel,40.6656483292368,-73.78486996318186,2012-05-02 10:47:43,2012-04-30,train,1070_4
1070,2663,259,Hotel,40.667260667168485,-73.7982988357544,2012-05-02 12:15:38,2012-04-30,train,1070_4
1070,4512,259,Hotel,40.74954092693113,-73.97773325443268,2012-05-02 13:53:45,2012-04-30,train,1070_4
1070,2971,259,Hotel,40.75850533742767,-73.98914337158203,2012-05-04 09:44:00,2012-04-30,train,1070_4
1070,2261,259,Hotel,40.6656483292368,-73.78486996318186,2012-05-04 09:52:51,2012-04-30,train,1070_4
1070,3499,239,Airport,40.644079913907895,-73.78239870071411,2012-05-04 11:04:08,2012-04-30,train,1070_4
1070,2559,259,Hotel,40.752155221763225,-73.99148807430478,2012-05-04 11:51:41,2012-04-30,train,1070_4
1070,4512,259,Hotel,40.74954092693113,-73.97773325443268,2012-05-04 12:07:39,2012-04-30,train,1070_4
1070,3499,239,Airport,40.644079913907895,-73.78239870071411,2012-05-04 12:32:43,2012-04-30,train,1070_4
1070,2971,259,Hotel,40.75850533742767,-73.98914337158203,2012-05-05 09:56:32,2012-04-30,train,1070_4
1070,2663,259,Hotel,40.667260667168485,-73.7982988357544,2012-05-05 12:01:04,2012-04-30,train,1070_4
1070,2663,259,Hotel,40.667260667168485,-73.7982988357544,2012-05-05 12:13:28,2012-04-30,train,1070_4
1070,2261,259,Hotel,40.6656483292368,-73.78486996318186,2012-05-05 13:22:43,2012-04-30,train,1070_4
1070,3499,239,Airport,40.644079913907895,-73.78239870071411,2012-05-05 13:44:32,2012-04-30,train,1070_4
1070,2971,259,Hotel,40.75850533742767,-73.98914337158203,2012-05-05 20:07:18,2012-04-30,train,1070_4
1070,2663,259,Hotel,40.667260667168485,-73.7982988357544,2012-05-05 20:32:25,2012-04-30,train,1070_4
1070,2261,259,Hotel,40.6656483292368,-73.78486996318186,2012-05-05 20:46:42,2012-04-30,train,1070_4
1070,2559,259,Hotel,40.752155221763225,-73.99148807430478,2012-05-05 21:08:31,2012-04-30,train,1070_4
1070,2663,259,Hotel,40.667260667168485,-73.7982988357544,2012-05-05 23:05:12,2012-04-30,train,1070_4
1070,2261,259,Hotel,40.6656483292368,-73.78486996318186,2012-05-06 00:24:21,2012-04-30,train,1070_4
1072,3743,90,School,40.60266308334217,-73.97209537820379,2012-05-01 15:06:25,2012-04-30,train,1072_4
1072,3296,83,Church,40.59977193613878,-73.97390330322037,2012-05-01 16:56:08,2012-04-30,train,1072_4
1072,1928,222,Coffee Shop,40.619196108296535,-73.99012221307656,2012-05-01 19:39:58,2012-04-30,train,1072_4
1072,3743,90,School,40.60266308334217,-73.97209537820379,2012-05-03 08:35:04,2012-04-30,train,1072_4
1072,2115,26,Drugstore / Pharmacy,40.60586316648548,-73.98481362650024,2012-05-03 12:01:58,2012-04-30,train,1072_4
1072,2115,26,Drugstore / Pharmacy,40.60586316648548,-73.98481362650024,2012-05-03 14:44:57,2012-04-30,train,1072_4
1072,3743,90,School,40.60266308334217,-73.97209537820379,2012-05-03 16:26:05,2012-04-30,train,1072_4
1072,1928,222,Coffee Shop,40.619196108296535,-73.99012221307656,2012-05-03 18:05:16,2012-04-30,train,1072_4
1072,2115,26,Drugstore / Pharmacy,40.60586316648548,-73.98481362650024,2012-05-03 19:45:55,2012-04-30,train,1072_4
1072,3743,90,School,40.60266308334217,-73.97209537820379,2012-05-04 07:56:27,2012-04-30,train,1072_4
1072,862,147,Movie Theater,40.58606020705239,-73.92983436584473,2012-05-04 18:58:58,2012-04-30,train,1072_4
1072,1832,42,Food & Drink Shop,40.582704252811,-73.98557118513084,2012-05-04 21:30:40,2012-04-30,train,1072_4
1072,1945,141,Bagel Shop,40.58802,-73.953244,2012-05-05 10:37:34,2012-04-30,train,1072_4
1072,315,121,Park,40.69829137715981,-73.99663209915161,2012-05-05 20:11:44,2012-04-30,train,1072_4
1072,3942,157,Stadium,40.5746454184912,-73.98450371529013,2012-05-06 15:31:19,2012-04-30,train,1072_4
1072,1832,42,Food & Drink Shop,40.582704252811,-73.98557118513084,2012-05-06 15:31:49,2012-04-30,train,1072_4
1072,3408,196,Restaurant,40.59660630181478,-73.97727231182357,2012-05-06 15:42:52,2012-04-30,train,1072_4
1072,1945,141,Bagel Shop,40.58802,-73.953244,2012-05-06 16:13:52,2012-04-30,train,1072_4
1072,3880,6,Home (private),40.610828321124906,-73.97712595918333,2012-05-06 21:21:02,2012-04-30,train,1072_4
1074,124,37,Bar,40.702435,-73.987073,2012-05-03 13:44:48,2012-04-30,train,1074_4
1074,1385,61,Office,40.70283941552312,-73.98913511403559,2012-05-04 15:33:16,2012-04-30,train,1074_4
1074,85,110,American Restaurant,40.74065934700641,-73.99826558632256,2012-05-04 18:22:05,2012-04-30,train,1074_4
1074,1392,214,Bar,40.7608782375,-73.990818,2012-05-04 21:00:21,2012-04-30,train,1074_4
1075,1458,80,Building,40.65299279819418,-73.90020087549914,2012-05-03 08:55:05,2012-04-30,train,1075_4
1075,554,96,Deli / Bodega,40.67744016913447,-73.97271524012237,2012-05-03 10:14:01,2012-04-30,train,1075_4
1075,1458,80,Building,40.65299279819418,-73.90020087549914,2012-05-03 20:34:03,2012-04-30,train,1075_4
1075,1458,80,Building,40.65299279819418,-73.90020087549914,2012-05-04 08:57:23,2012-04-30,train,1075_4
1075,1458,80,Building,40.65299279819418,-73.90020087549914,2012-05-04 21:02:33,2012-04-30,train,1075_4
1076,3458,128,Bakery,40.838385,-74.155839,2012-05-03 15:26:09,2012-04-30,train,1076_4
1076,3458,128,Bakery,40.838385,-74.155839,2012-05-04 16:19:08,2012-04-30,train,1076_4
1076,3443,201,Ice Cream Shop,40.83887900876265,-74.15544033050537,2012-05-04 16:19:24,2012-04-30,train,1076_4
1076,2030,47,Bar,40.87077690106772,-74.18019443750381,2012-05-05 00:53:11,2012-04-30,train,1076_4
1076,4530,6,Home (private),40.83676328636133,-74.17684116064805,2012-05-05 13:40:03,2012-04-30,train,1076_4
1076,3458,128,Bakery,40.838385,-74.155839,2012-05-05 19:42:08,2012-04-30,train,1076_4
1076,720,146,Movie Theater,40.828585959081536,-74.14026975631714,2012-05-06 13:13:11,2012-04-30,train,1076_4
1077,3203,253,General Travel,40.81653821069206,-74.21447327889578,2012-05-01 15:11:34,2012-04-30,train,1077_1
1077,1876,37,Bar,40.817789,-74.211569013733,2012-05-01 19:57:20,2012-04-30,train,1077_1
1077,1876,37,Bar,40.817789,-74.211569013733,2012-05-03 12:56:31,2012-04-30,train,1077_1
1077,802,150,Stadium,40.73308000062968,-74.1708254814148,2012-05-03 19:23:32,2012-04-30,train,1077_1
1077,802,150,Stadium,40.73308000062968,-74.1708254814148,2012-05-03 21:26:11,2012-04-30,train,1077_1
1077,3203,253,General Travel,40.81653821069206,-74.21447327889578,2012-05-04 09:51:59,2012-04-30,train,1077_1
1077,1876,37,Bar,40.817789,-74.211569013733,2012-05-04 13:26:19,2012-04-30,train,1077_1
1077,1876,37,Bar,40.817789,-74.211569013733,2012-05-05 05:27:33,2012-04-30,train,1077_1
