user_index,poi_index,cat_index,POI_catname,latitude,longitude,local_time,week_start,split_week,session_id
4,487,197,Sandwich Place,40.73426694935767,-73.99110674858093,2012-07-21 18:43:22,2012-07-16,train,4_13
4,406,147,Movie Theater,40.73416736029532,-73.99048715829849,2012-07-21 19:07:27,2012-07-16,train,4_13
6,4441,6,Home (private),40.71448092304508,-73.87130987645999,2012-07-17 00:03:04,2012-07-16,train,6_8
6,2151,132,Fast Food Restaurant,40.743901,-73.9235,2012-07-17 14:09:22,2012-07-16,train,6_8
6,2151,132,Fast Food Restaurant,40.743901,-73.9235,2012-07-18 08:47:27,2012-07-16,train,6_8
6,2151,132,Fast Food Restaurant,40.743901,-73.9235,2012-07-18 14:42:11,2012-07-16,train,6_8
6,1477,317,City,40.71421605600625,-74.00596618652344,2012-07-20 19:22:15,2012-07-16,train,6_8
9,3777,301,Neighborhood,40.6826899486852,-73.93173693518101,2012-07-16 01:12:47,2012-07-16,train,9_14
9,3777,301,Neighborhood,40.6826899486852,-73.93173693518101,2012-07-16 01:15:08,2012-07-16,train,9_14
9,4845,96,Deli / Bodega,40.68614152063403,-73.94364845987359,2012-07-16 01:19:03,2012-07-16,train,9_14
9,4772,281,Residential Building (Apartment / Condo),40.68610405768023,-73.94382640962873,2012-07-16 01:20:34,2012-07-16,train,9_14
9,4772,281,Residential Building (Apartment / Condo),40.68610405768023,-73.94382640962873,2012-07-16 03:12:04,2012-07-16,train,9_14
9,3777,301,Neighborhood,40.6826899486852,-73.93173693518101,2012-07-16 15:38:59,2012-07-16,train,9_14
9,3777,301,Neighborhood,40.6826899486852,-73.93173693518101,2012-07-16 15:39:24,2012-07-16,train,9_14
9,3777,301,Neighborhood,40.6826899486852,-73.93173693518101,2012-07-16 15:39:55,2012-07-16,train,9_14
9,4845,96,Deli / Bodega,40.68614152063403,-73.94364845987359,2012-07-16 16:20:03,2012-07-16,train,9_14
9,4772,281,Residential Building (Apartment / Condo),40.68610405768023,-73.94382640962873,2012-07-16 17:21:09,2012-07-16,train,9_14
9,3777,301,Neighborhood,40.6826899486852,-73.93173693518101,2012-07-17 03:09:57,2012-07-16,train,9_14
9,3777,301,Neighborhood,40.6826899486852,-73.93173693518101,2012-07-22 11:02:23,2012-07-16,train,9_14
9,3777,301,Neighborhood,40.6826899486852,-73.93173693518101,2012-07-22 11:03:48,2012-07-16,train,9_14
9,3777,301,Neighborhood,40.6826899486852,-73.93173693518101,2012-07-22 11:05:50,2012-07-16,train,9_14
10,665,138,Gym / Fitness Center,40.73448312627058,-73.98823409478094,2012-07-18 19:26:59,2012-07-16,train,10_13
10,221,48,Bar,40.783368543265446,-73.97819995880127,2012-07-21 18:15:21,2012-07-16,train,10_13
10,63,41,Bar,40.7843169021422,-73.97760519192389,2012-07-21 19:08:11,2012-07-16,train,10_13
12,1922,158,Comedy Club,40.757995572948985,-73.98953110205146,2012-07-16 14:56:03,2012-07-16,train,12_14
12,1354,61,Office,40.758551470603706,-73.98488823467986,2012-07-17 10:30:35,2012-07-16,train,12_14
12,1395,259,Hotel,40.76053962409181,-73.98462423637571,2012-07-17 13:20:10,2012-07-16,train,12_14
15,1492,76,Ferry,40.70325299803113,-74.00609493255615,2012-07-16 09:24:12,2012-07-16,train,15_13
15,3639,61,Office,40.70224443617512,-74.01071906089783,2012-07-16 12:44:36,2012-07-16,train,15_13
15,1492,76,Ferry,40.70325299803113,-74.00609493255615,2012-07-16 17:46:23,2012-07-16,train,15_13
15,1492,76,Ferry,40.70325299803113,-74.00609493255615,2012-07-17 09:39:44,2012-07-16,train,15_13
15,3639,61,Office,40.70224443617512,-74.01071906089783,2012-07-17 09:41:09,2012-07-16,train,15_13
15,1492,76,Ferry,40.70325299803113,-74.00609493255615,2012-07-20 09:37:51,2012-07-16,train,15_13
15,3639,61,Office,40.70224443617512,-74.01071906089783,2012-07-20 09:38:31,2012-07-16,train,15_13
16,192,121,Park,40.73528249691621,-73.99040315158283,2012-07-16 13:34:38,2012-07-16,train,16_12
16,4481,138,Gym / Fitness Center,40.74611901545656,-73.99307012557983,2012-07-17 12:57:00,2012-07-16,train,16_12
16,2121,264,Subway,40.74914266125337,-73.86958122253418,2012-07-17 14:31:31,2012-07-16,train,16_12
16,804,70,Train Station,40.73420076077984,-74.16483829470191,2012-07-17 18:08:33,2012-07-16,train,16_12
16,2068,138,Gym / Fitness Center,40.70257473392312,-73.8189978337963,2012-07-18 14:21:22,2012-07-16,train,16_12
16,4174,301,Neighborhood,40.70265426171802,-73.79950757904443,2012-07-18 16:30:07,2012-07-16,train,16_12
16,4480,6,Home (private),40.73569746375886,-73.81249842275241,2012-07-22 11:20:26,2012-07-16,train,16_12
19,405,241,Airport,40.645089355976346,-73.7845230102539,2012-07-17 19:28:09,2012-07-16,train,19_11
19,1475,241,Airport,40.773839,-73.87122,2012-07-18 18:16:59,2012-07-16,train,19_11
19,435,224,Arcade,40.756717428206045,-73.98858547210693,2012-07-20 21:23:21,2012-07-16,train,19_11
20,1596,132,Fast Food Restaurant,40.85446165720632,-74.07096147537231,2012-07-21 19:35:46,2012-07-16,train,20_14
20,1783,97,Diner,40.92607839076309,-74.09735270529153,2012-07-22 11:06:31,2012-07-16,train,20_14
33,2662,139,Medical Center,40.73475566975019,-73.9894450177697,2012-07-18 08:59:26,2012-07-16,train,33_9
33,4485,130,Burger Joint,40.74204545087182,-74.00076189994842,2012-07-18 12:24:30,2012-07-16,train,33_9
34,1908,37,Bar,40.85785364392424,-74.14799451828003,2012-07-16 02:00:27,2012-07-16,train,34_14
34,3464,6,Home (private),40.85155841497341,-74.14161270853154,2012-07-16 03:34:09,2012-07-16,train,34_14
37,4136,222,Coffee Shop,40.75467722704848,-73.97448872291928,2012-07-16 15:58:26,2012-07-16,train,37_13
37,4136,222,Coffee Shop,40.75467722704848,-73.97448872291928,2012-07-17 09:48:39,2012-07-16,train,37_13
37,71,222,Coffee Shop,40.7858960417406,-73.9768705592111,2012-07-21 19:53:03,2012-07-16,train,37_13
47,1028,137,Gym / Fitness Center,40.743854,-73.987898,2012-07-17 06:31:54,2012-07-16,train,47_14
47,475,63,Office,40.74106165791133,-74.0025638164589,2012-07-17 08:48:05,2012-07-16,train,47_14
47,511,102,American Restaurant,40.74077282099758,-74.00689638067608,2012-07-17 18:44:50,2012-07-16,train,47_14
49,2445,61,Office,40.74190869100568,-73.98925563221387,2012-07-16 09:16:03,2012-07-16,train,49_12
49,2445,61,Office,40.74190869100568,-73.98925563221387,2012-07-17 08:49:07,2012-07-16,train,49_12
49,954,146,Movie Theater,40.74492342607472,-73.9980360386088,2012-07-17 19:35:45,2012-07-16,train,49_12
49,2445,61,Office,40.74190869100568,-73.98925563221387,2012-07-18 08:52:47,2012-07-16,train,49_12
49,2445,61,Office,40.74190869100568,-73.98925563221387,2012-07-20 09:08:41,2012-07-16,train,49_12
49,20,206,Seafood Restaurant,40.73662677399135,-73.9908854896675,2012-07-20 20:20:38,2012-07-16,train,49_12
49,4001,42,Food & Drink Shop,40.7783736214385,-73.95255722721059,2012-07-22 09:26:09,2012-07-16,train,49_12
52,2275,78,Library,40.73699909877152,-73.99245220578715,2012-07-16 08:08:14,2012-07-16,train,52_13
52,2275,78,Library,40.73699909877152,-73.99245220578715,2012-07-17 08:05:53,2012-07-16,train,52_13
56,3442,222,Coffee Shop,40.730096,-73.992499,2012-07-16 12:42:20,2012-07-16,train,56_14
56,318,128,Bakery,40.73019307158212,-73.9892728490903,2012-07-16 18:00:05,2012-07-16,train,56_14
56,3442,222,Coffee Shop,40.730096,-73.992499,2012-07-18 15:41:20,2012-07-16,train,56_14
56,318,128,Bakery,40.73019307158212,-73.9892728490903,2012-07-18 18:48:50,2012-07-16,train,56_14
57,1680,173,Community College,40.95105710437937,-74.08986568450928,2012-07-16 09:06:17,2012-07-16,train,57_11
57,1961,56,Paper / Office Supplies Store,40.82660915346994,-74.13912177085876,2012-07-16 23:18:41,2012-07-16,train,57_11
57,2116,102,American Restaurant,40.82816381252365,-74.13900375366211,2012-07-16 23:18:54,2012-07-16,train,57_11
57,1680,173,Community College,40.95105710437937,-74.08986568450928,2012-07-18 08:39:59,2012-07-16,train,57_11
57,3437,6,Home (private),40.92039063491639,-74.00063278107605,2012-07-18 10:56:28,2012-07-16,train,57_11
62,4285,6,Home (private),40.87454170662472,-74.09463109843134,2012-07-16 10:40:28,2012-07-16,train,62_15
62,4155,281,Residential Building (Apartment / Condo),40.8706300946324,-74.09792627389562,2012-07-16 12:24:55,2012-07-16,train,62_15
62,4801,308,Funeral Home,40.87053932297712,-74.0979549522799,2012-07-16 15:07:57,2012-07-16,train,62_15
62,2133,54,Food & Drink Shop,40.91637850483696,-74.07649656441112,2012-07-17 19:51:41,2012-07-16,train,62_15
62,4155,281,Residential Building (Apartment / Condo),40.8706300946324,-74.09792627389562,2012-07-18 15:17:25,2012-07-16,train,62_15
62,4775,300,Moving Target,40.86981347415363,-74.0969467163086,2012-07-18 18:59:02,2012-07-16,train,62_15
65,4705,6,Home (private),40.767237460001375,-73.89482953406639,2012-07-17 19:48:34,2012-07-16,train,65_11
65,2171,138,Gym / Fitness Center,40.75618883982813,-73.9225516455076,2012-07-20 10:37:35,2012-07-16,train,65_11
65,1650,239,Airport,40.77025558040047,-73.86387348175049,2012-07-21 18:10:13,2012-07-16,train,65_11
65,2032,239,Airport,40.77387937168837,-73.87237071990967,2012-07-22 11:33:27,2012-07-16,train,65_11
66,3548,61,Office,40.75322745786959,-73.99013942987524,2012-07-16 08:49:01,2012-07-16,train,66_9
66,349,70,Train Station,40.75280620914171,-73.97717535495758,2012-07-16 17:20:29,2012-07-16,train,66_9
66,3548,61,Office,40.75322745786959,-73.99013942987524,2012-07-17 08:48:48,2012-07-16,train,66_9
66,3548,61,Office,40.75322745786959,-73.99013942987524,2012-07-18 08:43:01,2012-07-16,train,66_9
66,5010,120,Other Great Outdoors,40.74696317219398,-73.96962165011914,2012-07-18 17:22:18,2012-07-16,train,66_9
70,357,70,Train Station,40.750794799423865,-73.99357639021292,2012-07-16 17:15:51,2012-07-16,train,70_8
70,1874,264,Subway,40.73158408988183,-74.00021553039551,2012-07-18 17:22:48,2012-07-16,train,70_8
71,3267,266,Bus Station,40.738998274248864,-73.81505727767944,2012-07-16 06:52:39,2012-07-16,train,71_10
71,2998,91,High School,40.76568899694568,-73.93309593200684,2012-07-16 08:11:57,2012-07-16,train,71_10
71,2774,257,Road,40.780167724221975,-73.80259037017822,2012-07-16 15:12:47,2012-07-16,train,71_10
71,1515,264,Subway,40.75047562272483,-73.94028425216675,2012-07-17 07:29:43,2012-07-16,train,71_10
71,2998,91,High School,40.76568899694568,-73.93309593200684,2012-07-17 08:19:39,2012-07-16,train,71_10
77,1868,26,Drugstore / Pharmacy,40.74123105421344,-73.9895368410022,2012-07-16 13:04:25,2012-07-16,train,77_14
77,895,32,Hardware Store,40.74215230390258,-73.99064540863037,2012-07-16 18:59:46,2012-07-16,train,77_14
77,1471,96,Deli / Bodega,40.74131672712246,-73.98830870163144,2012-07-16 19:22:04,2012-07-16,train,77_14
77,2868,297,Mobile Phone Shop,40.74120107605398,-73.99055837150034,2012-07-18 15:12:10,2012-07-16,train,77_14
80,1389,138,Gym / Fitness Center,40.697802665282175,-73.99414516303145,2012-07-16 07:33:16,2012-07-16,train,80_12
80,2723,301,Neighborhood,40.702407027583206,-73.98875100667293,2012-07-16 18:21:54,2012-07-16,train,80_12
80,3718,123,Scenic Lookout,40.70427281157053,-73.9867591687836,2012-07-16 18:27:59,2012-07-16,train,80_12
80,2350,178,General College & University,40.70473327890426,-73.98773789405823,2012-07-16 18:31:25,2012-07-16,train,80_12
80,761,174,College Academic Building,40.69772073971887,-73.99302035242692,2012-07-16 22:33:51,2012-07-16,train,80_12
80,1389,138,Gym / Fitness Center,40.697802665282175,-73.99414516303145,2012-07-17 08:21:42,2012-07-16,train,80_12
80,3289,301,Neighborhood,40.65016889724004,-73.94957542419434,2012-07-17 10:41:26,2012-07-16,train,80_12
80,4991,301,Neighborhood,40.694809888122464,-73.99426102638245,2012-07-17 10:42:28,2012-07-16,train,80_12
80,1226,222,Coffee Shop,40.74895376869637,-73.99225708433067,2012-07-17 13:38:11,2012-07-16,train,80_12
80,1226,222,Coffee Shop,40.74895376869637,-73.99225708433067,2012-07-17 13:50:38,2012-07-16,train,80_12
80,4991,301,Neighborhood,40.694809888122464,-73.99426102638245,2012-07-18 12:57:10,2012-07-16,train,80_12
80,767,222,Coffee Shop,40.69467289675027,-73.99408203608046,2012-07-18 12:57:48,2012-07-16,train,80_12
80,2723,301,Neighborhood,40.702407027583206,-73.98875100667293,2012-07-18 15:30:12,2012-07-16,train,80_12
80,3718,123,Scenic Lookout,40.70427281157053,-73.9867591687836,2012-07-18 15:30:19,2012-07-16,train,80_12
80,2350,178,General College & University,40.70473327890426,-73.98773789405823,2012-07-18 15:30:25,2012-07-16,train,80_12
80,1389,138,Gym / Fitness Center,40.697802665282175,-73.99414516303145,2012-07-22 08:34:33,2012-07-16,train,80_12
84,1323,70,Train Station,40.747582087041366,-74.17188763618469,2012-07-16 06:28:58,2012-07-16,train,84_15
84,2788,61,Office,40.78614007703091,-73.85758207332279,2012-07-16 07:49:29,2012-07-16,train,84_15
84,357,70,Train Station,40.750794799423865,-73.99357639021292,2012-07-17 07:08:30,2012-07-16,train,84_15
84,3581,73,Bus Station,40.759019,-73.82994493333334,2012-07-17 07:58:35,2012-07-16,train,84_15
84,2788,61,Office,40.78614007703091,-73.85758207332279,2012-07-17 08:19:10,2012-07-16,train,84_15
84,1340,70,Train Station,40.745793884066536,-73.90296936035156,2012-07-17 19:12:22,2012-07-16,train,84_15
87,495,134,Event Space,40.782860080688806,-73.95289014999135,2012-07-16 19:29:55,2012-07-16,train,87_10
87,4933,281,Residential Building (Apartment / Condo),40.89995265117514,-73.86681061642456,2012-07-16 23:31:29,2012-07-16,train,87_10
87,1647,264,Subway,40.8864595193891,-73.87842178344727,2012-07-17 11:15:04,2012-07-16,train,87_10
87,495,134,Event Space,40.782860080688806,-73.95289014999135,2012-07-17 13:44:13,2012-07-16,train,87_10
87,1318,1,Pet Store,40.77981326029949,-73.95553629169083,2012-07-17 18:53:44,2012-07-16,train,87_10
87,4933,281,Residential Building (Apartment / Condo),40.89995265117514,-73.86681061642456,2012-07-18 10:48:21,2012-07-16,train,87_10
87,495,134,Event Space,40.782860080688806,-73.95289014999135,2012-07-18 13:45:17,2012-07-16,train,87_10
87,1437,185,College Academic Building,40.77937325315485,-73.95507135401736,2012-07-18 17:50:35,2012-07-16,train,87_10
88,3169,90,School,40.765378,-74.147923,2012-07-18 16:23:38,2012-07-16,train,88_14
88,3168,6,Home (private),40.79889202318283,-74.11812337576457,2012-07-18 20:52:57,2012-07-16,train,88_14
94,1007,61,Office,40.74551752113523,-73.99235129356384,2012-07-16 10:06:01,2012-07-16,train,94_15
94,528,42,Food & Drink Shop,40.74481848035928,-73.99515151977539,2012-07-16 12:41:15,2012-07-16,train,94_15
94,1007,61,Office,40.74551752113523,-73.99235129356384,2012-07-16 14:39:06,2012-07-16,train,94_15
94,4481,138,Gym / Fitness Center,40.74611901545656,-73.99307012557983,2012-07-16 18:32:52,2012-07-16,train,94_15
94,1007,61,Office,40.74551752113523,-73.99235129356384,2012-07-17 11:25:12,2012-07-16,train,94_15
94,2060,7,Clothing Store,40.722597268094006,-73.99791552594898,2012-07-18 12:57:45,2012-07-16,train,94_15
96,3749,259,Hotel,40.71532522653398,-74.00952456386844,2012-07-16 00:39:32,2012-07-16,train,96_6
96,3749,259,Hotel,40.71532522653398,-74.00952456386844,2012-07-16 05:54:45,2012-07-16,train,96_6
96,3749,259,Hotel,40.71532522653398,-74.00952456386844,2012-07-17 02:26:28,2012-07-16,train,96_6
98,3418,28,Salon / Barbershop,40.81615510451447,-74.22036003768103,2012-07-20 09:25:47,2012-07-16,train,98_9
98,3019,98,Donut Shop,40.81575799858361,-74.22062873840332,2012-07-20 09:50:43,2012-07-16,train,98_9
106,1009,165,College Academic Building,40.80861223601287,-73.96154880523682,2012-07-16 10:57:41,2012-07-16,train,106_13
106,109,50,Bar,40.752548117544286,-73.97774293524516,2012-07-16 19:16:17,2012-07-16,train,106_13
106,2112,222,Coffee Shop,40.7595730799586,-73.98524405790694,2012-07-17 06:23:20,2012-07-16,train,106_13
106,437,55,Bar,40.74421527986642,-73.9885380368106,2012-07-17 20:15:20,2012-07-16,train,106_13
106,437,55,Bar,40.74421527986642,-73.9885380368106,2012-07-17 20:19:08,2012-07-16,train,106_13
106,2050,61,Office,40.75603128410371,-73.98568596648084,2012-07-20 11:00:42,2012-07-16,train,106_13
107,3421,93,Breakfast Spot,40.706475439095264,-73.80230514842124,2012-07-16 07:09:09,2012-07-16,train,107_14
107,2028,42,Food & Drink Shop,40.76396260951911,-73.82912419785441,2012-07-16 19:48:47,2012-07-16,train,107_14
107,3036,73,Bus Station,40.71051011651382,-73.80433293077584,2012-07-18 17:32:06,2012-07-16,train,107_14
108,3657,6,Home (private),40.60259048645985,-73.98887973002674,2012-07-16 02:20:06,2012-07-16,train,108_15
108,740,227,Beach,40.57334843776636,-73.98030281066895,2012-07-16 12:43:53,2012-07-16,train,108_15
108,2637,264,Subway,40.57745558120849,-73.98124694824219,2012-07-16 13:48:05,2012-07-16,train,108_15
108,3657,6,Home (private),40.60259048645985,-73.98887973002674,2012-07-17 01:25:08,2012-07-16,train,108_15
108,3033,27,Italian Restaurant,40.73448624021895,-73.99211361254487,2012-07-17 14:04:01,2012-07-16,train,108_15
108,3723,61,Office,40.598756425000005,-73.99783441999999,2012-07-18 11:18:58,2012-07-16,train,108_15
112,391,80,Building,40.74828059076867,-73.98556262254715,2012-07-17 12:37:36,2012-07-16,train,112_13
112,2392,61,Office,40.747832910398266,-73.98552527257162,2012-07-17 12:37:56,2012-07-16,train,112_13
112,414,214,Bar,40.7616909474116,-73.99105310440063,2012-07-18 19:13:10,2012-07-16,train,112_13
113,475,63,Office,40.74106165791133,-74.0025638164589,2012-07-16 09:27:10,2012-07-16,train,113_11
113,3116,319,Market,40.74186151409088,-73.98943362953369,2012-07-16 20:32:12,2012-07-16,train,113_11
113,475,63,Office,40.74106165791133,-74.0025638164589,2012-07-17 09:34:18,2012-07-16,train,113_11
113,475,63,Office,40.74106165791133,-74.0025638164589,2012-07-18 12:27:12,2012-07-16,train,113_11
113,3438,85,Theater,40.75081989112107,-74.0038664652844,2012-07-21 18:48:57,2012-07-16,train,113_11
116,3107,61,Office,40.74496479182735,-73.99345636367798,2012-07-16 09:03:07,2012-07-16,train,116_11
116,2105,222,Coffee Shop,40.74708298027893,-73.9934450265937,2012-07-18 08:55:58,2012-07-16,train,116_11
116,2105,222,Coffee Shop,40.74708298027893,-73.9934450265937,2012-07-20 10:43:08,2012-07-16,train,116_11
117,2274,61,Office,40.75005297929758,-73.97360801696777,2012-07-16 09:55:11,2012-07-16,train,117_12
117,26,37,Bar,40.73878324326924,-73.98893998920552,2012-07-16 17:52:04,2012-07-16,train,117_12
117,561,57,Bar,40.72574081337552,-73.99028290313753,2012-07-17 03:40:11,2012-07-16,train,117_12
117,1475,241,Airport,40.773839,-73.87122,2012-07-18 10:22:42,2012-07-16,train,117_12
121,622,61,Office,40.74050711736373,-73.98690838360204,2012-07-16 07:43:13,2012-07-16,train,121_15
121,220,128,Bakery,40.7386405913415,-73.99253368377686,2012-07-16 08:28:05,2012-07-16,train,121_15
121,622,61,Office,40.74050711736373,-73.98690838360204,2012-07-17 07:28:15,2012-07-16,train,121_15
121,1704,97,Diner,40.770983215678605,-73.98713220561226,2012-07-22 07:57:06,2012-07-16,train,121_15
126,3670,61,Office,40.73091410131154,-73.99139625200611,2012-07-16 08:44:40,2012-07-16,train,126_4
126,357,70,Train Station,40.750794799423865,-73.99357639021292,2012-07-16 16:22:13,2012-07-16,train,126_4
126,1384,70,Train Station,40.7043591450871,-74.19071674346924,2012-07-16 16:46:18,2012-07-16,train,126_4
126,2314,259,Hotel,40.70413141043032,-74.1860818862915,2012-07-16 17:29:04,2012-07-16,train,126_4
126,1384,70,Train Station,40.7043591450871,-74.19071674346924,2012-07-17 07:26:13,2012-07-16,train,126_4
126,357,70,Train Station,40.750794799423865,-73.99357639021292,2012-07-17 07:52:51,2012-07-16,train,126_4
126,4157,222,Coffee Shop,40.73317755885807,-73.99116039276123,2012-07-17 08:19:33,2012-07-16,train,126_4
126,587,266,Bus Station,40.75722129839836,-73.99154663085938,2012-07-17 20:57:28,2012-07-16,train,126_4
127,4928,6,Home (private),40.745981761090256,-73.95361626406626,2012-07-17 19:22:04,2012-07-16,train,127_13
127,1461,137,Gym / Fitness Center,40.7669055013556,-73.95784948347529,2012-07-18 18:34:24,2012-07-16,train,127_13
127,4928,6,Home (private),40.745981761090256,-73.95361626406626,2012-07-18 19:30:45,2012-07-16,train,127_13
127,4928,6,Home (private),40.745981761090256,-73.95361626406626,2012-07-20 19:47:44,2012-07-16,train,127_13
127,686,92,Asian Restaurant,40.71973985357507,-74.00430833093392,2012-07-21 18:07:31,2012-07-16,train,127_13
129,234,121,Park,40.74218830848454,-73.98792418909154,2012-07-16 06:53:21,2012-07-16,train,129_15
129,3234,222,Coffee Shop,40.741904376575214,-73.98906826972961,2012-07-16 11:20:05,2012-07-16,train,129_15
129,234,121,Park,40.74218830848454,-73.98792418909154,2012-07-17 06:39:40,2012-07-16,train,129_15
129,234,121,Park,40.74218830848454,-73.98792418909154,2012-07-17 18:56:38,2012-07-16,train,129_15
129,3234,222,Coffee Shop,40.741904376575214,-73.98906826972961,2012-07-18 13:13:33,2012-07-16,train,129_15
129,7,131,Café,40.736827,-73.986909,2012-07-20 19:58:33,2012-07-16,train,129_15
129,234,121,Park,40.74218830848454,-73.98792418909154,2012-07-22 09:59:11,2012-07-16,train,129_15
130,1038,37,Bar,40.70935512791738,-74.01115998713983,2012-07-18 17:57:51,2012-07-16,train,130_6
130,874,194,Mexican Restaurant,40.70428723922974,-74.01012135152561,2012-07-18 18:47:34,2012-07-16,train,130_6
133,2708,240,Airport,40.69881195801446,-73.8087272644043,2012-07-16 02:59:12,2012-07-16,train,133_5
133,3981,6,Home (private),40.72412957959175,-73.80073403370818,2012-07-16 03:38:50,2012-07-16,train,133_5
133,1068,183,University,40.721664700472566,-73.79473686218262,2012-07-16 11:02:43,2012-07-16,train,133_5
133,3981,6,Home (private),40.72412957959175,-73.80073403370818,2012-07-16 21:58:13,2012-07-16,train,133_5
133,2449,42,Food & Drink Shop,40.73321323674264,-73.80445356306849,2012-07-17 17:51:39,2012-07-16,train,133_5
133,3981,6,Home (private),40.72412957959175,-73.80073403370818,2012-07-17 19:03:11,2012-07-16,train,133_5
133,2449,42,Food & Drink Shop,40.73321323674264,-73.80445356306849,2012-07-18 10:32:18,2012-07-16,train,133_5
133,1068,183,University,40.721664700472566,-73.79473686218262,2012-07-20 21:16:17,2012-07-16,train,133_5
136,3000,254,Department Store,40.79535805750898,-73.93105745315552,2012-07-18 10:54:55,2012-07-16,train,136_0
136,114,133,Hot Dog Joint,40.77887659371932,-73.95391187494351,2012-07-21 17:58:25,2012-07-16,train,136_0
137,1550,78,Library,40.79659548530821,-74.1974997892039,2012-07-16 12:42:41,2012-07-16,train,137_4
137,1550,78,Library,40.79659548530821,-74.1974997892039,2012-07-17 12:48:34,2012-07-16,train,137_4
137,2116,102,American Restaurant,40.82816381252365,-74.13900375366211,2012-07-18 14:27:51,2012-07-16,train,137_4
141,1723,246,Performing Arts Venue,40.77114935894503,-73.98270606994629,2012-07-16 09:28:58,2012-07-16,train,141_12
141,2026,87,Theater,40.76373252155103,-73.97949341469202,2012-07-20 19:23:25,2012-07-16,train,141_12
146,1475,241,Airport,40.773839,-73.87122,2012-07-16 12:57:21,2012-07-16,train,146_12
146,4093,281,Residential Building (Apartment / Condo),40.761245770854,-73.99945923000035,2012-07-16 16:02:26,2012-07-16,train,146_12
146,4076,61,Office,40.72506779195986,-74.00747022288321,2012-07-17 08:43:33,2012-07-16,train,146_12
146,4076,61,Office,40.72506779195986,-74.00747022288321,2012-07-18 09:07:42,2012-07-16,train,146_12
147,5012,281,Residential Building (Apartment / Condo),40.709071733503215,-74.01479229823786,2012-07-20 19:26:48,2012-07-16,train,147_0
147,5012,281,Residential Building (Apartment / Condo),40.709071733503215,-74.01479229823786,2012-07-21 19:11:34,2012-07-16,train,147_0
147,5012,281,Residential Building (Apartment / Condo),40.709071733503215,-74.01479229823786,2012-07-22 08:34:35,2012-07-16,train,147_0
150,2707,61,Office,40.74266728649464,-74.00531256725206,2012-07-16 09:52:54,2012-07-16,train,150_14
150,2707,61,Office,40.74266728649464,-74.00531256725206,2012-07-17 10:30:33,2012-07-16,train,150_14
150,2707,61,Office,40.74266728649464,-74.00531256725206,2012-07-18 10:24:43,2012-07-16,train,150_14
150,2707,61,Office,40.74266728649464,-74.00531256725206,2012-07-20 10:59:14,2012-07-16,train,150_14
152,249,130,Burger Joint,40.741160589048285,-73.98811340332031,2012-07-16 13:53:12,2012-07-16,train,152_6
152,1021,206,Seafood Restaurant,40.633613,-74.014332,2012-07-22 10:25:40,2012-07-16,train,152_6
153,219,222,Coffee Shop,40.679668384825625,-73.97820175,2012-07-17 07:26:33,2012-07-16,train,153_7
153,656,102,American Restaurant,40.71341513867138,-73.95861862795327,2012-07-17 21:07:27,2012-07-16,train,153_7
156,682,31,Bar,40.73035793472105,-73.98632874077299,2012-07-16 08:40:05,2012-07-16,train,156_13
156,405,241,Airport,40.645089355976346,-73.7845230102539,2012-07-16 20:41:36,2012-07-16,train,156_13
156,406,147,Movie Theater,40.73416736029532,-73.99048715829849,2012-07-20 19:11:36,2012-07-16,train,156_13
157,1047,137,Gym / Fitness Center,40.70819,-74.00648,2012-07-16 04:49:08,2012-07-16,train,157_2
157,459,252,Food & Drink Shop,40.72413519041223,-73.99778927450977,2012-07-16 09:14:29,2012-07-16,train,157_2
157,1047,137,Gym / Fitness Center,40.70819,-74.00648,2012-07-17 04:53:48,2012-07-16,train,157_2
157,921,4,Gym / Fitness Center,40.72090442397552,-74.00063395500183,2012-07-17 09:00:51,2012-07-16,train,157_2
157,680,222,Coffee Shop,40.71493168249224,-74.01143789291382,2012-07-17 12:11:19,2012-07-16,train,157_2
157,680,222,Coffee Shop,40.71493168249224,-74.01143789291382,2012-07-18 11:22:37,2012-07-16,train,157_2
157,1047,137,Gym / Fitness Center,40.70819,-74.00648,2012-07-22 07:52:58,2012-07-16,train,157_2
163,3865,63,Office,40.710432469677535,-74.01041974465554,2012-07-16 10:30:18,2012-07-16,train,163_12
163,4497,131,Café,40.7129311618756,-74.00964349508286,2012-07-16 12:22:53,2012-07-16,train,163_12
163,3865,63,Office,40.710432469677535,-74.01041974465554,2012-07-17 09:32:05,2012-07-16,train,163_12
163,3865,63,Office,40.710432469677535,-74.01041974465554,2012-07-20 09:30:46,2012-07-16,train,163_12
170,603,37,Bar,40.747354686763074,-73.9844004114423,2012-07-20 20:24:12,2012-07-16,train,170_9
170,123,238,Music Venue,40.74132956997647,-73.98120944300699,2012-07-20 21:10:58,2012-07-16,train,170_9
171,3524,222,Coffee Shop,40.89567307366464,-73.87661933898926,2012-07-16 09:10:23,2012-07-16,train,171_14
171,4131,16,Clothing Store,40.77909533410843,-73.98122549057007,2012-07-16 10:15:51,2012-07-16,train,171_14
171,3153,236,Playground,40.7772917298741,-73.98412227630615,2012-07-16 10:20:56,2012-07-16,train,171_14
171,421,197,Sandwich Place,40.745877199136686,-73.97780567407608,2012-07-16 12:36:59,2012-07-16,train,171_14
171,2062,26,Drugstore / Pharmacy,40.74586843819785,-73.97830538611639,2012-07-16 14:19:36,2012-07-16,train,171_14
171,4056,256,Furniture / Home Store,40.7416013615111,-73.9992009904121,2012-07-16 14:55:57,2012-07-16,train,171_14
171,3847,222,Coffee Shop,40.73923249454244,-74.00294534862041,2012-07-16 15:36:41,2012-07-16,train,171_14
171,4496,7,Clothing Store,40.74115766851602,-73.99817950596213,2012-07-16 16:09:03,2012-07-16,train,171_14
171,1647,264,Subway,40.8864595193891,-73.87842178344727,2012-07-17 08:30:37,2012-07-16,train,171_14
171,3153,236,Playground,40.7772917298741,-73.98412227630615,2012-07-17 09:59:46,2012-07-16,train,171_14
171,3755,233,Other Great Outdoors,40.77730188729761,-73.98910068025646,2012-07-17 10:57:18,2012-07-16,train,171_14
171,1217,26,Drugstore / Pharmacy,40.77703357124945,-73.98266719415489,2012-07-17 12:36:25,2012-07-16,train,171_14
171,2062,26,Drugstore / Pharmacy,40.74586843819785,-73.97830538611639,2012-07-17 14:49:52,2012-07-16,train,171_14
171,4056,256,Furniture / Home Store,40.7416013615111,-73.9992009904121,2012-07-17 15:30:41,2012-07-16,train,171_14
171,1962,26,Drugstore / Pharmacy,40.77821864757608,-73.98549083814501,2012-07-17 18:24:49,2012-07-16,train,171_14
171,4078,203,Food Truck,40.7759124040604,-73.9883065223694,2012-07-18 12:27:13,2012-07-16,train,171_14
171,4060,203,Food Truck,40.77789723873138,-73.98229837417603,2012-07-18 12:41:49,2012-07-16,train,171_14
171,3966,203,Food Truck,40.779158,-73.98163318634033,2012-07-18 13:11:33,2012-07-16,train,171_14
171,2803,58,Electronics Store,40.75080071190104,-73.9912986907656,2012-07-18 13:27:57,2012-07-16,train,171_14
171,421,197,Sandwich Place,40.745877199136686,-73.97780567407608,2012-07-18 13:37:05,2012-07-16,train,171_14
171,1217,26,Drugstore / Pharmacy,40.77703357124945,-73.98266719415489,2012-07-18 17:33:36,2012-07-16,train,171_14
171,4131,16,Clothing Store,40.77909533410843,-73.98122549057007,2012-07-20 08:55:01,2012-07-16,train,171_14
171,3153,236,Playground,40.7772917298741,-73.98412227630615,2012-07-20 09:05:36,2012-07-16,train,171_14
174,4986,2,Gym / Fitness Center,40.92542992526065,-73.96537899971007,2012-07-18 09:39:32,2012-07-16,train,174_14
174,4986,2,Gym / Fitness Center,40.92542992526065,-73.96537899971007,2012-07-20 10:30:51,2012-07-16,train,174_14
175,1919,264,Subway,40.74559767243396,-73.90328983226816,2012-07-16 00:50:00,2012-07-16,train,175_15
175,2121,264,Subway,40.74914266125337,-73.86958122253418,2012-07-16 06:32:23,2012-07-16,train,175_15
175,2967,266,Bus Station,40.75326794623313,-73.84450516997877,2012-07-16 21:50:07,2012-07-16,train,175_15
175,3338,264,Subway,40.75321867582318,-73.84546279907227,2012-07-16 21:50:22,2012-07-16,train,175_15
176,2844,245,General Entertainment,40.84336374022088,-73.93525593409399,2012-07-16 17:09:46,2012-07-16,train,176_12
176,1606,232,Music Venue,40.71995711544069,-73.98342490196228,2012-07-16 18:52:44,2012-07-16,train,176_12
176,2844,245,General Entertainment,40.84336374022088,-73.93525593409399,2012-07-17 08:12:13,2012-07-16,train,176_12
176,2721,121,Park,40.8463461517002,-73.94103527069092,2012-07-17 19:45:43,2012-07-16,train,176_12
176,2844,245,General Entertainment,40.84336374022088,-73.93525593409399,2012-07-18 19:13:02,2012-07-16,train,176_12
177,4173,18,Clothing Store,40.609421487157285,-73.92155846003689,2012-07-16 13:38:04,2012-07-16,train,177_5
177,4173,18,Clothing Store,40.609421487157285,-73.92155846003689,2012-07-22 09:07:02,2012-07-16,train,177_5
179,3526,107,Cuban Restaurant,40.9653582,-74.06283223333334,2012-07-16 00:11:42,2012-07-16,train,179_15
179,3594,120,Other Great Outdoors,40.965334383333335,-74.06280386666667,2012-07-16 02:28:39,2012-07-16,train,179_15
179,2660,61,Office,40.96522921442873,-74.06305586641602,2012-07-16 07:12:07,2012-07-16,train,179_15
179,4673,102,American Restaurant,40.965446426312695,-74.06296407859656,2012-07-16 07:43:12,2012-07-16,train,179_15
179,3482,232,Music Venue,40.96532194280211,-74.06280344980541,2012-07-16 07:43:29,2012-07-16,train,179_15
179,4363,211,Bar,40.96533885740628,-74.06283213352812,2012-07-16 10:19:07,2012-07-16,train,179_15
179,1261,138,Gym / Fitness Center,40.75367746344614,-73.9697479200717,2012-07-16 14:01:32,2012-07-16,train,179_15
179,3626,23,German Restaurant,40.75274100802376,-73.97330797224723,2012-07-16 14:37:48,2012-07-16,train,179_15
179,3708,121,Park,40.96541698333333,-74.06291968333333,2012-07-16 20:20:21,2012-07-16,train,179_15
179,3578,257,Road,40.96535005,-74.06280286666667,2012-07-16 20:46:27,2012-07-16,train,179_15
179,3502,259,Hotel,40.96537083236714,-74.06281492329502,2012-07-16 21:33:40,2012-07-16,train,179_15
179,3561,45,Other Nightlife,40.96533795,-74.0628079,2012-07-17 00:01:42,2012-07-16,train,179_15
179,4673,102,American Restaurant,40.965446426312695,-74.06296407859656,2012-07-17 00:31:57,2012-07-16,train,179_15
179,2660,61,Office,40.96522921442873,-74.06305586641602,2012-07-17 08:09:32,2012-07-16,train,179_15
179,4633,116,Pool,40.96535501903463,-74.06283213352812,2012-07-17 08:46:31,2012-07-16,train,179_15
179,4363,211,Bar,40.96533885740628,-74.06283213352812,2012-07-17 09:36:36,2012-07-16,train,179_15
179,4562,102,American Restaurant,40.96532877881822,-74.06292392141155,2012-07-17 11:02:48,2012-07-16,train,179_15
179,3532,80,Building,40.96516606425115,-74.06289523770276,2012-07-17 11:39:31,2012-07-16,train,179_15
179,3582,19,Bank,40.94816296428713,-74.06981935884615,2012-07-17 12:11:15,2012-07-16,train,179_15
179,3708,121,Park,40.96541698333333,-74.06291968333333,2012-07-17 14:32:15,2012-07-16,train,179_15
179,3578,257,Road,40.96535005,-74.06280286666667,2012-07-17 15:22:10,2012-07-16,train,179_15
179,3790,257,Road,40.96530185,-74.06305251666667,2012-07-17 18:45:34,2012-07-16,train,179_15
179,3502,259,Hotel,40.96537083236714,-74.06281492329502,2012-07-17 19:23:24,2012-07-16,train,179_15
179,3482,232,Music Venue,40.96532194280211,-74.06280344980541,2012-07-17 20:06:22,2012-07-16,train,179_15
179,4620,213,Bar,40.96541694223362,-74.06288376421803,2012-07-18 08:53:16,2012-07-16,train,179_15
179,4633,116,Pool,40.96535501903463,-74.06283213352812,2012-07-18 09:59:35,2012-07-16,train,179_15
179,4562,102,American Restaurant,40.96532877881822,-74.06292392141155,2012-07-18 10:15:00,2012-07-16,train,179_15
179,2675,259,Hotel,40.96031922320731,-74.06725511155042,2012-07-18 12:23:17,2012-07-16,train,179_15
179,3582,19,Bank,40.94816296428713,-74.06981935884615,2012-07-18 15:04:21,2012-07-16,train,179_15
179,2987,135,Post Office,40.94892337953688,-74.069721837773,2012-07-18 15:36:42,2012-07-16,train,179_15
179,3502,259,Hotel,40.96537083236714,-74.06281492329502,2012-07-18 16:11:15,2012-07-16,train,179_15
179,4673,102,American Restaurant,40.965446426312695,-74.06296407859656,2012-07-18 16:42:20,2012-07-16,train,179_15
179,3708,121,Park,40.96541698333333,-74.06291968333333,2012-07-18 17:33:27,2012-07-16,train,179_15
179,2675,259,Hotel,40.96031922320731,-74.06725511155042,2012-07-20 10:14:15,2012-07-16,train,179_15
179,4363,211,Bar,40.96533885740628,-74.06283213352812,2012-07-20 18:46:25,2012-07-16,train,179_15
179,4620,213,Bar,40.96541694223362,-74.06288376421803,2012-07-20 19:25:50,2012-07-16,train,179_15
179,3482,232,Music Venue,40.96532194280211,-74.06280344980541,2012-07-20 20:31:03,2012-07-16,train,179_15
179,3526,107,Cuban Restaurant,40.9653582,-74.06283223333334,2012-07-20 21:38:47,2012-07-16,train,179_15
179,3577,73,Bus Station,40.96457180013344,-74.06643390655518,2012-07-21 18:38:14,2012-07-16,train,179_15
179,4562,102,American Restaurant,40.96532877881822,-74.06292392141155,2012-07-22 09:01:30,2012-07-16,train,179_15
179,4673,102,American Restaurant,40.965446426312695,-74.06296407859656,2012-07-22 09:48:45,2012-07-16,train,179_15
179,4620,213,Bar,40.96541694223362,-74.06288376421803,2012-07-22 10:24:23,2012-07-16,train,179_15
179,4363,211,Bar,40.96533885740628,-74.06283213352812,2012-07-22 11:26:15,2012-07-16,train,179_15
180,4869,139,Medical Center,40.88822292326856,-73.91164355012553,2012-07-16 10:35:23,2012-07-16,train,180_10
180,3283,6,Home (private),40.88729678663871,-73.90658830179062,2012-07-16 22:44:47,2012-07-16,train,180_10
180,1140,137,Gym / Fitness Center,40.87855781948937,-73.9151801364736,2012-07-17 18:31:16,2012-07-16,train,180_10
180,4869,139,Medical Center,40.88822292326856,-73.91164355012553,2012-07-18 10:37:09,2012-07-16,train,180_10
180,4869,139,Medical Center,40.88822292326856,-73.91164355012553,2012-07-20 10:48:11,2012-07-16,train,180_10
181,1903,71,Train Station,40.76806170936613,-73.74941825866699,2012-07-16 08:31:22,2012-07-16,train,181_15
181,357,70,Train Station,40.750794799423865,-73.99357639021292,2012-07-16 09:08:39,2012-07-16,train,181_15
181,4042,222,Coffee Shop,40.75379775034375,-73.9868152141571,2012-07-16 09:21:21,2012-07-16,train,181_15
181,3240,63,Office,40.753966699950766,-73.98503745095212,2012-07-16 09:30:20,2012-07-16,train,181_15
181,4443,61,Office,40.75350765710854,-73.98561135861114,2012-07-16 09:30:32,2012-07-16,train,181_15
181,3004,301,Neighborhood,40.766596163537606,-73.74551312741599,2012-07-16 18:44:57,2012-07-16,train,181_15
181,1903,71,Train Station,40.76806170936613,-73.74941825866699,2012-07-17 08:40:46,2012-07-16,train,181_15
181,357,70,Train Station,40.750794799423865,-73.99357639021292,2012-07-17 09:18:50,2012-07-16,train,181_15
181,4042,222,Coffee Shop,40.75379775034375,-73.9868152141571,2012-07-17 09:39:27,2012-07-16,train,181_15
181,3240,63,Office,40.753966699950766,-73.98503745095212,2012-07-17 09:39:41,2012-07-16,train,181_15
181,4443,61,Office,40.75350765710854,-73.98561135861114,2012-07-17 09:39:51,2012-07-16,train,181_15
181,2135,26,Drugstore / Pharmacy,40.75418129107015,-73.98693707874614,2012-07-17 12:32:55,2012-07-16,train,181_15
181,2953,257,Road,40.76305616209761,-73.74328136444092,2012-07-17 18:42:13,2012-07-16,train,181_15
181,793,96,Deli / Bodega,40.76581056035128,-73.74500747108777,2012-07-18 17:27:58,2012-07-16,train,181_15
181,2953,257,Road,40.76305616209761,-73.74328136444092,2012-07-18 17:28:18,2012-07-16,train,181_15
181,3004,301,Neighborhood,40.766596163537606,-73.74551312741599,2012-07-18 17:28:29,2012-07-16,train,181_15
181,357,70,Train Station,40.750794799423865,-73.99357639021292,2012-07-20 09:18:47,2012-07-16,train,181_15
181,3240,63,Office,40.753966699950766,-73.98503745095212,2012-07-20 09:39:33,2012-07-16,train,181_15
181,4443,61,Office,40.75350765710854,-73.98561135861114,2012-07-20 09:39:44,2012-07-16,train,181_15
181,2334,264,Subway,40.75460438258571,-73.84554862976074,2012-07-20 18:46:55,2012-07-16,train,181_15
184,2910,122,Plaza,40.73088490267309,-74.0643310546875,2012-07-16 16:04:59,2012-07-16,train,184_14
184,3320,317,City,40.77329540392466,-74.03361838260707,2012-07-16 19:56:35,2012-07-16,train,184_14
184,3541,61,Office,40.77037447,-74.02654,2012-07-17 18:27:46,2012-07-16,train,184_14
184,2247,281,Residential Building (Apartment / Condo),40.75646570121109,-74.04306228233422,2012-07-17 18:49:23,2012-07-16,train,184_14
184,3541,61,Office,40.77037447,-74.02654,2012-07-20 09:48:24,2012-07-16,train,184_14
186,2830,257,Road,40.70897873714814,-73.8414716720581,2012-07-16 00:01:19,2012-07-16,train,186_14
186,2729,138,Gym / Fitness Center,40.77026714207738,-73.83640130445583,2012-07-16 23:09:54,2012-07-16,train,186_14
186,2830,257,Road,40.70897873714814,-73.8414716720581,2012-07-18 18:38:21,2012-07-16,train,186_14
192,3315,301,Neighborhood,40.76203225371199,-73.98515224456787,2012-07-16 12:34:42,2012-07-16,train,192_3
192,5010,120,Other Great Outdoors,40.74696317219398,-73.96962165011914,2012-07-18 16:11:33,2012-07-16,train,192_3
192,2223,226,Art Gallery,40.68589841169453,-73.97376555715006,2012-07-20 09:04:41,2012-07-16,train,192_3
192,2447,12,Gym / Fitness Center,40.67241301878795,-73.9698167945564,2012-07-22 08:47:00,2012-07-16,train,192_3
194,2978,301,Neighborhood,40.745306184001095,-73.94837379455566,2012-07-16 15:51:28,2012-07-16,train,194_13
194,192,121,Park,40.73528249691621,-73.99040315158283,2012-07-16 18:10:15,2012-07-16,train,194_13
194,407,42,Food & Drink Shop,40.73485228613973,-73.99108529090881,2012-07-16 18:10:39,2012-07-16,train,194_13
194,4656,120,Other Great Outdoors,40.74498345905474,-73.9533780530302,2012-07-16 19:27:05,2012-07-16,train,194_13
194,2978,301,Neighborhood,40.745306184001095,-73.94837379455566,2012-07-17 14:42:11,2012-07-16,train,194_13
197,1602,73,Bus Station,40.76308866686741,-73.9744234085083,2012-07-17 08:19:46,2012-07-16,train,197_5
197,1602,73,Bus Station,40.76308866686741,-73.9744234085083,2012-07-18 08:24:20,2012-07-16,train,197_5
197,440,61,Office,40.76173157920592,-73.96798610687256,2012-07-18 09:02:34,2012-07-16,train,197_5
197,1475,241,Airport,40.773839,-73.87122,2012-07-18 17:57:37,2012-07-16,train,197_5
197,4089,6,Home (private),40.76573950263575,-73.95361626406626,2012-07-20 19:26:33,2012-07-16,train,197_5
200,1110,138,Gym / Fitness Center,40.76364734011364,-73.97844135761261,2012-07-16 20:21:25,2012-07-16,train,200_11
200,107,138,Gym / Fitness Center,40.75293,-73.974725,2012-07-17 20:22:28,2012-07-16,train,200_11
200,1118,54,Food & Drink Shop,40.746858397620215,-73.94391251429022,2012-07-18 08:36:52,2012-07-16,train,200_11
202,4925,136,Office,40.63906640818128,-74.21741381582459,2012-07-16 08:54:36,2012-07-16,train,202_1
202,4903,281,Residential Building (Apartment / Condo),40.7794836539293,-74.23431096075899,2012-07-16 11:50:13,2012-07-16,train,202_1
202,4903,281,Residential Building (Apartment / Condo),40.7794836539293,-74.23431096075899,2012-07-17 09:01:42,2012-07-16,train,202_1
202,4903,281,Residential Building (Apartment / Condo),40.7794836539293,-74.23431096075899,2012-07-22 10:54:25,2012-07-16,train,202_1
205,989,194,Mexican Restaurant,40.72819472159206,-74.00538716745397,2012-07-17 12:35:29,2012-07-16,train,205_15
205,706,7,Clothing Store,40.72180301361468,-73.99981399503366,2012-07-17 19:13:14,2012-07-16,train,205_15
205,3752,94,Caribbean Restaurant,40.72763277258863,-74.00158882141113,2012-07-18 13:30:49,2012-07-16,train,205_15
205,5010,120,Other Great Outdoors,40.74696317219398,-73.96962165011914,2012-07-18 16:52:24,2012-07-16,train,205_15
207,2137,137,Gym / Fitness Center,40.762539,-73.9719,2012-07-16 19:55:52,2012-07-16,train,207_13
207,4388,209,Sushi Restaurant,40.759154333333335,-73.962321,2012-07-20 20:03:20,2012-07-16,train,207_13
207,706,7,Clothing Store,40.72180301361468,-73.99981399503366,2012-07-21 18:42:40,2012-07-16,train,207_13
207,2134,138,Gym / Fitness Center,40.76011192810937,-73.96294644345505,2012-07-22 09:57:24,2012-07-16,train,207_13
211,2357,61,Office,40.74963093971689,-73.97543572160268,2012-07-17 09:12:48,2012-07-16,train,211_11
211,2357,61,Office,40.74963093971689,-73.97543572160268,2012-07-18 09:00:40,2012-07-16,train,211_11
211,990,183,University,40.74025823153738,-73.98386667401014,2012-07-18 17:42:02,2012-07-16,train,211_11
213,1581,96,Deli / Bodega,40.74359479719192,-74.15569284865651,2012-07-16 15:31:28,2012-07-16,train,213_14
213,4079,90,School,40.74995168874415,-74.15273412926199,2012-07-17 09:05:22,2012-07-16,train,213_14
213,4079,90,School,40.74995168874415,-74.15273412926199,2012-07-20 09:07:52,2012-07-16,train,213_14
213,1969,58,Electronics Store,40.88691373874851,-74.21341896057129,2012-07-21 18:59:08,2012-07-16,train,213_14
217,1475,241,Airport,40.773839,-73.87122,2012-07-16 05:43:03,2012-07-16,train,217_3
217,2367,154,Stadium,40.73685214795608,-74.15033340454102,2012-07-18 13:16:35,2012-07-16,train,217_3
222,4121,80,Building,40.7420383,-73.990214,2012-07-16 11:42:58,2012-07-16,train,222_1
222,1176,259,Hotel,40.75559589697087,-73.97380113601685,2012-07-18 14:45:50,2012-07-16,train,222_1
222,4121,80,Building,40.7420383,-73.990214,2012-07-18 17:15:56,2012-07-16,train,222_1
222,2690,102,American Restaurant,40.74586958543201,-73.913446298598,2012-07-20 21:11:18,2012-07-16,train,222_1
223,1689,98,Donut Shop,40.750546,-73.976485,2012-07-16 08:46:45,2012-07-16,train,223_5
223,2323,61,Office,40.750037113318825,-73.97648602378177,2012-07-16 08:47:07,2012-07-16,train,223_5
223,2323,61,Office,40.750037113318825,-73.97648602378177,2012-07-17 08:50:47,2012-07-16,train,223_5
223,2323,61,Office,40.750037113318825,-73.97648602378177,2012-07-18 08:54:09,2012-07-16,train,223_5
223,1689,98,Donut Shop,40.750546,-73.976485,2012-07-20 08:48:32,2012-07-16,train,223_5
223,2323,61,Office,40.750037113318825,-73.97648602378177,2012-07-20 08:49:59,2012-07-16,train,223_5
226,1422,222,Coffee Shop,40.769076,-73.984595,2012-07-17 16:43:18,2012-07-16,train,226_4
226,2421,121,Park,40.7680942116878,-73.97828578948975,2012-07-17 17:21:27,2012-07-16,train,226_4
226,4337,165,College Academic Building,40.77089747711729,-73.98957252502441,2012-07-17 19:18:54,2012-07-16,train,226_4
228,4911,250,Design Studio,40.67282273372251,-73.99241777260337,2012-07-16 10:25:35,2012-07-16,train,228_5
228,4703,6,Home (private),40.70477380546345,-73.94186034276925,2012-07-16 22:09:47,2012-07-16,train,228_5
228,4911,250,Design Studio,40.67282273372251,-73.99241777260337,2012-07-17 14:51:36,2012-07-16,train,228_5
228,4911,250,Design Studio,40.67282273372251,-73.99241777260337,2012-07-18 09:04:00,2012-07-16,train,228_5
228,4911,250,Design Studio,40.67282273372251,-73.99241777260337,2012-07-20 09:45:16,2012-07-16,train,228_5
228,849,103,Southern / Soul Food Restaurant,40.714718,-73.949522,2012-07-21 19:52:06,2012-07-16,train,228_5
228,843,255,Flea Market,40.71985685897994,-73.96130486969331,2012-07-22 09:56:59,2012-07-16,train,228_5
229,3726,80,Building,40.70840115230939,-74.00800963298805,2012-07-16 09:29:40,2012-07-16,train,229_13
229,4850,120,Other Great Outdoors,40.746736760718505,-73.98262023925781,2012-07-17 12:03:16,2012-07-16,train,229_13
229,4777,102,American Restaurant,40.808534159065616,-73.94512371580227,2012-07-17 15:42:19,2012-07-16,train,229_13
229,5010,120,Other Great Outdoors,40.74696317219398,-73.96962165011914,2012-07-18 18:23:29,2012-07-16,train,229_13
231,346,61,Office,40.75453841655905,-73.98646647784138,2012-07-16 10:16:45,2012-07-16,train,231_11
231,346,61,Office,40.75453841655905,-73.98646647784138,2012-07-18 10:48:19,2012-07-16,train,231_11
231,780,35,Bookstore,40.75407123579426,-73.98446354157814,2012-07-18 13:44:59,2012-07-16,train,231_11
231,346,61,Office,40.75453841655905,-73.98646647784138,2012-07-18 14:27:44,2012-07-16,train,231_11
231,3116,319,Market,40.74186151409088,-73.98943362953369,2012-07-18 16:03:52,2012-07-16,train,231_11
231,866,61,Office,40.74170613161901,-73.98518666710845,2012-07-18 17:29:11,2012-07-16,train,231_11
231,346,61,Office,40.75453841655905,-73.98646647784138,2012-07-20 10:33:29,2012-07-16,train,231_11
234,192,121,Park,40.73528249691621,-73.99040315158283,2012-07-17 08:46:25,2012-07-16,train,234_7
234,1122,61,Office,40.761358979518974,-73.98041106489133,2012-07-17 09:36:03,2012-07-16,train,234_7
234,4473,12,Gym / Fitness Center,40.73441328403598,-74.01055812835693,2012-07-22 10:52:08,2012-07-16,train,234_7
235,3640,245,General Entertainment,40.75626823613582,-73.99738182611577,2012-07-16 07:00:17,2012-07-16,train,235_12
235,1332,301,Neighborhood,40.741672705942285,-73.98928821086884,2012-07-16 08:59:01,2012-07-16,train,235_12
235,4850,120,Other Great Outdoors,40.746736760718505,-73.98262023925781,2012-07-16 15:33:33,2012-07-16,train,235_12
235,3640,245,General Entertainment,40.75626823613582,-73.99738182611577,2012-07-17 06:53:31,2012-07-16,train,235_12
235,4850,120,Other Great Outdoors,40.746736760718505,-73.98262023925781,2012-07-17 13:27:04,2012-07-16,train,235_12
235,4850,120,Other Great Outdoors,40.746736760718505,-73.98262023925781,2012-07-18 14:53:44,2012-07-16,train,235_12
235,4510,120,Other Great Outdoors,40.75404836175849,-73.98442336785773,2012-07-18 17:48:44,2012-07-16,train,235_12
235,527,42,Food & Drink Shop,40.723955,-73.991829,2012-07-18 19:45:32,2012-07-16,train,235_12
235,625,122,Plaza,40.756489872673846,-73.98626804351807,2012-07-20 21:39:02,2012-07-16,train,235_12
235,2153,301,Neighborhood,40.728596,-73.98936,2012-07-21 18:50:07,2012-07-16,train,235_12
235,3640,245,General Entertainment,40.75626823613582,-73.99738182611577,2012-07-22 09:41:00,2012-07-16,train,235_12
238,4916,6,Home (private),40.877199345212254,-73.836025107013,2012-07-16 04:11:12,2012-07-16,train,238_13
238,4916,6,Home (private),40.877199345212254,-73.836025107013,2012-07-17 00:54:06,2012-07-16,train,238_13
238,190,157,Stadium,40.82827721161922,-73.92655344439045,2012-07-18 08:41:14,2012-07-16,train,238_13
245,1305,222,Coffee Shop,40.755002,-73.968647,2012-07-16 09:12:05,2012-07-16,train,245_15
245,819,138,Gym / Fitness Center,40.77904848612385,-73.9548647146921,2012-07-16 18:52:00,2012-07-16,train,245_15
245,819,138,Gym / Fitness Center,40.77904848612385,-73.9548647146921,2012-07-17 19:00:31,2012-07-16,train,245_15
245,731,147,Movie Theater,40.774697291507216,-73.98194979831837,2012-07-20 21:09:42,2012-07-16,train,245_15
252,354,121,Park,40.66390776998241,-73.970947265625,2012-07-16 08:11:46,2012-07-16,train,252_13
252,354,121,Park,40.66390776998241,-73.970947265625,2012-07-17 07:47:08,2012-07-16,train,252_13
252,354,121,Park,40.66390776998241,-73.970947265625,2012-07-21 19:15:42,2012-07-16,train,252_13
252,354,121,Park,40.66390776998241,-73.970947265625,2012-07-22 08:33:11,2012-07-16,train,252_13
253,3554,138,Gym / Fitness Center,40.74154328216123,-73.99576924016976,2012-07-17 19:31:37,2012-07-16,train,253_8
253,4716,37,Bar,40.74980914532915,-73.98567795753479,2012-07-18 18:28:55,2012-07-16,train,253_8
256,1632,264,Subway,40.88941188949587,-73.89850616455078,2012-07-16 13:58:36,2012-07-16,train,256_14
256,1597,264,Subway,40.874486,-73.909589,2012-07-20 20:21:21,2012-07-16,train,256_14
256,1632,264,Subway,40.88941188949587,-73.89850616455078,2012-07-20 20:27:21,2012-07-16,train,256_14
257,629,102,American Restaurant,40.68641858925556,-73.9853024482727,2012-07-16 13:12:03,2012-07-16,train,257_9
257,382,310,Concert Hall,40.77308312955881,-73.98281335830688,2012-07-20 20:08:16,2012-07-16,train,257_9
265,3807,257,Road,40.81338936633352,-73.93073805599286,2012-07-16 07:21:24,2012-07-16,train,265_9
265,4531,94,Caribbean Restaurant,40.88805430354332,-73.8604305062176,2012-07-17 07:14:06,2012-07-16,train,265_9
265,3881,301,Neighborhood,40.89821955159699,-73.86741399765015,2012-07-17 07:14:26,2012-07-16,train,265_9
265,3916,279,Outdoors & Recreation,40.87992312264064,-73.8351836857118,2012-07-17 17:23:29,2012-07-16,train,265_9
265,1647,264,Subway,40.8864595193891,-73.87842178344727,2012-07-20 18:42:05,2012-07-16,train,265_9
265,3695,73,Bus Station,40.88649029052588,-73.87826672953258,2012-07-20 18:42:26,2012-07-16,train,265_9
265,2779,94,Caribbean Restaurant,40.89295532220185,-73.85744923086042,2012-07-21 18:24:53,2012-07-16,train,265_9
265,4531,94,Caribbean Restaurant,40.88805430354332,-73.8604305062176,2012-07-21 18:25:14,2012-07-16,train,265_9
265,2655,263,Laundry Service,40.889121,-73.859668,2012-07-21 18:59:48,2012-07-16,train,265_9
266,1271,61,Office,40.725049708722366,-73.99685960225945,2012-07-16 08:01:15,2012-07-16,train,266_2
266,1271,61,Office,40.725049708722366,-73.99685960225945,2012-07-17 08:08:00,2012-07-16,train,266_2
266,245,137,Gym / Fitness Center,40.728279,-73.992795,2012-07-18 11:29:18,2012-07-16,train,266_2
271,4817,113,Garden,40.82718998645796,-73.9214780864242,2012-07-17 10:09:40,2012-07-16,train,271_5
271,4817,113,Garden,40.82718998645796,-73.9214780864242,2012-07-18 16:13:14,2012-07-16,train,271_5
277,600,50,Bar,40.73949150137504,-74.00168581467251,2012-07-16 18:33:12,2012-07-16,train,277_13
277,3564,237,Music Venue,40.733658842792686,-74.00259824781945,2012-07-16 21:33:26,2012-07-16,train,277_13
277,600,50,Bar,40.73949150137504,-74.00168581467251,2012-07-18 18:32:59,2012-07-16,train,277_13
283,1272,264,Subway,40.72688476018746,-74.03454780578613,2012-07-18 09:55:58,2012-07-16,train,283_10
283,34,50,Bar,40.71998484765193,-73.98781514808185,2012-07-18 19:09:07,2012-07-16,train,283_10
285,1117,61,Office,40.75045645304961,-73.98362563081274,2012-07-16 10:10:56,2012-07-16,train,285_15
285,2031,96,Deli / Bodega,40.74702371784614,-73.98137014052622,2012-07-16 13:45:53,2012-07-16,train,285_15
285,1210,96,Deli / Bodega,40.7462750388816,-73.97971724534096,2012-07-17 09:44:49,2012-07-16,train,285_15
285,82,202,Pizza Place,40.74510703877938,-73.9783501625061,2012-07-17 10:58:59,2012-07-16,train,285_15
285,736,222,Coffee Shop,40.74696599525917,-73.98107170216927,2012-07-17 11:27:32,2012-07-16,train,285_15
285,2785,61,Office,40.80601358609009,-73.90249729156494,2012-07-17 14:15:57,2012-07-16,train,285_15
285,3869,199,Snack Place,40.74423056993966,-73.97635975824929,2012-07-18 09:31:35,2012-07-16,train,285_15
285,3367,96,Deli / Bodega,40.74556451187487,-73.97545293971743,2012-07-18 09:57:34,2012-07-16,train,285_15
285,1204,141,Bagel Shop,40.743527,-73.973873,2012-07-20 09:19:24,2012-07-16,train,285_15
293,2763,102,American Restaurant,40.74733835203195,-73.98198997255602,2012-07-16 07:46:19,2012-07-16,train,293_15
293,2650,61,Office,40.74646496169778,-73.98116352940538,2012-07-16 08:03:20,2012-07-16,train,293_15
293,349,70,Train Station,40.75280620914171,-73.97717535495758,2012-07-16 16:17:38,2012-07-16,train,293_15
293,4696,222,Coffee Shop,40.74997526827238,-73.97949341469202,2012-07-17 07:40:11,2012-07-16,train,293_15
293,2650,61,Office,40.74646496169778,-73.98116352940538,2012-07-17 07:59:20,2012-07-16,train,293_15
293,349,70,Train Station,40.75280620914171,-73.97717535495758,2012-07-18 16:00:12,2012-07-16,train,293_15
295,2832,37,Bar,40.583875,-73.94781236666667,2012-07-17 20:30:54,2012-07-16,train,295_12
295,764,221,Bridge,40.713565479798646,-73.97236347198486,2012-07-18 19:30:33,2012-07-16,train,295_12
296,449,138,Gym / Fitness Center,40.73675459511588,-73.99521589279175,2012-07-16 08:22:53,2012-07-16,train,296_13
296,620,222,Coffee Shop,40.73378729454453,-73.99303525686264,2012-07-16 13:24:16,2012-07-16,train,296_13
296,179,121,Park,40.75372797263211,-73.98368835767094,2012-07-16 19:46:34,2012-07-16,train,296_13
296,449,138,Gym / Fitness Center,40.73675459511588,-73.99521589279175,2012-07-17 08:37:54,2012-07-16,train,296_13
296,449,138,Gym / Fitness Center,40.73675459511588,-73.99521589279175,2012-07-20 20:08:22,2012-07-16,train,296_13
299,3598,6,Home (private),40.69321217941903,-73.93010370763156,2012-07-16 11:57:39,2012-07-16,train,299_15
299,3787,95,Chinese Restaurant,40.68990012489897,-73.93075527809141,2012-07-16 12:40:20,2012-07-16,train,299_15
299,3557,253,General Travel,40.68896799720544,-73.92899861616681,2012-07-16 12:43:04,2012-07-16,train,299_15
299,1753,264,Subway,40.67933621045698,-73.93028497695923,2012-07-16 12:44:56,2012-07-16,train,299_15
299,3783,257,Road,40.72584842252312,-74.00399271271695,2012-07-16 13:22:50,2012-07-16,train,299_15
299,2067,56,Paper / Office Supplies Store,40.72702212508501,-74.00527813637986,2012-07-16 13:25:33,2012-07-16,train,299_15
299,832,97,Diner,40.726347595238224,-74.00433702347331,2012-07-16 19:51:40,2012-07-16,train,299_15
299,3783,257,Road,40.72584842252312,-74.00399271271695,2012-07-16 19:52:10,2012-07-16,train,299_15
299,1611,264,Subway,40.7255768,-74.004252,2012-07-16 19:52:45,2012-07-16,train,299_15
299,1514,264,Subway,40.73977358599364,-74.00257587432861,2012-07-16 19:59:28,2012-07-16,train,299_15
299,3360,71,Train Station,40.73977053760343,-74.00258123874664,2012-07-16 20:00:36,2012-07-16,train,299_15
299,3628,120,Other Great Outdoors,40.7140882616396,-73.94940591248245,2012-07-16 20:16:10,2012-07-16,train,299_15
299,359,128,Bakery,40.71505590186361,-73.9495034949479,2012-07-16 20:17:17,2012-07-16,train,299_15
299,3636,60,Smoke Shop,40.71595073760232,-73.94959533722336,2012-07-16 20:19:24,2012-07-16,train,299_15
299,3628,120,Other Great Outdoors,40.7140882616396,-73.94940591248245,2012-07-17 01:05:42,2012-07-16,train,299_15
299,3837,141,Bagel Shop,40.714049,-73.949311,2012-07-17 01:07:16,2012-07-16,train,299_15
299,3593,96,Deli / Bodega,40.70427317579925,-73.94809715465664,2012-07-17 01:20:15,2012-07-16,train,299_15
299,4235,73,Bus Station,40.70402766678848,-73.94822343869261,2012-07-17 01:39:34,2012-07-16,train,299_15
299,3598,6,Home (private),40.69321217941903,-73.93010370763156,2012-07-17 11:56:56,2012-07-16,train,299_15
299,3553,6,Home (private),40.69321217941903,-73.93010370763156,2012-07-17 11:57:20,2012-07-16,train,299_15
299,4153,6,Home (private),40.69321217941903,-73.93010370763156,2012-07-17 12:38:38,2012-07-16,train,299_15
299,1611,264,Subway,40.7255768,-74.004252,2012-07-17 13:22:25,2012-07-16,train,299_15
299,3783,257,Road,40.72584842252312,-74.00399271271695,2012-07-17 13:23:09,2012-07-16,train,299_15
299,2067,56,Paper / Office Supplies Store,40.72702212508501,-74.00527813637986,2012-07-17 13:27:13,2012-07-16,train,299_15
299,630,245,General Entertainment,40.72692705548838,-74.0054904599932,2012-07-17 13:45:10,2012-07-16,train,299_15
299,3783,257,Road,40.72584842252312,-74.00399271271695,2012-07-17 20:00:06,2012-07-16,train,299_15
299,1611,264,Subway,40.7255768,-74.004252,2012-07-17 20:01:09,2012-07-16,train,299_15
299,1611,264,Subway,40.7255768,-74.004252,2012-07-17 20:01:10,2012-07-16,train,299_15
299,1514,264,Subway,40.73977358599364,-74.00257587432861,2012-07-17 20:14:24,2012-07-16,train,299_15
299,3360,71,Train Station,40.73977053760343,-74.00258123874664,2012-07-17 20:15:20,2012-07-16,train,299_15
299,3628,120,Other Great Outdoors,40.7140882616396,-73.94940591248245,2012-07-17 20:31:10,2012-07-16,train,299_15
299,1781,202,Pizza Place,40.71416030830439,-73.94938295189516,2012-07-17 20:31:59,2012-07-16,train,299_15
299,359,128,Bakery,40.71505590186361,-73.9495034949479,2012-07-17 20:32:30,2012-07-16,train,299_15
299,3636,60,Smoke Shop,40.71595073760232,-73.94959533722336,2012-07-17 20:35:45,2012-07-16,train,299_15
299,3636,60,Smoke Shop,40.71595073760232,-73.94959533722336,2012-07-17 20:35:47,2012-07-16,train,299_15
299,3553,6,Home (private),40.69321217941903,-73.93010370763156,2012-07-18 12:44:42,2012-07-16,train,299_15
299,3787,95,Chinese Restaurant,40.68990012489897,-73.93075527809141,2012-07-18 12:46:25,2012-07-16,train,299_15
299,4153,6,Home (private),40.69321217941903,-73.93010370763156,2012-07-18 12:47:20,2012-07-16,train,299_15
299,3557,253,General Travel,40.68896799720544,-73.92899861616681,2012-07-18 12:52:49,2012-07-16,train,299_15
299,1753,264,Subway,40.67933621045698,-73.93028497695923,2012-07-18 12:54:23,2012-07-16,train,299_15
299,1611,264,Subway,40.7255768,-74.004252,2012-07-18 13:40:47,2012-07-16,train,299_15
299,3783,257,Road,40.72584842252312,-74.00399271271695,2012-07-18 13:41:43,2012-07-16,train,299_15
299,1339,121,Park,40.72678506374359,-74.00346747445712,2012-07-18 13:42:17,2012-07-16,train,299_15
299,2067,56,Paper / Office Supplies Store,40.72702212508501,-74.00527813637986,2012-07-18 13:43:48,2012-07-16,train,299_15
299,630,245,General Entertainment,40.72692705548838,-74.0054904599932,2012-07-18 16:50:26,2012-07-16,train,299_15
299,4896,67,Office,40.72648554606392,-74.00508876647187,2012-07-18 17:23:14,2012-07-16,train,299_15
299,1611,264,Subway,40.7255768,-74.004252,2012-07-18 19:46:15,2012-07-16,train,299_15
299,3360,71,Train Station,40.73977053760343,-74.00258123874664,2012-07-18 20:21:20,2012-07-16,train,299_15
299,3628,120,Other Great Outdoors,40.7140882616396,-73.94940591248245,2012-07-18 20:21:46,2012-07-16,train,299_15
299,1781,202,Pizza Place,40.71416030830439,-73.94938295189516,2012-07-18 20:22:14,2012-07-16,train,299_15
299,359,128,Bakery,40.71505590186361,-73.9495034949479,2012-07-18 20:22:47,2012-07-16,train,299_15
299,3783,257,Road,40.72584842252312,-74.00399271271695,2012-07-20 20:00:26,2012-07-16,train,299_15
299,1611,264,Subway,40.7255768,-74.004252,2012-07-20 20:01:23,2012-07-16,train,299_15
299,4259,264,Subway,40.75752331463292,-73.96917868724836,2012-07-20 20:41:54,2012-07-16,train,299_15
299,2003,60,Smoke Shop,40.75714063260104,-73.96696996199624,2012-07-20 20:44:34,2012-07-16,train,299_15
300,439,58,Electronics Store,40.76393850093645,-73.97308830420383,2012-07-18 20:34:25,2012-07-16,train,300_12
300,731,147,Movie Theater,40.774697291507216,-73.98194979831837,2012-07-22 08:55:43,2012-07-16,train,300_12
301,1115,138,Gym / Fitness Center,40.77105461225158,-73.95519763349618,2012-07-16 12:15:49,2012-07-16,train,301_14
301,1448,63,Office,40.73329164379054,-73.9928367092527,2012-07-17 10:01:45,2012-07-16,train,301_14
301,665,138,Gym / Fitness Center,40.73448312627058,-73.98823409478094,2012-07-17 17:45:22,2012-07-16,train,301_14
301,1448,63,Office,40.73329164379054,-73.9928367092527,2012-07-18 08:48:18,2012-07-16,train,301_14
301,665,138,Gym / Fitness Center,40.73448312627058,-73.98823409478094,2012-07-18 18:20:40,2012-07-16,train,301_14
301,1448,63,Office,40.73329164379054,-73.9928367092527,2012-07-20 09:05:14,2012-07-16,train,301_14
302,2383,136,Office,40.752522706592416,-73.98677064685069,2012-07-16 08:43:29,2012-07-16,train,302_15
302,1547,190,Salad Place,40.75254117265956,-73.9883660914967,2012-07-17 11:56:52,2012-07-16,train,302_15
302,2383,136,Office,40.752522706592416,-73.98677064685069,2012-07-20 09:07:48,2012-07-16,train,302_15
303,1324,137,Gym / Fitness Center,40.75723731867925,-73.9669355242481,2012-07-16 07:20:18,2012-07-16,train,303_9
303,4252,102,American Restaurant,40.75536822129624,-73.96833024812483,2012-07-21 19:14:01,2012-07-16,train,303_9
304,892,137,Gym / Fitness Center,40.676854686891616,-73.97226182280386,2012-07-17 09:47:49,2012-07-16,train,304_8
304,1474,239,Airport,40.76915667368325,-73.86195399349938,2012-07-20 10:48:30,2012-07-16,train,304_8
305,4307,61,Office,40.756025741869145,-73.97033335240646,2012-07-16 12:13:18,2012-07-16,train,305_12
305,3645,6,Home (private),40.68833899115064,-73.96537147003376,2012-07-17 06:01:21,2012-07-16,train,305_12
305,4307,61,Office,40.756025741869145,-73.97033335240646,2012-07-18 09:09:13,2012-07-16,train,305_12
305,1305,222,Coffee Shop,40.755002,-73.968647,2012-07-18 09:33:03,2012-07-16,train,305_12
308,2410,91,High School,40.87081138135009,-73.9888322353363,2012-07-16 18:16:59,2012-07-16,train,308_13
308,2410,91,High School,40.87081138135009,-73.9888322353363,2012-07-18 18:22:28,2012-07-16,train,308_13
310,409,223,Harbor / Marina,40.72992160603484,-74.010901763343,2012-07-16 09:34:35,2012-07-16,train,310_11
310,811,31,Bar,40.728833,-74.005256,2012-07-16 12:48:13,2012-07-16,train,310_11
310,1096,141,Bagel Shop,40.73029619603295,-74.00200143669329,2012-07-17 09:02:10,2012-07-16,train,310_11
312,740,227,Beach,40.57334843776636,-73.98030281066895,2012-07-16 16:26:41,2012-07-16,train,312_10
312,740,227,Beach,40.57334843776636,-73.98030281066895,2012-07-16 16:26:46,2012-07-16,train,312_10
313,3854,61,Office,40.75846816339556,-73.98470458372408,2012-07-16 09:48:19,2012-07-16,train,313_13
313,3854,61,Office,40.75846816339556,-73.98470458372408,2012-07-18 10:35:21,2012-07-16,train,313_13
313,3854,61,Office,40.75846816339556,-73.98470458372408,2012-07-20 10:42:09,2012-07-16,train,313_13
313,4135,83,Church,40.83665274287982,-73.92587562237857,2012-07-22 11:17:46,2012-07-16,train,313_13
316,3623,61,Office,40.75795271607545,-73.7003231048584,2012-07-17 10:52:07,2012-07-16,train,316_8
316,3623,61,Office,40.75795271607545,-73.7003231048584,2012-07-18 11:05:59,2012-07-16,train,316_8
319,4961,281,Residential Building (Apartment / Condo),40.76620905075257,-73.92425537109375,2012-07-16 07:20:29,2012-07-16,train,319_13
319,2813,54,Food & Drink Shop,40.7645026089675,-73.9740800857544,2012-07-16 11:58:49,2012-07-16,train,319_13
319,4961,281,Residential Building (Apartment / Condo),40.76620905075257,-73.92425537109375,2012-07-16 19:48:28,2012-07-16,train,319_13
319,4961,281,Residential Building (Apartment / Condo),40.76620905075257,-73.92425537109375,2012-07-18 13:15:13,2012-07-16,train,319_13
319,1061,47,Bar,40.64013066126828,-73.97944750068054,2012-07-20 20:42:27,2012-07-16,train,319_13
319,2813,54,Food & Drink Shop,40.7645026089675,-73.9740800857544,2012-07-21 19:03:22,2012-07-16,train,319_13
321,3842,52,Bar,40.71105463185858,-74.00902532660884,2012-07-16 12:19:39,2012-07-16,train,321_13
321,3842,52,Bar,40.71105463185858,-74.00902532660884,2012-07-17 11:37:10,2012-07-16,train,321_13
321,3116,319,Market,40.74186151409088,-73.98943362953369,2012-07-17 20:51:10,2012-07-16,train,321_13
321,3842,52,Bar,40.71105463185858,-74.00902532660884,2012-07-18 17:11:52,2012-07-16,train,321_13
322,4118,138,Gym / Fitness Center,40.80927000313523,-73.94907116889954,2012-07-16 20:30:56,2012-07-16,train,322_14
322,841,121,Park,40.79867385731181,-73.97318013525144,2012-07-17 08:56:13,2012-07-16,train,322_14
322,4001,42,Food & Drink Shop,40.7783736214385,-73.95255722721059,2012-07-17 20:00:09,2012-07-16,train,322_14
322,4481,138,Gym / Fitness Center,40.74611901545656,-73.99307012557983,2012-07-22 09:33:42,2012-07-16,train,322_14
322,4774,294,River,40.760035632236686,-73.9589744997343,2012-07-22 11:09:02,2012-07-16,train,322_14
323,3830,162,Medical Center,40.8292153237507,-74.10305963500493,2012-07-16 02:39:24,2012-07-16,train,323_10
323,4786,162,Medical Center,40.88431303079767,-74.05628639538511,2012-07-16 02:40:04,2012-07-16,train,323_10
323,2170,163,Medical Center,40.95672907623208,-74.06300067901611,2012-07-16 04:51:05,2012-07-16,train,323_10
323,1727,163,Medical Center,40.88375077190847,-74.05635523868078,2012-07-17 00:48:59,2012-07-16,train,323_10
323,1727,163,Medical Center,40.88375077190847,-74.05635523868078,2012-07-17 01:47:25,2012-07-16,train,323_10
323,4786,162,Medical Center,40.88431303079767,-74.05628639538511,2012-07-17 01:47:46,2012-07-16,train,323_10
324,3997,191,Latin American Restaurant,40.67437280846492,-73.87091159820557,2012-07-16 02:50:56,2012-07-16,train,324_15
324,4219,113,Garden,40.67290578748258,-73.87081315402881,2012-07-16 02:51:54,2012-07-16,train,324_15
324,3663,263,Laundry Service,40.67399629087723,-73.8721970827602,2012-07-16 02:52:34,2012-07-16,train,324_15
324,4818,96,Deli / Bodega,40.67295591375991,-73.87084186634232,2012-07-16 06:17:17,2012-07-16,train,324_15
324,4818,96,Deli / Bodega,40.67295591375991,-73.87084186634232,2012-07-16 11:32:45,2012-07-16,train,324_15
324,4818,96,Deli / Bodega,40.67295591375991,-73.87084186634232,2012-07-16 13:58:55,2012-07-16,train,324_15
324,4818,96,Deli / Bodega,40.67295591375991,-73.87084186634232,2012-07-16 14:01:30,2012-07-16,train,324_15
324,4814,94,Caribbean Restaurant,40.67295509289303,-73.87084186634232,2012-07-16 15:03:26,2012-07-16,train,324_15
324,4814,94,Caribbean Restaurant,40.67295509289303,-73.87084186634232,2012-07-16 15:22:04,2012-07-16,train,324_15
324,4415,73,Bus Station,40.67502037261159,-73.8717893703308,2012-07-16 16:00:28,2012-07-16,train,324_15
324,4818,96,Deli / Bodega,40.67295591375991,-73.87084186634232,2012-07-16 16:01:00,2012-07-16,train,324_15
324,3663,263,Laundry Service,40.67399629087723,-73.8721970827602,2012-07-16 16:01:31,2012-07-16,train,324_15
324,4818,96,Deli / Bodega,40.67295591375991,-73.87084186634232,2012-07-16 16:33:46,2012-07-16,train,324_15
324,4818,96,Deli / Bodega,40.67295591375991,-73.87084186634232,2012-07-16 18:11:20,2012-07-16,train,324_15
324,4814,94,Caribbean Restaurant,40.67295509289303,-73.87084186634232,2012-07-16 18:11:43,2012-07-16,train,324_15
324,2273,34,Gas Station / Garage,40.672785876590765,-73.87079018417498,2012-07-16 18:12:45,2012-07-16,train,324_15
324,2273,34,Gas Station / Garage,40.672785876590765,-73.87079018417498,2012-07-16 21:01:57,2012-07-16,train,324_15
324,3231,95,Chinese Restaurant,40.67295591375991,-73.87083612387994,2012-07-16 21:02:55,2012-07-16,train,324_15
324,3409,95,Chinese Restaurant,40.67295354709571,-73.87089354849601,2012-07-16 21:03:50,2012-07-16,train,324_15
324,2273,34,Gas Station / Garage,40.672785876590765,-73.87079018417498,2012-07-16 23:11:13,2012-07-16,train,324_15
324,4009,28,Salon / Barbershop,40.672888741097566,-73.87088780603517,2012-07-16 23:12:28,2012-07-16,train,324_15
324,4219,113,Garden,40.67290578748258,-73.87081315402881,2012-07-16 23:14:40,2012-07-16,train,324_15
324,4818,96,Deli / Bodega,40.67295591375991,-73.87084186634232,2012-07-17 06:06:12,2012-07-16,train,324_15
324,4814,94,Caribbean Restaurant,40.67295509289303,-73.87084186634232,2012-07-17 06:06:40,2012-07-16,train,324_15
324,2645,95,Chinese Restaurant,40.67295263029044,-73.87085335126653,2012-07-17 06:06:59,2012-07-16,train,324_15
324,2273,34,Gas Station / Garage,40.672785876590765,-73.87079018417498,2012-07-17 06:07:40,2012-07-16,train,324_15
324,4066,64,Government Building,40.67288482867463,-73.87079018417498,2012-07-17 06:08:39,2012-07-16,train,324_15
324,3027,202,Pizza Place,40.6729684719258,-73.87084186634232,2012-07-17 13:53:26,2012-07-16,train,324_15
324,3027,202,Pizza Place,40.6729684719258,-73.87084186634232,2012-07-17 16:19:15,2012-07-16,train,324_15
324,4066,64,Government Building,40.67288482867463,-73.87079018417498,2012-07-18 20:35:35,2012-07-16,train,324_15
324,4009,28,Salon / Barbershop,40.672888741097566,-73.87088780603517,2012-07-18 20:35:54,2012-07-16,train,324_15
324,3409,95,Chinese Restaurant,40.67295354709571,-73.87089354849601,2012-07-18 20:36:16,2012-07-16,train,324_15
324,3279,258,Food & Drink Shop,40.67297020964244,-73.87097394293029,2012-07-18 20:36:48,2012-07-16,train,324_15
324,4299,28,Salon / Barbershop,40.67401428070848,-73.87088206357414,2012-07-20 10:37:50,2012-07-16,train,324_15
324,4009,28,Salon / Barbershop,40.672888741097566,-73.87088780603517,2012-07-22 09:04:59,2012-07-16,train,324_15
324,4818,96,Deli / Bodega,40.67295591375991,-73.87084186634232,2012-07-22 09:05:24,2012-07-16,train,324_15
324,4814,94,Caribbean Restaurant,40.67295509289303,-73.87084186634232,2012-07-22 09:06:23,2012-07-16,train,324_15
324,2645,95,Chinese Restaurant,40.67295263029044,-73.87085335126653,2012-07-22 09:07:14,2012-07-16,train,324_15
324,2273,34,Gas Station / Garage,40.672785876590765,-73.87079018417498,2012-07-22 09:10:15,2012-07-16,train,324_15
324,3633,28,Salon / Barbershop,40.67289458316599,-73.87076721431846,2012-07-22 09:15:00,2012-07-16,train,324_15
329,2846,137,Gym / Fitness Center,40.74470887355322,-73.981043006149,2012-07-16 19:43:29,2012-07-16,train,329_5
329,1170,194,Mexican Restaurant,40.745245,-73.982692,2012-07-17 14:58:27,2012-07-16,train,329_5
333,1129,137,Gym / Fitness Center,40.75915,-73.978449,2012-07-17 08:44:29,2012-07-16,train,333_11
333,1516,222,Coffee Shop,40.74064691662654,-73.99104044018358,2012-07-18 10:58:59,2012-07-16,train,333_11
333,4311,61,Office,40.74089649040823,-73.99184388529703,2012-07-18 10:59:19,2012-07-16,train,333_11
333,2801,222,Coffee Shop,40.78261765304958,-73.95334935288557,2012-07-22 11:09:11,2012-07-16,train,333_11
334,619,37,Bar,40.728345706846646,-73.9994477526927,2012-07-16 21:10:20,2012-07-16,train,334_8
334,11,37,Bar,40.72988845526377,-74.00061269591029,2012-07-17 00:23:47,2012-07-16,train,334_8
334,1008,208,Ramen /  Noodle House,40.73085850344144,-73.99070758336508,2012-07-20 19:35:23,2012-07-16,train,334_8
340,1450,37,Bar,40.71275398624102,-73.96637304015732,2012-07-16 19:08:43,2012-07-16,train,340_12
340,3258,6,Home (private),40.70477380546345,-73.94186034276925,2012-07-17 19:20:51,2012-07-16,train,340_12
340,759,37,Bar,40.71892124265764,-73.95938776936617,2012-07-20 19:15:22,2012-07-16,train,340_12
340,3258,6,Home (private),40.70477380546345,-73.94186034276925,2012-07-20 20:07:01,2012-07-16,train,340_12
341,197,37,Bar,40.72177883861973,-73.98748228566909,2012-07-16 00:46:09,2012-07-16,train,341_12
341,3,37,Bar,40.71836264775439,-73.9908166227313,2012-07-16 01:09:23,2012-07-16,train,341_12
341,108,21,French Restaurant,40.72270549271865,-73.99819850921631,2012-07-17 07:20:49,2012-07-16,train,341_12
342,2035,61,Office,40.746102944047806,-73.98232858365381,2012-07-16 08:53:31,2012-07-16,train,342_14
342,1995,70,Train Station,40.72465693431455,-73.70641708374023,2012-07-17 07:20:53,2012-07-16,train,342_14
342,4267,222,Coffee Shop,40.74716739491837,-73.9834132829835,2012-07-17 08:28:24,2012-07-16,train,342_14
342,2035,61,Office,40.746102944047806,-73.98232858365381,2012-07-17 08:44:42,2012-07-16,train,342_14
342,958,203,Food Truck,40.76826484861582,-73.9824378490448,2012-07-17 12:36:36,2012-07-16,train,342_14
342,2035,61,Office,40.746102944047806,-73.98232858365381,2012-07-18 08:29:08,2012-07-16,train,342_14
342,4267,222,Coffee Shop,40.74716739491837,-73.9834132829835,2012-07-18 13:11:26,2012-07-16,train,342_14
342,2035,61,Office,40.746102944047806,-73.98232858365381,2012-07-20 09:12:53,2012-07-16,train,342_14
345,2319,223,Harbor / Marina,40.68571485984485,-74.07188415527344,2012-07-17 01:26:10,2012-07-16,train,345_13
345,1130,61,Office,40.75628266864383,-73.9934220712574,2012-07-17 20:43:26,2012-07-16,train,345_13
345,1130,61,Office,40.75628266864383,-73.9934220712574,2012-07-18 12:35:56,2012-07-16,train,345_13
351,4598,6,Home (private),40.767237460001375,-73.89482953406639,2012-07-16 06:21:40,2012-07-16,train,351_14
351,1068,183,University,40.721664700472566,-73.79473686218262,2012-07-16 10:24:33,2012-07-16,train,351_14
351,2210,165,College Academic Building,40.72200363430237,-73.79322870209799,2012-07-16 11:15:50,2012-07-16,train,351_14
351,4598,6,Home (private),40.767237460001375,-73.89482953406639,2012-07-16 17:40:23,2012-07-16,train,351_14
351,957,138,Gym / Fitness Center,40.76396628964295,-73.915114402771,2012-07-17 17:01:33,2012-07-16,train,351_14
351,4598,6,Home (private),40.767237460001375,-73.89482953406639,2012-07-17 18:32:36,2012-07-16,train,351_14
354,2970,61,Office,40.74856989102761,-73.98940484509166,2012-07-18 09:13:11,2012-07-16,train,354_14
354,879,265,Mall,40.74895076073203,-73.98866451851946,2012-07-18 09:26:13,2012-07-16,train,354_14
356,3342,175,College Academic Building,40.7370797706936,-73.81808280944824,2012-07-16 09:10:02,2012-07-16,train,356_15
356,3342,175,College Academic Building,40.7370797706936,-73.81808280944824,2012-07-17 09:08:05,2012-07-16,train,356_15
357,1473,107,Cuban Restaurant,40.710218205311854,-74.00796372580432,2012-07-16 12:39:03,2012-07-16,train,357_9
357,1535,146,Movie Theater,40.690525226258906,-73.99196440177379,2012-07-20 18:53:41,2012-07-16,train,357_9
361,3761,281,Residential Building (Apartment / Condo),40.83258630274996,-73.91532940656188,2012-07-17 17:03:09,2012-07-16,train,361_15
361,3821,42,Food & Drink Shop,40.83278533040082,-73.91493326646092,2012-07-17 17:03:37,2012-07-16,train,361_15
361,2776,90,School,40.83249835269056,-73.91528347731614,2012-07-17 17:03:47,2012-07-16,train,361_15
361,4127,266,Bus Station,40.83319692340326,-73.91407370567322,2012-07-17 20:22:29,2012-07-16,train,361_15
361,3984,7,Clothing Store,40.832590827934254,-73.91493326646092,2012-07-17 20:22:51,2012-07-16,train,361_15
361,1171,265,Mall,40.92664586048168,-73.85567665100098,2012-07-17 20:23:51,2012-07-16,train,361_15
361,3163,104,Spanish Restaurant,40.83329771,-73.91433,2012-07-18 12:26:18,2012-07-16,train,361_15
361,4127,266,Bus Station,40.83319692340326,-73.91407370567322,2012-07-18 12:26:20,2012-07-16,train,361_15
363,3839,122,Plaza,40.67263892270076,-73.96990862716433,2012-07-18 13:17:53,2012-07-16,train,363_1
363,357,70,Train Station,40.750794799423865,-73.99357639021292,2012-07-21 18:41:07,2012-07-16,train,363_1
364,3039,37,Bar,40.711585725534455,-73.94523852123945,2012-07-16 15:21:00,2012-07-16,train,364_7
364,3039,37,Bar,40.711585725534455,-73.94523852123945,2012-07-17 15:29:33,2012-07-16,train,364_7
366,3325,61,Office,40.738130516666665,-73.9920378,2012-07-16 11:27:12,2012-07-16,train,366_13
366,633,137,Gym / Fitness Center,40.73289,-73.99,2012-07-16 20:00:11,2012-07-16,train,366_13
366,3325,61,Office,40.738130516666665,-73.9920378,2012-07-18 09:02:43,2012-07-16,train,366_13
366,633,137,Gym / Fitness Center,40.73289,-73.99,2012-07-18 20:45:32,2012-07-16,train,366_13
367,3174,63,Office,40.80036117114784,-73.94424319267273,2012-07-16 07:39:12,2012-07-16,train,367_15
367,2689,301,Neighborhood,40.71424858464975,-73.95375967025757,2012-07-16 08:13:58,2012-07-16,train,367_15
367,1075,121,Park,40.70919832245443,-74.01118576526642,2012-07-16 10:50:06,2012-07-16,train,367_15
367,1870,264,Subway,40.71814377480724,-74.00015652179718,2012-07-16 10:50:50,2012-07-16,train,367_15
367,1481,264,Subway,40.68430737873073,-73.97759780287743,2012-07-16 10:51:14,2012-07-16,train,367_15
367,3305,132,Fast Food Restaurant,40.57696138238364,-73.98161692574057,2012-07-16 11:41:36,2012-07-16,train,367_15
367,4899,19,Bank,40.57684370773071,-73.98132996615902,2012-07-16 12:40:43,2012-07-16,train,367_15
367,2665,149,Park,40.57485998907254,-73.978434,2012-07-16 12:42:15,2012-07-16,train,367_15
367,740,227,Beach,40.57334843776636,-73.98030281066895,2012-07-16 12:42:59,2012-07-16,train,367_15
367,740,227,Beach,40.57334843776636,-73.98030281066895,2012-07-16 12:43:26,2012-07-16,train,367_15
367,1481,264,Subway,40.68430737873073,-73.97759780287743,2012-07-16 22:22:34,2012-07-16,train,367_15
367,1390,264,Subway,40.71860727913039,-73.98811340332031,2012-07-16 22:23:48,2012-07-16,train,367_15
367,3174,63,Office,40.80036117114784,-73.94424319267273,2012-07-16 22:26:17,2012-07-16,train,367_15
367,3305,132,Fast Food Restaurant,40.57696138238364,-73.98161692574057,2012-07-17 17:22:32,2012-07-16,train,367_15
367,740,227,Beach,40.57334843776636,-73.98030281066895,2012-07-17 17:23:03,2012-07-16,train,367_15
367,2665,149,Park,40.57485998907254,-73.978434,2012-07-17 17:23:26,2012-07-16,train,367_15
367,1481,264,Subway,40.68430737873073,-73.97759780287743,2012-07-17 18:07:20,2012-07-16,train,367_15
367,1528,264,Subway,40.73573434642415,-73.99056762456905,2012-07-17 18:45:18,2012-07-16,train,367_15
367,2521,264,Subway,40.75163299987047,-73.97588549950576,2012-07-17 18:45:46,2012-07-16,train,367_15
367,349,70,Train Station,40.75280620914171,-73.97717535495758,2012-07-17 18:46:05,2012-07-16,train,367_15
367,4471,58,Electronics Store,40.75281239893301,-73.97717474340911,2012-07-17 18:46:55,2012-07-16,train,367_15
367,3305,132,Fast Food Restaurant,40.57696138238364,-73.98161692574057,2012-07-18 11:00:41,2012-07-16,train,367_15
367,2665,149,Park,40.57485998907254,-73.978434,2012-07-18 11:01:12,2012-07-16,train,367_15
367,3113,102,American Restaurant,40.57689110532319,-73.98192110242921,2012-07-18 11:02:05,2012-07-16,train,367_15
367,3113,102,American Restaurant,40.57689110532319,-73.98192110242921,2012-07-18 18:33:57,2012-07-16,train,367_15
367,740,227,Beach,40.57334843776636,-73.98030281066895,2012-07-20 19:02:40,2012-07-16,train,367_15
367,4899,19,Bank,40.57684370773071,-73.98132996615902,2012-07-20 19:06:08,2012-07-16,train,367_15
367,2613,70,Train Station,40.68444568744034,-73.97785663604736,2012-07-20 19:33:30,2012-07-16,train,367_15
367,1316,254,Department Store,40.68428103200774,-73.97646306641839,2012-07-20 19:33:42,2012-07-16,train,367_15
367,2511,264,Subway,40.70240710847517,-73.79997253417969,2012-07-21 18:03:40,2012-07-16,train,367_15
367,3174,63,Office,40.80036117114784,-73.94424319267273,2012-07-21 18:05:19,2012-07-16,train,367_15
367,2072,264,Subway,40.721717045393135,-73.8445246964693,2012-07-22 06:50:19,2012-07-16,train,367_15
367,2221,264,Subway,40.754035474213005,-73.94245147705078,2012-07-22 06:50:51,2012-07-16,train,367_15
367,1913,264,Subway,40.69147464622913,-73.98738384246826,2012-07-22 06:51:18,2012-07-16,train,367_15
367,1551,264,Subway,40.67026755172896,-73.98977637290949,2012-07-22 06:51:34,2012-07-16,train,367_15
367,2637,264,Subway,40.57745558120849,-73.98124694824219,2012-07-22 06:51:49,2012-07-16,train,367_15
367,3305,132,Fast Food Restaurant,40.57696138238364,-73.98161692574057,2012-07-22 10:35:00,2012-07-16,train,367_15
367,2665,149,Park,40.57485998907254,-73.978434,2012-07-22 10:35:20,2012-07-16,train,367_15
369,1087,138,Gym / Fitness Center,40.71886430230864,-73.98909494129268,2012-07-17 07:04:37,2012-07-16,train,369_11
369,159,17,Eastern European Restaurant,40.72915518010633,-73.98702890317843,2012-07-17 13:51:49,2012-07-16,train,369_11
369,512,147,Movie Theater,40.75247132233474,-73.99431158852992,2012-07-22 10:50:17,2012-07-16,train,369_11
370,4982,63,Office,40.758454,-73.988858,2012-07-16 11:23:09,2012-07-16,train,370_10
370,4982,63,Office,40.758454,-73.988858,2012-07-17 08:19:16,2012-07-16,train,370_10
370,590,256,Furniture / Home Store,40.67168753532757,-74.01038646697998,2012-07-17 18:49:15,2012-07-16,train,370_10
372,4543,98,Donut Shop,40.882125622675126,-73.88050045004572,2012-07-22 08:23:00,2012-07-16,train,372_14
372,2084,264,Subway,40.82786090041683,-73.925651460886,2012-07-22 08:51:57,2012-07-16,train,372_14
372,2962,221,Bridge,40.846751950582565,-73.9276671409607,2012-07-22 09:26:48,2012-07-16,train,372_14
373,625,122,Plaza,40.756489872673846,-73.98626804351807,2012-07-17 17:15:08,2012-07-16,train,373_0
373,1569,61,Office,40.74722445029306,-73.9438247680664,2012-07-18 14:39:04,2012-07-16,train,373_0
376,4167,220,BBQ Joint,40.72999961666667,-74.003533,2012-07-16 17:07:29,2012-07-16,train,376_12
376,669,137,Gym / Fitness Center,40.73757,-74.0017,2012-07-16 20:00:29,2012-07-16,train,376_12
376,189,238,Music Venue,40.7221525738643,-73.98682594299316,2012-07-20 20:12:11,2012-07-16,train,376_12
379,1956,265,Mall,40.80991152281341,-74.06785011291504,2012-07-16 11:07:32,2012-07-16,train,379_15
379,2771,61,Office,40.772551970891946,-73.98142179327174,2012-07-16 15:24:34,2012-07-16,train,379_15
379,1956,265,Mall,40.80991152281341,-74.06785011291504,2012-07-17 11:52:17,2012-07-16,train,379_15
379,2771,61,Office,40.772551970891946,-73.98142179327174,2012-07-17 15:24:48,2012-07-16,train,379_15
379,1956,265,Mall,40.80991152281341,-74.06785011291504,2012-07-18 09:06:12,2012-07-16,train,379_15
379,2771,61,Office,40.772551970891946,-73.98142179327174,2012-07-18 15:26:41,2012-07-16,train,379_15
379,5010,120,Other Great Outdoors,40.74696317219398,-73.96962165011914,2012-07-18 17:20:47,2012-07-16,train,379_15
379,1956,265,Mall,40.80991152281341,-74.06785011291504,2012-07-20 09:12:09,2012-07-16,train,379_15
383,3552,138,Gym / Fitness Center,40.74508413434562,-73.99430584972202,2012-07-17 07:52:39,2012-07-16,train,383_4
383,664,27,Italian Restaurant,40.769771,-73.927716,2012-07-17 20:36:39,2012-07-16,train,383_4
387,693,61,Office,40.72029878702279,-74.00604709105016,2012-07-16 10:18:52,2012-07-16,train,387_14
387,3358,138,Gym / Fitness Center,40.72800542208163,-73.99348519842566,2012-07-16 18:43:36,2012-07-16,train,387_14
387,527,42,Food & Drink Shop,40.723955,-73.991829,2012-07-16 20:31:41,2012-07-16,train,387_14
387,693,61,Office,40.72029878702279,-74.00604709105016,2012-07-17 10:16:31,2012-07-16,train,387_14
387,3477,203,Food Truck,40.74010382743943,-73.98965835571289,2012-07-17 12:55:33,2012-07-16,train,387_14
387,1157,61,Office,40.728445820010194,-74.00768280029297,2012-07-17 18:37:09,2012-07-16,train,387_14
387,3358,138,Gym / Fitness Center,40.72800542208163,-73.99348519842566,2012-07-17 19:03:38,2012-07-16,train,387_14
387,527,42,Food & Drink Shop,40.723955,-73.991829,2012-07-17 20:08:51,2012-07-16,train,387_14
387,693,61,Office,40.72029878702279,-74.00604709105016,2012-07-18 10:22:25,2012-07-16,train,387_14
389,1024,42,Food & Drink Shop,40.77380068362164,-74.02056483376467,2012-07-16 10:48:58,2012-07-16,train,389_10
389,1024,42,Food & Drink Shop,40.77380068362164,-74.02056483376467,2012-07-22 09:45:32,2012-07-16,train,389_10
390,1243,61,Office,40.7524323390344,-73.99025420849364,2012-07-16 11:14:29,2012-07-16,train,390_13
390,1243,61,Office,40.7524323390344,-73.99025420849364,2012-07-18 09:49:53,2012-07-16,train,390_13
390,323,110,American Restaurant,40.76526384874912,-73.98754541479173,2012-07-18 20:37:46,2012-07-16,train,390_13
390,597,55,Bar,40.749522986346776,-73.98322963061759,2012-07-20 18:47:01,2012-07-16,train,390_13
390,180,37,Bar,40.704238089238245,-74.01015578152591,2012-07-20 21:19:18,2012-07-16,train,390_13
390,1515,264,Subway,40.75047562272483,-73.94028425216675,2012-07-21 18:56:20,2012-07-16,train,390_13
392,1486,134,Event Space,40.742862660166125,-73.99238907827885,2012-07-16 09:06:01,2012-07-16,train,392_12
392,1486,134,Event Space,40.742862660166125,-73.99238907827885,2012-07-17 09:13:34,2012-07-16,train,392_12
392,3774,203,Food Truck,40.73580789980458,-73.98917528677009,2012-07-18 13:51:11,2012-07-16,train,392_12
392,1486,134,Event Space,40.742862660166125,-73.99238907827885,2012-07-20 09:17:25,2012-07-16,train,392_12
392,1678,27,Italian Restaurant,40.7384071267882,-73.98565727114978,2012-07-21 19:30:00,2012-07-16,train,392_12
400,2315,96,Deli / Bodega,40.74379022679562,-73.98389160633087,2012-07-16 04:35:23,2012-07-16,train,400_13
400,2762,6,Home (private),40.73944138679658,-73.97712595918333,2012-07-16 04:35:38,2012-07-16,train,400_13
400,2812,259,Hotel,40.74393865874401,-73.98399867372817,2012-07-16 04:36:02,2012-07-16,train,400_13
400,1086,80,Building,40.74435091026743,-73.98246058442858,2012-07-16 06:31:23,2012-07-16,train,400_13
400,3059,96,Deli / Bodega,40.74446107849192,-73.98239171447044,2012-07-16 06:32:09,2012-07-16,train,400_13
400,4593,138,Gym / Fitness Center,40.74424119059385,-73.98270736824254,2012-07-16 06:32:17,2012-07-16,train,400_13
400,2080,19,Bank,40.745061693554696,-73.98259258511268,2012-07-16 06:32:26,2012-07-16,train,400_13
400,1729,19,Bank,40.745625645552565,-73.98221380029767,2012-07-16 12:43:20,2012-07-16,train,400_13
400,76,21,French Restaurant,40.74364391274361,-73.9838882535696,2012-07-16 12:43:40,2012-07-16,train,400_13
400,3449,6,Home (private),40.73944138679658,-73.97712595918333,2012-07-16 12:43:54,2012-07-16,train,400_13
400,2894,220,BBQ Joint,40.74446589703744,-73.98263849837286,2012-07-16 12:44:19,2012-07-16,train,400_13
400,1998,20,Falafel Restaurant,40.74437141554582,-73.98308157920837,2012-07-16 19:45:45,2012-07-16,train,400_13
400,1086,80,Building,40.74435091026743,-73.98246058442858,2012-07-16 19:46:32,2012-07-16,train,400_13
400,2667,197,Sandwich Place,40.74448451947526,-73.98340180471577,2012-07-16 22:19:34,2012-07-16,train,400_13
400,4593,138,Gym / Fitness Center,40.74424119059385,-73.98270736824254,2012-07-17 00:21:10,2012-07-16,train,400_13
400,3013,58,Electronics Store,40.744263124353616,-73.98277623808755,2012-07-17 00:21:22,2012-07-16,train,400_13
400,3540,136,Office,40.74361546275165,-73.98347854614258,2012-07-17 00:22:16,2012-07-16,train,400_13
400,76,21,French Restaurant,40.74364391274361,-73.9838882535696,2012-07-17 00:22:56,2012-07-16,train,400_13
400,3449,6,Home (private),40.73944138679658,-73.97712595918333,2012-07-17 08:05:11,2012-07-16,train,400_13
400,2894,220,BBQ Joint,40.74446589703744,-73.98263849837286,2012-07-17 09:36:56,2012-07-16,train,400_13
400,3059,96,Deli / Bodega,40.74446107849192,-73.98239171447044,2012-07-17 09:37:15,2012-07-16,train,400_13
400,1729,19,Bank,40.745625645552565,-73.98221380029767,2012-07-17 09:37:50,2012-07-16,train,400_13
400,2080,19,Bank,40.745061693554696,-73.98259258511268,2012-07-18 09:08:24,2012-07-16,train,400_13
400,3013,58,Electronics Store,40.744263124353616,-73.98277623808755,2012-07-18 09:08:45,2012-07-16,train,400_13
400,3059,96,Deli / Bodega,40.74446107849192,-73.98239171447044,2012-07-18 09:08:56,2012-07-16,train,400_13
400,1086,80,Building,40.74435091026743,-73.98246058442858,2012-07-18 09:09:12,2012-07-16,train,400_13
400,2894,220,BBQ Joint,40.74446589703744,-73.98263849837286,2012-07-18 14:30:33,2012-07-16,train,400_13
400,1998,20,Falafel Restaurant,40.74437141554582,-73.98308157920837,2012-07-18 14:31:04,2012-07-16,train,400_13
400,76,21,French Restaurant,40.74364391274361,-73.9838882535696,2012-07-18 14:31:35,2012-07-16,train,400_13
400,1086,80,Building,40.74435091026743,-73.98246058442858,2012-07-18 15:51:06,2012-07-16,train,400_13
400,303,48,Bar,40.721502075213984,-73.98914337158203,2012-07-18 20:48:45,2012-07-16,train,400_13
400,4593,138,Gym / Fitness Center,40.74424119059385,-73.98270736824254,2012-07-20 09:38:21,2012-07-16,train,400_13
400,2553,259,Hotel,40.74380843969062,-73.98298858662089,2012-07-20 09:38:38,2012-07-16,train,400_13
400,2812,259,Hotel,40.74393865874401,-73.98399867372817,2012-07-20 09:38:59,2012-07-16,train,400_13
400,1998,20,Falafel Restaurant,40.74437141554582,-73.98308157920837,2012-07-20 09:39:38,2012-07-16,train,400_13
400,3013,58,Electronics Store,40.744263124353616,-73.98277623808755,2012-07-20 10:45:33,2012-07-16,train,400_13
400,76,21,French Restaurant,40.74364391274361,-73.9838882535696,2012-07-20 10:45:55,2012-07-16,train,400_13
400,3907,209,Sushi Restaurant,40.74476767769092,-73.98205429315567,2012-07-20 10:46:14,2012-07-16,train,400_13
400,3449,6,Home (private),40.73944138679658,-73.97712595918333,2012-07-20 10:46:59,2012-07-16,train,400_13
406,928,138,Gym / Fitness Center,40.72241034998236,-73.99948218461356,2012-07-17 06:33:49,2012-07-16,train,406_11
406,1994,61,Office,40.723206,-73.997249,2012-07-17 09:41:37,2012-07-16,train,406_11
406,1994,61,Office,40.723206,-73.997249,2012-07-20 09:39:07,2012-07-16,train,406_11
407,1286,80,Building,40.706871115902345,-74.00984017295771,2012-07-16 08:45:59,2012-07-16,train,407_14
407,4953,61,Office,40.70679141937431,-74.00988607969092,2012-07-16 08:46:16,2012-07-16,train,407_14
407,3710,194,Mexican Restaurant,40.67335042443954,-73.95708033593266,2012-07-16 18:06:50,2012-07-16,train,407_14
407,1286,80,Building,40.706871115902345,-74.00984017295771,2012-07-17 08:32:46,2012-07-16,train,407_14
407,4953,61,Office,40.70679141937431,-74.00988607969092,2012-07-17 08:32:59,2012-07-16,train,407_14
407,1286,80,Building,40.706871115902345,-74.00984017295771,2012-07-18 08:22:13,2012-07-16,train,407_14
407,4953,61,Office,40.70679141937431,-74.00988607969092,2012-07-18 08:22:25,2012-07-16,train,407_14
407,1613,281,Residential Building (Apartment / Condo),40.67641886124958,-73.95891710110432,2012-07-18 19:29:00,2012-07-16,train,407_14
411,4392,194,Mexican Restaurant,40.89559010656366,-73.97608426952706,2012-07-16 19:41:29,2012-07-16,train,411_6
411,1843,147,Movie Theater,40.91532869189857,-74.07670140266418,2012-07-22 11:28:54,2012-07-16,train,411_6
412,4028,63,Office,40.74746236666667,-73.99307193333334,2012-07-16 13:21:36,2012-07-16,train,412_9
412,2119,138,Gym / Fitness Center,40.74800474617332,-74.00862693786621,2012-07-16 22:00:44,2012-07-16,train,412_9
412,4622,281,Residential Building (Apartment / Condo),40.7615269692805,-74.00021673078398,2012-07-18 11:09:53,2012-07-16,train,412_9
412,1145,264,Subway,40.708588361482406,-73.99103164672852,2012-07-20 19:04:11,2012-07-16,train,412_9
415,2581,167,College Academic Building,40.73523006577503,-73.8201523688399,2012-07-16 17:28:05,2012-07-16,train,415_13
415,2184,42,Food & Drink Shop,40.76903673486817,-73.8347299485058,2012-07-18 18:27:03,2012-07-16,train,415_13
417,1900,83,Church,40.81681580433024,-73.94139250202096,2012-07-16 18:07:15,2012-07-16,train,417_12
417,1786,26,Drugstore / Pharmacy,40.804072,-73.96695077419281,2012-07-16 22:20:03,2012-07-16,train,417_12
417,991,138,Gym / Fitness Center,40.809865807665965,-73.95154697526134,2012-07-18 10:40:14,2012-07-16,train,417_12
417,1900,83,Church,40.81681580433024,-73.94139250202096,2012-07-18 18:50:14,2012-07-16,train,417_12
417,233,147,Movie Theater,40.756931775430665,-73.98897442301349,2012-07-21 19:57:04,2012-07-16,train,417_12
420,552,50,Bar,40.71112557540723,-73.94836120300144,2012-07-16 21:21:12,2012-07-16,train,420_10
420,2968,130,Burger Joint,40.75845677498381,-73.98914046612941,2012-07-17 15:41:11,2012-07-16,train,420_10
421,349,70,Train Station,40.75280620914171,-73.97717535495758,2012-07-17 18:15:10,2012-07-16,train,421_11
421,349,70,Train Station,40.75280620914171,-73.97717535495758,2012-07-18 09:59:40,2012-07-16,train,421_11
421,1827,70,Train Station,40.926865,-73.839701,2012-07-20 18:46:08,2012-07-16,train,421_11
423,4217,6,Home (private),40.73569746375886,-73.81249842275241,2012-07-16 22:56:39,2012-07-16,train,423_14
423,4217,6,Home (private),40.73569746375886,-73.81249842275241,2012-07-17 09:35:15,2012-07-16,train,423_14
423,2061,264,Subway,40.7625685886431,-73.96796464920044,2012-07-17 10:51:46,2012-07-16,train,423_14
423,4283,83,Church,40.691620825972336,-73.78819052136058,2012-07-17 17:16:52,2012-07-16,train,423_14
423,4217,6,Home (private),40.73569746375886,-73.81249842275241,2012-07-18 11:01:53,2012-07-16,train,423_14
423,4283,83,Church,40.691620825972336,-73.78819052136058,2012-07-18 16:49:19,2012-07-16,train,423_14
423,4463,6,Home (private),40.73569746375886,-73.81249842275241,2012-07-20 09:11:49,2012-07-16,train,423_14
423,4682,253,General Travel,40.735687799616535,-73.81273680526725,2012-07-20 10:42:46,2012-07-16,train,423_14
424,4764,37,Bar,40.72376557850201,-73.97913758081623,2012-07-16 19:50:33,2012-07-16,train,424_9
424,1363,50,Bar,40.725047,-73.978356,2012-07-17 20:57:29,2012-07-16,train,424_9
427,1957,222,Coffee Shop,40.75708314082242,-73.97595226764679,2012-07-16 08:58:08,2012-07-16,train,427_10
427,3653,61,Office,40.76060517542807,-73.97460925028328,2012-07-16 10:50:17,2012-07-16,train,427_10
427,349,70,Train Station,40.75280620914171,-73.97717535495758,2012-07-17 08:48:59,2012-07-16,train,427_10
427,1957,222,Coffee Shop,40.75708314082242,-73.97595226764679,2012-07-17 08:55:42,2012-07-16,train,427_10
427,3653,61,Office,40.76060517542807,-73.97460925028328,2012-07-17 09:22:32,2012-07-16,train,427_10
427,349,70,Train Station,40.75280620914171,-73.97717535495758,2012-07-18 08:53:14,2012-07-16,train,427_10
427,1957,222,Coffee Shop,40.75708314082242,-73.97595226764679,2012-07-18 08:56:29,2012-07-16,train,427_10
427,349,70,Train Station,40.75280620914171,-73.97717535495758,2012-07-20 09:08:26,2012-07-16,train,427_10
428,4027,61,Office,40.73717732305697,-73.98822069168091,2012-07-17 09:33:02,2012-07-16,train,428_10
428,1526,137,Gym / Fitness Center,40.78135679017438,-73.97971724534096,2012-07-22 10:49:27,2012-07-16,train,428_10
437,698,222,Coffee Shop,40.72686036833717,-73.9802598953247,2012-07-17 09:10:03,2012-07-16,train,437_14
437,698,222,Coffee Shop,40.72686036833717,-73.9802598953247,2012-07-20 09:25:53,2012-07-16,train,437_14
437,674,254,Department Store,40.758017730590645,-73.97692322731018,2012-07-20 19:54:58,2012-07-16,train,437_14
437,212,102,American Restaurant,40.758840520062975,-73.96865166454153,2012-07-20 20:36:53,2012-07-16,train,437_14
437,357,70,Train Station,40.750794799423865,-73.99357639021292,2012-07-22 10:48:48,2012-07-16,train,437_14
446,4654,238,Music Venue,40.96236366896308,-74.09231669788183,2012-07-16 13:58:54,2012-07-16,train,446_15
446,3722,224,Arcade,40.962451,-74.092604,2012-07-17 20:11:56,2012-07-16,train,446_15
446,3722,224,Arcade,40.962451,-74.092604,2012-07-18 11:00:13,2012-07-16,train,446_15
446,4368,282,Convenience Store,40.931104098208365,-74.13194417953491,2012-07-18 12:20:37,2012-07-16,train,446_15
446,2234,35,Bookstore,40.93189250626306,-74.13226836771899,2012-07-18 12:21:08,2012-07-16,train,446_15
446,3722,224,Arcade,40.962451,-74.092604,2012-07-21 19:30:24,2012-07-16,train,446_15
450,405,241,Airport,40.645089355976346,-73.7845230102539,2012-07-17 06:58:16,2012-07-16,train,450_9
450,2621,177,College Academic Building,40.597721848677686,-74.14854252965651,2012-07-17 15:51:13,2012-07-16,train,450_9
450,2621,177,College Academic Building,40.597721848677686,-74.14854252965651,2012-07-17 15:57:47,2012-07-16,train,450_9
450,4692,6,Home (private),40.61753347818599,-74.09463109843134,2012-07-21 18:22:31,2012-07-16,train,450_9
452,3157,19,Bank,40.78097593619557,-73.80258088208117,2012-07-17 08:41:30,2012-07-16,train,452_8
452,4877,281,Residential Building (Apartment / Condo),40.706889,-73.818512,2012-07-17 18:30:59,2012-07-16,train,452_8
455,1408,264,Subway,40.76045572900911,-73.98377895355225,2012-07-16 08:46:36,2012-07-16,train,455_10
455,192,121,Park,40.73528249691621,-73.99040315158283,2012-07-16 09:02:34,2012-07-16,train,455_10
457,726,70,Train Station,40.805144639820114,-73.93914699554443,2012-07-17 08:02:09,2012-07-16,train,457_10
457,1362,222,Coffee Shop,40.743644,-73.992241,2012-07-17 16:23:25,2012-07-16,train,457_10
457,1388,58,Electronics Store,40.74260751232707,-73.99270534515381,2012-07-17 16:38:41,2012-07-16,train,457_10
457,349,70,Train Station,40.75280620914171,-73.97717535495758,2012-07-17 18:25:27,2012-07-16,train,457_10
457,4308,70,Train Station,40.75275499216879,-73.97738135881644,2012-07-17 18:25:44,2012-07-16,train,457_10
460,1555,222,Coffee Shop,40.80780016884344,-73.94511222839355,2012-07-16 08:35:47,2012-07-16,train,460_15
460,2202,61,Office,40.75137104083377,-73.97972872382876,2012-07-16 09:54:13,2012-07-16,train,460_15
460,179,121,Park,40.75372797263211,-73.98368835767094,2012-07-16 15:19:32,2012-07-16,train,460_15
460,1555,222,Coffee Shop,40.80780016884344,-73.94511222839355,2012-07-17 08:34:03,2012-07-16,train,460_15
460,2202,61,Office,40.75137104083377,-73.97972872382876,2012-07-17 09:17:06,2012-07-16,train,460_15
460,1555,222,Coffee Shop,40.80780016884344,-73.94511222839355,2012-07-18 08:31:07,2012-07-16,train,460_15
460,2202,61,Office,40.75137104083377,-73.97972872382876,2012-07-18 11:12:30,2012-07-16,train,460_15
461,4075,96,Deli / Bodega,40.78969237045133,-73.84696900073686,2012-07-16 08:39:11,2012-07-16,train,461_15
461,3253,6,Home (private),40.79012656060537,-73.84778739924586,2012-07-16 09:28:56,2012-07-16,train,461_15
461,4587,121,Park,40.78877965590445,-73.84654400648652,2012-07-16 10:03:19,2012-07-16,train,461_15
461,3958,19,Bank,40.784130873393686,-73.84579739274713,2012-07-16 10:11:20,2012-07-16,train,461_15
461,1779,26,Drugstore / Pharmacy,40.78526853551638,-73.84581462232683,2012-07-16 10:46:37,2012-07-16,train,461_15
461,3253,6,Home (private),40.79012656060537,-73.84778739924586,2012-07-16 13:10:39,2012-07-16,train,461_15
461,1289,254,Department Store,40.782978604018936,-73.83175134658813,2012-07-16 20:48:14,2012-07-16,train,461_15
461,1263,254,Department Store,40.78322231631631,-73.83344650268555,2012-07-16 20:49:08,2012-07-16,train,461_15
461,1290,42,Food & Drink Shop,40.7828595918456,-73.83525835122813,2012-07-16 21:07:52,2012-07-16,train,461_15
461,4461,6,Home (private),40.79012656060537,-73.84778739924586,2012-07-16 23:54:49,2012-07-16,train,461_15
461,3253,6,Home (private),40.79012656060537,-73.84778739924586,2012-07-18 17:51:51,2012-07-16,train,461_15
463,2433,6,Home (private),40.72966216538398,-74.04763775758458,2012-07-16 06:29:31,2012-07-16,train,463_15
463,1411,264,Subway,40.73299085,-74.00666,2012-07-16 12:20:02,2012-07-16,train,463_15
463,1790,138,Gym / Fitness Center,40.72702451643517,-74.05069853119814,2012-07-16 19:41:02,2012-07-16,train,463_15
463,1521,70,Train Station,40.71948548899754,-74.0427017211914,2012-07-17 08:01:28,2012-07-16,train,463_15
463,1386,264,Subway,40.7429651739036,-73.99287700653076,2012-07-17 08:02:21,2012-07-16,train,463_15
463,2705,67,Office,40.74686681162143,-73.94427537918091,2012-07-18 13:20:20,2012-07-16,train,463_15
463,1064,70,Train Station,40.74911014966418,-73.98845672607422,2012-07-18 17:33:55,2012-07-16,train,463_15
463,1521,70,Train Station,40.71948548899754,-74.0427017211914,2012-07-20 18:59:49,2012-07-16,train,463_15
463,2297,26,Drugstore / Pharmacy,40.719675852720286,-74.04269509208234,2012-07-20 19:03:19,2012-07-16,train,463_15
464,1474,239,Airport,40.76915667368325,-73.86195399349938,2012-07-16 10:45:29,2012-07-16,train,464_6
464,2978,301,Neighborhood,40.745306184001095,-73.94837379455566,2012-07-17 19:16:39,2012-07-16,train,464_6
465,1218,138,Gym / Fitness Center,40.77548,-73.911166,2012-07-17 14:36:51,2012-07-16,train,465_8
465,1218,138,Gym / Fitness Center,40.77548,-73.911166,2012-07-18 14:36:06,2012-07-16,train,465_8
465,261,37,Bar,40.78459912500588,-73.97735840155991,2012-07-18 17:31:11,2012-07-16,train,465_8
466,4156,214,Bar,40.91142073810325,-73.98678302764893,2012-07-16 05:46:51,2012-07-16,train,466_15
466,2490,80,Building,40.91038528671884,-73.99745642940763,2012-07-16 06:54:06,2012-07-16,train,466_15
466,1145,264,Subway,40.708588361482406,-73.99103164672852,2012-07-16 07:56:46,2012-07-16,train,466_15
466,916,221,Bridge,40.705888200473375,-73.9900016784668,2012-07-16 07:57:37,2012-07-16,train,466_15
466,2851,96,Deli / Bodega,40.65570343098834,-74.00666684331117,2012-07-16 08:11:59,2012-07-16,train,466_15
466,3400,120,Other Great Outdoors,40.65546536280243,-74.00687342695198,2012-07-16 08:13:37,2012-07-16,train,466_15
466,4215,278,Professional & Other Places,40.655786900416224,-74.0063856596638,2012-07-16 08:17:58,2012-07-16,train,466_15
466,1085,61,Office,40.655535144394925,-74.00862937888984,2012-07-16 09:58:16,2012-07-16,train,466_15
466,3070,61,Office,40.65578240404209,-74.00810144732247,2012-07-16 11:08:38,2012-07-16,train,466_15
466,864,42,Food & Drink Shop,40.65536200283102,-74.0088951587677,2012-07-16 14:27:00,2012-07-16,train,466_15
466,4571,73,Bus Station,40.88989838302784,-74.00288517558319,2012-07-16 18:39:35,2012-07-16,train,466_15
466,4156,214,Bar,40.91142073810325,-73.98678302764893,2012-07-17 06:07:41,2012-07-16,train,466_15
466,2490,80,Building,40.91038528671884,-73.99745642940763,2012-07-17 06:56:39,2012-07-16,train,466_15
466,3509,73,Bus Station,40.91012006944042,-73.99780075191677,2012-07-17 06:57:01,2012-07-16,train,466_15
466,4571,73,Bus Station,40.88989838302784,-74.00288517558319,2012-07-17 07:11:38,2012-07-16,train,466_15
466,3320,317,City,40.77329540392466,-74.03361838260707,2012-07-17 07:31:42,2012-07-16,train,466_15
466,4154,73,Bus Station,40.75776200926506,-73.99482808053631,2012-07-17 07:40:58,2012-07-16,train,466_15
466,587,266,Bus Station,40.75722129839836,-73.99154663085938,2012-07-17 07:41:33,2012-07-16,train,466_15
466,3400,120,Other Great Outdoors,40.65546536280243,-74.00687342695198,2012-07-17 08:36:47,2012-07-16,train,466_15
466,1085,61,Office,40.655535144394925,-74.00862937888984,2012-07-17 10:07:38,2012-07-16,train,466_15
466,4215,278,Professional & Other Places,40.655786900416224,-74.0063856596638,2012-07-17 13:55:34,2012-07-16,train,466_15
466,1085,61,Office,40.655535144394925,-74.00862937888984,2012-07-17 13:56:09,2012-07-16,train,466_15
466,3070,61,Office,40.65578240404209,-74.00810144732247,2012-07-17 14:03:15,2012-07-16,train,466_15
466,1145,264,Subway,40.708588361482406,-73.99103164672852,2012-07-17 17:51:53,2012-07-16,train,466_15
466,4878,257,Road,40.786666685360096,-74.05026824735549,2012-07-17 18:38:05,2012-07-16,train,466_15
466,3952,61,Office,40.91141476666667,-73.9868099,2012-07-17 20:51:10,2012-07-16,train,466_15
466,2851,96,Deli / Bodega,40.65570343098834,-74.00666684331117,2012-07-18 09:07:52,2012-07-16,train,466_15
466,1085,61,Office,40.655535144394925,-74.00862937888984,2012-07-18 10:34:47,2012-07-16,train,466_15
466,4154,73,Bus Station,40.75776200926506,-73.99482808053631,2012-07-18 18:35:29,2012-07-16,train,466_15
466,587,266,Bus Station,40.75722129839836,-73.99154663085938,2012-07-18 18:35:52,2012-07-16,train,466_15
466,4878,257,Road,40.786666685360096,-74.05026824735549,2012-07-18 18:49:28,2012-07-16,train,466_15
466,3952,61,Office,40.91141476666667,-73.9868099,2012-07-18 19:24:20,2012-07-16,train,466_15
466,4754,213,Bar,40.91142654418945,-73.9869384765625,2012-07-18 20:59:53,2012-07-16,train,466_15
466,1085,61,Office,40.655535144394925,-74.00862937888984,2012-07-20 09:28:54,2012-07-16,train,466_15
466,3070,61,Office,40.65578240404209,-74.00810144732247,2012-07-20 09:39:42,2012-07-16,train,466_15
466,3952,61,Office,40.91141476666667,-73.9868099,2012-07-20 21:14:22,2012-07-16,train,466_15
466,4754,213,Bar,40.91142654418945,-73.9869384765625,2012-07-20 21:14:54,2012-07-16,train,466_15
468,3868,96,Deli / Bodega,40.82709357391867,-73.9464324937478,2012-07-16 00:14:05,2012-07-16,train,468_15
468,4288,224,Arcade,40.8276361255471,-73.94684493541718,2012-07-16 00:27:20,2012-07-16,train,468_15
468,4477,146,Movie Theater,40.82726951847763,-73.94554275531853,2012-07-16 00:37:57,2012-07-16,train,468_15
468,3948,96,Deli / Bodega,40.82723996688574,-73.94570922281969,2012-07-16 07:07:33,2012-07-16,train,468_15
468,2439,96,Deli / Bodega,40.826860912891306,-73.94619714398068,2012-07-16 07:20:45,2012-07-16,train,468_15
468,1917,264,Subway,40.82650767315227,-73.95039081573486,2012-07-16 08:10:05,2012-07-16,train,468_15
468,1644,264,Subway,40.71408594127328,-74.00858402252197,2012-07-16 09:22:28,2012-07-16,train,468_15
468,3617,73,Bus Station,40.82714317745919,-73.94646693515313,2012-07-16 13:55:42,2012-07-16,train,468_15
468,3826,28,Salon / Barbershop,40.825409,-73.947929,2012-07-16 15:45:48,2012-07-16,train,468_15
468,3868,96,Deli / Bodega,40.82709357391867,-73.9464324937478,2012-07-17 00:48:00,2012-07-16,train,468_15
468,3801,96,Deli / Bodega,40.8284424230666,-73.94511223525481,2012-07-17 03:15:40,2012-07-16,train,468_15
468,4003,96,Deli / Bodega,40.82731769448724,-73.94561737869883,2012-07-17 03:16:38,2012-07-16,train,468_15
468,4288,224,Arcade,40.8276361255471,-73.94684493541718,2012-07-17 03:55:33,2012-07-16,train,468_15
468,3948,96,Deli / Bodega,40.82723996688574,-73.94570922281969,2012-07-18 09:59:01,2012-07-16,train,468_15
468,2439,96,Deli / Bodega,40.826860912891306,-73.94619714398068,2012-07-18 17:34:01,2012-07-16,train,468_15
468,3948,96,Deli / Bodega,40.82723996688574,-73.94570922281969,2012-07-20 09:29:09,2012-07-16,train,468_15
468,3948,96,Deli / Bodega,40.82723996688574,-73.94570922281969,2012-07-22 09:27:38,2012-07-16,train,468_15
468,1917,264,Subway,40.82650767315227,-73.95039081573486,2012-07-22 09:31:18,2012-07-16,train,468_15
470,3211,73,Bus Station,40.78009388651336,-74.16535996423697,2012-07-16 07:54:49,2012-07-16,train,470_10
470,2816,262,Light Rail,40.77972902126812,-74.17463690042496,2012-07-16 08:08:29,2012-07-16,train,470_10
470,3211,73,Bus Station,40.78009388651336,-74.16535996423697,2012-07-17 07:55:37,2012-07-16,train,470_10
475,726,70,Train Station,40.805144639820114,-73.93914699554443,2012-07-17 07:48:29,2012-07-16,train,475_0
475,726,70,Train Station,40.805144639820114,-73.93914699554443,2012-07-17 19:18:25,2012-07-16,train,475_0
475,726,70,Train Station,40.805144639820114,-73.93914699554443,2012-07-18 19:00:56,2012-07-16,train,475_0
476,1832,42,Food & Drink Shop,40.582704252811,-73.98557118513084,2012-07-16 10:00:46,2012-07-16,train,476_2
476,2522,42,Food & Drink Shop,40.58990215209122,-73.99124704067701,2012-07-16 10:11:07,2012-07-16,train,476_2
476,1475,241,Airport,40.773839,-73.87122,2012-07-18 10:31:57,2012-07-16,train,476_2
476,2522,42,Food & Drink Shop,40.58990215209122,-73.99124704067701,2012-07-18 12:44:29,2012-07-16,train,476_2
476,2480,133,Hot Dog Joint,40.57514126948244,-73.98150444030762,2012-07-20 20:13:20,2012-07-16,train,476_2
476,2647,96,Deli / Bodega,40.586137977731234,-73.98802175204773,2012-07-22 10:10:33,2012-07-16,train,476_2
477,587,266,Bus Station,40.75722129839836,-73.99154663085938,2012-07-16 08:34:57,2012-07-16,train,477_14
477,3629,170,College Academic Building,40.77111685811769,-73.98942232131958,2012-07-16 10:50:57,2012-07-16,train,477_14
477,3629,170,College Academic Building,40.77111685811769,-73.98942232131958,2012-07-18 12:59:49,2012-07-16,train,477_14
484,2085,138,Gym / Fitness Center,40.73714913245652,-73.88753449342389,2012-07-17 09:57:36,2012-07-16,train,484_15
484,3904,8,Medical Center,40.730633390952526,-73.88778139810844,2012-07-20 09:06:26,2012-07-16,train,484_15
485,653,58,Electronics Store,40.74107414663219,-74.0051408163161,2012-07-17 13:51:04,2012-07-16,train,485_7
485,190,157,Stadium,40.82827721161922,-73.92655344439045,2012-07-17 19:17:56,2012-07-16,train,485_7
486,4557,222,Coffee Shop,40.77211112866,-73.96095474201344,2012-07-16 14:08:44,2012-07-16,train,486_14
486,4985,130,Burger Joint,40.75702818926462,-73.9894450177697,2012-07-16 21:27:45,2012-07-16,train,486_14
486,3751,281,Residential Building (Apartment / Condo),40.65036206222911,-73.96493812432726,2012-07-17 01:07:25,2012-07-16,train,486_14
486,1326,42,Food & Drink Shop,40.6467216781025,-73.95701719681918,2012-07-17 20:24:06,2012-07-16,train,486_14
487,1192,61,Office,40.74622927002695,-73.982381,2012-07-17 09:23:13,2012-07-16,train,487_9
487,1192,61,Office,40.74622927002695,-73.982381,2012-07-18 09:28:06,2012-07-16,train,487_9
487,4708,105,Taco Place,40.7411161511398,-73.9854097366333,2012-07-18 12:54:42,2012-07-16,train,487_9
487,2205,27,Italian Restaurant,40.72154512476467,-73.98884242671608,2012-07-18 18:51:16,2012-07-16,train,487_9
487,1087,138,Gym / Fitness Center,40.71886430230864,-73.98909494129268,2012-07-20 20:17:09,2012-07-16,train,487_9
489,833,61,Office,40.72400948503135,-73.99834018927032,2012-07-17 11:34:55,2012-07-16,train,489_11
489,833,61,Office,40.72400948503135,-73.99834018927032,2012-07-18 12:22:46,2012-07-16,train,489_11
489,5010,120,Other Great Outdoors,40.74696317219398,-73.96962165011914,2012-07-18 17:22:14,2012-07-16,train,489_11
489,376,50,Bar,40.72675798960902,-73.99956095657589,2012-07-18 18:07:41,2012-07-16,train,489_11
489,2468,97,Diner,40.78340103809933,-73.98000240325928,2012-07-22 09:44:31,2012-07-16,train,489_11
490,3554,138,Gym / Fitness Center,40.74154328216123,-73.99576924016976,2012-07-16 04:53:18,2012-07-16,train,490_12
490,75,97,Diner,40.73653170754329,-73.9908281005557,2012-07-16 12:22:25,2012-07-16,train,490_12
490,3554,138,Gym / Fitness Center,40.74154328216123,-73.99576924016976,2012-07-17 04:51:28,2012-07-16,train,490_12
490,1997,61,Office,40.734311,-73.990991,2012-07-18 10:33:31,2012-07-16,train,490_12
490,4959,27,Italian Restaurant,40.73471408208615,-73.99995803833008,2012-07-20 19:10:44,2012-07-16,train,490_12
493,2030,47,Bar,40.87077690106772,-74.18019443750381,2012-07-16 22:09:13,2012-07-16,train,493_13
493,2030,47,Bar,40.87077690106772,-74.18019443750381,2012-07-16 22:09:21,2012-07-16,train,493_13
493,2534,265,Mall,40.91492331323924,-74.0582799911499,2012-07-18 16:29:21,2012-07-16,train,493_13
493,2609,34,Gas Station / Garage,40.8933489,-74.107129,2012-07-20 19:37:00,2012-07-16,train,493_13
493,3326,114,Cemetery,40.83537240790504,-74.13870334625244,2012-07-20 20:01:43,2012-07-16,train,493_13
493,3326,114,Cemetery,40.83537240790504,-74.13870334625244,2012-07-20 20:01:56,2012-07-16,train,493_13
494,1515,264,Subway,40.75047562272483,-73.94028425216675,2012-07-16 09:34:31,2012-07-16,train,494_2
494,3063,98,Donut Shop,40.74557029238338,-73.90323815867245,2012-07-17 08:15:39,2012-07-16,train,494_2
494,2738,193,Mediterranean Restaurant,40.74739935731128,-73.98363710906709,2012-07-17 14:34:15,2012-07-16,train,494_2
498,4247,266,Bus Station,40.6576026541245,-73.73595715705096,2012-07-16 06:48:31,2012-07-16,train,498_10
498,4876,281,Residential Building (Apartment / Condo),40.798426203927626,-73.96144836446048,2012-07-16 08:49:20,2012-07-16,train,498_10
498,2284,6,Home (private),40.78716214782339,-73.96537147003376,2012-07-16 10:33:10,2012-07-16,train,498_10
498,4247,266,Bus Station,40.6576026541245,-73.73595715705096,2012-07-17 06:44:51,2012-07-16,train,498_10
498,3353,266,Bus Station,40.70253724602918,-73.79992961883545,2012-07-17 07:19:08,2012-07-16,train,498_10
498,4876,281,Residential Building (Apartment / Condo),40.798426203927626,-73.96144836446048,2012-07-17 14:11:32,2012-07-16,train,498_10
498,2284,6,Home (private),40.78716214782339,-73.96537147003376,2012-07-18 10:38:43,2012-07-16,train,498_10
498,1926,147,Movie Theater,40.703047178020455,-73.7999441633045,2012-07-18 15:29:02,2012-07-16,train,498_10
498,4873,6,Home (private),40.656358756936825,-73.74190167904314,2012-07-18 19:51:13,2012-07-16,train,498_10
498,2284,6,Home (private),40.78716214782339,-73.96537147003376,2012-07-20 10:13:49,2012-07-16,train,498_10
502,1682,58,Electronics Store,40.77473050116933,-73.98209327769995,2012-07-18 16:40:29,2012-07-16,train,502_6
502,391,80,Building,40.74828059076867,-73.98556262254715,2012-07-20 19:01:22,2012-07-16,train,502_6
502,907,121,Park,40.74866717767752,-73.98837625980377,2012-07-20 19:53:31,2012-07-16,train,502_6
502,1995,70,Train Station,40.72465693431455,-73.70641708374023,2012-07-21 18:27:49,2012-07-16,train,502_6
507,3950,301,Neighborhood,40.69451704430084,-73.73847484588623,2012-07-16 00:02:18,2012-07-16,train,507_15
507,929,163,Medical Center,40.741933755026,-73.97469534121134,2012-07-17 08:30:14,2012-07-16,train,507_15
507,3950,301,Neighborhood,40.69451704430084,-73.73847484588623,2012-07-17 20:18:52,2012-07-16,train,507_15
507,929,163,Medical Center,40.741933755026,-73.97469534121134,2012-07-18 08:54:40,2012-07-16,train,507_15
507,929,163,Medical Center,40.741933755026,-73.97469534121134,2012-07-20 09:31:46,2012-07-16,train,507_15
507,3950,301,Neighborhood,40.69451704430084,-73.73847484588623,2012-07-20 19:16:39,2012-07-16,train,507_15
507,3950,301,Neighborhood,40.69451704430084,-73.73847484588623,2012-07-21 18:50:06,2012-07-16,train,507_15
508,3936,80,Building,40.74311584876924,-73.99978059433505,2012-07-16 16:03:17,2012-07-16,train,508_14
508,3936,80,Building,40.74311584876924,-73.99978059433505,2012-07-17 16:08:29,2012-07-16,train,508_14
508,3936,80,Building,40.74311584876924,-73.99978059433505,2012-07-18 10:15:49,2012-07-16,train,508_14
508,3936,80,Building,40.74311584876924,-73.99978059433505,2012-07-18 16:08:50,2012-07-16,train,508_14
508,3936,80,Building,40.74311584876924,-73.99978059433505,2012-07-18 16:25:10,2012-07-16,train,508_14
508,3038,301,Neighborhood,40.63382181425697,-74.0152359008789,2012-07-18 20:25:07,2012-07-16,train,508_14
511,2041,264,Subway,40.68990542829335,-73.95177657844081,2012-07-16 08:03:21,2012-07-16,train,511_15
511,1751,264,Subway,40.75885710200309,-73.98109465898243,2012-07-16 08:33:31,2012-07-16,train,511_15
511,1751,264,Subway,40.75885710200309,-73.98109465898243,2012-07-16 08:55:55,2012-07-16,train,511_15
511,2041,264,Subway,40.68990542829335,-73.95177657844081,2012-07-16 17:43:06,2012-07-16,train,511_15
511,3385,6,Home (private),40.696558013644136,-73.95361626406626,2012-07-16 17:58:53,2012-07-16,train,511_15
511,2041,264,Subway,40.68990542829335,-73.95177657844081,2012-07-17 08:02:49,2012-07-16,train,511_15
511,2043,264,Subway,40.76297490010358,-73.98186922073364,2012-07-17 08:37:41,2012-07-16,train,511_15
511,1751,264,Subway,40.75885710200309,-73.98109465898243,2012-07-17 16:50:18,2012-07-16,train,511_15
511,3385,6,Home (private),40.696558013644136,-73.95361626406626,2012-07-17 17:56:02,2012-07-16,train,511_15
511,2041,264,Subway,40.68990542829335,-73.95177657844081,2012-07-17 18:08:37,2012-07-16,train,511_15
511,1514,264,Subway,40.73977358599364,-74.00257587432861,2012-07-17 18:42:51,2012-07-16,train,511_15
511,280,259,Hotel,40.74000688350707,-74.00581181420307,2012-07-17 18:52:53,2012-07-16,train,511_15
511,977,27,Italian Restaurant,40.707555,-74.007066,2012-07-17 20:40:21,2012-07-16,train,511_15
511,1751,264,Subway,40.75885710200309,-73.98109465898243,2012-07-18 08:34:24,2012-07-16,train,511_15
511,4850,120,Other Great Outdoors,40.746736760718505,-73.98262023925781,2012-07-18 15:52:41,2012-07-16,train,511_15
511,2041,264,Subway,40.68990542829335,-73.95177657844081,2012-07-18 17:25:32,2012-07-16,train,511_15
511,5010,120,Other Great Outdoors,40.74696317219398,-73.96962165011914,2012-07-18 17:28:22,2012-07-16,train,511_15
511,1594,264,Subway,40.73822396962131,-73.99621367454529,2012-07-20 19:50:25,2012-07-16,train,511_15
511,868,97,Diner,40.69786695727706,-73.9917807575885,2012-07-21 18:07:37,2012-07-16,train,511_15
512,2342,80,Building,40.70913498883405,-74.00492808882719,2012-07-17 13:30:57,2012-07-16,train,512_9
512,4737,281,Residential Building (Apartment / Condo),40.70922057955228,-74.005140412829,2012-07-17 13:38:27,2012-07-16,train,512_9
512,349,70,Train Station,40.75280620914171,-73.97717535495758,2012-07-17 20:20:49,2012-07-16,train,512_9
512,2342,80,Building,40.70913498883405,-74.00492808882719,2012-07-18 13:32:25,2012-07-16,train,512_9
512,4737,281,Residential Building (Apartment / Condo),40.70922057955228,-74.005140412829,2012-07-18 17:11:53,2012-07-16,train,512_9
512,431,42,Food & Drink Shop,40.733862715125255,-73.98791845009258,2012-07-20 19:52:15,2012-07-16,train,512_9
513,3746,102,American Restaurant,40.72643754620104,-74.00225393393526,2012-07-17 12:55:33,2012-07-16,train,513_2
513,2669,214,Bar,40.740787336369145,-73.99331877220993,2012-07-17 19:05:16,2012-07-16,train,513_2
517,4773,253,General Travel,40.75821867565886,-73.98996152288103,2012-07-16 07:43:07,2012-07-16,train,517_15
517,651,61,Office,40.89499427038625,-73.94231096131689,2012-07-16 08:08:15,2012-07-16,train,517_15
517,4773,253,General Travel,40.75821867565886,-73.98996152288103,2012-07-16 17:09:27,2012-07-16,train,517_15
517,4773,253,General Travel,40.75821867565886,-73.98996152288103,2012-07-18 17:13:57,2012-07-16,train,517_15
517,766,209,Sushi Restaurant,40.73496610102712,-73.97965908050537,2012-07-20 19:31:57,2012-07-16,train,517_15
517,157,48,Bar,40.73211863793743,-73.98541241884232,2012-07-20 20:28:52,2012-07-16,train,517_15
520,4364,131,Café,40.80817287926464,-74.20878696126519,2012-07-16 09:00:28,2012-07-16,train,520_14
520,2204,70,Train Station,40.808157479622295,-74.20869827270508,2012-07-16 09:06:57,2012-07-16,train,520_14
520,4524,61,Office,40.76330309100103,-73.98234580115131,2012-07-16 10:31:53,2012-07-16,train,520_14
520,4364,131,Café,40.80817287926464,-74.20878696126519,2012-07-17 08:16:30,2012-07-16,train,520_14
520,4524,61,Office,40.76330309100103,-73.98234580115131,2012-07-17 09:34:12,2012-07-16,train,520_14
520,4364,131,Café,40.80817287926464,-74.20878696126519,2012-07-18 09:11:00,2012-07-16,train,520_14
520,4524,61,Office,40.76330309100103,-73.98234580115131,2012-07-18 14:23:54,2012-07-16,train,520_14
520,1925,34,Gas Station / Garage,40.79150145797728,-74.23328502511013,2012-07-21 20:14:54,2012-07-16,train,520_14
520,2750,233,Other Great Outdoors,40.83254114016553,-74.19210532060801,2012-07-22 07:40:35,2012-07-16,train,520_14
520,1687,141,Bagel Shop,40.82998793772502,-74.2063621978749,2012-07-22 08:40:31,2012-07-16,train,520_14
521,4713,6,Home (private),40.86590418380428,-73.89482953406639,2012-07-17 00:38:10,2012-07-16,train,521_15
521,4713,6,Home (private),40.86590418380428,-73.89482953406639,2012-07-20 20:18:08,2012-07-16,train,521_15
521,4713,6,Home (private),40.86590418380428,-73.89482953406639,2012-07-22 09:37:57,2012-07-16,train,521_15
526,4660,6,Home (private),40.59424065296898,-73.93010370763156,2012-07-17 16:53:05,2012-07-16,train,526_10
526,4660,6,Home (private),40.59424065296898,-73.93010370763156,2012-07-18 14:17:06,2012-07-16,train,526_10
526,2610,264,Subway,40.60906562433294,-73.95777225494385,2012-07-20 18:53:56,2012-07-16,train,526_10
526,3525,92,Asian Restaurant,40.74762449484074,-73.9863746531401,2012-07-20 19:42:02,2012-07-16,train,526_10
527,1642,138,Gym / Fitness Center,40.73899453018852,-73.98728142014077,2012-07-17 19:37:04,2012-07-16,train,527_7
527,169,37,Bar,40.71501300319713,-73.95146369934082,2012-07-20 21:18:54,2012-07-16,train,527_7
528,4742,80,Building,40.71186956191786,-74.01181415253035,2012-07-16 19:16:33,2012-07-16,train,528_3
528,743,265,Mall,40.72696606629052,-74.0383243560791,2012-07-16 19:36:40,2012-07-16,train,528_3
528,4742,80,Building,40.71186956191786,-74.01181415253035,2012-07-17 19:44:03,2012-07-16,train,528_3
528,1608,70,Train Station,40.71267092713338,-74.01193141937256,2012-07-17 19:44:17,2012-07-16,train,528_3
528,3951,42,Food & Drink Shop,40.72891738296314,-74.0413498878479,2012-07-17 20:15:33,2012-07-16,train,528_3
528,4742,80,Building,40.71186956191786,-74.01181415253035,2012-07-18 18:42:38,2012-07-16,train,528_3
528,1608,70,Train Station,40.71267092713338,-74.01193141937256,2012-07-18 18:43:03,2012-07-16,train,528_3
528,743,265,Mall,40.72696606629052,-74.0383243560791,2012-07-18 19:01:21,2012-07-16,train,528_3
528,1608,70,Train Station,40.71267092713338,-74.01193141937256,2012-07-20 20:00:22,2012-07-16,train,528_3
528,1272,264,Subway,40.72688476018746,-74.03454780578613,2012-07-20 20:23:41,2012-07-16,train,528_3
528,743,265,Mall,40.72696606629052,-74.0383243560791,2012-07-20 20:24:16,2012-07-16,train,528_3
528,1199,269,Miscellaneous Shop,40.72289631456779,-74.03914363725167,2012-07-21 19:02:40,2012-07-16,train,528_3
532,1742,264,Subway,40.75099579556285,-73.99068832397461,2012-07-17 14:42:46,2012-07-16,train,532_2
532,357,70,Train Station,40.750794799423865,-73.99357639021292,2012-07-17 16:35:27,2012-07-16,train,532_2
536,223,121,Park,40.72133752277011,-73.9521841234126,2012-07-16 06:29:28,2012-07-16,train,536_14
536,2056,61,Office,40.74185267627071,-74.00432554645808,2012-07-16 06:52:50,2012-07-16,train,536_14
536,2056,61,Office,40.74185267627071,-74.00432554645808,2012-07-17 06:13:20,2012-07-16,train,536_14
537,587,266,Bus Station,40.75722129839836,-73.99154663085938,2012-07-21 19:11:39,2012-07-16,train,537_10
537,2165,26,Drugstore / Pharmacy,40.75616479199092,-73.99060249328613,2012-07-21 19:22:56,2012-07-16,train,537_10
537,2473,19,Bank,40.75593488044145,-73.990954356579,2012-07-21 20:02:43,2012-07-16,train,537_10
539,1288,269,Miscellaneous Shop,40.73529128534676,-74.00236129760742,2012-07-16 13:43:31,2012-07-16,train,539_14
539,442,274,Fried Chicken Joint,40.71126904840372,-73.96146558382536,2012-07-17 18:47:09,2012-07-16,train,539_14
543,3404,6,Home (private),40.87785167732287,-74.11812337576457,2012-07-16 18:10:32,2012-07-16,train,543_13
543,3404,6,Home (private),40.87785167732287,-74.11812337576457,2012-07-20 08:54:01,2012-07-16,train,543_13
543,357,70,Train Station,40.750794799423865,-73.99357639021292,2012-07-21 18:17:04,2012-07-16,train,543_13
543,1069,70,Train Station,40.76147966168067,-74.07551050186157,2012-07-21 19:16:16,2012-07-16,train,543_13
543,3404,6,Home (private),40.87785167732287,-74.11812337576457,2012-07-21 19:54:27,2012-07-16,train,543_13
543,1069,70,Train Station,40.76147966168067,-74.07551050186157,2012-07-22 10:14:31,2012-07-16,train,543_13
543,357,70,Train Station,40.750794799423865,-73.99357639021292,2012-07-22 10:35:53,2012-07-16,train,543_13
546,347,214,Bar,40.742593,-74.000588,2012-07-18 19:05:14,2012-07-16,train,546_14
546,470,87,Theater,40.742788354778206,-74.00067582070984,2012-07-18 19:10:44,2012-07-16,train,546_14
549,3425,63,Office,40.73953974476804,-73.98840052540763,2012-07-16 08:16:16,2012-07-16,train,549_13
549,3771,281,Residential Building (Apartment / Condo),40.68881469717024,-73.98510631996176,2012-07-16 22:17:36,2012-07-16,train,549_13
549,3425,63,Office,40.73953974476804,-73.98840052540763,2012-07-17 09:04:24,2012-07-16,train,549_13
549,3771,281,Residential Building (Apartment / Condo),40.68881469717024,-73.98510631996176,2012-07-17 20:57:44,2012-07-16,train,549_13
549,3425,63,Office,40.73953974476804,-73.98840052540763,2012-07-18 08:50:28,2012-07-16,train,549_13
549,2531,240,Airport,40.661040972936384,-73.82962304466874,2012-07-18 20:14:50,2012-07-16,train,549_13
549,4034,239,Airport,40.64581160254157,-73.77618339741252,2012-07-18 20:45:45,2012-07-16,train,549_13
550,1475,241,Airport,40.773839,-73.87122,2012-07-16 08:49:24,2012-07-16,train,550_15
550,4292,61,Office,40.75142691110971,-73.97468386242315,2012-07-16 09:52:09,2012-07-16,train,550_15
550,407,42,Food & Drink Shop,40.73485228613973,-73.99108529090881,2012-07-16 18:55:52,2012-07-16,train,550_15
550,192,121,Park,40.73528249691621,-73.99040315158283,2012-07-16 19:01:03,2012-07-16,train,550_15
550,4292,61,Office,40.75142691110971,-73.97468386242315,2012-07-17 07:39:21,2012-07-16,train,550_15
550,3191,203,Food Truck,40.734487719356174,-73.99039194274509,2012-07-17 15:28:02,2012-07-16,train,550_15
550,2128,6,Home (private),40.73122649796362,-73.98887973002674,2012-07-18 18:13:01,2012-07-16,train,550_15
550,232,121,Park,40.73083612189599,-73.99764060974121,2012-07-18 20:04:26,2012-07-16,train,550_15
552,3044,6,Home (private),40.72268115663436,-73.85954898955855,2012-07-16 07:47:20,2012-07-16,train,552_9
552,3044,6,Home (private),40.72268115663436,-73.85954898955855,2012-07-17 06:54:23,2012-07-16,train,552_9
552,4723,211,Bar,40.76004833585965,-73.91922187073642,2012-07-17 19:54:23,2012-07-16,train,552_9
553,3202,301,Neighborhood,40.59112794405122,-73.94521951675415,2012-07-16 06:13:08,2012-07-16,train,553_15
553,3062,19,Bank,40.598891,-73.955353,2012-07-16 06:47:16,2012-07-16,train,553_15
553,1813,264,Subway,40.599300435969774,-73.95592864757464,2012-07-16 06:53:02,2012-07-16,train,553_15
553,2872,294,River,40.71039864992392,-73.98853826098953,2012-07-16 07:23:28,2012-07-16,train,553_15
553,1654,61,Office,40.75241411957849,-73.97532093413172,2012-07-16 07:49:25,2012-07-16,train,553_15
553,1794,138,Gym / Fitness Center,40.75372663620061,-73.9773416519165,2012-07-16 17:45:00,2012-07-16,train,553_15
553,3202,301,Neighborhood,40.59112794405122,-73.94521951675415,2012-07-17 07:13:26,2012-07-16,train,553_15
553,1813,264,Subway,40.599300435969774,-73.95592864757464,2012-07-17 07:46:46,2012-07-16,train,553_15
553,1145,264,Subway,40.708588361482406,-73.99103164672852,2012-07-17 08:28:03,2012-07-16,train,553_15
553,2872,294,River,40.71039864992392,-73.98853826098953,2012-07-17 08:28:38,2012-07-16,train,553_15
553,1654,61,Office,40.75241411957849,-73.97532093413172,2012-07-17 08:49:47,2012-07-16,train,553_15
553,2521,264,Subway,40.75163299987047,-73.97588549950576,2012-07-17 17:34:45,2012-07-16,train,553_15
553,3202,301,Neighborhood,40.59112794405122,-73.94521951675415,2012-07-18 09:20:58,2012-07-16,train,553_15
553,2191,138,Gym / Fitness Center,40.60956814519126,-73.95832015434064,2012-07-18 10:31:12,2012-07-16,train,553_15
553,3202,301,Neighborhood,40.59112794405122,-73.94521951675415,2012-07-22 11:20:38,2012-07-16,train,553_15
555,1949,61,Office,40.74919194503139,-73.98907772440027,2012-07-16 09:31:26,2012-07-16,train,555_2
555,3604,137,Gym / Fitness Center,40.73814262308764,-73.99070184444935,2012-07-17 06:45:36,2012-07-16,train,555_2
555,1949,61,Office,40.74919194503139,-73.98907772440027,2012-07-17 09:59:26,2012-07-16,train,555_2
555,1949,61,Office,40.74919194503139,-73.98907772440027,2012-07-18 09:22:27,2012-07-16,train,555_2
555,2706,138,Gym / Fitness Center,40.77695809965832,-73.95523781331305,2012-07-22 10:17:33,2012-07-16,train,555_2
561,971,221,Bridge,40.705953265881305,-73.99656772613525,2012-07-16 06:47:10,2012-07-16,train,561_15
561,2784,96,Deli / Bodega,40.71021491165874,-74.00571405887604,2012-07-16 07:31:49,2012-07-16,train,561_15
561,1852,98,Donut Shop,40.711131380000005,-74.006383,2012-07-16 07:34:19,2012-07-16,train,561_15
561,1709,77,Government Building,40.7117844949098,-74.00208234786987,2012-07-16 18:44:05,2012-07-16,train,561_15
561,3968,6,Home (private),40.836080595143486,-73.82426211435131,2012-07-16 19:36:24,2012-07-16,train,561_15
561,2972,2,Gym / Fitness Center,40.86552989326557,-73.85773713020735,2012-07-16 19:57:03,2012-07-16,train,561_15
561,3968,6,Home (private),40.836080595143486,-73.82426211435131,2012-07-16 23:14:03,2012-07-16,train,561_15
561,971,221,Bridge,40.705953265881305,-73.99656772613525,2012-07-17 08:43:51,2012-07-16,train,561_15
561,1709,77,Government Building,40.7117844949098,-74.00208234786987,2012-07-17 08:50:00,2012-07-16,train,561_15
561,2972,2,Gym / Fitness Center,40.86552989326557,-73.85773713020735,2012-07-17 19:11:41,2012-07-16,train,561_15
561,1709,77,Government Building,40.7117844949098,-74.00208234786987,2012-07-18 14:37:23,2012-07-16,train,561_15
561,3424,35,Bookstore,40.70881201448755,-74.00527954101562,2012-07-18 17:51:43,2012-07-16,train,561_15
561,1709,77,Government Building,40.7117844949098,-74.00208234786987,2012-07-20 08:52:23,2012-07-16,train,561_15
561,3216,2,Gym / Fitness Center,40.73101835922177,-73.69349858370329,2012-07-22 11:26:27,2012-07-16,train,561_15
562,4630,6,Home (private),40.88108826152176,-74.07113588841028,2012-07-16 21:52:30,2012-07-16,train,562_14
562,2827,62,Automotive Shop,40.86220056480841,-74.04783569101672,2012-07-17 12:07:38,2012-07-16,train,562_14
565,1163,61,Office,40.73074628073186,-73.99178649647196,2012-07-16 09:29:43,2012-07-16,train,565_11
565,1163,61,Office,40.73074628073186,-73.99178649647196,2012-07-17 11:07:25,2012-07-16,train,565_11
566,4947,136,Office,40.81142848322627,-74.1967430825946,2012-07-16 10:15:35,2012-07-16,train,566_15
566,2022,108,Gastropub,40.80202685,-74.20413768333333,2012-07-17 18:49:19,2012-07-16,train,566_15
566,2022,108,Gastropub,40.80202685,-74.20413768333333,2012-07-18 19:38:02,2012-07-16,train,566_15
569,2719,70,Train Station,40.74982540095488,-73.8627576828003,2012-07-16 09:39:01,2012-07-16,train,569_13
569,819,138,Gym / Fitness Center,40.77904848612385,-73.9548647146921,2012-07-17 18:34:20,2012-07-16,train,569_13
569,2719,70,Train Station,40.74982540095488,-73.8627576828003,2012-07-18 09:24:03,2012-07-16,train,569_13
572,357,70,Train Station,40.750794799423865,-73.99357639021292,2012-07-17 14:52:50,2012-07-16,train,572_14
572,2907,281,Residential Building (Apartment / Condo),40.75757750382832,-73.96870332070132,2012-07-17 20:14:10,2012-07-16,train,572_14
573,4552,63,Office,40.724169079279605,-73.99721145629883,2012-07-16 15:57:58,2012-07-16,train,573_9
573,4552,63,Office,40.724169079279605,-73.99721145629883,2012-07-17 11:23:51,2012-07-16,train,573_9
573,4552,63,Office,40.724169079279605,-73.99721145629883,2012-07-18 16:25:47,2012-07-16,train,573_9
579,3777,301,Neighborhood,40.6826899486852,-73.93173693518101,2012-07-16 16:34:09,2012-07-16,train,579_6
579,3580,165,College Academic Building,40.67993866388484,-73.92109918180245,2012-07-17 02:36:00,2012-07-16,train,579_6
579,3580,165,College Academic Building,40.67993866388484,-73.92109918180245,2012-07-17 18:30:57,2012-07-16,train,579_6
579,3580,165,College Academic Building,40.67993866388484,-73.92109918180245,2012-07-20 19:15:10,2012-07-16,train,579_6
580,2602,132,Fast Food Restaurant,40.75335278522429,-73.9084284158856,2012-07-16 15:38:13,2012-07-16,train,580_4
580,1849,58,Electronics Store,40.75364621555035,-73.91210859193421,2012-07-16 22:07:35,2012-07-16,train,580_4
580,3201,6,Home (private),40.69617272249676,-73.81249842275241,2012-07-17 01:12:49,2012-07-16,train,580_4
580,2097,146,Movie Theater,40.7715858,-73.8364432,2012-07-17 18:52:54,2012-07-16,train,580_4
580,3212,6,Home (private),40.761942896511016,-73.78896894871082,2012-07-18 14:37:30,2012-07-16,train,580_4
580,1849,58,Electronics Store,40.75364621555035,-73.91210859193421,2012-07-18 15:01:40,2012-07-16,train,580_4
582,231,93,Breakfast Spot,40.721294,-73.983994,2012-07-17 11:42:18,2012-07-16,train,582_7
582,4403,222,Coffee Shop,40.72795460840525,-73.99326138382618,2012-07-17 14:01:20,2012-07-16,train,582_7
588,1833,222,Coffee Shop,40.70813495353977,-73.83076429367065,2012-07-16 07:29:49,2012-07-16,train,588_14
588,1224,163,Medical Center,40.73319215117446,-73.98261554174415,2012-07-17 18:03:39,2012-07-16,train,588_14
588,1841,162,Medical Center,40.711574723840826,-73.8571571019757,2012-07-18 19:03:03,2012-07-16,train,588_14
588,2142,258,Food & Drink Shop,40.7103907665044,-73.8516840781583,2012-07-22 11:06:32,2012-07-16,train,588_14
590,4405,138,Gym / Fitness Center,40.81135694948407,-73.98144006729126,2012-07-16 14:54:13,2012-07-16,train,590_4
590,750,183,University,40.71110949732056,-74.00504350662231,2012-07-17 09:27:20,2012-07-16,train,590_4
590,2089,254,Department Store,40.91977147908391,-74.07540321350098,2012-07-21 18:05:16,2012-07-16,train,590_4
590,2534,265,Mall,40.91492331323924,-74.0582799911499,2012-07-21 19:05:38,2012-07-16,train,590_4
592,1577,2,Gym / Fitness Center,40.74918509905272,-73.99213656803781,2012-07-16 07:26:10,2012-07-16,train,592_15
592,1577,2,Gym / Fitness Center,40.74918509905272,-73.99213656803781,2012-07-17 07:16:26,2012-07-16,train,592_15
592,1577,2,Gym / Fitness Center,40.74918509905272,-73.99213656803781,2012-07-17 17:38:44,2012-07-16,train,592_15
592,1313,2,Gym / Fitness Center,40.71926874226221,-74.00171450760502,2012-07-18 18:17:07,2012-07-16,train,592_15
595,3867,121,Park,40.753322521807306,-73.98147344600336,2012-07-17 12:42:51,2012-07-16,train,595_13
595,1261,138,Gym / Fitness Center,40.75367746344614,-73.9697479200717,2012-07-18 20:11:41,2012-07-16,train,595_13
597,3554,138,Gym / Fitness Center,40.74154328216123,-73.99576924016976,2012-07-16 05:39:38,2012-07-16,train,597_6
597,866,61,Office,40.74170613161901,-73.98518666710845,2012-07-16 09:53:22,2012-07-16,train,597_6
597,348,61,Office,40.713713478447545,-74.0141438812572,2012-07-16 11:44:07,2012-07-16,train,597_6
597,348,61,Office,40.713713478447545,-74.0141438812572,2012-07-17 09:12:39,2012-07-16,train,597_6
597,1028,137,Gym / Fitness Center,40.743854,-73.987898,2012-07-22 11:21:26,2012-07-16,train,597_6
602,2074,80,Building,40.7589318170336,-73.97951637169363,2012-07-16 15:07:37,2012-07-16,train,602_13
602,2074,80,Building,40.75892062839085,-73.9792523660094,2012-07-18 10:57:19,2012-07-16,train,602_13
604,726,70,Train Station,40.805144639820114,-73.93914699554443,2012-07-16 08:16:50,2012-07-16,train,604_14
604,3658,61,Office,40.75133977617688,-73.97533815225673,2012-07-16 08:35:03,2012-07-16,train,604_14
605,1069,70,Train Station,40.76147966168067,-74.07551050186157,2012-07-17 17:58:33,2012-07-16,train,605_7
605,1464,96,Deli / Bodega,40.72230706635953,-73.98735165596008,2012-07-17 20:12:27,2012-07-16,train,605_7
605,184,238,Music Venue,40.720480045234375,-73.99355980323412,2012-07-17 20:36:32,2012-07-16,train,605_7
605,1069,70,Train Station,40.76147966168067,-74.07551050186157,2012-07-18 18:10:40,2012-07-16,train,605_7
605,1645,70,Train Station,40.73606359173575,-74.02938723564148,2012-07-20 11:04:37,2012-07-16,train,605_7
606,1287,61,Office,40.80615113329764,-74.07784459703637,2012-07-16 09:11:40,2012-07-16,train,606_12
606,1287,61,Office,40.80615113329764,-74.07784459703637,2012-07-17 09:12:31,2012-07-16,train,606_12
606,720,146,Movie Theater,40.828585959081536,-74.14026975631714,2012-07-17 20:37:43,2012-07-16,train,606_12
608,1298,221,Bridge,40.82809886666084,-73.93391132354736,2012-07-16 08:32:31,2012-07-16,train,608_14
608,1298,221,Bridge,40.82809886666084,-73.93391132354736,2012-07-16 17:42:12,2012-07-16,train,608_14
608,3973,301,Neighborhood,40.81209887355516,-73.90957668420633,2012-07-16 19:27:55,2012-07-16,train,608_14
608,1298,221,Bridge,40.82809886666084,-73.93391132354736,2012-07-17 08:30:28,2012-07-16,train,608_14
608,1298,221,Bridge,40.82809886666084,-73.93391132354736,2012-07-18 17:40:35,2012-07-16,train,608_14
610,2697,58,Electronics Store,40.82593,-73.85714,2012-07-16 17:21:23,2012-07-16,train,610_14
610,2733,80,Building,40.82749248,-73.8566178,2012-07-17 10:39:23,2012-07-16,train,610_14
610,2733,80,Building,40.82749248,-73.8566178,2012-07-17 14:02:59,2012-07-16,train,610_14
610,3763,6,Home (private),40.83127644703639,-73.85954898955855,2012-07-17 14:09:13,2012-07-16,train,610_14
610,2640,202,Pizza Place,40.83261031647883,-73.86053387599038,2012-07-17 16:27:47,2012-07-16,train,610_14
611,3501,194,Mexican Restaurant,40.724118658113454,-73.95111646856455,2012-07-16 12:41:23,2012-07-16,train,611_10
611,339,159,Art Museum,40.778936659294864,-73.96229820007625,2012-07-18 09:44:41,2012-07-16,train,611_10
611,3155,165,College Academic Building,40.73561850046403,-73.99721413850784,2012-07-18 12:23:38,2012-07-16,train,611_10
613,4966,6,Home (private),40.73928283947823,-73.90658830179062,2012-07-16 22:03:55,2012-07-16,train,613_7
613,4966,6,Home (private),40.73928283947823,-73.90658830179062,2012-07-20 10:19:13,2012-07-16,train,613_7
614,490,138,Gym / Fitness Center,40.74272121548715,-73.99276210416295,2012-07-16 19:07:22,2012-07-16,train,614_11
614,1642,138,Gym / Fitness Center,40.73899453018852,-73.98728142014077,2012-07-18 19:39:07,2012-07-16,train,614_11
620,4649,6,Home (private),40.625784494598165,-74.0828838592642,2012-07-16 08:19:43,2012-07-16,train,620_14
620,4649,6,Home (private),40.625784494598165,-74.0828838592642,2012-07-17 19:53:01,2012-07-16,train,620_14
620,5010,120,Other Great Outdoors,40.74696317219398,-73.96962165011914,2012-07-18 17:41:41,2012-07-16,train,620_14
620,2213,222,Coffee Shop,40.612287,-74.1324905,2012-07-20 10:46:33,2012-07-16,train,620_14
620,4649,6,Home (private),40.625784494598165,-74.0828838592642,2012-07-21 20:02:38,2012-07-16,train,620_14
621,1373,183,University,40.69342491338439,-73.99171189097369,2012-07-16 09:13:34,2012-07-16,train,621_6
621,4937,6,Home (private),40.7062774576441,-73.88307005845945,2012-07-16 22:13:27,2012-07-16,train,621_6
623,4263,277,Food,40.91776755014766,-73.86441020323001,2012-07-16 11:19:32,2012-07-16,train,623_10
623,4263,277,Food,40.91776755014766,-73.86441020323001,2012-07-20 11:08:22,2012-07-16,train,623_10
623,4263,277,Food,40.91776755014766,-73.86441020323001,2012-07-22 11:26:51,2012-07-16,train,623_10
629,1469,63,Office,40.72605141451036,-73.99578645646149,2012-07-16 10:26:29,2012-07-16,train,629_15
629,1197,222,Coffee Shop,40.7270333463285,-73.99521257923753,2012-07-16 16:18:26,2012-07-16,train,629_15
629,4514,222,Coffee Shop,40.72556065016895,-73.9898237883206,2012-07-17 00:37:21,2012-07-16,train,629_15
629,643,194,Mexican Restaurant,40.72583691889508,-73.99480551481247,2012-07-17 14:26:51,2012-07-16,train,629_15
629,1197,222,Coffee Shop,40.7270333463285,-73.99521257923753,2012-07-17 15:40:07,2012-07-16,train,629_15
629,190,157,Stadium,40.82827721161922,-73.92655344439045,2012-07-17 19:12:30,2012-07-16,train,629_15
629,2572,37,Bar,40.828413358858334,-73.92549098547816,2012-07-17 19:19:49,2012-07-16,train,629_15
629,190,157,Stadium,40.82827721161922,-73.92655344439045,2012-07-17 20:01:11,2012-07-16,train,629_15
629,1469,63,Office,40.72605141451036,-73.99578645646149,2012-07-18 10:35:30,2012-07-16,train,629_15
629,1197,222,Coffee Shop,40.7270333463285,-73.99521257923753,2012-07-18 14:35:40,2012-07-16,train,629_15
632,860,259,Hotel,40.74587751338479,-73.98814227092514,2012-07-16 08:32:14,2012-07-16,train,632_11
632,2205,27,Italian Restaurant,40.72154512476467,-73.98884242671608,2012-07-16 19:42:17,2012-07-16,train,632_11
633,2157,121,Park,40.62689263449373,-74.07646536827087,2012-07-16 14:39:54,2012-07-16,train,633_2
633,3340,73,Bus Station,40.64329716786612,-74.0743798469562,2012-07-16 15:00:01,2012-07-16,train,633_2
633,1884,35,Bookstore,40.59245497715398,-74.16285436034939,2012-07-16 15:57:38,2012-07-16,train,633_2
633,3573,222,Coffee Shop,40.59244808052431,-74.16294036561932,2012-07-16 15:58:03,2012-07-16,train,633_2
633,985,288,Ferry,40.6444055420497,-74.0729570388794,2012-07-16 21:22:06,2012-07-16,train,633_2
633,2157,121,Park,40.62689263449373,-74.07646536827087,2012-07-16 21:38:57,2012-07-16,train,633_2
633,5007,281,Residential Building (Apartment / Condo),40.62506712088796,-74.07837233484676,2012-07-16 21:49:50,2012-07-16,train,633_2
633,2157,121,Park,40.62689263449373,-74.07646536827087,2012-07-17 14:39:42,2012-07-16,train,633_2
633,985,288,Ferry,40.6444055420497,-74.0729570388794,2012-07-17 14:55:05,2012-07-16,train,633_2
633,985,288,Ferry,40.6444055420497,-74.0729570388794,2012-07-17 14:55:59,2012-07-16,train,633_2
633,1884,35,Bookstore,40.59245497715398,-74.16285436034939,2012-07-17 15:54:29,2012-07-16,train,633_2
633,3573,222,Coffee Shop,40.59244808052431,-74.16294036561932,2012-07-18 09:11:12,2012-07-16,train,633_2
633,3573,222,Coffee Shop,40.59244808052431,-74.16294036561932,2012-07-18 18:39:41,2012-07-16,train,633_2
633,985,288,Ferry,40.6444055420497,-74.0729570388794,2012-07-20 21:41:02,2012-07-16,train,633_2
633,2157,121,Park,40.62689263449373,-74.07646536827087,2012-07-21 20:07:16,2012-07-16,train,633_2
633,1884,35,Bookstore,40.59245497715398,-74.16285436034939,2012-07-22 06:54:19,2012-07-16,train,633_2
633,3573,222,Coffee Shop,40.59244808052431,-74.16294036561932,2012-07-22 09:40:43,2012-07-16,train,633_2
636,357,70,Train Station,40.750794799423865,-73.99357639021292,2012-07-16 17:44:35,2012-07-16,train,636_13
636,908,256,Furniture / Home Store,40.76266834615508,-73.96865740411552,2012-07-17 12:49:38,2012-07-16,train,636_13
636,908,256,Furniture / Home Store,40.76266834615508,-73.96865740411552,2012-07-18 10:52:52,2012-07-16,train,636_13
643,2981,96,Deli / Bodega,40.60732664579937,-74.16343867778778,2012-07-18 19:32:53,2012-07-16,train,643_12
643,3131,28,Salon / Barbershop,40.60832376488109,-74.16391841234065,2012-07-20 19:38:50,2012-07-16,train,643_12
646,2944,61,Office,40.72542600679036,-73.99685386352785,2012-07-16 10:49:14,2012-07-16,train,646_11
646,2944,61,Office,40.72542600679036,-73.99685386352785,2012-07-18 12:24:57,2012-07-16,train,646_11
646,233,147,Movie Theater,40.756931775430665,-73.98897442301349,2012-07-20 10:28:36,2012-07-16,train,646_11
646,3000,254,Department Store,40.79535805750898,-73.93105745315552,2012-07-20 18:54:03,2012-07-16,train,646_11
650,481,42,Food & Drink Shop,40.76806170936614,-73.98184776306152,2012-07-18 18:10:04,2012-07-16,train,650_8
650,4487,83,Church,40.824338247547885,-73.94678838797373,2012-07-22 10:27:23,2012-07-16,train,650_8
652,89,58,Electronics Store,40.730928,-73.991353,2012-07-16 15:10:35,2012-07-16,train,652_12
652,155,51,Food & Drink Shop,40.73037922382355,-73.989322,2012-07-16 15:54:56,2012-07-16,train,652_12
652,431,42,Food & Drink Shop,40.733673775505466,-73.98783810408904,2012-07-16 16:37:09,2012-07-16,train,652_12
652,592,246,Performing Arts Venue,40.6634023,-73.976447,2012-07-18 20:01:50,2012-07-16,train,652_12
652,431,42,Food & Drink Shop,40.733862715125255,-73.98791845009258,2012-07-21 19:06:22,2012-07-16,train,652_12
655,640,137,Gym / Fitness Center,40.72424,-73.997779,2012-07-16 17:51:24,2012-07-16,train,655_9
655,640,137,Gym / Fitness Center,40.72424,-73.997779,2012-07-18 17:33:34,2012-07-16,train,655_9
657,2835,42,Food & Drink Shop,40.838728343544574,-73.85827695692603,2012-07-16 19:00:27,2012-07-16,train,657_10
657,2835,42,Food & Drink Shop,40.838728343544574,-73.85827695692603,2012-07-17 04:20:59,2012-07-16,train,657_10
658,3559,171,College Academic Building,40.82191335450195,-73.97825373253355,2012-07-16 09:05:52,2012-07-16,train,658_7
658,1645,70,Train Station,40.73606359173575,-74.02938723564148,2012-07-16 17:30:22,2012-07-16,train,658_7
658,192,121,Park,40.73528249691621,-73.99040315158283,2012-07-16 17:49:08,2012-07-16,train,658_7
658,1645,70,Train Station,40.73606359173575,-74.02938723564148,2012-07-16 22:11:48,2012-07-16,train,658_7
658,4957,6,Home (private),40.78229374678743,-74.00063278107605,2012-07-16 22:31:18,2012-07-16,train,658_7
658,4952,6,Home (private),40.8283149288856,-73.97712595918333,2012-07-17 01:01:31,2012-07-16,train,658_7
658,3277,34,Gas Station / Garage,40.82815476666666,-73.972297,2012-07-17 01:08:09,2012-07-16,train,658_7
658,4977,6,Home (private),40.8283149288856,-73.97712595918333,2012-07-17 01:28:19,2012-07-16,train,658_7
658,4952,6,Home (private),40.8283149288856,-73.97712595918333,2012-07-17 02:05:03,2012-07-16,train,658_7
658,3559,171,College Academic Building,40.82191335450195,-73.97825373253355,2012-07-17 09:18:07,2012-07-16,train,658_7
658,4952,6,Home (private),40.8283149288856,-73.97712595918333,2012-07-17 16:14:54,2012-07-16,train,658_7
658,4221,130,Burger Joint,40.82305195646278,-73.97602113663933,2012-07-17 19:23:49,2012-07-16,train,658_7
658,4222,202,Pizza Place,40.823047,-73.975966,2012-07-17 19:23:57,2012-07-16,train,658_7
658,3559,171,College Academic Building,40.82191335450195,-73.97825373253355,2012-07-18 09:04:25,2012-07-16,train,658_7
658,4952,6,Home (private),40.8283149288856,-73.97712595918333,2012-07-18 14:26:50,2012-07-16,train,658_7
658,4952,6,Home (private),40.8283149288856,-73.97712595918333,2012-07-18 16:22:02,2012-07-16,train,658_7
658,3559,171,College Academic Building,40.82191335450195,-73.97825373253355,2012-07-20 09:59:08,2012-07-16,train,658_7
658,4952,6,Home (private),40.8283149288856,-73.97712595918333,2012-07-20 21:41:13,2012-07-16,train,658_7
658,847,265,Mall,40.917335441802095,-74.0756607055664,2012-07-21 17:56:39,2012-07-16,train,658_7
658,2089,254,Department Store,40.91977147908391,-74.07540321350098,2012-07-21 18:09:30,2012-07-16,train,658_7
658,2534,265,Mall,40.91492331323924,-74.0582799911499,2012-07-21 19:03:05,2012-07-16,train,658_7
658,4952,6,Home (private),40.8283149288856,-73.97712595918333,2012-07-21 20:16:24,2012-07-16,train,658_7
668,3440,6,Home (private),40.79067094456822,-74.20032308006297,2012-07-16 08:21:26,2012-07-16,train,668_13
668,2267,70,Train Station,40.79263095814757,-74.2000937461853,2012-07-16 08:21:48,2012-07-16,train,668_13
668,774,61,Office,40.75790395514735,-73.9864182472229,2012-07-18 09:18:53,2012-07-16,train,668_13
671,170,102,American Restaurant,40.719607,-73.986764,2012-07-17 15:36:53,2012-07-16,train,671_10
671,2139,221,Bridge,40.72784213324929,-73.929163813591,2012-07-18 16:14:14,2012-07-16,train,671_10
681,2310,264,Subway,40.88357190912476,-73.86267185211182,2012-07-16 09:13:23,2012-07-16,train,681_15
681,1608,70,Train Station,40.71267092713338,-74.01193141937256,2012-07-22 06:43:30,2012-07-16,train,681_15
681,1353,264,Subway,40.71306941116871,-74.0044105052948,2012-07-22 06:51:03,2012-07-16,train,681_15
681,1836,264,Subway,40.77950085761895,-73.9558461945179,2012-07-22 07:27:27,2012-07-16,train,681_15
681,1446,7,Clothing Store,40.77879,-73.953984,2012-07-22 07:27:52,2012-07-16,train,681_15
684,4123,222,Coffee Shop,40.725551325924265,-73.99476528167725,2012-07-16 16:38:12,2012-07-16,train,684_6
684,1197,222,Coffee Shop,40.7270333463285,-73.99521257923753,2012-07-18 15:26:13,2012-07-16,train,684_6
684,2941,42,Food & Drink Shop,40.74174,-73.99365,2012-07-20 20:31:33,2012-07-16,train,684_6
684,1484,214,Bar,40.760871,-73.990166,2012-07-21 19:25:53,2012-07-16,train,684_6
685,1896,70,Train Station,40.796702275247206,-73.69991540908813,2012-07-16 14:40:30,2012-07-16,train,685_6
685,357,70,Train Station,40.750794799423865,-73.99357639021292,2012-07-17 14:03:25,2012-07-16,train,685_6
686,1407,222,Coffee Shop,40.75159143134631,-73.9741214009634,2012-07-17 11:08:55,2012-07-16,train,686_14
686,3737,80,Building,40.75230660947181,-73.971854320252,2012-07-17 13:58:51,2012-07-16,train,686_14
686,1407,222,Coffee Shop,40.75159143134631,-73.9741214009634,2012-07-18 10:57:39,2012-07-16,train,686_14
686,3737,80,Building,40.75230660947181,-73.971854320252,2012-07-18 15:04:10,2012-07-16,train,686_14
690,3890,6,Home (private),40.72134148815057,-73.98887973002674,2012-07-16 20:43:12,2012-07-16,train,690_11
690,3890,6,Home (private),40.72134148815057,-73.98887973002674,2012-07-17 01:26:41,2012-07-16,train,690_11
690,3890,6,Home (private),40.72134148815057,-73.98887973002674,2012-07-17 09:33:47,2012-07-16,train,690_11
690,723,31,Bar,40.744607,-73.995232,2012-07-17 10:35:04,2012-07-16,train,690_11
690,4606,63,Office,40.74499581625085,-73.9937893563088,2012-07-17 10:58:43,2012-07-16,train,690_11
690,3890,6,Home (private),40.72134148815057,-73.98887973002674,2012-07-17 20:40:36,2012-07-16,train,690_11
690,4606,63,Office,40.74499581625085,-73.9937893563088,2012-07-18 16:09:42,2012-07-16,train,690_11
690,5010,120,Other Great Outdoors,40.74696317219398,-73.96962165011914,2012-07-18 18:31:19,2012-07-16,train,690_11
690,3890,6,Home (private),40.72134148815057,-73.98887973002674,2012-07-22 11:21:56,2012-07-16,train,690_11
691,3050,233,Other Great Outdoors,40.72768968623147,-74.04474020004272,2012-07-16 06:52:17,2012-07-16,train,691_14
691,1521,70,Train Station,40.71948548899754,-74.0427017211914,2012-07-16 08:23:36,2012-07-16,train,691_14
691,3050,233,Other Great Outdoors,40.72768968623147,-74.04474020004272,2012-07-16 19:32:40,2012-07-16,train,691_14
691,3050,233,Other Great Outdoors,40.72768968623147,-74.04474020004272,2012-07-17 07:09:46,2012-07-16,train,691_14
691,1521,70,Train Station,40.71948548899754,-74.0427017211914,2012-07-17 08:21:01,2012-07-16,train,691_14
691,2452,61,Office,40.77365248770834,-73.98092248281702,2012-07-17 09:06:09,2012-07-16,train,691_14
691,1608,70,Train Station,40.71267092713338,-74.01193141937256,2012-07-17 19:01:47,2012-07-16,train,691_14
691,1521,70,Train Station,40.71948548899754,-74.0427017211914,2012-07-17 19:15:48,2012-07-16,train,691_14
691,3050,233,Other Great Outdoors,40.72768968623147,-74.04474020004272,2012-07-17 19:54:16,2012-07-16,train,691_14
691,3050,233,Other Great Outdoors,40.72768968623147,-74.04474020004272,2012-07-18 19:50:09,2012-07-16,train,691_14
691,2452,61,Office,40.77365248770834,-73.98092248281702,2012-07-20 11:03:28,2012-07-16,train,691_14
691,3050,233,Other Great Outdoors,40.72768968623147,-74.04474020004272,2012-07-20 20:36:13,2012-07-16,train,691_14
694,3643,106,Burrito Place,40.80494,-73.992149,2012-07-16 09:56:38,2012-07-16,train,694_15
694,3368,6,Home (private),40.76597116277859,-74.16509908485864,2012-07-16 19:17:11,2012-07-16,train,694_15
694,3420,37,Bar,40.73928990379554,-74.03033069390608,2012-07-16 20:48:51,2012-07-16,train,694_15
694,3643,106,Burrito Place,40.80494,-73.992149,2012-07-18 13:35:44,2012-07-16,train,694_15
694,3368,6,Home (private),40.76597116277859,-74.16509908485864,2012-07-18 16:44:56,2012-07-16,train,694_15
694,1776,146,Movie Theater,40.78531820515752,-74.04664993286133,2012-07-20 19:19:54,2012-07-16,train,694_15
694,3368,6,Home (private),40.76597116277859,-74.16509908485864,2012-07-21 18:35:40,2012-07-16,train,694_15
697,881,128,Bakery,40.759272,-73.981107,2012-07-16 16:19:40,2012-07-16,train,697_15
697,838,40,Candy Store,40.76022,-73.98439,2012-07-16 16:22:57,2012-07-16,train,697_15
697,2627,6,Home (private),40.863020847419,-74.0828838592642,2012-07-17 02:17:54,2012-07-16,train,697_15
697,3624,37,Bar,40.863929,-74.079579,2012-07-17 02:18:12,2012-07-16,train,697_15
697,3624,37,Bar,40.863929,-74.079579,2012-07-17 13:45:35,2012-07-16,train,697_15
697,1960,44,Food & Drink Shop,40.7373,-74.03744,2012-07-18 14:21:22,2012-07-16,train,697_15
697,1857,19,Bank,40.73275480550195,-74.0388822555542,2012-07-18 14:45:49,2012-07-16,train,697_15
697,1857,19,Bank,40.73275480550195,-74.0388822555542,2012-07-18 18:00:09,2012-07-16,train,697_15
700,357,70,Train Station,40.750794799423865,-73.99357639021292,2012-07-17 08:30:59,2012-07-16,train,700_2
700,929,163,Medical Center,40.741933755026,-73.97469534121134,2012-07-17 10:08:07,2012-07-16,train,700_2
700,357,70,Train Station,40.750794799423865,-73.99357639021292,2012-07-17 17:32:18,2012-07-16,train,700_2
700,2978,301,Neighborhood,40.745306184001095,-73.94837379455566,2012-07-17 17:33:58,2012-07-16,train,700_2
700,1002,70,Train Station,40.69902344282463,-73.81001472473143,2012-07-17 17:45:42,2012-07-16,train,700_2
700,929,163,Medical Center,40.741933755026,-73.97469534121134,2012-07-18 13:30:33,2012-07-16,train,700_2
700,1708,61,Office,40.74260869323929,-73.97532093413172,2012-07-18 13:33:43,2012-07-16,train,700_2
700,3170,301,Neighborhood,40.715242414476805,-73.87930607309377,2012-07-18 20:27:17,2012-07-16,train,700_2
700,1002,70,Train Station,40.69902344282463,-73.81001472473143,2012-07-18 20:28:13,2012-07-16,train,700_2
700,5010,120,Other Great Outdoors,40.74696317219398,-73.96962165011914,2012-07-18 20:39:35,2012-07-16,train,700_2
702,2734,73,Bus Station,40.75816401301727,-73.99508714675903,2012-07-17 08:17:53,2012-07-16,train,702_14
702,4950,136,Office,40.75175358104296,-73.97683038390369,2012-07-17 12:51:15,2012-07-16,train,702_14
702,4950,136,Office,40.75175358104296,-73.97683038390369,2012-07-18 09:57:03,2012-07-16,train,702_14
702,406,147,Movie Theater,40.73416736029532,-73.99048715829849,2012-07-21 18:03:16,2012-07-16,train,702_14
703,3985,281,Residential Building (Apartment / Condo),40.85404500882544,-73.86480070306806,2012-07-16 03:31:55,2012-07-16,train,703_9
703,2321,264,Subway,40.841927,-73.873511,2012-07-17 07:26:26,2012-07-16,train,703_9
703,2318,220,BBQ Joint,40.73559207942734,-73.98869276046753,2012-07-20 20:37:58,2012-07-16,train,703_9
703,2475,264,Subway,40.82406998798592,-73.8930669417162,2012-07-22 08:46:15,2012-07-16,train,703_9
705,1848,264,Subway,40.83304508893079,-73.86081591534423,2012-07-16 07:50:58,2012-07-16,train,705_6
705,1848,264,Subway,40.83304508893079,-73.86081591534423,2012-07-16 19:05:01,2012-07-16,train,705_6
705,1834,222,Coffee Shop,40.83550228531863,-73.86112689971924,2012-07-16 19:07:53,2012-07-16,train,705_6
705,61,130,Burger Joint,40.78231651442974,-73.98111283779144,2012-07-20 19:19:29,2012-07-16,train,705_6
707,4031,6,Home (private),40.86633340833704,-74.10637760442646,2012-07-16 00:20:24,2012-07-16,train,707_8
707,4057,6,Home (private),40.86633340833704,-74.10637760442646,2012-07-16 07:36:55,2012-07-16,train,707_8
707,4116,6,Home (private),40.86633340833704,-74.10637760442646,2012-07-18 09:09:54,2012-07-16,train,707_8
707,4057,6,Home (private),40.86633340833704,-74.10637760442646,2012-07-18 11:12:47,2012-07-16,train,707_8
707,4057,6,Home (private),40.86633340833704,-74.10637760442646,2012-07-21 20:18:29,2012-07-16,train,707_8
707,4057,6,Home (private),40.86633340833704,-74.10637760442646,2012-07-22 08:58:56,2012-07-16,train,707_8
710,2039,19,Bank,40.68513950219469,-73.97796102863539,2012-07-16 19:40:38,2012-07-16,train,710_11
710,2935,6,Home (private),40.63886446869532,-73.96537147003376,2012-07-16 20:07:50,2012-07-16,train,710_11
710,1145,264,Subway,40.708588361482406,-73.99103164672852,2012-07-17 01:31:26,2012-07-16,train,710_11
710,2935,6,Home (private),40.63886446869532,-73.96537147003376,2012-07-17 01:51:53,2012-07-16,train,710_11
710,357,70,Train Station,40.750794799423865,-73.99357639021292,2012-07-17 18:48:42,2012-07-16,train,710_11
710,1528,264,Subway,40.73573434642415,-73.99056762456905,2012-07-17 19:04:58,2012-07-16,train,710_11
710,2935,6,Home (private),40.63886446869532,-73.96537147003376,2012-07-17 19:33:17,2012-07-16,train,710_11
710,2613,70,Train Station,40.68444568744034,-73.97785663604736,2012-07-18 10:17:33,2012-07-16,train,710_11
710,1002,70,Train Station,40.69902344282463,-73.81001472473143,2012-07-18 10:57:40,2012-07-16,train,710_11
710,1002,70,Train Station,40.69902344282463,-73.81001472473143,2012-07-18 19:04:37,2012-07-16,train,710_11
710,357,70,Train Station,40.750794799423865,-73.99357639021292,2012-07-18 19:23:52,2012-07-16,train,710_11
710,2592,37,Bar,40.722262,-73.98332129,2012-07-18 19:58:26,2012-07-16,train,710_11
719,4780,42,Food & Drink Shop,40.884835891587976,-74.21012257381425,2012-07-16 06:48:50,2012-07-16,train,719_12
719,4780,42,Food & Drink Shop,40.884835891587976,-74.21012257381425,2012-07-22 07:46:29,2012-07-16,train,719_12
720,3220,6,Home (private),40.632300871701176,-73.98887973002674,2012-07-16 00:01:55,2012-07-16,train,720_13
720,3221,6,Home (private),40.64220098230346,-73.98887973002674,2012-07-16 00:19:31,2012-07-16,train,720_13
720,3269,19,Bank,40.63673571148898,-73.99040342059492,2012-07-16 12:33:00,2012-07-16,train,720_13
720,2887,269,Miscellaneous Shop,40.635281,-73.992483,2012-07-16 12:45:46,2012-07-16,train,720_13
722,2174,222,Coffee Shop,40.772298,-73.949633,2012-07-16 12:12:18,2012-07-16,train,722_7
722,190,157,Stadium,40.82827721161922,-73.92655344439045,2012-07-17 18:41:27,2012-07-16,train,722_7
728,1235,137,Gym / Fitness Center,40.738949,-73.989828,2012-07-16 09:29:29,2012-07-16,train,728_8
728,1235,137,Gym / Fitness Center,40.738949,-73.989828,2012-07-17 08:34:12,2012-07-16,train,728_8
728,1235,137,Gym / Fitness Center,40.738949,-73.989828,2012-07-20 09:02:42,2012-07-16,train,728_8
732,847,265,Mall,40.917335441802095,-74.0756607055664,2012-07-22 10:15:36,2012-07-16,train,732_8
732,1843,147,Movie Theater,40.91532869189857,-74.07670140266418,2012-07-22 10:21:06,2012-07-16,train,732_8
732,1843,147,Movie Theater,40.91532869189857,-74.07670140266418,2012-07-22 10:22:41,2012-07-16,train,732_8
736,2173,137,Gym / Fitness Center,40.74109555804945,-73.99270534515381,2012-07-16 06:52:03,2012-07-16,train,736_14
736,2173,137,Gym / Fitness Center,40.74109555804945,-73.99270534515381,2012-07-17 06:51:35,2012-07-16,train,736_14
736,190,157,Stadium,40.82827721161922,-73.92655344439045,2012-07-17 19:00:42,2012-07-16,train,736_14
736,3431,137,Gym / Fitness Center,40.744047317914,-73.98402736930704,2012-07-18 16:03:52,2012-07-16,train,736_14
737,857,259,Hotel,40.76224486711165,-73.9792871763928,2012-07-16 02:30:05,2012-07-16,train,737_15
737,857,259,Hotel,40.76224486711165,-73.9792871763928,2012-07-16 09:30:09,2012-07-16,train,737_15
737,3116,319,Market,40.74186151409088,-73.98943362953369,2012-07-16 14:15:03,2012-07-16,train,737_15
737,857,259,Hotel,40.76224486711165,-73.9792871763928,2012-07-17 02:30:06,2012-07-16,train,737_15
737,857,259,Hotel,40.76224486711165,-73.9792871763928,2012-07-17 09:33:29,2012-07-16,train,737_15
737,405,241,Airport,40.645089355976346,-73.7845230102539,2012-07-17 11:30:10,2012-07-16,train,737_15
737,3116,319,Market,40.74186151409088,-73.98943362953369,2012-07-17 14:15:02,2012-07-16,train,737_15
737,576,102,American Restaurant,40.731155872068506,-73.98872764725327,2012-07-17 19:15:04,2012-07-16,train,737_15
737,857,259,Hotel,40.76224486711165,-73.9792871763928,2012-07-18 09:30:07,2012-07-16,train,737_15
737,405,241,Airport,40.645089355976346,-73.7845230102539,2012-07-18 11:30:08,2012-07-16,train,737_15
737,576,102,American Restaurant,40.731155872068506,-73.98872764725327,2012-07-18 19:15:04,2012-07-16,train,737_15
737,857,259,Hotel,40.76224486711165,-73.9792871763928,2012-07-20 09:30:10,2012-07-16,train,737_15
737,398,52,Bar,40.76362499327396,-73.99757623672485,2012-07-20 20:45:08,2012-07-16,train,737_15
737,830,37,Bar,40.73743415035814,-73.99128147407096,2012-07-21 19:30:03,2012-07-16,train,737_15
737,857,259,Hotel,40.76224486711165,-73.9792871763928,2012-07-22 09:30:07,2012-07-16,train,737_15
737,405,241,Airport,40.645089355976346,-73.7845230102539,2012-07-22 11:30:07,2012-07-16,train,737_15
739,1089,196,Restaurant,40.75527487548953,-73.97880613803864,2012-07-16 11:30:17,2012-07-16,train,739_11
739,1089,196,Restaurant,40.75527487548953,-73.97880613803864,2012-07-17 11:30:50,2012-07-16,train,739_11
739,1089,196,Restaurant,40.75527487548953,-73.97880613803864,2012-07-18 11:30:10,2012-07-16,train,739_11
739,1261,138,Gym / Fitness Center,40.75367746344614,-73.9697479200717,2012-07-22 09:11:28,2012-07-16,train,739_11
741,527,42,Food & Drink Shop,40.723955,-73.991829,2012-07-16 17:40:10,2012-07-16,train,741_5
741,55,41,Bar,40.72449429624432,-73.99334746639536,2012-07-16 17:49:53,2012-07-16,train,741_5
741,312,146,Movie Theater,40.723202,-73.9899354,2012-07-16 18:47:47,2012-07-16,train,741_5
741,2065,210,Vegetarian / Vegan Restaurant,40.681098,-73.97596,2012-07-17 09:10:02,2012-07-16,train,741_5
743,1690,61,Office,40.74993282797663,-73.9727898529965,2012-07-16 09:19:14,2012-07-16,train,743_11
743,738,83,Church,40.69058117763333,-73.98719533485003,2012-07-20 19:28:43,2012-07-16,train,743_11
743,738,83,Church,40.69058117763333,-73.98719533485003,2012-07-22 08:41:14,2012-07-16,train,743_11
745,1069,70,Train Station,40.76147966168067,-74.07551050186157,2012-07-17 08:51:12,2012-07-16,train,745_15
745,1287,61,Office,40.80615113329764,-74.07784459703637,2012-07-20 09:14:24,2012-07-16,train,745_15
746,3454,72,Government Building,40.82649453807121,-73.9243887382011,2012-07-16 09:33:53,2012-07-16,train,746_13
746,2001,138,Gym / Fitness Center,40.769538,-73.9519560005793,2012-07-16 12:19:53,2012-07-16,train,746_13
746,4006,192,Mac & Cheese Joint,40.73907778333829,-73.9897319652254,2012-07-16 20:42:32,2012-07-16,train,746_13
749,4557,222,Coffee Shop,40.77211112866,-73.96095474201344,2012-07-17 15:08:30,2012-07-16,train,749_13
749,4557,222,Coffee Shop,40.77211112866,-73.96095474201344,2012-07-18 10:58:41,2012-07-16,train,749_13
749,2977,42,Food & Drink Shop,40.77191392045793,-73.95900893890409,2012-07-20 09:35:58,2012-07-16,train,749_13
749,4557,222,Coffee Shop,40.77211112866,-73.96095474201344,2012-07-20 09:40:00,2012-07-16,train,749_13
750,625,122,Plaza,40.756489872673846,-73.98626804351807,2012-07-16 17:05:10,2012-07-16,train,750_14
750,625,122,Plaza,40.756489872673846,-73.98626804351807,2012-07-17 13:21:16,2012-07-16,train,750_14
750,2462,264,Subway,40.67692778613304,-73.89869928359985,2012-07-18 16:20:26,2012-07-16,train,750_14
750,2076,222,Coffee Shop,40.747744648563874,-73.9853024482727,2012-07-21 18:30:04,2012-07-16,train,750_14
753,3068,71,Train Station,40.58358323125094,-73.8265585899353,2012-07-16 09:44:16,2012-07-16,train,753_15
753,1373,183,University,40.69342491338439,-73.99171189097369,2012-07-16 11:06:23,2012-07-16,train,753_15
753,4366,164,College Academic Building,40.69351488369677,-73.99171189097368,2012-07-16 11:06:43,2012-07-16,train,753_15
753,1610,19,Bank,40.694002,-73.99107,2012-07-16 14:10:47,2012-07-16,train,753_15
753,1913,264,Subway,40.69147464622913,-73.98738384246826,2012-07-16 15:43:10,2012-07-16,train,753_15
753,2178,264,Subway,40.60837736891878,-73.81592631340027,2012-07-16 16:29:42,2012-07-16,train,753_15
753,4245,6,Home (private),40.57912417974672,-73.82426211435131,2012-07-16 19:08:33,2012-07-16,train,753_15
753,2329,96,Deli / Bodega,40.57994619525604,-73.83733748734836,2012-07-16 23:36:37,2012-07-16,train,753_15
753,3068,71,Train Station,40.58358323125094,-73.8265585899353,2012-07-17 09:37:47,2012-07-16,train,753_15
753,2113,264,Subway,40.68047529976021,-73.84372472763062,2012-07-17 10:02:14,2012-07-16,train,753_15
753,1610,19,Bank,40.694002,-73.99107,2012-07-17 10:33:11,2012-07-16,train,753_15
753,1373,183,University,40.69342491338439,-73.99171189097369,2012-07-17 10:51:33,2012-07-16,train,753_15
753,4663,177,College Academic Building,40.693267387847975,-73.99155694099996,2012-07-17 10:51:45,2012-07-16,train,753_15
753,4366,164,College Academic Building,40.69351488369677,-73.99171189097368,2012-07-17 14:56:40,2012-07-16,train,753_15
753,2178,264,Subway,40.60837736891878,-73.81592631340027,2012-07-17 15:54:08,2012-07-16,train,753_15
753,3068,71,Train Station,40.58358323125094,-73.8265585899353,2012-07-18 09:51:48,2012-07-16,train,753_15
753,2113,264,Subway,40.68047529976021,-73.84372472763062,2012-07-18 10:14:06,2012-07-16,train,753_15
753,1373,183,University,40.69342491338439,-73.99171189097369,2012-07-18 10:44:09,2012-07-16,train,753_15
753,4366,164,College Academic Building,40.69351488369677,-73.99171189097368,2012-07-18 10:44:35,2012-07-16,train,753_15
753,1913,264,Subway,40.69147464622913,-73.98738384246826,2012-07-18 15:00:05,2012-07-16,train,753_15
753,2178,264,Subway,40.60837736891878,-73.81592631340027,2012-07-18 15:51:39,2012-07-16,train,753_15
759,2962,221,Bridge,40.846751950582565,-73.9276671409607,2012-07-17 10:01:00,2012-07-16,train,759_10
759,2150,257,Road,40.81780414338999,-73.80359888076782,2012-07-20 10:49:17,2012-07-16,train,759_10
760,137,204,Steakhouse,40.710042263303,-73.96237246820378,2012-07-16 12:08:39,2012-07-16,train,760_2
760,454,207,Dessert Shop,40.73441062140292,-73.9908166227313,2012-07-16 13:51:04,2012-07-16,train,760_2
760,407,42,Food & Drink Shop,40.73485228613973,-73.99108529090881,2012-07-16 14:05:03,2012-07-16,train,760_2
760,3018,301,Neighborhood,40.67001121908946,-73.98583889007568,2012-07-16 17:02:04,2012-07-16,train,760_2
760,2978,301,Neighborhood,40.745306184001095,-73.94837379455566,2012-07-17 08:53:22,2012-07-16,train,760_2
760,3519,136,Office,40.750536544011474,-73.93951538728527,2012-07-17 08:53:32,2012-07-16,train,760_2
760,3018,301,Neighborhood,40.67001121908946,-73.98583889007568,2012-07-22 06:34:58,2012-07-16,train,760_2
763,4631,6,Home (private),40.81343117375547,-73.94186034276925,2012-07-17 11:16:29,2012-07-16,train,763_5
763,2752,42,Food & Drink Shop,40.778504,-73.982092,2012-07-17 20:40:18,2012-07-16,train,763_5
763,3271,103,Southern / Soul Food Restaurant,40.80825990296103,-73.94516389771303,2012-07-18 12:25:13,2012-07-16,train,763_5
769,1515,264,Subway,40.75047562272483,-73.94028425216675,2012-07-18 11:04:10,2012-07-16,train,769_8
769,3632,4,Gym / Fitness Center,40.76259363580359,-73.9660630992425,2012-07-18 11:12:31,2012-07-16,train,769_8
772,2009,138,Gym / Fitness Center,40.66275977158627,-73.98301728235063,2012-07-16 06:29:24,2012-07-16,train,772_11
772,2009,138,Gym / Fitness Center,40.66275977158627,-73.98301728235063,2012-07-17 08:36:38,2012-07-16,train,772_11
772,2009,138,Gym / Fitness Center,40.66275977158627,-73.98301728235063,2012-07-22 08:03:02,2012-07-16,train,772_11
775,4611,6,Home (private),40.57453059799639,-74.00063278107605,2012-07-16 07:54:25,2012-07-16,train,775_15
775,3926,266,Bus Station,40.5770155421849,-73.98116111755371,2012-07-16 08:03:06,2012-07-16,train,775_15
775,4983,281,Residential Building (Apartment / Condo),40.724611837936656,-73.99843200824306,2012-07-16 13:55:24,2012-07-16,train,775_15
775,407,42,Food & Drink Shop,40.73485228613973,-73.99108529090881,2012-07-16 18:24:10,2012-07-16,train,775_15
775,431,42,Food & Drink Shop,40.733673775505466,-73.98783810408904,2012-07-16 18:47:14,2012-07-16,train,775_15
775,2395,194,Mexican Restaurant,40.734180430384,-73.98907772440027,2012-07-16 18:53:28,2012-07-16,train,775_15
775,4983,281,Residential Building (Apartment / Condo),40.724611837936656,-73.99843200824306,2012-07-20 09:25:55,2012-07-16,train,775_15
777,2792,257,Road,40.70644125441471,-74.15183544158936,2012-07-16 00:27:59,2012-07-16,train,777_8
777,4647,6,Home (private),40.632300871701176,-73.98887973002674,2012-07-16 01:44:30,2012-07-16,train,777_8
777,4646,62,Automotive Shop,40.63493969789037,-73.98424029350281,2012-07-17 18:05:24,2012-07-16,train,777_8
778,2563,138,Gym / Fitness Center,40.788219074046346,-73.94870561334412,2012-07-16 09:06:22,2012-07-16,train,778_10
778,2563,138,Gym / Fitness Center,40.788219074046346,-73.94870561334412,2012-07-17 10:41:16,2012-07-16,train,778_10
778,1331,222,Coffee Shop,40.79096987028617,-73.94705146551132,2012-07-17 18:34:42,2012-07-16,train,778_10
780,1274,61,Office,40.70986496772808,-74.01053451111994,2012-07-16 09:22:57,2012-07-16,train,780_15
780,4768,138,Gym / Fitness Center,40.7530312107277,-73.98586387743777,2012-07-17 06:22:33,2012-07-16,train,780_15
780,1752,61,Office,40.753050382397895,-73.98573761806597,2012-07-17 19:41:44,2012-07-16,train,780_15
780,1752,61,Office,40.753050382397895,-73.98573761806597,2012-07-20 20:28:48,2012-07-16,train,780_15
781,3796,61,Office,40.73963589285346,-74.0060011833954,2012-07-16 08:20:10,2012-07-16,train,781_12
781,18,194,Mexican Restaurant,40.737556697609854,-74.00818752322094,2012-07-16 12:25:24,2012-07-16,train,781_12
781,3796,61,Office,40.73963589285346,-74.0060011833954,2012-07-17 08:19:58,2012-07-16,train,781_12
784,4868,281,Residential Building (Apartment / Condo),40.758017730590645,-73.9922547340393,2012-07-16 13:10:08,2012-07-16,train,784_13
784,830,37,Bar,40.73743415035814,-73.99128147407096,2012-07-16 13:30:07,2012-07-16,train,784_13
784,2332,19,Bank,40.84350462709147,-73.93913651788439,2012-07-16 13:40:07,2012-07-16,train,784_13
784,2240,19,Bank,40.81011509621309,-73.95118534970048,2012-07-16 13:50:07,2012-07-16,train,784_13
784,402,259,Hotel,40.758328,-73.985457,2012-07-16 14:00:21,2012-07-16,train,784_13
784,4868,281,Residential Building (Apartment / Condo),40.758017730590645,-73.9922547340393,2012-07-17 13:10:08,2012-07-16,train,784_13
784,830,37,Bar,40.73743415035814,-73.99128147407096,2012-07-17 13:30:09,2012-07-16,train,784_13
784,2332,19,Bank,40.84350462709147,-73.93913651788439,2012-07-17 13:40:07,2012-07-16,train,784_13
784,348,61,Office,40.713713478447545,-74.0141438812572,2012-07-18 13:20:05,2012-07-16,train,784_13
784,2332,19,Bank,40.84350462709147,-73.93913651788439,2012-07-18 13:40:05,2012-07-16,train,784_13
784,2240,19,Bank,40.81011509621309,-73.95118534970048,2012-07-18 13:50:07,2012-07-16,train,784_13
784,402,259,Hotel,40.758328,-73.985457,2012-07-18 14:00:19,2012-07-16,train,784_13
787,1463,222,Coffee Shop,40.7581662972909,-73.98925563221387,2012-07-16 07:19:12,2012-07-16,train,787_12
787,2711,174,College Academic Building,40.776676566038034,-73.98056665158647,2012-07-20 10:28:33,2012-07-16,train,787_12
788,3930,6,Home (private),40.94175914870915,-74.01238511084367,2012-07-16 12:20:31,2012-07-16,train,788_15
788,4455,253,General Travel,40.94451079590417,-74.01670310715694,2012-07-16 12:20:39,2012-07-16,train,788_15
788,3475,317,City,40.94269410852135,-73.99635314941406,2012-07-16 13:28:32,2012-07-16,train,788_15
788,3930,6,Home (private),40.94175914870915,-74.01238511084367,2012-07-16 13:28:59,2012-07-16,train,788_15
788,2656,34,Gas Station / Garage,40.91354059666688,-73.99784092283586,2012-07-16 20:15:08,2012-07-16,train,788_15
788,4455,253,General Travel,40.94451079590417,-74.01670310715694,2012-07-16 20:56:18,2012-07-16,train,788_15
788,3475,317,City,40.94269410852135,-73.99635314941406,2012-07-16 20:56:35,2012-07-16,train,788_15
788,3930,6,Home (private),40.94175914870915,-74.01238511084367,2012-07-16 20:56:41,2012-07-16,train,788_15
788,4455,253,General Travel,40.94451079590417,-74.01670310715694,2012-07-17 14:14:50,2012-07-16,train,788_15
788,3930,6,Home (private),40.94175914870915,-74.01238511084367,2012-07-17 14:15:08,2012-07-16,train,788_15
788,2355,58,Electronics Store,40.9657708121501,-74.0756607055664,2012-07-17 19:05:44,2012-07-16,train,788_15
788,3930,6,Home (private),40.94175914870915,-74.01238511084367,2012-07-18 11:18:29,2012-07-16,train,788_15
788,4854,6,Home (private),40.90080727550772,-74.07113588841028,2012-07-18 12:15:33,2012-07-16,train,788_15
790,1108,124,Sculpture Garden,40.7740642122466,-73.97095799446106,2012-07-17 20:46:57,2012-07-16,train,790_11
790,107,138,Gym / Fitness Center,40.75293,-73.974725,2012-07-18 20:35:48,2012-07-16,train,790_11
791,3562,63,Office,40.73672207747068,-73.99558067321777,2012-07-16 09:58:57,2012-07-16,train,791_13
791,3562,63,Office,40.73672207747068,-73.99558067321777,2012-07-18 10:26:32,2012-07-16,train,791_13
799,827,7,Clothing Store,40.74995544581752,-73.98755550384521,2012-07-16 14:04:26,2012-07-16,train,799_12
799,1419,70,Train Station,40.732267009830224,-74.06304359436035,2012-07-16 18:45:58,2012-07-16,train,799_12
799,2406,61,Office,40.75013222514482,-73.98493766784668,2012-07-17 10:19:17,2012-07-16,train,799_12
799,1156,61,Office,40.76066701799484,-73.98106455802917,2012-07-17 18:26:23,2012-07-16,train,799_12
799,2900,131,Café,40.7513102,-73.983793,2012-07-18 09:30:49,2012-07-16,train,799_12
804,1015,61,Office,40.75873129067156,-73.9820760601798,2012-07-17 14:56:51,2012-07-16,train,804_11
804,1424,61,Office,40.74204967287742,-74.00477888803634,2012-07-21 18:21:21,2012-07-16,train,804_11
804,1424,61,Office,40.74204967287742,-74.00477888803634,2012-07-22 09:55:15,2012-07-16,train,804_11
805,4024,6,Home (private),40.68499608789172,-73.94186034276925,2012-07-16 22:29:03,2012-07-16,train,805_12
805,4197,96,Deli / Bodega,40.6847512363616,-73.9434418083397,2012-07-17 15:13:39,2012-07-16,train,805_12
805,1753,264,Subway,40.67933621045698,-73.93028497695923,2012-07-20 09:32:48,2012-07-16,train,805_12
805,731,147,Movie Theater,40.774697291507216,-73.98194979831837,2012-07-20 10:28:06,2012-07-16,train,805_12
805,625,122,Plaza,40.756489872673846,-73.98626804351807,2012-07-20 20:53:34,2012-07-16,train,805_12
805,1733,264,Subway,40.75650612666626,-73.98802757263184,2012-07-20 20:58:22,2012-07-16,train,805_12
805,4197,96,Deli / Bodega,40.6847512363616,-73.9434418083397,2012-07-20 21:39:14,2012-07-16,train,805_12
809,3011,6,Home (private),40.833165200622425,-73.94186034276925,2012-07-16 05:58:43,2012-07-16,train,809_6
809,3011,6,Home (private),40.833165200622425,-73.94186034276925,2012-07-16 06:11:21,2012-07-16,train,809_6
809,2196,174,College Academic Building,40.77079184896987,-73.98592472076416,2012-07-16 08:07:08,2012-07-16,train,809_6
809,2196,174,College Academic Building,40.77079184896987,-73.98592472076416,2012-07-16 10:04:54,2012-07-16,train,809_6
809,3011,6,Home (private),40.833165200622425,-73.94186034276925,2012-07-16 17:17:19,2012-07-16,train,809_6
809,2196,174,College Academic Building,40.77079184896987,-73.98592472076416,2012-07-17 07:46:44,2012-07-16,train,809_6
809,2654,177,College Academic Building,40.77085290125466,-73.98486527831999,2012-07-17 09:34:18,2012-07-16,train,809_6
809,2196,174,College Academic Building,40.77079184896987,-73.98592472076416,2012-07-17 10:05:09,2012-07-16,train,809_6
809,3242,134,Event Space,40.77056711201932,-73.98410197779206,2012-07-17 12:38:40,2012-07-16,train,809_6
809,2196,174,College Academic Building,40.77079184896987,-73.98592472076416,2012-07-17 12:55:06,2012-07-16,train,809_6
809,1406,176,Law School,40.77095773223109,-73.98431432486001,2012-07-17 15:13:40,2012-07-16,train,809_6
809,2654,177,College Academic Building,40.77085290125466,-73.98486527831999,2012-07-18 08:58:30,2012-07-16,train,809_6
809,3242,134,Event Space,40.77056711201932,-73.98410197779206,2012-07-18 12:25:11,2012-07-16,train,809_6
809,2196,174,College Academic Building,40.77079184896987,-73.98592472076416,2012-07-18 13:07:30,2012-07-16,train,809_6
809,2654,177,College Academic Building,40.77085290125466,-73.98486527831999,2012-07-20 09:25:59,2012-07-16,train,809_6
811,1916,141,Bagel Shop,40.752036441838,-73.99116095716512,2012-07-16 14:52:32,2012-07-16,train,811_8
811,229,55,Bar,40.74052763084985,-74.00558801400682,2012-07-18 19:29:35,2012-07-16,train,811_8
811,597,55,Bar,40.749522986346776,-73.98322963061759,2012-07-20 19:01:21,2012-07-16,train,811_8
812,4853,61,Office,40.917243450801394,-74.17148335737132,2012-07-16 09:22:51,2012-07-16,train,812_10
812,4853,61,Office,40.917243450801394,-74.17148335737132,2012-07-18 10:35:52,2012-07-16,train,812_10
812,4256,317,City,40.8261396278362,-73.97438541369006,2012-07-18 17:41:26,2012-07-16,train,812_10
812,3995,121,Park,40.83374485999407,-73.97092580795288,2012-07-18 18:24:37,2012-07-16,train,812_10
812,4853,61,Office,40.917243450801394,-74.17148335737132,2012-07-20 10:21:57,2012-07-16,train,812_10
815,2034,264,Subway,40.74410317521528,-73.91249656677246,2012-07-16 09:24:28,2012-07-16,train,815_9
815,372,131,Café,40.74595644996025,-73.91464233398438,2012-07-17 09:20:00,2012-07-16,train,815_9
815,558,27,Italian Restaurant,40.726233952623296,-73.99176927982109,2012-07-17 18:38:02,2012-07-16,train,815_9
815,571,159,Art Museum,40.72241283071901,-73.9931638235344,2012-07-17 20:40:05,2012-07-16,train,815_9
815,2034,264,Subway,40.74410317521528,-73.91249656677246,2012-07-20 09:23:36,2012-07-16,train,815_9
817,3791,281,Residential Building (Apartment / Condo),40.65623629615141,-73.90769926198885,2012-07-16 19:05:21,2012-07-16,train,817_2
817,4365,253,General Travel,40.675723911455,-73.90334724735843,2012-07-17 17:50:29,2012-07-16,train,817_2
817,3791,281,Residential Building (Apartment / Condo),40.65623629615141,-73.90769926198885,2012-07-17 18:31:25,2012-07-16,train,817_2
817,3791,281,Residential Building (Apartment / Condo),40.65623629615141,-73.90769926198885,2012-07-18 15:51:57,2012-07-16,train,817_2
821,3701,301,Neighborhood,40.8242215167021,-73.89264478264728,2012-07-18 08:42:47,2012-07-16,train,821_1
821,4974,281,Residential Building (Apartment / Condo),40.824298396107686,-73.89270220086837,2012-07-18 16:48:27,2012-07-16,train,821_1
821,3701,301,Neighborhood,40.8242215167021,-73.89264478264728,2012-07-20 08:53:54,2012-07-16,train,821_1
821,434,183,University,40.69389823064757,-73.98627708934687,2012-07-20 10:06:40,2012-07-16,train,821_1
821,4974,281,Residential Building (Apartment / Condo),40.824298396107686,-73.89270220086837,2012-07-20 19:27:19,2012-07-16,train,821_1
823,2069,262,Light Rail,40.66130995253368,-74.11637130665052,2012-07-16 09:55:33,2012-07-16,train,823_14
823,3883,70,Train Station,40.73490106397246,-74.02931213378906,2012-07-16 10:30:20,2012-07-16,train,823_14
823,758,259,Hotel,40.739201116289465,-74.02752492515414,2012-07-16 10:43:16,2012-07-16,train,823_14
823,3883,70,Train Station,40.73490106397246,-74.02931213378906,2012-07-16 17:22:08,2012-07-16,train,823_14
823,2069,262,Light Rail,40.66130995253368,-74.11637130665052,2012-07-16 18:08:58,2012-07-16,train,823_14
823,1419,70,Train Station,40.732267009830224,-74.06304359436035,2012-07-17 12:33:12,2012-07-16,train,823_14
823,4742,80,Building,40.71186956191786,-74.01181415253035,2012-07-17 12:57:29,2012-07-16,train,823_14
823,1877,258,Food & Drink Shop,40.75769265737892,-73.99150371551514,2012-07-17 13:29:25,2012-07-16,train,823_14
823,712,201,Ice Cream Shop,40.758865313652905,-73.99240629487407,2012-07-17 13:37:02,2012-07-16,train,823_14
823,233,147,Movie Theater,40.756931775430665,-73.98897442301349,2012-07-17 15:10:57,2012-07-16,train,823_14
823,587,266,Bus Station,40.75722129839836,-73.99154663085938,2012-07-17 17:42:34,2012-07-16,train,823_14
823,987,257,Road,40.76117085825042,-74.01128768920898,2012-07-17 18:00:30,2012-07-16,train,823_14
823,2246,262,Light Rail,40.71589126048056,-74.03416156768799,2012-07-18 08:37:49,2012-07-16,train,823_14
823,1419,70,Train Station,40.732267009830224,-74.06304359436035,2012-07-18 16:22:17,2012-07-16,train,823_14
823,3883,70,Train Station,40.73490106397246,-74.02931213378906,2012-07-18 16:52:29,2012-07-16,train,823_14
823,3883,70,Train Station,40.73490106397246,-74.02931213378906,2012-07-20 09:08:46,2012-07-16,train,823_14
823,758,259,Hotel,40.739201116289465,-74.02752492515414,2012-07-20 10:25:21,2012-07-16,train,823_14
823,2950,33,Korean Restaurant,40.74770795971044,-73.9862828283949,2012-07-21 18:58:56,2012-07-16,train,823_14
824,4599,91,High School,40.80112460013346,-74.01424884796143,2012-07-16 08:05:00,2012-07-16,train,824_15
824,1292,265,Mall,40.95634251626308,-74.06902771574032,2012-07-16 13:55:37,2012-07-16,train,824_15
824,2989,248,Toy / Game Store,40.95596395758597,-74.06836227404403,2012-07-16 13:56:00,2012-07-16,train,824_15
824,4599,91,High School,40.80112460013346,-74.01424884796143,2012-07-17 08:15:07,2012-07-16,train,824_15
824,1776,146,Movie Theater,40.78531820515752,-74.04664993286133,2012-07-17 20:22:22,2012-07-16,train,824_15
825,120,102,American Restaurant,40.8415358603095,-73.93958427255126,2012-07-17 13:24:53,2012-07-16,train,825_10
825,4483,281,Residential Building (Apartment / Condo),40.79926711855176,-73.93221341022327,2012-07-17 20:15:10,2012-07-16,train,825_10
826,3551,138,Gym / Fitness Center,40.92609035622175,-73.85365392482477,2012-07-16 07:12:42,2012-07-16,train,826_4
826,3551,138,Gym / Fitness Center,40.92609035622175,-73.85365392482477,2012-07-17 07:01:47,2012-07-16,train,826_4
828,2923,128,Bakery,40.77220968971734,-73.92897605895996,2012-07-16 14:32:59,2012-07-16,train,828_2
828,584,147,Movie Theater,40.75519542925462,-73.92354482590206,2012-07-16 15:40:32,2012-07-16,train,828_2
828,406,147,Movie Theater,40.73416736029532,-73.99048715829849,2012-07-22 09:35:33,2012-07-16,train,828_2
837,627,59,Bar,40.72635525176133,-74.0057623386383,2012-07-16 21:51:01,2012-07-16,train,837_5
837,321,206,Seafood Restaurant,40.73183205567358,-74.00324642658234,2012-07-16 22:35:55,2012-07-16,train,837_5
837,70,48,Bar,40.74624500344291,-73.97755086421967,2012-07-20 20:31:25,2012-07-16,train,837_5
838,968,194,Mexican Restaurant,40.75401921961654,-73.98210525512695,2012-07-16 12:06:25,2012-07-16,train,838_10
838,786,138,Gym / Fitness Center,40.70680249876036,-74.01026480981929,2012-07-16 19:36:39,2012-07-16,train,838_10
838,1584,281,Residential Building (Apartment / Condo),40.70452181142012,-74.00918600081165,2012-07-17 01:35:25,2012-07-16,train,838_10
838,3381,61,Office,40.75408423797854,-73.98231983184814,2012-07-17 09:27:00,2012-07-16,train,838_10
838,194,37,Bar,40.721291,-73.994262,2012-07-18 19:40:59,2012-07-16,train,838_10
841,3351,242,Spa / Massage,40.74016056683402,-73.99236612281612,2012-07-16 11:04:51,2012-07-16,train,841_12
841,439,58,Electronics Store,40.76393850093645,-73.97308830420383,2012-07-16 21:38:22,2012-07-16,train,841_12
841,1235,137,Gym / Fitness Center,40.738949,-73.989828,2012-07-17 08:55:27,2012-07-16,train,841_12
841,3351,242,Spa / Massage,40.74016056683402,-73.99236612281612,2012-07-18 10:24:02,2012-07-16,train,841_12
842,4760,281,Residential Building (Apartment / Condo),40.58469545001116,-73.93245451762998,2012-07-16 03:31:21,2012-07-16,train,842_14
842,1945,141,Bagel Shop,40.58802,-73.953244,2012-07-16 15:24:40,2012-07-16,train,842_14
842,2826,2,Gym / Fitness Center,40.587728,-73.951596,2012-07-16 17:34:23,2012-07-16,train,842_14
844,3427,178,General College & University,40.752385612403,-73.98051738739014,2012-07-16 13:46:14,2012-07-16,train,844_14
844,1504,178,General College & University,40.75356408930207,-73.97953033447266,2012-07-17 16:37:33,2012-07-16,train,844_14
844,3427,178,General College & University,40.752385612403,-73.98051738739014,2012-07-17 16:37:43,2012-07-16,train,844_14
845,3023,165,College Academic Building,40.63216903989131,-73.94998566640727,2012-07-17 09:40:35,2012-07-16,train,845_14
845,4375,6,Home (private),40.628964535118925,-73.96537147003376,2012-07-17 11:22:39,2012-07-16,train,845_14
845,4795,300,Moving Target,40.63130312006654,-73.96078213464835,2012-07-17 11:49:22,2012-07-16,train,845_14
845,4795,300,Moving Target,40.63130312006654,-73.96078213464835,2012-07-17 14:44:06,2012-07-16,train,845_14
845,3390,222,Coffee Shop,40.64172917935286,-73.96334822511452,2012-07-22 09:18:28,2012-07-16,train,845_14
848,439,58,Electronics Store,40.76393850093645,-73.97308830420383,2012-07-16 08:36:04,2012-07-16,train,848_10
848,4632,284,Historic Site,40.63776202060348,-74.00221376394177,2012-07-16 12:41:52,2012-07-16,train,848_10
848,439,58,Electronics Store,40.76393850093645,-73.97308830420383,2012-07-18 11:08:14,2012-07-16,train,848_10
849,3042,121,Park,40.721502075213984,-73.96210670471191,2012-07-18 18:27:17,2012-07-16,train,849_4
849,2266,121,Park,40.702634,-73.996119,2012-07-18 20:49:00,2012-07-16,train,849_4
849,485,48,Bar,40.73139950826892,-73.9886817354489,2012-07-20 21:27:32,2012-07-16,train,849_4
851,4895,39,Beer Garden,40.912369,-74.073662,2012-07-16 19:57:47,2012-07-16,train,851_11
851,2520,222,Coffee Shop,40.946097781156325,-74.0714979171753,2012-07-17 09:34:21,2012-07-16,train,851_11
860,2139,221,Bridge,40.72784213324929,-73.929163813591,2012-07-17 12:57:42,2012-07-16,train,860_10
860,1475,241,Airport,40.773839,-73.87122,2012-07-17 13:07:12,2012-07-16,train,860_10
861,3403,134,Event Space,40.756083521571824,-73.98951888084412,2012-07-18 18:18:40,2012-07-16,train,861_11
861,382,310,Concert Hall,40.77308312955881,-73.98281335830688,2012-07-20 20:05:04,2012-07-16,train,861_11
862,1688,58,Electronics Store,40.734269,-73.990084,2012-07-16 21:51:26,2012-07-16,train,862_3
862,405,241,Airport,40.645089355976346,-73.7845230102539,2012-07-21 18:56:17,2012-07-16,train,862_3
865,4893,37,Bar,40.74422471878332,-73.98403884753738,2012-07-16 19:51:45,2012-07-16,train,865_12
865,3838,50,Bar,40.74225734075718,-74.0062364600096,2012-07-17 20:38:58,2012-07-16,train,865_12
871,3429,204,Steakhouse,40.760538361962375,-73.97781180686879,2012-07-20 18:57:30,2012-07-16,train,871_14
871,1933,264,Subway,40.78577311803029,-73.9509916305542,2012-07-20 20:52:36,2012-07-16,train,871_14
871,2752,42,Food & Drink Shop,40.778504,-73.982092,2012-07-21 18:43:35,2012-07-16,train,871_14
871,1933,264,Subway,40.78577311803029,-73.9509916305542,2012-07-21 19:32:17,2012-07-16,train,871_14
874,4999,130,Burger Joint,40.700051,-73.996479,2012-07-16 09:17:38,2012-07-16,train,874_11
874,4999,130,Burger Joint,40.700051,-73.996479,2012-07-17 11:47:03,2012-07-16,train,874_11
874,4999,130,Burger Joint,40.700051,-73.996479,2012-07-21 19:17:30,2012-07-16,train,874_11
875,2782,64,Government Building,40.70707691381857,-74.0050600740452,2012-07-16 09:18:27,2012-07-16,train,875_12
875,2782,64,Government Building,40.70707691381857,-74.0050600740452,2012-07-17 08:14:50,2012-07-16,train,875_12
875,489,7,Clothing Store,40.723546865121946,-73.99813359642076,2012-07-17 17:17:54,2012-07-16,train,875_12
875,2782,64,Government Building,40.70707691381857,-74.0050600740452,2012-07-18 08:23:53,2012-07-16,train,875_12
877,1823,264,Subway,40.76799670467506,-73.98189067840576,2012-07-16 08:10:13,2012-07-16,train,877_10
877,1009,165,College Academic Building,40.80861223601287,-73.96154880523682,2012-07-16 08:36:42,2012-07-16,train,877_10
877,1094,222,Coffee Shop,40.80704983333333,-73.96448956666666,2012-07-16 14:14:56,2012-07-16,train,877_10
877,1823,264,Subway,40.76799670467506,-73.98189067840576,2012-07-17 08:17:13,2012-07-16,train,877_10
877,1009,165,College Academic Building,40.80861223601287,-73.96154880523682,2012-07-17 08:42:07,2012-07-16,train,877_10
877,1009,165,College Academic Building,40.80861223601287,-73.96154880523682,2012-07-18 08:43:57,2012-07-16,train,877_10
877,3356,134,Event Space,40.70172388214517,-73.84065628051758,2012-07-18 18:19:36,2012-07-16,train,877_10
877,2097,146,Movie Theater,40.7715858,-73.8364432,2012-07-18 20:36:32,2012-07-16,train,877_10
877,1009,165,College Academic Building,40.80861223601287,-73.96154880523682,2012-07-20 08:48:40,2012-07-16,train,877_10
884,3137,63,Office,40.7259,-74.005962,2012-07-16 08:23:12,2012-07-16,train,884_5
884,3137,63,Office,40.7259,-74.005962,2012-07-17 08:31:43,2012-07-16,train,884_5
884,3137,63,Office,40.7259,-74.005962,2012-07-18 08:50:46,2012-07-16,train,884_5
884,3137,63,Office,40.7259,-74.005962,2012-07-20 09:18:16,2012-07-16,train,884_5
888,4023,6,Home (private),40.869261377738766,-73.91834636014222,2012-07-16 01:49:52,2012-07-16,train,888_12
888,4022,63,Office,40.755885775,-73.978500425,2012-07-16 18:30:38,2012-07-16,train,888_12
888,4023,6,Home (private),40.869261377738766,-73.91834636014222,2012-07-16 22:30:53,2012-07-16,train,888_12
888,4022,63,Office,40.755885775,-73.978500425,2012-07-17 17:07:22,2012-07-16,train,888_12
889,1161,222,Coffee Shop,40.77624183727568,-73.94997418614841,2012-07-16 08:47:10,2012-07-16,train,889_13
889,1495,222,Coffee Shop,40.702415,-74.01258301,2012-07-17 09:05:30,2012-07-16,train,889_13
889,669,137,Gym / Fitness Center,40.73757,-74.0017,2012-07-17 18:34:48,2012-07-16,train,889_13
890,3435,233,Other Great Outdoors,40.78761540286519,-73.79292423185066,2012-07-16 20:54:20,2012-07-16,train,890_15
890,3435,233,Other Great Outdoors,40.78761540286519,-73.79292423185066,2012-07-21 19:02:53,2012-07-16,train,890_15
890,4329,121,Park,40.79026720890064,-73.79855398377602,2012-07-21 19:03:30,2012-07-16,train,890_15
890,4930,223,Harbor / Marina,40.79133224487305,-73.80516052246094,2012-07-21 19:03:45,2012-07-16,train,890_15
894,4615,61,Office,40.70478900811515,-73.9883316575796,2012-07-17 17:15:58,2012-07-16,train,894_14
894,4383,245,General Entertainment,40.76040627582441,-73.995080587233,2012-07-17 19:00:48,2012-07-16,train,894_14
903,138,27,Italian Restaurant,40.75759513510543,-73.9868688583374,2012-07-16 12:24:52,2012-07-16,train,903_12
903,1835,102,American Restaurant,40.915827729965045,-74.07631873811226,2012-07-16 21:58:41,2012-07-16,train,903_12
906,625,122,Plaza,40.756489872673846,-73.98626804351807,2012-07-18 13:58:54,2012-07-16,train,906_6
906,1694,7,Clothing Store,40.75096328487971,-73.99081707000732,2012-07-20 21:40:46,2012-07-16,train,906_6
907,3294,61,Office,40.75010293240894,-73.91019674628517,2012-07-16 11:03:41,2012-07-16,train,907_12
907,990,183,University,40.74025823153738,-73.98386667401014,2012-07-16 19:51:35,2012-07-16,train,907_12
907,3943,6,Home (private),40.76071686239771,-73.91834636014222,2012-07-16 21:28:01,2012-07-16,train,907_12
907,3294,61,Office,40.75010293240894,-73.91019674628517,2012-07-17 08:53:57,2012-07-16,train,907_12
907,735,122,Plaza,40.74982540095488,-73.98796319961548,2012-07-17 19:25:15,2012-07-16,train,907_12
907,3294,61,Office,40.75010293240894,-73.91019674628517,2012-07-18 09:04:36,2012-07-16,train,907_12
907,990,183,University,40.74025823153738,-73.98386667401014,2012-07-18 19:43:36,2012-07-16,train,907_12
907,3294,61,Office,40.75010293240894,-73.91019674628517,2012-07-20 09:04:46,2012-07-16,train,907_12
907,479,265,Mall,40.73405557647634,-73.87084722518921,2012-07-20 18:58:46,2012-07-16,train,907_12
907,4639,6,Home (private),40.686503971003575,-73.88307005845945,2012-07-20 20:46:20,2012-07-16,train,907_12
907,179,121,Park,40.75372797263211,-73.98368835767094,2012-07-21 18:07:09,2012-07-16,train,907_12
911,4846,64,Government Building,40.86839714999204,-73.91249325530697,2012-07-16 16:18:48,2012-07-16,train,911_12
911,4846,64,Government Building,40.86839714999204,-73.91249325530697,2012-07-17 16:28:49,2012-07-16,train,911_12
915,636,252,Food & Drink Shop,40.69001786288236,-73.99341633242287,2012-07-16 18:25:35,2012-07-16,train,915_11
915,1535,146,Movie Theater,40.690525226258906,-73.99196440177379,2012-07-20 18:45:38,2012-07-16,train,915_11
915,1080,141,Bagel Shop,40.69110022909528,-73.99160285211633,2012-07-22 11:10:42,2012-07-16,train,915_11
917,1864,70,Train Station,40.83144349588149,-74.13145065307617,2012-07-16 08:29:10,2012-07-16,train,917_12
917,3883,70,Train Station,40.73490106397246,-74.02931213378906,2012-07-18 08:52:30,2012-07-16,train,917_12
917,3022,222,Coffee Shop,40.73375383743328,-74.00628236760791,2012-07-18 09:05:50,2012-07-16,train,917_12
917,3022,222,Coffee Shop,40.73375383743328,-74.00628236760791,2012-07-20 09:10:34,2012-07-16,train,917_12
922,405,241,Airport,40.645089355976346,-73.7845230102539,2012-07-16 23:41:16,2012-07-16,train,922_12
922,3109,63,Office,40.73930718066654,-73.98940086364746,2012-07-18 10:29:58,2012-07-16,train,922_12
922,91,208,Ramen /  Noodle House,40.73682775975944,-73.99064540863037,2012-07-18 12:27:29,2012-07-16,train,922_12
922,3109,63,Office,40.73930718066654,-73.98940086364746,2012-07-18 12:53:29,2012-07-16,train,922_12
922,3441,100,Vietnamese Restaurant,40.72979057247075,-74.00069303656065,2012-07-20 20:24:56,2012-07-16,train,922_12
923,356,259,Hotel,40.75671463992893,-73.97383443019756,2012-07-16 08:34:34,2012-07-16,train,923_14
923,356,259,Hotel,40.75671463992893,-73.97383443019756,2012-07-17 07:15:45,2012-07-16,train,923_14
923,457,106,Burrito Place,40.774772,-73.954047,2012-07-17 20:09:24,2012-07-16,train,923_14
925,3470,259,Hotel,40.71982701192806,-74.00000095367432,2012-07-17 06:52:31,2012-07-16,train,925_15
925,3470,259,Hotel,40.71982701192806,-74.00000095367432,2012-07-20 10:03:37,2012-07-16,train,925_15
929,3189,264,Subway,40.67396595585016,-73.88071775436401,2012-07-16 08:52:20,2012-07-16,train,929_1
929,1514,264,Subway,40.73977358599364,-74.00257587432861,2012-07-16 09:40:31,2012-07-16,train,929_1
929,3189,264,Subway,40.67396595585016,-73.88071775436401,2012-07-17 10:48:07,2012-07-16,train,929_1
929,3246,80,Building,40.74154412469018,-74.001014398825,2012-07-17 11:47:13,2012-07-16,train,929_1
929,3189,264,Subway,40.67396595585016,-73.88071775436401,2012-07-18 10:48:32,2012-07-16,train,929_1
929,1514,264,Subway,40.73977358599364,-74.00257587432861,2012-07-18 11:34:54,2012-07-16,train,929_1
929,3189,264,Subway,40.67396595585016,-73.88071775436401,2012-07-20 09:42:18,2012-07-16,train,929_1
929,1514,264,Subway,40.73977358599364,-74.00257587432861,2012-07-20 10:24:19,2012-07-16,train,929_1
929,3189,264,Subway,40.67396595585016,-73.88071775436401,2012-07-22 07:02:11,2012-07-16,train,929_1
932,2571,264,Subway,40.61262896356314,-74.00092899799347,2012-07-16 10:10:49,2012-07-16,train,932_12
932,1345,222,Coffee Shop,40.710421,-74.007762,2012-07-16 17:09:50,2012-07-16,train,932_12
932,587,266,Bus Station,40.75722129839836,-73.99154663085938,2012-07-17 09:15:17,2012-07-16,train,932_12
932,587,266,Bus Station,40.75722129839836,-73.99154663085938,2012-07-18 09:08:02,2012-07-16,train,932_12
932,587,266,Bus Station,40.75722129839836,-73.99154663085938,2012-07-20 09:18:10,2012-07-16,train,932_12
932,1247,35,Bookstore,40.733361748251546,-73.99101174565301,2012-07-21 18:40:08,2012-07-16,train,932_12
934,2069,262,Light Rail,40.66130995253368,-74.11637130665052,2012-07-16 00:11:42,2012-07-16,train,934_2
934,2069,262,Light Rail,40.66130995253368,-74.11637130665052,2012-07-16 16:34:53,2012-07-16,train,934_2
934,2312,262,Light Rail,40.72703111110143,-74.0348482131958,2012-07-16 16:59:22,2012-07-16,train,934_2
934,3054,122,Plaza,40.72655953478189,-74.032541513443,2012-07-16 19:36:27,2012-07-16,train,934_2
934,3550,92,Asian Restaurant,40.72678719273266,-74.03197288513182,2012-07-16 19:36:35,2012-07-16,train,934_2
934,3054,122,Plaza,40.72655953478189,-74.032541513443,2012-07-18 19:23:07,2012-07-16,train,934_2
934,3550,92,Asian Restaurant,40.72678719273266,-74.03197288513182,2012-07-18 19:23:26,2012-07-16,train,934_2
934,743,265,Mall,40.72696606629052,-74.0383243560791,2012-07-21 18:19:41,2012-07-16,train,934_2
934,3054,122,Plaza,40.72655953478189,-74.032541513443,2012-07-21 18:26:21,2012-07-16,train,934_2
936,405,241,Airport,40.645089355976346,-73.7845230102539,2012-07-16 05:43:26,2012-07-16,train,936_9
936,4683,48,Bar,40.74769588014885,-73.99444341659546,2012-07-20 19:25:02,2012-07-16,train,936_9
940,2800,96,Deli / Bodega,40.80276513058523,-73.96798610687256,2012-07-16 04:55:16,2012-07-16,train,940_11
940,4989,128,Bakery,40.80323038208842,-73.9670617959612,2012-07-16 12:43:12,2012-07-16,train,940_11
940,2800,96,Deli / Bodega,40.80276513058523,-73.96798610687256,2012-07-16 12:43:29,2012-07-16,train,940_11
940,2800,96,Deli / Bodega,40.80276513058523,-73.96798610687256,2012-07-17 10:59:37,2012-07-16,train,940_11
940,4989,128,Bakery,40.80323038208842,-73.9670617959612,2012-07-18 13:41:55,2012-07-16,train,940_11
940,2800,96,Deli / Bodega,40.80276513058523,-73.96798610687256,2012-07-18 13:42:33,2012-07-16,train,940_11
940,2800,96,Deli / Bodega,40.80276513058523,-73.96798610687256,2012-07-20 09:48:10,2012-07-16,train,940_11
940,2800,96,Deli / Bodega,40.80276513058523,-73.96798610687256,2012-07-22 11:26:46,2012-07-16,train,940_11
943,361,137,Gym / Fitness Center,40.75231,-73.975419,2012-07-16 05:50:15,2012-07-16,train,943_6
943,2833,281,Residential Building (Apartment / Condo),40.75455194816804,-73.97195763083973,2012-07-16 21:21:41,2012-07-16,train,943_6
943,486,147,Movie Theater,40.74276195733468,-73.97692322731018,2012-07-22 10:52:12,2012-07-16,train,943_6
944,4140,62,Automotive Shop,40.907567521272114,-74.16476366797684,2012-07-16 10:33:08,2012-07-16,train,944_1
944,2106,254,Department Store,40.91552327277213,-74.06089782714844,2012-07-16 15:10:53,2012-07-16,train,944_1
944,4111,270,Parking,40.91864443026314,-74.07766103571305,2012-07-17 13:11:58,2012-07-16,train,944_1
948,207,214,Bar,40.73369431021343,-74.00212123990059,2012-07-16 20:19:06,2012-07-16,train,948_7
948,347,214,Bar,40.742593,-74.000588,2012-07-16 21:14:28,2012-07-16,train,948_7
948,244,214,Bar,40.731895408411134,-73.98397571726198,2012-07-17 01:08:53,2012-07-16,train,948_7
954,2753,264,Subway,40.816188,-73.917947,2012-07-16 07:22:25,2012-07-16,train,954_15
954,1522,264,Subway,40.71037756449118,-74.00755405426025,2012-07-16 18:26:22,2012-07-16,train,954_15
954,2753,264,Subway,40.816188,-73.917947,2012-07-17 07:20:23,2012-07-16,train,954_15
954,4890,96,Deli / Bodega,40.82161194372715,-73.91215452192912,2012-07-17 07:20:37,2012-07-16,train,954_15
954,1522,264,Subway,40.71037756449118,-74.00755405426025,2012-07-17 18:45:10,2012-07-16,train,954_15
954,1241,222,Coffee Shop,40.70964742200671,-74.01051729615469,2012-07-17 18:46:36,2012-07-16,train,954_15
957,254,121,Park,40.74706188749892,-74.00519371032715,2012-07-16 20:56:22,2012-07-16,train,957_13
957,1518,130,Burger Joint,40.74018614201558,-74.00571426030355,2012-07-16 21:13:24,2012-07-16,train,957_13
957,1235,137,Gym / Fitness Center,40.738949,-73.989828,2012-07-17 14:32:48,2012-07-16,train,957_13
959,4104,96,Deli / Bodega,40.79437893161566,-73.94883189698274,2012-07-20 08:52:48,2012-07-16,train,959_7
959,1629,101,Wings Joint,40.91156668243868,-73.78010272979736,2012-07-20 21:11:27,2012-07-16,train,959_7
960,2615,257,Road,40.815108415605984,-73.83662223815918,2012-07-17 19:19:53,2012-07-16,train,960_10
960,4678,63,Office,40.74037377756915,-73.98467588824637,2012-07-18 09:10:55,2012-07-16,train,960_10
960,702,157,Stadium,40.75645736467708,-73.8460636138916,2012-07-20 19:46:28,2012-07-16,train,960_10
963,475,63,Office,40.74106165791133,-74.0025638164589,2012-07-16 13:01:47,2012-07-16,train,963_10
963,640,137,Gym / Fitness Center,40.72424,-73.997779,2012-07-16 20:13:18,2012-07-16,train,963_10
963,640,137,Gym / Fitness Center,40.72424,-73.997779,2012-07-17 20:49:57,2012-07-16,train,963_10
963,640,137,Gym / Fitness Center,40.72424,-73.997779,2012-07-18 20:01:46,2012-07-16,train,963_10
964,625,122,Plaza,40.756489872673846,-73.98626804351807,2012-07-16 14:29:50,2012-07-16,train,964_7
964,3038,301,Neighborhood,40.63382181425697,-74.0152359008789,2012-07-17 00:59:39,2012-07-16,train,964_7
964,2949,85,Theater,40.76082902803841,-73.98788401609518,2012-07-17 19:38:26,2012-07-16,train,964_7
964,625,122,Plaza,40.756489872673846,-73.98626804351807,2012-07-18 15:10:18,2012-07-16,train,964_7
968,1166,128,Bakery,40.69375934315463,-73.9867591687836,2012-07-16 13:30:01,2012-07-16,train,968_4
968,511,102,American Restaurant,40.74077282099758,-74.00689638067608,2012-07-20 21:29:31,2012-07-16,train,968_4
968,1346,131,Café,40.765533903239714,-73.98030264734459,2012-07-21 20:15:19,2012-07-16,train,968_4
968,2052,222,Coffee Shop,40.76467118377428,-73.9768820378688,2012-07-22 10:32:27,2012-07-16,train,968_4
972,1361,222,Coffee Shop,40.71388620551895,-74.00896220456364,2012-07-16 07:23:32,2012-07-16,train,972_13
972,2802,61,Office,40.71942993955881,-74.034054441765,2012-07-16 13:32:38,2012-07-16,train,972_13
972,1361,222,Coffee Shop,40.71388620551895,-74.00896220456364,2012-07-17 07:15:07,2012-07-16,train,972_13
972,416,97,Diner,40.7594122094148,-73.9917807575885,2012-07-18 18:59:34,2012-07-16,train,972_13
972,3857,131,Café,40.756135136658735,-73.99784092283586,2012-07-22 08:45:03,2012-07-16,train,972_13
972,4698,222,Coffee Shop,40.74247745309511,-74.00684595108032,2012-07-22 11:04:30,2012-07-16,train,972_13
973,647,239,Airport,40.64557779020594,-73.77643346786499,2012-07-17 01:05:58,2012-07-16,train,973_14
973,3600,6,Home (private),40.72384335809647,-73.73013313667236,2012-07-17 03:23:57,2012-07-16,train,973_14
974,2203,42,Food & Drink Shop,40.87698509068455,-74.06686305999756,2012-07-17 06:41:00,2012-07-16,train,974_15
974,4291,138,Gym / Fitness Center,40.94709963333333,-74.072561,2012-07-18 18:04:50,2012-07-16,train,974_15
975,631,61,Office,40.75615654510666,-73.99319251774303,2012-07-16 09:32:42,2012-07-16,train,975_9
975,0,235,Music Venue,40.73359624463056,-74.00313913822174,2012-07-17 20:38:13,2012-07-16,train,975_9
975,631,61,Office,40.75615654510666,-73.99319251774303,2012-07-18 09:35:20,2012-07-16,train,975_9
975,1130,61,Office,40.75628266864383,-73.9934220712574,2012-07-18 09:35:27,2012-07-16,train,975_9
975,5010,120,Other Great Outdoors,40.74696317219398,-73.96962165011914,2012-07-18 17:32:26,2012-07-16,train,975_9
975,787,138,Gym / Fitness Center,40.746639222374434,-73.98150444030762,2012-07-18 20:41:30,2012-07-16,train,975_9
975,1130,61,Office,40.75628266864383,-73.9934220712574,2012-07-20 09:32:41,2012-07-16,train,975_9
980,888,97,Diner,40.737604,-73.997361,2012-07-16 18:26:13,2012-07-16,train,980_13
980,2029,138,Gym / Fitness Center,40.86453987872689,-73.92629470350731,2012-07-17 10:57:33,2012-07-16,train,980_13
980,1132,315,Office,40.738154694458274,-74.00123246576868,2012-07-18 17:45:16,2012-07-16,train,980_13
982,3353,266,Bus Station,40.70253724602918,-73.79992961883545,2012-07-16 20:19:00,2012-07-16,train,982_13
982,4589,301,Neighborhood,40.703768122633,-73.71324051534808,2012-07-16 21:47:00,2012-07-16,train,982_13
982,4791,139,Medical Center,40.77846185063751,-73.96112693603378,2012-07-17 09:38:21,2012-07-16,train,982_13
985,4998,39,Beer Garden,40.76094971456963,-73.96321621123305,2012-07-16 13:07:34,2012-07-16,train,985_14
985,4018,37,Bar,40.742201076382784,-73.955819606781,2012-07-16 13:29:02,2012-07-16,train,985_14
985,4018,37,Bar,40.742201076382784,-73.955819606781,2012-07-16 18:04:24,2012-07-16,train,985_14
985,4998,39,Beer Garden,40.76094971456963,-73.96321621123305,2012-07-17 08:38:02,2012-07-16,train,985_14
985,1104,222,Coffee Shop,40.74627135089917,-73.97983776942861,2012-07-20 10:27:32,2012-07-16,train,985_14
985,4998,39,Beer Garden,40.76094971456963,-73.96321621123305,2012-07-20 10:47:16,2012-07-16,train,985_14
991,722,183,University,40.81965536288057,-73.9500904083252,2012-07-18 14:34:07,2012-07-16,train,991_12
991,431,42,Food & Drink Shop,40.733862715125255,-73.98791845009258,2012-07-20 18:45:34,2012-07-16,train,991_12
991,894,222,Coffee Shop,40.73512485197505,-73.99009925734258,2012-07-21 17:58:10,2012-07-16,train,991_12
991,406,147,Movie Theater,40.73416736029532,-73.99048715829849,2012-07-21 18:48:22,2012-07-16,train,991_12
992,1620,163,Medical Center,40.77696675093165,-73.70148181915283,2012-07-16 02:04:39,2012-07-16,train,992_1
992,1620,163,Medical Center,40.77696675093165,-73.70148181915283,2012-07-16 23:55:09,2012-07-16,train,992_1
994,4574,6,Home (private),40.734244168871975,-73.87130987645999,2012-07-16 09:14:33,2012-07-16,train,994_8
994,4707,257,Road,40.73303549519931,-73.87093374571728,2012-07-16 09:18:36,2012-07-16,train,994_8
994,2458,257,Road,40.707644944175705,-73.85936737060547,2012-07-16 09:21:00,2012-07-16,train,994_8
994,2458,257,Road,40.707644944175705,-73.85936737060547,2012-07-16 09:23:51,2012-07-16,train,994_8
994,3719,257,Road,40.70272015079728,-73.8551068894733,2012-07-16 09:25:38,2012-07-16,train,994_8
994,4892,257,Road,40.70111334074296,-73.84200684861939,2012-07-16 09:27:38,2012-07-16,train,994_8
994,4574,6,Home (private),40.734244168871975,-73.87130987645999,2012-07-17 09:37:30,2012-07-16,train,994_8
994,2458,257,Road,40.707644944175705,-73.85936737060547,2012-07-17 09:39:39,2012-07-16,train,994_8
994,2458,257,Road,40.707644944175705,-73.85936737060547,2012-07-17 09:42:23,2012-07-16,train,994_8
995,2869,301,Neighborhood,40.77352187640244,-73.95678520202637,2012-07-16 01:14:06,2012-07-16,train,995_9
995,3856,301,Neighborhood,40.72540497175607,-73.83224487304688,2012-07-16 12:20:27,2012-07-16,train,995_9
995,3747,128,Bakery,40.76425843924171,-73.95432515541168,2012-07-16 20:01:24,2012-07-16,train,995_9
995,4502,6,Home (private),40.66624695097502,-73.74190167904314,2012-07-17 07:11:22,2012-07-16,train,995_9
995,5010,120,Other Great Outdoors,40.74696317219398,-73.96962165011914,2012-07-18 17:02:30,2012-07-16,train,995_9
996,4821,202,Pizza Place,40.72388895797761,-73.9504850570081,2012-07-16 22:55:05,2012-07-16,train,996_14
996,2708,240,Airport,40.69881195801446,-73.8087272644043,2012-07-22 08:02:45,2012-07-16,train,996_14
996,405,241,Airport,40.645089355976346,-73.7845230102539,2012-07-22 08:20:35,2012-07-16,train,996_14
996,880,239,Airport,40.643965943682936,-73.78272056579588,2012-07-22 08:20:50,2012-07-16,train,996_14
998,1091,134,Event Space,40.75985073933092,-73.98114631180196,2012-07-18 09:25:13,2012-07-16,train,998_11
998,357,70,Train Station,40.750794799423865,-73.99357639021292,2012-07-20 09:08:05,2012-07-16,train,998_11
998,4393,6,Home (private),40.71817725945528,-74.17684116064805,2012-07-22 11:07:06,2012-07-16,train,998_11
1003,726,70,Train Station,40.805144639820114,-73.93914699554443,2012-07-17 08:39:09,2012-07-16,train,1003_10
1003,349,70,Train Station,40.75280620914171,-73.97717535495758,2012-07-17 11:43:24,2012-07-16,train,1003_10
1003,113,206,Seafood Restaurant,40.75250498676928,-73.97758003761531,2012-07-21 18:35:17,2012-07-16,train,1003_10
1003,1249,222,Coffee Shop,40.714671455569125,-73.8319444656372,2012-07-22 08:38:35,2012-07-16,train,1003_10
1004,1872,98,Donut Shop,40.72935205409404,-74.00692507282733,2012-07-16 09:00:48,2012-07-16,train,1004_10
1004,1757,61,Office,40.72852752666652,-74.00748169970981,2012-07-16 09:06:02,2012-07-16,train,1004_10
1004,817,138,Gym / Fitness Center,40.7292388125015,-74.00527239790054,2012-07-17 07:29:10,2012-07-16,train,1004_10
1004,1872,98,Donut Shop,40.72935205409404,-74.00692507282733,2012-07-17 09:07:28,2012-07-16,train,1004_10
1004,1757,61,Office,40.72852752666652,-74.00748169970981,2012-07-17 13:21:01,2012-07-16,train,1004_10
1004,1872,98,Donut Shop,40.72935205409404,-74.00692507282733,2012-07-18 08:32:01,2012-07-16,train,1004_10
1005,971,221,Bridge,40.705953265881305,-73.99656772613525,2012-07-16 08:53:06,2012-07-16,train,1005_8
1005,1603,151,Stadium,40.75051626137434,-73.9934992790222,2012-07-16 09:55:54,2012-07-16,train,1005_8
1005,1281,264,Subway,40.747614599377656,-73.883957862854,2012-07-16 13:50:12,2012-07-16,train,1005_8
1005,4943,6,Home (private),40.745804297147984,-73.88307005845945,2012-07-17 09:06:10,2012-07-16,train,1005_8
1005,3143,264,Subway,40.7300987360962,-73.86145271602658,2012-07-18 17:39:30,2012-07-16,train,1005_8
1005,3535,258,Food & Drink Shop,40.72995819516785,-73.86079230018461,2012-07-18 17:39:56,2012-07-16,train,1005_8
1005,4942,80,Building,40.72927158036276,-73.85851241279677,2012-07-18 17:40:33,2012-07-16,train,1005_8
1007,3991,281,Residential Building (Apartment / Condo),40.80095258965738,-73.95901467876513,2012-07-17 07:13:35,2012-07-16,train,1007_8
1007,3991,281,Residential Building (Apartment / Condo),40.80095258965738,-73.95901467876513,2012-07-18 09:26:41,2012-07-16,train,1007_8
1009,1264,26,Drugstore / Pharmacy,40.77943748615269,-73.97724361523622,2012-07-16 09:55:17,2012-07-16,train,1009_7
1009,3832,266,Bus Station,40.84853929878217,-73.93785065257472,2012-07-16 18:43:49,2012-07-16,train,1009_7
1009,4343,195,Molecular Gastronomy Restaurant,40.868112,-73.96659,2012-07-16 19:39:19,2012-07-16,train,1009_7
1009,4343,195,Molecular Gastronomy Restaurant,40.868112,-73.96659,2012-07-16 20:36:42,2012-07-16,train,1009_7
1009,1296,132,Fast Food Restaurant,40.85577270695202,-73.9667805543053,2012-07-17 10:56:08,2012-07-16,train,1009_7
1009,1264,26,Drugstore / Pharmacy,40.77943748615269,-73.97724361523622,2012-07-18 13:07:36,2012-07-16,train,1009_7
1009,4839,294,River,40.868138,-73.966478,2012-07-20 10:10:03,2012-07-16,train,1009_7
1009,3832,266,Bus Station,40.84853929878217,-73.93785065257472,2012-07-20 20:36:40,2012-07-16,train,1009_7
1009,4237,6,Home (private),40.81024606751669,-73.98887973002674,2012-07-21 18:43:55,2012-07-16,train,1009_7
1009,1296,132,Fast Food Restaurant,40.85577270695202,-73.9667805543053,2012-07-22 10:37:49,2012-07-16,train,1009_7
1011,1046,42,Food & Drink Shop,40.67003926666667,-73.944317,2012-07-17 07:50:44,2012-07-16,train,1011_12
1011,1282,178,General College & University,40.67001796521196,-73.9442110101535,2012-07-17 07:51:02,2012-07-16,train,1011_12
1011,4150,6,Home (private),40.66521166066117,-73.94186034276925,2012-07-17 07:51:10,2012-07-16,train,1011_12
1011,3754,257,Road,40.66988610830078,-73.93123749622983,2012-07-17 07:51:20,2012-07-16,train,1011_12
1011,2838,301,Neighborhood,40.66911608150882,-73.94283771514893,2012-07-17 07:51:27,2012-07-16,train,1011_12
1011,965,148,Museum,40.669202,-73.94220592,2012-07-17 07:51:53,2012-07-16,train,1011_12
1011,3754,257,Road,40.66988610830078,-73.93123749622983,2012-07-17 07:54:11,2012-07-16,train,1011_12
1013,1840,66,Arts & Crafts Store,40.75245875985304,-73.90979290008545,2012-07-16 14:01:47,2012-07-16,train,1013_6
1013,599,85,Theater,40.76279561547783,-73.98758098483086,2012-07-16 17:48:11,2012-07-16,train,1013_6
1013,625,122,Plaza,40.756489872673846,-73.98626804351807,2012-07-16 18:04:58,2012-07-16,train,1013_6
1013,624,122,Plaza,40.75875624280933,-73.97866122153226,2012-07-16 18:23:12,2012-07-16,train,1013_6
1013,479,265,Mall,40.73405557647634,-73.87084722518921,2012-07-17 13:17:44,2012-07-16,train,1013_6
1013,2228,265,Mall,40.7331450394645,-73.86301517486572,2012-07-17 20:11:34,2012-07-16,train,1013_6
1015,4965,8,Medical Center,40.74733337781301,-73.97501674700247,2012-07-16 12:48:41,2012-07-16,train,1015_3
1015,357,70,Train Station,40.750794799423865,-73.99357639021292,2012-07-16 18:23:20,2012-07-16,train,1015_3
1015,3506,217,Soup Place,40.62409392010494,-73.9651390131865,2012-07-17 18:54:34,2012-07-16,train,1015_3
1015,3679,82,Spiritual Center,40.626092418323694,-73.96528250510065,2012-07-17 20:27:29,2012-07-16,train,1015_3
1015,3506,217,Soup Place,40.62409392010494,-73.9651390131865,2012-07-18 19:57:03,2012-07-16,train,1015_3
1015,3679,82,Spiritual Center,40.626092418323694,-73.96528250510065,2012-07-18 20:28:04,2012-07-16,train,1015_3
1019,4945,6,Home (private),40.72966216538398,-74.04763775758458,2012-07-16 07:26:51,2012-07-16,train,1019_15
1019,2749,61,Office,40.91085000393453,-74.03146676029525,2012-07-16 12:58:26,2012-07-16,train,1019_15
1019,3147,257,Road,40.7395,-74.06545,2012-07-16 18:24:28,2012-07-16,train,1019_15
1019,2749,61,Office,40.91085000393453,-74.03146676029525,2012-07-17 08:29:04,2012-07-16,train,1019_15
1019,1292,265,Mall,40.95634251626308,-74.06902771574032,2012-07-17 14:04:15,2012-07-16,train,1019_15
1019,2749,61,Office,40.91085000393453,-74.03146676029525,2012-07-17 14:47:49,2012-07-16,train,1019_15
1019,2222,102,American Restaurant,40.72906876666666,-74.04480209,2012-07-17 20:49:29,2012-07-16,train,1019_15
1019,2749,61,Office,40.91085000393453,-74.03146676029525,2012-07-18 08:39:28,2012-07-16,train,1019_15
1019,2929,317,City,40.85085849545148,-73.97017478942871,2012-07-18 09:54:05,2012-07-16,train,1019_15
1019,1696,76,Ferry,40.75944803383743,-74.00562286376953,2012-07-18 11:10:29,2012-07-16,train,1019_15
1019,287,310,Concert Hall,40.759977459293175,-73.98071587121497,2012-07-18 11:26:05,2012-07-16,train,1019_15
1019,1662,159,Art Museum,40.761396839012,-73.97698574930376,2012-07-18 11:28:46,2012-07-16,train,1019_15
1019,1696,76,Ferry,40.75944803383743,-74.00562286376953,2012-07-18 16:27:44,2012-07-16,train,1019_15
1019,1070,76,Ferry,40.77662552133105,-74.01072978973389,2012-07-18 16:55:58,2012-07-16,train,1019_15
1019,1844,44,Food & Drink Shop,40.731145066213685,-74.04147863388062,2012-07-18 18:17:37,2012-07-16,train,1019_15
1019,4945,6,Home (private),40.72966216538398,-74.04763775758458,2012-07-18 20:26:37,2012-07-16,train,1019_15
1019,2749,61,Office,40.91085000393453,-74.03146676029525,2012-07-20 09:57:50,2012-07-16,train,1019_15
1023,1101,254,Department Store,40.73215319032559,-74.03588891029358,2012-07-16 09:29:36,2012-07-16,train,1023_10
1023,4171,6,Home (private),40.72800078468092,-74.03588760058483,2012-07-17 00:07:51,2012-07-16,train,1023_10
1023,916,221,Bridge,40.705888200473375,-73.9900016784668,2012-07-18 10:16:27,2012-07-16,train,1023_10
1027,3197,6,Home (private),40.86107855194721,-73.93010370763155,2012-07-16 05:57:42,2012-07-16,train,1027_15
1027,4739,61,Office,40.7533563254318,-73.9873330712967,2012-07-16 17:36:19,2012-07-16,train,1027_15
1027,1413,139,Medical Center,40.74307504719547,-74.00298846947285,2012-07-16 18:20:08,2012-07-16,train,1027_15
1027,3197,6,Home (private),40.86107855194721,-73.93010370763155,2012-07-16 21:41:24,2012-07-16,train,1027_15
1027,1728,264,Subway,40.85895411971588,-73.93261525573462,2012-07-17 07:57:05,2012-07-16,train,1027_15
1027,4875,31,Bar,40.7538425238151,-73.98741915652569,2012-07-17 08:30:36,2012-07-16,train,1027_15
1027,4739,61,Office,40.7533563254318,-73.9873330712967,2012-07-17 14:12:00,2012-07-16,train,1027_15
1027,1413,139,Medical Center,40.74307504719547,-74.00298846947285,2012-07-17 18:03:47,2012-07-16,train,1027_15
1027,1413,139,Medical Center,40.74307504719547,-74.00298846947285,2012-07-18 18:05:58,2012-07-16,train,1027_15
1027,1728,264,Subway,40.85895411971588,-73.93261525573462,2012-07-18 19:23:33,2012-07-16,train,1027_15
1027,3197,6,Home (private),40.86107855194721,-73.93010370763155,2012-07-18 19:40:37,2012-07-16,train,1027_15
1027,3197,6,Home (private),40.86107855194721,-73.93010370763155,2012-07-22 10:36:19,2012-07-16,train,1027_15
1029,4767,222,Coffee Shop,40.75870179473494,-73.97852921814837,2012-07-16 09:14:49,2012-07-16,train,1029_12
1029,1503,61,Office,40.75765508018656,-73.97559642394698,2012-07-16 09:21:50,2012-07-16,train,1029_12
1029,731,147,Movie Theater,40.774697291507216,-73.98194979831837,2012-07-16 19:14:21,2012-07-16,train,1029_12
1029,2307,61,Office,40.75657617084964,-73.97818486106819,2012-07-17 08:24:36,2012-07-16,train,1029_12
1029,4767,222,Coffee Shop,40.75870179473494,-73.97852921814837,2012-07-17 08:25:03,2012-07-16,train,1029_12
1029,1503,61,Office,40.75765508018656,-73.97559642394698,2012-07-17 08:32:59,2012-07-16,train,1029_12
1029,1503,61,Office,40.75765508018656,-73.97559642394698,2012-07-18 09:04:57,2012-07-16,train,1029_12
1029,4767,222,Coffee Shop,40.75870179473494,-73.97852921814837,2012-07-20 09:00:29,2012-07-16,train,1029_12
1029,1503,61,Office,40.75765508018656,-73.97559642394698,2012-07-20 09:05:32,2012-07-16,train,1029_12
1034,3006,61,Office,40.838915391622365,-74.18075406522664,2012-07-16 08:34:53,2012-07-16,train,1034_13
1034,4133,281,Residential Building (Apartment / Condo),40.76926045164202,-74.1994431351561,2012-07-16 17:40:07,2012-07-16,train,1034_13
1034,1777,42,Food & Drink Shop,40.8377843193101,-74.1840505873695,2012-07-17 11:03:51,2012-07-16,train,1034_13
1034,2760,79,Hotel,40.769253995481485,-74.1994603328166,2012-07-17 18:52:02,2012-07-16,train,1034_13
1034,4133,281,Residential Building (Apartment / Condo),40.76926045164202,-74.1994431351561,2012-07-18 17:39:41,2012-07-16,train,1034_13
1034,3006,61,Office,40.838915391622365,-74.18075406522664,2012-07-20 09:28:46,2012-07-16,train,1034_13
1034,4781,6,Home (private),40.78407280625795,-74.22380201337529,2012-07-20 20:29:18,2012-07-16,train,1034_13
1034,4133,281,Residential Building (Apartment / Condo),40.76926045164202,-74.1994431351561,2012-07-22 09:25:46,2012-07-16,train,1034_13
1037,1226,222,Coffee Shop,40.74895376869637,-73.99225708433067,2012-07-17 15:01:51,2012-07-16,train,1037_1
1037,861,254,Department Store,40.87364275972925,-73.90811920166016,2012-07-17 18:07:41,2012-07-16,train,1037_1
1042,2979,264,Subway,40.6782621941429,-73.89171481132507,2012-07-16 04:23:20,2012-07-16,train,1042_15
1042,2979,264,Subway,40.6782621941429,-73.89171481132507,2012-07-17 04:24:21,2012-07-16,train,1042_15
1042,4662,281,Residential Building (Apartment / Condo),40.70742661894483,-73.96012246874868,2012-07-18 16:02:42,2012-07-16,train,1042_15
1042,2979,264,Subway,40.6782621941429,-73.89171481132507,2012-07-22 08:57:55,2012-07-16,train,1042_15
1042,4662,281,Residential Building (Apartment / Condo),40.70742661894483,-73.96012246874868,2012-07-22 09:36:25,2012-07-16,train,1042_15
1043,736,222,Coffee Shop,40.74696599525917,-73.98107170216927,2012-07-16 08:15:25,2012-07-16,train,1043_10
1043,3795,275,Arts & Entertainment,40.7465648747259,-73.98202440761015,2012-07-16 08:25:01,2012-07-16,train,1043_10
1043,3795,275,Arts & Entertainment,40.7465648747259,-73.98202440761015,2012-07-17 08:23:55,2012-07-16,train,1043_10
1044,3259,242,Spa / Massage,40.75966677805516,-73.97619331719345,2012-07-17 17:22:46,2012-07-16,train,1044_6
1044,34,50,Bar,40.71998484765193,-73.98781514808185,2012-07-21 18:35:02,2012-07-16,train,1044_6
1045,2457,61,Office,40.75139188118492,-73.98998447863148,2012-07-16 08:28:55,2012-07-16,train,1045_13
1045,2457,61,Office,40.75139188118492,-73.98998447863148,2012-07-18 09:15:20,2012-07-16,train,1045_13
1048,2301,119,Other Great Outdoors,40.79635422265448,-73.94995602401873,2012-07-17 07:15:24,2012-07-16,train,1048_13
1048,2301,119,Other Great Outdoors,40.79635422265448,-73.94995602401873,2012-07-18 08:22:22,2012-07-16,train,1048_13
1048,1682,58,Electronics Store,40.77473050116933,-73.98209327769995,2012-07-22 10:00:37,2012-07-16,train,1048_13
1052,4244,301,Neighborhood,40.669929843442304,-73.81906986236572,2012-07-16 03:21:31,2012-07-16,train,1052_14
1052,4301,257,Road,40.67583311060811,-73.81928503219687,2012-07-16 03:22:37,2012-07-16,train,1052_14
1052,3128,73,Bus Station,40.67209207473571,-73.8066996080942,2012-07-16 03:22:59,2012-07-16,train,1052_14
1052,4882,245,General Entertainment,40.67178890039381,-73.80651578950645,2012-07-16 03:23:18,2012-07-16,train,1052_14
1052,4362,231,Campground,40.67172008474036,-73.8066029548645,2012-07-16 03:23:34,2012-07-16,train,1052_14
1052,3935,55,Bar,40.677160037990255,-73.80491885836852,2012-07-16 03:23:59,2012-07-16,train,1052_14
1052,4000,262,Light Rail,40.74870949127519,-73.92597321669481,2012-07-16 14:19:11,2012-07-16,train,1052_14
1052,4797,71,Train Station,40.74739874050452,-73.93213304102109,2012-07-16 14:20:08,2012-07-16,train,1052_14
1052,3017,80,Building,40.81592964912693,-73.95819387690405,2012-07-16 20:38:32,2012-07-16,train,1052_14
1052,1917,264,Subway,40.82650767315227,-73.95039081573486,2012-07-16 20:39:39,2012-07-16,train,1052_14
1052,3988,121,Park,40.82701341208743,-73.95469251508553,2012-07-16 20:40:27,2012-07-16,train,1052_14
1052,4439,225,Athletic & Sport,40.82644009789967,-73.9559323488261,2012-07-16 20:41:34,2012-07-16,train,1052_14
1052,884,121,Park,40.82540355725982,-73.95661354064941,2012-07-16 20:42:51,2012-07-16,train,1052_14
1052,3856,301,Neighborhood,40.72540497175607,-73.83224487304688,2012-07-17 00:39:46,2012-07-16,train,1052_14
1052,2481,264,Subway,40.713809998131545,-73.83071483139443,2012-07-17 00:40:06,2012-07-16,train,1052_14
1052,4301,257,Road,40.67583311060811,-73.81928503219687,2012-07-17 01:03:26,2012-07-16,train,1052_14
1052,4244,301,Neighborhood,40.669929843442304,-73.81906986236572,2012-07-17 01:04:40,2012-07-16,train,1052_14
1052,4362,231,Campground,40.67172008474036,-73.8066029548645,2012-07-17 01:29:22,2012-07-16,train,1052_14
1052,4882,245,General Entertainment,40.67178890039381,-73.80651578950645,2012-07-17 01:29:48,2012-07-16,train,1052_14
1052,5010,120,Other Great Outdoors,40.74696317219398,-73.96962165011914,2012-07-18 19:07:15,2012-07-16,train,1052_14
1054,2103,264,Subway,40.6930853448663,-73.92848253250122,2012-07-16 12:57:15,2012-07-16,train,1054_12
1054,2098,264,Subway,40.69783672870847,-73.92736598127738,2012-07-16 14:18:58,2012-07-16,train,1054_12
1054,3344,266,Bus Station,40.70607071394375,-73.89598649502742,2012-07-16 15:53:17,2012-07-16,train,1054_12
1054,4195,6,Home (private),40.69321217941903,-73.93010370763156,2012-07-17 16:28:51,2012-07-16,train,1054_12
1054,3344,266,Bus Station,40.70607071394375,-73.89598649502742,2012-07-18 11:04:22,2012-07-16,train,1054_12
1054,4350,73,Bus Station,40.69515682857844,-73.92620859102044,2012-07-18 14:01:35,2012-07-16,train,1054_12
1054,2369,78,Library,40.69412731867923,-73.92616840518015,2012-07-18 15:49:42,2012-07-16,train,1054_12
1054,5010,120,Other Great Outdoors,40.74696317219398,-73.96962165011914,2012-07-18 16:59:34,2012-07-16,train,1054_12
1054,2098,264,Subway,40.69783672870847,-73.92736598127738,2012-07-18 18:39:40,2012-07-16,train,1054_12
1058,535,222,Coffee Shop,40.73819586330371,-74.00347050688761,2012-07-21 18:47:41,2012-07-16,train,1058_3
1058,2912,264,Subway,40.68036952800187,-73.94965589046478,2012-07-21 20:09:43,2012-07-16,train,1058_3
1067,284,260,Food & Drink Shop,40.74193085348367,-74.00498547371578,2012-07-18 10:33:11,2012-07-16,train,1067_0
1067,593,128,Bakery,40.77984275934918,-73.98056030273438,2012-07-20 08:52:50,2012-07-16,train,1067_0
1067,593,128,Bakery,40.77984275934918,-73.98056030273438,2012-07-20 08:55:49,2012-07-16,train,1067_0
1067,5011,281,Residential Building (Apartment / Condo),40.93460889331033,-73.90130325973576,2012-07-20 09:50:08,2012-07-16,train,1067_0
1069,3932,139,Medical Center,40.88955858318924,-73.97570547188988,2012-07-17 08:55:08,2012-07-16,train,1069_12
1069,3932,139,Medical Center,40.88955858318924,-73.97570547188988,2012-07-18 10:00:45,2012-07-16,train,1069_12
1069,3769,8,Medical Center,40.88955564775923,-73.97585469529054,2012-07-18 10:00:51,2012-07-16,train,1069_12
1069,4430,6,Home (private),40.94009178576504,-74.00063278107605,2012-07-18 17:27:24,2012-07-16,train,1069_12
1069,2713,6,Home (private),40.7625386814685,-74.00063278107605,2012-07-18 17:27:30,2012-07-16,train,1069_12
1069,3932,139,Medical Center,40.88955858318924,-73.97570547188988,2012-07-20 08:49:14,2012-07-16,train,1069_12
1069,3769,8,Medical Center,40.88955564775923,-73.97585469529054,2012-07-20 08:49:19,2012-07-16,train,1069_12
1069,2239,19,Bank,40.931745323614464,-73.99589549293981,2012-07-20 19:45:51,2012-07-16,train,1069_12
1069,2727,222,Coffee Shop,40.94041965790143,-73.99327286150431,2012-07-20 20:03:34,2012-07-16,train,1069_12
1070,2559,259,Hotel,40.75213254495619,-73.99146511873424,2012-07-16 04:50:47,2012-07-16,train,1070_15
1070,2971,259,Hotel,40.75850533742767,-73.98914337158203,2012-07-16 08:57:47,2012-07-16,train,1070_15
1070,2971,259,Hotel,40.75850533742767,-73.98914337158203,2012-07-16 09:23:02,2012-07-16,train,1070_15
1070,2663,259,Hotel,40.667260667168485,-73.7982988357544,2012-07-16 09:38:01,2012-07-16,train,1070_15
1070,2663,259,Hotel,40.667260667168485,-73.7982988357544,2012-07-16 09:48:11,2012-07-16,train,1070_15
1070,3499,239,Airport,40.644079913907895,-73.78239870071411,2012-07-16 10:11:23,2012-07-16,train,1070_15
1070,4512,259,Hotel,40.74954092693113,-73.97773325443268,2012-07-16 10:35:37,2012-07-16,train,1070_15
1070,2559,259,Hotel,40.75213254495619,-73.99146511873424,2012-07-16 11:35:53,2012-07-16,train,1070_15
1070,4512,259,Hotel,40.74954092693113,-73.97773325443268,2012-07-16 22:02:41,2012-07-16,train,1070_15
1070,4512,259,Hotel,40.74954092693113,-73.97773325443268,2012-07-17 02:01:37,2012-07-16,train,1070_15
1070,4512,259,Hotel,40.74954092693113,-73.97773325443268,2012-07-17 02:22:16,2012-07-16,train,1070_15
1070,4512,259,Hotel,40.74954092693113,-73.97773325443268,2012-07-17 11:35:09,2012-07-16,train,1070_15
1070,2663,259,Hotel,40.667260667168485,-73.7982988357544,2012-07-18 09:26:58,2012-07-16,train,1070_15
1070,2663,259,Hotel,40.667260667168485,-73.7982988357544,2012-07-18 20:51:38,2012-07-16,train,1070_15
1070,2971,259,Hotel,40.75850533742767,-73.98914337158203,2012-07-19 09:24:46,2012-07-16,train,1070_15
1070,2663,259,Hotel,40.667260667168485,-73.7982988357544,2012-07-21 10:27:36,2012-07-16,train,1070_15
1072,1475,241,Airport,40.773839,-73.87122,2012-07-16 08:56:10,2012-07-16,train,1072_13
1072,3296,83,Church,40.5995660957568,-73.97390904263783,2012-07-22 10:13:51,2012-07-16,train,1072_13
1072,1928,222,Coffee Shop,40.619196108296535,-73.99012221307656,2012-07-22 11:08:37,2012-07-16,train,1072_13
1074,1385,61,Office,40.70283941552312,-73.98913511403559,2012-07-16 14:02:05,2012-07-16,train,1074_12
1074,1385,61,Office,40.70283941552312,-73.98913511403559,2012-07-17 16:21:16,2012-07-16,train,1074_12
1079,192,121,Park,40.73528249691621,-73.99040315158283,2012-07-16 13:35:55,2012-07-16,train,1079_12
1079,2192,222,Coffee Shop,40.77702130253044,-73.94996844601872,2012-07-17 12:34:04,2012-07-16,train,1079_12
