user_index,poi_index,cat_index,POI_catname,latitude,longitude,local_time,week_start,split_week,session_id
0,565,310,Concert Hall,40.76950686568525,-73.99265306590263,2012-06-08 20:39:53,2012-06-04,train,0_5
0,3730,255,Flea Market,40.72059136642329,-73.96331906318665,2012-06-10 15:44:25,2012-06-04,train,0_5
0,570,39,Beer Garden,40.71653437713537,-73.96144836446048,2012-06-10 16:07:53,2012-06-04,train,0_5
0,3530,133,Hot Dog Joint,40.717006,-73.956565,2012-06-10 19:18:56,2012-06-04,train,0_5
1,1247,35,Bookstore,40.73316247409845,-73.99104044018358,2012-06-04 20:06:08,2012-06-04,train,1_6
1,2960,95,Chinese Restaurant,40.72770626274386,-73.985601,2012-06-04 20:20:08,2012-06-04,train,1_6
1,3858,117,Other Great Outdoors,40.7721081261999,-73.97590398788452,2012-06-09 15:49:40,2012-06-04,train,1_6
1,2712,121,Park,40.8605409907872,-73.93363134709895,2012-06-09 20:08:46,2012-06-04,train,1_6
1,1334,222,Coffee Shop,40.73500513446808,-73.99326138382618,2012-06-10 18:12:51,2012-06-04,train,1_6
3,1002,70,Train Station,40.69902344282463,-73.81001472473143,2012-06-04 08:12:53,2012-06-04,train,3_9
3,1002,70,Train Station,40.69902344282463,-73.81001472473143,2012-06-04 17:40:39,2012-06-04,train,3_9
3,1002,70,Train Station,40.69902344282463,-73.81001472473143,2012-06-05 08:14:18,2012-06-04,train,3_9
3,357,70,Train Station,40.750794799423865,-73.99357639021292,2012-06-05 08:36:14,2012-06-04,train,3_9
3,357,70,Train Station,40.750794799423865,-73.99357639021292,2012-06-06 08:36:25,2012-06-04,train,3_9
3,357,70,Train Station,40.750794799423865,-73.99357639021292,2012-06-06 16:56:21,2012-06-04,train,3_9
3,1002,70,Train Station,40.69902344282463,-73.81001472473143,2012-06-06 17:40:37,2012-06-04,train,3_9
3,1002,70,Train Station,40.69902344282463,-73.81001472473143,2012-06-07 08:11:40,2012-06-04,train,3_9
3,357,70,Train Station,40.750794799423865,-73.99357639021292,2012-06-07 08:36:47,2012-06-04,train,3_9
3,1002,70,Train Station,40.69902344282463,-73.81001472473143,2012-06-08 08:12:09,2012-06-04,train,3_9
3,357,70,Train Station,40.750794799423865,-73.99357639021292,2012-06-08 08:32:20,2012-06-04,train,3_9
3,357,70,Train Station,40.750794799423865,-73.99357639021292,2012-06-08 17:03:03,2012-06-04,train,3_9
3,1002,70,Train Station,40.69902344282463,-73.81001472473143,2012-06-08 17:40:07,2012-06-04,train,3_9
3,190,157,Stadium,40.82827721161922,-73.92655344439045,2012-06-09 20:26:03,2012-06-04,train,3_9
4,1662,159,Art Museum,40.761396839012,-73.97698574930376,2012-06-04 19:16:16,2012-06-04,train,4_9
4,1897,138,Gym / Fitness Center,40.74667352978544,-73.98154231629059,2012-06-06 20:06:58,2012-06-04,train,4_9
4,652,260,Food & Drink Shop,40.73652697126574,-73.9905595779419,2012-06-09 15:57:52,2012-06-04,train,4_9
4,1897,138,Gym / Fitness Center,40.74667352978544,-73.98154231629059,2012-06-10 08:38:49,2012-06-04,train,4_9
5,3910,6,Home (private),40.89859144490384,-73.84778739924586,2012-06-04 20:09:08,2012-06-04,train,5_7
5,2512,83,Church,40.73906330729812,-73.98695468902588,2012-06-07 18:43:28,2012-06-04,train,5_7
5,953,55,Bar,40.71581961178149,-74.00887039064251,2012-06-07 21:03:53,2012-06-04,train,5_7
5,3910,6,Home (private),40.89859144490384,-73.84778739924586,2012-06-08 19:35:53,2012-06-04,train,5_7
5,2512,83,Church,40.73906330729812,-73.98695468902588,2012-06-10 16:18:12,2012-06-04,train,5_7
6,2509,26,Drugstore / Pharmacy,40.71292912879564,-73.87201398611069,2012-06-04 20:33:30,2012-06-04,train,6_5
6,1477,317,City,40.71421605600625,-74.00596618652344,2012-06-06 20:41:09,2012-06-04,train,6_5
6,2841,96,Deli / Bodega,40.68333888766148,-73.8835839760955,2012-06-06 20:41:21,2012-06-04,train,6_5
6,1477,317,City,40.71421605600625,-74.00596618652344,2012-06-09 13:41:36,2012-06-04,train,6_5
6,4441,6,Home (private),40.71448092304508,-73.87130987645999,2012-06-10 01:40:15,2012-06-04,train,6_5
6,2509,26,Drugstore / Pharmacy,40.71292912879564,-73.87201398611069,2012-06-10 21:46:10,2012-06-04,train,6_5
7,3779,136,Office,40.65899161720216,-73.91504808976158,2012-06-04 00:05:55,2012-06-04,train,7_6
7,3724,6,Home (private),40.68499608789172,-73.94186034276925,2012-06-07 00:21:58,2012-06-04,train,7_6
7,3724,6,Home (private),40.68499608789172,-73.94186034276925,2012-06-08 23:25:43,2012-06-04,train,7_6
7,1667,42,Food & Drink Shop,40.67995491454707,-73.94446358321665,2012-06-09 22:21:07,2012-06-04,train,7_6
7,3779,136,Office,40.65899161720216,-73.91504808976158,2012-06-10 00:04:15,2012-06-04,train,7_6
7,3928,301,Neighborhood,40.66487975046727,-73.90974892387065,2012-06-10 00:04:50,2012-06-04,train,7_6
7,2699,122,Plaza,40.6319874314515,-73.94709261961549,2012-06-10 15:27:23,2012-06-04,train,7_6
8,2586,197,Sandwich Place,40.72495970633984,-73.9949887666545,2012-06-06 12:52:59,2012-06-04,train,8_6
8,1376,137,Gym / Fitness Center,40.72506320386107,-73.9960045293561,2012-06-06 13:31:45,2012-06-04,train,8_6
8,1376,137,Gym / Fitness Center,40.72506320386107,-73.9960045293561,2012-06-07 14:36:53,2012-06-04,train,8_6
8,4495,197,Sandwich Place,40.753041896907845,-73.9890719854358,2012-06-07 19:46:21,2012-06-04,train,8_6
9,4772,281,Residential Building (Apartment / Condo),40.68610405768023,-73.94382640962873,2012-06-08 19:59:28,2012-06-04,train,9_8
9,4848,6,Home (private),40.68499608789172,-73.94186034276925,2012-06-08 20:00:00,2012-06-04,train,9_8
9,4845,96,Deli / Bodega,40.68614152063403,-73.94364845987359,2012-06-08 20:03:03,2012-06-04,train,9_8
9,4772,281,Residential Building (Apartment / Condo),40.68610405768023,-73.94382640962873,2012-06-09 00:08:08,2012-06-04,train,9_8
9,4848,6,Home (private),40.68499608789172,-73.94186034276925,2012-06-09 00:08:33,2012-06-04,train,9_8
9,4845,96,Deli / Bodega,40.68614152063403,-73.94364845987359,2012-06-10 00:17:24,2012-06-04,train,9_8
9,4772,281,Residential Building (Apartment / Condo),40.68610405768023,-73.94382640962873,2012-06-10 00:17:42,2012-06-04,train,9_8
9,4772,281,Residential Building (Apartment / Condo),40.68610405768023,-73.94382640962873,2012-06-10 08:43:57,2012-06-04,train,9_8
10,665,138,Gym / Fitness Center,40.73448312627058,-73.98823409478094,2012-06-04 20:08:51,2012-06-04,train,10_8
10,2787,37,Bar,40.729395470403695,-73.98717237876596,2012-06-08 21:35:40,2012-06-04,train,10_8
10,49,37,Bar,40.729616590845886,-73.98979783058167,2012-06-09 21:31:35,2012-06-04,train,10_8
10,691,37,Bar,40.77138107266706,-73.95646042374283,2012-06-10 00:07:22,2012-06-04,train,10_8
10,178,220,BBQ Joint,40.772301,-73.955844,2012-06-10 01:06:00,2012-06-04,train,10_8
10,4967,220,BBQ Joint,40.7418112381317,-73.98826278972687,2012-06-10 15:18:06,2012-06-04,train,10_8
10,121,47,Bar,40.75290467304416,-73.97297925477788,2012-06-10 17:31:44,2012-06-04,train,10_8
10,4596,99,Thai Restaurant,40.76275282248875,-73.9894392788162,2012-06-10 19:36:57,2012-06-04,train,10_8
11,4960,281,Residential Building (Apartment / Condo),40.731154,-73.860719,2012-06-04 21:59:10,2012-06-04,train,11_0
11,3403,134,Event Space,40.756083521571824,-73.98951888084412,2012-06-05 10:51:27,2012-06-04,train,11_0
11,3403,134,Event Space,40.756083521571824,-73.98951888084412,2012-06-06 18:32:13,2012-06-04,train,11_0
11,4960,281,Residential Building (Apartment / Condo),40.731154,-73.860719,2012-06-06 19:32:11,2012-06-04,train,11_0
11,2874,222,Coffee Shop,40.730185708117375,-73.8631010055542,2012-06-07 10:06:38,2012-06-04,train,11_0
11,357,70,Train Station,40.750794799423865,-73.99357639021292,2012-06-08 09:59:05,2012-06-04,train,11_0
11,233,147,Movie Theater,40.75699098241037,-73.98872764725327,2012-06-08 11:21:10,2012-06-04,train,11_0
11,4960,281,Residential Building (Apartment / Condo),40.731154,-73.860719,2012-06-08 16:06:32,2012-06-04,train,11_0
11,2874,222,Coffee Shop,40.730185708117375,-73.8631010055542,2012-06-09 09:14:32,2012-06-04,train,11_0
11,4960,281,Residential Building (Apartment / Condo),40.731154,-73.860719,2012-06-10 21:13:05,2012-06-04,train,11_0
12,1395,259,Hotel,40.76053962409181,-73.98462423637571,2012-06-06 16:02:20,2012-06-04,train,12_9
12,742,138,Gym / Fitness Center,40.760883374098434,-73.98500875552415,2012-06-07 17:12:12,2012-06-04,train,12_9
12,1395,259,Hotel,40.76053962409181,-73.98462423637571,2012-06-08 15:30:56,2012-06-04,train,12_9
12,1112,121,Park,40.73702496764239,-74.0054870079431,2012-06-08 19:25:22,2012-06-04,train,12_9
12,742,138,Gym / Fitness Center,40.760883374098434,-73.98500875552415,2012-06-10 08:28:42,2012-06-04,train,12_9
12,2704,246,Performing Arts Venue,40.73635518550873,-74.007347,2012-06-10 08:38:41,2012-06-04,train,12_9
12,1112,121,Park,40.73702496764239,-74.0054870079431,2012-06-10 12:54:56,2012-06-04,train,12_9
13,1980,61,Office,40.74824321816166,-73.99192996850243,2012-06-04 09:41:48,2012-06-04,train,13_4
13,238,33,Korean Restaurant,40.74790144316556,-73.98689116651354,2012-06-04 19:35:08,2012-06-04,train,13_4
13,1980,61,Office,40.74824321816166,-73.99192996850243,2012-06-06 09:40:43,2012-06-04,train,13_4
13,1980,61,Office,40.74824321816166,-73.99192996850243,2012-06-07 15:17:28,2012-06-04,train,13_4
13,1980,61,Office,40.74824321816166,-73.99192996850243,2012-06-08 14:00:31,2012-06-04,train,13_4
14,2551,91,High School,40.80211254369139,-74.16162161377446,2012-06-04 07:51:01,2012-06-04,train,14_8
14,2551,91,High School,40.80211254369139,-74.16162161377446,2012-06-04 09:42:54,2012-06-04,train,14_8
14,2551,91,High School,40.80211254369139,-74.16162161377446,2012-06-05 07:57:35,2012-06-04,train,14_8
14,2551,91,High School,40.80211254369139,-74.16162161377446,2012-06-07 08:10:11,2012-06-04,train,14_8
14,2551,91,High School,40.80211254369139,-74.16162161377446,2012-06-07 10:28:12,2012-06-04,train,14_8
14,2947,202,Pizza Place,40.80087840557098,-74.15413677692413,2012-06-09 16:00:25,2012-06-04,train,14_8
14,740,227,Beach,40.57334843776636,-73.98030281066895,2012-06-10 14:57:28,2012-06-04,train,14_8
14,2480,133,Hot Dog Joint,40.57514126948244,-73.98150444030762,2012-06-10 16:33:04,2012-06-04,train,14_8
15,1492,76,Ferry,40.70325299803113,-74.00609493255615,2012-06-06 09:01:18,2012-06-04,train,15_8
15,3639,61,Office,40.70224443617512,-74.01071906089783,2012-06-06 16:21:19,2012-06-04,train,15_8
15,1492,76,Ferry,40.70325299803113,-74.00609493255615,2012-06-07 09:19:59,2012-06-04,train,15_8
15,1492,76,Ferry,40.70325299803113,-74.00609493255615,2012-06-08 09:18:07,2012-06-04,train,15_8
15,1492,76,Ferry,40.70325299803113,-74.00609493255615,2012-06-08 15:27:11,2012-06-04,train,15_8
15,681,76,Ferry,40.73516246589173,-74.02630276756445,2012-06-08 15:40:00,2012-06-04,train,15_8
16,587,266,Bus Station,40.75722129839836,-73.99154663085938,2012-06-04 06:02:39,2012-06-04,train,16_9
16,3130,301,Neighborhood,40.76487640472523,-73.81782531738281,2012-06-04 16:59:50,2012-06-04,train,16_9
16,2121,264,Subway,40.74914266125337,-73.86958122253418,2012-06-04 19:54:22,2012-06-04,train,16_9
16,4480,6,Home (private),40.73569746375886,-73.81249842275241,2012-06-04 21:46:05,2012-06-04,train,16_9
16,804,70,Train Station,40.73420076077984,-74.16483829470191,2012-06-06 07:39:27,2012-06-04,train,16_9
16,2591,13,Clothing Store,40.72134758085029,-73.99996876716614,2012-06-08 14:41:45,2012-06-04,train,16_9
16,873,7,Clothing Store,40.75928598290908,-73.9765204598217,2012-06-08 15:40:55,2012-06-04,train,16_9
16,2893,7,Clothing Store,40.76035821078917,-73.97618293762207,2012-06-08 16:00:36,2012-06-04,train,16_9
16,1150,9,Clothing Store,40.76253281502538,-73.97431080143446,2012-06-08 16:53:11,2012-06-04,train,16_9
16,1000,9,Clothing Store,40.76297490010358,-73.97377967834471,2012-06-08 16:59:04,2012-06-04,train,16_9
16,4480,6,Home (private),40.73569746375886,-73.81249842275241,2012-06-08 23:58:46,2012-06-04,train,16_9
18,957,138,Gym / Fitness Center,40.76396628964295,-73.915114402771,2012-06-08 11:50:50,2012-06-04,train,18_6
18,3838,50,Bar,40.74225734075718,-74.0062364600096,2012-06-08 22:10:14,2012-06-04,train,18_6
18,4967,220,BBQ Joint,40.7418112381317,-73.98826278972687,2012-06-09 20:27:51,2012-06-04,train,18_6
18,385,48,Bar,40.74427796524831,-73.99184796528314,2012-06-10 13:03:02,2012-06-04,train,18_6
18,954,146,Movie Theater,40.74492342607472,-73.9980360386088,2012-06-10 16:10:20,2012-06-04,train,18_6
19,1615,80,Building,40.76676160346336,-73.98313522338867,2012-06-05 08:45:26,2012-06-04,train,19_8
19,1615,80,Building,40.76676160346336,-73.98313522338867,2012-06-06 08:48:00,2012-06-04,train,19_8
19,1615,80,Building,40.76676160346336,-73.98313522338867,2012-06-07 08:23:23,2012-06-04,train,19_8
19,990,183,University,40.740225077794776,-73.98348215257546,2012-06-07 11:26:53,2012-06-04,train,19_8
19,1615,80,Building,40.76676160346336,-73.98313522338867,2012-06-08 08:18:22,2012-06-04,train,19_8
20,2538,91,High School,40.94246719077515,-74.02115821838379,2012-06-04 07:48:17,2012-06-04,train,20_8
20,4113,6,Home (private),40.93190933538416,-74.01238511084367,2012-06-06 23:50:53,2012-06-04,train,20_8
20,2538,91,High School,40.94246719077515,-74.02115821838379,2012-06-07 07:51:36,2012-06-04,train,20_8
20,4113,6,Home (private),40.93190933538416,-74.01238511084367,2012-06-07 16:16:00,2012-06-04,train,20_8
20,4533,194,Mexican Restaurant,40.93259915296421,-74.07112728367164,2012-06-08 15:38:05,2012-06-04,train,20_8
20,4113,6,Home (private),40.93190933538416,-74.01238511084367,2012-06-08 18:14:27,2012-06-04,train,20_8
20,4113,6,Home (private),40.93190933538416,-74.01238511084367,2012-06-10 11:09:36,2012-06-04,train,20_8
21,3819,147,Movie Theater,40.86674826031884,-73.82558031654254,2012-06-04 21:10:18,2012-06-04,train,21_7
21,1770,147,Movie Theater,40.86703055282099,-73.82539651545649,2012-06-04 21:10:32,2012-06-04,train,21_7
21,1892,265,Mall,40.86736752916331,-73.82752744881535,2012-06-04 23:33:29,2012-06-04,train,21_7
21,2352,254,Department Store,40.86499,-73.829949,2012-06-04 23:33:41,2012-06-04,train,21_7
21,3766,120,Other Great Outdoors,40.868482907830256,-73.83256673812866,2012-06-04 23:34:01,2012-06-04,train,21_7
21,3058,266,Bus Station,40.85275748350158,-73.82689118385315,2012-06-05 00:12:23,2012-06-04,train,21_7
21,2424,121,Park,40.8519621874379,-73.82696628570557,2012-06-05 00:12:41,2012-06-04,train,21_7
21,3727,6,Home (private),40.84594087143545,-73.82426211435131,2012-06-05 00:12:51,2012-06-04,train,21_7
21,3727,6,Home (private),40.84594087143545,-73.82426211435131,2012-06-07 02:33:09,2012-06-04,train,21_7
21,2424,121,Park,40.8519621874379,-73.82696628570557,2012-06-08 13:13:06,2012-06-04,train,21_7
21,1848,264,Subway,40.83304508893079,-73.86081591534423,2012-06-08 13:23:01,2012-06-04,train,21_7
21,2084,264,Subway,40.82786090041683,-73.925651460886,2012-06-08 14:09:39,2012-06-04,train,21_7
21,2084,264,Subway,40.82786090041683,-73.925651460886,2012-06-08 15:19:38,2012-06-04,train,21_7
21,2084,264,Subway,40.82786090041683,-73.925651460886,2012-06-08 16:30:39,2012-06-04,train,21_7
21,2084,264,Subway,40.82786090041683,-73.925651460886,2012-06-08 16:31:02,2012-06-04,train,21_7
21,2084,264,Subway,40.82786090041683,-73.925651460886,2012-06-08 16:32:09,2012-06-04,train,21_7
21,2604,96,Deli / Bodega,40.82708730474406,-73.92414762077546,2012-06-08 16:49:08,2012-06-04,train,21_7
21,2084,264,Subway,40.82786090041683,-73.925651460886,2012-06-08 16:49:50,2012-06-04,train,21_7
21,2604,96,Deli / Bodega,40.82708730474406,-73.92414762077546,2012-06-08 16:50:16,2012-06-04,train,21_7
21,2084,264,Subway,40.82786090041683,-73.925651460886,2012-06-08 17:34:29,2012-06-04,train,21_7
21,190,157,Stadium,40.82827721161922,-73.92655344439045,2012-06-08 18:49:20,2012-06-04,train,21_7
21,1996,264,Subway,40.803894,-73.937624,2012-06-08 22:58:14,2012-06-04,train,21_7
21,1848,264,Subway,40.83304508893079,-73.86081591534423,2012-06-08 23:00:19,2012-06-04,train,21_7
21,3235,301,Neighborhood,40.85035207961527,-73.82837751825335,2012-06-08 23:06:13,2012-06-04,train,21_7
21,3058,266,Bus Station,40.85275748350158,-73.82689118385315,2012-06-08 23:09:52,2012-06-04,train,21_7
21,3058,266,Bus Station,40.85275748350158,-73.82689118385315,2012-06-08 23:10:11,2012-06-04,train,21_7
21,2424,121,Park,40.8519621874379,-73.82696628570557,2012-06-09 13:16:21,2012-06-04,train,21_7
21,3727,6,Home (private),40.84594087143545,-73.82426211435131,2012-06-09 13:17:05,2012-06-04,train,21_7
21,2424,121,Park,40.8519621874379,-73.82696628570557,2012-06-09 13:30:40,2012-06-04,train,21_7
21,4048,301,Neighborhood,40.87396726527642,-73.82932662963867,2012-06-09 16:14:35,2012-06-04,train,21_7
21,4048,301,Neighborhood,40.87396726527642,-73.82932662963867,2012-06-09 16:15:09,2012-06-04,train,21_7
21,1892,265,Mall,40.86736752916331,-73.82752744881535,2012-06-09 16:16:04,2012-06-04,train,21_7
21,2352,254,Department Store,40.86499,-73.829949,2012-06-09 16:16:32,2012-06-04,train,21_7
21,3819,147,Movie Theater,40.86674826031884,-73.82558031654254,2012-06-09 16:17:40,2012-06-04,train,21_7
21,3227,132,Fast Food Restaurant,40.866503235282565,-73.8257646560669,2012-06-09 19:03:14,2012-06-04,train,21_7
21,1892,265,Mall,40.86736752916331,-73.82752744881535,2012-06-09 19:04:20,2012-06-04,train,21_7
21,3766,120,Other Great Outdoors,40.868482907830256,-73.83256673812866,2012-06-09 19:06:05,2012-06-04,train,21_7
21,2424,121,Park,40.8519621874379,-73.82696628570557,2012-06-09 20:32:39,2012-06-04,train,21_7
21,3727,6,Home (private),40.84594087143545,-73.82426211435131,2012-06-09 20:32:53,2012-06-04,train,21_7
21,2424,121,Park,40.8519621874379,-73.82696628570557,2012-06-10 13:52:54,2012-06-04,train,21_7
21,3058,266,Bus Station,40.85275748350158,-73.82689118385315,2012-06-10 13:53:18,2012-06-04,train,21_7
21,4048,301,Neighborhood,40.87396726527642,-73.82932662963867,2012-06-10 13:53:43,2012-06-04,train,21_7
21,3766,120,Other Great Outdoors,40.868482907830256,-73.83256673812866,2012-06-10 13:55:43,2012-06-04,train,21_7
21,1892,265,Mall,40.86736752916331,-73.82752744881535,2012-06-10 13:56:00,2012-06-04,train,21_7
21,2352,254,Department Store,40.86499,-73.829949,2012-06-10 13:56:45,2012-06-04,train,21_7
21,1892,265,Mall,40.86736752916331,-73.82752744881535,2012-06-10 13:57:05,2012-06-04,train,21_7
21,3819,147,Movie Theater,40.86674826031884,-73.82558031654254,2012-06-10 13:58:10,2012-06-04,train,21_7
21,1892,265,Mall,40.86736752916331,-73.82752744881535,2012-06-10 17:40:34,2012-06-04,train,21_7
21,3227,132,Fast Food Restaurant,40.866503235282565,-73.8257646560669,2012-06-10 17:40:47,2012-06-04,train,21_7
21,1892,265,Mall,40.86736752916331,-73.82752744881535,2012-06-10 17:51:38,2012-06-04,train,21_7
21,3585,120,Other Great Outdoors,40.86708740710768,-73.82829666137695,2012-06-10 17:52:24,2012-06-04,train,21_7
21,3766,120,Other Great Outdoors,40.868482907830256,-73.83256673812866,2012-06-10 17:52:52,2012-06-04,train,21_7
21,3058,266,Bus Station,40.85275748350158,-73.82689118385315,2012-06-10 18:40:56,2012-06-04,train,21_7
21,2424,121,Park,40.8519621874379,-73.82696628570557,2012-06-10 18:41:14,2012-06-04,train,21_7
21,3727,6,Home (private),40.84594087143545,-73.82426211435131,2012-06-10 18:41:26,2012-06-04,train,21_7
23,1361,222,Coffee Shop,40.71388620551895,-74.00896220456364,2012-06-04 07:55:25,2012-06-04,train,23_9
23,348,61,Office,40.71379212275389,-74.01421273980209,2012-06-04 10:31:02,2012-06-04,train,23_9
23,566,138,Gym / Fitness Center,40.71670851726798,-74.01054739952087,2012-06-04 18:48:55,2012-06-04,train,23_9
23,1361,222,Coffee Shop,40.71388620551895,-74.00896220456364,2012-06-06 08:00:48,2012-06-04,train,23_9
23,348,61,Office,40.71379212275389,-74.01421273980209,2012-06-06 08:15:39,2012-06-04,train,23_9
23,566,138,Gym / Fitness Center,40.71670851726798,-74.01054739952087,2012-06-06 19:05:24,2012-06-04,train,23_9
23,3885,71,Train Station,40.70715045863768,-73.99030637767282,2012-06-07 09:07:28,2012-06-04,train,23_9
23,609,47,Bar,40.72226742542826,-73.98837183048228,2012-06-07 14:05:22,2012-06-04,train,23_9
23,3690,71,Train Station,40.67282675532094,-73.99085998535155,2012-06-07 15:39:53,2012-06-04,train,23_9
23,867,222,Coffee Shop,40.67196838568416,-73.97742153400876,2012-06-08 15:04:05,2012-06-04,train,23_9
25,3291,6,Home (private),40.6355224462683,-73.94186034276925,2012-06-04 00:55:37,2012-06-04,train,25_8
25,1787,264,Subway,40.76146340890431,-73.98403644561768,2012-06-04 22:34:39,2012-06-04,train,25_8
25,3291,6,Home (private),40.6355224462683,-73.94186034276925,2012-06-05 00:06:11,2012-06-04,train,25_8
25,1373,183,University,40.69342491338439,-73.99171189097369,2012-06-05 09:50:44,2012-06-04,train,25_8
25,1410,264,Subway,40.693216517472514,-73.98999899625778,2012-06-06 14:09:16,2012-06-04,train,25_8
25,1983,254,Department Store,40.631543741755145,-73.94687408770778,2012-06-06 19:18:19,2012-06-04,train,25_8
25,735,122,Plaza,40.74982540095488,-73.98796319961548,2012-06-08 10:39:18,2012-06-04,train,25_8
25,3291,6,Home (private),40.6355224462683,-73.94186034276925,2012-06-10 02:15:07,2012-06-04,train,25_8
25,1787,264,Subway,40.76146340890431,-73.98403644561768,2012-06-10 20:30:37,2012-06-04,train,25_8
28,357,70,Train Station,40.750794799423865,-73.99357639021292,2012-06-04 05:49:24,2012-06-04,train,28_4
28,436,241,Airport,40.68968493541091,-74.17938709259033,2012-06-08 23:59:09,2012-06-04,train,28_4
28,357,70,Train Station,40.750794799423865,-73.99357639021292,2012-06-09 01:22:13,2012-06-04,train,28_4
28,320,158,Comedy Club,40.7473023972379,-73.99753103267047,2012-06-10 19:26:03,2012-06-04,train,28_4
29,279,121,Park,40.7714256153356,-73.97350072860723,2012-06-07 20:40:46,2012-06-04,train,29_9
29,1899,264,Subway,40.76487640472523,-73.97264242172241,2012-06-07 20:42:42,2012-06-04,train,29_9
34,4284,37,Bar,40.87210606748304,-74.11240830105251,2012-06-05 00:27:02,2012-06-04,train,34_9
34,3464,6,Home (private),40.85155841497341,-74.14161270853154,2012-06-05 03:09:04,2012-06-04,train,34_9
34,3464,6,Home (private),40.85155841497341,-74.14161270853154,2012-06-06 04:34:43,2012-06-04,train,34_9
34,3464,6,Home (private),40.85155841497341,-74.14161270853154,2012-06-06 19:33:21,2012-06-04,train,34_9
34,4284,37,Bar,40.87210606748304,-74.11240830105251,2012-06-06 20:49:22,2012-06-04,train,34_9
34,3464,6,Home (private),40.85155841497341,-74.14161270853154,2012-06-07 03:13:29,2012-06-04,train,34_9
34,4284,37,Bar,40.87210606748304,-74.11240830105251,2012-06-08 23:56:56,2012-06-04,train,34_9
34,1062,37,Bar,40.85408633699964,-74.1383358836174,2012-06-09 01:14:01,2012-06-04,train,34_9
34,3090,41,Bar,40.85801018737459,-74.14769961109803,2012-06-09 02:34:53,2012-06-04,train,34_9
34,1908,37,Bar,40.85785364392424,-74.14799451828003,2012-06-09 02:57:09,2012-06-04,train,34_9
34,1908,37,Bar,40.85785364392424,-74.14799451828003,2012-06-09 19:01:23,2012-06-04,train,34_9
34,1258,47,Bar,40.82530613438675,-74.1381025314331,2012-06-10 00:48:42,2012-06-04,train,34_9
34,1062,37,Bar,40.85408633699964,-74.1383358836174,2012-06-10 02:01:28,2012-06-04,train,34_9
34,3464,6,Home (private),40.85155841497341,-74.14161270853154,2012-06-10 05:25:09,2012-06-04,train,34_9
37,4136,222,Coffee Shop,40.75467722704848,-73.97448872291928,2012-06-05 09:29:45,2012-06-04,train,37_9
37,4136,222,Coffee Shop,40.75467722704848,-73.97448872291928,2012-06-06 17:11:34,2012-06-04,train,37_9
37,4136,222,Coffee Shop,40.75467722704848,-73.97448872291928,2012-06-07 09:38:13,2012-06-04,train,37_9
37,101,197,Sandwich Place,40.754573280867625,-73.9775994526167,2012-06-08 13:08:20,2012-06-04,train,37_9
39,2292,6,Home (private),40.792168756529016,-74.00063278107605,2012-06-04 08:28:03,2012-06-04,train,39_9
39,2292,6,Home (private),40.792168756529016,-74.00063278107605,2012-06-05 08:23:14,2012-06-04,train,39_9
39,587,266,Bus Station,40.75722129839836,-73.99154663085938,2012-06-05 08:52:01,2012-06-04,train,39_9
39,179,121,Park,40.75372797263211,-73.98368835767094,2012-06-05 09:03:36,2012-06-04,train,39_9
39,349,70,Train Station,40.75280620914171,-73.97717535495758,2012-06-05 09:12:30,2012-06-04,train,39_9
39,587,266,Bus Station,40.75722129839836,-73.99154663085938,2012-06-06 08:46:17,2012-06-04,train,39_9
39,2492,61,Office,40.7502317903062,-73.97332906723022,2012-06-06 16:12:38,2012-06-04,train,39_9
39,2292,6,Home (private),40.792168756529016,-74.00063278107605,2012-06-06 21:22:40,2012-06-04,train,39_9
39,587,266,Bus Station,40.75722129839836,-73.99154663085938,2012-06-07 09:13:10,2012-06-04,train,39_9
39,2292,6,Home (private),40.792168756529016,-74.00063278107605,2012-06-08 07:41:05,2012-06-04,train,39_9
39,2292,6,Home (private),40.792168756529016,-74.00063278107605,2012-06-09 23:11:53,2012-06-04,train,39_9
42,4129,92,Asian Restaurant,40.787051,-73.72852,2012-06-04 20:37:53,2012-06-04,train,42_6
42,4129,92,Asian Restaurant,40.787051,-73.72852,2012-06-07 11:09:01,2012-06-04,train,42_6
42,2228,265,Mall,40.7331450394645,-73.86301517486572,2012-06-10 15:09:27,2012-06-04,train,42_6
45,1027,7,Clothing Store,40.737231,-73.996793,2012-06-04 21:34:15,2012-06-04,train,45_4
45,860,259,Hotel,40.74587751338479,-73.98814227092514,2012-06-06 17:45:42,2012-06-04,train,45_4
46,1986,6,Home (private),40.71478702896252,-74.01238511084367,2012-06-06 17:50:49,2012-06-04,train,46_7
46,903,233,Other Great Outdoors,40.712016,-74.01684,2012-06-10 08:15:14,2012-06-04,train,46_7
47,3575,6,Home (private),40.77895755666537,-73.97712595918333,2012-06-04 21:28:29,2012-06-04,train,47_9
47,3587,6,Home (private),40.750991477566174,-73.98887973002674,2012-06-07 00:36:12,2012-06-04,train,47_9
47,475,63,Office,40.74106165791133,-74.0025638164589,2012-06-07 10:52:16,2012-06-04,train,47_9
47,475,63,Office,40.74106165791133,-74.0025638164589,2012-06-08 08:51:22,2012-06-04,train,47_9
47,579,37,Bar,40.73522028292828,-74.01000084647572,2012-06-08 19:54:49,2012-06-04,train,47_9
47,3564,237,Music Venue,40.733658842792686,-74.00259824781945,2012-06-08 23:38:54,2012-06-04,train,47_9
47,279,121,Park,40.7714256153356,-73.97350072860723,2012-06-09 08:11:10,2012-06-04,train,47_9
47,281,37,Bar,40.77947180359367,-73.9776970208157,2012-06-10 02:33:22,2012-06-04,train,47_9
47,3575,6,Home (private),40.77895755666537,-73.97712595918333,2012-06-10 03:30:16,2012-06-04,train,47_9
47,4967,220,BBQ Joint,40.7418112381317,-73.98826278972687,2012-06-10 14:33:00,2012-06-04,train,47_9
47,3575,6,Home (private),40.77895755666537,-73.97712595918333,2012-06-10 22:20:25,2012-06-04,train,47_9
49,2445,61,Office,40.74190869100568,-73.98925563221387,2012-06-04 09:06:40,2012-06-04,train,49_9
49,1782,264,Subway,40.75645736467708,-73.92966270446777,2012-06-05 08:43:09,2012-06-04,train,49_9
49,2445,61,Office,40.74190869100568,-73.98925563221387,2012-06-05 09:08:49,2012-06-04,train,49_9
49,2445,61,Office,40.74190869100568,-73.98925563221387,2012-06-06 09:41:34,2012-06-04,train,49_9
49,2445,61,Office,40.74190869100568,-73.98925563221387,2012-06-07 09:21:05,2012-06-04,train,49_9
49,10,37,Bar,40.72607169369348,-73.98347854614258,2012-06-10 00:15:07,2012-06-04,train,49_9
51,726,70,Train Station,40.805144639820114,-73.93914699554443,2012-06-04 18:15:13,2012-06-04,train,51_9
51,1527,70,Train Station,40.86149293891381,-73.89058023691177,2012-06-04 18:24:44,2012-06-04,train,51_9
51,1826,70,Train Station,40.912175,-73.851171,2012-06-04 18:36:23,2012-06-04,train,51_9
51,1215,70,Train Station,40.939825,-73.835217,2012-06-04 18:40:37,2012-06-04,train,51_9
51,1017,31,Bar,40.75803174296939,-73.97142385887315,2012-06-06 14:31:22,2012-06-04,train,51_9
51,4298,280,Travel & Transport,40.79784234877872,-73.92248849513746,2012-06-07 03:14:16,2012-06-04,train,51_9
51,726,70,Train Station,40.805144639820114,-73.93914699554443,2012-06-07 19:18:17,2012-06-04,train,51_9
51,349,70,Train Station,40.75280620914171,-73.97717535495758,2012-06-08 17:36:19,2012-06-04,train,51_9
51,1826,70,Train Station,40.912175,-73.851171,2012-06-08 18:18:26,2012-06-04,train,51_9
51,1215,70,Train Station,40.939825,-73.835217,2012-06-08 18:24:23,2012-06-04,train,51_9
51,919,221,Bridge,40.85121557428245,-73.95206451416016,2012-06-09 11:56:58,2012-06-04,train,51_9
51,2792,257,Road,40.70644125441471,-74.15183544158936,2012-06-09 12:06:11,2012-06-04,train,51_9
51,2646,155,Stadium,40.8134844303353,-74.07433032989502,2012-06-09 12:16:31,2012-06-04,train,51_9
51,2646,155,Stadium,40.8134844303353,-74.07433032989502,2012-06-09 14:12:48,2012-06-04,train,51_9
51,3103,257,Road,40.85381245334477,-73.96360874176025,2012-06-09 17:55:40,2012-06-04,train,51_9
51,3103,257,Road,40.85381245334477,-73.96360874176025,2012-06-09 17:55:52,2012-06-04,train,51_9
51,919,221,Bridge,40.85121557428245,-73.95206451416016,2012-06-09 17:56:17,2012-06-04,train,51_9
51,919,221,Bridge,40.85121557428245,-73.95206451416016,2012-06-09 17:56:25,2012-06-04,train,51_9
52,2275,78,Library,40.73699909877152,-73.99245220578715,2012-06-04 07:58:31,2012-06-04,train,52_8
52,2275,78,Library,40.73699909877152,-73.99245220578715,2012-06-05 08:00:53,2012-06-04,train,52_8
52,625,122,Plaza,40.756489872673846,-73.98626804351807,2012-06-06 11:10:27,2012-06-04,train,52_8
52,2275,78,Library,40.73699909877152,-73.99245220578715,2012-06-06 12:59:04,2012-06-04,train,52_8
52,2275,78,Library,40.73699909877152,-73.99245220578715,2012-06-07 08:03:19,2012-06-04,train,52_8
52,2275,78,Library,40.73699909877152,-73.99245220578715,2012-06-07 12:24:10,2012-06-04,train,52_8
52,625,122,Plaza,40.756489872673846,-73.98626804351807,2012-06-08 08:07:59,2012-06-04,train,52_8
52,402,259,Hotel,40.758328,-73.985457,2012-06-08 08:30:55,2012-06-04,train,52_8
52,192,121,Park,40.73528249691621,-73.99040315158283,2012-06-08 08:43:51,2012-06-04,train,52_8
52,2275,78,Library,40.73699909877152,-73.99245220578715,2012-06-08 08:55:36,2012-06-04,train,52_8
54,2710,98,Donut Shop,40.70888267090895,-73.81835450786878,2012-06-05 08:36:08,2012-06-04,train,54_9
54,2710,98,Donut Shop,40.70888267090895,-73.81835450786878,2012-06-06 07:23:47,2012-06-04,train,54_9
54,3939,248,Toy / Game Store,40.77801771460635,-73.95453753530832,2012-06-06 12:14:11,2012-06-04,train,54_9
54,3664,194,Mexican Restaurant,40.77787134925543,-73.95476139494657,2012-06-06 12:15:08,2012-06-04,train,54_9
54,1437,185,College Academic Building,40.77937325315485,-73.95507135401736,2012-06-06 12:38:41,2012-06-04,train,54_9
54,1730,22,Cosmetics Shop,40.77936068088334,-73.95514023374332,2012-06-06 13:11:22,2012-06-04,train,54_9
54,2125,264,Subway,40.76464887712308,-73.9663553237915,2012-06-07 09:02:02,2012-06-04,train,54_9
54,3939,248,Toy / Game Store,40.77801771460635,-73.95453753530832,2012-06-07 09:52:13,2012-06-04,train,54_9
55,636,252,Food & Drink Shop,40.69001786288236,-73.99341633242287,2012-06-07 18:01:45,2012-06-04,train,55_7
55,577,202,Pizza Place,40.70507898542075,-73.93364403923762,2012-06-10 18:42:43,2012-06-04,train,55_7
56,3442,222,Coffee Shop,40.730096,-73.992499,2012-06-06 12:07:05,2012-06-04,train,56_9
56,4446,197,Sandwich Place,40.72989539441671,-73.99211361254487,2012-06-07 11:32:03,2012-06-04,train,56_9
56,4046,255,Flea Market,40.691707934646594,-73.98287954280876,2012-06-10 17:26:45,2012-06-04,train,56_9
57,3437,6,Home (private),40.92039063491639,-74.00063278107605,2012-06-10 08:04:55,2012-06-04,train,57_6
57,1961,56,Paper / Office Supplies Store,40.82660915346994,-74.13912177085876,2012-06-10 14:35:54,2012-06-04,train,57_6
57,3437,6,Home (private),40.92039063491639,-74.00063278107605,2012-06-10 23:02:01,2012-06-04,train,57_6
60,479,265,Mall,40.73405557647634,-73.87084722518921,2012-06-06 19:54:55,2012-06-04,train,60_3
60,1698,254,Department Store,40.7354070032994,-73.87420104342856,2012-06-06 20:18:11,2012-06-04,train,60_3
60,3983,301,Neighborhood,40.787592738360175,-73.84591341018677,2012-06-09 12:31:16,2012-06-04,train,60_3
60,2615,257,Road,40.815108415605984,-73.83662223815918,2012-06-09 12:37:27,2012-06-04,train,60_3
61,253,102,American Restaurant,40.71992902385343,-74.00853182642739,2012-06-07 20:13:13,2012-06-04,train,61_8
61,896,119,Other Great Outdoors,40.78447335869806,-73.96120548248291,2012-06-10 11:07:38,2012-06-04,train,61_8
62,3156,254,Department Store,40.86679532183928,-74.10016536712646,2012-06-04 17:25:42,2012-06-04,train,62_9
62,4285,6,Home (private),40.87454170662472,-74.09463109843134,2012-06-04 18:13:10,2012-06-04,train,62_9
62,3190,135,Post Office,40.873059,-74.109526,2012-06-06 15:36:18,2012-06-04,train,62_9
62,4801,308,Funeral Home,40.87053932297712,-74.0979549522799,2012-06-06 16:45:46,2012-06-04,train,62_9
62,3156,254,Department Store,40.86679532183928,-74.10016536712646,2012-06-06 17:18:12,2012-06-04,train,62_9
62,4285,6,Home (private),40.87454170662472,-74.09463109843134,2012-06-06 18:13:28,2012-06-04,train,62_9
62,4155,281,Residential Building (Apartment / Condo),40.8706300946324,-74.09792627389562,2012-06-08 13:25:39,2012-06-04,train,62_9
62,4285,6,Home (private),40.87454170662472,-74.09463109843134,2012-06-08 15:24:29,2012-06-04,train,62_9
62,4801,308,Funeral Home,40.87053932297712,-74.0979549522799,2012-06-08 19:08:38,2012-06-04,train,62_9
62,4801,308,Funeral Home,40.87053932297712,-74.0979549522799,2012-06-09 03:53:12,2012-06-04,train,62_9
62,2094,249,Racetrack,40.81721953702811,-74.07673358917236,2012-06-09 16:50:07,2012-06-04,train,62_9
62,3481,120,Other Great Outdoors,40.90447651180845,-74.10088012450512,2012-06-09 22:59:53,2012-06-04,train,62_9
62,4036,279,Outdoors & Recreation,40.879797,-74.10825,2012-06-10 03:25:14,2012-06-04,train,62_9
62,4775,300,Moving Target,40.86981347415363,-74.0969467163086,2012-06-10 05:41:09,2012-06-04,train,62_9
63,2079,26,Drugstore / Pharmacy,40.72511192441721,-73.99697437685539,2012-06-04 09:25:01,2012-06-04,train,63_8
63,459,252,Food & Drink Shop,40.72413519041223,-73.99778927450977,2012-06-04 16:43:53,2012-06-04,train,63_8
63,2079,26,Drugstore / Pharmacy,40.72511192441721,-73.99697437685539,2012-06-04 16:45:56,2012-06-04,train,63_8
63,431,42,Food & Drink Shop,40.733673775505466,-73.98783810408904,2012-06-04 19:28:38,2012-06-04,train,63_8
63,2079,26,Drugstore / Pharmacy,40.72511192441721,-73.99697437685539,2012-06-05 09:09:38,2012-06-04,train,63_8
63,4798,61,Office,40.72518463103597,-73.99675056632964,2012-06-05 09:10:15,2012-06-04,train,63_8
63,2884,9,Clothing Store,40.73352393457447,-74.00432554645808,2012-06-05 09:54:35,2012-06-04,train,63_8
63,4798,61,Office,40.72518463103597,-73.99675056632964,2012-06-06 09:17:56,2012-06-04,train,63_8
63,4798,61,Office,40.72518463103597,-73.99675056632964,2012-06-07 09:03:46,2012-06-04,train,63_8
63,2079,26,Drugstore / Pharmacy,40.72511192441721,-73.99697437685539,2012-06-07 09:22:20,2012-06-04,train,63_8
63,459,252,Food & Drink Shop,40.72413519041223,-73.99778927450977,2012-06-07 14:13:47,2012-06-04,train,63_8
63,4798,61,Office,40.72518463103597,-73.99675056632964,2012-06-07 14:39:23,2012-06-04,train,63_8
63,1554,26,Drugstore / Pharmacy,40.73177921058233,-73.98240566253662,2012-06-09 10:07:09,2012-06-04,train,63_8
63,1554,26,Drugstore / Pharmacy,40.73177921058233,-73.98240566253662,2012-06-09 10:09:01,2012-06-04,train,63_8
63,459,252,Food & Drink Shop,40.72413519041223,-73.99778927450977,2012-06-09 14:25:47,2012-06-04,train,63_8
63,1209,281,Residential Building (Apartment / Condo),40.73176295054582,-73.97792100906372,2012-06-09 20:46:58,2012-06-04,train,63_8
65,4705,6,Home (private),40.767237460001375,-73.89482953406639,2012-06-04 09:39:14,2012-06-04,train,65_5
65,2171,138,Gym / Fitness Center,40.75618883982813,-73.9225516455076,2012-06-05 10:02:33,2012-06-04,train,65_5
65,2171,138,Gym / Fitness Center,40.75618883982813,-73.9225516455076,2012-06-06 09:30:44,2012-06-04,train,65_5
65,2032,239,Airport,40.77387937168837,-73.87237071990967,2012-06-06 15:09:16,2012-06-04,train,65_5
65,4705,6,Home (private),40.767237460001375,-73.89482953406639,2012-06-07 00:37:41,2012-06-04,train,65_5
65,2032,239,Airport,40.77387937168837,-73.87237071990967,2012-06-07 08:26:33,2012-06-04,train,65_5
65,1475,241,Airport,40.773839,-73.87122,2012-06-07 14:10:17,2012-06-04,train,65_5
65,4705,6,Home (private),40.767237460001375,-73.89482953406639,2012-06-07 21:18:59,2012-06-04,train,65_5
65,2032,239,Airport,40.77387937168837,-73.87237071990967,2012-06-08 16:10:28,2012-06-04,train,65_5
65,2032,239,Airport,40.77387937168837,-73.87237071990967,2012-06-10 11:07:43,2012-06-04,train,65_5
68,4665,250,Design Studio,40.7650482821148,-73.97700256373346,2012-06-04 09:20:59,2012-06-04,train,68_2
68,4664,61,Office,40.76510684141493,-73.97693943114712,2012-06-04 09:21:45,2012-06-04,train,68_2
68,233,147,Movie Theater,40.757031390907855,-73.98902607371383,2012-06-04 19:52:21,2012-06-04,train,68_2
68,1387,259,Hotel,40.75645362530212,-73.98866451851946,2012-06-04 19:52:53,2012-06-04,train,68_2
68,3474,257,Road,40.75717717747184,-73.9896573589282,2012-06-04 19:53:36,2012-06-04,train,68_2
68,233,147,Movie Theater,40.757031390907855,-73.98902607371383,2012-06-04 22:08:07,2012-06-04,train,68_2
68,4666,61,Office,40.765025728570606,-73.97697960643174,2012-06-05 00:01:32,2012-06-04,train,68_2
68,4624,6,Home (private),40.76908103568334,-73.97712595918333,2012-06-05 08:44:02,2012-06-04,train,68_2
68,4618,6,Home (private),40.76908103568334,-73.97712595918333,2012-06-05 08:44:48,2012-06-04,train,68_2
68,4664,61,Office,40.76510684141493,-73.97693943114712,2012-06-05 10:00:18,2012-06-04,train,68_2
68,4652,61,Office,40.765063,-73.977083,2012-06-05 10:01:09,2012-06-04,train,68_2
68,2052,222,Coffee Shop,40.76467118377428,-73.9768820378688,2012-06-06 04:15:30,2012-06-04,train,68_2
68,4618,6,Home (private),40.76908103568334,-73.97712595918333,2012-06-06 13:57:43,2012-06-04,train,68_2
68,905,84,Performing Arts Venue,40.75377861076244,-73.99197445110599,2012-06-06 18:07:12,2012-06-04,train,68_2
68,4666,61,Office,40.765025728570606,-73.97697960643174,2012-06-06 18:57:11,2012-06-04,train,68_2
68,1125,137,Gym / Fitness Center,40.76024,-73.964614,2012-06-06 21:54:10,2012-06-04,train,68_2
68,153,37,Bar,40.76559120804944,-73.97658359254557,2012-06-07 00:22:17,2012-06-04,train,68_2
68,1280,259,Hotel,40.76537005568367,-73.97605687379837,2012-06-07 00:28:44,2012-06-04,train,68_2
68,470,87,Theater,40.742788354778206,-74.00067582070984,2012-06-07 01:18:37,2012-06-04,train,68_2
68,85,110,American Restaurant,40.74065934700641,-73.99826558632256,2012-06-07 02:13:51,2012-06-04,train,68_2
68,857,259,Hotel,40.76224486711165,-73.9792871763928,2012-06-07 03:11:44,2012-06-04,train,68_2
68,4618,6,Home (private),40.76908103568334,-73.97712595918333,2012-06-07 07:45:31,2012-06-04,train,68_2
68,4624,6,Home (private),40.76908103568334,-73.97712595918333,2012-06-07 07:45:49,2012-06-04,train,68_2
68,4664,61,Office,40.76510684141493,-73.97693943114712,2012-06-07 15:25:27,2012-06-04,train,68_2
68,4665,250,Design Studio,40.7650482821148,-73.97700256373346,2012-06-07 15:25:49,2012-06-04,train,68_2
68,2813,54,Food & Drink Shop,40.7645026089675,-73.9740800857544,2012-06-07 20:58:57,2012-06-04,train,68_2
68,248,228,Pool Hall,40.74143709197248,-73.99324416730772,2012-06-08 15:34:07,2012-06-04,train,68_2
68,1808,98,Donut Shop,40.76722200820684,-73.9825753676373,2012-06-08 20:27:58,2012-06-04,train,68_2
68,1422,222,Coffee Shop,40.769076,-73.984595,2012-06-08 20:29:47,2012-06-04,train,68_2
68,4665,250,Design Studio,40.7650482821148,-73.97700256373346,2012-06-08 23:46:52,2012-06-04,train,68_2
68,4666,61,Office,40.765025728570606,-73.97697960643174,2012-06-08 23:47:11,2012-06-04,train,68_2
68,4624,6,Home (private),40.76908103568334,-73.97712595918333,2012-06-09 10:31:32,2012-06-04,train,68_2
68,4618,6,Home (private),40.76908103568334,-73.97712595918333,2012-06-09 12:37:41,2012-06-04,train,68_2
68,978,239,Airport,40.649257213175055,-73.78267765045166,2012-06-09 13:42:30,2012-06-04,train,68_2
68,405,241,Airport,40.645089355976346,-73.7845230102539,2012-06-09 16:16:13,2012-06-04,train,68_2
70,295,194,Mexican Restaurant,40.734738,-74.002162,2012-06-04 17:29:43,2012-06-04,train,70_5
70,295,194,Mexican Restaurant,40.734738,-74.002162,2012-06-08 16:50:52,2012-06-04,train,70_5
70,4447,222,Coffee Shop,40.73946479913673,-74.00265603689895,2012-06-10 10:46:38,2012-06-04,train,70_5
70,1989,71,Train Station,40.775000594425805,-73.91200304031372,2012-06-10 11:18:39,2012-06-04,train,70_5
71,2998,91,High School,40.76568899694568,-73.93309593200684,2012-06-04 08:15:29,2012-06-04,train,71_4
71,3422,265,Mall,40.75775097250373,-73.83428195378643,2012-06-09 11:17:15,2012-06-04,train,71_4
71,4176,120,Other Great Outdoors,40.75914972538696,-73.8298479000086,2012-06-09 12:38:29,2012-06-04,train,71_4
71,1859,264,Subway,40.74683429891953,-73.89155387878418,2012-06-09 21:04:05,2012-06-04,train,71_4
71,4968,6,Home (private),40.73569746375886,-73.81249842275241,2012-06-09 22:36:13,2012-06-04,train,71_4
71,4968,6,Home (private),40.73569746375886,-73.81249842275241,2012-06-10 00:07:19,2012-06-04,train,71_4
71,3267,266,Bus Station,40.738998274248864,-73.81505727767944,2012-06-10 11:13:58,2012-06-04,train,71_4
71,4176,120,Other Great Outdoors,40.75914972538696,-73.8298479000086,2012-06-10 11:37:58,2012-06-04,train,71_4
71,4968,6,Home (private),40.73569746375886,-73.81249842275241,2012-06-10 16:05:38,2012-06-04,train,71_4
77,1332,301,Neighborhood,40.741672705942285,-73.98928821086884,2012-06-05 08:28:24,2012-06-04,train,77_9
77,695,31,Bar,40.741128,-73.989902,2012-06-05 08:28:43,2012-06-04,train,77_9
77,2868,297,Mobile Phone Shop,40.741683135366806,-73.99055837150034,2012-06-05 08:48:51,2012-06-04,train,77_9
77,1868,26,Drugstore / Pharmacy,40.74123105421344,-73.9895368410022,2012-06-06 12:29:05,2012-06-04,train,77_9
77,2868,297,Mobile Phone Shop,40.741683135366806,-73.99055837150034,2012-06-07 16:34:50,2012-06-04,train,77_9
77,2868,297,Mobile Phone Shop,40.741683135366806,-73.99055837150034,2012-06-08 16:56:15,2012-06-04,train,77_9
77,4260,131,Café,40.851377882205846,-73.94008040428162,2012-06-08 23:12:35,2012-06-04,train,77_9
77,1675,301,Neighborhood,40.84894322160766,-73.9369797706604,2012-06-09 19:32:03,2012-06-04,train,77_9
77,4260,131,Café,40.851377882205846,-73.94008040428162,2012-06-09 22:36:50,2012-06-04,train,77_9
77,2868,297,Mobile Phone Shop,40.74120107605398,-73.99055837150034,2012-06-10 12:46:37,2012-06-04,train,77_9
77,1675,301,Neighborhood,40.84894322160766,-73.9369797706604,2012-06-10 17:59:53,2012-06-04,train,77_9
77,4260,131,Café,40.851377882205846,-73.94008040428162,2012-06-10 21:16:07,2012-06-04,train,77_9
80,1389,138,Gym / Fitness Center,40.697802665282175,-73.99414516303145,2012-06-04 08:14:50,2012-06-04,train,80_9
80,2723,301,Neighborhood,40.702407027583206,-73.98875100667293,2012-06-04 20:37:14,2012-06-04,train,80_9
80,3718,123,Scenic Lookout,40.70427281157053,-73.9867591687836,2012-06-04 20:37:33,2012-06-04,train,80_9
80,2350,178,General College & University,40.70473327890426,-73.98773789405823,2012-06-04 20:37:49,2012-06-04,train,80_9
80,1389,138,Gym / Fitness Center,40.697802665282175,-73.99414516303145,2012-06-05 08:23:02,2012-06-04,train,80_9
80,2617,301,Neighborhood,40.694842426245394,-73.9942717552185,2012-06-06 12:09:47,2012-06-04,train,80_9
80,2723,301,Neighborhood,40.702407027583206,-73.98875100667293,2012-06-06 17:14:49,2012-06-04,train,80_9
80,3718,123,Scenic Lookout,40.70427281157053,-73.9867591687836,2012-06-06 17:24:20,2012-06-04,train,80_9
80,761,174,College Academic Building,40.69772073971887,-73.99302035242692,2012-06-07 01:47:00,2012-06-04,train,80_9
80,1389,138,Gym / Fitness Center,40.697802665282175,-73.99414516303145,2012-06-07 09:14:50,2012-06-04,train,80_9
80,3289,301,Neighborhood,40.65016889724004,-73.94957542419434,2012-06-07 11:38:44,2012-06-04,train,80_9
80,2350,178,General College & University,40.70473327890426,-73.98773789405823,2012-06-07 12:37:02,2012-06-04,train,80_9
80,92,202,Pizza Place,40.72156712536507,-73.99559140205383,2012-06-07 15:19:59,2012-06-04,train,80_9
80,349,70,Train Station,40.75280620914171,-73.97717535495758,2012-06-07 16:06:00,2012-06-04,train,80_9
80,4471,58,Electronics Store,40.75281239893301,-73.97717474340911,2012-06-07 16:06:32,2012-06-04,train,80_9
80,1389,138,Gym / Fitness Center,40.697802665282175,-73.99414516303145,2012-06-08 07:28:00,2012-06-04,train,80_9
80,761,174,College Academic Building,40.69772073971887,-73.99302035242692,2012-06-09 00:42:17,2012-06-04,train,80_9
80,1389,138,Gym / Fitness Center,40.697802665282175,-73.99414516303145,2012-06-09 10:27:43,2012-06-04,train,80_9
80,2276,222,Coffee Shop,40.71735292817359,-73.96039224047603,2012-06-09 14:20:38,2012-06-04,train,80_9
80,3855,255,Flea Market,40.720599497806894,-73.96312594413757,2012-06-09 14:56:43,2012-06-04,train,80_9
80,1332,301,Neighborhood,40.741672705942285,-73.98928821086884,2012-06-09 17:00:36,2012-06-04,train,80_9
80,3116,319,Market,40.74186151409088,-73.98943362953369,2012-06-09 17:01:12,2012-06-04,train,80_9
80,761,174,College Academic Building,40.69772073971887,-73.99302035242692,2012-06-10 00:53:40,2012-06-04,train,80_9
80,1389,138,Gym / Fitness Center,40.697802665282175,-73.99414516303145,2012-06-10 07:06:13,2012-06-04,train,80_9
84,1323,70,Train Station,40.747582087041366,-74.17188763618469,2012-06-05 06:31:07,2012-06-04,train,84_9
84,357,70,Train Station,40.750794799423865,-73.99357639021292,2012-06-05 07:01:08,2012-06-04,train,84_9
84,2788,61,Office,40.78614007703091,-73.85758207332279,2012-06-05 07:49:33,2012-06-04,train,84_9
84,2788,61,Office,40.78614007703091,-73.85758207332279,2012-06-06 08:03:22,2012-06-04,train,84_9
84,357,70,Train Station,40.750794799423865,-73.99357639021292,2012-06-07 06:56:45,2012-06-04,train,84_9
84,2788,61,Office,40.78614007703091,-73.85758207332279,2012-06-07 08:05:15,2012-06-04,train,84_9
84,2788,61,Office,40.78614007703091,-73.85758207332279,2012-06-08 09:08:14,2012-06-04,train,84_9
86,2941,42,Food & Drink Shop,40.74174,-73.99365,2012-06-04 09:51:49,2012-06-04,train,86_9
86,490,138,Gym / Fitness Center,40.74272121548715,-73.99276210416295,2012-06-04 17:19:49,2012-06-04,train,86_9
86,490,138,Gym / Fitness Center,40.74272121548715,-73.99276210416295,2012-06-05 08:45:04,2012-06-04,train,86_9
86,490,138,Gym / Fitness Center,40.74272121548715,-73.99276210416295,2012-06-06 11:45:14,2012-06-04,train,86_9
86,490,138,Gym / Fitness Center,40.74272121548715,-73.99276210416295,2012-06-07 09:49:44,2012-06-04,train,86_9
86,490,138,Gym / Fitness Center,40.74272121548715,-73.99276210416295,2012-06-09 09:45:57,2012-06-04,train,86_9
86,234,121,Park,40.74218830848454,-73.98792418909154,2012-06-09 13:10:16,2012-06-04,train,86_9
87,719,222,Coffee Shop,40.73001497344702,-73.99150371551514,2012-06-04 19:54:42,2012-06-04,train,87_4
87,349,70,Train Station,40.75280620914171,-73.97717535495758,2012-06-04 23:34:47,2012-06-04,train,87_4
87,726,70,Train Station,40.805144639820114,-73.93914699554443,2012-06-06 13:45:29,2012-06-04,train,87_4
87,4933,281,Residential Building (Apartment / Condo),40.89995265117514,-73.86681061642456,2012-06-06 18:15:39,2012-06-04,train,87_4
87,1647,264,Subway,40.8864595193891,-73.87842178344727,2012-06-09 18:35:55,2012-06-04,train,87_4
87,4933,281,Residential Building (Apartment / Condo),40.89995265117514,-73.86681061642456,2012-06-09 20:24:14,2012-06-04,train,87_4
87,947,222,Coffee Shop,40.73709857380555,-73.99039768167009,2012-06-10 09:23:20,2012-06-04,train,87_4
88,3168,6,Home (private),40.79889202318283,-74.11812337576457,2012-06-06 05:55:11,2012-06-04,train,88_9
88,3169,90,School,40.765378,-74.147923,2012-06-06 16:42:25,2012-06-04,train,88_9
88,3168,6,Home (private),40.79889202318283,-74.11812337576457,2012-06-06 20:37:55,2012-06-04,train,88_9
88,3034,93,Breakfast Spot,40.76880800694593,-74.14129445239169,2012-06-09 08:18:51,2012-06-04,train,88_9
88,3169,90,School,40.765378,-74.147923,2012-06-09 12:25:15,2012-06-04,train,88_9
88,3168,6,Home (private),40.79889202318283,-74.11812337576457,2012-06-09 13:15:55,2012-06-04,train,88_9
89,2265,61,Office,40.7563091597125,-73.97491917744405,2012-06-07 12:47:20,2012-06-04,train,89_9
89,853,194,Mexican Restaurant,40.75557964275588,-73.97086143493652,2012-06-09 15:17:17,2012-06-04,train,89_9
89,1739,281,Residential Building (Apartment / Condo),40.7495207155747,-73.97124593455545,2012-06-09 20:07:47,2012-06-04,train,89_9
90,233,147,Movie Theater,40.757031390907855,-73.98902607371383,2012-06-05 01:59:23,2012-06-04,train,90_9
90,398,52,Bar,40.76362499327396,-73.99757623672485,2012-06-07 20:43:29,2012-06-04,train,90_9
90,398,52,Bar,40.76362499327396,-73.99757623672485,2012-06-08 21:25:20,2012-06-04,train,90_9
90,398,52,Bar,40.76362499327396,-73.99757623672485,2012-06-09 22:15:50,2012-06-04,train,90_9
91,2619,61,Office,40.75665893266305,-73.9824089319623,2012-06-06 08:55:42,2012-06-04,train,91_7
91,2752,42,Food & Drink Shop,40.778504,-73.982092,2012-06-06 16:32:36,2012-06-04,train,91_7
91,4511,6,Home (private),40.76087144655763,-73.98887973002674,2012-06-07 12:10:53,2012-06-04,train,91_7
91,918,130,Burger Joint,40.762404872356775,-73.98765445595464,2012-06-07 12:55:33,2012-06-04,train,91_7
91,4511,6,Home (private),40.76087144655763,-73.98887973002674,2012-06-07 18:45:13,2012-06-04,train,91_7
91,2619,61,Office,40.75665893266305,-73.9824089319623,2012-06-08 10:13:18,2012-06-04,train,91_7
91,4511,6,Home (private),40.76087144655763,-73.98887973002674,2012-06-08 21:10:52,2012-06-04,train,91_7
91,586,255,Flea Market,40.687415187557306,-73.96922528743744,2012-06-09 12:43:34,2012-06-04,train,91_7
94,1007,61,Office,40.74551752113523,-73.99235129356384,2012-06-04 09:34:19,2012-06-04,train,94_9
94,1594,264,Subway,40.73822396962131,-73.99621367454529,2012-06-04 20:40:45,2012-06-04,train,94_9
94,1007,61,Office,40.74551752113523,-73.99235129356384,2012-06-05 10:39:39,2012-06-04,train,94_9
94,1007,61,Office,40.74551752113523,-73.99235129356384,2012-06-06 10:00:30,2012-06-04,train,94_9
94,1007,61,Office,40.74551752113523,-73.99235129356384,2012-06-08 10:25:08,2012-06-04,train,94_9
94,4500,201,Ice Cream Shop,40.73647548003712,-73.99754824880391,2012-06-08 21:34:13,2012-06-04,train,94_9
94,357,70,Train Station,40.750794799423865,-73.99357639021292,2012-06-09 11:16:26,2012-06-04,train,94_9
96,350,183,University,40.72898242586681,-73.9958381652832,2012-06-04 09:00:19,2012-06-04,train,96_3
96,625,122,Plaza,40.756489872673846,-73.98626804351807,2012-06-04 19:23:02,2012-06-04,train,96_3
96,405,241,Airport,40.645089355976346,-73.7845230102539,2012-06-04 22:44:10,2012-06-04,train,96_3
97,1542,61,Office,40.72773425342832,-74.00777435855494,2012-06-05 09:40:30,2012-06-04,train,97_5
97,1542,61,Office,40.72773425342832,-74.00777435855494,2012-06-06 09:01:52,2012-06-04,train,97_5
97,617,222,Coffee Shop,40.727612,-74.007306,2012-06-07 09:13:06,2012-06-04,train,97_5
97,1542,61,Office,40.72773425342832,-74.00777435855494,2012-06-07 09:57:50,2012-06-04,train,97_5
97,617,222,Coffee Shop,40.727612,-74.007306,2012-06-08 09:04:36,2012-06-04,train,97_5
97,1542,61,Office,40.72773425342832,-74.00777435855494,2012-06-08 10:30:10,2012-06-04,train,97_5
98,3418,28,Salon / Barbershop,40.81615510451447,-74.22036003768103,2012-06-06 08:46:31,2012-06-04,train,98_4
98,3418,28,Salon / Barbershop,40.81615510451447,-74.22036003768103,2012-06-07 11:17:36,2012-06-04,train,98_4
98,3418,28,Salon / Barbershop,40.81615510451447,-74.22036003768103,2012-06-08 09:30:14,2012-06-04,train,98_4
98,310,214,Bar,40.74212740110424,-73.9985812139799,2012-06-09 23:21:49,2012-06-04,train,98_4
98,310,214,Bar,40.74212740110424,-73.9985812139799,2012-06-09 23:49:44,2012-06-04,train,98_4
102,2484,39,Beer Garden,40.67621785391348,-73.98339539766312,2012-06-04 00:27:39,2012-06-04,train,102_7
102,189,238,Music Venue,40.7221525738643,-73.98682594299316,2012-06-04 20:26:52,2012-06-04,train,102_7
102,956,201,Ice Cream Shop,40.68410746342771,-73.999344456893,2012-06-06 19:58:39,2012-06-04,train,102_7
102,319,258,Food & Drink Shop,40.67685118834076,-73.98010177430896,2012-06-07 19:45:44,2012-06-04,train,102_7
102,4046,255,Flea Market,40.691707934646594,-73.98287954280876,2012-06-10 13:40:34,2012-06-04,train,102_7
102,365,107,Cuban Restaurant,40.68647960590641,-73.97434294223785,2012-06-10 16:26:44,2012-06-04,train,102_7
104,402,259,Hotel,40.758328,-73.985457,2012-06-04 08:46:29,2012-06-04,train,104_6
104,1930,301,Neighborhood,40.71834202528393,-74.00061816553153,2012-06-06 18:22:02,2012-06-04,train,104_6
104,1387,259,Hotel,40.75645362530212,-73.98866451851946,2012-06-07 10:53:38,2012-06-04,train,104_6
104,1387,259,Hotel,40.75664772136781,-73.98870469135245,2012-06-08 08:54:39,2012-06-04,train,104_6
104,2465,37,Bar,40.61429110761208,-73.99510928115475,2012-06-10 01:23:10,2012-06-04,train,104_6
105,3239,165,College Academic Building,40.59072475834817,-73.95089260470327,2012-06-04 07:44:42,2012-06-04,train,105_7
105,3710,194,Mexican Restaurant,40.67335042443954,-73.95708033593266,2012-06-07 11:57:24,2012-06-04,train,105_7
105,2081,138,Gym / Fitness Center,40.61252119041974,-73.91296403631098,2012-06-07 16:47:32,2012-06-04,train,105_7
105,3239,165,College Academic Building,40.59072475834817,-73.95089260470327,2012-06-08 07:57:54,2012-06-04,train,105_7
106,405,241,Airport,40.645089355976346,-73.7845230102539,2012-06-04 19:54:47,2012-06-04,train,106_7
106,405,241,Airport,40.645089355976346,-73.7845230102539,2012-06-04 19:54:53,2012-06-04,train,106_7
106,3804,281,Residential Building (Apartment / Condo),40.79481299178466,-73.9623380296344,2012-06-04 23:14:24,2012-06-04,train,106_7
106,179,121,Park,40.75372797263211,-73.98368835767094,2012-06-04 23:28:00,2012-06-04,train,106_7
106,1220,222,Coffee Shop,40.75755033809161,-73.98486527831999,2012-06-05 10:46:01,2012-06-04,train,106_7
106,896,119,Other Great Outdoors,40.78447335869806,-73.96120548248291,2012-06-06 05:50:18,2012-06-04,train,106_7
106,2050,61,Office,40.75603128410371,-73.98568596648084,2012-06-06 11:15:22,2012-06-04,train,106_7
106,2968,130,Burger Joint,40.75845677498381,-73.98914046612941,2012-06-06 12:40:12,2012-06-04,train,106_7
106,391,80,Building,40.74828059076867,-73.98556262254715,2012-06-06 22:13:16,2012-06-04,train,106_7
106,2050,61,Office,40.75603128410371,-73.98568596648084,2012-06-07 07:38:41,2012-06-04,train,106_7
106,3251,128,Bakery,40.747631,-73.98613,2012-06-07 12:18:41,2012-06-04,train,106_7
106,2968,130,Burger Joint,40.75845677498381,-73.98914046612941,2012-06-07 20:06:46,2012-06-04,train,106_7
106,2050,61,Office,40.75603128410371,-73.98568596648084,2012-06-08 09:24:53,2012-06-04,train,106_7
106,896,119,Other Great Outdoors,40.78447335869806,-73.96120548248291,2012-06-09 06:24:47,2012-06-04,train,106_7
106,987,257,Road,40.76117085825042,-74.01128768920898,2012-06-09 11:14:07,2012-06-04,train,106_7
106,109,50,Bar,40.752548117544286,-73.97774293524516,2012-06-09 21:41:56,2012-06-04,train,106_7
106,896,119,Other Great Outdoors,40.78447335869806,-73.96120548248291,2012-06-10 06:31:23,2012-06-04,train,106_7
106,4216,83,Church,40.78534773308225,-73.97571695061713,2012-06-10 08:59:23,2012-06-04,train,106_7
106,179,121,Park,40.75372797263211,-73.98368835767094,2012-06-10 10:34:27,2012-06-04,train,106_7
107,3421,93,Breakfast Spot,40.706475439095264,-73.80270725988083,2012-06-04 07:11:14,2012-06-04,train,107_9
107,3036,73,Bus Station,40.709070596264056,-73.80420080960938,2012-06-04 18:18:22,2012-06-04,train,107_9
107,3421,93,Breakfast Spot,40.706475439095264,-73.80270725988083,2012-06-05 06:39:26,2012-06-04,train,107_9
107,3421,93,Breakfast Spot,40.706475439095264,-73.80270725988083,2012-06-06 06:44:54,2012-06-04,train,107_9
107,3421,93,Breakfast Spot,40.706475439095264,-73.80270725988083,2012-06-07 06:52:36,2012-06-04,train,107_9
107,3036,73,Bus Station,40.709070596264056,-73.80420080960938,2012-06-07 17:54:21,2012-06-04,train,107_9
107,3036,73,Bus Station,40.709070596264056,-73.80420080960938,2012-06-08 07:11:49,2012-06-04,train,107_9
107,3421,93,Breakfast Spot,40.706475439095264,-73.80270725988083,2012-06-08 07:29:03,2012-06-04,train,107_9
107,876,222,Coffee Shop,40.75811474431927,-73.82963977754116,2012-06-09 06:53:07,2012-06-04,train,107_9
107,3036,73,Bus Station,40.70930187857508,-73.80421804280999,2012-06-09 07:24:25,2012-06-04,train,107_9
107,2462,71,Train Station,40.67692778613304,-73.89869928359985,2012-06-09 14:06:22,2012-06-04,train,107_9
107,1076,222,Coffee Shop,40.726935293656254,-74.00015934446586,2012-06-09 18:16:06,2012-06-04,train,107_9
107,2115,26,Drugstore / Pharmacy,40.60586316648548,-73.98481362650024,2012-06-09 22:19:58,2012-06-04,train,107_9
107,2115,26,Drugstore / Pharmacy,40.60586316648548,-73.98481362650024,2012-06-10 09:13:32,2012-06-04,train,107_9
107,2028,42,Food & Drink Shop,40.76396260951911,-73.82912419785441,2012-06-10 18:04:11,2012-06-04,train,107_9
108,2008,264,Subway,40.68991271945739,-73.98150444030762,2012-06-04 23:06:09,2012-06-04,train,108_9
108,1481,264,Subway,40.68430737873073,-73.97759780287743,2012-06-04 23:06:43,2012-06-04,train,108_9
108,423,70,Train Station,40.68456336807219,-73.97761667053776,2012-06-04 23:06:57,2012-06-04,train,108_9
108,3723,61,Office,40.598756425000005,-73.99783441999999,2012-06-05 10:42:04,2012-06-04,train,108_9
108,1481,264,Subway,40.68430737873073,-73.97759780287743,2012-06-06 15:52:49,2012-06-04,train,108_9
108,1529,264,Subway,40.68805850973953,-73.98049054251578,2012-06-06 16:02:28,2012-06-04,train,108_9
108,3583,136,Office,40.688073736593104,-73.981043006149,2012-06-06 16:04:31,2012-06-04,train,108_9
108,2008,264,Subway,40.68991271945739,-73.98150444030762,2012-06-06 23:07:38,2012-06-04,train,108_9
108,1393,97,Diner,40.61000618011367,-74.00673570454957,2012-06-07 12:22:21,2012-06-04,train,108_9
108,2688,264,Subway,40.60189764651378,-73.99352073669434,2012-06-08 08:19:12,2012-06-04,train,108_9
108,1529,264,Subway,40.68805850973953,-73.98049054251578,2012-06-08 09:54:07,2012-06-04,train,108_9
108,3583,136,Office,40.688073736593104,-73.981043006149,2012-06-08 10:30:18,2012-06-04,train,108_9
108,4420,136,Office,40.6866771440928,-73.97945323993258,2012-06-08 10:32:09,2012-06-04,train,108_9
108,3657,6,Home (private),40.60259048645985,-73.98887973002674,2012-06-08 20:51:37,2012-06-04,train,108_9
108,423,70,Train Station,40.68456336807219,-73.97761667053776,2012-06-09 13:04:48,2012-06-04,train,108_9
108,3583,136,Office,40.688073736593104,-73.981043006149,2012-06-09 13:05:04,2012-06-04,train,108_9
108,4420,136,Office,40.6866771440928,-73.97945323993258,2012-06-09 13:05:34,2012-06-04,train,108_9
108,4420,136,Office,40.6866771440928,-73.97945323993258,2012-06-09 17:44:15,2012-06-04,train,108_9
108,3657,6,Home (private),40.60259048645985,-73.98887973002674,2012-06-09 22:05:34,2012-06-04,train,108_9
108,718,208,Ramen /  Noodle House,40.72931975,-73.98924,2012-06-10 00:38:49,2012-06-04,train,108_9
108,685,201,Ice Cream Shop,40.72957974686472,-73.9869141226312,2012-06-10 01:26:28,2012-06-04,train,108_9
108,3657,6,Home (private),40.60259048645985,-73.98887973002674,2012-06-10 12:35:36,2012-06-04,train,108_9
110,512,147,Movie Theater,40.75234609858383,-73.99408777489505,2012-06-09 20:38:14,2012-06-04,train,110_6
110,2276,222,Coffee Shop,40.71735292817359,-73.96039224047603,2012-06-10 15:19:47,2012-06-04,train,110_6
112,391,80,Building,40.74828059076867,-73.98556262254715,2012-06-07 11:41:45,2012-06-04,train,112_9
112,2392,61,Office,40.747832910398266,-73.98552527257162,2012-06-07 11:42:04,2012-06-04,train,112_9
113,475,63,Office,40.74106165791133,-74.0025638164589,2012-06-04 09:14:06,2012-06-04,train,113_7
113,987,257,Road,40.76117085825042,-74.01128768920898,2012-06-06 08:55:23,2012-06-04,train,113_7
113,475,63,Office,40.74106165791133,-74.0025638164589,2012-06-06 09:15:41,2012-06-04,train,113_7
113,475,63,Office,40.74106165791133,-74.0025638164589,2012-06-07 11:26:07,2012-06-04,train,113_7
113,475,63,Office,40.74106165791133,-74.0025638164589,2012-06-08 09:18:46,2012-06-04,train,113_7
113,436,241,Airport,40.68968493541091,-74.17938709259033,2012-06-09 20:38:38,2012-06-04,train,113_7
114,3302,183,University,40.7050892364702,-74.01143542547192,2012-06-07 12:12:43,2012-06-04,train,114_7
114,979,138,Gym / Fitness Center,40.66600335047696,-73.99015188217163,2012-06-09 14:34:17,2012-06-04,train,114_7
116,3107,61,Office,40.74496479182735,-73.99345636367798,2012-06-04 09:48:22,2012-06-04,train,116_6
116,1049,37,Bar,40.75302361800699,-73.99680376052856,2012-06-04 17:25:36,2012-06-04,train,116_6
116,4206,58,Electronics Store,40.72330662896355,-74.00072746825762,2012-06-06 13:00:04,2012-06-04,train,116_6
116,1049,37,Bar,40.75302361800699,-73.99680376052856,2012-06-06 18:38:23,2012-06-04,train,116_6
116,357,70,Train Station,40.750794799423865,-73.99357639021292,2012-06-06 19:05:10,2012-06-04,train,116_6
116,3317,131,Café,40.753205124603774,-73.9981163803399,2012-06-08 08:50:16,2012-06-04,train,116_6
116,3107,61,Office,40.74496479182735,-73.99345636367798,2012-06-08 08:50:24,2012-06-04,train,116_6
116,1049,37,Bar,40.75302361800699,-73.99680376052856,2012-06-08 12:29:55,2012-06-04,train,116_6
117,2274,61,Office,40.75005297929758,-73.97360801696777,2012-06-04 09:57:41,2012-06-04,train,117_7
117,2702,257,Road,40.72737259531574,-74.02115821838379,2012-06-08 08:04:46,2012-06-04,train,117_7
117,2274,61,Office,40.75005297929758,-73.97360801696777,2012-06-08 12:59:11,2012-06-04,train,117_7
117,32,37,Bar,40.752294,-74.008758,2012-06-08 14:30:15,2012-06-04,train,117_7
117,32,37,Bar,40.752294,-74.008758,2012-06-08 14:46:37,2012-06-04,train,117_7
117,1266,222,Coffee Shop,40.72568701208368,-74.00570103493192,2012-06-10 11:18:43,2012-06-04,train,117_7
120,4651,37,Bar,40.758846660085474,-73.9895510673523,2012-06-06 20:23:28,2012-06-04,train,120_7
120,4651,37,Bar,40.758846660085474,-73.9895510673523,2012-06-07 00:06:48,2012-06-04,train,120_7
120,4651,37,Bar,40.758846660085474,-73.9895510673523,2012-06-08 22:58:05,2012-06-04,train,120_7
120,190,157,Stadium,40.82827721161922,-73.92655344439045,2012-06-09 19:38:46,2012-06-04,train,120_7
121,622,61,Office,40.74050711736373,-73.98690838360204,2012-06-04 08:02:34,2012-06-04,train,121_9
121,622,61,Office,40.74050711736373,-73.98690838360204,2012-06-05 07:19:30,2012-06-04,train,121_9
121,622,61,Office,40.74050711736373,-73.98690838360204,2012-06-06 06:56:29,2012-06-04,train,121_9
121,622,61,Office,40.74050711736373,-73.98690838360204,2012-06-07 07:19:41,2012-06-04,train,121_9
121,622,61,Office,40.74050711736373,-73.98690838360204,2012-06-08 07:37:40,2012-06-04,train,121_9
121,481,42,Food & Drink Shop,40.76806170936614,-73.98184776306152,2012-06-08 17:33:19,2012-06-04,train,121_9
121,1921,239,Airport,40.69576975606927,-74.1773271560669,2012-06-09 07:36:04,2012-06-04,train,121_9
122,1252,102,American Restaurant,40.75992610830176,-74.02246410896758,2012-06-04 17:52:33,2012-06-04,train,122_6
122,1969,58,Electronics Store,40.88691373874851,-74.21341896057129,2012-06-07 13:41:49,2012-06-04,train,122_6
122,847,265,Mall,40.917335441802095,-74.0756607055664,2012-06-08 19:28:08,2012-06-04,train,122_6
122,2595,96,Deli / Bodega,40.92946910736723,-73.99539622013613,2012-06-08 21:15:49,2012-06-04,train,122_6
124,2968,130,Burger Joint,40.75845677498381,-73.98914046612941,2012-06-09 23:51:33,2012-06-04,train,124_5
124,4967,220,BBQ Joint,40.7418112381317,-73.98826278972687,2012-06-10 12:41:10,2012-06-04,train,124_5
125,1147,197,Sandwich Place,40.727297,-74.005485,2012-06-04 09:16:34,2012-06-04,train,125_9
125,1536,222,Coffee Shop,40.73340972232626,-74.00285648282618,2012-06-04 22:42:32,2012-06-04,train,125_9
125,1536,222,Coffee Shop,40.73340972232626,-74.00285648282618,2012-06-05 08:48:59,2012-06-04,train,125_9
125,1536,222,Coffee Shop,40.73340972232626,-74.00285648282618,2012-06-07 08:15:58,2012-06-04,train,125_9
125,1536,222,Coffee Shop,40.73340972232626,-74.00285648282618,2012-06-09 08:25:06,2012-06-04,train,125_9
126,3670,61,Office,40.73091410131154,-73.99139625200611,2012-06-04 09:30:08,2012-06-04,train,126_1
126,192,121,Park,40.73528249691621,-73.99040315158283,2012-06-05 08:49:42,2012-06-04,train,126_1
126,3670,61,Office,40.73091410131154,-73.99139625200611,2012-06-05 10:32:37,2012-06-04,train,126_1
126,660,122,Plaza,40.76803326982161,-73.98186922073364,2012-06-06 09:09:26,2012-06-04,train,126_1
126,3670,61,Office,40.73091410131154,-73.99139625200611,2012-06-06 09:32:06,2012-06-04,train,126_1
126,3451,48,Bar,40.754023,-73.995567,2012-06-06 21:49:11,2012-06-04,train,126_1
126,1475,241,Airport,40.773839,-73.87122,2012-06-07 09:16:41,2012-06-04,train,126_1
127,1461,137,Gym / Fitness Center,40.7669055013556,-73.95784948347529,2012-06-04 10:03:20,2012-06-04,train,127_7
127,235,37,Bar,40.737831,-73.981022,2012-06-05 00:12:01,2012-06-04,train,127_7
127,4928,6,Home (private),40.745981761090256,-73.95361626406626,2012-06-05 03:30:42,2012-06-04,train,127_7
127,1461,137,Gym / Fitness Center,40.7669055013556,-73.95784948347529,2012-06-06 09:50:16,2012-06-04,train,127_7
127,100,232,Music Venue,40.768369,-73.955709,2012-06-06 18:58:01,2012-06-04,train,127_7
127,4928,6,Home (private),40.745981761090256,-73.95361626406626,2012-06-06 23:15:15,2012-06-04,train,127_7
127,1461,137,Gym / Fitness Center,40.7669055013556,-73.95784948347529,2012-06-07 18:49:43,2012-06-04,train,127_7
127,100,232,Music Venue,40.768369,-73.955709,2012-06-07 18:51:22,2012-06-04,train,127_7
127,4928,6,Home (private),40.745981761090256,-73.95361626406626,2012-06-08 10:01:58,2012-06-04,train,127_7
127,1461,137,Gym / Fitness Center,40.7669055013556,-73.95784948347529,2012-06-09 15:19:17,2012-06-04,train,127_7
127,308,214,Bar,40.76415461906297,-73.9868969055432,2012-06-09 22:32:11,2012-06-04,train,127_7
127,466,214,Bar,40.763512849967526,-73.9869198616602,2012-06-10 01:22:46,2012-06-04,train,127_7
127,4928,6,Home (private),40.745981761090256,-73.95361626406626,2012-06-10 10:09:28,2012-06-04,train,127_7
129,234,121,Park,40.74218830848454,-73.98792418909154,2012-06-04 08:04:48,2012-06-04,train,129_9
129,249,130,Burger Joint,40.74140750304299,-73.98843795061111,2012-06-04 19:13:46,2012-06-04,train,129_9
129,234,121,Park,40.74218830848454,-73.98792418909154,2012-06-05 07:52:34,2012-06-04,train,129_9
129,234,121,Park,40.74218830848454,-73.98792418909154,2012-06-06 06:55:05,2012-06-04,train,129_9
129,234,121,Park,40.74218830848454,-73.98792418909154,2012-06-06 14:23:10,2012-06-04,train,129_9
129,234,121,Park,40.74218830848454,-73.98792418909154,2012-06-07 08:06:21,2012-06-04,train,129_9
129,2773,257,Road,40.729798,-74.038666,2012-06-08 10:59:13,2012-06-04,train,129_9
129,234,121,Park,40.74218830848454,-73.98792418909154,2012-06-08 11:41:14,2012-06-04,train,129_9
129,234,121,Park,40.74218830848454,-73.98792418909154,2012-06-09 07:08:51,2012-06-04,train,129_9
129,2180,216,Tea Room,40.74095989432878,-73.98918102573148,2012-06-09 07:47:32,2012-06-04,train,129_9
129,234,121,Park,40.74218830848454,-73.98792418909154,2012-06-09 07:48:57,2012-06-04,train,129_9
129,406,147,Movie Theater,40.73416736029532,-73.99048715829849,2012-06-09 18:15:31,2012-06-04,train,129_9
129,234,121,Park,40.74218830848454,-73.98792418909154,2012-06-10 07:41:23,2012-06-04,train,129_9
129,3234,222,Coffee Shop,40.741904376575214,-73.98906826972961,2012-06-10 08:27:29,2012-06-04,train,129_9
129,234,121,Park,40.74218830848454,-73.98792418909154,2012-06-10 11:09:16,2012-06-04,train,129_9
129,954,146,Movie Theater,40.74492342607472,-73.9980360386088,2012-06-10 13:32:59,2012-06-04,train,129_9
129,234,121,Park,40.74218830848454,-73.98792418909154,2012-06-10 17:17:37,2012-06-04,train,129_9
132,106,41,Bar,40.7272429622671,-73.98270162908769,2012-06-05 00:00:20,2012-06-04,train,132_7
132,2966,61,Office,40.739435,-73.989745,2012-06-06 14:26:38,2012-06-04,train,132_7
132,4659,55,Bar,40.69995922011666,-73.9226951689998,2012-06-06 21:29:46,2012-06-04,train,132_7
132,3962,37,Bar,40.707225,-73.92125,2012-06-07 01:32:02,2012-06-04,train,132_7
132,755,37,Bar,40.70251200697889,-73.92677693272807,2012-06-07 01:47:18,2012-06-04,train,132_7
132,2966,61,Office,40.739435,-73.989745,2012-06-07 11:49:55,2012-06-04,train,132_7
132,830,37,Bar,40.73743415035814,-73.99128147407096,2012-06-08 13:04:43,2012-06-04,train,132_7
132,3962,37,Bar,40.707225,-73.92125,2012-06-10 01:07:36,2012-06-04,train,132_7
132,4659,55,Bar,40.69995922011666,-73.9226951689998,2012-06-10 18:03:51,2012-06-04,train,132_7
133,1068,183,University,40.721664700472566,-73.79473686218262,2012-06-07 10:52:55,2012-06-04,train,133_1
133,3981,6,Home (private),40.72412957959175,-73.80073403370818,2012-06-08 19:49:46,2012-06-04,train,133_1
133,357,70,Train Station,40.750794799423865,-73.99357639021292,2012-06-09 12:30:11,2012-06-04,train,133_1
133,587,266,Bus Station,40.75722129839836,-73.99154663085938,2012-06-09 23:16:08,2012-06-04,train,133_1
133,3981,6,Home (private),40.72412957959175,-73.80073403370818,2012-06-10 07:57:34,2012-06-04,train,133_1
134,1291,264,Subway,40.76669659750053,-73.92148733139038,2012-06-06 14:59:39,2012-06-04,train,134_9
134,3476,6,Home (private),40.77226863280218,-73.93010370763156,2012-06-06 23:19:09,2012-06-04,train,134_9
134,190,157,Stadium,40.82827721161922,-73.92655344439045,2012-06-07 15:50:40,2012-06-04,train,134_9
134,1291,264,Subway,40.76669659750053,-73.92148733139038,2012-06-08 14:58:04,2012-06-04,train,134_9
134,190,157,Stadium,40.82827721161922,-73.92655344439045,2012-06-08 15:26:24,2012-06-04,train,134_9
134,1291,264,Subway,40.76669659750053,-73.92148733139038,2012-06-09 15:12:18,2012-06-04,train,134_9
135,4280,6,Home (private),40.80356163623484,-73.94186034276925,2012-06-04 05:02:50,2012-06-04,train,135_7
135,4295,137,Gym / Fitness Center,40.72255535553747,-73.99940758211055,2012-06-04 06:16:15,2012-06-04,train,135_7
135,4295,137,Gym / Fitness Center,40.72255535553747,-73.99940758211055,2012-06-06 06:48:40,2012-06-04,train,135_7
135,597,55,Bar,40.749522986346776,-73.98322963061759,2012-06-06 21:31:03,2012-06-04,train,135_7
135,3271,103,Southern / Soul Food Restaurant,40.808262651264165,-73.94514667689515,2012-06-06 22:48:49,2012-06-04,train,135_7
135,4280,6,Home (private),40.80356163623484,-73.94186034276925,2012-06-06 23:44:52,2012-06-04,train,135_7
135,4295,137,Gym / Fitness Center,40.72255535553747,-73.99940758211055,2012-06-07 07:25:26,2012-06-04,train,135_7
135,459,252,Food & Drink Shop,40.72413519041223,-73.99778927450977,2012-06-07 07:25:55,2012-06-04,train,135_7
135,3417,63,Office,40.74226610630077,-73.98446559906006,2012-06-07 10:03:16,2012-06-04,train,135_7
135,245,137,Gym / Fitness Center,40.728279,-73.992795,2012-06-07 20:24:57,2012-06-04,train,135_7
135,436,241,Airport,40.68968493541091,-74.17938709259033,2012-06-08 21:02:05,2012-06-04,train,135_7
137,1550,78,Library,40.79659548530821,-74.1974997892039,2012-06-06 18:10:00,2012-06-04,train,137_1
137,1056,248,Toy / Game Store,40.75727261748517,-73.98569170554654,2012-06-08 14:09:35,2012-06-04,train,137_1
137,3272,248,Toy / Game Store,40.75839932694621,-73.98532455096999,2012-06-08 14:58:01,2012-06-04,train,137_1
137,1550,78,Library,40.79659548530821,-74.1974997892039,2012-06-09 10:37:59,2012-06-04,train,137_1
138,582,39,Beer Garden,40.67230729295687,-73.95784374357962,2012-06-09 11:54:17,2012-06-04,train,138_8
138,500,110,American Restaurant,40.6798406666926,-73.97478818893433,2012-06-09 17:25:15,2012-06-04,train,138_8
138,576,102,American Restaurant,40.731155872068506,-73.98872764725327,2012-06-10 17:34:26,2012-06-04,train,138_8
139,1559,128,Bakery,40.755564,-73.922738,2012-06-05 07:27:52,2012-06-04,train,139_9
139,1268,4,Gym / Fitness Center,40.75538459186637,-73.9226245880127,2012-06-08 18:10:56,2012-06-04,train,139_9
139,1559,128,Bakery,40.755564,-73.922738,2012-06-08 20:41:28,2012-06-04,train,139_9
139,1858,264,Subway,40.746639222374434,-73.94554138183594,2012-06-10 09:39:32,2012-06-04,train,139_9
139,192,121,Park,40.73528249691621,-73.99040315158283,2012-06-10 10:17:58,2012-06-04,train,139_9
139,1412,205,South American Restaurant,40.75853889941316,-73.91909556781204,2012-06-10 17:25:33,2012-06-04,train,139_9
141,904,84,Performing Arts Venue,40.74583423860072,-73.99327860034312,2012-06-05 01:49:39,2012-06-04,train,141_7
141,1723,246,Performing Arts Venue,40.77114935894503,-73.98270606994629,2012-06-06 21:31:47,2012-06-04,train,141_7
141,607,245,General Entertainment,40.72306982876064,-74.00795224900666,2012-06-07 13:13:10,2012-06-04,train,141_7
141,1723,246,Performing Arts Venue,40.77114935894503,-73.98270606994629,2012-06-07 13:14:12,2012-06-04,train,141_7
141,1723,246,Performing Arts Venue,40.77114935894503,-73.98270606994629,2012-06-07 20:23:48,2012-06-04,train,141_7
143,579,37,Bar,40.73522028292828,-74.01000084647572,2012-06-04 23:43:09,2012-06-04,train,143_8
143,4130,37,Bar,40.75599818752485,-73.99114966392517,2012-06-06 21:40:57,2012-06-04,train,143_8
143,123,238,Music Venue,40.74132956997647,-73.98120944300699,2012-06-09 00:37:13,2012-06-04,train,143_8
143,826,130,Burger Joint,40.713240189310966,-74.01618003845215,2012-06-09 18:40:24,2012-06-04,train,143_8
143,3085,37,Bar,40.722342,-73.983208,2012-06-10 02:00:50,2012-06-04,train,143_8
143,265,37,Bar,40.740727951827786,-74.00861104297583,2012-06-10 17:13:29,2012-06-04,train,143_8
143,186,108,Gastropub,40.73183947931137,-74.00335573618469,2012-06-10 18:16:48,2012-06-04,train,143_8
144,190,157,Stadium,40.82827721161922,-73.92655344439045,2012-06-08 20:37:46,2012-06-04,train,144_8
144,2399,27,Italian Restaurant,40.82919,-73.948376,2012-06-10 14:01:32,2012-06-04,train,144_8
148,185,47,Bar,40.77932013777914,-73.95068596090888,2012-06-04 20:29:18,2012-06-04,train,148_5
148,2819,61,Office,40.76308021048571,-73.97902279555453,2012-06-07 08:22:30,2012-06-04,train,148_5
148,4808,138,Gym / Fitness Center,40.81729606445422,-73.93546833492098,2012-06-07 20:54:20,2012-06-04,train,148_5
148,1023,222,Coffee Shop,40.74195652995381,-73.99369478514325,2012-06-08 16:18:25,2012-06-04,train,148_5
148,759,37,Bar,40.71892124265764,-73.95938776936617,2012-06-08 18:45:39,2012-06-04,train,148_5
150,2707,61,Office,40.74266728649464,-74.00531256725206,2012-06-04 08:28:09,2012-06-04,train,150_9
150,1534,52,Bar,40.74423228466319,-74.00669553549685,2012-06-05 00:16:00,2012-06-04,train,150_9
150,2707,61,Office,40.74266728649464,-74.00531256725206,2012-06-06 10:13:30,2012-06-04,train,150_9
150,2707,61,Office,40.74266728649464,-74.00531256725206,2012-06-07 09:31:38,2012-06-04,train,150_9
150,2707,61,Office,40.74266728649464,-74.00531256725206,2012-06-08 10:10:01,2012-06-04,train,150_9
150,847,265,Mall,40.917335441802095,-74.0756607055664,2012-06-10 15:22:04,2012-06-04,train,150_9
153,1143,222,Coffee Shop,40.752285553402615,-73.98580074776224,2012-06-06 07:36:41,2012-06-04,train,153_5
153,1535,146,Movie Theater,40.690525226258906,-73.99196440177379,2012-06-09 11:02:21,2012-06-04,train,153_5
154,2047,61,Office,40.762428810104495,-73.96868036240978,2012-06-04 08:19:04,2012-06-04,train,154_7
154,1312,163,Medical Center,40.79005808189985,-73.95325005054474,2012-06-05 07:27:50,2012-06-04,train,154_7
154,2047,61,Office,40.762428810104495,-73.96868036240978,2012-06-06 08:07:01,2012-06-04,train,154_7
154,2047,61,Office,40.762428810104495,-73.96868036240978,2012-06-07 08:33:46,2012-06-04,train,154_7
154,2047,61,Office,40.762428810104495,-73.96868036240978,2012-06-08 08:37:45,2012-06-04,train,154_7
154,3262,39,Beer Garden,40.687147,-73.990846,2012-06-09 21:10:02,2012-06-04,train,154_7
156,435,224,Arcade,40.756717428206045,-73.98858547210693,2012-06-04 18:28:50,2012-06-04,train,156_9
156,495,134,Event Space,40.782860080688806,-73.95289014999135,2012-06-06 20:06:41,2012-06-04,train,156_9
156,184,238,Music Venue,40.720480045234375,-73.99355980323412,2012-06-08 21:03:25,2012-06-04,train,156_9
156,1885,138,Gym / Fitness Center,40.722427710238776,-73.99760563590422,2012-06-09 10:54:33,2012-06-04,train,156_9
156,1885,138,Gym / Fitness Center,40.722427710238776,-73.99760563590422,2012-06-10 10:54:47,2012-06-04,train,156_9
156,576,102,American Restaurant,40.731155872068506,-73.98872764725327,2012-06-10 12:59:05,2012-06-04,train,156_9
158,4747,55,Bar,40.718690227529656,-73.98931302179598,2012-06-09 01:02:41,2012-06-04,train,158_6
158,186,108,Gastropub,40.73183947931137,-74.00335573618469,2012-06-09 16:53:11,2012-06-04,train,158_6
158,55,41,Bar,40.72449429624432,-73.99334746639536,2012-06-09 21:12:12,2012-06-04,train,158_6
158,486,147,Movie Theater,40.74276195733468,-73.97692322731018,2012-06-10 13:31:13,2012-06-04,train,158_6
162,3078,245,General Entertainment,40.87828303779774,-74.15898084640503,2012-06-04 19:08:20,2012-06-04,train,162_8
162,804,70,Train Station,40.73420076077984,-74.16483829470191,2012-06-09 11:06:26,2012-06-04,train,162_8
163,3865,63,Office,40.710432469677535,-74.01041974465554,2012-06-04 09:35:57,2012-06-04,train,163_9
163,3865,63,Office,40.710432469677535,-74.01041974465554,2012-06-05 08:47:02,2012-06-04,train,163_9
163,3865,63,Office,40.710432469677535,-74.01041974465554,2012-06-06 14:57:24,2012-06-04,train,163_9
163,899,42,Food & Drink Shop,40.70833915788416,-74.00792355700952,2012-06-07 13:30:53,2012-06-04,train,163_9
163,3865,63,Office,40.710432469677535,-74.01041974465554,2012-06-08 10:17:43,2012-06-04,train,163_9
164,3517,137,Gym / Fitness Center,40.72983,-74.00692,2012-06-04 06:51:05,2012-06-04,train,164_9
164,3597,110,American Restaurant,40.78401843692215,-73.97452399134636,2012-06-04 17:53:53,2012-06-04,train,164_9
164,1791,303,Recycling Facility,40.73115325587209,-74.00852608804568,2012-06-07 10:25:17,2012-06-04,train,164_9
164,405,241,Airport,40.645089355976346,-73.7845230102539,2012-06-08 07:47:06,2012-06-04,train,164_9
165,1782,264,Subway,40.75645736467708,-73.92966270446777,2012-06-04 09:00:20,2012-06-04,train,165_7
165,1434,93,Breakfast Spot,40.76054276795792,-73.96734877681962,2012-06-04 10:11:42,2012-06-04,train,165_7
165,705,19,Bank,40.76093875624434,-73.96733155798016,2012-06-04 10:11:58,2012-06-04,train,165_7
165,4910,281,Residential Building (Apartment / Condo),40.756283026857695,-73.92990565274098,2012-06-04 17:29:58,2012-06-04,train,165_7
165,1782,264,Subway,40.75645736467708,-73.92966270446777,2012-06-05 08:34:45,2012-06-04,train,165_7
165,1515,264,Subway,40.75047562272483,-73.94028425216675,2012-06-05 08:42:03,2012-06-04,train,165_7
165,1515,264,Subway,40.75047562272483,-73.94028425216675,2012-06-06 09:23:26,2012-06-04,train,165_7
165,4910,281,Residential Building (Apartment / Condo),40.756283026857695,-73.92990565274098,2012-06-06 17:51:49,2012-06-04,train,165_7
165,1782,264,Subway,40.75645736467708,-73.92966270446777,2012-06-07 08:32:47,2012-06-04,train,165_7
165,1515,264,Subway,40.75047562272483,-73.94028425216675,2012-06-07 10:02:24,2012-06-04,train,165_7
165,1782,264,Subway,40.75645736467708,-73.92966270446777,2012-06-08 09:13:01,2012-06-04,train,165_7
165,1434,93,Breakfast Spot,40.76054276795792,-73.96734877681962,2012-06-08 09:34:16,2012-06-04,train,165_7
165,4910,281,Residential Building (Apartment / Condo),40.756283026857695,-73.92990565274098,2012-06-08 19:10:03,2012-06-04,train,165_7
165,1782,264,Subway,40.75645736467708,-73.92966270446777,2012-06-09 15:46:02,2012-06-04,train,165_7
165,4910,281,Residential Building (Apartment / Condo),40.756283026857695,-73.92990565274098,2012-06-09 18:57:51,2012-06-04,train,165_7
168,484,4,Gym / Fitness Center,40.72923877989725,-73.98936467240519,2012-06-07 11:57:32,2012-06-04,train,168_6
168,813,120,Other Great Outdoors,40.73166539024325,-73.97783517837524,2012-06-07 14:24:58,2012-06-04,train,168_6
168,1032,138,Gym / Fitness Center,40.73003391698606,-73.99233168961688,2012-06-07 17:41:01,2012-06-04,train,168_6
168,61,130,Burger Joint,40.78231651442974,-73.98111283779144,2012-06-08 14:47:21,2012-06-04,train,168_6
168,234,121,Park,40.74218830848454,-73.98792418909154,2012-06-09 13:44:02,2012-06-04,train,168_6
168,4967,220,BBQ Joint,40.7418112381317,-73.98826278972687,2012-06-09 14:20:18,2012-06-04,train,168_6
169,3777,301,Neighborhood,40.68383327254962,-73.93749474191857,2012-06-04 19:07:41,2012-06-04,train,169_9
169,4008,136,Office,40.75422695442098,-73.98861286772178,2012-06-06 19:03:59,2012-06-04,train,169_9
169,433,194,Mexican Restaurant,40.73811372290695,-74.0019670052254,2012-06-06 20:22:48,2012-06-04,train,169_9
169,438,42,Food & Drink Shop,40.67420193066911,-74.01670575141907,2012-06-07 14:08:33,2012-06-04,train,169_9
169,1004,55,Bar,40.754018027698336,-73.98453241079356,2012-06-08 17:16:18,2012-06-04,train,169_9
170,3604,137,Gym / Fitness Center,40.73804698287267,-73.99048376552447,2012-06-06 07:57:53,2012-06-04,train,170_5
170,234,121,Park,40.74218830848454,-73.98792418909154,2012-06-09 14:32:49,2012-06-04,train,170_5
171,1396,202,Pizza Place,40.88662326335907,-73.878341,2012-06-04 09:21:25,2012-06-04,train,171_8
171,4131,16,Clothing Store,40.77909533410843,-73.98122549057007,2012-06-04 10:12:25,2012-06-04,train,171_8
171,3524,222,Coffee Shop,40.89567307366464,-73.87661933898926,2012-06-05 08:22:52,2012-06-04,train,171_8
171,3153,236,Playground,40.7772917298741,-73.98412227630615,2012-06-06 10:45:08,2012-06-04,train,171_8
171,2062,26,Drugstore / Pharmacy,40.74586843819785,-73.97830538611639,2012-06-06 13:08:53,2012-06-04,train,171_8
171,357,70,Train Station,40.750794799423865,-73.99357639021292,2012-06-06 13:32:49,2012-06-04,train,171_8
171,4496,7,Clothing Store,40.74115766851602,-73.99817950596213,2012-06-06 15:14:29,2012-06-04,train,171_8
171,4056,256,Furniture / Home Store,40.7416013615111,-73.9992009904121,2012-06-07 14:48:09,2012-06-04,train,171_8
171,3966,203,Food Truck,40.779158,-73.98163318634033,2012-06-07 16:14:06,2012-06-04,train,171_8
171,3966,203,Food Truck,40.779158,-73.98163318634033,2012-06-08 11:44:13,2012-06-04,train,171_8
171,2803,58,Electronics Store,40.75080071190104,-73.9912986907656,2012-06-08 11:55:47,2012-06-04,train,171_8
171,4496,7,Clothing Store,40.74115766851602,-73.99817950596213,2012-06-08 16:04:12,2012-06-04,train,171_8
171,4126,121,Park,40.78321,-73.984541,2012-06-08 18:22:16,2012-06-04,train,171_8
171,1396,202,Pizza Place,40.88662326335907,-73.878341,2012-06-09 10:05:14,2012-06-04,train,171_8
171,4131,16,Clothing Store,40.77909533410843,-73.98122549057007,2012-06-09 11:31:41,2012-06-04,train,171_8
171,1950,78,Library,40.77322937882862,-73.98461580276489,2012-06-09 14:11:24,2012-06-04,train,171_8
172,3886,74,Government Building,40.90300406983152,-74.07862186431885,2012-06-04 10:45:47,2012-06-04,train,172_8
172,2243,197,Sandwich Place,40.93899093189543,-74.11943383246316,2012-06-05 08:36:06,2012-06-04,train,172_8
172,3844,83,Church,40.9250807762146,-74.1067879,2012-06-05 09:03:38,2012-06-04,train,172_8
172,3859,6,Home (private),40.92549192900452,-74.10637760442646,2012-06-06 18:10:19,2012-06-04,train,172_8
172,2649,75,Government Building,40.81286730550947,-73.96330833435059,2012-06-07 14:16:35,2012-06-04,train,172_8
172,3859,6,Home (private),40.92549192900452,-74.10637760442646,2012-06-08 20:46:27,2012-06-04,train,172_8
172,847,265,Mall,40.917335441802095,-74.0756607055664,2012-06-09 14:41:16,2012-06-04,train,172_8
172,3859,6,Home (private),40.92549192900452,-74.10637760442646,2012-06-09 16:58:55,2012-06-04,train,172_8
172,3844,83,Church,40.9250807762146,-74.1067879,2012-06-10 11:36:43,2012-06-04,train,172_8
173,3057,37,Bar,40.730887,-74.001079,2012-06-04 20:34:20,2012-06-04,train,173_6
173,351,268,Convention Center,40.75671096305903,-74.00100198012031,2012-06-05 08:35:18,2012-06-04,train,173_6
173,3262,39,Beer Garden,40.687147,-73.990846,2012-06-07 20:04:04,2012-06-04,train,173_6
173,2266,121,Park,40.702634,-73.996119,2012-06-09 14:18:06,2012-06-04,train,173_6
174,3667,2,Gym / Fitness Center,40.92399288858661,-73.99764006815617,2012-06-06 09:20:10,2012-06-04,train,174_9
174,2143,2,Gym / Fitness Center,40.92405018986446,-73.99747364554779,2012-06-06 09:20:34,2012-06-04,train,174_9
174,4765,2,Gym / Fitness Center,40.92401798641897,-73.99767450040193,2012-06-06 09:20:51,2012-06-04,train,174_9
174,3198,317,City,40.92376506001903,-73.99755972622535,2012-06-06 09:21:06,2012-06-04,train,174_9
174,3667,2,Gym / Fitness Center,40.92399288858661,-73.99764006815617,2012-06-07 12:54:14,2012-06-04,train,174_9
174,4765,2,Gym / Fitness Center,40.92401798641897,-73.99767450040193,2012-06-07 12:55:04,2012-06-04,train,174_9
174,2910,122,Plaza,40.73088490267309,-74.0643310546875,2012-06-08 09:26:04,2012-06-04,train,174_9
174,436,241,Airport,40.68968493541091,-74.17938709259033,2012-06-08 10:48:46,2012-06-04,train,174_9
175,740,227,Beach,40.57334843776636,-73.98030281066895,2012-06-04 06:20:07,2012-06-04,train,175_9
175,4948,301,Neighborhood,40.57683701805455,-73.98165136086156,2012-06-04 06:20:31,2012-06-04,train,175_9
175,1002,70,Train Station,40.69902344282463,-73.81001472473143,2012-06-04 08:31:55,2012-06-04,train,175_9
175,2742,264,Subway,40.57782667559751,-73.9607481089862,2012-06-04 22:25:31,2012-06-04,train,175_9
175,4298,280,Travel & Transport,40.79784234877872,-73.92248849513746,2012-06-07 02:31:18,2012-06-04,train,175_9
175,2084,264,Subway,40.82786090041683,-73.925651460886,2012-06-07 02:54:48,2012-06-04,train,175_9
175,1978,264,Subway,40.87967830256009,-73.88464450836182,2012-06-07 04:23:30,2012-06-04,train,175_9
175,2310,264,Subway,40.88357190912476,-73.86267185211182,2012-06-07 05:06:10,2012-06-04,train,175_9
175,740,227,Beach,40.57334843776636,-73.98030281066895,2012-06-07 07:30:28,2012-06-04,train,175_9
175,4948,301,Neighborhood,40.57683701805455,-73.98165136086156,2012-06-07 07:37:29,2012-06-04,train,175_9
175,4948,301,Neighborhood,40.57683701805455,-73.98165136086156,2012-06-07 15:38:41,2012-06-04,train,175_9
175,1697,264,Subway,40.587023931932805,-73.95421035537034,2012-06-07 16:52:23,2012-06-04,train,175_9
175,1002,70,Train Station,40.69902344282463,-73.81001472473143,2012-06-08 21:07:26,2012-06-04,train,175_9
175,1628,70,Train Station,40.719615593177686,-73.84486198425293,2012-06-08 21:17:34,2012-06-04,train,175_9
175,1697,264,Subway,40.587023931932805,-73.95421035537034,2012-06-08 22:36:41,2012-06-04,train,175_9
175,4948,301,Neighborhood,40.57683701805455,-73.98165136086156,2012-06-09 00:03:08,2012-06-04,train,175_9
175,1762,264,Subway,40.79467578552487,-73.97176265716553,2012-06-09 04:16:26,2012-06-04,train,175_9
175,1524,264,Subway,40.74970348366515,-73.98781299591064,2012-06-09 04:33:53,2012-06-04,train,175_9
175,1002,70,Train Station,40.69902344282463,-73.81001472473143,2012-06-09 20:53:53,2012-06-04,train,175_9
175,2688,264,Subway,40.60189764651378,-73.99352073669434,2012-06-09 22:27:46,2012-06-04,train,175_9
175,1481,264,Subway,40.68430737873073,-73.97759780287743,2012-06-10 00:48:07,2012-06-04,train,175_9
175,1002,70,Train Station,40.69902344282463,-73.81001472473143,2012-06-10 20:55:56,2012-06-04,train,175_9
175,2637,264,Subway,40.57745558120849,-73.98124694824219,2012-06-10 22:24:03,2012-06-04,train,175_9
175,4948,301,Neighborhood,40.57683701805455,-73.98165136086156,2012-06-10 22:24:21,2012-06-04,train,175_9
175,3923,70,Train Station,40.57693405315921,-73.9813756942749,2012-06-10 22:24:46,2012-06-04,train,175_9
176,2844,245,General Entertainment,40.84336374022088,-73.93525593409399,2012-06-04 20:09:34,2012-06-04,train,176_8
176,2844,245,General Entertainment,40.84336374022088,-73.93525593409399,2012-06-06 07:59:03,2012-06-04,train,176_8
176,4474,27,Italian Restaurant,40.7792778038002,-73.97388608496698,2012-06-06 10:52:21,2012-06-04,train,176_8
176,134,130,Burger Joint,40.73809430948774,-74.00388368084829,2012-06-06 16:32:20,2012-06-04,train,176_8
176,2844,245,General Entertainment,40.84336374022088,-73.93525593409399,2012-06-07 03:14:05,2012-06-04,train,176_8
176,3988,121,Park,40.82710773530447,-73.95492211452685,2012-06-07 18:51:19,2012-06-04,train,176_8
177,1931,269,Miscellaneous Shop,40.65078524807129,-73.87308141384973,2012-06-04 18:50:23,2012-06-04,train,177_4
177,128,47,Bar,40.72596016102434,-73.98969753155339,2012-06-06 23:40:23,2012-06-04,train,177_4
179,2660,61,Office,40.96522921442873,-74.06305586641602,2012-06-04 09:11:29,2012-06-04,train,179_9
179,4363,211,Bar,40.96533885740628,-74.06283213352812,2012-06-04 09:54:18,2012-06-04,train,179_9
179,4633,116,Pool,40.96535501903463,-74.06283213352812,2012-06-04 10:31:24,2012-06-04,train,179_9
179,2303,239,Airport,40.68706536291219,-74.18251991271973,2012-06-04 18:27:33,2012-06-04,train,179_9
179,3561,45,Other Nightlife,40.96533795,-74.0628079,2012-06-04 23:33:56,2012-06-04,train,179_9
179,2675,259,Hotel,40.96031896942534,-74.06773698617837,2012-06-04 23:53:57,2012-06-04,train,179_9
179,2517,90,School,40.965810267788015,-74.06760603189468,2012-06-05 00:19:36,2012-06-04,train,179_9
179,4363,211,Bar,40.96533885740628,-74.06283213352812,2012-06-05 05:57:36,2012-06-04,train,179_9
179,4620,213,Bar,40.96541694223362,-74.06288376421803,2012-06-05 08:23:20,2012-06-04,train,179_9
179,2660,61,Office,40.96522921442873,-74.06305586641602,2012-06-05 09:06:14,2012-06-04,train,179_9
179,4633,116,Pool,40.96535501903463,-74.06283213352812,2012-06-05 09:48:26,2012-06-04,train,179_9
179,4562,102,American Restaurant,40.96532877881822,-74.06292392141155,2012-06-05 10:12:20,2012-06-04,train,179_9
179,4363,211,Bar,40.96533885740628,-74.06283213352812,2012-06-06 06:50:44,2012-06-04,train,179_9
179,4620,213,Bar,40.96541694223362,-74.06288376421803,2012-06-06 07:49:49,2012-06-04,train,179_9
179,4633,116,Pool,40.96535501903463,-74.06283213352812,2012-06-06 08:22:16,2012-06-04,train,179_9
179,3790,257,Road,40.96530185,-74.06305251666667,2012-06-06 09:16:40,2012-06-04,train,179_9
179,4562,102,American Restaurant,40.96532877881822,-74.06292392141155,2012-06-06 10:00:31,2012-06-04,train,179_9
179,3502,259,Hotel,40.96537083236714,-74.06281492329502,2012-06-06 11:03:33,2012-06-04,train,179_9
179,3561,45,Other Nightlife,40.96533795,-74.0628079,2012-06-06 11:55:00,2012-06-04,train,179_9
179,3582,19,Bank,40.94816296428713,-74.06981935884615,2012-06-06 14:57:07,2012-06-04,train,179_9
179,3578,257,Road,40.96535005,-74.06280286666667,2012-06-06 16:54:26,2012-06-04,train,179_9
179,3708,121,Park,40.96541698333333,-74.06291968333333,2012-06-06 17:30:40,2012-06-04,train,179_9
179,3482,232,Music Venue,40.96532194280211,-74.06280344980541,2012-06-06 18:33:17,2012-06-04,train,179_9
179,2675,259,Hotel,40.96031922320731,-74.06725511155042,2012-06-06 19:22:32,2012-06-04,train,179_9
179,2660,61,Office,40.96522921442873,-74.06305586641602,2012-06-06 21:09:27,2012-06-04,train,179_9
179,2517,90,School,40.965810267788015,-74.06760603189468,2012-06-06 22:56:06,2012-06-04,train,179_9
179,3577,73,Bus Station,40.96457180013344,-74.06643390655518,2012-06-06 23:39:07,2012-06-04,train,179_9
179,4363,211,Bar,40.96533885740628,-74.06283213352812,2012-06-07 07:40:58,2012-06-04,train,179_9
179,2660,61,Office,40.96522921442873,-74.06305586641602,2012-06-07 08:32:26,2012-06-04,train,179_9
179,3578,257,Road,40.96535005,-74.06280286666667,2012-06-07 12:01:38,2012-06-04,train,179_9
179,3594,120,Other Great Outdoors,40.965334383333335,-74.06280386666667,2012-06-07 12:57:41,2012-06-04,train,179_9
179,4633,116,Pool,40.96535501903463,-74.06283213352812,2012-06-07 13:43:48,2012-06-04,train,179_9
179,4620,213,Bar,40.96541694223362,-74.06288376421803,2012-06-07 14:16:17,2012-06-04,train,179_9
179,3526,107,Cuban Restaurant,40.9653582,-74.06283223333334,2012-06-07 14:57:12,2012-06-04,train,179_9
179,2876,26,Drugstore / Pharmacy,40.9678387,-74.07378216666666,2012-06-07 15:42:22,2012-06-04,train,179_9
179,3582,19,Bank,40.94816296428713,-74.06981935884615,2012-06-07 15:55:28,2012-06-04,train,179_9
179,2987,135,Post Office,40.94892337953688,-74.069721837773,2012-06-07 16:59:39,2012-06-04,train,179_9
179,3482,232,Music Venue,40.96532194280211,-74.06280344980541,2012-06-07 20:35:18,2012-06-04,train,179_9
179,2660,61,Office,40.96522921442873,-74.06305586641602,2012-06-08 07:15:47,2012-06-04,train,179_9
179,4562,102,American Restaurant,40.96532877881822,-74.06292392141155,2012-06-08 07:57:12,2012-06-04,train,179_9
179,4633,116,Pool,40.96535501903463,-74.06283213352812,2012-06-08 08:36:02,2012-06-04,train,179_9
179,3578,257,Road,40.96535005,-74.06280286666667,2012-06-08 10:56:00,2012-06-04,train,179_9
179,3502,259,Hotel,40.96537083236714,-74.06281492329502,2012-06-08 13:48:16,2012-06-04,train,179_9
179,2285,202,Pizza Place,40.967786,-74.07368968333333,2012-06-08 16:43:10,2012-06-04,train,179_9
179,3561,45,Other Nightlife,40.96533795,-74.0628079,2012-06-08 17:54:36,2012-06-04,train,179_9
179,3790,257,Road,40.96530185,-74.06305251666667,2012-06-08 18:31:03,2012-06-04,train,179_9
179,2876,26,Drugstore / Pharmacy,40.9678387,-74.07378216666666,2012-06-08 18:55:25,2012-06-04,train,179_9
179,2675,259,Hotel,40.96031922320731,-74.06725511155042,2012-06-08 19:31:57,2012-06-04,train,179_9
179,3594,120,Other Great Outdoors,40.965334383333335,-74.06280386666667,2012-06-08 23:10:01,2012-06-04,train,179_9
179,3577,73,Bus Station,40.96457180013344,-74.06643390655518,2012-06-09 01:21:53,2012-06-04,train,179_9
179,3136,91,High School,40.96529141557918,-74.0627346088532,2012-06-09 01:50:26,2012-06-04,train,179_9
179,4269,6,Home (private),40.96811001522211,-74.05938718735511,2012-06-09 02:11:08,2012-06-04,train,179_9
179,4363,211,Bar,40.96533885740628,-74.06283213352812,2012-06-09 04:10:08,2012-06-04,train,179_9
179,2660,61,Office,40.96522921442873,-74.06305586641602,2012-06-09 04:34:33,2012-06-04,train,179_9
179,1921,239,Airport,40.69576975606927,-74.1773271560669,2012-06-09 05:58:01,2012-06-04,train,179_9
180,1140,137,Gym / Fitness Center,40.87855781948937,-73.9151801364736,2012-06-06 14:38:03,2012-06-04,train,180_7
180,3283,6,Home (private),40.88729678663871,-73.90658830179062,2012-06-07 00:30:21,2012-06-04,train,180_7
181,1903,71,Train Station,40.76806170936613,-73.74941825866699,2012-06-04 08:41:22,2012-06-04,train,181_9
181,357,70,Train Station,40.750794799423865,-73.99357639021292,2012-06-04 09:19:47,2012-06-04,train,181_9
181,4042,222,Coffee Shop,40.75379775034375,-73.9868152141571,2012-06-04 09:29:25,2012-06-04,train,181_9
181,3240,63,Office,40.753966699950766,-73.98503745095212,2012-06-04 09:39:00,2012-06-04,train,181_9
181,2953,257,Road,40.76305616209761,-73.74328136444092,2012-06-04 18:44:54,2012-06-04,train,181_9
181,1903,71,Train Station,40.76806170936613,-73.74941825866699,2012-06-05 08:33:51,2012-06-04,train,181_9
181,357,70,Train Station,40.750794799423865,-73.99357639021292,2012-06-05 09:07:14,2012-06-04,train,181_9
181,4042,222,Coffee Shop,40.75379775034375,-73.9868152141571,2012-06-05 09:16:12,2012-06-04,train,181_9
181,3240,63,Office,40.753966699950766,-73.98503745095212,2012-06-05 09:26:39,2012-06-04,train,181_9
181,4443,61,Office,40.75350765710854,-73.98561135861114,2012-06-05 09:27:03,2012-06-04,train,181_9
181,357,70,Train Station,40.750794799423865,-73.99357639021292,2012-06-06 09:08:13,2012-06-04,train,181_9
181,4042,222,Coffee Shop,40.75379775034375,-73.9868152141571,2012-06-06 09:18:34,2012-06-04,train,181_9
181,3240,63,Office,40.753966699950766,-73.98503745095212,2012-06-06 09:26:34,2012-06-04,train,181_9
181,4443,61,Office,40.75350765710854,-73.98561135861114,2012-06-06 09:26:51,2012-06-04,train,181_9
181,179,121,Park,40.75372797263211,-73.98368835767094,2012-06-06 12:22:33,2012-06-04,train,181_9
181,374,80,Building,40.75154847474455,-73.97530317306519,2012-06-06 12:41:48,2012-06-04,train,181_9
181,349,70,Train Station,40.75280620914171,-73.97717535495758,2012-06-06 12:42:15,2012-06-04,train,181_9
181,2953,257,Road,40.76305616209761,-73.74328136444092,2012-06-06 20:09:41,2012-06-04,train,181_9
181,1903,71,Train Station,40.76806170936613,-73.74941825866699,2012-06-07 08:39:45,2012-06-04,train,181_9
181,357,70,Train Station,40.750794799423865,-73.99357639021292,2012-06-07 09:19:25,2012-06-04,train,181_9
181,4042,222,Coffee Shop,40.75379775034375,-73.9868152141571,2012-06-07 09:36:03,2012-06-04,train,181_9
181,3240,63,Office,40.753966699950766,-73.98503745095212,2012-06-07 09:44:19,2012-06-04,train,181_9
181,4443,61,Office,40.75350765710854,-73.98561135861114,2012-06-07 09:44:36,2012-06-04,train,181_9
181,179,121,Park,40.75372797263211,-73.98368835767094,2012-06-07 13:31:57,2012-06-04,train,181_9
181,374,80,Building,40.75154847474455,-73.97530317306519,2012-06-07 13:47:06,2012-06-04,train,181_9
181,349,70,Train Station,40.75280620914171,-73.97717535495758,2012-06-07 13:47:32,2012-06-04,train,181_9
181,793,96,Deli / Bodega,40.76581056035128,-73.74500747108777,2012-06-07 18:11:10,2012-06-04,train,181_9
181,2953,257,Road,40.76305616209761,-73.74328136444092,2012-06-07 18:31:39,2012-06-04,train,181_9
181,1903,71,Train Station,40.76806170936613,-73.74941825866699,2012-06-08 08:33:39,2012-06-04,train,181_9
181,357,70,Train Station,40.750794799423865,-73.99357639021292,2012-06-08 09:07:54,2012-06-04,train,181_9
181,4042,222,Coffee Shop,40.75379775034375,-73.9868152141571,2012-06-08 09:20:48,2012-06-04,train,181_9
181,3240,63,Office,40.753966699950766,-73.98503745095212,2012-06-08 09:33:04,2012-06-04,train,181_9
181,4443,61,Office,40.75350765710854,-73.98561135861114,2012-06-08 09:33:19,2012-06-04,train,181_9
181,2277,19,Bank,40.75556338853696,-73.98371458053589,2012-06-08 13:11:10,2012-06-04,train,181_9
181,2953,257,Road,40.76305616209761,-73.74328136444092,2012-06-08 18:32:35,2012-06-04,train,181_9
181,2953,257,Road,40.76305616209761,-73.74328136444092,2012-06-09 10:56:56,2012-06-04,train,181_9
181,794,26,Drugstore / Pharmacy,40.76503892396417,-73.74358177185059,2012-06-09 19:11:38,2012-06-04,train,181_9
181,2953,257,Road,40.76305616209761,-73.74328136444092,2012-06-10 11:45:25,2012-06-04,train,181_9
182,2288,262,Light Rail,40.74862247391861,-74.03892517089844,2012-06-04 07:26:51,2012-06-04,train,182_8
182,681,76,Ferry,40.73516246589173,-74.02630276756445,2012-06-04 07:41:56,2012-06-04,train,182_8
182,1386,264,Subway,40.7429651739036,-73.99287700653076,2012-06-04 08:03:30,2012-06-04,train,182_8
182,1635,61,Office,40.73769779943962,-73.98845791524543,2012-06-04 08:13:25,2012-06-04,train,182_8
182,2288,262,Light Rail,40.74862247391861,-74.03892517089844,2012-06-05 07:29:41,2012-06-04,train,182_8
182,2545,262,Light Rail,40.734169392726656,-74.0282392501831,2012-06-05 07:39:42,2012-06-04,train,182_8
182,1386,264,Subway,40.7429651739036,-73.99287700653076,2012-06-05 08:01:07,2012-06-04,train,182_8
182,1635,61,Office,40.73769779943962,-73.98845791524543,2012-06-05 08:14:20,2012-06-04,train,182_8
182,2288,262,Light Rail,40.74862247391861,-74.03892517089844,2012-06-06 07:38:08,2012-06-04,train,182_8
182,2545,262,Light Rail,40.734169392726656,-74.0282392501831,2012-06-06 07:54:04,2012-06-04,train,182_8
182,1276,264,Subway,40.73733991001137,-73.99686813354492,2012-06-06 08:25:36,2012-06-04,train,182_8
182,1635,61,Office,40.73769779943962,-73.98845791524543,2012-06-06 15:26:42,2012-06-04,train,182_8
182,681,76,Ferry,40.73516246589173,-74.02630276756445,2012-06-06 18:13:22,2012-06-04,train,182_8
182,2288,262,Light Rail,40.74862247391861,-74.03892517089844,2012-06-06 18:39:36,2012-06-04,train,182_8
182,2288,262,Light Rail,40.74862247391861,-74.03892517089844,2012-06-07 07:30:59,2012-06-04,train,182_8
182,1645,70,Train Station,40.73606359173575,-74.02938723564148,2012-06-07 07:43:21,2012-06-04,train,182_8
182,1635,61,Office,40.73769779943962,-73.98845791524543,2012-06-07 08:11:58,2012-06-04,train,182_8
182,3116,319,Market,40.74186151409088,-73.98943362953369,2012-06-07 17:51:00,2012-06-04,train,182_8
182,2545,262,Light Rail,40.734169392726656,-74.0282392501831,2012-06-07 18:15:55,2012-06-04,train,182_8
182,2288,262,Light Rail,40.74862247391861,-74.03892517089844,2012-06-07 18:22:38,2012-06-04,train,182_8
182,4819,281,Residential Building (Apartment / Condo),40.753402,-74.038721,2012-06-07 18:34:24,2012-06-04,train,182_8
182,2288,262,Light Rail,40.74862247391861,-74.03892517089844,2012-06-08 07:26:11,2012-06-04,train,182_8
182,2545,262,Light Rail,40.734169392726656,-74.0282392501831,2012-06-08 07:39:50,2012-06-04,train,182_8
182,1332,301,Neighborhood,40.741672705942285,-73.98928821086884,2012-06-08 08:02:29,2012-06-04,train,182_8
182,1039,222,Coffee Shop,40.73784112293886,-73.98849808812169,2012-06-08 08:09:50,2012-06-04,train,182_8
182,1635,61,Office,40.73769779943962,-73.98845791524543,2012-06-08 08:19:57,2012-06-04,train,182_8
182,2288,262,Light Rail,40.74862247391861,-74.03892517089844,2012-06-08 21:19:25,2012-06-04,train,182_8
183,2765,138,Gym / Fitness Center,40.83913874959545,-74.15647029876709,2012-06-06 14:21:21,2012-06-04,train,183_7
183,1501,254,Department Store,40.824648526250215,-74.13560271263123,2012-06-06 16:06:09,2012-06-04,train,183_7
183,2948,42,Food & Drink Shop,40.79691751000055,-74.17977333068848,2012-06-08 14:19:52,2012-06-04,train,183_7
183,3256,274,Fried Chicken Joint,40.70398500916831,-74.09881353378296,2012-06-10 12:26:34,2012-06-04,train,183_7
183,2765,138,Gym / Fitness Center,40.83913874959545,-74.15647029876709,2012-06-10 17:56:36,2012-06-04,train,183_7
184,1252,102,American Restaurant,40.75992610830176,-74.02246410896758,2012-06-06 12:50:37,2012-06-04,train,184_8
184,3320,317,City,40.77312780819194,-74.03287822727573,2012-06-06 15:35:34,2012-06-04,train,184_8
184,3541,61,Office,40.77037447,-74.02654,2012-06-07 19:52:12,2012-06-04,train,184_8
184,3541,61,Office,40.77037447,-74.02654,2012-06-08 11:13:48,2012-06-04,train,184_8
184,1381,42,Food & Drink Shop,40.74989042341799,-74.03604984283447,2012-06-08 15:23:28,2012-06-04,train,184_8
184,3337,317,City,40.76764882581845,-74.0241223730601,2012-06-09 13:13:05,2012-06-04,train,184_8
184,3541,61,Office,40.77037447,-74.02654,2012-06-09 13:13:24,2012-06-04,train,184_8
184,847,265,Mall,40.917335441802095,-74.0756607055664,2012-06-09 17:52:10,2012-06-04,train,184_8
184,2089,254,Department Store,40.91977147908391,-74.07540321350098,2012-06-09 18:02:51,2012-06-04,train,184_8
184,688,102,American Restaurant,40.91922020055109,-74.07471656799316,2012-06-09 18:38:34,2012-06-04,train,184_8
186,2729,138,Gym / Fitness Center,40.77026714207738,-73.83640130445583,2012-06-04 23:19:07,2012-06-04,train,186_9
186,1314,239,Airport,40.64878508617476,-73.78984451293945,2012-06-05 06:48:57,2012-06-04,train,186_9
187,411,216,Tea Room,40.73046578912947,-73.98927858804879,2012-06-04 19:00:59,2012-06-04,train,187_2
187,4522,108,Gastropub,40.72639997828572,-73.9917348465147,2012-06-09 20:19:05,2012-06-04,train,187_2
190,337,214,Bar,40.76430758425931,-73.98882150650024,2012-06-04 19:15:12,2012-06-04,train,190_8
190,541,138,Gym / Fitness Center,40.759399732731005,-73.98947945148703,2012-06-07 08:56:18,2012-06-04,train,190_8
190,308,214,Bar,40.76415461906297,-73.9868969055432,2012-06-08 23:29:49,2012-06-04,train,190_8
194,2978,301,Neighborhood,40.745306184001095,-73.94837379455566,2012-06-06 10:32:49,2012-06-04,train,194_7
194,1937,120,Other Great Outdoors,40.74582837946323,-73.95688517860609,2012-06-06 19:29:58,2012-06-04,train,194_7
194,883,202,Pizza Place,40.7442504101507,-73.9536248740982,2012-06-08 17:30:53,2012-06-04,train,194_7
194,4656,120,Other Great Outdoors,40.74498345905474,-73.9533780530302,2012-06-08 17:58:05,2012-06-04,train,194_7
194,1937,120,Other Great Outdoors,40.74582837946323,-73.95688517860609,2012-06-09 01:42:21,2012-06-04,train,194_7
194,756,97,Diner,40.74607024584939,-73.94567012786865,2012-06-09 10:31:27,2012-06-04,train,194_7
194,883,202,Pizza Place,40.7442504101507,-73.9536248740982,2012-06-09 16:32:20,2012-06-04,train,194_7
194,883,202,Pizza Place,40.7442504101507,-73.9536248740982,2012-06-09 16:32:41,2012-06-04,train,194_7
194,765,289,Airport,40.640497899496765,-73.78941535949707,2012-06-09 20:45:53,2012-06-04,train,194_7
195,2462,71,Train Station,40.67692778613304,-73.89869928359985,2012-06-04 09:42:52,2012-06-04,train,195_7
195,1733,264,Subway,40.75650612666626,-73.98802757263184,2012-06-07 17:42:36,2012-06-04,train,195_7
195,1700,254,Department Store,40.65226882197668,-73.87008960234178,2012-06-08 17:07:34,2012-06-04,train,195_7
195,3596,137,Gym / Fitness Center,40.64662157754467,-73.91352093432137,2012-06-09 11:22:39,2012-06-04,train,195_7
195,3366,120,Other Great Outdoors,40.86735263392441,-74.06783450827514,2012-06-10 15:00:23,2012-06-04,train,195_7
196,1928,222,Coffee Shop,40.619196108296535,-73.99012221307656,2012-06-04 06:18:45,2012-06-04,train,196_8
196,1506,122,Plaza,40.7722274447236,-73.98302876064133,2012-06-04 10:10:24,2012-06-04,train,196_8
196,3738,70,Train Station,40.62098150778056,-73.97536684912832,2012-06-07 07:03:47,2012-06-04,train,196_8
196,1373,183,University,40.69342491338439,-73.99171189097369,2012-06-07 09:05:04,2012-06-04,train,196_8
196,2818,264,Subway,40.63554789052744,-73.97815704345703,2012-06-07 15:55:47,2012-06-04,train,196_8
196,691,37,Bar,40.77138107266706,-73.95646042374283,2012-06-08 21:54:41,2012-06-04,train,196_8
196,4706,281,Residential Building (Apartment / Condo),40.614733,-73.977274,2012-06-09 09:28:51,2012-06-04,train,196_8
196,25,238,Music Venue,40.72837781084187,-73.99953957113458,2012-06-10 17:16:44,2012-06-04,train,196_8
197,1475,241,Airport,40.773839,-73.87122,2012-06-09 17:15:52,2012-06-04,train,197_2
197,4089,6,Home (private),40.76573950263575,-73.95361626406626,2012-06-09 20:31:28,2012-06-04,train,197_2
198,671,222,Coffee Shop,40.77612993333334,-73.910881,2012-06-04 08:13:30,2012-06-04,train,198_5
198,47,130,Burger Joint,40.76024292527567,-73.97506840145454,2012-06-07 12:27:31,2012-06-04,train,198_5
198,3955,138,Gym / Fitness Center,40.756754060781375,-73.97431654083975,2012-06-07 17:23:49,2012-06-04,train,198_5
198,3955,138,Gym / Fitness Center,40.756754060781375,-73.97431654083975,2012-06-08 13:10:10,2012-06-04,train,198_5
198,2572,37,Bar,40.828413358858334,-73.92549098547816,2012-06-08 17:39:11,2012-06-04,train,198_5
198,1100,47,Bar,40.75722771781105,-73.98375189157291,2012-06-08 21:56:09,2012-06-04,train,198_5
198,436,241,Airport,40.68968493541091,-74.17938709259033,2012-06-10 17:48:46,2012-06-04,train,198_5
200,1118,54,Food & Drink Shop,40.746858397620215,-73.94391251429022,2012-06-04 08:52:15,2012-06-04,train,200_7
200,1118,54,Food & Drink Shop,40.746858397620215,-73.94391251429022,2012-06-05 08:35:05,2012-06-04,train,200_7
200,1118,54,Food & Drink Shop,40.746858397620215,-73.94391251429022,2012-06-06 08:39:56,2012-06-04,train,200_7
200,1110,138,Gym / Fitness Center,40.76364734011364,-73.97844135761261,2012-06-06 21:26:22,2012-06-04,train,200_7
200,1118,54,Food & Drink Shop,40.746858397620215,-73.94391251429022,2012-06-07 08:38:34,2012-06-04,train,200_7
200,848,39,Beer Garden,40.75516498518981,-73.92498404041469,2012-06-07 17:40:48,2012-06-04,train,200_7
200,316,258,Food & Drink Shop,40.784586085549726,-73.97934993336972,2012-06-10 16:58:07,2012-06-04,train,200_7
200,1564,121,Park,40.77832352747964,-73.98911118507385,2012-06-10 20:00:45,2012-06-04,train,200_7
201,2076,222,Coffee Shop,40.747744648563874,-73.9853024482727,2012-06-06 18:22:28,2012-06-04,train,201_9
201,724,222,Coffee Shop,40.74845178656272,-73.98507714271545,2012-06-06 18:24:02,2012-06-04,train,201_9
201,4304,7,Clothing Store,40.74954092693113,-73.98661136627197,2012-06-06 19:02:18,2012-06-04,train,201_9
201,827,7,Clothing Store,40.74995544581752,-73.98755550384521,2012-06-06 19:06:17,2012-06-04,train,201_9
201,3002,202,Pizza Place,40.679037,-73.86382,2012-06-08 14:21:08,2012-06-04,train,201_9
201,3364,42,Food & Drink Shop,40.590175140636624,-73.7995592798621,2012-06-10 16:51:22,2012-06-04,train,201_9
203,2255,61,Office,40.741436970084,-73.98566722869873,2012-06-04 09:52:14,2012-06-04,train,203_8
203,2255,61,Office,40.741436970084,-73.98566722869873,2012-06-06 08:53:09,2012-06-04,train,203_8
203,4708,105,Taco Place,40.7411161511398,-73.9854097366333,2012-06-06 18:29:50,2012-06-04,train,203_8
203,2255,61,Office,40.741436970084,-73.98566722869873,2012-06-07 09:26:03,2012-06-04,train,203_8
203,3954,130,Burger Joint,40.740778258449865,-73.98768315098722,2012-06-07 12:17:44,2012-06-04,train,203_8
203,2255,61,Office,40.741436970084,-73.98566722869873,2012-06-07 12:34:11,2012-06-04,train,203_8
203,3257,274,Fried Chicken Joint,40.743107753743374,-73.98923841533589,2012-06-08 12:23:52,2012-06-04,train,203_8
203,2255,61,Office,40.741436970084,-73.98566722869873,2012-06-08 13:04:50,2012-06-04,train,203_8
203,357,70,Train Station,40.750794799423865,-73.99357639021292,2012-06-09 12:13:41,2012-06-04,train,203_8
203,1069,70,Train Station,40.76147966168067,-74.07551050186157,2012-06-09 12:19:43,2012-06-04,train,203_8
203,2732,304,Train Station,40.75045695274859,-73.99123556287765,2012-06-10 13:56:41,2012-06-04,train,203_8
204,1727,163,Medical Center,40.88375077190847,-74.05635523868078,2012-06-05 09:31:24,2012-06-04,train,204_9
204,4080,90,School,40.88244785772192,-74.0560569175523,2012-06-05 09:31:36,2012-06-04,train,204_9
204,1727,163,Medical Center,40.88375077190847,-74.05635523868078,2012-06-06 09:28:05,2012-06-04,train,204_9
204,4080,90,School,40.88244785772192,-74.0560569175523,2012-06-06 09:28:23,2012-06-04,train,204_9
204,3138,281,Residential Building (Apartment / Condo),40.88899013040254,-74.0558123588562,2012-06-06 18:00:09,2012-06-04,train,204_9
204,1727,163,Medical Center,40.88375077190847,-74.05635523868078,2012-06-07 09:24:58,2012-06-04,train,204_9
204,4080,90,School,40.88244785772192,-74.0560569175523,2012-06-07 09:25:14,2012-06-04,train,204_9
204,3138,281,Residential Building (Apartment / Condo),40.88899013040254,-74.0558123588562,2012-06-07 18:24:22,2012-06-04,train,204_9
204,1727,163,Medical Center,40.88375077190847,-74.05635523868078,2012-06-08 09:36:19,2012-06-04,train,204_9
204,4080,90,School,40.88244785772192,-74.0560569175523,2012-06-08 09:36:48,2012-06-04,train,204_9
204,3138,281,Residential Building (Apartment / Condo),40.88899013040254,-74.0558123588562,2012-06-08 19:00:24,2012-06-04,train,204_9
204,4560,253,General Travel,40.88886850464828,-74.10844521173414,2012-06-08 21:04:27,2012-06-04,train,204_9
204,3675,80,Building,40.85037085897802,-74.09999110638731,2012-06-09 12:12:03,2012-06-04,train,204_9
204,3993,6,Home (private),40.84494497801863,-74.09463109843134,2012-06-09 12:12:23,2012-06-04,train,204_9
204,3675,80,Building,40.85037085897802,-74.09999110638731,2012-06-09 20:48:09,2012-06-04,train,204_9
204,3993,6,Home (private),40.84494497801863,-74.09463109843134,2012-06-09 20:48:21,2012-06-04,train,204_9
204,3675,80,Building,40.85037085897802,-74.09999110638731,2012-06-10 00:27:49,2012-06-04,train,204_9
204,3993,6,Home (private),40.84494497801863,-74.09463109843134,2012-06-10 00:28:03,2012-06-04,train,204_9
204,4036,279,Outdoors & Recreation,40.879797,-74.10825,2012-06-10 19:10:40,2012-06-04,train,204_9
205,4492,207,Dessert Shop,40.72736571411472,-73.98452667169322,2012-06-04 19:51:16,2012-06-04,train,205_9
205,811,31,Bar,40.728833,-74.005256,2012-06-06 12:58:07,2012-06-04,train,205_9
205,889,61,Office,40.72664084128227,-74.00570869445801,2012-06-07 09:26:35,2012-06-04,train,205_9
205,3370,211,Bar,40.72036368727871,-73.9870834350586,2012-06-08 22:31:28,2012-06-04,train,205_9
205,2943,52,Bar,40.74099801143199,-74.008229970932,2012-06-09 01:32:45,2012-06-04,train,205_9
205,4514,222,Coffee Shop,40.72556065016895,-73.9898237883206,2012-06-09 14:51:19,2012-06-04,train,205_9
205,468,92,Asian Restaurant,40.74185966827029,-74.00508642196655,2012-06-10 00:56:54,2012-06-04,train,205_9
205,3742,259,Hotel,40.74198972871025,-74.00358438491821,2012-06-10 01:39:05,2012-06-04,train,205_9
205,3934,52,Bar,40.74232250889464,-74.00333278203584,2012-06-10 02:13:38,2012-06-04,train,205_9
206,3053,6,Home (private),40.66336175425205,-73.85954898955855,2012-06-09 07:04:19,2012-06-04,train,206_0
206,4402,233,Other Great Outdoors,40.66328944505612,-73.85417079094847,2012-06-09 07:04:29,2012-06-04,train,206_0
206,3248,139,Medical Center,40.66338524388371,-73.8541880197959,2012-06-09 07:04:46,2012-06-04,train,206_0
206,2754,139,Medical Center,40.75577582071087,-73.69202145361648,2012-06-09 08:51:38,2012-06-04,train,206_0
206,2754,139,Medical Center,40.75577582071087,-73.69202145361648,2012-06-09 12:08:35,2012-06-04,train,206_0
206,2754,139,Medical Center,40.75577582071087,-73.69202145361648,2012-06-09 14:22:06,2012-06-04,train,206_0
206,3053,6,Home (private),40.66336175425205,-73.85954898955855,2012-06-09 17:24:52,2012-06-04,train,206_0
206,3053,6,Home (private),40.66336175425205,-73.85954898955855,2012-06-09 20:45:14,2012-06-04,train,206_0
206,4402,233,Other Great Outdoors,40.66328944505612,-73.85417079094847,2012-06-09 20:45:22,2012-06-04,train,206_0
206,4402,233,Other Great Outdoors,40.66328944505612,-73.85417079094847,2012-06-09 22:07:23,2012-06-04,train,206_0
206,4402,233,Other Great Outdoors,40.66328944505612,-73.85417079094847,2012-06-10 09:04:13,2012-06-04,train,206_0
206,3053,6,Home (private),40.66336175425205,-73.85954898955855,2012-06-10 09:04:24,2012-06-04,train,206_0
206,4402,233,Other Great Outdoors,40.66328944505612,-73.85417079094847,2012-06-10 11:18:12,2012-06-04,train,206_0
207,1442,95,Chinese Restaurant,40.7199434551993,-74.00856625671392,2012-06-06 19:41:06,2012-06-04,train,207_8
207,2134,138,Gym / Fitness Center,40.75993050629884,-73.96258483924586,2012-06-08 19:13:34,2012-06-04,train,207_8
207,497,254,Department Store,40.76346247057747,-73.97400498390198,2012-06-09 14:41:29,2012-06-04,train,207_8
207,4388,209,Sushi Restaurant,40.759154333333335,-73.962321,2012-06-10 18:56:00,2012-06-04,train,207_8
208,1693,102,American Restaurant,40.96654853802608,-74.0758752822876,2012-06-04 18:32:59,2012-06-04,train,208_9
208,847,265,Mall,40.917335441802095,-74.0756607055664,2012-06-07 12:26:09,2012-06-04,train,208_9
208,190,157,Stadium,40.82827721161922,-73.92655344439045,2012-06-08 18:25:49,2012-06-04,train,208_9
208,4460,55,Bar,40.97338575753772,-74.07132232431763,2012-06-10 00:06:07,2012-06-04,train,208_9
208,3357,282,Convenience Store,40.967639,-74.073357,2012-06-10 21:09:22,2012-06-04,train,208_9
209,2914,6,Home (private),40.69954648520066,-73.836025107013,2012-06-06 10:09:54,2012-06-04,train,209_8
209,2914,6,Home (private),40.69954648520066,-73.836025107013,2012-06-07 16:16:51,2012-06-04,train,209_8
209,2914,6,Home (private),40.69954648520066,-73.836025107013,2012-06-08 16:24:58,2012-06-04,train,209_8
211,2357,61,Office,40.74951310595521,-73.9751315346549,2012-06-04 08:54:27,2012-06-04,train,211_8
211,2357,61,Office,40.74951310595521,-73.9751315346549,2012-06-05 09:35:19,2012-06-04,train,211_8
211,2357,61,Office,40.74951310595521,-73.9751315346549,2012-06-06 09:03:16,2012-06-04,train,211_8
211,2357,61,Office,40.74951310595521,-73.9751315346549,2012-06-07 09:18:46,2012-06-04,train,211_8
212,3608,131,Café,40.7788354418279,-73.95594956868311,2012-06-07 18:10:22,2012-06-04,train,212_7
212,4403,222,Coffee Shop,40.72795460840525,-73.99326138382618,2012-06-08 17:39:27,2012-06-04,train,212_7
212,4128,247,Sporting Goods Shop,40.72463254164776,-73.9955323934555,2012-06-08 17:45:46,2012-06-04,train,212_7
212,923,152,Food & Drink Shop,40.73004029,-73.992856,2012-06-09 19:39:40,2012-06-04,train,212_7
212,4967,220,BBQ Joint,40.7418112381317,-73.98826278972687,2012-06-10 15:19:19,2012-06-04,train,212_7
212,278,29,Japanese Restaurant,40.72905408742341,-73.98860138976487,2012-06-10 16:17:03,2012-06-04,train,212_7
212,369,145,Movie Theater,40.7311979118086,-74.00157272815704,2012-06-10 19:04:27,2012-06-04,train,212_7
213,4079,90,School,40.74995168874415,-74.15273412926199,2012-06-05 09:09:02,2012-06-04,train,213_9
213,4079,90,School,40.74995168874415,-74.15273412926199,2012-06-07 09:08:20,2012-06-04,train,213_9
213,848,39,Beer Garden,40.75516498518981,-73.92498404041469,2012-06-08 23:51:13,2012-06-04,train,213_9
213,1018,104,Spanish Restaurant,40.75543084,-74.144715,2012-06-09 08:48:35,2012-06-04,train,213_9
213,2646,155,Stadium,40.8134844303353,-74.07433032989502,2012-06-09 10:01:12,2012-06-04,train,213_9
216,523,47,Bar,40.73429763507372,-74.00621350620632,2012-06-04 19:37:42,2012-06-04,train,216_8
216,791,222,Coffee Shop,40.741503,-74.030671,2012-06-06 18:00:58,2012-06-04,train,216_8
216,341,41,Bar,40.71643185437982,-73.96150576233745,2012-06-08 19:57:11,2012-06-04,train,216_8
216,3834,37,Bar,40.71400481488442,-73.96559244727067,2012-06-08 20:35:58,2012-06-04,train,216_8
216,755,37,Bar,40.70251200697889,-73.92677693272807,2012-06-09 13:34:34,2012-06-04,train,216_8
216,274,37,Bar,40.70443641202592,-74.01012361049652,2012-06-09 19:16:27,2012-06-04,train,216_8
216,3962,37,Bar,40.707225,-73.92125,2012-06-10 19:57:44,2012-06-04,train,216_8
219,309,159,Art Museum,40.77361447158453,-73.9641058682518,2012-06-04 19:11:40,2012-06-04,train,219_4
219,611,183,University,40.74709440008955,-73.99452924728394,2012-06-07 18:04:32,2012-06-04,train,219_4
219,1871,99,Thai Restaurant,40.74322529020578,-73.99635314941406,2012-06-08 13:39:04,2012-06-04,train,219_4
219,2241,301,Neighborhood,40.77943655102251,-73.80902767181396,2012-06-10 17:19:58,2012-06-04,train,219_4
220,2150,257,Road,40.81780414338999,-73.80359888076782,2012-06-04 19:28:44,2012-06-04,train,220_9
220,2132,61,Office,40.834227327033474,-73.88933746464586,2012-06-06 13:24:49,2012-06-04,train,220_9
220,357,70,Train Station,40.750794799423865,-73.99357639021292,2012-06-07 08:03:06,2012-06-04,train,220_9
220,2132,61,Office,40.834227327033474,-73.88933746464586,2012-06-07 09:31:59,2012-06-04,train,220_9
220,336,48,Bar,40.74985920636586,-73.98996152288103,2012-06-07 19:18:02,2012-06-04,train,220_9
220,2132,61,Office,40.834227327033474,-73.88933746464586,2012-06-08 08:59:57,2012-06-04,train,220_9
220,847,265,Mall,40.917335441802095,-74.0756607055664,2012-06-09 15:16:23,2012-06-04,train,220_9
220,1257,265,Mall,40.90579352751887,-74.03098583221436,2012-06-09 16:23:17,2012-06-04,train,220_9
221,827,7,Clothing Store,40.74995544581752,-73.98755550384521,2012-06-08 17:48:42,2012-06-04,train,221_4
221,3315,301,Neighborhood,40.76203225371199,-73.98515224456787,2012-06-09 13:08:05,2012-06-04,train,221_4
221,2076,222,Coffee Shop,40.747744648563874,-73.9853024482727,2012-06-10 14:15:18,2012-06-04,train,221_4
221,3251,128,Bakery,40.747631,-73.98613,2012-06-10 14:15:45,2012-06-04,train,221_4
221,2703,42,Food & Drink Shop,40.76750916746532,-73.93837451934814,2012-06-10 18:02:59,2012-06-04,train,221_4
225,4913,128,Bakery,40.76025741910786,-73.99089122857772,2012-06-06 20:50:57,2012-06-04,train,225_6
225,727,222,Coffee Shop,40.75503606545005,-73.98651239017553,2012-06-08 17:41:41,2012-06-04,train,225_6
229,1267,121,Park,40.80459308871023,-73.94357957605348,2012-06-04 19:13:09,2012-06-04,train,229_7
229,3726,80,Building,40.70840115230939,-74.00800963298805,2012-06-05 09:54:15,2012-06-04,train,229_7
229,3726,80,Building,40.70840115230939,-74.00800963298805,2012-06-06 09:18:29,2012-06-04,train,229_7
229,2340,102,American Restaurant,40.707677,-74.0081495,2012-06-06 09:38:00,2012-06-04,train,229_7
229,3726,80,Building,40.70840115230939,-74.00800963298805,2012-06-07 10:24:08,2012-06-04,train,229_7
229,4159,138,Gym / Fitness Center,40.808450515317375,-73.94511797552862,2012-06-07 17:57:01,2012-06-04,train,229_7
229,3726,80,Building,40.70840115230939,-74.00800963298805,2012-06-08 14:54:21,2012-06-04,train,229_7
229,5111,120,Other Great Outdoors,40.757643896260056,-73.98590326309204,2012-06-08 14:55:49,2012-06-04,train,229_7
229,512,147,Movie Theater,40.75234609858383,-73.99408777489505,2012-06-08 20:54:07,2012-06-04,train,229_7
229,357,70,Train Station,40.750794799423865,-73.99357639021292,2012-06-10 17:18:40,2012-06-04,train,229_7
230,561,57,Bar,40.72574081337552,-73.99028290313753,2012-06-04 00:25:40,2012-06-04,train,230_9
230,48,232,Music Venue,40.73169799836348,-73.98922693741638,2012-06-05 10:25:15,2012-06-04,train,230_9
230,48,232,Music Venue,40.73169799836348,-73.98922693741638,2012-06-07 15:24:24,2012-06-04,train,230_9
230,48,232,Music Venue,40.73169799836348,-73.98922693741638,2012-06-08 16:13:27,2012-06-04,train,230_9
230,3742,259,Hotel,40.74198972871025,-74.00358438491821,2012-06-09 10:38:44,2012-06-04,train,230_9
231,3879,194,Mexican Restaurant,40.682925,-73.9641651,2012-06-04 18:08:45,2012-06-04,train,231_8
231,4718,264,Subway,40.71107156161133,-74.01002953816115,2012-06-06 17:40:34,2012-06-04,train,231_8
231,638,42,Food & Drink Shop,40.715917287979,-74.0120207306095,2012-06-06 18:45:14,2012-06-04,train,231_8
231,3879,194,Mexican Restaurant,40.682925,-73.9641651,2012-06-06 20:11:58,2012-06-04,train,231_8
231,234,121,Park,40.74218830848454,-73.98792418909154,2012-06-07 20:07:07,2012-06-04,train,231_8
231,249,130,Burger Joint,40.74140750304299,-73.98843795061111,2012-06-07 20:30:24,2012-06-04,train,231_8
233,1475,241,Airport,40.773839,-73.87122,2012-06-05 08:03:13,2012-06-04,train,233_7
233,1547,190,Salad Place,40.75254117265956,-73.9883660914967,2012-06-06 12:52:44,2012-06-04,train,233_7
233,289,37,Bar,40.71945037152671,-73.98781514808185,2012-06-07 18:44:06,2012-06-04,train,233_7
233,349,70,Train Station,40.75280620914171,-73.97717535495758,2012-06-08 17:56:38,2012-06-04,train,233_7
235,4907,138,Gym / Fitness Center,40.80159,-73.942595,2012-06-04 20:03:36,2012-06-04,train,235_7
235,2890,301,Neighborhood,40.79672258044242,-73.94124984741211,2012-06-08 07:13:16,2012-06-04,train,235_7
235,4907,138,Gym / Fitness Center,40.80159,-73.942595,2012-06-10 11:59:45,2012-06-04,train,235_7
237,3177,6,Home (private),40.85040528700932,-73.7183639073073,2012-06-06 09:54:09,2012-06-04,train,237_4
237,3177,6,Home (private),40.85040528700932,-73.7183639073073,2012-06-07 11:50:41,2012-06-04,train,237_4
237,3177,6,Home (private),40.85040528700932,-73.7183639073073,2012-06-09 07:59:43,2012-06-04,train,237_4
238,4916,6,Home (private),40.877199345212254,-73.836025107013,2012-06-05 01:52:58,2012-06-04,train,238_8
238,3407,301,Neighborhood,40.82507881379304,-73.92013549804688,2012-06-06 18:51:22,2012-06-04,train,238_8
238,2855,301,Neighborhood,40.80776268935483,-73.94515241716795,2012-06-06 19:06:20,2012-06-04,train,238_8
238,4916,6,Home (private),40.877199345212254,-73.836025107013,2012-06-07 01:07:38,2012-06-04,train,238_8
238,4428,301,Neighborhood,40.83991796598711,-73.87893676757812,2012-06-07 08:38:09,2012-06-04,train,238_8
238,4916,6,Home (private),40.877199345212254,-73.836025107013,2012-06-07 12:39:28,2012-06-04,train,238_8
238,4625,301,Neighborhood,40.83013107750001,-73.89150789839596,2012-06-07 20:03:45,2012-06-04,train,238_8
238,4916,6,Home (private),40.877199345212254,-73.836025107013,2012-06-08 07:22:41,2012-06-04,train,238_8
241,1159,131,Café,40.687084,-73.976106,2012-06-05 09:56:25,2012-06-04,train,241_6
241,2380,61,Office,40.686839135851805,-73.97771423872803,2012-06-05 10:20:50,2012-06-04,train,241_6
241,2380,61,Office,40.686839135851805,-73.97771423872803,2012-06-08 11:15:13,2012-06-04,train,241_6
241,3261,76,Ferry,40.69739661931091,-74.01154518127441,2012-06-10 11:59:31,2012-06-04,train,241_6
241,452,318,Other Great Outdoors,40.69118178774824,-74.01678085327148,2012-06-10 12:34:17,2012-06-04,train,241_6
242,2496,232,Music Venue,40.71971101647132,-74.00456656363339,2012-06-04 05:29:27,2012-06-04,train,242_6
242,2496,232,Music Venue,40.71971101647132,-74.00456656363339,2012-06-07 05:40:55,2012-06-04,train,242_6
242,436,241,Airport,40.68968493541091,-74.17938709259033,2012-06-10 15:08:19,2012-06-04,train,242_6
243,2381,19,Bank,40.72528919242969,-73.72103330684241,2012-06-06 13:22:43,2012-06-04,train,243_5
243,4083,96,Deli / Bodega,40.72524,-73.721302,2012-06-06 20:39:50,2012-06-04,train,243_5
243,2381,19,Bank,40.72528919242969,-73.72103330684241,2012-06-09 09:54:36,2012-06-04,train,243_5
243,2381,19,Bank,40.72528919242969,-73.72103330684241,2012-06-10 23:16:20,2012-06-04,train,243_5
244,4333,121,Park,40.65173175523031,-73.97266387939453,2012-06-05 06:52:16,2012-06-04,train,244_9
244,438,42,Food & Drink Shop,40.67420193066911,-74.01670575141907,2012-06-07 17:02:33,2012-06-04,train,244_9
244,3656,80,Building,40.653046,-73.973021,2012-06-07 20:53:24,2012-06-04,train,244_9
244,3656,80,Building,40.653046,-73.973021,2012-06-08 13:06:20,2012-06-04,train,244_9
244,4333,121,Park,40.65173175523031,-73.97266387939453,2012-06-08 14:24:34,2012-06-04,train,244_9
244,4296,39,Beer Garden,40.69404523765856,-73.96137714385986,2012-06-08 16:43:13,2012-06-04,train,244_9
244,862,147,Movie Theater,40.58606020705239,-73.92983436584473,2012-06-09 18:33:45,2012-06-04,train,244_9
244,3656,80,Building,40.653046,-73.973021,2012-06-09 22:49:06,2012-06-04,train,244_9
244,4333,121,Park,40.65173175523031,-73.97266387939453,2012-06-10 08:15:33,2012-06-04,train,244_9
244,3656,80,Building,40.653046,-73.973021,2012-06-10 17:21:38,2012-06-04,train,244_9
245,1305,222,Coffee Shop,40.755002,-73.968647,2012-06-04 09:20:50,2012-06-04,train,245_9
245,1234,222,Coffee Shop,40.774642605894,-73.95421035537034,2012-06-05 08:46:09,2012-06-04,train,245_9
245,1305,222,Coffee Shop,40.755002,-73.968647,2012-06-07 09:09:12,2012-06-04,train,245_9
245,926,47,Bar,40.75554713431404,-73.96856546401978,2012-06-08 18:29:46,2012-06-04,train,245_9
245,349,70,Train Station,40.75280620914171,-73.97717535495758,2012-06-08 19:41:39,2012-06-04,train,245_9
247,963,138,Gym / Fitness Center,40.76081329459152,-73.97227764129639,2012-06-04 10:54:11,2012-06-04,train,247_9
247,1045,222,Coffee Shop,40.76185347443989,-73.98369312286377,2012-06-04 17:01:40,2012-06-04,train,247_9
247,963,138,Gym / Fitness Center,40.76081329459152,-73.97227764129639,2012-06-06 12:11:22,2012-06-04,train,247_9
247,963,138,Gym / Fitness Center,40.76081329459152,-73.97227764129639,2012-06-07 14:48:45,2012-06-04,train,247_9
247,963,138,Gym / Fitness Center,40.76081329459152,-73.97227764129639,2012-06-08 10:52:41,2012-06-04,train,247_9
247,3652,42,Food & Drink Shop,40.75989337909481,-73.96135078803042,2012-06-08 19:11:59,2012-06-04,train,247_9
247,3652,42,Food & Drink Shop,40.75989337909481,-73.96135078803042,2012-06-09 15:19:45,2012-06-04,train,247_9
247,1755,26,Drugstore / Pharmacy,40.75848932653582,-73.96275703181098,2012-06-09 15:20:22,2012-06-04,train,247_9
247,790,41,Bar,40.75918262141176,-73.96217731622924,2012-06-10 00:18:13,2012-06-04,train,247_9
247,2145,83,Church,40.760740156333405,-73.97603273391724,2012-06-10 12:05:51,2012-06-04,train,247_9
248,192,121,Park,40.73528249691621,-73.99040315158283,2012-06-06 13:44:41,2012-06-04,train,248_7
248,3109,63,Office,40.73930718066654,-73.98940086364746,2012-06-06 18:53:19,2012-06-04,train,248_7
248,192,121,Park,40.73528249691621,-73.99040315158283,2012-06-07 16:28:10,2012-06-04,train,248_7
248,437,55,Bar,40.74421527986642,-73.9885380368106,2012-06-08 19:22:57,2012-06-04,train,248_7
248,412,265,Mall,40.76792357432163,-73.98194432258606,2012-06-09 18:58:16,2012-06-04,train,248_7
248,481,42,Food & Drink Shop,40.76806170936614,-73.98184776306152,2012-06-09 18:59:09,2012-06-04,train,248_7
248,234,121,Park,40.74218830848454,-73.98792418909154,2012-06-10 15:48:54,2012-06-04,train,248_7
248,1897,138,Gym / Fitness Center,40.74667352978544,-73.98154231629059,2012-06-10 17:09:51,2012-06-04,train,248_7
249,3009,301,Neighborhood,40.72288437724696,-73.99875640869139,2012-06-06 19:05:49,2012-06-04,train,249_5
249,3473,202,Pizza Place,40.7298829253228,-74.00054383246888,2012-06-08 14:01:07,2012-06-04,train,249_5
249,2153,301,Neighborhood,40.727486422997785,-73.98632168769836,2012-06-10 00:22:30,2012-06-04,train,249_5
249,21,47,Bar,40.72306684493416,-73.98850382710332,2012-06-10 00:38:28,2012-06-04,train,249_5
250,1565,137,Gym / Fitness Center,40.75922886315155,-73.981347183746,2012-06-04 17:12:04,2012-06-04,train,250_2
250,674,254,Department Store,40.75831461619259,-73.9772837904573,2012-06-07 12:15:26,2012-06-04,train,250_2
250,1565,137,Gym / Fitness Center,40.75922886315155,-73.981347183746,2012-06-07 17:58:11,2012-06-04,train,250_2
250,1228,61,Office,40.782871583997455,-73.95779208451076,2012-06-08 12:48:39,2012-06-04,train,250_2
250,190,157,Stadium,40.82827721161922,-73.92655344439045,2012-06-08 18:55:30,2012-06-04,train,250_2
252,354,121,Park,40.66390776998241,-73.970947265625,2012-06-04 08:21:43,2012-06-04,train,252_8
252,354,121,Park,40.66390776998241,-73.970947265625,2012-06-05 08:00:53,2012-06-04,train,252_8
252,354,121,Park,40.66390776998241,-73.970947265625,2012-06-06 08:15:57,2012-06-04,train,252_8
252,354,121,Park,40.66390776998241,-73.970947265625,2012-06-07 08:16:07,2012-06-04,train,252_8
252,354,121,Park,40.66390776998241,-73.970947265625,2012-06-08 07:56:38,2012-06-04,train,252_8
252,354,121,Park,40.66390776998241,-73.970947265625,2012-06-09 07:22:08,2012-06-04,train,252_8
252,1203,133,Hot Dog Joint,40.68099,-73.975448,2012-06-10 17:15:19,2012-06-04,train,252_8
252,2484,39,Beer Garden,40.67621785391348,-73.98339539766312,2012-06-10 18:12:12,2012-06-04,train,252_8
252,354,121,Park,40.66390776998241,-73.970947265625,2012-06-10 19:40:37,2012-06-04,train,252_8
253,98,37,Bar,40.737216,-73.989348,2012-06-04 21:37:12,2012-06-04,train,253_7
253,2908,59,Bar,40.717177,-73.955141,2012-06-09 19:21:30,2012-06-04,train,253_7
255,4541,121,Park,40.73148465784276,-74.03214954440953,2012-06-07 11:50:08,2012-06-04,train,255_5
255,1381,42,Food & Drink Shop,40.74989042341799,-74.03604984283447,2012-06-07 12:45:33,2012-06-04,train,255_5
255,3151,50,Bar,40.74227764235143,-73.98525553606459,2012-06-09 19:44:06,2012-06-04,train,255_5
255,2943,52,Bar,40.74099801143199,-74.008229970932,2012-06-10 01:04:37,2012-06-04,train,255_5
255,798,148,Museum,40.764421348741976,-73.99944305419922,2012-06-10 13:05:13,2012-06-04,train,255_5
256,1632,264,Subway,40.88941188949587,-73.89850616455078,2012-06-06 13:41:19,2012-06-04,train,256_9
256,1597,264,Subway,40.874486,-73.909589,2012-06-06 13:58:49,2012-06-04,train,256_9
256,4612,6,Home (private),40.87744097115002,-73.90658830179062,2012-06-06 15:02:06,2012-06-04,train,256_9
256,1597,264,Subway,40.874486,-73.909589,2012-06-06 21:44:16,2012-06-04,train,256_9
256,1632,264,Subway,40.88941188949587,-73.89850616455078,2012-06-06 21:55:26,2012-06-04,train,256_9
256,1632,264,Subway,40.88941188949587,-73.89850616455078,2012-06-07 21:19:32,2012-06-04,train,256_9
256,1632,264,Subway,40.88941188949587,-73.89850616455078,2012-06-08 14:07:44,2012-06-04,train,256_9
256,861,254,Department Store,40.87364275972925,-73.90811920166016,2012-06-08 18:47:15,2012-06-04,train,256_9
257,605,238,Music Venue,40.72856334811506,-73.99995849221705,2012-06-07 21:06:07,2012-06-04,train,257_6
257,2205,27,Italian Restaurant,40.72154512476467,-73.98884242671608,2012-06-08 20:39:34,2012-06-04,train,257_6
257,629,102,American Restaurant,40.68641858925556,-73.9853024482727,2012-06-09 13:48:42,2012-06-04,train,257_6
257,131,37,Bar,40.728306,-73.981973,2012-06-09 21:37:16,2012-06-04,train,257_6
259,2125,264,Subway,40.76464887712308,-73.9663553237915,2012-06-04 08:08:33,2012-06-04,train,259_5
259,2125,264,Subway,40.76464887712308,-73.9663553237915,2012-06-07 08:16:42,2012-06-04,train,259_5
261,2087,254,Department Store,40.91552327277213,-74.0573787689209,2012-06-04 17:13:01,2012-06-04,train,261_9
261,1405,137,Gym / Fitness Center,40.8649445296451,-74.06521286735973,2012-06-04 22:22:34,2012-06-04,train,261_9
261,3887,6,Home (private),40.90911737991889,-74.20032308006297,2012-06-05 00:02:23,2012-06-04,train,261_9
261,3156,254,Department Store,40.86679532183928,-74.10016536712646,2012-06-06 20:43:55,2012-06-04,train,261_9
261,3887,6,Home (private),40.90911737991889,-74.20032308006297,2012-06-07 00:26:08,2012-06-04,train,261_9
261,3887,6,Home (private),40.90911737991889,-74.20032308006297,2012-06-07 08:24:33,2012-06-04,train,261_9
261,2087,254,Department Store,40.91552327277213,-74.0573787689209,2012-06-07 17:48:21,2012-06-04,train,261_9
261,847,265,Mall,40.917335441802095,-74.0756607055664,2012-06-07 20:10:30,2012-06-04,train,261_9
261,847,265,Mall,40.917335441802095,-74.0756607055664,2012-06-08 11:22:25,2012-06-04,train,261_9
261,1843,147,Movie Theater,40.91532869189857,-74.07670140266418,2012-06-08 11:29:08,2012-06-04,train,261_9
261,2364,102,American Restaurant,40.910107224587655,-74.0324878692627,2012-06-08 22:16:10,2012-06-04,train,261_9
261,3887,6,Home (private),40.90911737991889,-74.20032308006297,2012-06-09 02:13:03,2012-06-04,train,261_9
261,2498,214,Bar,40.910667297995,-74.03597079516709,2012-06-09 23:18:12,2012-06-04,train,261_9
261,3887,6,Home (private),40.90911737991889,-74.20032308006297,2012-06-10 08:54:55,2012-06-04,train,261_9
262,4699,61,Office,40.892514042254334,-73.94481374078164,2012-06-04 09:14:35,2012-06-04,train,262_9
262,4699,61,Office,40.892514042254334,-73.94481374078164,2012-06-07 09:09:04,2012-06-04,train,262_9
262,4457,6,Home (private),40.91398039281111,-74.09463109843134,2012-06-09 20:02:12,2012-06-04,train,262_9
263,2450,61,Office,40.73899030126644,-73.99403038674146,2012-06-04 08:54:40,2012-06-04,train,263_9
263,624,122,Plaza,40.75875624280933,-73.97866122153226,2012-06-04 19:19:58,2012-06-04,train,263_9
263,2365,102,American Restaurant,40.73779798692258,-73.98969179260743,2012-06-04 20:58:05,2012-06-04,train,263_9
263,2450,61,Office,40.7388747775874,-73.99356554206433,2012-06-06 09:53:28,2012-06-04,train,263_9
263,2450,61,Office,40.7388747775874,-73.99356554206433,2012-06-07 08:47:12,2012-06-04,train,263_9
263,2450,61,Office,40.7388747775874,-73.99356554206433,2012-06-08 10:11:15,2012-06-04,train,263_9
263,3538,282,Convenience Store,40.737080298662434,-73.98446928068036,2012-06-09 14:39:04,2012-06-04,train,263_9
263,254,121,Park,40.74706188749892,-74.00519371032715,2012-06-09 15:08:05,2012-06-04,train,263_9
263,265,37,Bar,40.740727951827786,-74.00861104297583,2012-06-09 16:13:53,2012-06-04,train,263_9
263,523,47,Bar,40.73429763507372,-74.00621350620632,2012-06-09 19:52:41,2012-06-04,train,263_9
263,357,70,Train Station,40.750794799423865,-73.99357639021292,2012-06-10 10:51:39,2012-06-04,train,263_9
265,3881,301,Neighborhood,40.89553461398706,-73.87795664806539,2012-06-04 06:59:56,2012-06-04,train,265_3
265,3807,257,Road,40.81338936633352,-73.93073805599286,2012-06-04 07:18:50,2012-06-04,train,265_3
265,4484,6,Home (private),40.890424479241965,-73.85954898955855,2012-06-04 20:59:11,2012-06-04,train,265_3
265,3881,301,Neighborhood,40.89553461398706,-73.87795664806539,2012-06-05 07:09:35,2012-06-04,train,265_3
265,3881,301,Neighborhood,40.89553461398706,-73.87795664806539,2012-06-06 07:01:30,2012-06-04,train,265_3
265,3881,301,Neighborhood,40.89553461398706,-73.87795664806539,2012-06-07 06:47:05,2012-06-04,train,265_3
265,1647,264,Subway,40.8864595193891,-73.87842178344727,2012-06-07 19:59:40,2012-06-04,train,265_3
265,3807,257,Road,40.81338936633352,-73.93073805599286,2012-06-08 07:46:47,2012-06-04,train,265_3
265,4484,6,Home (private),40.890424479241965,-73.85954898955855,2012-06-08 17:40:52,2012-06-04,train,265_3
265,1647,264,Subway,40.8864595193891,-73.87842178344727,2012-06-08 21:02:46,2012-06-04,train,265_3
265,3881,301,Neighborhood,40.89553461398706,-73.87795664806539,2012-06-08 21:05:18,2012-06-04,train,265_3
265,3881,301,Neighborhood,40.89553461398706,-73.87795664806539,2012-06-09 07:48:06,2012-06-04,train,265_3
265,4484,6,Home (private),40.890424479241965,-73.85954898955855,2012-06-09 09:55:34,2012-06-04,train,265_3
265,1171,265,Mall,40.92664586048168,-73.85567665100098,2012-06-09 15:11:22,2012-06-04,train,265_3
265,3881,301,Neighborhood,40.89553461398706,-73.87795664806539,2012-06-10 10:01:28,2012-06-04,train,265_3
267,3576,123,Scenic Lookout,40.73857555787898,-73.9070463180542,2012-06-04 06:16:28,2012-06-04,train,267_7
267,3536,276,College & University,40.74467151923719,-73.93426855422129,2012-06-06 13:40:12,2012-06-04,train,267_7
267,3576,123,Scenic Lookout,40.73857555787898,-73.9070463180542,2012-06-07 09:35:48,2012-06-04,train,267_7
267,2034,264,Subway,40.74410317521528,-73.91249656677246,2012-06-08 18:02:04,2012-06-04,train,267_7
267,1568,201,Ice Cream Shop,40.709917,-73.847299,2012-06-09 19:47:55,2012-06-04,train,267_7
267,1568,201,Ice Cream Shop,40.709917,-73.847299,2012-06-09 19:52:30,2012-06-04,train,267_7
267,3536,276,College & University,40.74467151923719,-73.93426855422129,2012-06-10 16:08:09,2012-06-04,train,267_7
267,956,201,Ice Cream Shop,40.68410746342771,-73.999344456893,2012-06-10 21:51:44,2012-06-04,train,267_7
268,1273,254,Department Store,40.76214602208933,-73.96845817565918,2012-06-04 19:43:46,2012-06-04,train,268_6
268,482,254,Department Store,40.76232480057456,-73.9678144454956,2012-06-04 20:48:32,2012-06-04,train,268_6
268,1465,4,Gym / Fitness Center,40.745882070357766,-73.9976859778158,2012-06-08 17:50:03,2012-06-04,train,268_6
268,120,102,American Restaurant,40.8415358603095,-73.93958427255126,2012-06-08 21:01:11,2012-06-04,train,268_6
268,3753,27,Italian Restaurant,40.723019825,-73.995854,2012-06-09 20:01:06,2012-06-04,train,268_6
269,343,220,BBQ Joint,40.72829298080731,-73.99119292464046,2012-06-04 21:38:45,2012-06-04,train,269_5
269,343,220,BBQ Joint,40.72829298080731,-73.99119292464046,2012-06-08 22:30:32,2012-06-04,train,269_5
270,4534,70,Train Station,40.85846781861682,-73.85592812561717,2012-06-04 17:55:16,2012-06-04,train,270_9
270,4534,70,Train Station,40.85846781861682,-73.85592812561717,2012-06-06 09:48:57,2012-06-04,train,270_9
270,3661,71,Train Station,40.84188828740272,-73.87348920106888,2012-06-06 09:49:49,2012-06-04,train,270_9
270,2753,264,Subway,40.816188,-73.917947,2012-06-06 10:12:24,2012-06-04,train,270_9
270,2753,264,Subway,40.816188,-73.917947,2012-06-06 12:43:16,2012-06-04,train,270_9
270,1964,264,Subway,40.85723693198472,-73.86762857437134,2012-06-06 13:20:58,2012-06-04,train,270_9
270,3207,266,Bus Station,40.85741545445239,-73.8564920425415,2012-06-06 13:21:26,2012-06-04,train,270_9
270,3584,266,Bus Station,40.85754528867217,-73.85636329650879,2012-06-06 13:26:30,2012-06-04,train,270_9
270,3207,266,Bus Station,40.85741545445239,-73.8564920425415,2012-06-06 13:26:46,2012-06-04,train,270_9
270,4456,122,Plaza,40.85803216472994,-73.85636329650879,2012-06-06 13:27:32,2012-06-04,train,270_9
270,3585,120,Other Great Outdoors,40.86708740710768,-73.82829666137695,2012-06-06 19:28:37,2012-06-04,train,270_9
271,4817,113,Garden,40.82718998645796,-73.9214780864242,2012-06-07 00:12:26,2012-06-04,train,271_0
271,4817,113,Garden,40.82718998645796,-73.9214780864242,2012-06-07 03:39:35,2012-06-04,train,271_0
271,3603,258,Food & Drink Shop,40.70621215482598,-73.9225516455076,2012-06-07 20:20:48,2012-06-04,train,271_0
271,4817,113,Garden,40.82718998645796,-73.9214780864242,2012-06-08 13:20:30,2012-06-04,train,271_0
272,1255,222,Coffee Shop,40.767614327003976,-73.98287380365903,2012-06-04 06:55:10,2012-06-04,train,272_8
272,3025,61,Office,40.766476816586845,-73.98198423337972,2012-06-04 06:59:31,2012-06-04,train,272_8
272,3025,61,Office,40.766476816586845,-73.98198423337972,2012-06-05 07:45:39,2012-06-04,train,272_8
272,3025,61,Office,40.766476816586845,-73.98198423337972,2012-06-06 07:25:31,2012-06-04,train,272_8
272,3640,245,General Entertainment,40.75625384114967,-73.99716949351073,2012-06-07 06:20:27,2012-06-04,train,272_8
272,4229,128,Bakery,40.798281,-73.963556,2012-06-07 09:29:01,2012-06-04,train,272_8
273,1839,37,Bar,40.887145,-73.904555,2012-06-06 23:15:20,2012-06-04,train,273_6
273,3533,6,Home (private),40.88729678663871,-73.90658830179062,2012-06-07 02:10:35,2012-06-04,train,273_6
273,3533,6,Home (private),40.88729678663871,-73.90658830179062,2012-06-08 22:12:45,2012-06-04,train,273_6
273,1839,37,Bar,40.887145,-73.904555,2012-06-09 00:03:02,2012-06-04,train,273_6
273,190,157,Stadium,40.82827721161922,-73.92655344439045,2012-06-09 17:31:55,2012-06-04,train,273_6
273,2302,96,Deli / Bodega,40.88726162910461,-73.904543,2012-06-10 03:11:10,2012-06-04,train,273_6
273,3533,6,Home (private),40.88729678663871,-73.90658830179062,2012-06-10 03:29:22,2012-06-04,train,273_6
274,2825,7,Clothing Store,40.7581988617573,-73.98558266326891,2012-06-04 23:13:52,2012-06-04,train,274_9
274,1954,42,Food & Drink Shop,40.75664218293871,-73.91412950145927,2012-06-06 16:21:06,2012-06-04,train,274_9
274,1669,55,Bar,40.74133942396724,-74.00620222091675,2012-06-07 01:31:48,2012-06-04,train,274_9
274,3589,6,Home (private),40.76071686239771,-73.91834636014222,2012-06-07 03:37:20,2012-06-04,train,274_9
274,1954,42,Food & Drink Shop,40.75664218293871,-73.91412950145927,2012-06-07 13:45:52,2012-06-04,train,274_9
274,1246,222,Coffee Shop,40.75372603523457,-73.9886415626111,2012-06-07 16:21:34,2012-06-04,train,274_9
274,1803,138,Gym / Fitness Center,40.76190477195068,-73.92474889755249,2012-06-07 18:54:55,2012-06-04,train,274_9
274,3589,6,Home (private),40.76071686239771,-73.91834636014222,2012-06-07 20:49:22,2012-06-04,train,274_9
276,1475,241,Airport,40.773839,-73.87122,2012-06-04 10:29:13,2012-06-04,train,276_9
276,1474,239,Airport,40.76915667368325,-73.86195399349938,2012-06-04 10:34:46,2012-06-04,train,276_9
277,731,147,Movie Theater,40.774933314042286,-73.98194405914089,2012-06-06 18:58:57,2012-06-04,train,277_8
277,2712,121,Park,40.8605409907872,-73.93363134709895,2012-06-07 12:42:15,2012-06-04,train,277_8
277,731,147,Movie Theater,40.77468600154588,-73.9820645818322,2012-06-10 14:00:46,2012-06-04,train,277_8
278,247,55,Bar,40.780482,-73.952901,2012-06-09 21:16:49,2012-06-04,train,278_7
278,100,232,Music Venue,40.768369,-73.955709,2012-06-09 23:18:11,2012-06-04,train,278_7
278,3884,39,Beer Garden,40.70562922311935,-74.00100866021788,2012-06-10 16:39:26,2012-06-04,train,278_7
279,837,137,Gym / Fitness Center,40.743643848658174,-74.00680456576318,2012-06-06 12:58:39,2012-06-04,train,279_9
279,4472,136,Office,40.741604900953,-74.00776288174592,2012-06-06 13:16:07,2012-06-04,train,279_9
279,241,92,Asian Restaurant,40.74036718964624,-74.00580607573977,2012-06-06 18:47:32,2012-06-04,train,279_9
279,837,137,Gym / Fitness Center,40.743643848658174,-74.00680456576318,2012-06-07 08:24:54,2012-06-04,train,279_9
279,4472,136,Office,40.741604900953,-74.00776288174592,2012-06-07 15:14:16,2012-06-04,train,279_9
279,837,137,Gym / Fitness Center,40.743643848658174,-74.00680456576318,2012-06-08 07:10:00,2012-06-04,train,279_9
279,1414,214,Bar,40.76171380095544,-73.99395004329756,2012-06-10 01:13:10,2012-06-04,train,279_9
281,1810,138,Gym / Fitness Center,40.73361897049055,-73.98806766400996,2012-06-04 08:19:16,2012-06-04,train,281_8
281,2346,136,Office,40.755253353706,-73.97945897918443,2012-06-04 09:51:27,2012-06-04,train,281_8
281,2346,136,Office,40.755253353706,-73.97945897918443,2012-06-05 09:43:45,2012-06-04,train,281_8
281,2346,136,Office,40.755253353706,-73.97945897918443,2012-06-06 08:42:29,2012-06-04,train,281_8
281,1672,222,Coffee Shop,40.755120459541295,-73.97954642772675,2012-06-06 12:16:47,2012-06-04,train,281_8
281,2346,136,Office,40.755253353706,-73.97945897918443,2012-06-07 08:57:29,2012-06-04,train,281_8
281,1139,282,Convenience Store,40.73124093737987,-73.98864730158843,2012-06-07 20:09:43,2012-06-04,train,281_8
282,2986,299,Housing Development,40.75485493095987,-73.94260371930172,2012-06-04 06:37:33,2012-06-04,train,282_4
282,2221,264,Subway,40.754035474213005,-73.94245147705078,2012-06-04 06:47:54,2012-06-04,train,282_4
282,2221,264,Subway,40.754035474213005,-73.94245147705078,2012-06-04 16:44:36,2012-06-04,train,282_4
282,2221,264,Subway,40.754035474213005,-73.94245147705078,2012-06-05 07:11:14,2012-06-04,train,282_4
282,2986,299,Housing Development,40.75485493095987,-73.94260371930172,2012-06-06 06:23:35,2012-06-04,train,282_4
282,2221,264,Subway,40.754035474213005,-73.94245147705078,2012-06-06 06:38:41,2012-06-04,train,282_4
282,1185,70,Train Station,40.67352655223766,-73.9959454536438,2012-06-06 07:21:02,2012-06-04,train,282_4
282,2818,264,Subway,40.63554789052744,-73.97815704345703,2012-06-06 07:34:03,2012-06-04,train,282_4
282,2146,264,Subway,40.63072779228403,-73.97716999053955,2012-06-06 07:35:47,2012-06-04,train,282_4
282,3738,70,Train Station,40.62098150778056,-73.97536684912832,2012-06-06 07:37:52,2012-06-04,train,282_4
282,2550,264,Subway,40.60906918068248,-73.97311126196983,2012-06-06 07:39:24,2012-06-04,train,282_4
282,1724,264,Subway,40.60323393447623,-73.97238004439811,2012-06-06 07:41:43,2012-06-04,train,282_4
282,2980,264,Subway,40.59605782365764,-73.97335588932037,2012-06-06 07:42:51,2012-06-04,train,282_4
282,2761,71,Train Station,40.59009477009124,-73.97417879506523,2012-06-06 07:44:42,2012-06-04,train,282_4
282,3568,264,Subway,40.5808535628616,-73.97476136684418,2012-06-06 07:46:17,2012-06-04,train,282_4
282,2335,264,Subway,40.57611915744327,-73.97605419158936,2012-06-06 07:47:55,2012-06-04,train,282_4
282,2688,264,Subway,40.60189764651378,-73.99352073669434,2012-06-06 18:09:42,2012-06-04,train,282_4
282,3141,264,Subway,40.60790819430413,-74.00176041628802,2012-06-06 18:12:49,2012-06-04,train,282_4
282,2571,264,Subway,40.61262896356314,-74.00092899799347,2012-06-06 18:14:12,2012-06-04,train,282_4
282,4052,70,Train Station,40.62595620370298,-73.99701833724976,2012-06-06 18:16:48,2012-06-04,train,282_4
282,2298,264,Subway,40.63625944917977,-73.99479021681918,2012-06-06 18:19:53,2012-06-04,train,282_4
282,2256,71,Train Station,40.64089681515863,-73.99429321289062,2012-06-06 18:21:17,2012-06-04,train,282_4
282,2888,70,Train Station,40.64639997975282,-73.99432003498077,2012-06-06 18:24:07,2012-06-04,train,282_4
282,2221,264,Subway,40.754035474213005,-73.94245147705078,2012-06-06 19:12:06,2012-06-04,train,282_4
282,2986,299,Housing Development,40.75485493095987,-73.94260371930172,2012-06-07 07:03:46,2012-06-04,train,282_4
282,2221,264,Subway,40.754035474213005,-73.94245147705078,2012-06-07 07:04:54,2012-06-04,train,282_4
282,2888,70,Train Station,40.64639997975282,-73.99432003498077,2012-06-07 07:52:38,2012-06-04,train,282_4
282,2298,264,Subway,40.63625944917977,-73.99479021681918,2012-06-07 07:55:33,2012-06-04,train,282_4
282,4052,70,Train Station,40.62595620370298,-73.99701833724976,2012-06-07 07:58:05,2012-06-04,train,282_4
282,2571,264,Subway,40.61262896356314,-74.00092899799347,2012-06-07 08:00:47,2012-06-04,train,282_4
282,3568,264,Subway,40.5808535628616,-73.97476136684418,2012-06-07 08:11:37,2012-06-04,train,282_4
282,2480,133,Hot Dog Joint,40.57514126948244,-73.98150444030762,2012-06-07 13:08:56,2012-06-04,train,282_4
282,3568,264,Subway,40.5808535628616,-73.97476136684418,2012-06-07 18:12:58,2012-06-04,train,282_4
282,2980,264,Subway,40.59605782365764,-73.97335588932037,2012-06-07 18:15:09,2012-06-04,train,282_4
282,1724,264,Subway,40.60323393447623,-73.97238004439811,2012-06-07 18:17:54,2012-06-04,train,282_4
282,1904,264,Subway,40.62599053984701,-73.97624497132963,2012-06-07 18:24:25,2012-06-04,train,282_4
282,2986,299,Housing Development,40.75485493095987,-73.94260371930172,2012-06-07 19:23:23,2012-06-04,train,282_4
282,2221,264,Subway,40.754035474213005,-73.94245147705078,2012-06-09 09:59:05,2012-06-04,train,282_4
282,2298,264,Subway,40.63625944917977,-73.99479021681918,2012-06-09 10:59:32,2012-06-04,train,282_4
282,1443,264,Subway,40.618956985621566,-73.99902999401093,2012-06-09 11:04:00,2012-06-04,train,282_4
282,2571,264,Subway,40.61262896356314,-74.00092899799347,2012-06-09 11:05:29,2012-06-04,train,282_4
282,3141,264,Subway,40.60790819430413,-74.00176041628802,2012-06-09 11:07:46,2012-06-04,train,282_4
282,2637,264,Subway,40.57745558120849,-73.98124694824219,2012-06-09 11:18:43,2012-06-04,train,282_4
282,3305,132,Fast Food Restaurant,40.57696138238364,-73.98161692574057,2012-06-09 15:17:54,2012-06-04,train,282_4
282,2637,264,Subway,40.57745558120849,-73.98124694824219,2012-06-09 21:18:23,2012-06-04,train,282_4
282,2335,264,Subway,40.57611915744327,-73.97605419158936,2012-06-09 21:24:50,2012-06-04,train,282_4
282,3568,264,Subway,40.5808535628616,-73.97476136684418,2012-06-09 21:26:10,2012-06-04,train,282_4
282,1724,264,Subway,40.60323393447623,-73.97238004439811,2012-06-09 21:31:49,2012-06-04,train,282_4
282,2550,264,Subway,40.60906918068248,-73.97311126196983,2012-06-09 21:32:55,2012-06-04,train,282_4
282,3738,70,Train Station,40.62098150778056,-73.97536684912832,2012-06-09 21:35:13,2012-06-04,train,282_4
282,1904,264,Subway,40.62599053984701,-73.97624497132963,2012-06-09 21:36:40,2012-06-04,train,282_4
282,2146,264,Subway,40.63072779228403,-73.97716999053955,2012-06-09 21:37:50,2012-06-04,train,282_4
282,2818,264,Subway,40.63554789052744,-73.97815704345703,2012-06-09 21:39:41,2012-06-04,train,282_4
282,2221,264,Subway,40.754035474213005,-73.94245147705078,2012-06-09 22:29:38,2012-06-04,train,282_4
282,2986,299,Housing Development,40.75485493095987,-73.94260371930172,2012-06-09 22:29:58,2012-06-04,train,282_4
282,2986,299,Housing Development,40.75485493095987,-73.94260371930172,2012-06-10 10:04:49,2012-06-04,train,282_4
282,2221,264,Subway,40.754035474213005,-73.94245147705078,2012-06-10 10:05:07,2012-06-04,train,282_4
282,1551,264,Subway,40.67026755172896,-73.98977637290949,2012-06-10 10:56:02,2012-06-04,train,282_4
282,2146,264,Subway,40.63072779228403,-73.97716999053955,2012-06-10 11:06:36,2012-06-04,train,282_4
282,1904,264,Subway,40.62599053984701,-73.97624497132963,2012-06-10 11:08:11,2012-06-04,train,282_4
282,2550,264,Subway,40.60906918068248,-73.97311126196983,2012-06-10 11:11:33,2012-06-04,train,282_4
282,2980,264,Subway,40.59605782365764,-73.97335588932037,2012-06-10 11:17:16,2012-06-04,train,282_4
282,3568,264,Subway,40.5808535628616,-73.97476136684418,2012-06-10 11:18:52,2012-06-04,train,282_4
282,2335,264,Subway,40.57611915744327,-73.97605419158936,2012-06-10 11:21:35,2012-06-04,train,282_4
282,2637,264,Subway,40.57745558120849,-73.98124694824219,2012-06-10 11:29:42,2012-06-04,train,282_4
282,2761,71,Train Station,40.59009477009124,-73.97417879506523,2012-06-10 21:14:43,2012-06-04,train,282_4
282,2980,264,Subway,40.59605782365764,-73.97335588932037,2012-06-10 21:16:12,2012-06-04,train,282_4
282,1724,264,Subway,40.60323393447623,-73.97238004439811,2012-06-10 21:18:12,2012-06-04,train,282_4
282,1904,264,Subway,40.62599053984701,-73.97624497132963,2012-06-10 21:23:16,2012-06-04,train,282_4
282,2146,264,Subway,40.63072779228403,-73.97716999053955,2012-06-10 21:25:01,2012-06-04,train,282_4
282,2818,264,Subway,40.63554789052744,-73.97815704345703,2012-06-10 21:26:37,2012-06-04,train,282_4
282,1551,264,Subway,40.67026755172896,-73.98977637290949,2012-06-10 21:38:40,2012-06-04,train,282_4
282,2221,264,Subway,40.754035474213005,-73.94245147705078,2012-06-10 22:14:18,2012-06-04,train,282_4
282,2986,299,Housing Development,40.75485493095987,-73.94260371930172,2012-06-10 22:20:25,2012-06-04,train,282_4
285,1117,61,Office,40.75045645304961,-73.98362563081274,2012-06-04 09:09:28,2012-06-04,train,285_9
285,724,222,Coffee Shop,40.74845178656272,-73.98507714271545,2012-06-04 09:50:46,2012-06-04,train,285_9
285,940,254,Department Store,40.75130811204832,-73.98254093268189,2012-06-04 10:39:02,2012-06-04,train,285_9
285,1210,96,Deli / Bodega,40.7462750388816,-73.97971724534096,2012-06-05 10:03:57,2012-06-04,train,285_9
285,480,78,Library,40.753271503883234,-73.9822769165039,2012-06-06 09:54:38,2012-06-04,train,285_9
285,3869,199,Snack Place,40.74423056993966,-73.97635975824929,2012-06-06 10:49:35,2012-06-04,train,285_9
285,4638,27,Italian Restaurant,40.74551452666217,-73.97945323993258,2012-06-06 14:11:36,2012-06-04,train,285_9
285,4130,37,Bar,40.75599818752485,-73.99114966392517,2012-06-06 18:01:42,2012-06-04,train,285_9
285,2497,96,Deli / Bodega,40.743741277048656,-73.97304238866357,2012-06-07 09:41:06,2012-06-04,train,285_9
285,1614,197,Sandwich Place,40.74341996608469,-73.97361059270312,2012-06-07 10:01:07,2012-06-04,train,285_9
285,736,222,Coffee Shop,40.74696599525917,-73.98107170216927,2012-06-07 10:52:06,2012-06-04,train,285_9
285,179,121,Park,40.75372797263211,-73.98368835767094,2012-06-07 11:22:07,2012-06-04,train,285_9
285,1013,222,Coffee Shop,40.75784646513721,-73.97099913603616,2012-06-07 15:04:40,2012-06-04,train,285_9
285,1204,141,Bagel Shop,40.743527,-73.973873,2012-06-08 09:26:13,2012-06-04,train,285_9
285,1302,102,American Restaurant,40.74820529782175,-73.98543918649351,2012-06-08 10:46:00,2012-06-04,train,285_9
285,827,7,Clothing Store,40.74995544581752,-73.98755550384521,2012-06-08 11:41:18,2012-06-04,train,285_9
285,285,47,Bar,40.740015,-73.982205,2012-06-09 13:14:15,2012-06-04,train,285_9
285,4967,220,BBQ Joint,40.7418112381317,-73.98826278972687,2012-06-09 15:24:51,2012-06-04,train,285_9
285,302,50,Bar,40.733412,-74.00624967,2012-06-09 23:32:09,2012-06-04,train,285_9
285,21,47,Bar,40.72306684493416,-73.98850382710332,2012-06-09 23:56:29,2012-06-04,train,285_9
285,1063,141,Bagel Shop,40.740223,-73.982688,2012-06-10 10:02:45,2012-06-04,train,285_9
287,3417,63,Office,40.74226610630077,-73.98446559906006,2012-06-04 08:31:57,2012-06-04,train,287_9
287,3417,63,Office,40.74226610630077,-73.98446559906006,2012-06-05 08:52:16,2012-06-04,train,287_9
287,3417,63,Office,40.74226610630077,-73.98446559906006,2012-06-07 08:27:25,2012-06-04,train,287_9
287,3417,63,Office,40.74226610630077,-73.98446559906006,2012-06-08 08:30:07,2012-06-04,train,287_9
287,587,266,Bus Station,40.75722129839836,-73.99154663085938,2012-06-08 20:59:22,2012-06-04,train,287_9
288,486,147,Movie Theater,40.74276195733468,-73.97692322731018,2012-06-06 22:14:28,2012-06-04,train,288_8
288,809,259,Hotel,40.73814905658704,-74.00939258173118,2012-06-10 18:24:00,2012-06-04,train,288_8
289,928,138,Gym / Fitness Center,40.72241034998236,-73.99948218461356,2012-06-06 16:35:23,2012-06-04,train,289_5
289,195,48,Bar,40.82720714615709,-73.92603062509322,2012-06-06 20:07:35,2012-06-04,train,289_5
289,190,157,Stadium,40.82827721161922,-73.92655344439045,2012-06-06 20:08:10,2012-06-04,train,289_5
289,543,220,BBQ Joint,40.74434084563527,-73.99042637629252,2012-06-09 17:50:29,2012-06-04,train,289_5
291,662,37,Bar,40.73466222781335,-73.98840052540763,2012-06-06 21:06:22,2012-06-04,train,291_4
291,357,70,Train Station,40.750794799423865,-73.99357639021292,2012-06-09 15:44:14,2012-06-04,train,291_4
293,4696,222,Coffee Shop,40.74997526827238,-73.97949341469202,2012-06-04 07:33:35,2012-06-04,train,293_9
293,2650,61,Office,40.74712105759092,-73.9806297829819,2012-06-04 07:57:52,2012-06-04,train,293_9
293,4696,222,Coffee Shop,40.74997526827238,-73.97949341469202,2012-06-05 07:35:08,2012-06-04,train,293_9
293,2650,61,Office,40.74712105759092,-73.9806297829819,2012-06-05 07:44:12,2012-06-04,train,293_9
293,2763,102,American Restaurant,40.74733835203195,-73.98198997255602,2012-06-06 07:41:34,2012-06-04,train,293_9
293,2650,61,Office,40.74646496169778,-73.98116352940538,2012-06-06 07:51:18,2012-06-04,train,293_9
293,1228,61,Office,40.782871583997455,-73.95779208451076,2012-06-06 13:04:07,2012-06-04,train,293_9
293,349,70,Train Station,40.75280620914171,-73.97717535495758,2012-06-06 15:53:41,2012-06-04,train,293_9
293,2763,102,American Restaurant,40.74733835203195,-73.98198997255602,2012-06-07 07:49:01,2012-06-04,train,293_9
293,2650,61,Office,40.74646496169778,-73.98116352940538,2012-06-07 07:57:10,2012-06-04,train,293_9
293,349,70,Train Station,40.75280620914171,-73.97717535495758,2012-06-07 15:58:59,2012-06-04,train,293_9
293,2763,102,American Restaurant,40.74733835203195,-73.98198997255602,2012-06-08 07:43:17,2012-06-04,train,293_9
293,2650,61,Office,40.74646496169778,-73.98116352940538,2012-06-08 07:51:44,2012-06-04,train,293_9
293,726,70,Train Station,40.805144639820114,-73.93914699554443,2012-06-08 22:25:43,2012-06-04,train,293_9
294,4929,6,Home (private),40.86590418380428,-73.89482953406639,2012-06-04 18:57:01,2012-06-04,train,294_8
294,2888,70,Train Station,40.64639997975282,-73.99432003498077,2012-06-10 17:41:02,2012-06-04,train,294_8
294,4778,281,Residential Building (Apartment / Condo),40.86810091102874,-73.88818907725427,2012-06-10 23:37:06,2012-06-04,train,294_8
295,355,102,American Restaurant,40.75688403086968,-73.9865630865097,2012-06-04 23:25:25,2012-06-04,train,295_9
295,4575,162,Medical Center,40.64603281980551,-74.0204500733279,2012-06-06 12:12:07,2012-06-04,train,295_9
296,449,138,Gym / Fitness Center,40.73675459511588,-73.99521589279175,2012-06-04 08:31:20,2012-06-04,train,296_9
296,449,138,Gym / Fitness Center,40.73675459511588,-73.99521589279175,2012-06-05 08:39:54,2012-06-04,train,296_9
296,449,138,Gym / Fitness Center,40.73675459511588,-73.99521589279175,2012-06-06 21:15:08,2012-06-04,train,296_9
296,449,138,Gym / Fitness Center,40.73675459511588,-73.99521589279175,2012-06-07 08:35:29,2012-06-04,train,296_9
296,3626,23,German Restaurant,40.75274100802376,-73.97330797224723,2012-06-07 20:31:44,2012-06-04,train,296_9
296,1251,37,Bar,40.722404640382265,-73.95522952079773,2012-06-09 00:09:42,2012-06-04,train,296_9
296,4967,220,BBQ Joint,40.7418112381317,-73.98826278972687,2012-06-09 14:43:23,2012-06-04,train,296_9
297,1965,301,Neighborhood,40.745756322699165,-73.97885635680333,2012-06-04 09:59:11,2012-06-04,train,297_8
297,2011,301,Neighborhood,40.74831361076324,-73.98822069168091,2012-06-04 19:33:51,2012-06-04,train,297_8
297,357,70,Train Station,40.750794799423865,-73.99357639021292,2012-06-04 19:47:27,2012-06-04,train,297_8
297,357,70,Train Station,40.750794799423865,-73.99357639021292,2012-06-05 09:40:13,2012-06-04,train,297_8
297,735,122,Plaza,40.74982540095488,-73.98796319961548,2012-06-05 09:43:25,2012-06-04,train,297_8
297,1965,301,Neighborhood,40.745756322699165,-73.97885635680333,2012-06-05 09:51:53,2012-06-04,train,297_8
297,1965,301,Neighborhood,40.745756322699165,-73.97885635680333,2012-06-06 09:52:10,2012-06-04,train,297_8
297,587,266,Bus Station,40.75722129839836,-73.99154663085938,2012-06-06 19:24:13,2012-06-04,train,297_8
297,735,122,Plaza,40.74982540095488,-73.98796319961548,2012-06-07 09:43:38,2012-06-04,train,297_8
297,2011,301,Neighborhood,40.74831361076324,-73.98822069168091,2012-06-07 09:47:11,2012-06-04,train,297_8
297,1965,301,Neighborhood,40.745756322699165,-73.97885635680333,2012-06-07 12:02:07,2012-06-04,train,297_8
297,357,70,Train Station,40.750794799423865,-73.99357639021292,2012-06-08 09:38:41,2012-06-04,train,297_8
297,1965,301,Neighborhood,40.745756322699165,-73.97885635680333,2012-06-08 10:07:52,2012-06-04,train,297_8
297,625,122,Plaza,40.756489872673846,-73.98626804351807,2012-06-09 15:23:48,2012-06-04,train,297_8
297,288,288,Ferry,40.70145732419213,-74.01321428847186,2012-06-09 16:00:15,2012-06-04,train,297_8
297,3261,76,Ferry,40.69739661931091,-74.01154518127441,2012-06-09 17:19:14,2012-06-04,train,297_8
297,452,318,Other Great Outdoors,40.69118178774824,-74.01678085327148,2012-06-09 17:19:44,2012-06-04,train,297_8
298,2290,61,Office,40.7524288980946,-73.99011647414333,2012-06-07 09:10:58,2012-06-04,train,298_8
298,1524,264,Subway,40.74970348366515,-73.98781299591064,2012-06-08 17:17:26,2012-06-04,train,298_8
299,4896,67,Office,40.72648554606392,-74.00508876647187,2012-06-04 19:32:13,2012-06-04,train,299_9
299,3783,257,Road,40.72584842252312,-74.00399271271695,2012-06-04 19:54:50,2012-06-04,train,299_9
299,1611,264,Subway,40.7255768,-74.004252,2012-06-04 19:55:37,2012-06-04,train,299_9
299,3628,120,Other Great Outdoors,40.7140882616396,-73.94940591248245,2012-06-04 20:19:54,2012-06-04,train,299_9
299,3289,301,Neighborhood,40.65016889724004,-73.94957542419434,2012-06-04 20:20:18,2012-06-04,train,299_9
299,3289,301,Neighborhood,40.65016889724004,-73.94957542419434,2012-06-05 00:22:16,2012-06-04,train,299_9
299,3628,120,Other Great Outdoors,40.7140882616396,-73.94940591248245,2012-06-05 00:22:53,2012-06-04,train,299_9
299,4235,73,Bus Station,40.70402766678848,-73.94822343869261,2012-06-05 00:41:01,2012-06-04,train,299_9
299,3598,6,Home (private),40.69321217941903,-73.93010370763156,2012-06-06 12:28:56,2012-06-04,train,299_9
299,3553,6,Home (private),40.69321217941903,-73.93010370763156,2012-06-06 12:29:42,2012-06-04,train,299_9
299,3557,253,General Travel,40.68898174275213,-73.92964157923912,2012-06-06 12:38:38,2012-06-04,train,299_9
299,3557,253,General Travel,40.68898174275213,-73.92964157923912,2012-06-06 12:39:25,2012-06-04,train,299_9
299,1611,264,Subway,40.7255768,-74.004252,2012-06-06 13:15:05,2012-06-04,train,299_9
299,3783,257,Road,40.72584842252312,-74.00399271271695,2012-06-06 13:15:23,2012-06-04,train,299_9
299,1339,121,Park,40.72678506374359,-74.00346747445712,2012-06-06 13:16:12,2012-06-04,train,299_9
299,630,245,General Entertainment,40.72692705548838,-74.0054904599932,2012-06-06 17:15:20,2012-06-04,train,299_9
299,4896,67,Office,40.72648554606392,-74.00508876647187,2012-06-06 17:22:30,2012-06-04,train,299_9
299,3783,257,Road,40.72584842252312,-74.00399271271695,2012-06-06 19:53:55,2012-06-04,train,299_9
299,1611,264,Subway,40.7255768,-74.004252,2012-06-06 19:54:30,2012-06-04,train,299_9
299,3628,120,Other Great Outdoors,40.7140882616396,-73.94940591248245,2012-06-06 20:24:39,2012-06-04,train,299_9
299,3837,141,Bagel Shop,40.714049,-73.949311,2012-06-06 20:25:26,2012-06-04,train,299_9
299,3628,120,Other Great Outdoors,40.7140882616396,-73.94940591248245,2012-06-07 01:07:16,2012-06-04,train,299_9
299,3289,301,Neighborhood,40.65016889724004,-73.94957542419434,2012-06-07 01:07:54,2012-06-04,train,299_9
299,4235,73,Bus Station,40.70402766678848,-73.94822343869261,2012-06-07 01:34:58,2012-06-04,train,299_9
299,3598,6,Home (private),40.69321217941903,-73.93010370763156,2012-06-07 12:01:45,2012-06-04,train,299_9
299,3553,6,Home (private),40.69321217941903,-73.93010370763156,2012-06-07 12:02:04,2012-06-04,train,299_9
299,3557,253,General Travel,40.68898174275213,-73.92964157923912,2012-06-07 12:11:12,2012-06-04,train,299_9
299,1753,264,Subway,40.67933621045698,-73.93028497695923,2012-06-07 12:11:46,2012-06-04,train,299_9
299,1753,264,Subway,40.67933621045698,-73.93028497695923,2012-06-07 12:23:38,2012-06-04,train,299_9
299,1611,264,Subway,40.7255768,-74.004252,2012-06-07 13:07:46,2012-06-04,train,299_9
299,3783,257,Road,40.72584842252312,-74.00399271271695,2012-06-07 13:08:07,2012-06-04,train,299_9
299,1339,121,Park,40.72678506374359,-74.00346747445712,2012-06-07 13:08:32,2012-06-04,train,299_9
299,1714,26,Drugstore / Pharmacy,40.72789663397213,-74.00722347094514,2012-06-07 13:25:53,2012-06-04,train,299_9
299,3379,203,Food Truck,40.73577905884602,-73.99313449859619,2012-06-07 13:46:56,2012-06-04,train,299_9
299,630,245,General Entertainment,40.72692705548838,-74.0054904599932,2012-06-07 13:47:59,2012-06-04,train,299_9
299,3783,257,Road,40.72584842252312,-74.00399271271695,2012-06-07 19:55:58,2012-06-04,train,299_9
299,1611,264,Subway,40.7255768,-74.004252,2012-06-07 19:58:39,2012-06-04,train,299_9
299,3628,120,Other Great Outdoors,40.7140882616396,-73.94940591248245,2012-06-07 20:20:09,2012-06-04,train,299_9
299,3289,301,Neighborhood,40.65016889724004,-73.94957542419434,2012-06-07 20:21:00,2012-06-04,train,299_9
299,3636,60,Smoke Shop,40.71595073760232,-73.94959533722336,2012-06-07 20:21:38,2012-06-04,train,299_9
299,3598,6,Home (private),40.69321217941903,-73.93010370763156,2012-06-08 12:17:03,2012-06-04,train,299_9
299,4153,6,Home (private),40.69321217941903,-73.93010370763156,2012-06-08 12:31:04,2012-06-04,train,299_9
299,3557,253,General Travel,40.68898174275213,-73.92964157923912,2012-06-08 12:32:26,2012-06-04,train,299_9
299,1753,264,Subway,40.67933621045698,-73.93028497695923,2012-06-08 12:33:34,2012-06-04,train,299_9
299,1611,264,Subway,40.7255768,-74.004252,2012-06-08 13:13:09,2012-06-04,train,299_9
299,3783,257,Road,40.72584842252312,-74.00399271271695,2012-06-08 13:14:03,2012-06-04,train,299_9
299,1339,121,Park,40.72678506374359,-74.00346747445712,2012-06-08 13:14:50,2012-06-04,train,299_9
299,2451,282,Convenience Store,40.727205,-74.003234,2012-06-08 13:17:29,2012-06-04,train,299_9
299,2067,56,Paper / Office Supplies Store,40.72702212508501,-74.00527813637986,2012-06-08 13:19:31,2012-06-04,train,299_9
299,630,245,General Entertainment,40.72692705548838,-74.0054904599932,2012-06-08 16:16:12,2012-06-04,train,299_9
299,3783,257,Road,40.72584842252312,-74.00399271271695,2012-06-08 19:48:17,2012-06-04,train,299_9
299,1611,264,Subway,40.7255768,-74.004252,2012-06-08 19:48:49,2012-06-04,train,299_9
299,4259,264,Subway,40.75752331463292,-73.96917868724836,2012-06-08 20:14:13,2012-06-04,train,299_9
299,2003,60,Smoke Shop,40.75714063260104,-73.96696996199624,2012-06-08 20:16:21,2012-06-04,train,299_9
299,3289,301,Neighborhood,40.65016889724004,-73.94957542419434,2012-06-08 22:34:35,2012-06-04,train,299_9
299,3636,60,Smoke Shop,40.71595073760232,-73.94959533722336,2012-06-08 22:35:44,2012-06-04,train,299_9
299,4235,73,Bus Station,40.70402766678848,-73.94822343869261,2012-06-08 23:07:05,2012-06-04,train,299_9
299,4045,263,Laundry Service,40.69054151282002,-73.93374615934772,2012-06-09 11:44:56,2012-06-04,train,299_9
299,3964,96,Deli / Bodega,40.69050658427037,-73.933539497251,2012-06-09 13:58:28,2012-06-04,train,299_9
299,4153,6,Home (private),40.69321217941903,-73.93010370763156,2012-06-09 17:23:43,2012-06-04,train,299_9
299,3289,301,Neighborhood,40.65016889724004,-73.94957542419434,2012-06-09 18:06:06,2012-06-04,train,299_9
299,3636,60,Smoke Shop,40.71595073760232,-73.94959533722336,2012-06-09 18:06:44,2012-06-04,train,299_9
299,3289,301,Neighborhood,40.65016889724004,-73.94957542419434,2012-06-10 03:11:41,2012-06-04,train,299_9
299,3628,120,Other Great Outdoors,40.7140882616396,-73.94940591248245,2012-06-10 03:12:29,2012-06-04,train,299_9
299,4235,73,Bus Station,40.70402766678848,-73.94822343869261,2012-06-10 03:28:39,2012-06-04,train,299_9
299,3553,6,Home (private),40.69321217941903,-73.93010370763156,2012-06-10 10:36:39,2012-06-04,train,299_9
299,4153,6,Home (private),40.69321217941903,-73.93010370763156,2012-06-10 10:52:27,2012-06-04,train,299_9
299,3557,253,General Travel,40.68898174275213,-73.92964157923912,2012-06-10 10:53:50,2012-06-04,train,299_9
299,3553,6,Home (private),40.69321217941903,-73.93010370763156,2012-06-10 15:20:43,2012-06-04,train,299_9
299,3557,253,General Travel,40.68898174275213,-73.92964157923912,2012-06-10 16:57:21,2012-06-04,train,299_9
299,3593,96,Deli / Bodega,40.70427317579925,-73.94809715465664,2012-06-10 17:14:25,2012-06-04,train,299_9
299,4314,253,General Travel,40.70408637926169,-73.9480799340999,2012-06-10 17:17:24,2012-06-04,train,299_9
299,3628,120,Other Great Outdoors,40.7140882616396,-73.94940591248245,2012-06-10 17:26:55,2012-06-04,train,299_9
299,3289,301,Neighborhood,40.65016889724004,-73.94957542419434,2012-06-10 17:27:26,2012-06-04,train,299_9
299,3636,60,Smoke Shop,40.71595073760232,-73.94959533722336,2012-06-10 17:27:54,2012-06-04,train,299_9
300,374,80,Building,40.75154847474455,-73.97530317306519,2012-06-04 10:29:18,2012-06-04,train,300_8
300,490,138,Gym / Fitness Center,40.74272121548715,-73.99276210416295,2012-06-06 06:44:46,2012-06-04,train,300_8
300,374,80,Building,40.75154847474455,-73.97530317306519,2012-06-07 08:59:20,2012-06-04,train,300_8
300,439,58,Electronics Store,40.76393850093645,-73.97308830420383,2012-06-07 20:32:14,2012-06-04,train,300_8
300,439,58,Electronics Store,40.76393850093645,-73.97308830420383,2012-06-09 20:18:40,2012-06-04,train,300_8
300,967,256,Furniture / Home Store,40.740155440852014,-73.99480512536556,2012-06-10 17:15:01,2012-06-04,train,300_8
300,49,37,Bar,40.729616590845886,-73.98979783058167,2012-06-10 21:56:33,2012-06-04,train,300_8
300,1867,37,Bar,40.722349,-73.987707,2012-06-10 23:39:15,2012-06-04,train,300_8
301,1448,63,Office,40.73329164379054,-73.9928367092527,2012-06-04 09:05:01,2012-06-04,train,301_8
301,1448,63,Office,40.73329164379054,-73.9928367092527,2012-06-05 09:42:44,2012-06-04,train,301_8
301,1448,63,Office,40.73329164379054,-73.9928367092527,2012-06-06 08:44:47,2012-06-04,train,301_8
301,1448,63,Office,40.73329164379054,-73.9928367092527,2012-06-07 09:29:56,2012-06-04,train,301_8
301,2696,217,Soup Place,40.7378276684904,-73.9923620223999,2012-06-07 13:42:57,2012-06-04,train,301_8
301,2233,12,Gym / Fitness Center,40.77792543423929,-73.96661281585693,2012-06-07 19:10:46,2012-06-04,train,301_8
301,1448,63,Office,40.73329164379054,-73.9928367092527,2012-06-08 09:00:16,2012-06-04,train,301_8
301,947,222,Coffee Shop,40.73709857380555,-73.99039768167009,2012-06-08 09:19:03,2012-06-04,train,301_8
302,2383,136,Office,40.752522706592416,-73.98677064685069,2012-06-04 08:39:41,2012-06-04,train,302_9
302,2383,136,Office,40.752522706592416,-73.98677064685069,2012-06-05 10:49:26,2012-06-04,train,302_9
302,2383,136,Office,40.752522706592416,-73.98677064685069,2012-06-06 08:21:03,2012-06-04,train,302_9
302,2693,221,Bridge,40.74485099404664,-73.96532535552979,2012-06-07 07:16:49,2012-06-04,train,302_9
303,4018,37,Bar,40.742201076382784,-73.955819606781,2012-06-07 20:24:42,2012-06-04,train,303_7
303,212,130,Burger Joint,40.758840520062975,-73.96865166454153,2012-06-09 23:32:20,2012-06-04,train,303_7
303,3858,117,Other Great Outdoors,40.7721081261999,-73.97590398788452,2012-06-10 12:34:00,2012-06-04,train,303_7
305,1051,138,Gym / Fitness Center,40.7570372320042,-73.97148699326894,2012-06-04 06:30:49,2012-06-04,train,305_7
305,4307,61,Office,40.756025741869145,-73.97033335240646,2012-06-04 10:13:57,2012-06-04,train,305_7
305,1051,138,Gym / Fitness Center,40.7570372320042,-73.97148699326894,2012-06-06 06:31:22,2012-06-04,train,305_7
305,4307,61,Office,40.756025741869145,-73.97033335240646,2012-06-06 08:05:58,2012-06-04,train,305_7
305,1051,138,Gym / Fitness Center,40.7570372320042,-73.97148699326894,2012-06-08 07:10:19,2012-06-04,train,305_7
305,4307,61,Office,40.756025741869145,-73.97033335240646,2012-06-08 08:12:29,2012-06-04,train,305_7
305,4199,127,Australian Restaurant,40.678989,-73.968288,2012-06-08 21:23:18,2012-06-04,train,305_7
305,3645,6,Home (private),40.68833899115064,-73.96537147003376,2012-06-09 18:59:26,2012-06-04,train,305_7
305,286,37,Bar,40.7120462,-73.9511408,2012-06-09 23:26:57,2012-06-04,train,305_7
305,169,37,Bar,40.71501300319713,-73.95146369934082,2012-06-10 01:19:30,2012-06-04,train,305_7
305,3645,6,Home (private),40.68833899115064,-73.96537147003376,2012-06-10 10:33:51,2012-06-04,train,305_7
307,1142,138,Gym / Fitness Center,40.74632626799265,-74.00862364051108,2012-06-06 13:45:05,2012-06-04,train,307_8
307,1142,138,Gym / Fitness Center,40.74632626799265,-74.00862364051108,2012-06-07 18:52:31,2012-06-04,train,307_8
307,1517,6,Home (private),40.70489848699077,-74.01238511084367,2012-06-07 20:39:53,2012-06-04,train,307_8
307,1142,138,Gym / Fitness Center,40.74632626799265,-74.00862364051108,2012-06-08 10:52:33,2012-06-04,train,307_8
307,1517,6,Home (private),40.70489848699077,-74.01238511084367,2012-06-08 19:27:05,2012-06-04,train,307_8
307,274,37,Bar,40.70443641202592,-74.01012361049652,2012-06-09 02:13:50,2012-06-04,train,307_8
307,4255,37,Bar,40.70435972028335,-74.01022464150792,2012-06-09 02:50:56,2012-06-04,train,307_8
307,1517,6,Home (private),40.70489848699077,-74.01238511084367,2012-06-09 19:40:29,2012-06-04,train,307_8
307,638,42,Food & Drink Shop,40.715917287979,-74.0120207306095,2012-06-10 17:34:29,2012-06-04,train,307_8
308,2281,317,City,40.84816411132264,-73.99766206741333,2012-06-07 11:45:34,2012-06-04,train,308_8
308,2281,317,City,40.84816411132264,-73.99766206741333,2012-06-08 12:07:35,2012-06-04,train,308_8
310,409,223,Harbor / Marina,40.72992160603484,-74.010901763343,2012-06-06 09:30:59,2012-06-04,train,310_6
310,1845,121,Park,40.73228891214305,-74.01051196130837,2012-06-06 09:31:22,2012-06-04,train,310_6
310,3441,100,Vietnamese Restaurant,40.72979057247075,-74.00069303656065,2012-06-07 12:29:35,2012-06-04,train,310_6
310,2572,37,Bar,40.828413358858334,-73.92549098547816,2012-06-08 19:14:56,2012-06-04,train,310_6
310,1567,212,Hotel,40.745884,-73.988116,2012-06-09 00:56:40,2012-06-04,train,310_6
310,543,220,BBQ Joint,40.74434084563527,-73.99042637629252,2012-06-09 19:17:45,2012-06-04,train,310_6
310,3422,265,Mall,40.75769898851917,-73.83454041240232,2012-06-10 14:29:12,2012-06-04,train,310_6
312,2199,18,Clothing Store,40.71961735061842,-73.8435747643426,2012-06-10 10:00:27,2012-06-04,train,312_7
312,3856,301,Neighborhood,40.72540497175607,-73.83224487304688,2012-06-10 17:54:32,2012-06-04,train,312_7
313,3854,61,Office,40.75846816339556,-73.98470458372408,2012-06-05 10:40:08,2012-06-04,train,313_8
313,3854,61,Office,40.75846816339556,-73.98470458372408,2012-06-06 10:24:37,2012-06-04,train,313_8
313,3854,61,Office,40.75846816339556,-73.98470458372408,2012-06-08 09:49:54,2012-06-04,train,313_8
313,3972,194,Mexican Restaurant,40.76430380344391,-73.988262,2012-06-08 20:43:54,2012-06-04,train,313_8
313,4135,83,Church,40.83665274287982,-73.92587562237857,2012-06-10 11:11:22,2012-06-04,train,313_8
317,1475,241,Airport,40.773839,-73.87122,2012-06-04 21:26:31,2012-06-04,train,317_9
317,4445,80,Building,40.75879851196375,-73.97944176142833,2012-06-05 08:54:06,2012-06-04,train,317_9
317,4445,80,Building,40.75879851196375,-73.97944176142833,2012-06-06 09:04:54,2012-06-04,train,317_9
317,4445,80,Building,40.75879851196375,-73.97944176142833,2012-06-07 08:39:38,2012-06-04,train,317_9
317,2074,80,Building,40.7588958925549,-73.9792121911996,2012-06-08 08:55:04,2012-06-04,train,317_9
318,584,147,Movie Theater,40.75526953038375,-73.92368260775231,2012-06-06 13:34:43,2012-06-04,train,318_3
318,3199,19,Bank,40.75464921728343,-73.89583721012723,2012-06-10 14:14:25,2012-06-04,train,318_3
319,1000,9,Clothing Store,40.76297490010358,-73.97377967834471,2012-06-04 17:58:54,2012-06-04,train,319_9
319,4961,281,Residential Building (Apartment / Condo),40.76620905075257,-73.92425537109375,2012-06-04 22:44:39,2012-06-04,train,319_9
319,4961,281,Residential Building (Apartment / Condo),40.76620905075257,-73.92425537109375,2012-06-07 18:27:18,2012-06-04,train,319_9
319,2813,54,Food & Drink Shop,40.7645026089675,-73.9740800857544,2012-06-08 17:09:51,2012-06-04,train,319_9
319,1185,70,Train Station,40.67352655223766,-73.9959454536438,2012-06-09 08:34:34,2012-06-04,train,319_9
319,2813,54,Food & Drink Shop,40.7645026089675,-73.9740800857544,2012-06-09 09:36:38,2012-06-04,train,319_9
319,1316,254,Department Store,40.68428103200774,-73.97646306641839,2012-06-10 08:52:39,2012-06-04,train,319_9
319,4840,134,Event Space,40.643109,-73.983272,2012-06-10 11:52:46,2012-06-04,train,319_9
320,4555,6,Home (private),40.72554094394651,-73.74190167904314,2012-06-04 22:20:20,2012-06-04,train,320_8
320,4555,6,Home (private),40.72554094394651,-73.74190167904314,2012-06-06 15:11:45,2012-06-04,train,320_8
320,1263,254,Department Store,40.78322231631631,-73.83344650268555,2012-06-07 17:17:07,2012-06-04,train,320_8
320,4555,6,Home (private),40.72554094394651,-73.74190167904314,2012-06-07 19:27:56,2012-06-04,train,320_8
320,1002,70,Train Station,40.69902344282463,-73.81001472473143,2012-06-08 07:39:24,2012-06-04,train,320_8
320,1000,9,Clothing Store,40.76297490010358,-73.97377967834471,2012-06-08 08:22:46,2012-06-04,train,320_8
320,357,70,Train Station,40.750794799423865,-73.99357639021292,2012-06-08 09:27:27,2012-06-04,train,320_8
320,2651,301,Neighborhood,40.7457613708401,-73.9033555984497,2012-06-08 10:18:16,2012-06-04,train,320_8
320,4555,6,Home (private),40.72554094394651,-73.74190167904314,2012-06-09 10:16:50,2012-06-04,train,320_8
321,2252,222,Coffee Shop,40.71077715245463,-74.01115998713983,2012-06-04 08:38:16,2012-06-04,train,321_9
321,3842,52,Bar,40.71134688262892,-74.00866954753637,2012-06-04 16:54:26,2012-06-04,train,321_9
321,3842,52,Bar,40.71134688262892,-74.00866954753637,2012-06-05 10:03:09,2012-06-04,train,321_9
321,3842,52,Bar,40.71134688262892,-74.00866954753637,2012-06-06 14:21:56,2012-06-04,train,321_9
322,4118,138,Gym / Fitness Center,40.80927000313523,-73.94907116889954,2012-06-04 18:22:04,2012-06-04,train,322_9
322,279,121,Park,40.7714256153356,-73.97350072860723,2012-06-07 16:04:03,2012-06-04,train,322_9
323,3803,74,Government Building,40.82907880899439,-74.10311699020308,2012-06-06 19:43:55,2012-06-04,train,323_5
323,3644,162,Medical Center,40.8293049965717,-74.10278432981012,2012-06-06 19:44:36,2012-06-04,train,323_5
323,3830,162,Medical Center,40.8292153237507,-74.10305963500493,2012-06-06 22:25:06,2012-06-04,train,323_5
323,1573,163,Medical Center,40.90400958558281,-73.96841526031494,2012-06-06 23:07:55,2012-06-04,train,323_5
323,3193,80,Building,40.85288960924754,-73.88768952663432,2012-06-07 13:50:39,2012-06-04,train,323_5
323,3644,162,Medical Center,40.8293049965717,-74.10278432981012,2012-06-07 20:18:04,2012-06-04,train,323_5
323,3803,74,Government Building,40.82928664069823,-74.10278432981012,2012-06-07 20:18:13,2012-06-04,train,323_5
324,3231,95,Chinese Restaurant,40.67295591375991,-73.87083612387994,2012-06-04 06:54:53,2012-06-04,train,324_9
324,2645,95,Chinese Restaurant,40.67295263029044,-73.87085335126653,2012-06-04 19:43:08,2012-06-04,train,324_9
324,2645,95,Chinese Restaurant,40.67295263029044,-73.87085335126653,2012-06-04 21:25:20,2012-06-04,train,324_9
324,4818,96,Deli / Bodega,40.67295591375991,-73.87084186634232,2012-06-04 21:26:02,2012-06-04,train,324_9
324,2273,34,Gas Station / Garage,40.672785876590765,-73.87079018417498,2012-06-04 21:26:18,2012-06-04,train,324_9
324,3231,95,Chinese Restaurant,40.67295591375991,-73.87083612387994,2012-06-04 21:26:35,2012-06-04,train,324_9
324,3027,202,Pizza Place,40.6729684719258,-73.87084186634232,2012-06-04 21:27:30,2012-06-04,train,324_9
324,2645,95,Chinese Restaurant,40.67295263029044,-73.87085335126653,2012-06-05 06:11:17,2012-06-04,train,324_9
324,4818,96,Deli / Bodega,40.67295591375991,-73.87084186634232,2012-06-05 06:11:52,2012-06-04,train,324_9
324,2273,34,Gas Station / Garage,40.672785876590765,-73.87079018417498,2012-06-05 06:12:05,2012-06-04,train,324_9
324,2645,95,Chinese Restaurant,40.67295263029044,-73.87085335126653,2012-06-06 06:12:45,2012-06-04,train,324_9
324,2273,34,Gas Station / Garage,40.672785876590765,-73.87079018417498,2012-06-06 06:13:05,2012-06-04,train,324_9
324,4818,96,Deli / Bodega,40.67295591375991,-73.87084186634232,2012-06-06 06:13:40,2012-06-04,train,324_9
324,2273,34,Gas Station / Garage,40.672785876590765,-73.87079018417498,2012-06-06 06:14:27,2012-06-04,train,324_9
324,3027,202,Pizza Place,40.6729684719258,-73.87084186634232,2012-06-06 06:14:55,2012-06-04,train,324_9
324,4818,96,Deli / Bodega,40.67295591375991,-73.87084186634232,2012-06-06 06:15:33,2012-06-04,train,324_9
324,3409,95,Chinese Restaurant,40.67295354709571,-73.87089354849601,2012-06-06 06:16:41,2012-06-04,train,324_9
324,3997,191,Latin American Restaurant,40.67437280846492,-73.87091159820557,2012-06-06 06:18:02,2012-06-04,train,324_9
324,284,260,Food & Drink Shop,40.742280818443525,-74.00518632069029,2012-06-06 14:56:37,2012-06-04,train,324_9
324,653,58,Electronics Store,40.74107414663219,-74.0051408163161,2012-06-06 15:04:53,2012-06-04,train,324_9
324,4735,27,Italian Restaurant,40.73710687747345,-73.99720966456215,2012-06-06 15:24:14,2012-06-04,train,324_9
324,3549,22,Cosmetics Shop,40.674037072710846,-73.87092800325759,2012-06-06 17:40:51,2012-06-04,train,324_9
324,4561,28,Salon / Barbershop,40.67414892154103,-73.87085335126653,2012-06-06 23:17:59,2012-06-04,train,324_9
324,4299,28,Salon / Barbershop,40.67401428070848,-73.87088206357414,2012-06-06 23:18:21,2012-06-04,train,324_9
324,3633,28,Salon / Barbershop,40.67289458316599,-73.87076721431846,2012-06-06 23:18:58,2012-06-04,train,324_9
324,3633,28,Salon / Barbershop,40.67289458316599,-73.87076721431846,2012-06-06 23:19:17,2012-06-04,train,324_9
324,2645,95,Chinese Restaurant,40.67295263029044,-73.87085335126653,2012-06-07 06:59:42,2012-06-04,train,324_9
324,3027,202,Pizza Place,40.6729684719258,-73.87084186634232,2012-06-07 06:59:57,2012-06-04,train,324_9
324,4818,96,Deli / Bodega,40.67295591375991,-73.87084186634232,2012-06-07 07:00:33,2012-06-04,train,324_9
324,284,260,Food & Drink Shop,40.742280818443525,-74.00518632069029,2012-06-07 14:42:30,2012-06-04,train,324_9
324,1557,61,Office,40.74212106363262,-74.0050600740452,2012-06-07 14:43:11,2012-06-04,train,324_9
324,802,150,Stadium,40.73308000062968,-74.1708254814148,2012-06-07 17:10:23,2012-06-04,train,324_9
324,2273,34,Gas Station / Garage,40.672785876590765,-73.87079018417498,2012-06-07 20:54:05,2012-06-04,train,324_9
324,4415,73,Bus Station,40.67502037261159,-73.8717893703308,2012-06-08 13:46:01,2012-06-04,train,324_9
324,3409,95,Chinese Restaurant,40.67295354709571,-73.87089354849601,2012-06-08 21:38:56,2012-06-04,train,324_9
324,2645,95,Chinese Restaurant,40.67295263029044,-73.87085335126653,2012-06-09 08:23:46,2012-06-04,train,324_9
324,3231,95,Chinese Restaurant,40.67295591375991,-73.87083612387994,2012-06-09 08:24:07,2012-06-04,train,324_9
324,3027,202,Pizza Place,40.6729684719258,-73.87084186634232,2012-06-09 08:24:23,2012-06-04,train,324_9
324,2273,34,Gas Station / Garage,40.672785876590765,-73.87079018417498,2012-06-09 08:25:01,2012-06-04,train,324_9
324,4818,96,Deli / Bodega,40.67295591375991,-73.87084186634232,2012-06-09 08:25:15,2012-06-04,train,324_9
324,2645,95,Chinese Restaurant,40.67295263029044,-73.87085335126653,2012-06-10 10:07:19,2012-06-04,train,324_9
324,3231,95,Chinese Restaurant,40.67295591375991,-73.87083612387994,2012-06-10 10:07:39,2012-06-04,train,324_9
324,3027,202,Pizza Place,40.6729684719258,-73.87084186634232,2012-06-10 10:08:05,2012-06-04,train,324_9
324,2273,34,Gas Station / Garage,40.672785876590765,-73.87079018417498,2012-06-10 10:08:38,2012-06-04,train,324_9
324,3027,202,Pizza Place,40.6729684719258,-73.87084186634232,2012-06-10 17:30:57,2012-06-04,train,324_9
324,4818,96,Deli / Bodega,40.67295591375991,-73.87084186634232,2012-06-10 17:36:54,2012-06-04,train,324_9
324,3409,95,Chinese Restaurant,40.67295354709571,-73.87089354849601,2012-06-10 17:59:02,2012-06-04,train,324_9
324,3386,78,Library,40.67399629087723,-73.8721970827602,2012-06-10 22:20:34,2012-06-04,train,324_9
326,355,102,American Restaurant,40.75688403086968,-73.9865630865097,2012-06-04 19:40:10,2012-06-04,train,326_9
326,1414,214,Bar,40.76171380095544,-73.99395004329756,2012-06-05 00:42:51,2012-06-04,train,326_9
326,1484,214,Bar,40.760871,-73.990166,2012-06-05 03:14:48,2012-06-04,train,326_9
326,679,37,Bar,40.76034688774883,-73.98721829093132,2012-06-07 01:30:33,2012-06-04,train,326_9
326,355,102,American Restaurant,40.75688403086968,-73.9865630865097,2012-06-08 19:29:55,2012-06-04,train,326_9
326,1100,47,Bar,40.75722771781105,-73.98375189157291,2012-06-09 02:13:59,2012-06-04,train,326_9
328,3961,6,Home (private),40.62729430124766,-73.95361626406626,2012-06-04 22:45:23,2012-06-04,train,328_8
328,3961,6,Home (private),40.62729430124766,-73.95361626406626,2012-06-05 08:57:16,2012-06-04,train,328_8
328,2500,264,Subway,40.63523850278024,-73.9628791809082,2012-06-05 09:28:45,2012-06-04,train,328_8
328,3289,301,Neighborhood,40.65016889724004,-73.94957542419434,2012-06-05 09:46:41,2012-06-04,train,328_8
328,3215,71,Train Station,40.59523399590661,-73.95519733428955,2012-06-05 09:47:09,2012-06-04,train,328_8
328,1145,264,Subway,40.707149,-73.99057,2012-06-05 09:47:21,2012-06-04,train,328_8
328,784,163,Medical Center,40.76984931345135,-73.98738384246826,2012-06-05 10:19:26,2012-06-04,train,328_8
328,3961,6,Home (private),40.62729430124766,-73.95361626406626,2012-06-06 11:12:37,2012-06-04,train,328_8
328,2428,264,Subway,40.6296298463492,-73.96171239455319,2012-06-06 11:13:01,2012-06-04,train,328_8
328,3289,301,Neighborhood,40.65016889724004,-73.94957542419434,2012-06-06 11:41:59,2012-06-04,train,328_8
328,916,221,Bridge,40.705888200473375,-73.9900016784668,2012-06-06 11:42:28,2012-06-04,train,328_8
328,3215,71,Train Station,40.59523399590661,-73.95519733428955,2012-06-06 11:42:41,2012-06-04,train,328_8
328,1145,264,Subway,40.707149,-73.99057,2012-06-06 11:42:51,2012-06-04,train,328_8
328,660,122,Plaza,40.76803326982161,-73.98186922073364,2012-06-06 12:03:35,2012-06-04,train,328_8
328,3215,71,Train Station,40.59523399590661,-73.95519733428955,2012-06-06 14:48:42,2012-06-04,train,328_8
328,916,221,Bridge,40.705888200473375,-73.9900016784668,2012-06-06 14:48:52,2012-06-04,train,328_8
328,3289,301,Neighborhood,40.65016889724004,-73.94957542419434,2012-06-06 14:49:09,2012-06-04,train,328_8
328,1401,264,Subway,40.65052298546056,-73.96298110485071,2012-06-06 15:05:04,2012-06-04,train,328_8
328,2500,264,Subway,40.63523850278024,-73.9628791809082,2012-06-06 15:15:31,2012-06-04,train,328_8
328,3961,6,Home (private),40.62729430124766,-73.95361626406626,2012-06-06 19:41:13,2012-06-04,train,328_8
328,2428,264,Subway,40.6296298463492,-73.96171239455319,2012-06-06 19:41:34,2012-06-04,train,328_8
328,357,70,Train Station,40.750794799423865,-73.99357639021292,2012-06-06 20:49:46,2012-06-04,train,328_8
328,4086,70,Train Station,40.74947590412627,-73.99223327636719,2012-06-06 20:49:58,2012-06-04,train,328_8
328,1069,70,Train Station,40.76147966168067,-74.07551050186157,2012-06-06 21:17:16,2012-06-04,train,328_8
328,804,70,Train Station,40.73420076077984,-74.16483829470191,2012-06-06 21:29:52,2012-06-04,train,328_8
328,1384,70,Train Station,40.7043591450871,-74.19071674346924,2012-06-06 21:36:43,2012-06-04,train,328_8
328,1102,70,Train Station,40.667480389982366,-74.21548962593079,2012-06-06 21:39:24,2012-06-04,train,328_8
328,1102,70,Train Station,40.667480389982366,-74.21548962593079,2012-06-08 13:16:40,2012-06-04,train,328_8
328,1384,70,Train Station,40.7043591450871,-74.19071674346924,2012-06-08 13:21:16,2012-06-04,train,328_8
328,804,70,Train Station,40.73420076077984,-74.16483829470191,2012-06-08 13:27:53,2012-06-04,train,328_8
328,4086,70,Train Station,40.74947590412627,-73.99223327636719,2012-06-08 13:49:31,2012-06-04,train,328_8
328,1401,264,Subway,40.65052298546056,-73.96298110485071,2012-06-08 14:38:00,2012-06-04,train,328_8
328,3961,6,Home (private),40.62729430124766,-73.95361626406626,2012-06-08 20:48:46,2012-06-04,train,328_8
328,974,221,Bridge,40.60679958140643,-74.04416981025437,2012-06-08 21:13:48,2012-06-04,train,328_8
332,671,222,Coffee Shop,40.77612993333334,-73.910881,2012-06-04 08:37:50,2012-06-04,train,332_7
332,3744,301,Neighborhood,40.76214602208933,-73.73731613159178,2012-06-08 08:14:47,2012-06-04,train,332_7
332,1300,37,Bar,40.76548383013281,-73.91906686259051,2012-06-09 23:49:58,2012-06-04,train,332_7
333,2801,222,Coffee Shop,40.78261765304958,-73.95334935288557,2012-06-08 09:45:48,2012-06-04,train,333_8
333,4522,108,Gastropub,40.72639997828572,-73.9917348465147,2012-06-08 18:53:36,2012-06-04,train,333_8
333,772,121,Park,40.77437989026007,-73.94455542788516,2012-06-10 14:43:08,2012-06-04,train,333_8
333,2801,222,Coffee Shop,40.78261765304958,-73.95334935288557,2012-06-10 17:16:10,2012-06-04,train,333_8
334,2683,230,Bowling Alley,40.733176,-73.810405,2012-06-07 00:06:33,2012-06-04,train,334_7
334,417,147,Movie Theater,40.73135644834142,-73.98867130279541,2012-06-08 17:34:47,2012-06-04,train,334_7
335,357,70,Train Station,40.750794799423865,-73.99357639021292,2012-06-08 18:03:06,2012-06-04,train,335_8
335,2084,264,Subway,40.82786090041683,-73.925651460886,2012-06-08 21:57:02,2012-06-04,train,335_8
335,357,70,Train Station,40.750794799423865,-73.99357639021292,2012-06-08 22:33:47,2012-06-04,train,335_8
337,987,257,Road,40.76117085825042,-74.01128768920898,2012-06-06 21:47:04,2012-06-04,train,337_4
337,587,266,Bus Station,40.75722129839836,-73.99154663085938,2012-06-06 21:51:16,2012-06-04,train,337_4
337,2905,55,Bar,40.75656797846801,-73.99236038395,2012-06-06 22:00:05,2012-06-04,train,337_4
337,4246,55,Bar,40.72644731909183,-74.00520353613543,2012-06-07 01:21:18,2012-06-04,train,337_4
337,987,257,Road,40.76117085825042,-74.01128768920898,2012-06-07 03:40:03,2012-06-04,train,337_4
337,3206,317,City,40.79702828806718,-74.02102387482147,2012-06-07 03:42:23,2012-06-04,train,337_4
337,2597,301,Neighborhood,40.82144157832533,-73.9878988265991,2012-06-08 17:30:38,2012-06-04,train,337_4
338,274,37,Bar,40.70443641202592,-74.01012361049652,2012-06-08 18:28:09,2012-06-04,train,338_4
338,4255,37,Bar,40.70435972028335,-74.01022464150792,2012-06-09 13:33:30,2012-06-04,train,338_4
338,1037,256,Furniture / Home Store,40.7385662300362,-73.99005334586639,2012-06-10 13:06:40,2012-06-04,train,338_4
339,2968,130,Burger Joint,40.75845677498381,-73.98914046612941,2012-06-04 23:42:54,2012-06-04,train,339_6
339,436,241,Airport,40.68968493541091,-74.17938709259033,2012-06-10 09:44:30,2012-06-04,train,339_6
340,3258,6,Home (private),40.70477380546345,-73.94186034276925,2012-06-04 04:52:38,2012-06-04,train,340_8
340,1002,70,Train Station,40.69902344282463,-73.81001472473143,2012-06-09 12:03:54,2012-06-04,train,340_8
341,578,232,Music Venue,40.72575883745156,-73.99211361254487,2012-06-04 22:20:44,2012-06-04,train,341_8
341,108,21,French Restaurant,40.72270549271865,-73.99819850921631,2012-06-05 10:11:51,2012-06-04,train,341_8
341,547,102,American Restaurant,40.68132817384781,-73.97727231182357,2012-06-09 08:51:13,2012-06-04,train,341_8
341,108,21,French Restaurant,40.72270549271865,-73.99819850921631,2012-06-10 09:53:12,2012-06-04,train,341_8
341,870,132,Fast Food Restaurant,40.71882683268336,-73.98820996284485,2012-06-10 22:03:20,2012-06-04,train,341_8
341,870,132,Fast Food Restaurant,40.71882683268336,-73.98820996284485,2012-06-10 22:07:26,2012-06-04,train,341_8
342,1995,70,Train Station,40.72465693431455,-73.70641708374023,2012-06-04 07:38:54,2012-06-04,train,342_8
342,2035,61,Office,40.746102944047806,-73.98232858365381,2012-06-04 08:31:12,2012-06-04,train,342_8
342,1995,70,Train Station,40.72465693431455,-73.70641708374023,2012-06-05 07:43:09,2012-06-04,train,342_8
342,2035,61,Office,40.746102944047806,-73.98232858365381,2012-06-05 08:31:58,2012-06-04,train,342_8
342,1995,70,Train Station,40.72465693431455,-73.70641708374023,2012-06-06 07:11:49,2012-06-04,train,342_8
342,2035,61,Office,40.746102944047806,-73.98232858365381,2012-06-06 08:32:29,2012-06-04,train,342_8
342,1141,81,Taxi,40.72956780913896,-73.9984130859375,2012-06-07 09:00:41,2012-06-04,train,342_8
342,2035,61,Office,40.746102944047806,-73.98232858365381,2012-06-07 09:08:22,2012-06-04,train,342_8
342,1995,70,Train Station,40.72465693431455,-73.70641708374023,2012-06-08 07:44:41,2012-06-04,train,342_8
342,2035,61,Office,40.746102944047806,-73.98232858365381,2012-06-08 08:39:48,2012-06-04,train,342_8
342,4267,222,Coffee Shop,40.74716739491837,-73.9834132829835,2012-06-08 08:40:15,2012-06-04,train,342_8
343,2745,316,Public Art,40.89396747534416,-73.8962448724696,2012-06-04 19:26:20,2012-06-04,train,343_9
343,1475,241,Airport,40.773839,-73.87122,2012-06-07 07:01:06,2012-06-04,train,343_9
344,2917,270,Parking,40.70737848920807,-74.0145627703548,2012-06-04 04:45:07,2012-06-04,train,344_9
344,2503,61,Office,40.70834537747498,-74.0117854611128,2012-06-04 05:24:55,2012-06-04,train,344_9
344,2917,270,Parking,40.70737848920807,-74.0145627703548,2012-06-05 04:51:33,2012-06-04,train,344_9
344,2503,61,Office,40.70834537747498,-74.0117854611128,2012-06-05 05:26:58,2012-06-04,train,344_9
344,2917,270,Parking,40.70737848920807,-74.0145627703548,2012-06-06 04:54:38,2012-06-04,train,344_9
344,2503,61,Office,40.70834537747498,-74.0117854611128,2012-06-06 05:37:23,2012-06-04,train,344_9
344,2917,270,Parking,40.70737848920807,-74.0145627703548,2012-06-07 05:44:48,2012-06-04,train,344_9
344,1187,39,Beer Garden,40.7405579801227,-74.00777996246534,2012-06-08 19:19:16,2012-06-04,train,344_9
345,4119,208,Ramen /  Noodle House,40.75684745958904,-73.99362802505493,2012-06-04 21:55:43,2012-06-04,train,345_9
345,2319,223,Harbor / Marina,40.68571485984485,-74.07188415527344,2012-06-05 02:53:37,2012-06-04,train,345_9
345,2319,223,Harbor / Marina,40.68571485984485,-74.07188415527344,2012-06-09 03:58:13,2012-06-04,train,345_9
348,3707,6,Home (private),40.83018008129999,-74.20032308006297,2012-06-08 09:11:13,2012-06-04,train,348_7
348,847,265,Mall,40.917335441802095,-74.0756607055664,2012-06-08 18:03:50,2012-06-04,train,348_7
348,1843,147,Movie Theater,40.91532869189857,-74.07670140266418,2012-06-08 18:22:04,2012-06-04,train,348_7
348,357,70,Train Station,40.750794799423865,-73.99357639021292,2012-06-09 14:35:17,2012-06-04,train,348_7
348,36,311,Brewery,40.736949700653255,-73.99083852767944,2012-06-09 21:21:56,2012-06-04,train,348_7
348,357,70,Train Station,40.750794799423865,-73.99357639021292,2012-06-09 22:52:13,2012-06-04,train,348_7
348,1069,70,Train Station,40.76147966168067,-74.07551050186157,2012-06-09 23:23:12,2012-06-04,train,348_7
348,1618,221,Bridge,40.63580842646567,-74.19698238372803,2012-06-10 14:44:57,2012-06-04,train,348_7
348,1618,221,Bridge,40.63580842646567,-74.19698238372803,2012-06-10 18:26:10,2012-06-04,train,348_7
349,3682,61,Office,40.730277,-74.008187,2012-06-04 18:31:31,2012-06-04,train,349_8
349,971,221,Bridge,40.705953265881305,-73.99656772613525,2012-06-05 04:40:55,2012-06-04,train,349_8
349,3682,61,Office,40.730277,-74.008187,2012-06-06 18:36:33,2012-06-04,train,349_8
349,3682,61,Office,40.730277,-74.008187,2012-06-07 18:30:20,2012-06-04,train,349_8
349,3682,61,Office,40.730277,-74.008187,2012-06-08 17:37:27,2012-06-04,train,349_8
351,1068,183,University,40.721664700472566,-73.79473686218262,2012-06-06 08:15:17,2012-06-04,train,351_8
351,2434,165,College Academic Building,40.72277054169368,-73.79508018493652,2012-06-07 10:30:07,2012-06-04,train,351_8
352,2954,138,Gym / Fitness Center,40.61779133791298,-74.03036512025987,2012-06-08 11:14:20,2012-06-04,train,352_8
352,1780,264,Subway,40.71823728909722,-73.99373531341553,2012-06-08 12:57:55,2012-06-04,train,352_8
352,417,147,Movie Theater,40.73135644834142,-73.98867130279541,2012-06-08 18:51:06,2012-06-04,train,352_8
352,2043,264,Subway,40.76297490010358,-73.98186922073364,2012-06-09 00:17:04,2012-06-04,train,352_8
352,3960,93,Breakfast Spot,40.73299870199674,-73.98549556732178,2012-06-09 04:05:52,2012-06-04,train,352_8
352,2582,301,Neighborhood,40.69433808355395,-73.91874074935913,2012-06-09 17:50:53,2012-06-04,train,352_8
352,460,222,Coffee Shop,40.72828321132057,-73.99559140205383,2012-06-10 18:27:40,2012-06-04,train,352_8
354,2970,61,Office,40.74856989102761,-73.98940484509166,2012-06-05 08:47:20,2012-06-04,train,354_9
354,934,269,Miscellaneous Shop,40.74858212413511,-73.9894220619547,2012-06-05 08:49:28,2012-06-04,train,354_9
354,934,269,Miscellaneous Shop,40.74858212413511,-73.9894220619547,2012-06-06 17:29:33,2012-06-04,train,354_9
354,3759,54,Food & Drink Shop,40.74863806916286,-73.9893417165806,2012-06-06 17:32:03,2012-06-04,train,354_9
354,1619,106,Burrito Place,40.74908484141689,-73.9903115977771,2012-06-06 18:02:37,2012-06-04,train,354_9
354,2970,61,Office,40.74856989102761,-73.98940484509166,2012-06-07 10:53:48,2012-06-04,train,354_9
354,3759,54,Food & Drink Shop,40.74863806916286,-73.9893417165806,2012-06-07 14:44:07,2012-06-04,train,354_9
354,934,269,Miscellaneous Shop,40.74858212413511,-73.9894220619547,2012-06-07 14:45:38,2012-06-04,train,354_9
354,1619,106,Burrito Place,40.74908484141689,-73.9903115977771,2012-06-07 19:11:50,2012-06-04,train,354_9
354,2970,61,Office,40.74856989102761,-73.98940484509166,2012-06-08 08:47:09,2012-06-04,train,354_9
354,879,265,Mall,40.74895076073203,-73.98866451851946,2012-06-09 13:09:41,2012-06-04,train,354_9
356,2581,167,College Academic Building,40.73523006577503,-73.8201523688399,2012-06-06 07:55:30,2012-06-04,train,356_9
356,2581,167,College Academic Building,40.73523006577503,-73.8201523688399,2012-06-07 08:07:51,2012-06-04,train,356_9
356,3342,175,College Academic Building,40.7370797706936,-73.81808280944824,2012-06-08 10:19:05,2012-06-04,train,356_9
356,896,119,Other Great Outdoors,40.78447335869806,-73.96120548248291,2012-06-10 09:35:05,2012-06-04,train,356_9
360,2908,59,Bar,40.717177,-73.955141,2012-06-04 10:18:56,2012-06-04,train,360_8
360,3884,39,Beer Garden,40.70562922311935,-74.00100866021788,2012-06-04 18:55:07,2012-06-04,train,360_8
360,393,80,Building,40.76123752676353,-73.97577434424304,2012-06-05 08:46:06,2012-06-04,train,360_8
360,1475,241,Airport,40.773839,-73.87122,2012-06-06 07:02:56,2012-06-04,train,360_8
360,1475,241,Airport,40.773839,-73.87122,2012-06-10 17:12:24,2012-06-04,train,360_8
361,3761,281,Residential Building (Apartment / Condo),40.83258630274996,-73.91532940656188,2012-06-04 07:22:30,2012-06-04,train,361_9
361,2776,90,School,40.83249835269056,-73.91528347731614,2012-06-04 07:22:37,2012-06-04,train,361_9
361,4580,270,Parking,40.832484107252746,-73.91520884226871,2012-06-04 07:22:49,2012-06-04,train,361_9
361,4824,96,Deli / Bodega,40.83261202417384,-73.91535237118067,2012-06-04 07:22:59,2012-06-04,train,361_9
361,1280,259,Hotel,40.76537005568367,-73.97605687379837,2012-06-08 13:58:03,2012-06-04,train,361_9
361,161,196,Restaurant,40.723168316666666,-74.003018,2012-06-09 12:45:00,2012-06-04,train,361_9
361,871,27,Italian Restaurant,40.720072628003614,-74.01036809972409,2012-06-09 17:43:37,2012-06-04,train,361_9
361,237,194,Mexican Restaurant,40.72686016559601,-73.99980166666667,2012-06-09 20:42:52,2012-06-04,train,361_9
361,69,37,Bar,40.72975027856076,-73.97846034678166,2012-06-10 00:04:07,2012-06-04,train,361_9
361,3043,62,Automotive Shop,40.800194,-73.99455,2012-06-10 10:34:20,2012-06-04,train,361_9
361,65,102,American Restaurant,40.72717746169356,-74.000483751297,2012-06-10 13:24:38,2012-06-04,train,361_9
364,3039,37,Bar,40.711585725534455,-73.94523852123945,2012-06-04 19:45:27,2012-06-04,train,364_2
364,53,95,Chinese Restaurant,40.714464086511576,-73.9991158246994,2012-06-07 12:12:49,2012-06-04,train,364_2
364,2293,221,Bridge,40.73330763627338,-73.94017696380615,2012-06-07 15:03:38,2012-06-04,train,364_2
367,479,265,Mall,40.73405557647634,-73.87084722518921,2012-06-04 18:48:07,2012-06-04,train,367_9
367,1859,264,Subway,40.74683429891953,-73.89155387878418,2012-06-04 19:00:25,2012-06-04,train,367_9
367,1919,264,Subway,40.74559767243396,-73.90328983226816,2012-06-04 19:01:00,2012-06-04,train,367_9
367,2216,264,Subway,40.74374551975831,-73.92429828643799,2012-06-04 19:04:04,2012-06-04,train,367_9
367,2270,264,Subway,40.7443795440238,-73.93067121505737,2012-06-04 20:55:24,2012-06-04,train,367_9
367,1515,264,Subway,40.75047562272483,-73.94028425216675,2012-06-04 20:55:34,2012-06-04,train,367_9
367,1858,264,Subway,40.746639222374434,-73.94554138183594,2012-06-04 20:55:44,2012-06-04,train,367_9
367,2521,264,Subway,40.75163299987047,-73.97588549950576,2012-06-04 21:05:40,2012-06-04,train,367_9
367,4330,78,Library,40.7520198739458,-73.98174047470093,2012-06-04 21:06:19,2012-06-04,train,367_9
367,961,31,Bar,40.75353217770949,-73.98182353637398,2012-06-04 21:57:54,2012-06-04,train,367_9
367,1524,264,Subway,40.74970348366515,-73.98781299591064,2012-06-05 05:13:44,2012-06-04,train,367_9
367,1528,264,Subway,40.73573434642415,-73.99056762456905,2012-06-05 05:14:20,2012-06-04,train,367_9
367,1481,264,Subway,40.68430737873073,-73.97759780287743,2012-06-05 05:15:14,2012-06-04,train,367_9
367,1145,264,Subway,40.707149,-73.99057,2012-06-05 05:28:53,2012-06-04,train,367_9
367,916,221,Bridge,40.705888200473375,-73.9900016784668,2012-06-05 05:29:14,2012-06-04,train,367_9
367,2610,264,Subway,40.60906562433294,-73.95777225494385,2012-06-05 06:01:58,2012-06-04,train,367_9
367,2742,264,Subway,40.57782667559751,-73.9607481089862,2012-06-05 06:02:11,2012-06-04,train,367_9
367,2637,264,Subway,40.57745558120849,-73.98124694824219,2012-06-05 06:18:32,2012-06-04,train,367_9
367,740,227,Beach,40.57334843776636,-73.98030281066895,2012-06-05 06:18:51,2012-06-04,train,367_9
367,740,227,Beach,40.57334843776636,-73.98030281066895,2012-06-05 06:19:13,2012-06-04,train,367_9
367,3305,132,Fast Food Restaurant,40.57696138238364,-73.98161692574057,2012-06-05 09:29:22,2012-06-04,train,367_9
367,1955,264,Subway,40.74637911942415,-73.98189067840576,2012-06-06 04:52:25,2012-06-04,train,367_9
367,1481,264,Subway,40.68430737873073,-73.97759780287743,2012-06-06 04:52:54,2012-06-04,train,367_9
367,2610,264,Subway,40.60906562433294,-73.95777225494385,2012-06-06 06:00:41,2012-06-04,train,367_9
367,2742,264,Subway,40.57782667559751,-73.9607481089862,2012-06-06 06:01:17,2012-06-04,train,367_9
367,2637,264,Subway,40.57745558120849,-73.98124694824219,2012-06-06 06:26:52,2012-06-04,train,367_9
367,2637,264,Subway,40.57745558120849,-73.98124694824219,2012-06-06 15:20:02,2012-06-04,train,367_9
367,740,227,Beach,40.57334843776636,-73.98030281066895,2012-06-06 15:21:04,2012-06-04,train,367_9
367,1724,264,Subway,40.60323393447623,-73.97238004439811,2012-06-06 15:28:14,2012-06-04,train,367_9
367,3738,70,Train Station,40.62098150778056,-73.97536684912832,2012-06-06 15:28:25,2012-06-04,train,367_9
367,1913,264,Subway,40.69147464622913,-73.98738384246826,2012-06-06 16:21:43,2012-06-04,train,367_9
367,1390,264,Subway,40.71860727913039,-73.98811340332031,2012-06-06 16:22:07,2012-06-04,train,367_9
367,1064,70,Train Station,40.74911014966418,-73.98845672607422,2012-06-06 16:31:55,2012-06-04,train,367_9
367,1170,194,Mexican Restaurant,40.745245,-73.982692,2012-06-07 18:55:41,2012-06-04,train,367_9
367,775,131,Café,40.74521157611056,-73.98263849837286,2012-06-07 19:05:49,2012-06-04,train,367_9
367,1033,197,Sandwich Place,40.74508,-73.982476,2012-06-07 20:19:30,2012-06-04,train,367_9
367,338,37,Bar,40.744928040482485,-73.98279345554494,2012-06-07 20:19:55,2012-06-04,train,367_9
367,2409,197,Sandwich Place,40.74496292998492,-73.98216214776504,2012-06-07 20:20:19,2012-06-04,train,367_9
367,775,131,Café,40.74521157611056,-73.98263849837286,2012-06-08 09:50:18,2012-06-04,train,367_9
367,1170,194,Mexican Restaurant,40.745245,-73.982692,2012-06-08 09:51:24,2012-06-04,train,367_9
367,1955,264,Subway,40.74637911942415,-73.98189067840576,2012-06-08 13:29:05,2012-06-04,train,367_9
367,1989,71,Train Station,40.775000594425805,-73.91200304031372,2012-06-08 13:51:01,2012-06-04,train,367_9
367,1870,264,Subway,40.71814377480724,-74.00015652179718,2012-06-08 13:51:18,2012-06-04,train,367_9
367,1481,264,Subway,40.68430737873073,-73.97759780287743,2012-06-08 13:51:36,2012-06-04,train,367_9
367,2688,264,Subway,40.60189764651378,-73.99352073669434,2012-06-08 14:18:27,2012-06-04,train,367_9
367,3305,132,Fast Food Restaurant,40.57696138238364,-73.98161692574057,2012-06-08 17:27:08,2012-06-04,train,367_9
367,4899,19,Bank,40.57684370773071,-73.98132996615902,2012-06-08 17:27:23,2012-06-04,train,367_9
367,740,227,Beach,40.57334843776636,-73.98030281066895,2012-06-08 17:27:37,2012-06-04,train,367_9
367,2637,264,Subway,40.57745558120849,-73.98124694824219,2012-06-08 20:39:14,2012-06-04,train,367_9
367,1262,264,Subway,40.60540027717472,-73.9805817604065,2012-06-08 20:45:25,2012-06-04,train,367_9
367,1429,264,Subway,40.61230102976052,-73.98224249614313,2012-06-08 20:45:42,2012-06-04,train,367_9
367,4052,70,Train Station,40.62595620370298,-73.99701833724976,2012-06-08 20:46:28,2012-06-04,train,367_9
367,1528,264,Subway,40.73573434642415,-73.99056762456905,2012-06-09 06:54:17,2012-06-04,train,367_9
367,1870,264,Subway,40.71814377480724,-74.00015652179718,2012-06-09 06:55:43,2012-06-04,train,367_9
367,764,221,Bridge,40.713565479798646,-73.97236347198486,2012-06-09 07:11:03,2012-06-04,train,367_9
367,2208,264,Subway,40.70681537653545,-73.95348072052002,2012-06-09 07:13:39,2012-06-04,train,367_9
367,3174,63,Office,40.70956429635586,-73.79806280136108,2012-06-09 07:14:08,2012-06-04,train,367_9
367,3174,63,Office,40.70956429635586,-73.79806280136108,2012-06-09 14:08:45,2012-06-04,train,367_9
367,1716,264,Subway,40.70025980212481,-73.94114255905151,2012-06-09 14:36:03,2012-06-04,train,367_9
367,1113,71,Train Station,40.70386504122757,-73.94740149378777,2012-06-09 14:36:26,2012-06-04,train,367_9
367,1400,264,Subway,40.708411471755454,-73.95790636539459,2012-06-09 19:01:20,2012-06-04,train,367_9
367,1390,264,Subway,40.71860727913039,-73.98811340332031,2012-06-09 19:01:46,2012-06-04,train,367_9
367,1874,264,Subway,40.73158408988183,-74.00021553039551,2012-06-09 19:02:05,2012-06-04,train,367_9
367,2084,264,Subway,40.82786090041683,-73.925651460886,2012-06-09 19:02:56,2012-06-04,train,367_9
367,190,157,Stadium,40.82827721161922,-73.92655344439045,2012-06-09 19:04:17,2012-06-04,train,367_9
367,2084,264,Subway,40.82786090041683,-73.925651460886,2012-06-09 22:40:16,2012-06-04,train,367_9
367,1874,264,Subway,40.73158408988183,-74.00021553039551,2012-06-09 22:40:55,2012-06-04,train,367_9
367,1390,264,Subway,40.71860727913039,-73.98811340332031,2012-06-09 22:41:32,2012-06-04,train,367_9
367,1716,264,Subway,40.70025980212481,-73.94114255905151,2012-06-09 22:42:06,2012-06-04,train,367_9
367,3174,63,Office,40.70956429635586,-73.79806280136108,2012-06-10 05:08:34,2012-06-04,train,367_9
367,2689,301,Neighborhood,40.71424858464975,-73.95375967025757,2012-06-10 05:08:48,2012-06-04,train,367_9
367,1716,264,Subway,40.70025980212481,-73.94114255905151,2012-06-10 05:15:51,2012-06-04,train,367_9
367,1113,71,Train Station,40.70386504122757,-73.94740149378777,2012-06-10 05:16:02,2012-06-04,train,367_9
367,2208,264,Subway,40.70681537653545,-73.95348072052002,2012-06-10 05:16:13,2012-06-04,train,367_9
367,1400,264,Subway,40.708411471755454,-73.95790636539459,2012-06-10 05:16:23,2012-06-04,train,367_9
367,1367,264,Subway,40.712183695842434,-73.96777924730584,2012-06-10 05:31:14,2012-06-04,train,367_9
367,1870,264,Subway,40.71814377480724,-74.00015652179718,2012-06-10 05:31:49,2012-06-04,train,367_9
367,1481,264,Subway,40.68430737873073,-73.97759780287743,2012-06-10 05:32:34,2012-06-04,train,367_9
367,1145,264,Subway,40.707149,-73.99057,2012-06-10 05:47:55,2012-06-04,train,367_9
367,916,221,Bridge,40.705888200473375,-73.9900016784668,2012-06-10 05:48:40,2012-06-04,train,367_9
367,1481,264,Subway,40.68430737873073,-73.97759780287743,2012-06-10 05:49:29,2012-06-04,train,367_9
367,2791,264,Subway,40.65394681238202,-74.00453787112843,2012-06-10 05:49:44,2012-06-04,train,367_9
367,2558,264,Subway,40.631802574062505,-74.00615930557251,2012-06-10 06:19:24,2012-06-04,train,367_9
367,1429,264,Subway,40.61230102976052,-73.98224249614313,2012-06-10 06:19:49,2012-06-04,train,367_9
367,1262,264,Subway,40.60540027717472,-73.9805817604065,2012-06-10 06:20:16,2012-06-04,train,367_9
367,2637,264,Subway,40.57745558120849,-73.98124694824219,2012-06-10 06:29:36,2012-06-04,train,367_9
367,740,227,Beach,40.57334843776636,-73.98030281066895,2012-06-10 06:30:07,2012-06-04,train,367_9
367,740,227,Beach,40.57334843776636,-73.98030281066895,2012-06-10 06:30:25,2012-06-04,train,367_9
367,3305,132,Fast Food Restaurant,40.57696138238364,-73.98161692574057,2012-06-10 09:00:06,2012-06-04,train,367_9
367,3113,102,American Restaurant,40.57689110532319,-73.98192110242921,2012-06-10 09:00:39,2012-06-04,train,367_9
367,740,227,Beach,40.57334843776636,-73.98030281066895,2012-06-10 09:01:10,2012-06-04,train,367_9
367,740,227,Beach,40.57334843776636,-73.98030281066895,2012-06-10 14:18:21,2012-06-04,train,367_9
367,2665,149,Park,40.57485998907254,-73.978434,2012-06-10 14:18:42,2012-06-04,train,367_9
367,1390,264,Subway,40.71860727913039,-73.98811340332031,2012-06-10 22:46:53,2012-06-04,train,367_9
367,1400,264,Subway,40.708411471755454,-73.95790636539459,2012-06-10 22:47:20,2012-06-04,train,367_9
367,2208,264,Subway,40.70681537653545,-73.95348072052002,2012-06-10 22:47:34,2012-06-04,train,367_9
367,3174,63,Office,40.70956429635586,-73.79806280136108,2012-06-10 22:47:57,2012-06-04,train,367_9
368,3467,64,Government Building,40.83393156327949,-73.88354480266571,2012-06-04 06:59:28,2012-06-04,train,368_9
368,3413,80,Building,40.834158,-73.883584,2012-06-04 06:59:49,2012-06-04,train,368_9
368,4298,280,Travel & Transport,40.79784234877872,-73.92248849513746,2012-06-04 07:00:10,2012-06-04,train,368_9
368,3021,222,Coffee Shop,40.767249146157575,-73.86524677276611,2012-06-04 08:29:40,2012-06-04,train,368_9
368,1907,221,Bridge,40.80023122491412,-73.82881164550781,2012-06-04 23:30:53,2012-06-04,train,368_9
368,3021,222,Coffee Shop,40.767249146157575,-73.86524677276611,2012-06-05 07:52:58,2012-06-04,train,368_9
368,3194,6,Home (private),40.60092327331493,-73.97712595918333,2012-06-05 08:51:32,2012-06-04,train,368_9
368,4271,63,Office,40.601836,-73.97629933,2012-06-05 08:52:02,2012-06-04,train,368_9
368,3467,64,Government Building,40.83393156327949,-73.88354480266571,2012-06-06 04:14:10,2012-06-04,train,368_9
368,3413,80,Building,40.834158,-73.883584,2012-06-06 04:14:33,2012-06-04,train,368_9
368,3021,222,Coffee Shop,40.767249146157575,-73.86524677276611,2012-06-06 08:24:13,2012-06-04,train,368_9
368,3194,6,Home (private),40.60092327331493,-73.97712595918333,2012-06-06 09:15:43,2012-06-04,train,368_9
368,4271,63,Office,40.601836,-73.97629933,2012-06-06 09:17:08,2012-06-04,train,368_9
368,3467,64,Government Building,40.83393156327949,-73.88354480266571,2012-06-07 06:50:29,2012-06-04,train,368_9
368,3413,80,Building,40.834158,-73.883584,2012-06-07 06:50:48,2012-06-04,train,368_9
368,3021,222,Coffee Shop,40.767249146157575,-73.86524677276611,2012-06-07 08:04:51,2012-06-04,train,368_9
368,1474,239,Airport,40.76915667368325,-73.86195399349938,2012-06-07 08:08:11,2012-06-04,train,368_9
368,3194,6,Home (private),40.60092327331493,-73.97712595918333,2012-06-07 09:26:37,2012-06-04,train,368_9
368,3021,222,Coffee Shop,40.767249146157575,-73.86524677276611,2012-06-08 08:05:14,2012-06-04,train,368_9
368,3021,222,Coffee Shop,40.767249146157575,-73.86524677276611,2012-06-09 23:50:56,2012-06-04,train,368_9
368,730,113,Garden,40.86301432403785,-73.88035297393799,2012-06-10 01:27:00,2012-06-04,train,368_9
368,1907,221,Bridge,40.80023122491412,-73.82881164550781,2012-06-10 08:10:53,2012-06-04,train,368_9
369,4629,138,Gym / Fitness Center,40.70037464320136,-73.94091030914655,2012-06-06 06:25:29,2012-06-04,train,369_7
369,734,247,Sporting Goods Shop,40.73753501383214,-73.99030208587646,2012-06-09 16:27:08,2012-06-04,train,369_7
369,3116,319,Market,40.74186151409088,-73.98943362953369,2012-06-09 17:08:56,2012-06-04,train,369_7
370,1646,61,Office,40.74322028593753,-74.00773418972035,2012-06-04 09:08:02,2012-06-04,train,370_7
370,1646,61,Office,40.74322028593753,-74.00773418972035,2012-06-05 09:03:44,2012-06-04,train,370_7
370,1646,61,Office,40.74322028593753,-74.00773418972035,2012-06-08 09:03:31,2012-06-04,train,370_7
370,4761,54,Food & Drink Shop,40.616788249216725,-73.97330640287038,2012-06-08 18:14:13,2012-06-04,train,370_7
371,2055,259,Hotel,40.72206051019107,-73.98854399996996,2012-06-07 21:00:31,2012-06-04,train,371_4
371,3934,52,Bar,40.74232250889464,-74.00333278203584,2012-06-09 01:22:53,2012-06-04,train,371_4
371,3829,27,Italian Restaurant,40.71811007138396,-73.9575452687688,2012-06-10 19:17:03,2012-06-04,train,371_4
372,1555,222,Coffee Shop,40.80780016884344,-73.94511222839355,2012-06-04 08:11:07,2012-06-04,train,372_9
372,4702,63,Office,40.80545047108848,-73.9431605322863,2012-06-04 08:16:26,2012-06-04,train,372_9
372,3919,257,Road,40.807736076276925,-73.94555423584045,2012-06-04 08:18:21,2012-06-04,train,372_9
372,2728,165,College Academic Building,40.80668051840236,-73.95084668387916,2012-06-04 08:33:19,2012-06-04,train,372_9
372,1556,264,Subway,40.80776768594996,-73.94545555114746,2012-06-04 09:15:56,2012-06-04,train,372_9
372,3094,71,Train Station,40.84841001902048,-73.91185390955798,2012-06-04 09:41:15,2012-06-04,train,372_9
372,3919,257,Road,40.807736076276925,-73.94555423584045,2012-06-04 17:04:17,2012-06-04,train,372_9
372,2865,222,Coffee Shop,40.80798043673493,-73.94569774230696,2012-06-04 17:06:37,2012-06-04,train,372_9
372,2728,165,College Academic Building,40.80668051840236,-73.95084668387916,2012-06-04 17:50:43,2012-06-04,train,372_9
372,4701,63,Office,40.88439192396662,-73.87827247177736,2012-06-04 20:44:53,2012-06-04,train,372_9
372,4317,96,Deli / Bodega,40.80527186393738,-73.94752085208893,2012-06-06 13:40:14,2012-06-04,train,372_9
372,4702,63,Office,40.80545047108848,-73.9431605322863,2012-06-07 11:32:43,2012-06-04,train,372_9
372,3919,257,Road,40.807736076276925,-73.94555423584045,2012-06-07 11:35:40,2012-06-04,train,372_9
372,4701,63,Office,40.88439192396662,-73.87827247177736,2012-06-08 07:50:04,2012-06-04,train,372_9
372,3094,71,Train Station,40.84841001902048,-73.91185390955798,2012-06-08 07:51:30,2012-06-04,train,372_9
372,3919,257,Road,40.807736076276925,-73.94555423584045,2012-06-08 09:03:40,2012-06-04,train,372_9
372,2865,222,Coffee Shop,40.80798043673493,-73.94569774230696,2012-06-08 10:04:03,2012-06-04,train,372_9
372,4701,63,Office,40.88439192396662,-73.87827247177736,2012-06-09 09:34:39,2012-06-04,train,372_9
372,4701,63,Office,40.88439192396662,-73.87827247177736,2012-06-09 09:35:04,2012-06-04,train,372_9
372,1978,264,Subway,40.87967830256009,-73.88464450836182,2012-06-09 09:37:25,2012-06-04,train,372_9
372,3919,257,Road,40.807736076276925,-73.94555423584045,2012-06-09 10:19:18,2012-06-04,train,372_9
372,4317,96,Deli / Bodega,40.80527186393738,-73.94752085208893,2012-06-09 10:27:32,2012-06-04,train,372_9
372,4702,63,Office,40.80545047108848,-73.9431605322863,2012-06-09 10:28:24,2012-06-04,train,372_9
372,2153,301,Neighborhood,40.727486422997785,-73.98632168769836,2012-06-09 11:30:20,2012-06-04,train,372_9
372,1930,301,Neighborhood,40.71834202528393,-74.00061816553153,2012-06-09 13:29:04,2012-06-04,train,372_9
372,2153,301,Neighborhood,40.727486422997785,-73.98632168769836,2012-06-09 15:58:55,2012-06-04,train,372_9
372,2153,301,Neighborhood,40.727486422997785,-73.98632168769836,2012-06-09 16:00:05,2012-06-04,train,372_9
372,3563,122,Plaza,40.76161332785865,-73.96829581061981,2012-06-10 12:19:22,2012-06-04,train,372_9
372,1996,264,Subway,40.803894,-73.937624,2012-06-10 14:32:19,2012-06-04,train,372_9
372,1996,264,Subway,40.803894,-73.937624,2012-06-10 14:33:30,2012-06-04,train,372_9
372,3919,257,Road,40.807736076276925,-73.94555423584045,2012-06-10 14:49:30,2012-06-04,train,372_9
372,4702,63,Office,40.80545047108848,-73.9431605322863,2012-06-10 14:51:10,2012-06-04,train,372_9
374,1820,208,Ramen /  Noodle House,40.71400760563373,-73.95068596090888,2012-06-09 04:21:21,2012-06-04,train,374_6
374,1820,208,Ramen /  Noodle House,40.71400760563373,-73.95068596090888,2012-06-10 04:38:40,2012-06-04,train,374_6
375,1567,212,Hotel,40.745884,-73.988116,2012-06-06 21:51:20,2012-06-04,train,375_8
375,826,130,Burger Joint,40.713240189310966,-74.01618003845215,2012-06-08 22:46:40,2012-06-04,train,375_8
376,3857,131,Café,40.756135136658735,-73.99784092283586,2012-06-06 09:25:33,2012-06-04,train,376_7
376,254,121,Park,40.74706188749892,-74.00519371032715,2012-06-06 18:37:53,2012-06-04,train,376_7
376,1916,141,Bagel Shop,40.752036441838,-73.99116095716512,2012-06-07 09:21:28,2012-06-04,train,376_7
376,3857,131,Café,40.756135136658735,-73.99784092283586,2012-06-07 09:28:25,2012-06-04,train,376_7
376,1547,190,Salad Place,40.75254117265956,-73.9883660914967,2012-06-07 14:26:30,2012-06-04,train,376_7
376,4959,27,Italian Restaurant,40.73471408208615,-73.99995803833008,2012-06-08 18:34:39,2012-06-04,train,376_7
376,229,55,Bar,40.74051217947376,-74.00589215267118,2012-06-08 21:21:50,2012-06-04,train,376_7
376,254,121,Park,40.74706188749892,-74.00519371032715,2012-06-10 19:58:10,2012-06-04,train,376_7
377,953,55,Bar,40.71581961178149,-74.00887039064251,2012-06-04 21:46:57,2012-06-04,train,377_8
377,455,222,Coffee Shop,40.711812,-73.949068,2012-06-08 10:36:09,2012-06-04,train,377_8
377,4967,220,BBQ Joint,40.7418112381317,-73.98826278972687,2012-06-09 16:20:51,2012-06-04,train,377_8
377,4967,220,BBQ Joint,40.7418112381317,-73.98826278972687,2012-06-10 16:42:45,2012-06-04,train,377_8
379,1042,42,Food & Drink Shop,40.77445509882443,-73.98310910865703,2012-06-04 19:06:29,2012-06-04,train,379_9
379,1506,122,Plaza,40.7722274447236,-73.98302876064133,2012-06-05 00:27:07,2012-06-04,train,379_9
379,1956,265,Mall,40.80991152281341,-74.06785011291504,2012-06-06 11:58:29,2012-06-04,train,379_9
379,2771,61,Office,40.772551970891946,-73.98142179327174,2012-06-06 15:23:59,2012-06-04,train,379_9
379,1506,122,Plaza,40.7722274447236,-73.98302876064133,2012-06-07 00:20:35,2012-06-04,train,379_9
379,2771,61,Office,40.772551970891946,-73.98142179327174,2012-06-07 15:26:33,2012-06-04,train,379_9
379,2771,61,Office,40.772551970891946,-73.98142179327174,2012-06-08 15:27:29,2012-06-04,train,379_9
379,1042,42,Food & Drink Shop,40.77445509882443,-73.98310910865703,2012-06-08 19:29:33,2012-06-04,train,379_9
379,1506,122,Plaza,40.7722274447236,-73.98302876064133,2012-06-09 00:35:05,2012-06-04,train,379_9
379,1956,265,Mall,40.80991152281341,-74.06785011291504,2012-06-09 11:39:20,2012-06-04,train,379_9
379,684,102,American Restaurant,40.76854001543648,-73.98188092817718,2012-06-09 12:49:23,2012-06-04,train,379_9
379,1564,121,Park,40.77832352747964,-73.98911118507385,2012-06-09 15:47:46,2012-06-04,train,379_9
379,323,110,American Restaurant,40.76526384874912,-73.98754541479173,2012-06-10 13:07:44,2012-06-04,train,379_9
381,4286,95,Chinese Restaurant,40.727578,-73.98839290000001,2012-06-04 20:03:09,2012-06-04,train,381_5
381,3423,230,Bowling Alley,40.75752044383661,-73.98714368365702,2012-06-07 18:59:34,2012-06-04,train,381_5
381,3685,216,Tea Room,40.75338271988277,-73.97444280771313,2012-06-08 16:25:48,2012-06-04,train,381_5
381,4967,220,BBQ Joint,40.7418112381317,-73.98826278972687,2012-06-10 14:46:00,2012-06-04,train,381_5
382,1285,137,Gym / Fitness Center,40.77800831707478,-73.9541472153185,2012-06-05 07:28:32,2012-06-04,train,382_8
382,1285,137,Gym / Fitness Center,40.77800831707478,-73.9541472153185,2012-06-06 07:25:21,2012-06-04,train,382_8
382,190,157,Stadium,40.82827721161922,-73.92655344439045,2012-06-06 19:32:16,2012-06-04,train,382_8
382,357,70,Train Station,40.750794799423865,-73.99357639021292,2012-06-07 20:25:33,2012-06-04,train,382_8
382,684,102,American Restaurant,40.76854001543648,-73.98188092817718,2012-06-08 19:17:24,2012-06-04,train,382_8
384,4169,197,Sandwich Place,40.71323645845717,-74.0091515706367,2012-06-04 08:09:09,2012-06-04,train,384_9
384,3472,122,Plaza,40.7721081261999,-73.97742748260498,2012-06-05 06:15:37,2012-06-04,train,384_9
384,922,288,Ferry,40.76318618108141,-74.00068759918213,2012-06-06 19:52:07,2012-06-04,train,384_9
384,3472,122,Plaza,40.7721081261999,-73.97742748260498,2012-06-09 05:45:03,2012-06-04,train,384_9
384,731,147,Movie Theater,40.77468600154588,-73.9820645818322,2012-06-09 10:22:53,2012-06-04,train,384_9
384,4077,254,Department Store,40.75764856382876,-73.8357178307075,2012-06-09 14:26:03,2012-06-04,train,384_9
384,3472,122,Plaza,40.7721081261999,-73.97742748260498,2012-06-10 10:10:07,2012-06-04,train,384_9
384,1564,121,Park,40.77832352747964,-73.98911118507385,2012-06-10 18:02:24,2012-06-04,train,384_9
385,271,254,Department Store,40.75061379403183,-73.98856401443481,2012-06-06 17:25:26,2012-06-04,train,385_4
385,928,138,Gym / Fitness Center,40.72241034998236,-73.99948218461356,2012-06-06 19:27:52,2012-06-04,train,385_4
385,194,37,Bar,40.721291,-73.994262,2012-06-08 23:29:02,2012-06-04,train,385_4
385,271,254,Department Store,40.75061379403183,-73.98856401443481,2012-06-09 17:13:18,2012-06-04,train,385_4
385,486,147,Movie Theater,40.74276195733468,-73.97692322731018,2012-06-09 21:22:04,2012-06-04,train,385_4
387,693,61,Office,40.72050868693853,-74.00625367536026,2012-06-04 10:20:47,2012-06-04,train,387_8
387,3358,138,Gym / Fitness Center,40.72800542208163,-73.99348519842566,2012-06-04 18:23:15,2012-06-04,train,387_8
387,693,61,Office,40.72050868693853,-74.00625367536026,2012-06-05 10:27:54,2012-06-04,train,387_8
387,3358,138,Gym / Fitness Center,40.72800542208163,-73.99348519842566,2012-06-06 18:24:29,2012-06-04,train,387_8
387,265,37,Bar,40.740727951827786,-74.00861104297583,2012-06-07 18:40:56,2012-06-04,train,387_8
387,800,37,Bar,40.74017876390845,-74.00560522941583,2012-06-07 18:49:44,2012-06-04,train,387_8
387,693,61,Office,40.72050868693853,-74.00625367536026,2012-06-08 10:29:06,2012-06-04,train,387_8
387,585,95,Chinese Restaurant,40.716722,-73.997818,2012-06-08 14:05:25,2012-06-04,train,387_8
387,3647,211,Bar,40.72568187382265,-74.00740136190926,2012-06-08 23:40:21,2012-06-04,train,387_8
387,177,41,Bar,40.72563263365638,-74.00750041007996,2012-06-09 01:30:56,2012-06-04,train,387_8
387,4967,220,BBQ Joint,40.7418112381317,-73.98826278972687,2012-06-09 11:07:05,2012-06-04,train,387_8
387,961,31,Bar,40.75353217770949,-73.98182353637398,2012-06-10 14:43:38,2012-06-04,train,387_8
389,4021,6,Home (private),40.777410747977285,-74.03588760058483,2012-06-04 08:05:27,2012-06-04,train,389_5
389,2348,26,Drugstore / Pharmacy,40.80921402202477,-74.00200717527068,2012-06-04 22:51:07,2012-06-04,train,389_5
389,1992,73,Bus Station,40.809413501196566,-74.0011004779114,2012-06-05 07:01:39,2012-06-04,train,389_5
389,4021,6,Home (private),40.777410747977285,-74.03588760058483,2012-06-05 07:29:47,2012-06-04,train,389_5
389,1992,73,Bus Station,40.809413501196566,-74.0011004779114,2012-06-06 07:24:27,2012-06-04,train,389_5
389,1024,42,Food & Drink Shop,40.77380068362164,-74.02056483376467,2012-06-06 09:47:16,2012-06-04,train,389_5
389,4021,6,Home (private),40.777410747977285,-74.03588760058483,2012-06-06 11:10:58,2012-06-04,train,389_5
389,2348,26,Drugstore / Pharmacy,40.80921402202477,-74.00200717527068,2012-06-06 22:48:20,2012-06-04,train,389_5
389,4021,6,Home (private),40.777410747977285,-74.03588760058483,2012-06-07 14:08:17,2012-06-04,train,389_5
389,2348,26,Drugstore / Pharmacy,40.80921402202477,-74.00200717527068,2012-06-08 22:51:45,2012-06-04,train,389_5
389,4021,6,Home (private),40.777410747977285,-74.03588760058483,2012-06-09 07:22:27,2012-06-04,train,389_5
389,4021,6,Home (private),40.777410747977285,-74.03588760058483,2012-06-10 07:27:59,2012-06-04,train,389_5
389,2348,26,Drugstore / Pharmacy,40.80921402202477,-74.00200717527068,2012-06-10 22:58:51,2012-06-04,train,389_5
390,357,70,Train Station,40.750794799423865,-73.99357639021292,2012-06-07 08:44:21,2012-06-04,train,390_9
390,3008,301,Neighborhood,40.75407621258011,-73.98848661015789,2012-06-07 09:08:58,2012-06-04,train,390_9
390,1243,61,Office,40.7524323390344,-73.99025420849364,2012-06-07 09:09:14,2012-06-04,train,390_9
390,458,106,Burrito Place,40.76271587683453,-73.98763664066797,2012-06-09 18:10:29,2012-06-04,train,390_9
390,49,37,Bar,40.729616590845886,-73.98979783058167,2012-06-09 20:37:10,2012-06-04,train,390_9
390,2190,37,Bar,40.70845296660802,-74.00478462653045,2012-06-09 22:47:45,2012-06-04,train,390_9
391,2344,165,College Academic Building,40.75106495736007,-74.0309905312703,2012-06-06 08:23:57,2012-06-04,train,391_8
391,2344,165,College Academic Building,40.75106495736007,-74.0309905312703,2012-06-06 14:34:51,2012-06-04,train,391_8
391,2344,165,College Academic Building,40.75106495736007,-74.0309905312703,2012-06-07 08:25:32,2012-06-04,train,391_8
391,3040,138,Gym / Fitness Center,40.74678450837739,-74.0381338415349,2012-06-07 08:49:16,2012-06-04,train,391_8
391,2344,165,College Academic Building,40.75106495736007,-74.0309905312703,2012-06-07 14:24:52,2012-06-04,train,391_8
391,735,122,Plaza,40.74982540095488,-73.98796319961548,2012-06-08 11:04:23,2012-06-04,train,391_8
391,1645,70,Train Station,40.73606359173575,-74.02938723564148,2012-06-09 07:24:52,2012-06-04,train,391_8
391,804,70,Train Station,40.73420076077984,-74.16483829470191,2012-06-09 17:31:19,2012-06-04,train,391_8
391,1419,70,Train Station,40.732267009830224,-74.06304359436035,2012-06-09 17:51:24,2012-06-04,train,391_8
391,1645,70,Train Station,40.73606359173575,-74.02938723564148,2012-06-09 18:12:15,2012-06-04,train,391_8
392,1486,134,Event Space,40.742862660166125,-73.99238907827885,2012-06-04 09:17:28,2012-06-04,train,392_8
392,1486,134,Event Space,40.742862660166125,-73.99238907827885,2012-06-05 09:21:16,2012-06-04,train,392_8
392,1486,134,Event Space,40.742862660166125,-73.99238907827885,2012-06-06 09:18:00,2012-06-04,train,392_8
392,1332,301,Neighborhood,40.741672705942285,-73.98928821086884,2012-06-06 14:57:26,2012-06-04,train,392_8
392,234,121,Park,40.74218830848454,-73.98792418909154,2012-06-06 14:58:57,2012-06-04,train,392_8
392,1486,134,Event Space,40.742862660166125,-73.99238907827885,2012-06-07 09:10:02,2012-06-04,train,392_8
392,543,220,BBQ Joint,40.74434084563527,-73.99042637629252,2012-06-07 14:10:39,2012-06-04,train,392_8
392,1486,134,Event Space,40.742862660166125,-73.99238907827885,2012-06-08 09:31:58,2012-06-04,train,392_8
392,234,121,Park,40.74218830848454,-73.98792418909154,2012-06-08 14:22:33,2012-06-04,train,392_8
394,2819,61,Office,40.76308021048571,-73.97902279555453,2012-06-04 07:31:51,2012-06-04,train,394_9
394,2819,61,Office,40.76308021048571,-73.97902279555453,2012-06-05 07:59:48,2012-06-04,train,394_9
398,4811,243,Rental Car Location,40.873274800615,-73.88054638747536,2012-06-06 06:00:13,2012-06-04,train,398_2
398,4811,243,Rental Car Location,40.873274800615,-73.88054638747536,2012-06-07 06:04:16,2012-06-04,train,398_2
398,4342,61,Office,40.867133274376464,-73.8783413787014,2012-06-07 09:44:36,2012-06-04,train,398_2
398,4581,113,Garden,40.86187428993754,-73.88083349616652,2012-06-08 08:18:34,2012-06-04,train,398_2
398,730,113,Garden,40.86301432403785,-73.88035297393799,2012-06-09 08:18:35,2012-06-04,train,398_2
398,3466,113,Garden,40.86071974369225,-73.87303547467053,2012-06-10 08:20:31,2012-06-04,train,398_2
399,3154,262,Light Rail,40.76525832430631,-74.18006300926208,2012-06-06 07:53:49,2012-06-04,train,399_8
399,4227,165,College Academic Building,40.81529013862019,-74.21270205562996,2012-06-06 09:00:20,2012-06-04,train,399_8
399,2514,121,Park,40.77381437268857,-74.17543888092041,2012-06-09 10:14:58,2012-06-04,train,399_8
399,3823,6,Home (private),40.74784649558036,-74.17684116064805,2012-06-09 13:07:30,2012-06-04,train,399_8
399,2589,301,Neighborhood,40.718477172979526,-74.00781154632568,2012-06-09 21:20:42,2012-06-04,train,399_8
400,327,37,Bar,40.743313,-73.97992594014012,2012-06-04 04:48:56,2012-06-04,train,400_7
400,1965,301,Neighborhood,40.745756322699165,-73.97885635680333,2012-06-04 04:49:33,2012-06-04,train,400_7
400,405,241,Airport,40.645089355976346,-73.7845230102539,2012-06-08 15:20:10,2012-06-04,train,400_7
400,1314,239,Airport,40.64878508617476,-73.78984451293945,2012-06-08 15:21:03,2012-06-04,train,400_7
400,2315,96,Deli / Bodega,40.74379022679562,-73.98389160633087,2012-06-08 16:33:36,2012-06-04,train,400_7
400,2812,259,Hotel,40.74393865874401,-73.98399867372817,2012-06-08 16:33:56,2012-06-04,train,400_7
400,2080,19,Bank,40.745061693554696,-73.98259258511268,2012-06-08 19:13:43,2012-06-04,train,400_7
400,1086,80,Building,40.74435091026743,-73.98246058442858,2012-06-08 19:13:55,2012-06-04,train,400_7
400,3059,96,Deli / Bodega,40.74446107849192,-73.98239171447044,2012-06-08 19:14:11,2012-06-04,train,400_7
400,2062,26,Drugstore / Pharmacy,40.74586843819785,-73.97830538611639,2012-06-08 20:20:32,2012-06-04,train,400_7
400,4593,138,Gym / Fitness Center,40.74424119059385,-73.98270736824254,2012-06-08 21:04:48,2012-06-04,train,400_7
400,2894,220,BBQ Joint,40.74446589703744,-73.98263849837286,2012-06-08 21:05:04,2012-06-04,train,400_7
400,1729,19,Bank,40.745625645552565,-73.98221380029767,2012-06-09 01:56:49,2012-06-04,train,400_7
400,3907,209,Sushi Restaurant,40.74476767769092,-73.98205429315567,2012-06-09 01:57:12,2012-06-04,train,400_7
400,3013,58,Electronics Store,40.744263124353616,-73.98277623808755,2012-06-09 01:57:27,2012-06-04,train,400_7
400,3449,6,Home (private),40.73944138679658,-73.97712595918333,2012-06-09 03:30:56,2012-06-04,train,400_7
400,2812,259,Hotel,40.74393865874401,-73.98399867372817,2012-06-09 03:32:03,2012-06-04,train,400_7
400,2762,6,Home (private),40.73944138679658,-73.97712595918333,2012-06-09 03:33:47,2012-06-04,train,400_7
400,338,37,Bar,40.744928040482485,-73.98279345554494,2012-06-09 03:34:16,2012-06-04,train,400_7
400,2846,137,Gym / Fitness Center,40.744550358490905,-73.98126109579569,2012-06-09 03:34:39,2012-06-04,train,400_7
400,2315,96,Deli / Bodega,40.74379022679562,-73.98389160633087,2012-06-09 07:26:09,2012-06-04,train,400_7
400,1086,80,Building,40.74435091026743,-73.98246058442858,2012-06-09 07:26:27,2012-06-04,train,400_7
400,3059,96,Deli / Bodega,40.74446107849192,-73.98239171447044,2012-06-09 07:26:51,2012-06-04,train,400_7
400,2080,19,Bank,40.745061693554696,-73.98259258511268,2012-06-09 07:27:31,2012-06-04,train,400_7
402,4218,90,School,40.80236660521468,-74.15596807597697,2012-06-04 08:35:15,2012-06-04,train,402_9
402,4218,90,School,40.80236660521468,-74.15596807597697,2012-06-07 08:35:48,2012-06-04,train,402_9
402,4166,182,Trade School,40.74254248274287,-74.16908740997314,2012-06-07 13:26:16,2012-06-04,train,402_9
402,2325,34,Gas Station / Garage,40.811048,-74.145083,2012-06-07 20:33:29,2012-06-04,train,402_9
402,4218,90,School,40.80236660521468,-74.15596807597697,2012-06-08 08:36:05,2012-06-04,train,402_9
402,2325,34,Gas Station / Garage,40.811048,-74.145083,2012-06-09 14:58:03,2012-06-04,train,402_9
402,2325,34,Gas Station / Garage,40.811048,-74.145083,2012-06-10 18:44:20,2012-06-04,train,402_9
403,1630,97,Diner,40.80381274223328,-74.19446,2012-06-06 21:28:18,2012-06-04,train,403_7
403,4041,39,Beer Garden,40.7551842861191,-74.03163889097506,2012-06-07 16:19:55,2012-06-04,train,403_7
403,3162,14,Clothing Store,40.73264788139243,-73.99115521826296,2012-06-08 17:05:19,2012-06-04,train,403_7
403,190,157,Stadium,40.82827721161922,-73.92655344439045,2012-06-09 19:01:46,2012-06-04,train,403_7
403,1630,97,Diner,40.80381274223328,-74.19446,2012-06-10 02:23:32,2012-06-04,train,403_7
403,1181,9,Clothing Store,40.72397122795905,-73.99608487193893,2012-06-10 17:39:47,2012-06-04,train,403_7
404,4027,61,Office,40.73717732305697,-73.98822069168091,2012-06-04 09:54:24,2012-06-04,train,404_8
404,4027,61,Office,40.73717732305697,-73.98822069168091,2012-06-05 09:44:02,2012-06-04,train,404_8
404,4027,61,Office,40.73717732305697,-73.98822069168091,2012-06-08 12:34:01,2012-06-04,train,404_8
404,405,241,Airport,40.645089355976346,-73.7845230102539,2012-06-09 08:12:57,2012-06-04,train,404_8
406,746,222,Coffee Shop,40.7226384919777,-73.99800160642802,2012-06-06 09:26:44,2012-06-04,train,406_7
406,459,252,Food & Drink Shop,40.72413519041223,-73.99778927450977,2012-06-06 12:53:00,2012-06-04,train,406_7
406,1994,61,Office,40.723206,-73.997249,2012-06-07 10:46:07,2012-06-04,train,406_7
406,745,35,Bookstore,40.72354286159147,-73.99599305184151,2012-06-07 18:17:30,2012-06-04,train,406_7
406,746,222,Coffee Shop,40.7226384919777,-73.99800160642802,2012-06-08 09:12:19,2012-06-04,train,406_7
407,4953,61,Office,40.70697756320165,-74.00999510813811,2012-06-04 09:26:22,2012-06-04,train,407_9
407,2625,61,Office,40.75094552248844,-74.00563392176072,2012-06-04 09:29:55,2012-06-04,train,407_9
407,2625,61,Office,40.75094552248844,-74.00563392176072,2012-06-05 08:27:21,2012-06-04,train,407_9
407,2625,61,Office,40.75094552248844,-74.00563392176072,2012-06-06 07:53:31,2012-06-04,train,407_9
407,2625,61,Office,40.75094552248844,-74.00563392176072,2012-06-07 08:02:08,2012-06-04,train,407_9
407,2625,61,Office,40.75094552248844,-74.00563392176072,2012-06-08 07:22:30,2012-06-04,train,407_9
407,274,37,Bar,40.70443641202592,-74.01012361049652,2012-06-08 17:42:59,2012-06-04,train,407_9
407,582,39,Beer Garden,40.67230729295687,-73.95784374357962,2012-06-09 00:11:34,2012-06-04,train,407_9
407,3487,28,Salon / Barbershop,40.67527609007841,-73.9633252661851,2012-06-09 08:24:15,2012-06-04,train,407_9
407,4953,61,Office,40.70697756320165,-74.00999510813811,2012-06-09 13:40:59,2012-06-04,train,407_9
408,3620,6,Home (private),40.84498742331356,-74.16509908485864,2012-06-04 10:13:22,2012-06-04,train,408_9
408,4897,281,Residential Building (Apartment / Condo),40.84476009028352,-74.16051500174768,2012-06-04 10:13:36,2012-06-04,train,408_9
408,4053,270,Parking,40.76366213713549,-74.02338791877044,2012-06-08 17:33:53,2012-06-04,train,408_9
408,4164,257,Road,40.76408904832893,-74.02372645664603,2012-06-08 17:34:31,2012-06-04,train,408_9
409,4076,61,Office,40.7249145759565,-74.0076825440635,2012-06-04 10:26:42,2012-06-04,train,409_8
409,4076,61,Office,40.7249145759565,-74.0076825440635,2012-06-06 09:23:54,2012-06-04,train,409_8
409,4076,61,Office,40.7249145759565,-74.0076825440635,2012-06-07 13:18:55,2012-06-04,train,409_8
411,400,194,Mexican Restaurant,40.752427601875766,-73.99410499133778,2012-06-07 12:31:16,2012-06-04,train,411_2
411,4392,194,Mexican Restaurant,40.89559141023484,-73.97609000887947,2012-06-08 14:56:40,2012-06-04,train,411_2
411,1843,147,Movie Theater,40.91532869189857,-74.07670140266418,2012-06-09 15:48:41,2012-06-04,train,411_2
414,2747,264,Subway,40.74914266125337,-73.93783807754517,2012-06-04 17:05:30,2012-06-04,train,414_9
414,1720,264,Subway,40.71299103635752,-73.78283049260818,2012-06-06 08:24:25,2012-06-04,train,414_9
414,2747,264,Subway,40.74914266125337,-73.93783807754517,2012-06-06 09:00:05,2012-06-04,train,414_9
414,1665,173,Community College,40.74482280084993,-73.93645570868266,2012-06-06 09:04:59,2012-06-04,train,414_9
414,1720,264,Subway,40.71299103635752,-73.78283049260818,2012-06-07 10:51:00,2012-06-04,train,414_9
414,2747,264,Subway,40.74914266125337,-73.93783807754517,2012-06-07 11:32:33,2012-06-04,train,414_9
414,1665,173,Community College,40.74482280084993,-73.93645570868266,2012-06-07 11:38:58,2012-06-04,train,414_9
414,2455,258,Food & Drink Shop,40.74488350771816,-73.93421173095703,2012-06-07 14:39:58,2012-06-04,train,414_9
414,1720,264,Subway,40.71299103635752,-73.78283049260818,2012-06-08 08:09:40,2012-06-04,train,414_9
414,1665,173,Community College,40.74466500141026,-73.93500334902382,2012-06-08 09:05:01,2012-06-04,train,414_9
414,1275,131,Café,40.7652370075898,-73.95760840770957,2012-06-10 18:22:03,2012-06-04,train,414_9
415,1124,183,University,40.73589867247221,-73.8174756753254,2012-06-04 17:49:29,2012-06-04,train,415_8
415,1124,183,University,40.73556534124425,-73.81679788024518,2012-06-06 17:57:35,2012-06-04,train,415_8
415,1124,183,University,40.73556534124425,-73.81679788024518,2012-06-07 17:41:43,2012-06-04,train,415_8
416,1324,137,Gym / Fitness Center,40.75723731867925,-73.9669355242481,2012-06-05 09:07:21,2012-06-04,train,416_7
416,1324,137,Gym / Fitness Center,40.75723731867925,-73.9669355242481,2012-06-06 09:02:19,2012-06-04,train,416_7
416,670,137,Gym / Fitness Center,40.74618839286139,-73.98157101223633,2012-06-07 20:01:34,2012-06-04,train,416_7
416,405,241,Airport,40.645089355976346,-73.7845230102539,2012-06-08 07:23:32,2012-06-04,train,416_7
417,1900,83,Church,40.81681580433024,-73.94139250202096,2012-06-04 18:24:52,2012-06-04,train,417_7
417,991,138,Gym / Fitness Center,40.809865807665965,-73.95154697526134,2012-06-06 10:47:53,2012-06-04,train,417_7
417,1546,220,BBQ Joint,40.77693,-73.977499,2012-06-06 13:38:20,2012-06-04,train,417_7
417,1900,83,Church,40.81681580433024,-73.94139250202096,2012-06-06 18:46:51,2012-06-04,train,417_7
417,4118,138,Gym / Fitness Center,40.80927000313523,-73.94907116889954,2012-06-06 22:39:13,2012-06-04,train,417_7
417,991,138,Gym / Fitness Center,40.809865807665965,-73.95154697526134,2012-06-07 11:19:42,2012-06-04,train,417_7
417,986,42,Food & Drink Shop,40.81967266642876,-73.95994453399868,2012-06-07 14:39:37,2012-06-04,train,417_7
417,1900,83,Church,40.81681580433024,-73.94139250202096,2012-06-07 18:42:40,2012-06-04,train,417_7
417,819,138,Gym / Fitness Center,40.77920900596156,-73.9551287537907,2012-06-08 19:03:05,2012-06-04,train,417_7
417,991,138,Gym / Fitness Center,40.809865807665965,-73.95154697526134,2012-06-09 11:26:00,2012-06-04,train,417_7
418,1205,135,Post Office,40.712764973093,-74.00997789312427,2012-06-07 17:39:01,2012-06-04,train,418_9
418,3082,186,College Academic Building,40.77028191741009,-73.73554916505417,2012-06-09 09:56:21,2012-06-04,train,418_9
418,2101,42,Food & Drink Shop,40.763280802898464,-73.80912369980592,2012-06-09 15:52:38,2012-06-04,train,418_9
418,3108,121,Park,40.746964349631696,-73.80769729614258,2012-06-10 15:07:17,2012-06-04,train,418_9
419,7,131,Café,40.736827,-73.986909,2012-06-06 09:36:35,2012-06-04,train,419_8
419,1363,50,Bar,40.725047,-73.978356,2012-06-08 22:34:21,2012-06-04,train,419_8
420,650,37,Bar,40.76593503468354,-73.9870231641527,2012-06-06 16:17:38,2012-06-04,train,420_6
420,4764,37,Bar,40.72376557850201,-73.97913758081623,2012-06-07 20:54:42,2012-06-04,train,420_6
420,190,157,Stadium,40.82827721161922,-73.92655344439045,2012-06-08 19:07:18,2012-06-04,train,420_6
421,349,70,Train Station,40.75280620914171,-73.97717535495758,2012-06-04 10:22:32,2012-06-04,train,421_9
421,2938,80,Building,40.752628531027774,-73.98632874077299,2012-06-04 10:38:06,2012-06-04,train,421_9
421,349,70,Train Station,40.75280620914171,-73.97717535495758,2012-06-04 18:25:44,2012-06-04,train,421_9
421,2938,80,Building,40.752628531027774,-73.98632874077299,2012-06-06 10:15:39,2012-06-04,train,421_9
421,349,70,Train Station,40.75280620914171,-73.97717535495758,2012-06-06 18:36:14,2012-06-04,train,421_9
421,349,70,Train Station,40.75280620914171,-73.97717535495758,2012-06-07 20:10:12,2012-06-04,train,421_9
421,349,70,Train Station,40.75280620914171,-73.97717535495758,2012-06-08 10:02:47,2012-06-04,train,421_9
421,2938,80,Building,40.752628531027774,-73.98632874077299,2012-06-08 18:01:39,2012-06-04,train,421_9
422,3320,317,City,40.77312780819194,-74.03287822727573,2012-06-06 06:46:19,2012-06-04,train,422_3
422,1930,301,Neighborhood,40.71834202528393,-74.00061816553153,2012-06-10 14:57:49,2012-06-04,train,422_3
423,4682,253,General Travel,40.735687799616535,-73.81273680526725,2012-06-04 07:34:05,2012-06-04,train,423_8
423,4463,6,Home (private),40.73569746375886,-73.81249842275241,2012-06-05 01:03:27,2012-06-04,train,423_8
423,4463,6,Home (private),40.73569746375886,-73.81249842275241,2012-06-06 07:55:15,2012-06-04,train,423_8
423,4463,6,Home (private),40.73569746375886,-73.81249842275241,2012-06-07 01:13:09,2012-06-04,train,423_8
423,4463,6,Home (private),40.73569746375886,-73.81249842275241,2012-06-07 07:31:37,2012-06-04,train,423_8
423,4463,6,Home (private),40.73569746375886,-73.81249842275241,2012-06-08 08:27:46,2012-06-04,train,423_8
423,1263,254,Department Store,40.78322231631631,-73.83344650268555,2012-06-09 10:55:58,2012-06-04,train,423_8
423,4463,6,Home (private),40.73569746375886,-73.81249842275241,2012-06-09 12:26:17,2012-06-04,train,423_8
423,4283,83,Church,40.691620825972336,-73.78819052136058,2012-06-10 11:25:21,2012-06-04,train,423_8
424,357,70,Train Station,40.750794799423865,-73.99357639021292,2012-06-06 07:35:26,2012-06-04,train,424_7
424,842,146,Movie Theater,40.77901864208124,-73.95395779503919,2012-06-07 20:07:12,2012-06-04,train,424_7
424,21,47,Bar,40.72306684493416,-73.98850382710332,2012-06-09 20:09:03,2012-06-04,train,424_7
425,4106,211,Bar,40.743644725,-74.00428604,2012-06-05 02:11:21,2012-06-04,train,425_8
425,4106,211,Bar,40.743644725,-74.00428604,2012-06-06 14:44:39,2012-06-04,train,425_8
425,927,3,Thrift / Vintage Store,40.71822445,-73.95521,2012-06-07 18:22:54,2012-06-04,train,425_8
425,927,3,Thrift / Vintage Store,40.71822445,-73.95521,2012-06-09 21:52:44,2012-06-04,train,425_8
425,1845,121,Park,40.73228891214305,-74.01051196130837,2012-06-10 12:42:13,2012-06-04,train,425_8
425,927,3,Thrift / Vintage Store,40.71822445,-73.95521,2012-06-10 18:00:20,2012-06-04,train,425_8
426,1475,241,Airport,40.773839,-73.87122,2012-06-04 07:15:02,2012-06-04,train,426_7
426,1475,241,Airport,40.773839,-73.87122,2012-06-07 13:54:36,2012-06-04,train,426_7
426,2105,222,Coffee Shop,40.74708298027893,-73.9934450265937,2012-06-10 12:08:46,2012-06-04,train,426_7
426,3370,211,Bar,40.72036368727871,-73.9870834350586,2012-06-10 21:34:32,2012-06-04,train,426_7
427,349,70,Train Station,40.75280620914171,-73.97717535495758,2012-06-04 08:49:49,2012-06-04,train,427_5
427,349,70,Train Station,40.75280620914171,-73.97717535495758,2012-06-05 08:48:24,2012-06-04,train,427_5
427,1957,222,Coffee Shop,40.75708314082242,-73.97595226764679,2012-06-05 08:54:23,2012-06-04,train,427_5
427,3653,61,Office,40.76060517542807,-73.97460925028328,2012-06-05 09:17:20,2012-06-04,train,427_5
427,349,70,Train Station,40.75280620914171,-73.97717535495758,2012-06-07 08:27:44,2012-06-04,train,427_5
427,1957,222,Coffee Shop,40.75708314082242,-73.97595226764679,2012-06-07 08:33:35,2012-06-04,train,427_5
427,3653,61,Office,40.76060517542807,-73.97460925028328,2012-06-07 08:59:14,2012-06-04,train,427_5
427,3653,61,Office,40.76060517542807,-73.97460925028328,2012-06-07 13:49:45,2012-06-04,train,427_5
427,349,70,Train Station,40.75280620914171,-73.97717535495758,2012-06-09 23:10:09,2012-06-04,train,427_5
427,206,37,Bar,40.75705234069542,-73.96721102606091,2012-06-09 23:30:25,2012-06-04,train,427_5
428,4027,61,Office,40.73717732305697,-73.98822069168091,2012-06-04 10:33:27,2012-06-04,train,428_8
428,4027,61,Office,40.73717732305697,-73.98822069168091,2012-06-06 11:17:13,2012-06-04,train,428_8
428,627,59,Bar,40.72635525176133,-74.0057623386383,2012-06-07 18:44:06,2012-06-04,train,428_8
429,4972,6,Home (private),40.60259048645985,-73.98887973002674,2012-06-09 22:28:31,2012-06-04,train,429_0
429,2815,263,Laundry Service,40.606173,-73.98629386,2012-06-10 18:31:24,2012-06-04,train,429_0
432,1842,225,Athletic & Sport,40.77131186284329,-73.91743183135986,2012-06-04 18:42:31,2012-06-04,train,432_9
432,1057,264,Subway,40.77007682324887,-73.91798973083496,2012-06-04 18:43:12,2012-06-04,train,432_9
432,1057,264,Subway,40.77007682324887,-73.91798973083496,2012-06-05 07:30:31,2012-06-04,train,432_9
432,1057,264,Subway,40.77007682324887,-73.91798973083496,2012-06-06 07:36:51,2012-06-04,train,432_9
432,1842,225,Athletic & Sport,40.77131186284329,-73.91743183135986,2012-06-06 20:34:19,2012-06-04,train,432_9
432,1057,264,Subway,40.77007682324887,-73.91798973083496,2012-06-07 07:32:27,2012-06-04,train,432_9
432,3488,61,Office,40.761436,-73.972889,2012-06-07 14:41:27,2012-06-04,train,432_9
432,1057,264,Subway,40.77007682324887,-73.91798973083496,2012-06-08 07:41:45,2012-06-04,train,432_9
432,3488,61,Office,40.761436,-73.972889,2012-06-08 17:30:12,2012-06-04,train,432_9
432,2309,197,Sandwich Place,40.77405405618532,-73.91775369644165,2012-06-09 08:47:12,2012-06-04,train,432_9
432,1842,225,Athletic & Sport,40.77131186284329,-73.91743183135986,2012-06-10 21:45:35,2012-06-04,train,432_9
433,49,37,Bar,40.729616590845886,-73.98979783058167,2012-06-04 00:03:09,2012-06-04,train,433_6
433,1251,37,Bar,40.722404640382265,-73.95522952079773,2012-06-08 20:47:26,2012-06-04,train,433_6
433,146,99,Thai Restaurant,40.71815052485528,-73.96000767215456,2012-06-10 13:17:26,2012-06-04,train,433_6
433,49,37,Bar,40.729616590845886,-73.98979783058167,2012-06-10 19:06:12,2012-06-04,train,433_6
434,1861,53,Bar,40.75485632616687,-73.98597836494446,2012-06-04 21:11:48,2012-06-04,train,434_7
434,1861,53,Bar,40.75485632616687,-73.98597836494446,2012-06-08 22:17:34,2012-06-04,train,434_7
434,3261,76,Ferry,40.69739661931091,-74.01154518127441,2012-06-09 13:49:47,2012-06-04,train,434_7
434,1861,53,Bar,40.75485632616687,-73.98597836494446,2012-06-10 00:16:19,2012-06-04,train,434_7
434,1877,258,Food & Drink Shop,40.75769265737892,-73.99150371551514,2012-06-10 00:29:37,2012-06-04,train,434_7
434,1736,222,Coffee Shop,40.75697749071767,-73.98931503295898,2012-06-10 00:31:18,2012-06-04,train,434_7
435,2752,42,Food & Drink Shop,40.778504,-73.982092,2012-06-04 19:00:10,2012-06-04,train,435_8
435,243,37,Bar,40.73138083854372,-74.00059103965759,2012-06-06 21:43:28,2012-06-04,train,435_8
435,544,232,Music Venue,40.74303711661063,-74.00573147570121,2012-06-10 00:38:02,2012-06-04,train,435_8
435,884,121,Park,40.82540355725982,-73.95661354064941,2012-06-10 19:57:48,2012-06-04,train,435_8
436,1623,242,Spa / Massage,40.736071,-73.97903,2012-06-04 10:05:11,2012-06-04,train,436_3
436,3469,158,Comedy Club,40.74044126297577,-73.98488249559014,2012-06-04 18:58:57,2012-06-04,train,436_3
436,1567,212,Hotel,40.745884,-73.988116,2012-06-04 20:26:56,2012-06-04,train,436_3
436,1350,102,American Restaurant,40.74583734577147,-73.98799265354255,2012-06-04 20:55:50,2012-06-04,train,436_3
437,1235,137,Gym / Fitness Center,40.738949,-73.989828,2012-06-05 07:02:04,2012-06-04,train,437_9
437,1235,137,Gym / Fitness Center,40.738949,-73.989828,2012-06-06 07:05:38,2012-06-04,train,437_9
437,3084,37,Bar,40.76441662707523,-73.98302302149607,2012-06-06 20:19:00,2012-06-04,train,437_9
437,482,254,Department Store,40.76232480057456,-73.9678144454956,2012-06-08 17:31:26,2012-06-04,train,437_9
437,397,238,Music Venue,40.71815358787956,-73.99221117337089,2012-06-08 22:53:11,2012-06-04,train,437_9
437,698,222,Coffee Shop,40.72686036833717,-73.9802598953247,2012-06-09 15:22:38,2012-06-04,train,437_9
437,640,137,Gym / Fitness Center,40.72424,-73.997779,2012-06-09 16:50:08,2012-06-04,train,437_9
437,23,41,Bar,40.72510954367323,-73.98130127017728,2012-06-09 21:41:16,2012-06-04,train,437_9
437,1184,21,French Restaurant,40.723202989983456,-73.98260980258654,2012-06-10 01:07:07,2012-06-04,train,437_9
437,1583,242,Spa / Massage,40.724398990537104,-73.99753103267047,2012-06-10 15:43:36,2012-06-04,train,437_9
437,640,137,Gym / Fitness Center,40.72424,-73.997779,2012-06-10 17:46:12,2012-06-04,train,437_9
438,203,40,Candy Store,40.76215645567817,-73.96609179749629,2012-06-07 21:20:11,2012-06-04,train,438_5
438,326,37,Bar,40.805097,-73.966071,2012-06-08 19:06:32,2012-06-04,train,438_5
440,1145,264,Subway,40.707149,-73.99057,2012-06-04 19:30:17,2012-06-04,train,440_7
440,2232,264,Subway,40.65526229575358,-73.9615085721016,2012-06-05 09:26:05,2012-06-04,train,440_7
440,2232,264,Subway,40.65526229575358,-73.9615085721016,2012-06-06 09:38:11,2012-06-04,train,440_7
440,1145,264,Subway,40.707149,-73.99057,2012-06-06 09:59:01,2012-06-04,train,440_7
440,1145,264,Subway,40.707149,-73.99057,2012-06-06 19:11:57,2012-06-04,train,440_7
440,1145,264,Subway,40.707149,-73.99057,2012-06-08 09:42:20,2012-06-04,train,440_7
440,1297,239,Airport,40.640888674046494,-73.78684043884277,2012-06-08 20:25:58,2012-06-04,train,440_7
441,2958,61,Office,40.749782928449946,-74.00407305194884,2012-06-07 14:41:24,2012-06-04,train,441_6
441,6,232,Music Venue,40.73492041854701,-73.98829722365633,2012-06-07 20:32:21,2012-06-04,train,441_6
441,2076,222,Coffee Shop,40.747744648563874,-73.9853024482727,2012-06-08 11:53:30,2012-06-04,train,441_6
441,18,194,Mexican Restaurant,40.737556697609854,-74.00818752322094,2012-06-08 19:01:17,2012-06-04,train,441_6
443,2382,253,General Travel,40.75912296762007,-74.20852661132812,2012-06-04 17:42:51,2012-06-04,train,443_3
443,1356,42,Food & Drink Shop,40.8041295012635,-74.2486310005188,2012-06-04 18:51:16,2012-06-04,train,443_3
443,2585,42,Food & Drink Shop,40.76633906356843,-74.21865463256836,2012-06-04 19:15:30,2012-06-04,train,443_3
443,2614,121,Park,40.74231474726422,-74.21509234320449,2012-06-05 02:44:51,2012-06-04,train,443_3
443,3465,80,Building,40.73004244582688,-74.2205606541853,2012-06-05 02:47:26,2012-06-04,train,443_3
443,4709,301,Neighborhood,40.72351391597205,-74.22441244863307,2012-06-05 02:47:45,2012-06-04,train,443_3
443,4730,6,Home (private),40.72310696218072,-74.2120629207231,2012-06-05 02:49:06,2012-06-04,train,443_3
443,2614,121,Park,40.74231474726422,-74.21509234320449,2012-06-06 19:37:05,2012-06-04,train,443_3
443,4327,114,Cemetery,40.74899616516048,-74.21214030488811,2012-06-06 19:37:29,2012-06-04,train,443_3
443,3785,120,Other Great Outdoors,40.76474676335671,-74.21715014386486,2012-06-07 03:32:43,2012-06-04,train,443_3
443,2614,121,Park,40.74231474726422,-74.21509234320449,2012-06-07 03:37:26,2012-06-04,train,443_3
443,3341,171,College Academic Building,40.73154769806844,-74.21958622911534,2012-06-07 03:41:40,2012-06-04,train,443_3
443,3465,80,Building,40.73004244582688,-74.2205606541853,2012-06-07 03:41:54,2012-06-04,train,443_3
443,4730,6,Home (private),40.72310696218072,-74.2120629207231,2012-06-07 03:44:43,2012-06-04,train,443_3
443,3785,301,Neighborhood,40.76668034599991,-74.20485734939575,2012-06-08 14:58:34,2012-06-04,train,443_3
443,4730,6,Home (private),40.72310696218072,-74.2120629207231,2012-06-08 15:58:25,2012-06-04,train,443_3
446,3722,224,Arcade,40.962451,-74.092604,2012-06-04 09:57:44,2012-06-04,train,446_9
446,3722,224,Arcade,40.962451,-74.092604,2012-06-05 09:28:00,2012-06-04,train,446_9
446,2234,35,Bookstore,40.93189250626306,-74.13226836771899,2012-06-05 09:38:24,2012-06-04,train,446_9
446,3722,224,Arcade,40.962451,-74.092604,2012-06-06 09:45:39,2012-06-04,train,446_9
446,2234,35,Bookstore,40.93189250626306,-74.13226836771899,2012-06-06 11:56:12,2012-06-04,train,446_9
446,2092,26,Drugstore / Pharmacy,40.939354848284935,-74.11859078259693,2012-06-06 15:31:48,2012-06-04,train,446_9
446,3722,224,Arcade,40.962451,-74.092604,2012-06-07 10:23:21,2012-06-04,train,446_9
446,2234,35,Bookstore,40.93189250626306,-74.13226836771899,2012-06-07 11:47:39,2012-06-04,train,446_9
446,4368,282,Convenience Store,40.931104098208365,-74.13194417953491,2012-06-07 15:32:07,2012-06-04,train,446_9
446,3722,224,Arcade,40.962451,-74.092604,2012-06-08 10:28:07,2012-06-04,train,446_9
446,2234,35,Bookstore,40.93189250626306,-74.13226836771899,2012-06-08 11:40:22,2012-06-04,train,446_9
446,2372,222,Coffee Shop,40.93142418321266,-74.13221102144131,2012-06-08 15:54:48,2012-06-04,train,446_9
446,2234,35,Bookstore,40.93189250626306,-74.13226836771899,2012-06-08 16:04:41,2012-06-04,train,446_9
446,3722,224,Arcade,40.962451,-74.092604,2012-06-08 20:37:27,2012-06-04,train,446_9
446,4654,238,Music Venue,40.96236366896308,-74.09231669788183,2012-06-09 19:17:37,2012-06-04,train,446_9
446,3722,224,Arcade,40.962451,-74.092604,2012-06-09 20:54:13,2012-06-04,train,446_9
446,4654,238,Music Venue,40.96236366896308,-74.09231669788183,2012-06-09 22:04:31,2012-06-04,train,446_9
446,3722,224,Arcade,40.962451,-74.092604,2012-06-09 22:44:44,2012-06-04,train,446_9
446,3722,224,Arcade,40.962451,-74.092604,2012-06-10 10:57:37,2012-06-04,train,446_9
446,2286,96,Deli / Bodega,40.96293527560183,-74.09249424934387,2012-06-10 11:04:02,2012-06-04,train,446_9
446,2372,222,Coffee Shop,40.93142418321266,-74.13221102144131,2012-06-10 15:36:00,2012-06-04,train,446_9
446,4368,282,Convenience Store,40.931104098208365,-74.13194417953491,2012-06-10 15:42:20,2012-06-04,train,446_9
446,2234,35,Bookstore,40.93189250626306,-74.13226836771899,2012-06-10 15:48:36,2012-06-04,train,446_9
446,2372,222,Coffee Shop,40.93142418321266,-74.13221102144131,2012-06-10 16:20:50,2012-06-04,train,446_9
446,2234,35,Bookstore,40.93189250626306,-74.13226836771899,2012-06-10 16:25:51,2012-06-04,train,446_9
446,3786,65,Office,40.927804584201205,-74.13085190951095,2012-06-10 18:16:56,2012-06-04,train,446_9
446,3722,224,Arcade,40.962451,-74.092604,2012-06-10 23:16:46,2012-06-04,train,446_9
446,4654,238,Music Venue,40.96236366896308,-74.09231669788183,2012-06-10 23:21:03,2012-06-04,train,446_9
448,989,194,Mexican Restaurant,40.72819472159206,-74.00538716745397,2012-06-08 12:15:45,2012-06-04,train,448_7
448,3674,108,Gastropub,40.75877062877219,-73.91840664132589,2012-06-10 19:23:33,2012-06-04,train,448_7
448,584,147,Movie Theater,40.754987336025614,-73.9236481622989,2012-06-10 20:01:17,2012-06-04,train,448_7
450,4692,6,Home (private),40.60762586761686,-74.09463109843134,2012-06-04 00:51:58,2012-06-04,train,450_4
450,4692,6,Home (private),40.60762586761686,-74.09463109843134,2012-06-07 19:54:16,2012-06-04,train,450_4
450,436,241,Airport,40.68968493541091,-74.17938709259033,2012-06-08 16:48:51,2012-06-04,train,450_4
451,2774,257,Road,40.780167724221975,-73.80259037017822,2012-06-04 18:43:25,2012-06-04,train,451_8
451,4394,257,Road,40.76412230172642,-73.78840308116011,2012-06-07 09:48:50,2012-06-04,train,451_8
451,2774,257,Road,40.780167724221975,-73.80259037017822,2012-06-07 09:50:58,2012-06-04,train,451_8
451,1570,163,Medical Center,40.85550037015262,-73.84623527526855,2012-06-07 10:06:36,2012-06-04,train,451_8
451,1398,257,Road,40.7105727473657,-73.95584106445312,2012-06-08 12:15:44,2012-06-04,train,451_8
451,973,221,Bridge,40.739128,-73.952751,2012-06-08 12:27:11,2012-06-04,train,451_8
451,3226,301,Neighborhood,40.771831872647006,-73.93009185791016,2012-06-08 13:33:42,2012-06-04,train,451_8
452,3157,19,Bank,40.78097593619557,-73.80258088208117,2012-06-06 11:20:19,2012-06-04,train,452_4
452,4877,281,Residential Building (Apartment / Condo),40.706889,-73.818512,2012-06-07 00:11:29,2012-06-04,train,452_4
452,3157,19,Bank,40.78097593619557,-73.80258088208117,2012-06-07 10:55:24,2012-06-04,train,452_4
452,3157,19,Bank,40.78097593619557,-73.80258088208117,2012-06-08 11:04:43,2012-06-04,train,452_4
452,3750,64,Government Building,40.75052331906269,-73.93994017936863,2012-06-08 17:42:27,2012-06-04,train,452_4
453,1229,222,Coffee Shop,40.74139632588608,-74.00481820106506,2012-06-06 10:49:48,2012-06-04,train,453_9
453,3158,202,Pizza Place,40.743982,-74.006678,2012-06-08 14:00:45,2012-06-04,train,453_9
453,142,102,American Restaurant,40.75828,-73.969253,2012-06-08 20:34:50,2012-06-04,train,453_9
453,3858,117,Other Great Outdoors,40.7721081261999,-73.97590398788452,2012-06-09 15:00:42,2012-06-04,train,453_9
453,1146,194,Mexican Restaurant,40.76406488952674,-73.9883660914967,2012-06-09 19:06:59,2012-06-04,train,453_9
453,1484,214,Bar,40.760871,-73.990166,2012-06-10 03:10:37,2012-06-04,train,453_9
453,2905,55,Bar,40.75656797846801,-73.99236038395,2012-06-10 17:41:52,2012-06-04,train,453_9
454,357,70,Train Station,40.750794799423865,-73.99357639021292,2012-06-06 13:51:25,2012-06-04,train,454_7
454,1740,183,University,40.85056716812924,-73.93158767769813,2012-06-06 14:39:41,2012-06-04,train,454_7
454,625,122,Plaza,40.756489872673846,-73.98626804351807,2012-06-06 17:55:44,2012-06-04,train,454_7
454,357,70,Train Station,40.750794799423865,-73.99357639021292,2012-06-06 18:10:35,2012-06-04,train,454_7
455,1717,61,Office,40.737096029430745,-73.99273753166199,2012-06-04 09:01:07,2012-06-04,train,455_6
455,1717,61,Office,40.737096029430745,-73.99273753166199,2012-06-05 09:23:15,2012-06-04,train,455_6
455,1717,61,Office,40.737096029430745,-73.99273753166199,2012-06-06 08:25:41,2012-06-04,train,455_6
455,918,130,Burger Joint,40.762404872356775,-73.98765445595464,2012-06-07 13:13:51,2012-06-04,train,455_6
456,3521,61,Office,40.758010055378605,-73.98200719008385,2012-06-06 07:08:19,2012-06-04,train,456_4
456,3521,61,Office,40.758010055378605,-73.98200719008385,2012-06-08 09:19:29,2012-06-04,train,456_4
457,726,70,Train Station,40.805144639820114,-73.93914699554443,2012-06-05 08:05:07,2012-06-04,train,457_6
457,349,70,Train Station,40.75280620914171,-73.97717535495758,2012-06-05 08:27:15,2012-06-04,train,457_6
457,234,121,Park,40.74218830848454,-73.98792418909154,2012-06-05 08:43:01,2012-06-04,train,457_6
457,726,70,Train Station,40.805144639820114,-73.93914699554443,2012-06-07 07:59:15,2012-06-04,train,457_6
457,234,121,Park,40.74218830848454,-73.98792418909154,2012-06-07 08:36:38,2012-06-04,train,457_6
457,528,42,Food & Drink Shop,40.74481848035928,-73.99515151977539,2012-06-07 15:33:51,2012-06-04,train,457_6
457,1362,222,Coffee Shop,40.743644,-73.992241,2012-06-07 15:43:51,2012-06-04,train,457_6
458,962,138,Gym / Fitness Center,40.74875738610102,-73.98948519043932,2012-06-07 12:24:59,2012-06-04,train,458_7
458,2593,273,Tanning Salon,40.74434648174866,-73.99543065278503,2012-06-08 08:56:03,2012-06-04,train,458_7
458,853,194,Mexican Restaurant,40.75557964275588,-73.97086143493652,2012-06-08 17:57:36,2012-06-04,train,458_7
458,190,157,Stadium,40.82827721161922,-73.92655344439045,2012-06-10 14:23:55,2012-06-04,train,458_7
460,1555,222,Coffee Shop,40.80780016884344,-73.94511222839355,2012-06-04 08:35:07,2012-06-04,train,460_9
460,1475,241,Airport,40.773839,-73.87122,2012-06-04 17:15:24,2012-06-04,train,460_9
460,1555,222,Coffee Shop,40.80780016884344,-73.94511222839355,2012-06-05 08:36:02,2012-06-04,train,460_9
460,4305,131,Café,40.75107822088142,-73.97971724534096,2012-06-05 09:40:52,2012-06-04,train,460_9
460,2202,61,Office,40.75137104083377,-73.97972872382876,2012-06-05 09:41:05,2012-06-04,train,460_9
460,2916,61,Office,40.75141159824277,-73.97994107572931,2012-06-05 09:41:16,2012-06-04,train,460_9
460,1555,222,Coffee Shop,40.80780016884344,-73.94511222839355,2012-06-06 08:36:28,2012-06-04,train,460_9
460,2202,61,Office,40.75137104083377,-73.97972872382876,2012-06-06 10:26:43,2012-06-04,train,460_9
460,2916,61,Office,40.75141159824277,-73.97994107572931,2012-06-06 10:26:57,2012-06-04,train,460_9
460,1712,210,Vegetarian / Vegan Restaurant,40.74755129813944,-73.98114057260048,2012-06-06 13:04:43,2012-06-04,train,460_9
460,4305,131,Café,40.75107822088142,-73.97971724534096,2012-06-06 15:42:57,2012-06-04,train,460_9
460,1555,222,Coffee Shop,40.80780016884344,-73.94511222839355,2012-06-07 08:40:25,2012-06-04,train,460_9
460,2202,61,Office,40.75137104083377,-73.97972872382876,2012-06-07 09:48:04,2012-06-04,train,460_9
460,1712,210,Vegetarian / Vegan Restaurant,40.74755129813944,-73.98114057260048,2012-06-08 18:49:22,2012-06-04,train,460_9
460,377,105,Taco Place,40.72144922191938,-73.99761378765106,2012-06-09 19:33:16,2012-06-04,train,460_9
460,41,42,Food & Drink Shop,40.780557679970805,-73.98171901702881,2012-06-09 20:28:55,2012-06-04,train,460_9
461,4253,6,Home (private),40.79012656060537,-73.84778739924586,2012-06-04 00:55:45,2012-06-04,train,461_9
461,4253,6,Home (private),40.79012656060537,-73.84778739924586,2012-06-04 22:57:34,2012-06-04,train,461_9
461,4672,300,Moving Target,40.78982,-73.84712,2012-06-06 11:12:23,2012-06-04,train,461_9
461,1737,254,Department Store,40.78292986145215,-73.83085012435913,2012-06-06 12:39:42,2012-06-04,train,461_9
461,3253,6,Home (private),40.79012656060537,-73.84778739924586,2012-06-06 17:10:49,2012-06-04,train,461_9
461,4461,6,Home (private),40.79012656060537,-73.84778739924586,2012-06-07 01:07:15,2012-06-04,train,461_9
461,4253,6,Home (private),40.79012656060537,-73.84778739924586,2012-06-07 01:07:34,2012-06-04,train,461_9
461,4075,96,Deli / Bodega,40.78969237045133,-73.84696900073686,2012-06-08 10:16:00,2012-06-04,train,461_9
461,4587,121,Park,40.78877965590445,-73.84654400648652,2012-06-08 10:38:22,2012-06-04,train,461_9
461,1289,254,Department Store,40.782978604018936,-73.83175134658813,2012-06-08 11:34:10,2012-06-04,train,461_9
461,1737,254,Department Store,40.78292986145215,-73.83085012435913,2012-06-08 12:03:36,2012-06-04,train,461_9
461,4461,6,Home (private),40.79012656060537,-73.84778739924586,2012-06-09 01:01:06,2012-06-04,train,461_9
461,4253,6,Home (private),40.79012656060537,-73.84778739924586,2012-06-09 01:01:27,2012-06-04,train,461_9
461,3958,19,Bank,40.784130873393686,-73.84579739274713,2012-06-09 10:19:10,2012-06-04,train,461_9
461,4461,6,Home (private),40.79012656060537,-73.84778739924586,2012-06-09 23:33:17,2012-06-04,train,461_9
461,4253,6,Home (private),40.79012656060537,-73.84778739924586,2012-06-09 23:33:37,2012-06-04,train,461_9
461,4075,96,Deli / Bodega,40.78969237045133,-73.84696900073686,2012-06-10 08:31:40,2012-06-04,train,461_9
461,4587,121,Park,40.78877965590445,-73.84654400648652,2012-06-10 09:02:16,2012-06-04,train,461_9
461,1779,26,Drugstore / Pharmacy,40.78526853551638,-73.84581462232683,2012-06-10 09:13:14,2012-06-04,train,461_9
461,3941,83,Church,40.78593558615825,-73.8466215133667,2012-06-10 09:17:31,2012-06-04,train,461_9
461,3253,6,Home (private),40.79012656060537,-73.84778739924586,2012-06-10 12:13:39,2012-06-04,train,461_9
461,4461,6,Home (private),40.79012656060537,-73.84778739924586,2012-06-10 19:00:04,2012-06-04,train,461_9
461,4253,6,Home (private),40.79012656060537,-73.84778739924586,2012-06-10 23:50:31,2012-06-04,train,461_9
463,2459,81,Taxi,40.7213294506073,-74.04318456,2012-06-04 00:24:00,2012-06-04,train,463_9
463,1521,70,Train Station,40.71948548899754,-74.0427017211914,2012-06-04 08:04:57,2012-06-04,train,463_9
463,1386,264,Subway,40.7429651739036,-73.99287700653076,2012-06-04 08:06:47,2012-06-04,train,463_9
463,1118,54,Food & Drink Shop,40.746858397620215,-73.94391251429022,2012-06-04 17:30:36,2012-06-04,train,463_9
463,1064,70,Train Station,40.74911014966418,-73.98845672607422,2012-06-04 17:31:52,2012-06-04,train,463_9
463,2297,26,Drugstore / Pharmacy,40.719675852720286,-74.04269509208234,2012-06-04 18:32:21,2012-06-04,train,463_9
463,2433,6,Home (private),40.72966216538398,-74.04763775758458,2012-06-04 21:38:55,2012-06-04,train,463_9
463,2433,6,Home (private),40.72966216538398,-74.04763775758458,2012-06-05 06:03:07,2012-06-04,train,463_9
463,1521,70,Train Station,40.71948548899754,-74.0427017211914,2012-06-05 08:00:59,2012-06-04,train,463_9
463,1386,264,Subway,40.7429651739036,-73.99287700653076,2012-06-05 08:01:31,2012-06-04,train,463_9
463,1521,70,Train Station,40.71948548899754,-74.0427017211914,2012-06-06 08:04:28,2012-06-04,train,463_9
463,1386,264,Subway,40.7429651739036,-73.99287700653076,2012-06-06 08:06:25,2012-06-04,train,463_9
463,1797,264,Subway,40.74803725830298,-73.94687175750732,2012-06-06 09:09:06,2012-06-04,train,463_9
463,1118,54,Food & Drink Shop,40.746858397620215,-73.94391251429022,2012-06-06 09:10:00,2012-06-04,train,463_9
463,1569,61,Office,40.74722445029306,-73.9438247680664,2012-06-06 09:57:43,2012-06-04,train,463_9
463,1064,70,Train Station,40.74911014966418,-73.98845672607422,2012-06-06 18:04:42,2012-06-04,train,463_9
463,1521,70,Train Station,40.71948548899754,-74.0427017211914,2012-06-06 18:05:16,2012-06-04,train,463_9
463,2433,6,Home (private),40.72966216538398,-74.04763775758458,2012-06-06 22:03:42,2012-06-04,train,463_9
463,2433,6,Home (private),40.72966216538398,-74.04763775758458,2012-06-07 07:19:12,2012-06-04,train,463_9
463,1521,70,Train Station,40.71948548899754,-74.0427017211914,2012-06-07 08:01:47,2012-06-04,train,463_9
463,1386,264,Subway,40.7429651739036,-73.99287700653076,2012-06-07 08:02:24,2012-06-04,train,463_9
463,1797,264,Subway,40.74803725830298,-73.94687175750732,2012-06-07 09:15:00,2012-06-04,train,463_9
463,1118,54,Food & Drink Shop,40.746858397620215,-73.94391251429022,2012-06-07 09:15:35,2012-06-04,train,463_9
463,1569,61,Office,40.74722445029306,-73.9438247680664,2012-06-07 09:30:20,2012-06-04,train,463_9
463,1797,264,Subway,40.74803725830298,-73.94687175750732,2012-06-07 17:32:33,2012-06-04,train,463_9
463,1064,70,Train Station,40.74911014966418,-73.98845672607422,2012-06-07 17:33:01,2012-06-04,train,463_9
463,2297,26,Drugstore / Pharmacy,40.719675852720286,-74.04269509208234,2012-06-07 18:28:37,2012-06-04,train,463_9
463,1790,138,Gym / Fitness Center,40.72702451643517,-74.05069853119814,2012-06-07 19:59:32,2012-06-04,train,463_9
463,2433,6,Home (private),40.72966216538398,-74.04763775758458,2012-06-08 07:49:13,2012-06-04,train,463_9
463,1521,70,Train Station,40.71948548899754,-74.0427017211914,2012-06-08 08:01:24,2012-06-04,train,463_9
463,1386,264,Subway,40.7429651739036,-73.99287700653076,2012-06-08 08:03:17,2012-06-04,train,463_9
463,1797,264,Subway,40.74803725830298,-73.94687175750732,2012-06-08 11:27:38,2012-06-04,train,463_9
463,1569,61,Office,40.74722445029306,-73.9438247680664,2012-06-08 11:31:13,2012-06-04,train,463_9
463,1521,70,Train Station,40.71948548899754,-74.0427017211914,2012-06-08 18:35:32,2012-06-04,train,463_9
463,935,214,Bar,40.718889,-74.043618,2012-06-08 18:52:50,2012-06-04,train,463_9
463,2433,6,Home (private),40.72966216538398,-74.04763775758458,2012-06-10 09:05:37,2012-06-04,train,463_9
465,3281,202,Pizza Place,40.689494,-73.99246394634247,2012-06-07 20:35:48,2012-06-04,train,465_6
465,8,39,Beer Garden,40.77300701660423,-73.9158862978038,2012-06-08 23:23:48,2012-06-04,train,465_6
465,952,141,Bagel Shop,40.76489500515031,-73.916954,2012-06-09 11:39:27,2012-06-04,train,465_6
465,11,37,Bar,40.72988845526377,-74.00061269591029,2012-06-09 21:59:33,2012-06-04,train,465_6
465,1099,37,Bar,40.750576116091054,-73.97616462044513,2012-06-10 00:32:39,2012-06-04,train,465_6
465,1218,138,Gym / Fitness Center,40.77548,-73.911166,2012-06-10 10:16:25,2012-06-04,train,465_6
466,4156,214,Bar,40.91142073810325,-73.98678302764893,2012-06-04 06:22:08,2012-06-04,train,466_9
466,2490,80,Building,40.91038528671884,-73.99745642940763,2012-06-04 08:18:26,2012-06-04,train,466_9
466,4754,213,Bar,40.91142654418945,-73.9869384765625,2012-06-04 09:21:22,2012-06-04,train,466_9
466,3400,120,Other Great Outdoors,40.65546536280243,-74.00687342695198,2012-06-04 19:37:20,2012-06-04,train,466_9
466,4156,214,Bar,40.91142073810325,-73.98678302764893,2012-06-05 07:01:31,2012-06-04,train,466_9
466,4156,214,Bar,40.91142073810325,-73.98678302764893,2012-06-06 08:02:16,2012-06-04,train,466_9
466,4900,136,Office,40.91147606446024,-73.98685099330098,2012-06-06 08:08:59,2012-06-04,train,466_9
466,4754,213,Bar,40.91142654418945,-73.9869384765625,2012-06-06 09:31:19,2012-06-04,train,466_9
466,2490,80,Building,40.91038528671884,-73.99745642940763,2012-06-06 11:43:07,2012-06-04,train,466_9
466,4154,73,Bus Station,40.75776200926506,-73.99482808053631,2012-06-06 11:43:39,2012-06-04,train,466_9
466,2851,96,Deli / Bodega,40.65570343098834,-74.00666684331117,2012-06-06 12:35:43,2012-06-04,train,466_9
466,4571,73,Bus Station,40.88989838302784,-74.00288517558319,2012-06-06 18:29:50,2012-06-04,train,466_9
466,3509,73,Bus Station,40.91012006944042,-73.99780075191677,2012-06-06 20:47:50,2012-06-04,train,466_9
466,3952,61,Office,40.91141476666667,-73.9868099,2012-06-06 20:48:10,2012-06-04,train,466_9
466,4156,214,Bar,40.91142073810325,-73.98678302764893,2012-06-07 05:45:26,2012-06-04,train,466_9
466,4754,213,Bar,40.91142654418945,-73.9869384765625,2012-06-07 08:07:46,2012-06-04,train,466_9
466,4900,136,Office,40.91147606446024,-73.98685099330098,2012-06-07 08:57:33,2012-06-04,train,466_9
466,3952,61,Office,40.91141476666667,-73.9868099,2012-06-07 12:08:30,2012-06-04,train,466_9
466,2851,96,Deli / Bodega,40.65570343098834,-74.00666684331117,2012-06-07 19:11:17,2012-06-04,train,466_9
466,587,266,Bus Station,40.75722129839836,-73.99154663085938,2012-06-07 19:11:38,2012-06-04,train,466_9
466,4900,136,Office,40.91147606446024,-73.98685099330098,2012-06-08 08:32:32,2012-06-04,train,466_9
466,2490,80,Building,40.91038528671884,-73.99745642940763,2012-06-08 17:47:02,2012-06-04,train,466_9
466,4100,139,Medical Center,40.87857912841788,-74.04712736606598,2012-06-08 18:48:08,2012-06-04,train,466_9
466,1240,42,Food & Drink Shop,40.87627696797496,-74.03878791437232,2012-06-08 19:31:05,2012-06-04,train,466_9
466,2490,80,Building,40.91038528671884,-73.99745642940763,2012-06-09 09:59:43,2012-06-04,train,466_9
466,2164,254,Department Store,40.89833308654691,-74.03883934020996,2012-06-09 10:38:13,2012-06-04,train,466_9
466,3952,61,Office,40.91141476666667,-73.9868099,2012-06-09 18:07:26,2012-06-04,train,466_9
466,2851,96,Deli / Bodega,40.65570343098834,-74.00666684331117,2012-06-09 19:44:10,2012-06-04,train,466_9
466,4156,214,Bar,40.91142073810325,-73.98678302764893,2012-06-10 10:27:13,2012-06-04,train,466_9
466,2851,96,Deli / Bodega,40.65570343098834,-74.00666684331117,2012-06-10 13:39:15,2012-06-04,train,466_9
468,1917,264,Subway,40.82650767315227,-73.95039081573486,2012-06-04 19:27:55,2012-06-04,train,468_9
468,3948,96,Deli / Bodega,40.82723996688574,-73.94570922281969,2012-06-04 19:46:50,2012-06-04,train,468_9
468,3801,96,Deli / Bodega,40.8284424230666,-73.94511223525481,2012-06-04 21:51:34,2012-06-04,train,468_9
468,2439,96,Deli / Bodega,40.826860912891306,-73.94619714398068,2012-06-04 22:14:04,2012-06-04,train,468_9
468,4288,224,Arcade,40.8276361255471,-73.94684493541718,2012-06-04 23:44:41,2012-06-04,train,468_9
468,4477,146,Movie Theater,40.82710106296194,-73.94621436470506,2012-06-05 05:56:25,2012-06-04,train,468_9
468,3407,301,Neighborhood,40.82507881379304,-73.92013549804688,2012-06-05 09:11:17,2012-06-04,train,468_9
468,3948,96,Deli / Bodega,40.82723996688574,-73.94570922281969,2012-06-06 09:25:26,2012-06-04,train,468_9
468,2439,96,Deli / Bodega,40.826860912891306,-73.94619714398068,2012-06-06 09:41:58,2012-06-04,train,468_9
468,1917,264,Subway,40.82650767315227,-73.95039081573486,2012-06-06 09:43:45,2012-06-04,train,468_9
468,4535,130,Burger Joint,40.69211070019279,-73.98889981642176,2012-06-06 17:06:54,2012-06-04,train,468_9
468,3868,96,Deli / Bodega,40.82709357391867,-73.9464324937478,2012-06-07 00:10:37,2012-06-04,train,468_9
468,3801,96,Deli / Bodega,40.8284424230666,-73.94511223525481,2012-06-07 00:52:46,2012-06-04,train,468_9
468,4288,224,Arcade,40.8276361255471,-73.94684493541718,2012-06-07 01:38:15,2012-06-04,train,468_9
468,4477,146,Movie Theater,40.82710106296194,-73.94621436470506,2012-06-07 02:28:16,2012-06-04,train,468_9
468,3948,96,Deli / Bodega,40.82723996688574,-73.94570922281969,2012-06-07 09:39:36,2012-06-04,train,468_9
468,2439,96,Deli / Bodega,40.826860912891306,-73.94619714398068,2012-06-07 09:44:05,2012-06-04,train,468_9
468,1917,264,Subway,40.82650767315227,-73.95039081573486,2012-06-07 09:45:22,2012-06-04,train,468_9
468,4535,130,Burger Joint,40.69211070019279,-73.98889981642176,2012-06-07 10:57:47,2012-06-04,train,468_9
468,3101,37,Bar,40.72788438327404,-73.9850948417952,2012-06-07 20:27:23,2012-06-04,train,468_9
468,3948,96,Deli / Bodega,40.82723996688574,-73.94570922281969,2012-06-08 07:41:35,2012-06-04,train,468_9
468,2439,96,Deli / Bodega,40.826860912891306,-73.94619714398068,2012-06-08 08:02:23,2012-06-04,train,468_9
468,1917,264,Subway,40.82650767315227,-73.95039081573486,2012-06-08 08:04:01,2012-06-04,train,468_9
468,2928,73,Bus Station,40.80463955350257,-73.93786213355276,2012-06-08 08:28:49,2012-06-04,train,468_9
468,3410,6,Home (private),40.824777351716186,-73.88307005845945,2012-06-08 08:54:29,2012-06-04,train,468_9
468,1410,264,Subway,40.693216517472514,-73.98999899625778,2012-06-08 10:18:08,2012-06-04,train,468_9
468,3617,73,Bus Station,40.82714317745919,-73.94646693515313,2012-06-08 20:11:49,2012-06-04,train,468_9
468,3801,96,Deli / Bodega,40.8284424230666,-73.94511223525481,2012-06-08 23:42:14,2012-06-04,train,468_9
468,3868,96,Deli / Bodega,40.82709357391867,-73.9464324937478,2012-06-09 00:45:45,2012-06-04,train,468_9
468,4288,224,Arcade,40.8276361255471,-73.94684493541718,2012-06-09 01:30:28,2012-06-04,train,468_9
468,3948,96,Deli / Bodega,40.82723996688574,-73.94570922281969,2012-06-09 10:47:08,2012-06-04,train,468_9
468,2356,42,Food & Drink Shop,40.82678514278458,-73.9498134624527,2012-06-09 10:56:40,2012-06-04,train,468_9
468,2439,96,Deli / Bodega,40.826860912891306,-73.94619714398068,2012-06-09 16:12:35,2012-06-04,train,468_9
468,2930,19,Bank,40.82589800029204,-73.95093852551646,2012-06-09 20:02:37,2012-06-04,train,468_9
468,3801,96,Deli / Bodega,40.8284424230666,-73.94511223525481,2012-06-10 02:56:02,2012-06-04,train,468_9
468,4288,224,Arcade,40.8276361255471,-73.94684493541718,2012-06-10 03:08:55,2012-06-04,train,468_9
468,4477,146,Movie Theater,40.82710106296194,-73.94621436470506,2012-06-10 03:16:00,2012-06-04,train,468_9
468,3948,96,Deli / Bodega,40.82723996688574,-73.94570922281969,2012-06-10 13:47:27,2012-06-04,train,468_9
468,2439,96,Deli / Bodega,40.826860912891306,-73.94619714398068,2012-06-10 15:28:11,2012-06-04,train,468_9
468,2930,19,Bank,40.82589800029204,-73.95093852551646,2012-06-10 17:40:59,2012-06-04,train,468_9
468,4149,282,Convenience Store,40.82639152934086,-73.94816603686832,2012-06-10 17:50:25,2012-06-04,train,468_9
468,1917,264,Subway,40.82650767315227,-73.95039081573486,2012-06-10 18:47:36,2012-06-04,train,468_9
468,1404,256,Furniture / Home Store,40.77269419000318,-73.9820645818322,2012-06-10 20:02:29,2012-06-04,train,468_9
468,884,121,Park,40.82540355725982,-73.95661354064941,2012-06-10 21:01:00,2012-06-04,train,468_9
468,3061,263,Laundry Service,40.827674576787246,-73.9459503134295,2012-06-10 22:53:15,2012-06-04,train,468_9
469,2463,262,Light Rail,40.71509635681654,-74.04848322272301,2012-06-04 08:46:56,2012-06-04,train,469_6
469,2201,262,Light Rail,40.710277939678456,-74.05594646930695,2012-06-05 08:26:10,2012-06-04,train,469_6
469,2362,301,Neighborhood,40.717891692153806,-73.99794101715088,2012-06-05 09:25:16,2012-06-04,train,469_6
469,2201,262,Light Rail,40.710277939678456,-74.05594646930695,2012-06-06 08:39:32,2012-06-04,train,469_6
469,3361,61,Office,40.72814632902986,-74.00120951136526,2012-06-06 11:23:31,2012-06-04,train,469_6
469,2201,262,Light Rail,40.710277939678456,-74.05594646930695,2012-06-07 08:37:23,2012-06-04,train,469_6
469,3361,61,Office,40.72814632902986,-74.00120951136526,2012-06-07 09:26:51,2012-06-04,train,469_6
469,3361,61,Office,40.72814632902986,-74.00120951136526,2012-06-08 09:20:34,2012-06-04,train,469_6
470,804,70,Train Station,40.73420076077984,-74.16483829470191,2012-06-05 08:28:24,2012-06-04,train,470_5
470,2765,138,Gym / Fitness Center,40.83913874959545,-74.15647029876709,2012-06-06 05:56:36,2012-06-04,train,470_5
470,2765,138,Gym / Fitness Center,40.83913874959545,-74.15647029876709,2012-06-10 08:56:45,2012-06-04,train,470_5
471,2976,26,Drugstore / Pharmacy,40.78131515421472,-74.02185014594022,2012-06-06 07:13:30,2012-06-04,train,471_9
471,3536,276,College & University,40.74467151923719,-73.93426855422129,2012-06-06 10:37:32,2012-06-04,train,471_9
471,2165,26,Drugstore / Pharmacy,40.75616479199092,-73.99060249328613,2012-06-06 11:07:19,2012-06-04,train,471_9
471,4688,73,Bus Station,40.75799810566981,-73.99702028667451,2012-06-06 11:17:09,2012-06-04,train,471_9
471,2127,21,French Restaurant,40.76581089317222,-73.97978611625746,2012-06-06 14:10:51,2012-06-04,train,471_9
471,1280,259,Hotel,40.76537005568367,-73.97605687379837,2012-06-06 17:33:35,2012-06-04,train,471_9
471,2165,26,Drugstore / Pharmacy,40.75616479199092,-73.99060249328613,2012-06-06 23:41:22,2012-06-04,train,471_9
471,3337,317,City,40.76764882581845,-74.0241223730601,2012-06-06 23:47:47,2012-06-04,train,471_9
471,3714,73,Bus Station,40.77146514591604,-74.02074845031993,2012-06-06 23:50:23,2012-06-04,train,471_9
471,3925,6,Home (private),40.77408299729016,-74.01238511084367,2012-06-07 06:54:20,2012-06-04,train,471_9
471,4688,73,Bus Station,40.75799810566981,-73.99702028667451,2012-06-07 07:12:34,2012-06-04,train,471_9
471,587,266,Bus Station,40.75722129839836,-73.99154663085938,2012-06-07 07:13:06,2012-06-04,train,471_9
471,2976,26,Drugstore / Pharmacy,40.78131515421472,-74.02185014594022,2012-06-08 11:45:29,2012-06-04,train,471_9
471,3328,135,Post Office,40.78137523354071,-74.02031236071267,2012-06-08 18:42:14,2012-06-04,train,471_9
477,587,266,Bus Station,40.75722129839836,-73.99154663085938,2012-06-04 17:23:37,2012-06-04,train,477_9
477,3629,170,College Academic Building,40.77111685811769,-73.98942232131958,2012-06-05 09:42:54,2012-06-04,train,477_9
477,3629,170,College Academic Building,40.77111685811769,-73.98942232131958,2012-06-07 10:40:32,2012-06-04,train,477_9
478,2283,264,Subway,40.74590514014295,-73.99804159998894,2012-06-07 19:28:34,2012-06-04,train,478_5
478,1279,42,Food & Drink Shop,40.75951196740602,-73.9949830278669,2012-06-10 12:41:09,2012-06-04,train,478_5
478,922,288,Ferry,40.76318618108141,-74.00068759918213,2012-06-10 18:22:23,2012-06-04,train,478_5
479,1966,146,Movie Theater,40.74097362475528,-73.7843406200409,2012-06-08 19:21:43,2012-06-04,train,479_2
479,740,227,Beach,40.57334843776636,-73.98030281066895,2012-06-09 13:40:24,2012-06-04,train,479_2
480,2168,138,Gym / Fitness Center,40.755312350357976,-73.98122092140568,2012-06-06 07:59:00,2012-06-04,train,480_9
480,2168,138,Gym / Fitness Center,40.755312350357976,-73.98122092140568,2012-06-07 09:13:31,2012-06-04,train,480_9
480,1881,26,Drugstore / Pharmacy,40.754877,-73.979882,2012-06-07 09:16:56,2012-06-04,train,480_9
480,3793,61,Office,40.75492074998187,-73.98023377661316,2012-06-07 17:03:30,2012-06-04,train,480_9
480,338,37,Bar,40.744928040482485,-73.98279345554494,2012-06-08 18:09:21,2012-06-04,train,480_9
480,1064,70,Train Station,40.74911014966418,-73.98845672607422,2012-06-09 02:55:09,2012-06-04,train,480_9
482,2405,299,Housing Development,40.648726619766585,-73.88478406900819,2012-06-04 04:32:39,2012-06-04,train,482_9
482,3510,70,Train Station,40.65059217489343,-73.89949321746826,2012-06-04 09:59:04,2012-06-04,train,482_9
482,2912,264,Subway,40.68036952800187,-73.94965589046478,2012-06-04 10:32:15,2012-06-04,train,482_9
482,1913,264,Subway,40.69147464622913,-73.98738384246826,2012-06-04 10:49:31,2012-06-04,train,482_9
482,4940,281,Residential Building (Apartment / Condo),40.590357149679136,-73.98456684539201,2012-06-04 18:24:42,2012-06-04,train,482_9
482,2955,301,Neighborhood,40.64365659494853,-73.90067338943481,2012-06-04 22:57:27,2012-06-04,train,482_9
482,2405,299,Housing Development,40.648726619766585,-73.88478406900819,2012-06-05 10:05:43,2012-06-04,train,482_9
482,2405,299,Housing Development,40.648726619766585,-73.88478406900819,2012-06-06 08:47:53,2012-06-04,train,482_9
482,3119,26,Drugstore / Pharmacy,40.63730038221779,-73.89276087284088,2012-06-06 10:05:57,2012-06-04,train,482_9
482,2320,264,Subway,40.646098782777614,-73.9026689529419,2012-06-06 10:12:40,2012-06-04,train,482_9
482,996,264,Subway,40.67837610578439,-73.90339851379395,2012-06-06 10:22:05,2012-06-04,train,482_9
482,2040,264,Subway,40.76526206059751,-73.98003290350556,2012-06-06 10:57:27,2012-06-04,train,482_9
482,1460,42,Food & Drink Shop,40.76597841669596,-73.98156527304751,2012-06-06 11:04:08,2012-06-04,train,482_9
482,1194,222,Coffee Shop,40.76900427024065,-73.98231983184814,2012-06-06 11:10:30,2012-06-04,train,482_9
482,2882,140,Medical Center,40.76530401543906,-73.98024525507012,2012-06-06 11:14:45,2012-06-04,train,482_9
482,2040,264,Subway,40.76526206059751,-73.98003290350556,2012-06-06 19:21:57,2012-06-04,train,482_9
482,3510,70,Train Station,40.65059217489343,-73.89949321746826,2012-06-06 20:26:22,2012-06-04,train,482_9
482,2664,94,Caribbean Restaurant,40.645267367362976,-73.90237390995026,2012-06-06 20:36:47,2012-06-04,train,482_9
482,4520,283,Rest Area,40.64244028555888,-73.8873737181129,2012-06-06 21:08:53,2012-06-04,train,482_9
482,2955,301,Neighborhood,40.64365659494853,-73.90067338943481,2012-06-06 23:04:56,2012-06-04,train,482_9
482,4520,283,Rest Area,40.64244028555888,-73.8873737181129,2012-06-07 05:09:06,2012-06-04,train,482_9
482,4035,96,Deli / Bodega,40.64906765955578,-73.89617597185178,2012-06-07 06:09:53,2012-06-04,train,482_9
482,3510,70,Train Station,40.65059217489343,-73.89949321746826,2012-06-07 06:15:26,2012-06-04,train,482_9
482,996,264,Subway,40.67837610578439,-73.90339851379395,2012-06-07 06:26:22,2012-06-04,train,482_9
482,1899,264,Subway,40.76487640472523,-73.97264242172241,2012-06-07 07:06:31,2012-06-04,train,482_9
482,2418,140,Medical Center,40.76245410504188,-73.97216999131817,2012-06-07 07:12:24,2012-06-04,train,482_9
482,2320,264,Subway,40.646098782777614,-73.9026689529419,2012-06-07 18:37:50,2012-06-04,train,482_9
482,2405,299,Housing Development,40.64948659088982,-73.88456012878386,2012-06-07 18:58:13,2012-06-04,train,482_9
482,996,264,Subway,40.67837610578439,-73.90339851379395,2012-06-08 07:08:01,2012-06-04,train,482_9
482,1899,264,Subway,40.76487640472523,-73.97264242172241,2012-06-08 07:52:49,2012-06-04,train,482_9
482,2418,140,Medical Center,40.76245410504188,-73.97216999131817,2012-06-08 07:58:48,2012-06-04,train,482_9
482,1637,256,Furniture / Home Store,40.76374688503551,-73.97148907184601,2012-06-08 11:12:38,2012-06-04,train,482_9
482,996,264,Subway,40.67837610578439,-73.90339851379395,2012-06-08 11:56:32,2012-06-04,train,482_9
482,2320,264,Subway,40.646098782777614,-73.9026689529419,2012-06-08 12:04:47,2012-06-04,train,482_9
482,3119,26,Drugstore / Pharmacy,40.63730038221779,-73.89276087284088,2012-06-08 15:17:49,2012-06-04,train,482_9
482,3329,121,Park,40.64250840735041,-73.88734500822203,2012-06-08 16:10:34,2012-06-04,train,482_9
482,4520,283,Rest Area,40.64244028555888,-73.8873737181129,2012-06-08 18:03:32,2012-06-04,train,482_9
482,2955,301,Neighborhood,40.64365659494853,-73.90067338943481,2012-06-08 19:29:49,2012-06-04,train,482_9
482,4520,283,Rest Area,40.64244028555888,-73.8873737181129,2012-06-09 07:38:52,2012-06-04,train,482_9
482,2405,299,Housing Development,40.64948659088982,-73.88456012878386,2012-06-09 09:29:59,2012-06-04,train,482_9
482,3329,121,Park,40.64250840735041,-73.88734500822203,2012-06-09 16:17:20,2012-06-04,train,482_9
482,3445,152,Food & Drink Shop,40.64261191193609,-73.88742539590584,2012-06-09 22:24:50,2012-06-04,train,482_9
482,2955,301,Neighborhood,40.64365659494853,-73.90067338943481,2012-06-09 22:54:36,2012-06-04,train,482_9
482,2405,299,Housing Development,40.64948659088982,-73.88456012878386,2012-06-10 07:35:06,2012-06-04,train,482_9
482,3119,26,Drugstore / Pharmacy,40.63730038221779,-73.89276087284088,2012-06-10 12:00:13,2012-06-04,train,482_9
482,4163,119,Other Great Outdoors,40.64249153855299,-73.88733352426452,2012-06-10 14:27:48,2012-06-04,train,482_9
482,3329,121,Park,40.64250840735041,-73.88734500822203,2012-06-10 15:56:40,2012-06-04,train,482_9
482,4520,283,Rest Area,40.64244028555888,-73.8873737181129,2012-06-10 18:58:19,2012-06-04,train,482_9
484,2169,138,Gym / Fitness Center,40.71391699388023,-73.8311574495556,2012-06-04 09:19:04,2012-06-04,train,484_9
484,3904,8,Medical Center,40.730633390952526,-73.88778139810844,2012-06-08 09:11:51,2012-06-04,train,484_9
484,3904,8,Medical Center,40.730633390952526,-73.88778139810844,2012-06-09 09:10:53,2012-06-04,train,484_9
484,754,37,Bar,40.780081,-73.95017,2012-06-09 22:35:56,2012-06-04,train,484_9
485,709,130,Burger Joint,40.760305214599946,-73.99120686837627,2012-06-04 20:24:27,2012-06-04,train,485_4
485,365,107,Cuban Restaurant,40.68647960590641,-73.97434294223785,2012-06-07 19:46:20,2012-06-04,train,485_4
485,1002,70,Train Station,40.69902344282463,-73.81001472473143,2012-06-08 21:34:50,2012-06-04,train,485_4
485,1002,70,Train Station,40.69902344282463,-73.81001472473143,2012-06-09 13:11:43,2012-06-04,train,485_4
486,1480,222,Coffee Shop,40.69238982068587,-73.99091631174088,2012-06-04 08:12:03,2012-06-04,train,486_9
486,2217,98,Donut Shop,40.65079702473058,-73.95877360445469,2012-06-07 11:28:26,2012-06-04,train,486_9
486,3195,22,Cosmetics Shop,40.638219,-73.975845,2012-06-07 19:10:25,2012-06-04,train,486_9
486,1229,222,Coffee Shop,40.74139632588608,-74.00481820106506,2012-06-08 10:10:12,2012-06-04,train,486_9
486,867,222,Coffee Shop,40.67196838568416,-73.97742153400876,2012-06-08 12:48:06,2012-06-04,train,486_9
486,1983,254,Department Store,40.631543741755145,-73.94687408770778,2012-06-08 16:06:37,2012-06-04,train,486_9
486,2217,98,Donut Shop,40.65079702473058,-73.95877360445469,2012-06-09 13:08:48,2012-06-04,train,486_9
486,3751,281,Residential Building (Apartment / Condo),40.65036206222911,-73.96493812432726,2012-06-10 04:00:29,2012-06-04,train,486_9
488,1097,61,Office,40.76321020137383,-73.98303449978644,2012-06-08 14:51:43,2012-06-04,train,488_9
488,2847,6,Home (private),40.7838175149908,-73.94186034276925,2012-06-08 23:39:05,2012-06-04,train,488_9
488,2847,6,Home (private),40.7838175149908,-73.94186034276925,2012-06-09 12:09:07,2012-06-04,train,488_9
488,542,223,Harbor / Marina,40.79111395573717,-73.92594451248924,2012-06-10 16:34:15,2012-06-04,train,488_9
489,833,61,Office,40.72400948503135,-73.99834018927032,2012-06-05 10:45:08,2012-06-04,train,489_9
489,833,61,Office,40.72400948503135,-73.99834018927032,2012-06-06 08:44:43,2012-06-04,train,489_9
489,833,61,Office,40.72400948503135,-73.99834018927032,2012-06-08 10:10:20,2012-06-04,train,489_9
489,4967,220,BBQ Joint,40.7418112381317,-73.98826278972687,2012-06-09 16:56:39,2012-06-04,train,489_9
489,33,246,Performing Arts Venue,40.77253079341116,-73.98344197864982,2012-06-09 19:52:25,2012-06-04,train,489_9
489,841,121,Park,40.79867385731181,-73.97318013525144,2012-06-10 09:00:27,2012-06-04,train,489_9
489,2468,97,Diner,40.78340103809933,-73.98000240325928,2012-06-10 10:54:52,2012-06-04,train,489_9
490,1235,137,Gym / Fitness Center,40.738949,-73.989828,2012-06-04 06:16:40,2012-06-04,train,490_8
490,890,222,Coffee Shop,40.7371935817703,-73.99653553962708,2012-06-04 07:25:39,2012-06-04,train,490_8
490,1997,61,Office,40.734311,-73.990991,2012-06-04 07:38:52,2012-06-04,train,490_8
490,1997,61,Office,40.734311,-73.990991,2012-06-05 08:30:03,2012-06-04,train,490_8
490,699,222,Coffee Shop,40.732876,-73.988193,2012-06-05 10:23:42,2012-06-04,train,490_8
490,669,137,Gym / Fitness Center,40.73757,-74.0017,2012-06-06 06:03:17,2012-06-04,train,490_8
490,1997,61,Office,40.734311,-73.990991,2012-06-06 08:28:16,2012-06-04,train,490_8
490,595,222,Coffee Shop,40.734658568881166,-74.00061843452929,2012-06-07 07:46:53,2012-06-04,train,490_8
490,1997,61,Office,40.734311,-73.990991,2012-06-07 08:27:05,2012-06-04,train,490_8
490,1997,61,Office,40.734311,-73.990991,2012-06-08 08:35:42,2012-06-04,train,490_8
490,3554,138,Gym / Fitness Center,40.74149913770269,-73.99548230174678,2012-06-09 09:49:09,2012-06-04,train,490_8
490,265,37,Bar,40.740727951827786,-74.00861104297583,2012-06-09 16:33:31,2012-06-04,train,490_8
490,669,137,Gym / Fitness Center,40.73757,-74.0017,2012-06-10 08:33:22,2012-06-04,train,490_8
490,1482,48,Bar,40.734692,-74.00214116,2012-06-10 14:05:20,2012-06-04,train,490_8
493,2536,42,Food & Drink Shop,40.87908693430124,-74.08500908544775,2012-06-06 17:39:10,2012-06-04,train,493_9
493,1477,317,City,40.71421605600625,-74.00596618652344,2012-06-07 00:30:34,2012-06-04,train,493_9
493,625,122,Plaza,40.756489872673846,-73.98626804351807,2012-06-07 00:30:56,2012-06-04,train,493_9
493,882,203,Food Truck,40.761869727120846,-73.97948741912842,2012-06-07 00:37:04,2012-06-04,train,493_9
493,987,257,Road,40.76117085825042,-74.01128768920898,2012-06-07 01:06:18,2012-06-04,train,493_9
493,3326,114,Cemetery,40.83537240790504,-74.13870334625244,2012-06-08 16:39:43,2012-06-04,train,493_9
495,1897,138,Gym / Fitness Center,40.74667352978544,-73.98154231629059,2012-06-04 19:24:14,2012-06-04,train,495_5
495,2205,27,Italian Restaurant,40.72154512476467,-73.98884242671608,2012-06-07 17:58:57,2012-06-04,train,495_5
497,1079,122,Plaza,40.75353970723301,-73.9715588092804,2012-06-05 07:26:35,2012-06-04,train,497_9
497,1261,138,Gym / Fitness Center,40.75367746344614,-73.9697479200717,2012-06-05 07:26:52,2012-06-04,train,497_9
497,3072,61,Office,40.75394115233734,-73.97507988021978,2012-06-05 09:42:41,2012-06-04,train,497_9
497,1250,222,Coffee Shop,40.752993578159135,-73.97476995331785,2012-06-05 09:48:06,2012-06-04,train,497_9
497,3072,61,Office,40.75394115233734,-73.97507988021978,2012-06-06 10:01:14,2012-06-04,train,497_9
497,1598,131,Café,40.75354110283189,-73.97441411070373,2012-06-06 10:02:49,2012-06-04,train,497_9
497,2268,208,Ramen /  Noodle House,40.754391,-73.973077,2012-06-06 13:34:01,2012-06-04,train,497_9
497,1598,131,Café,40.75354110283189,-73.97441411070373,2012-06-07 10:26:09,2012-06-04,train,497_9
497,2268,208,Ramen /  Noodle House,40.754391,-73.973077,2012-06-07 13:13:51,2012-06-04,train,497_9
497,1079,122,Plaza,40.75353970723301,-73.9715588092804,2012-06-08 12:34:58,2012-06-04,train,497_9
497,1304,197,Sandwich Place,40.754355134251306,-73.97592356759027,2012-06-08 13:24:17,2012-06-04,train,497_9
497,919,221,Bridge,40.85121557428245,-73.95206451416016,2012-06-10 19:21:12,2012-06-04,train,497_9
498,4247,266,Bus Station,40.6576026541245,-73.73595715705096,2012-06-04 06:49:00,2012-06-04,train,498_4
498,4247,266,Bus Station,40.6576026541245,-73.73595715705096,2012-06-06 06:50:44,2012-06-04,train,498_4
498,4876,281,Residential Building (Apartment / Condo),40.798426203927626,-73.96144836446048,2012-06-06 08:38:06,2012-06-04,train,498_4
498,4247,266,Bus Station,40.6576026541245,-73.73595715705096,2012-06-07 06:41:16,2012-06-04,train,498_4
498,4876,281,Residential Building (Apartment / Condo),40.798426203927626,-73.96144836446048,2012-06-07 14:55:43,2012-06-04,train,498_4
498,3353,266,Bus Station,40.70253724602918,-73.79992961883545,2012-06-08 07:17:30,2012-06-04,train,498_4
498,4876,281,Residential Building (Apartment / Condo),40.798426203927626,-73.96144836446048,2012-06-08 08:21:49,2012-06-04,train,498_4
498,3514,266,Bus Station,40.70274304822531,-73.79873780972557,2012-06-08 17:47:28,2012-06-04,train,498_4
500,2688,264,Subway,40.60189764651378,-73.99352073669434,2012-06-04 07:25:24,2012-06-04,train,500_9
500,1145,264,Subway,40.707149,-73.99057,2012-06-04 08:05:40,2012-06-04,train,500_9
500,4826,301,Neighborhood,40.74053450896559,-73.99484529691256,2012-06-04 09:45:51,2012-06-04,train,500_9
500,4735,27,Italian Restaurant,40.73710687747345,-73.99720966456215,2012-06-04 17:52:49,2012-06-04,train,500_9
500,1874,264,Subway,40.73158408988183,-74.00021553039551,2012-06-04 18:00:09,2012-06-04,train,500_9
500,1145,264,Subway,40.707149,-73.99057,2012-06-04 18:16:27,2012-06-04,train,500_9
500,2688,264,Subway,40.60189764651378,-73.99352073669434,2012-06-05 07:31:47,2012-06-04,train,500_9
500,1145,264,Subway,40.707149,-73.99057,2012-06-05 08:06:48,2012-06-04,train,500_9
500,2688,264,Subway,40.60189764651378,-73.99352073669434,2012-06-06 07:22:15,2012-06-04,train,500_9
500,1145,264,Subway,40.707149,-73.99057,2012-06-06 08:02:11,2012-06-04,train,500_9
500,4826,301,Neighborhood,40.74053450896559,-73.99484529691256,2012-06-06 08:51:20,2012-06-04,train,500_9
500,962,138,Gym / Fitness Center,40.74875738610102,-73.98948519043932,2012-06-06 14:27:28,2012-06-04,train,500_9
500,1874,264,Subway,40.73158408988183,-74.00021553039551,2012-06-06 17:51:40,2012-06-04,train,500_9
500,1145,264,Subway,40.707149,-73.99057,2012-06-06 18:07:16,2012-06-04,train,500_9
500,4510,120,Other Great Outdoors,40.75404836175849,-73.98442336785773,2012-06-06 20:09:32,2012-06-04,train,500_9
500,4010,6,Home (private),40.60259048645985,-73.98887973002674,2012-06-06 21:54:24,2012-06-04,train,500_9
500,2688,264,Subway,40.60189764651378,-73.99352073669434,2012-06-07 07:26:53,2012-06-04,train,500_9
500,1145,264,Subway,40.707149,-73.99057,2012-06-07 08:00:33,2012-06-04,train,500_9
500,4826,301,Neighborhood,40.74053450896559,-73.99484529691256,2012-06-07 09:06:56,2012-06-04,train,500_9
500,962,138,Gym / Fitness Center,40.74875738610102,-73.98948519043932,2012-06-07 13:54:00,2012-06-04,train,500_9
500,4010,6,Home (private),40.60259048645985,-73.98887973002674,2012-06-07 18:43:57,2012-06-04,train,500_9
500,1145,264,Subway,40.707149,-73.99057,2012-06-08 07:59:57,2012-06-04,train,500_9
500,4826,301,Neighborhood,40.74053450896559,-73.99484529691256,2012-06-08 09:22:18,2012-06-04,train,500_9
500,4010,6,Home (private),40.60259048645985,-73.98887973002674,2012-06-09 11:22:50,2012-06-04,train,500_9
500,2815,263,Laundry Service,40.606173,-73.98629386,2012-06-10 12:29:15,2012-06-04,train,500_9
500,4967,220,BBQ Joint,40.7418112381317,-73.98826278972687,2012-06-10 14:14:17,2012-06-04,train,500_9
500,4010,6,Home (private),40.60259048645985,-73.98887973002674,2012-06-10 17:58:20,2012-06-04,train,500_9
500,4084,6,Home (private),40.60259048645985,-73.98887973002674,2012-06-10 22:52:44,2012-06-04,train,500_9
501,4493,61,Office,40.73714562811485,-73.9927965372849,2012-06-06 08:59:10,2012-06-04,train,501_9
501,3567,301,Neighborhood,40.71849343626229,-73.98266315460205,2012-06-06 20:16:18,2012-06-04,train,501_9
501,231,93,Breakfast Spot,40.721294,-73.983994,2012-06-07 08:19:02,2012-06-04,train,501_9
501,4493,61,Office,40.73714562811485,-73.9927965372849,2012-06-07 08:51:30,2012-06-04,train,501_9
501,2226,96,Deli / Bodega,40.7386668,-73.995777,2012-06-08 08:52:06,2012-06-04,train,501_9
501,4493,61,Office,40.73714562811485,-73.9927965372849,2012-06-08 09:00:27,2012-06-04,train,501_9
501,144,37,Bar,40.74939032832351,-73.98286232535908,2012-06-08 18:22:05,2012-06-04,train,501_9
501,179,121,Park,40.75372797263211,-73.98368835767094,2012-06-08 19:07:46,2012-06-04,train,501_9
501,3800,194,Mexican Restaurant,40.722340607446,-73.98782908916473,2012-06-10 21:28:00,2012-06-04,train,501_9
502,2702,257,Road,40.72737259531574,-74.02115821838379,2012-06-06 14:45:33,2012-06-04,train,502_2
502,570,39,Beer Garden,40.71653437713537,-73.96144836446048,2012-06-06 22:22:46,2012-06-04,train,502_2
502,513,37,Bar,40.71936953474936,-73.98957701365262,2012-06-09 01:10:42,2012-06-04,train,502_2
502,1682,58,Electronics Store,40.77473050116933,-73.98209327769995,2012-06-09 20:52:16,2012-06-04,train,502_2
502,303,48,Bar,40.721502075213984,-73.98914337158203,2012-06-10 20:27:33,2012-06-04,train,502_2
502,3370,211,Bar,40.72036368727871,-73.9870834350586,2012-06-10 20:40:11,2012-06-04,train,502_2
506,3715,37,Bar,40.73670404816863,-73.95522059339255,2012-06-06 21:56:04,2012-06-04,train,506_5
506,3730,255,Flea Market,40.72059136642329,-73.96331906318665,2012-06-09 11:45:20,2012-06-04,train,506_5
506,204,37,Bar,40.719119,-73.958428,2012-06-09 12:33:39,2012-06-04,train,506_5
506,94,47,Bar,40.71943413417108,-73.95592660887341,2012-06-09 20:12:47,2012-06-04,train,506_5
507,1265,222,Coffee Shop,40.74400563300867,-73.97669792175293,2012-06-04 08:34:39,2012-06-04,train,507_9
507,929,163,Medical Center,40.741933755026,-73.97469534121134,2012-06-04 08:41:06,2012-06-04,train,507_9
507,3950,301,Neighborhood,40.69451704430084,-73.73847484588623,2012-06-04 19:09:30,2012-06-04,train,507_9
507,929,163,Medical Center,40.741933755026,-73.97469534121134,2012-06-07 08:57:24,2012-06-04,train,507_9
507,918,130,Burger Joint,40.762404872356775,-73.98765445595464,2012-06-07 18:10:12,2012-06-04,train,507_9
507,357,70,Train Station,40.750794799423865,-73.99357639021292,2012-06-07 20:22:26,2012-06-04,train,507_9
507,1265,222,Coffee Shop,40.74400563300867,-73.97669792175293,2012-06-08 08:54:41,2012-06-04,train,507_9
507,929,163,Medical Center,40.741933755026,-73.97469534121134,2012-06-08 09:01:13,2012-06-04,train,507_9
507,357,70,Train Station,40.750794799423865,-73.99357639021292,2012-06-08 17:00:05,2012-06-04,train,507_9
507,3950,301,Neighborhood,40.69451704430084,-73.73847484588623,2012-06-08 21:40:01,2012-06-04,train,507_9
507,641,238,Music Venue,40.719172424771976,-73.96151661872864,2012-06-09 00:50:04,2012-06-04,train,507_9
507,3950,301,Neighborhood,40.69451704430084,-73.73847484588623,2012-06-09 16:43:15,2012-06-04,train,507_9
507,2218,132,Fast Food Restaurant,40.67394769045332,-73.72899244795049,2012-06-10 02:30:35,2012-06-04,train,507_9
508,3052,61,Office,40.739976243389016,-73.98656978057781,2012-06-06 14:13:01,2012-06-04,train,508_9
508,3038,301,Neighborhood,40.63382181425697,-74.0152359008789,2012-06-06 22:15:14,2012-06-04,train,508_9
508,3936,80,Building,40.74311584876924,-73.99978059433505,2012-06-07 09:48:15,2012-06-04,train,508_9
508,3052,61,Office,40.739976243389016,-73.98656978057781,2012-06-07 13:52:14,2012-06-04,train,508_9
508,3133,80,Building,40.7904090741916,-73.94028460469825,2012-06-07 19:21:09,2012-06-04,train,508_9
508,2359,257,Road,40.77114935894503,-73.99442195892334,2012-06-07 20:06:10,2012-06-04,train,508_9
508,3936,80,Building,40.74311584876924,-73.99978059433505,2012-06-08 14:24:23,2012-06-04,train,508_9
508,3642,301,Neighborhood,40.71623280185079,-73.85018348693848,2012-06-09 11:55:00,2012-06-04,train,508_9
508,3038,301,Neighborhood,40.63382181425697,-74.0152359008789,2012-06-10 08:20:04,2012-06-04,train,508_9
508,826,130,Burger Joint,40.713240189310966,-74.01618003845215,2012-06-10 19:44:54,2012-06-04,train,508_9
509,140,101,Wings Joint,40.76526318064232,-73.9815824906134,2012-06-04 21:09:57,2012-06-04,train,509_9
509,1194,222,Coffee Shop,40.76900427024065,-73.98231983184814,2012-06-06 17:42:52,2012-06-04,train,509_9
509,1658,183,University,40.769668523860375,-73.98251831531525,2012-06-06 18:20:47,2012-06-04,train,509_9
509,288,288,Ferry,40.70145732419213,-74.01321428847186,2012-06-06 21:22:16,2012-06-04,train,509_9
509,2919,285,Ferry,40.6997717683002,-74.01339054107666,2012-06-06 21:47:40,2012-06-04,train,509_9
509,3394,83,Church,40.681168,-74.212389,2012-06-07 05:23:13,2012-06-04,train,509_9
509,2099,264,Subway,40.63167229840464,-74.0753173828125,2012-06-07 16:13:35,2012-06-04,train,509_9
509,985,288,Ferry,40.6444055420497,-74.0729570388794,2012-06-07 16:24:33,2012-06-04,train,509_9
509,1658,183,University,40.769668523860375,-73.98251831531525,2012-06-07 18:01:36,2012-06-04,train,509_9
509,524,102,American Restaurant,40.58414368954832,-73.93951538728527,2012-06-09 01:47:12,2012-06-04,train,509_9
509,2229,209,Sushi Restaurant,40.61178463885875,-74.1586801900948,2012-06-10 18:14:15,2012-06-04,train,509_9
509,2603,227,Beach,40.59029692668765,-74.06643390655518,2012-06-10 21:53:37,2012-06-04,train,509_9
510,2147,73,Bus Station,40.70934674544578,-73.95964980125427,2012-06-06 10:39:23,2012-06-04,train,510_8
510,1895,302,Athletic & Sport,40.59024368944973,-73.89894920251417,2012-06-06 18:09:59,2012-06-04,train,510_8
510,3692,73,Bus Station,40.63147850066373,-73.94704095767233,2012-06-08 09:47:19,2012-06-04,train,510_8
510,1895,302,Athletic & Sport,40.59024368944973,-73.89894920251417,2012-06-08 10:47:27,2012-06-04,train,510_8
510,2147,73,Bus Station,40.70934674544578,-73.95964980125427,2012-06-09 03:52:55,2012-06-04,train,510_8
510,1895,302,Athletic & Sport,40.59024368944973,-73.89894920251417,2012-06-09 08:20:40,2012-06-04,train,510_8
510,1400,264,Subway,40.708411471755454,-73.95790636539459,2012-06-10 14:05:26,2012-06-04,train,510_8
511,1751,264,Subway,40.75885710200309,-73.98109465898243,2012-06-04 09:11:40,2012-06-04,train,511_9
511,1751,264,Subway,40.75885710200309,-73.98109465898243,2012-06-04 16:49:52,2012-06-04,train,511_9
511,2041,264,Subway,40.68990542829335,-73.95177657844081,2012-06-04 17:29:05,2012-06-04,train,511_9
511,3182,96,Deli / Bodega,40.69017075380169,-73.95138051278562,2012-06-04 17:30:41,2012-06-04,train,511_9
511,2317,26,Drugstore / Pharmacy,40.694928,-73.952353,2012-06-04 19:29:19,2012-06-04,train,511_9
511,2041,264,Subway,40.68990542829335,-73.95177657844081,2012-06-05 08:08:01,2012-06-04,train,511_9
511,1751,264,Subway,40.75885710200309,-73.98109465898243,2012-06-05 08:38:35,2012-06-04,train,511_9
511,2041,264,Subway,40.68990542829335,-73.95177657844081,2012-06-06 08:09:05,2012-06-04,train,511_9
511,1751,264,Subway,40.75885710200309,-73.98109465898243,2012-06-06 08:54:26,2012-06-04,train,511_9
511,1751,264,Subway,40.75885710200309,-73.98109465898243,2012-06-06 16:49:51,2012-06-04,train,511_9
511,2041,264,Subway,40.68990542829335,-73.95177657844081,2012-06-06 17:45:46,2012-06-04,train,511_9
511,2041,264,Subway,40.68990542829335,-73.95177657844081,2012-06-06 18:50:00,2012-06-04,train,511_9
511,1594,264,Subway,40.73822396962131,-73.99621367454529,2012-06-06 19:19:18,2012-06-04,train,511_9
511,1244,2,Gym / Fitness Center,40.83317787295196,-73.87470076304182,2012-06-06 19:21:09,2012-06-04,train,511_9
511,2041,264,Subway,40.68990542829335,-73.95177657844081,2012-06-07 08:09:35,2012-06-04,train,511_9
511,2041,264,Subway,40.68990542829335,-73.95177657844081,2012-06-07 17:51:07,2012-06-04,train,511_9
511,3182,96,Deli / Bodega,40.69017075380169,-73.95138051278562,2012-06-07 18:02:28,2012-06-04,train,511_9
511,3385,6,Home (private),40.696558013644136,-73.95361626406626,2012-06-07 20:01:00,2012-06-04,train,511_9
511,2041,264,Subway,40.68990542829335,-73.95177657844081,2012-06-08 08:07:18,2012-06-04,train,511_9
511,1751,264,Subway,40.75885710200309,-73.98109465898243,2012-06-08 08:38:40,2012-06-04,train,511_9
511,1213,61,Office,40.76058067659475,-73.98322389147832,2012-06-08 09:08:42,2012-06-04,train,511_9
511,2041,264,Subway,40.68990542829335,-73.95177657844081,2012-06-08 17:31:03,2012-06-04,train,511_9
511,192,121,Park,40.73528249691621,-73.99040315158283,2012-06-08 21:31:35,2012-06-04,train,511_9
511,2318,220,BBQ Joint,40.73559207942734,-73.98869276046753,2012-06-08 21:59:59,2012-06-04,train,511_9
511,1528,264,Subway,40.73573434642415,-73.99056762456905,2012-06-08 23:13:06,2012-06-04,train,511_9
511,2041,264,Subway,40.68990542829335,-73.95177657844081,2012-06-08 23:58:17,2012-06-04,train,511_9
511,3385,6,Home (private),40.696558013644136,-73.95361626406626,2012-06-09 00:28:19,2012-06-04,train,511_9
511,4344,96,Deli / Bodega,40.690030770685134,-73.95147809425428,2012-06-09 10:44:53,2012-06-04,train,511_9
511,2041,264,Subway,40.68990542829335,-73.95177657844081,2012-06-09 10:45:53,2012-06-04,train,511_9
511,1823,264,Subway,40.76799670467506,-73.98189067840576,2012-06-09 11:25:02,2012-06-04,train,511_9
511,3888,254,Department Store,40.773883557841096,-73.98221953946711,2012-06-09 11:34:04,2012-06-04,train,511_9
511,192,121,Park,40.73528249691621,-73.99040315158283,2012-06-09 14:28:35,2012-06-04,train,511_9
511,4585,6,Home (private),40.696558013644136,-73.95361626406626,2012-06-09 19:42:52,2012-06-04,train,511_9
511,2041,264,Subway,40.68990542829335,-73.95177657844081,2012-06-09 21:05:33,2012-06-04,train,511_9
511,1528,264,Subway,40.73573434642415,-73.99056762456905,2012-06-09 21:40:13,2012-06-04,train,511_9
511,406,147,Movie Theater,40.73416736029532,-73.99048715829849,2012-06-09 21:51:23,2012-06-04,train,511_9
511,1528,264,Subway,40.73573434642415,-73.99056762456905,2012-06-10 00:47:45,2012-06-04,train,511_9
511,2041,264,Subway,40.68990542829335,-73.95177657844081,2012-06-10 01:41:33,2012-06-04,train,511_9
511,3385,6,Home (private),40.696558013644136,-73.95361626406626,2012-06-10 01:56:21,2012-06-04,train,511_9
511,2041,264,Subway,40.68990542829335,-73.95177657844081,2012-06-10 09:48:59,2012-06-04,train,511_9
511,1855,42,Food & Drink Shop,40.68382329598686,-73.97582352161407,2012-06-10 10:34:24,2012-06-04,train,511_9
511,1719,264,Subway,40.68710604029088,-73.97541046142578,2012-06-10 11:03:18,2012-06-04,train,511_9
511,2041,264,Subway,40.68990542829335,-73.95177657844081,2012-06-10 11:14:57,2012-06-04,train,511_9
511,3385,6,Home (private),40.696558013644136,-73.95361626406626,2012-06-10 11:31:08,2012-06-04,train,511_9
511,2041,264,Subway,40.68990542829335,-73.95177657844081,2012-06-10 15:45:56,2012-06-04,train,511_9
511,2041,264,Subway,40.68990542829335,-73.95177657844081,2012-06-10 20:09:00,2012-06-04,train,511_9
512,2342,80,Building,40.70913498883405,-74.00492808882719,2012-06-04 08:37:54,2012-06-04,train,512_4
512,2342,80,Building,40.70913498883405,-74.00492808882719,2012-06-04 19:44:45,2012-06-04,train,512_4
512,4737,281,Residential Building (Apartment / Condo),40.70922057955228,-74.005140412829,2012-06-04 19:45:08,2012-06-04,train,512_4
512,2342,80,Building,40.70913498883405,-74.00492808882719,2012-06-05 02:56:07,2012-06-04,train,512_4
512,4737,281,Residential Building (Apartment / Condo),40.70922057955228,-74.005140412829,2012-06-05 02:56:20,2012-06-04,train,512_4
512,813,120,Other Great Outdoors,40.73166539024325,-73.97783517837524,2012-06-06 20:59:37,2012-06-04,train,512_4
512,2342,80,Building,40.70913498883405,-74.00492808882719,2012-06-07 13:47:04,2012-06-04,train,512_4
512,289,37,Bar,40.71945037152671,-73.98781514808185,2012-06-07 20:46:51,2012-06-04,train,512_4
512,2342,80,Building,40.70913498883405,-74.00492808882719,2012-06-08 14:16:09,2012-06-04,train,512_4
512,4737,281,Residential Building (Apartment / Condo),40.70922057955228,-74.005140412829,2012-06-08 14:16:27,2012-06-04,train,512_4
514,798,148,Museum,40.764421348741976,-73.99944305419922,2012-06-06 19:04:56,2012-06-04,train,514_3
514,4572,43,Bar,40.663748395411176,-73.94640953280752,2012-06-09 01:39:24,2012-06-04,train,514_3
514,4513,55,Bar,40.66409113218353,-73.94680560864548,2012-06-09 01:40:24,2012-06-04,train,514_3
514,845,88,Synagogue,40.66464162434732,-73.94570922281969,2012-06-09 10:42:21,2012-06-04,train,514_3
514,818,130,Burger Joint,40.66409703053375,-73.9440847234983,2012-06-10 22:04:09,2012-06-04,train,514_3
516,3123,120,Other Great Outdoors,40.650641014449874,-74.22077894210815,2012-06-04 08:06:18,2012-06-04,train,516_9
516,4270,80,Building,40.66336207687888,-74.19909344904511,2012-06-04 08:09:29,2012-06-04,train,516_9
516,3123,120,Other Great Outdoors,40.650641014449874,-74.22077894210815,2012-06-06 08:23:28,2012-06-04,train,516_9
516,4270,80,Building,40.66336207687888,-74.19909344904511,2012-06-08 16:53:25,2012-06-04,train,516_9
517,4773,253,General Travel,40.756878756510446,-73.99015664667239,2012-06-04 07:28:55,2012-06-04,train,517_9
517,651,61,Office,40.89499427038625,-73.94231096131689,2012-06-04 08:00:09,2012-06-04,train,517_9
517,4773,253,General Travel,40.756878756510446,-73.99015664667239,2012-06-05 07:38:32,2012-06-04,train,517_9
517,357,70,Train Station,40.750794799423865,-73.99357639021292,2012-06-06 07:29:52,2012-06-04,train,517_9
517,4773,253,General Travel,40.756878756510446,-73.99015664667239,2012-06-06 07:30:18,2012-06-04,train,517_9
517,651,61,Office,40.89499427038625,-73.94231096131689,2012-06-06 08:10:15,2012-06-04,train,517_9
517,4773,253,General Travel,40.756878756510446,-73.99015664667239,2012-06-07 07:31:31,2012-06-04,train,517_9
517,4773,253,General Travel,40.756878756510446,-73.99015664667239,2012-06-07 17:14:00,2012-06-04,train,517_9
517,357,70,Train Station,40.750794799423865,-73.99357639021292,2012-06-08 07:23:07,2012-06-04,train,517_9
517,4773,253,General Travel,40.756878756510446,-73.99015664667239,2012-06-08 07:33:10,2012-06-04,train,517_9
517,651,61,Office,40.89499427038625,-73.94231096131689,2012-06-08 08:12:15,2012-06-04,train,517_9
517,467,99,Thai Restaurant,40.73136898702117,-73.99431158852991,2012-06-10 13:02:42,2012-06-04,train,517_9
518,587,266,Bus Station,40.75722129839836,-73.99154663085938,2012-06-04 18:06:45,2012-06-04,train,518_0
518,1548,194,Mexican Restaurant,40.75922735258565,-73.98283362960619,2012-06-07 12:22:14,2012-06-04,train,518_0
519,800,37,Bar,40.74017876390845,-74.00560522941583,2012-06-04 23:19:32,2012-06-04,train,519_7
519,3725,107,Cuban Restaurant,40.738732593932525,-74.00015360583309,2012-06-05 03:43:48,2012-06-04,train,519_7
519,4231,214,Bar,40.765162620688834,-73.98763149992548,2012-06-06 21:30:12,2012-06-04,train,519_7
519,307,214,Bar,40.74455837028796,-73.99425029754639,2012-06-07 00:38:00,2012-06-04,train,519_7
519,85,110,American Restaurant,40.74065934700641,-73.99826558632256,2012-06-07 02:06:12,2012-06-04,train,519_7
519,263,37,Bar,40.74043789,-73.998375,2012-06-08 23:24:52,2012-06-04,train,519_7
519,85,110,American Restaurant,40.74065934700641,-73.99826558632256,2012-06-09 00:56:40,2012-06-04,train,519_7
520,1985,306,Middle School,40.82679440618509,-74.21639351788353,2012-06-04 07:30:56,2012-06-04,train,520_9
520,2204,70,Train Station,40.808157479622295,-74.20869827270508,2012-06-04 07:43:59,2012-06-04,train,520_9
520,357,70,Train Station,40.750794799423865,-73.99357639021292,2012-06-04 08:35:24,2012-06-04,train,520_9
520,4524,61,Office,40.76330309100103,-73.98234580115131,2012-06-04 09:57:43,2012-06-04,train,520_9
520,847,265,Mall,40.917335441802095,-74.0756607055664,2012-06-04 19:37:09,2012-06-04,train,520_9
520,1985,306,Middle School,40.82679440618509,-74.21639351788353,2012-06-05 07:56:54,2012-06-04,train,520_9
520,4364,131,Café,40.80817287926464,-74.20878696126519,2012-06-05 08:04:45,2012-06-04,train,520_9
520,4364,131,Café,40.80817287926464,-74.20878696126519,2012-06-06 07:36:03,2012-06-04,train,520_9
520,2204,70,Train Station,40.808157479622295,-74.20869827270508,2012-06-06 07:37:58,2012-06-04,train,520_9
520,357,70,Train Station,40.750794799423865,-73.99357639021292,2012-06-06 20:14:42,2012-06-04,train,520_9
520,4364,131,Café,40.80817287926464,-74.20878696126519,2012-06-07 06:06:06,2012-06-04,train,520_9
520,2204,70,Train Station,40.808157479622295,-74.20869827270508,2012-06-07 06:07:53,2012-06-04,train,520_9
520,357,70,Train Station,40.750794799423865,-73.99357639021292,2012-06-07 06:51:28,2012-06-04,train,520_9
520,4524,61,Office,40.76330309100103,-73.98234580115131,2012-06-07 11:04:49,2012-06-04,train,520_9
520,4364,131,Café,40.80817287926464,-74.20878696126519,2012-06-08 07:08:51,2012-06-04,train,520_9
520,1645,70,Train Station,40.73606359173575,-74.02938723564148,2012-06-08 07:49:07,2012-06-04,train,520_9
520,4524,61,Office,40.76330309100103,-73.98234580115131,2012-06-08 15:03:32,2012-06-04,train,520_9
520,1560,58,Electronics Store,40.80488179945214,-74.24818631989757,2012-06-09 14:40:47,2012-06-04,train,520_9
521,1527,70,Train Station,40.86149293891381,-73.89058023691177,2012-06-04 09:59:05,2012-06-04,train,521_9
521,4713,6,Home (private),40.86590418380428,-73.89482953406639,2012-06-04 19:49:23,2012-06-04,train,521_9
521,2375,138,Gym / Fitness Center,40.86225160733068,-73.89434337615967,2012-06-06 21:44:07,2012-06-04,train,521_9
521,4713,6,Home (private),40.86590418380428,-73.89482953406639,2012-06-07 03:23:37,2012-06-04,train,521_9
521,1748,70,Train Station,40.91095047083101,-73.78409385681152,2012-06-09 07:12:10,2012-06-04,train,521_9
521,4713,6,Home (private),40.86590418380428,-73.89482953406639,2012-06-10 04:36:12,2012-06-04,train,521_9
521,625,122,Plaza,40.756489872673846,-73.98626804351807,2012-06-10 08:17:48,2012-06-04,train,521_9
521,233,147,Movie Theater,40.75699098241037,-73.98872764725327,2012-06-10 09:08:53,2012-06-04,train,521_9
522,974,221,Bridge,40.60679958140643,-74.04416981025437,2012-06-07 17:36:50,2012-06-04,train,522_4
522,1002,70,Train Station,40.69902344282463,-73.81001472473143,2012-06-08 19:45:19,2012-06-04,train,522_4
522,2708,240,Airport,40.69881195801446,-73.8087272644043,2012-06-08 19:52:47,2012-06-04,train,522_4
522,405,241,Airport,40.645089355976346,-73.7845230102539,2012-06-08 20:09:52,2012-06-04,train,522_4
522,405,241,Airport,40.645089355976346,-73.7845230102539,2012-06-08 20:15:24,2012-06-04,train,522_4
522,647,239,Airport,40.64557779020594,-73.77643346786499,2012-06-08 20:15:42,2012-06-04,train,522_4
524,485,48,Bar,40.73139950826892,-73.9886817354489,2012-06-06 20:54:51,2012-06-04,train,524_7
524,4753,28,Salon / Barbershop,40.84859709833727,-73.93165082510875,2012-06-07 16:21:13,2012-06-04,train,524_7
524,4870,37,Bar,40.76976805976344,-73.95440340042114,2012-06-07 21:04:31,2012-06-04,train,524_7
524,4870,37,Bar,40.76976805976344,-73.95440340042114,2012-06-10 19:37:57,2012-06-04,train,524_7
524,691,37,Bar,40.77138107266706,-73.95646042374283,2012-06-10 20:53:57,2012-06-04,train,524_7
525,632,220,BBQ Joint,40.75047969122117,-73.99461574510211,2012-06-08 19:11:49,2012-06-04,train,525_3
525,1941,138,Gym / Fitness Center,40.87988299202424,-73.90841693316821,2012-06-09 14:10:42,2012-06-04,train,525_3
526,4660,6,Home (private),40.59424065296898,-73.93010370763156,2012-06-05 00:02:20,2012-06-04,train,526_7
526,1145,264,Subway,40.707149,-73.99057,2012-06-08 11:46:48,2012-06-04,train,526_7
526,357,70,Train Station,40.750794799423865,-73.99357639021292,2012-06-08 12:24:14,2012-06-04,train,526_7
526,1612,70,Train Station,40.73412061435751,-74.16445255279541,2012-06-08 13:01:40,2012-06-04,train,526_7
526,1524,264,Subway,40.74970348366515,-73.98781299591064,2012-06-10 18:02:06,2012-06-04,train,526_7
529,4575,162,Medical Center,40.64603281980551,-74.0204500733279,2012-06-04 04:12:36,2012-06-04,train,529_9
529,4570,162,Medical Center,40.79030441584686,-73.95193730050416,2012-06-09 03:00:45,2012-06-04,train,529_9
529,4575,162,Medical Center,40.64603281980551,-74.0204500733279,2012-06-09 03:37:31,2012-06-04,train,529_9
529,3289,301,Neighborhood,40.65016889724004,-73.94957542419434,2012-06-09 08:51:26,2012-06-04,train,529_9
529,234,121,Park,40.74218830848454,-73.98792418909154,2012-06-09 11:33:13,2012-06-04,train,529_9
529,4967,220,BBQ Joint,40.7418112381317,-73.98826278972687,2012-06-09 11:41:43,2012-06-04,train,529_9
529,1551,264,Subway,40.67026755172896,-73.98977637290949,2012-06-10 12:26:38,2012-06-04,train,529_9
529,4387,162,Medical Center,40.67679807147485,-73.8983750379089,2012-06-10 17:25:12,2012-06-04,train,529_9
530,1145,264,Subway,40.707149,-73.99057,2012-06-06 08:52:20,2012-06-04,train,530_9
530,2396,61,Office,40.75809655681089,-73.9820531034839,2012-06-07 10:39:54,2012-06-04,train,530_9
530,582,39,Beer Garden,40.67230729295687,-73.95784374357962,2012-06-07 18:53:17,2012-06-04,train,530_9
530,582,39,Beer Garden,40.67230729295687,-73.95784374357962,2012-06-08 21:13:59,2012-06-04,train,530_9
531,930,137,Gym / Fitness Center,40.753013,-73.987575,2012-06-04 17:09:23,2012-06-04,train,531_6
531,764,221,Bridge,40.713565479798646,-73.97236347198486,2012-06-06 17:17:23,2012-06-04,train,531_6
531,2350,178,General College & University,40.70473327890426,-73.98773789405823,2012-06-08 19:26:00,2012-06-04,train,531_6
531,3855,255,Flea Market,40.720599497806894,-73.96312594413757,2012-06-09 13:11:29,2012-06-04,train,531_6
531,418,207,Dessert Shop,40.72173557159932,-73.9959356642583,2012-06-09 16:20:39,2012-06-04,train,531_6
531,169,37,Bar,40.71501300319713,-73.95146369934082,2012-06-09 21:53:40,2012-06-04,train,531_6
531,3730,255,Flea Market,40.72059136642329,-73.96331906318665,2012-06-10 11:54:47,2012-06-04,train,531_6
534,4306,138,Gym / Fitness Center,40.71518524863918,-74.0354085138342,2012-06-04 07:53:01,2012-06-04,train,534_9
534,2488,8,Medical Center,40.77957932022542,-73.95397501507226,2012-06-05 07:25:11,2012-06-04,train,534_9
534,3401,96,Deli / Bodega,40.71548033990194,-74.03481754288725,2012-06-05 08:26:26,2012-06-04,train,534_9
534,4306,138,Gym / Fitness Center,40.71518524863918,-74.0354085138342,2012-06-06 07:58:49,2012-06-04,train,534_9
534,3401,96,Deli / Bodega,40.71548033990194,-74.03481754288725,2012-06-06 09:24:29,2012-06-04,train,534_9
534,4306,138,Gym / Fitness Center,40.71518524863918,-74.0354085138342,2012-06-07 07:47:50,2012-06-04,train,534_9
534,3401,96,Deli / Bodega,40.71548033990194,-74.03481754288725,2012-06-07 14:57:25,2012-06-04,train,534_9
534,4306,138,Gym / Fitness Center,40.71518524863918,-74.0354085138342,2012-06-08 07:46:21,2012-06-04,train,534_9
534,3401,96,Deli / Bodega,40.71548033990194,-74.03481754288725,2012-06-08 09:40:29,2012-06-04,train,534_9
534,3424,35,Bookstore,40.70881201448755,-74.00527954101562,2012-06-08 18:02:01,2012-06-04,train,534_9
534,1202,222,Coffee Shop,40.77934896127287,-73.94778144420592,2012-06-09 15:55:17,2012-06-04,train,534_9
534,1206,42,Food & Drink Shop,40.77914001737549,-73.94793659448624,2012-06-09 16:07:25,2012-06-04,train,534_9
535,3460,80,Building,40.83785765748621,-73.9442626728523,2012-06-05 00:24:18,2012-06-04,train,535_6
535,4316,80,Building,40.72026611026408,-74.04388189315796,2012-06-05 10:14:04,2012-06-04,train,535_6
535,4958,242,Spa / Massage,40.66745894925976,-74.10527926840147,2012-06-07 13:26:25,2012-06-04,train,535_6
535,4969,281,Residential Building (Apartment / Condo),40.82770707987748,-73.94696633484115,2012-06-09 03:35:18,2012-06-04,train,535_6
535,4316,80,Building,40.72026611026408,-74.04388189315796,2012-06-09 10:11:18,2012-06-04,train,535_6
535,4969,281,Residential Building (Apartment / Condo),40.82770707987748,-73.94696633484115,2012-06-09 23:57:53,2012-06-04,train,535_6
536,223,121,Park,40.72133752277011,-73.9521841234126,2012-06-04 06:25:29,2012-06-04,train,536_8
536,2056,61,Office,40.74185267627071,-74.00432554645808,2012-06-04 07:02:27,2012-06-04,train,536_8
536,4891,236,Playground,40.72705459594727,-73.94717407226562,2012-06-05 02:01:44,2012-06-04,train,536_8
536,2056,61,Office,40.74185267627071,-74.00432554645808,2012-06-06 11:51:03,2012-06-04,train,536_8
536,2056,61,Office,40.74185267627071,-74.00432554645808,2012-06-08 13:31:10,2012-06-04,train,536_8
536,223,121,Park,40.72133752277011,-73.9521841234126,2012-06-08 18:26:23,2012-06-04,train,536_8
536,1247,35,Bookstore,40.73316247409845,-73.99104044018358,2012-06-08 22:20:20,2012-06-04,train,536_8
536,4157,222,Coffee Shop,40.73317755885807,-73.99116039276123,2012-06-08 22:31:34,2012-06-04,train,536_8
536,223,121,Park,40.72133752277011,-73.9521841234126,2012-06-09 01:25:44,2012-06-04,train,536_8
536,3530,133,Hot Dog Joint,40.717006,-73.956565,2012-06-09 14:45:12,2012-06-04,train,536_8
536,4891,236,Playground,40.72705459594727,-73.94717407226562,2012-06-09 15:59:41,2012-06-04,train,536_8
536,25,238,Music Venue,40.72837781084187,-73.99953957113458,2012-06-10 16:55:42,2012-06-04,train,536_8
536,627,59,Bar,40.72635525176133,-74.0057623386383,2012-06-10 17:57:35,2012-06-04,train,536_8
538,4440,6,Home (private),40.57128331513807,-74.11812337576457,2012-06-06 16:45:16,2012-06-04,train,538_9
538,4440,6,Home (private),40.57128331513807,-74.11812337576457,2012-06-08 20:25:25,2012-06-04,train,538_9
538,4440,6,Home (private),40.57128331513807,-74.11812337576457,2012-06-09 11:36:03,2012-06-04,train,538_9
538,4440,6,Home (private),40.57128331513807,-74.11812337576457,2012-06-10 17:18:48,2012-06-04,train,538_9
539,4471,58,Electronics Store,40.75281239893301,-73.97717474340911,2012-06-07 14:30:07,2012-06-04,train,539_8
539,983,122,Plaza,40.735259,-74.001785,2012-06-07 20:49:12,2012-06-04,train,539_8
539,1288,269,Miscellaneous Shop,40.73529128534676,-74.00236129760742,2012-06-07 20:49:23,2012-06-04,train,539_8
539,3792,6,Home (private),40.696558013644136,-73.95361626406626,2012-06-08 14:21:07,2012-06-04,train,539_8
539,983,122,Plaza,40.735259,-74.001785,2012-06-08 15:39:42,2012-06-04,train,539_8
539,3792,6,Home (private),40.696558013644136,-73.95361626406626,2012-06-09 14:02:46,2012-06-04,train,539_8
539,983,122,Plaza,40.735259,-74.001785,2012-06-09 19:27:43,2012-06-04,train,539_8
539,1288,269,Miscellaneous Shop,40.73529128534676,-74.00236129760742,2012-06-09 19:27:55,2012-06-04,train,539_8
539,3792,6,Home (private),40.696558013644136,-73.95361626406626,2012-06-10 01:15:27,2012-06-04,train,539_8
540,363,61,Office,40.75291813039494,-73.97225608333729,2012-06-04 09:20:55,2012-06-04,train,540_8
540,773,15,Dumpling Restaurant,40.71830136403906,-73.99192996850243,2012-06-06 20:27:27,2012-06-04,train,540_8
540,194,37,Bar,40.721291,-73.994262,2012-06-06 20:58:13,2012-06-04,train,540_8
540,277,55,Bar,40.72935086277476,-73.99878780634677,2012-06-06 21:21:19,2012-06-04,train,540_8
540,446,192,Mac & Cheese Joint,40.73019161989554,-73.98417084713711,2012-06-07 12:24:44,2012-06-04,train,540_8
541,1427,183,University,40.75385326291948,-73.98238597530614,2012-06-06 18:27:59,2012-06-04,train,541_9
541,4744,37,Bar,40.74446539326095,-73.97613018434151,2012-06-08 18:27:08,2012-06-04,train,541_9
541,485,48,Bar,40.73139950826892,-73.9886817354489,2012-06-08 21:20:47,2012-06-04,train,541_9
541,279,121,Park,40.7714256153356,-73.97350072860723,2012-06-09 16:05:41,2012-06-04,train,541_9
541,3898,76,Ferry,40.74397382219634,-73.97088434591937,2012-06-09 17:38:41,2012-06-04,train,541_9
541,452,318,Other Great Outdoors,40.69118178774824,-74.01678085327148,2012-06-10 14:02:04,2012-06-04,train,541_9
543,3404,6,Home (private),40.87785167732287,-74.11812337576457,2012-06-04 18:10:52,2012-06-04,train,543_8
543,3190,135,Post Office,40.873059,-74.109526,2012-06-07 07:13:11,2012-06-04,train,543_8
543,2609,34,Gas Station / Garage,40.8933489,-74.107129,2012-06-07 07:20:23,2012-06-04,train,543_8
543,3404,6,Home (private),40.87785167732287,-74.11812337576457,2012-06-07 18:38:32,2012-06-04,train,543_8
543,3404,6,Home (private),40.87785167732287,-74.11812337576457,2012-06-08 08:46:12,2012-06-04,train,543_8
543,2203,42,Food & Drink Shop,40.87698509068455,-74.06686305999756,2012-06-09 15:33:02,2012-06-04,train,543_8
543,3404,6,Home (private),40.87785167732287,-74.11812337576457,2012-06-09 15:52:30,2012-06-04,train,543_8
543,802,150,Stadium,40.73308000062968,-74.1708254814148,2012-06-09 18:07:57,2012-06-04,train,543_8
543,3404,6,Home (private),40.87785167732287,-74.11812337576457,2012-06-09 23:45:53,2012-06-04,train,543_8
544,3814,80,Building,40.766518290155226,-73.97933845485933,2012-06-06 09:00:22,2012-06-04,train,544_7
544,412,265,Mall,40.76792357432163,-73.98194432258606,2012-06-06 16:08:30,2012-06-04,train,544_7
544,1815,55,Bar,40.77143374050618,-73.98247003555298,2012-06-07 18:25:03,2012-06-04,train,544_7
544,616,130,Burger Joint,40.78082577322013,-73.97648334503174,2012-06-08 21:20:44,2012-06-04,train,544_7
544,731,147,Movie Theater,40.77468600154588,-73.9820645818322,2012-06-08 22:05:56,2012-06-04,train,544_7
546,2469,3,Thrift / Vintage Store,40.7632138239065,-73.98908346336458,2012-06-05 10:49:19,2012-06-04,train,546_9
546,3638,246,Performing Arts Venue,40.72603917082711,-73.98208379745483,2012-06-06 16:43:19,2012-06-04,train,546_9
546,3572,245,General Entertainment,40.82446718763418,-73.9537396744875,2012-06-06 17:09:36,2012-06-04,train,546_9
546,1484,214,Bar,40.760871,-73.990166,2012-06-07 18:40:50,2012-06-04,train,546_9
546,202,214,Bar,40.73347071903565,-74.00228836535156,2012-06-08 23:38:48,2012-06-04,train,546_9
546,3261,76,Ferry,40.69739661931091,-74.01154518127441,2012-06-10 11:27:46,2012-06-04,train,546_9
547,266,37,Bar,40.76081793921089,-73.99016238560442,2012-06-04 17:59:20,2012-06-04,train,547_9
547,3734,134,Event Space,40.72050781243786,-74.04410073842384,2012-06-07 09:30:29,2012-06-04,train,547_9
547,266,37,Bar,40.76081793921089,-73.99016238560442,2012-06-09 19:55:53,2012-06-04,train,547_9
547,3734,134,Event Space,40.72050781243786,-74.04410073842384,2012-06-10 12:18:03,2012-06-04,train,547_9
549,3425,63,Office,40.73953974476804,-73.98840052540763,2012-06-04 09:59:23,2012-06-04,train,549_9
549,3425,63,Office,40.73953974476804,-73.98840052540763,2012-06-06 11:29:39,2012-06-04,train,549_9
549,3771,281,Residential Building (Apartment / Condo),40.68881469717024,-73.98510631996176,2012-06-06 21:38:11,2012-06-04,train,549_9
549,3425,63,Office,40.73953974476804,-73.98840052540763,2012-06-07 13:23:06,2012-06-04,train,549_9
549,113,206,Seafood Restaurant,40.75250498676928,-73.97758003761531,2012-06-07 20:14:10,2012-06-04,train,549_9
549,3425,63,Office,40.73953974476804,-73.98840052540763,2012-06-08 09:49:07,2012-06-04,train,549_9
549,159,17,Eastern European Restaurant,40.72915518010633,-73.98702890317843,2012-06-08 21:06:40,2012-06-04,train,549_9
549,3771,281,Residential Building (Apartment / Condo),40.68881469717024,-73.98510631996176,2012-06-08 22:43:03,2012-06-04,train,549_9
549,489,7,Clothing Store,40.723546865121946,-73.99813359642076,2012-06-09 19:40:25,2012-06-04,train,549_9
549,3771,281,Residential Building (Apartment / Condo),40.68881469717024,-73.98510631996176,2012-06-10 00:35:17,2012-06-04,train,549_9
550,4292,61,Office,40.75142691110971,-73.97468386242315,2012-06-04 07:41:55,2012-06-04,train,550_9
550,2128,6,Home (private),40.73122649796362,-73.98887973002674,2012-06-04 19:43:24,2012-06-04,train,550_9
550,4292,61,Office,40.75142691110971,-73.97468386242315,2012-06-05 07:34:36,2012-06-04,train,550_9
550,192,121,Park,40.73528249691621,-73.99040315158283,2012-06-06 07:37:15,2012-06-04,train,550_9
550,4292,61,Office,40.75142691110971,-73.97468386242315,2012-06-06 08:06:12,2012-06-04,train,550_9
550,2128,6,Home (private),40.73122649796362,-73.98887973002674,2012-06-06 23:56:23,2012-06-04,train,550_9
550,4292,61,Office,40.75142691110971,-73.97468386242315,2012-06-07 07:46:17,2012-06-04,train,550_9
550,234,121,Park,40.74218830848454,-73.98792418909154,2012-06-07 17:49:49,2012-06-04,train,550_9
550,4292,61,Office,40.75142691110971,-73.97468386242315,2012-06-08 08:59:21,2012-06-04,train,550_9
550,1801,197,Sandwich Place,40.740784,-74.000721,2012-06-09 12:22:45,2012-06-04,train,550_9
550,4967,220,BBQ Joint,40.7418112381317,-73.98826278972687,2012-06-10 02:06:56,2012-06-04,train,550_9
550,136,141,Bagel Shop,40.73644,-73.99734223,2012-06-10 12:01:17,2012-06-04,train,550_9
550,254,121,Park,40.74706188749892,-74.00519371032715,2012-06-10 14:10:12,2012-06-04,train,550_9
550,1475,241,Airport,40.773839,-73.87122,2012-06-10 17:07:52,2012-06-04,train,550_9
551,2678,61,Office,40.74852161167561,-73.99083957837944,2012-06-04 09:11:45,2012-06-04,train,551_3
551,1342,238,Music Venue,40.71427455929432,-73.95585772942792,2012-06-04 19:35:00,2012-06-04,train,551_3
551,2678,61,Office,40.74852161167561,-73.99083957837944,2012-06-05 09:03:24,2012-06-04,train,551_3
551,2678,61,Office,40.74852161167561,-73.99083957837944,2012-06-06 09:10:51,2012-06-04,train,551_3
551,2678,61,Office,40.74852161167561,-73.99083957837944,2012-06-06 12:18:27,2012-06-04,train,551_3
551,2678,61,Office,40.74852161167561,-73.99083957837944,2012-06-06 15:04:18,2012-06-04,train,551_3
551,357,70,Train Station,40.750794799423865,-73.99357639021292,2012-06-06 18:38:31,2012-06-04,train,551_3
551,495,134,Event Space,40.782860080688806,-73.95289014999135,2012-06-06 19:21:39,2012-06-04,train,551_3
551,2678,61,Office,40.74852161167561,-73.99083957837944,2012-06-07 09:05:54,2012-06-04,train,551_3
551,2678,61,Office,40.74852161167561,-73.99083957837944,2012-06-07 12:24:56,2012-06-04,train,551_3
551,125,128,Bakery,40.72955059800335,-73.9843602377087,2012-06-09 14:46:17,2012-06-04,train,551_3
551,288,288,Ferry,40.70145732419213,-74.01321428847186,2012-06-09 16:37:18,2012-06-04,train,551_3
551,985,288,Ferry,40.6444055420497,-74.0729570388794,2012-06-09 17:29:36,2012-06-04,train,551_3
551,192,121,Park,40.73528249691621,-73.99040315158283,2012-06-09 18:17:11,2012-06-04,train,551_3
551,568,208,Ramen /  Noodle House,40.729110403548944,-73.9842454555664,2012-06-09 18:38:45,2012-06-04,train,551_3
551,4698,222,Coffee Shop,40.74247745309511,-74.00684595108032,2012-06-10 12:21:32,2012-06-04,train,551_3
551,284,260,Food & Drink Shop,40.74203991626021,-74.00526092094141,2012-06-10 12:27:12,2012-06-04,train,551_3
551,660,122,Plaza,40.76803326982161,-73.98186922073364,2012-06-10 13:33:49,2012-06-04,train,551_3
551,2421,121,Park,40.7680942116878,-73.97828578948975,2012-06-10 13:36:33,2012-06-04,train,551_3
552,777,183,University,40.76815921628347,-73.96420955657959,2012-06-08 16:19:34,2012-06-04,train,552_3
552,3219,6,Home (private),40.73592510499496,-73.88307005845945,2012-06-09 22:59:14,2012-06-04,train,552_3
552,4967,220,BBQ Joint,40.7418112381317,-73.98826278972687,2012-06-10 12:02:40,2012-06-04,train,552_3
552,4723,211,Bar,40.76004833585965,-73.91922187073642,2012-06-10 19:05:17,2012-06-04,train,552_3
553,3202,301,Neighborhood,40.59112794405122,-73.94521951675415,2012-06-04 07:10:31,2012-06-04,train,553_9
553,3062,19,Bank,40.598891,-73.955353,2012-06-04 07:46:27,2012-06-04,train,553_9
553,1813,264,Subway,40.599300435969774,-73.95592864757464,2012-06-04 07:51:24,2012-06-04,train,553_9
553,1145,264,Subway,40.707149,-73.99057,2012-06-04 08:24:26,2012-06-04,train,553_9
553,2872,294,River,40.71039864992392,-73.98853826098953,2012-06-04 08:24:47,2012-06-04,train,553_9
553,1654,61,Office,40.75241411957849,-73.97532093413172,2012-06-04 08:43:54,2012-06-04,train,553_9
553,2521,264,Subway,40.75163299987047,-73.97588549950576,2012-06-04 18:31:34,2012-06-04,train,553_9
553,3202,301,Neighborhood,40.59112794405122,-73.94521951675415,2012-06-05 07:02:18,2012-06-04,train,553_9
553,1813,264,Subway,40.599300435969774,-73.95592864757464,2012-06-05 07:40:00,2012-06-04,train,553_9
553,1145,264,Subway,40.707149,-73.99057,2012-06-05 08:13:27,2012-06-04,train,553_9
553,2872,294,River,40.71039864992392,-73.98853826098953,2012-06-05 08:13:46,2012-06-04,train,553_9
553,1654,61,Office,40.75241411957849,-73.97532093413172,2012-06-05 08:36:27,2012-06-04,train,553_9
553,3202,301,Neighborhood,40.59112794405122,-73.94521951675415,2012-06-06 07:03:31,2012-06-04,train,553_9
553,1813,264,Subway,40.599300435969774,-73.95592864757464,2012-06-06 07:42:03,2012-06-04,train,553_9
553,1654,61,Office,40.75241411957849,-73.97532093413172,2012-06-06 08:37:55,2012-06-04,train,553_9
553,4471,58,Electronics Store,40.75281239893301,-73.97717474340911,2012-06-06 13:02:30,2012-06-04,train,553_9
553,1794,138,Gym / Fitness Center,40.75372663620061,-73.9773416519165,2012-06-06 17:39:39,2012-06-04,train,553_9
553,2521,264,Subway,40.75163299987047,-73.97588549950576,2012-06-06 18:29:07,2012-06-04,train,553_9
553,1145,264,Subway,40.707149,-73.99057,2012-06-06 18:48:26,2012-06-04,train,553_9
553,2872,294,River,40.71039864992392,-73.98853826098953,2012-06-06 18:49:03,2012-06-04,train,553_9
553,3202,301,Neighborhood,40.59112794405122,-73.94521951675415,2012-06-07 07:05:46,2012-06-04,train,553_9
553,1813,264,Subway,40.599300435969774,-73.95592864757464,2012-06-07 07:40:50,2012-06-04,train,553_9
553,1145,264,Subway,40.707149,-73.99057,2012-06-07 08:14:42,2012-06-04,train,553_9
553,2872,294,River,40.71039864992392,-73.98853826098953,2012-06-07 08:15:21,2012-06-04,train,553_9
553,1654,61,Office,40.75241411957849,-73.97532093413172,2012-06-07 08:38:59,2012-06-04,train,553_9
553,1794,138,Gym / Fitness Center,40.75372663620061,-73.9773416519165,2012-06-07 17:40:19,2012-06-04,train,553_9
553,2521,264,Subway,40.75163299987047,-73.97588549950576,2012-06-07 18:31:09,2012-06-04,train,553_9
553,1145,264,Subway,40.707149,-73.99057,2012-06-08 07:26:37,2012-06-04,train,553_9
553,2872,294,River,40.71039864992392,-73.98853826098953,2012-06-08 07:27:13,2012-06-04,train,553_9
553,1654,61,Office,40.75241411957849,-73.97532093413172,2012-06-08 08:01:59,2012-06-04,train,553_9
553,1054,252,Food & Drink Shop,40.75203612903108,-73.97601127624512,2012-06-08 09:42:59,2012-06-04,train,553_9
553,1794,138,Gym / Fitness Center,40.75372663620061,-73.9773416519165,2012-06-08 13:39:13,2012-06-04,train,553_9
553,2521,264,Subway,40.75163299987047,-73.97588549950576,2012-06-08 14:58:46,2012-06-04,train,553_9
553,3202,301,Neighborhood,40.59112794405122,-73.94521951675415,2012-06-10 10:39:55,2012-06-04,train,553_9
557,4756,6,Home (private),40.963240757086346,-74.09463109843134,2012-06-05 07:00:27,2012-06-04,train,557_9
557,1988,42,Food & Drink Shop,40.91464765433098,-74.08042430877686,2012-06-06 11:41:37,2012-06-04,train,557_9
557,4756,6,Home (private),40.963240757086346,-74.09463109843134,2012-06-09 21:29:40,2012-06-04,train,557_9
557,4756,6,Home (private),40.963240757086346,-74.09463109843134,2012-06-10 15:40:07,2012-06-04,train,557_9
558,3538,282,Convenience Store,40.73727955283065,-73.98442910696116,2012-06-06 09:55:54,2012-06-04,train,558_7
558,112,37,Bar,40.73698799811338,-73.98458,2012-06-06 10:09:32,2012-06-04,train,558_7
558,766,209,Sushi Restaurant,40.73496610102712,-73.97965908050537,2012-06-06 21:20:00,2012-06-04,train,558_7
558,3538,282,Convenience Store,40.737080298662434,-73.98446928068036,2012-06-08 10:57:30,2012-06-04,train,558_7
558,112,37,Bar,40.73698799811338,-73.98458,2012-06-08 10:57:52,2012-06-04,train,558_7
558,573,102,American Restaurant,40.72850230673942,-73.98179484046595,2012-06-09 11:24:50,2012-06-04,train,558_7
558,486,147,Movie Theater,40.74276195733468,-73.97692322731018,2012-06-09 13:00:38,2012-06-04,train,558_7
558,4006,192,Mac & Cheese Joint,40.73907778333829,-73.9897319652254,2012-06-09 20:27:25,2012-06-04,train,558_7
558,3116,319,Market,40.74186151409088,-73.98943362953369,2012-06-09 21:58:18,2012-06-04,train,558_7
558,2907,281,Residential Building (Apartment / Condo),40.75757750382832,-73.96870332070132,2012-06-09 22:27:31,2012-06-04,train,558_7
558,568,208,Ramen /  Noodle House,40.729110403548944,-73.9842454555664,2012-06-10 19:50:03,2012-06-04,train,558_7
559,4277,6,Home (private),40.80356163623484,-73.94186034276925,2012-06-04 06:02:04,2012-06-04,train,559_9
559,3963,117,Other Great Outdoors,40.804672218031,-73.93980814949656,2012-06-04 07:09:03,2012-06-04,train,559_9
559,3527,120,Other Great Outdoors,40.80489686471875,-73.93880357143554,2012-06-04 07:11:25,2012-06-04,train,559_9
559,2384,26,Drugstore / Pharmacy,40.804510118099934,-73.93754640640921,2012-06-04 07:13:20,2012-06-04,train,559_9
559,1996,264,Subway,40.803894,-73.937624,2012-06-04 07:19:40,2012-06-04,train,559_9
559,1528,264,Subway,40.73573434642415,-73.99056762456905,2012-06-04 07:44:10,2012-06-04,train,559_9
559,1403,264,Subway,40.74137193935539,-73.98931503295898,2012-06-04 07:48:49,2012-06-04,train,559_9
559,1332,301,Neighborhood,40.741672705942285,-73.98928821086884,2012-06-04 07:50:12,2012-06-04,train,559_9
559,2328,19,Bank,40.74157843,-73.989482,2012-06-04 07:52:04,2012-06-04,train,559_9
559,3895,61,Office,40.7418191670992,-73.99140199090107,2012-06-04 07:55:11,2012-06-04,train,559_9
559,2114,26,Drugstore / Pharmacy,40.74287572734082,-73.99256124416165,2012-06-04 17:53:40,2012-06-04,train,559_9
559,1403,264,Subway,40.74137193935539,-73.98931503295898,2012-06-04 17:59:47,2012-06-04,train,559_9
559,349,70,Train Station,40.75280620914171,-73.97717535495758,2012-06-04 18:24:38,2012-06-04,train,559_9
559,4650,133,Hot Dog Joint,40.75281067913847,-73.97726655006409,2012-06-04 18:37:02,2012-06-04,train,559_9
559,726,70,Train Station,40.805144639820114,-73.93914699554443,2012-06-04 18:59:55,2012-06-04,train,559_9
559,3963,117,Other Great Outdoors,40.804672218031,-73.93980814949656,2012-06-04 19:03:12,2012-06-04,train,559_9
559,4139,96,Deli / Bodega,40.80507336437818,-73.94108826141857,2012-06-04 19:07:14,2012-06-04,train,559_9
559,4277,6,Home (private),40.80356163623484,-73.94186034276925,2012-06-04 23:39:24,2012-06-04,train,559_9
559,3963,117,Other Great Outdoors,40.804672218031,-73.93980814949656,2012-06-05 10:21:27,2012-06-04,train,559_9
559,3527,120,Other Great Outdoors,40.80489686471875,-73.93880357143554,2012-06-05 10:23:47,2012-06-04,train,559_9
559,2384,26,Drugstore / Pharmacy,40.804510118099934,-73.93754640640921,2012-06-05 10:25:47,2012-06-04,train,559_9
559,4277,6,Home (private),40.80356163623484,-73.94186034276925,2012-06-06 07:58:03,2012-06-04,train,559_9
559,3963,117,Other Great Outdoors,40.804672218031,-73.93980814949656,2012-06-06 10:07:10,2012-06-04,train,559_9
559,3527,120,Other Great Outdoors,40.80489686471875,-73.93880357143554,2012-06-06 10:09:38,2012-06-04,train,559_9
559,1996,264,Subway,40.803894,-73.937624,2012-06-06 10:11:15,2012-06-04,train,559_9
559,1403,264,Subway,40.74137193935539,-73.98931503295898,2012-06-06 10:38:00,2012-06-04,train,559_9
559,1332,301,Neighborhood,40.741672705942285,-73.98928821086884,2012-06-06 10:39:42,2012-06-04,train,559_9
559,3895,61,Office,40.7418191670992,-73.99140199090107,2012-06-06 10:44:19,2012-06-04,train,559_9
559,1332,301,Neighborhood,40.741672705942285,-73.98928821086884,2012-06-06 18:14:34,2012-06-04,train,559_9
559,349,70,Train Station,40.75280620914171,-73.97717535495758,2012-06-06 18:39:04,2012-06-04,train,559_9
559,2271,269,Miscellaneous Shop,40.75277926721909,-73.97710013223526,2012-06-06 19:49:28,2012-06-04,train,559_9
559,4650,133,Hot Dog Joint,40.75281067913847,-73.97726655006409,2012-06-06 20:08:06,2012-06-04,train,559_9
559,726,70,Train Station,40.805144639820114,-73.93914699554443,2012-06-06 20:32:52,2012-06-04,train,559_9
559,3963,117,Other Great Outdoors,40.804672218031,-73.93980814949656,2012-06-06 20:37:34,2012-06-04,train,559_9
559,4139,96,Deli / Bodega,40.80507336437818,-73.94108826141857,2012-06-06 20:39:31,2012-06-04,train,559_9
559,4277,6,Home (private),40.80356163623484,-73.94186034276925,2012-06-07 12:38:43,2012-06-04,train,559_9
559,3963,117,Other Great Outdoors,40.804672218031,-73.93980814949656,2012-06-07 12:58:04,2012-06-04,train,559_9
559,3527,120,Other Great Outdoors,40.80489686471875,-73.93880357143554,2012-06-07 12:59:55,2012-06-04,train,559_9
559,1996,264,Subway,40.803894,-73.937624,2012-06-07 13:01:12,2012-06-04,train,559_9
559,1403,264,Subway,40.74137193935539,-73.98931503295898,2012-06-07 13:26:09,2012-06-04,train,559_9
559,1332,301,Neighborhood,40.741672705942285,-73.98928821086884,2012-06-07 13:27:54,2012-06-04,train,559_9
559,1403,264,Subway,40.74137193935539,-73.98931503295898,2012-06-07 19:30:15,2012-06-04,train,559_9
559,349,70,Train Station,40.75280620914171,-73.97717535495758,2012-06-07 19:50:35,2012-06-04,train,559_9
559,4650,133,Hot Dog Joint,40.75281067913847,-73.97726655006409,2012-06-07 19:58:35,2012-06-04,train,559_9
559,2271,269,Miscellaneous Shop,40.75277926721909,-73.97710013223526,2012-06-07 20:10:37,2012-06-04,train,559_9
559,726,70,Train Station,40.805144639820114,-73.93914699554443,2012-06-07 20:33:31,2012-06-04,train,559_9
559,3963,117,Other Great Outdoors,40.804672218031,-73.93980814949656,2012-06-07 20:38:26,2012-06-04,train,559_9
559,4139,96,Deli / Bodega,40.80507336437818,-73.94108826141857,2012-06-07 20:40:59,2012-06-04,train,559_9
559,4277,6,Home (private),40.80356163623484,-73.94186034276925,2012-06-10 05:15:28,2012-06-04,train,559_9
559,3963,117,Other Great Outdoors,40.804672218031,-73.93980814949656,2012-06-10 07:03:10,2012-06-04,train,559_9
559,4139,96,Deli / Bodega,40.80507336437818,-73.94108826141857,2012-06-10 07:07:09,2012-06-04,train,559_9
561,971,221,Bridge,40.705953265881305,-73.99656772613525,2012-06-04 06:16:22,2012-06-04,train,561_9
561,1709,77,Government Building,40.7117844949098,-74.00208234786987,2012-06-04 07:14:38,2012-06-04,train,561_9
561,3968,6,Home (private),40.836080595143486,-73.82426211435131,2012-06-04 18:47:40,2012-06-04,train,561_9
561,2972,2,Gym / Fitness Center,40.86552989326557,-73.85773713020735,2012-06-04 19:55:21,2012-06-04,train,561_9
561,971,221,Bridge,40.705953265881305,-73.99656772613525,2012-06-05 08:38:41,2012-06-04,train,561_9
561,1709,77,Government Building,40.7117844949098,-74.00208234786987,2012-06-05 08:45:09,2012-06-04,train,561_9
561,1709,77,Government Building,40.7117844949098,-74.00208234786987,2012-06-06 11:24:40,2012-06-04,train,561_9
561,3424,35,Bookstore,40.70881201448755,-74.00527954101562,2012-06-06 13:31:52,2012-06-04,train,561_9
561,1709,77,Government Building,40.7117844949098,-74.00208234786987,2012-06-06 18:12:31,2012-06-04,train,561_9
561,3968,6,Home (private),40.836080595143486,-73.82426211435131,2012-06-06 21:17:59,2012-06-04,train,561_9
561,3613,37,Bar,40.81010860635189,-73.80350573593947,2012-06-06 21:24:12,2012-06-04,train,561_9
561,3968,6,Home (private),40.836080595143486,-73.82426211435131,2012-06-06 23:24:17,2012-06-04,train,561_9
561,2807,96,Deli / Bodega,40.709456,-74.0063757,2012-06-07 12:25:12,2012-06-04,train,561_9
561,1852,98,Donut Shop,40.711131380000005,-74.006383,2012-06-07 12:25:26,2012-06-04,train,561_9
561,2972,2,Gym / Fitness Center,40.86552989326557,-73.85773713020735,2012-06-07 20:06:04,2012-06-04,train,561_9
561,971,221,Bridge,40.705953265881305,-73.99656772613525,2012-06-08 07:13:15,2012-06-04,train,561_9
561,1852,98,Donut Shop,40.711131380000005,-74.006383,2012-06-08 07:43:35,2012-06-04,train,561_9
561,1709,77,Government Building,40.7117844949098,-74.00208234786987,2012-06-08 08:02:22,2012-06-04,train,561_9
561,3424,35,Bookstore,40.70881201448755,-74.00527954101562,2012-06-08 14:55:55,2012-06-04,train,561_9
561,2659,194,Mexican Restaurant,40.70962611336823,-74.00639139810971,2012-06-08 15:03:42,2012-06-04,train,561_9
561,3968,6,Home (private),40.836080595143486,-73.82426211435131,2012-06-08 21:51:21,2012-06-04,train,561_9
561,2972,2,Gym / Fitness Center,40.86552989326557,-73.85773713020735,2012-06-09 08:23:28,2012-06-04,train,561_9
561,1553,254,Department Store,40.90122520923615,-73.817176,2012-06-09 16:10:58,2012-06-04,train,561_9
561,3968,6,Home (private),40.836080595143486,-73.82426211435131,2012-06-10 22:18:50,2012-06-04,train,561_9
562,4630,6,Home (private),40.88108826152176,-74.07113588841028,2012-06-04 23:01:12,2012-06-04,train,562_9
562,4630,6,Home (private),40.88108826152176,-74.07113588841028,2012-06-06 22:50:03,2012-06-04,train,562_9
562,2827,62,Automotive Shop,40.86198150306815,-74.04790453737951,2012-06-07 13:12:31,2012-06-04,train,562_9
562,2827,62,Automotive Shop,40.86198150306815,-74.04790453737951,2012-06-08 12:15:40,2012-06-04,train,562_9
562,4630,6,Home (private),40.88108826152176,-74.07113588841028,2012-06-09 00:57:39,2012-06-04,train,562_9
562,4630,6,Home (private),40.88108826152176,-74.07113588841028,2012-06-10 23:23:19,2012-06-04,train,562_9
563,405,241,Airport,40.645089355976346,-73.7845230102539,2012-06-04 20:46:57,2012-06-04,train,563_8
563,2598,63,Office,40.74185966827027,-74.00429248809814,2012-06-07 12:06:18,2012-06-04,train,563_8
563,409,223,Harbor / Marina,40.72992160603484,-74.010901763343,2012-06-08 13:42:29,2012-06-04,train,563_8
563,2598,63,Office,40.74185966827027,-74.00429248809814,2012-06-08 18:25:50,2012-06-04,train,563_8
563,616,130,Burger Joint,40.78082577322013,-73.97648334503174,2012-06-08 20:29:29,2012-06-04,train,563_8
563,66,48,Bar,40.78345291250954,-73.97912610229315,2012-06-08 21:36:49,2012-06-04,train,563_8
565,1163,61,Office,40.73081838902494,-73.99138477421569,2012-06-05 09:21:54,2012-06-04,train,565_6
565,1163,61,Office,40.73081838902494,-73.99138477421569,2012-06-06 18:10:29,2012-06-04,train,565_6
565,1082,61,Office,40.7586315839765,-73.9821564085939,2012-06-07 10:43:25,2012-06-04,train,565_6
565,653,58,Electronics Store,40.74107414663219,-74.0051408163161,2012-06-07 20:43:14,2012-06-04,train,565_6
565,1163,61,Office,40.73081838902494,-73.99138477421569,2012-06-08 09:15:25,2012-06-04,train,565_6
566,2746,6,Home (private),40.810428884265626,-74.20032308006297,2012-06-06 18:28:02,2012-06-04,train,566_9
566,4947,136,Office,40.81142848322627,-74.1967430825946,2012-06-07 17:49:31,2012-06-04,train,566_9
566,2022,108,Gastropub,40.80202685,-74.20413768333333,2012-06-08 19:39:15,2012-06-04,train,566_9
566,2746,6,Home (private),40.810428884265626,-74.20032308006297,2012-06-08 22:50:30,2012-06-04,train,566_9
566,2022,108,Gastropub,40.80202685,-74.20413768333333,2012-06-09 18:26:37,2012-06-04,train,566_9
566,2746,6,Home (private),40.810428884265626,-74.20032308006297,2012-06-09 23:56:31,2012-06-04,train,566_9
566,1777,42,Food & Drink Shop,40.8377843193101,-74.1840505873695,2012-06-10 09:59:26,2012-06-04,train,566_9
566,2022,108,Gastropub,40.80202685,-74.20413768333333,2012-06-10 12:10:58,2012-06-04,train,566_9
566,1878,32,Hardware Store,40.78575817957543,-74.19752271965883,2012-06-10 15:02:49,2012-06-04,train,566_9
566,1750,152,Food & Drink Shop,40.797306,-74.200943,2012-06-10 15:03:10,2012-06-04,train,566_9
566,2964,6,Home (private),40.810428884265626,-74.20032308006297,2012-06-10 16:23:02,2012-06-04,train,566_9
567,1326,42,Food & Drink Shop,40.6467216781025,-73.95701719681918,2012-06-08 16:03:53,2012-06-04,train,567_9
567,48,232,Music Venue,40.73169799836348,-73.98922693741638,2012-06-08 23:48:07,2012-06-04,train,567_9
568,192,121,Park,40.73528249691621,-73.99040315158283,2012-06-05 08:54:42,2012-06-04,train,568_6
568,405,241,Airport,40.645089355976346,-73.7845230102539,2012-06-07 20:23:20,2012-06-04,train,568_6
569,2719,70,Train Station,40.74982540095488,-73.8627576828003,2012-06-04 09:38:22,2012-06-04,train,569_8
569,819,138,Gym / Fitness Center,40.77920900596156,-73.9551287537907,2012-06-07 18:10:30,2012-06-04,train,569_8
569,2719,70,Train Station,40.74982540095488,-73.8627576828003,2012-06-08 09:22:31,2012-06-04,train,569_8
569,190,157,Stadium,40.82827721161922,-73.92655344439045,2012-06-09 18:16:16,2012-06-04,train,569_8
569,2719,70,Train Station,40.74982540095488,-73.8627576828003,2012-06-10 18:09:57,2012-06-04,train,569_8
570,4782,136,Office,40.761782,-73.958256,2012-06-08 12:20:12,2012-06-04,train,570_8
570,4782,136,Office,40.761782,-73.958256,2012-06-10 11:05:54,2012-06-04,train,570_8
572,2907,281,Residential Building (Apartment / Condo),40.75757750382832,-73.96870332070132,2012-06-05 06:46:54,2012-06-04,train,572_9
572,2109,222,Coffee Shop,40.7539591745711,-73.97656637453203,2012-06-05 07:12:45,2012-06-04,train,572_9
572,2907,281,Residential Building (Apartment / Condo),40.75757750382832,-73.96870332070132,2012-06-06 07:03:55,2012-06-04,train,572_9
572,1013,222,Coffee Shop,40.75784646513721,-73.97099913603616,2012-06-06 07:06:59,2012-06-04,train,572_9
572,2109,222,Coffee Shop,40.7539591745711,-73.97656637453203,2012-06-06 13:23:25,2012-06-04,train,572_9
572,349,70,Train Station,40.75280620914171,-73.97717535495758,2012-06-06 18:37:42,2012-06-04,train,572_9
572,1196,35,Bookstore,40.75837793616776,-73.9696618269312,2012-06-06 18:47:33,2012-06-04,train,572_9
572,1110,138,Gym / Fitness Center,40.76364734011364,-73.97844135761261,2012-06-06 19:32:59,2012-06-04,train,572_9
572,2907,281,Residential Building (Apartment / Condo),40.75757750382832,-73.96870332070132,2012-06-07 00:19:40,2012-06-04,train,572_9
572,2907,281,Residential Building (Apartment / Condo),40.75757750382832,-73.96870332070132,2012-06-07 08:07:42,2012-06-04,train,572_9
572,1013,222,Coffee Shop,40.75784646513721,-73.97099913603616,2012-06-07 08:08:17,2012-06-04,train,572_9
572,1162,194,Mexican Restaurant,40.75214805919624,-73.97416157683648,2012-06-07 11:20:07,2012-06-04,train,572_9
572,3720,61,Office,40.75566091379096,-73.97538900375366,2012-06-07 14:40:32,2012-06-04,train,572_9
572,2907,281,Residential Building (Apartment / Condo),40.75757750382832,-73.96870332070132,2012-06-08 07:08:24,2012-06-04,train,572_9
572,1013,222,Coffee Shop,40.75784646513721,-73.97099913603616,2012-06-08 07:11:56,2012-06-04,train,572_9
572,2969,269,Miscellaneous Shop,40.758249600000006,-73.970181,2012-06-08 21:39:19,2012-06-04,train,572_9
572,1196,35,Bookstore,40.75837793616776,-73.9696618269312,2012-06-08 21:39:32,2012-06-04,train,572_9
572,2907,281,Residential Building (Apartment / Condo),40.75757750382832,-73.96870332070132,2012-06-08 21:47:15,2012-06-04,train,572_9
572,926,47,Bar,40.75554713431404,-73.96856546401978,2012-06-09 12:59:16,2012-06-04,train,572_9
572,2907,281,Residential Building (Apartment / Condo),40.75757750382832,-73.96870332070132,2012-06-09 15:22:12,2012-06-04,train,572_9
572,2907,281,Residential Building (Apartment / Condo),40.75757750382832,-73.96870332070132,2012-06-10 09:55:34,2012-06-04,train,572_9
572,1013,222,Coffee Shop,40.75784646513721,-73.97099913603616,2012-06-10 09:56:47,2012-06-04,train,572_9
572,486,147,Movie Theater,40.74276195733468,-73.97692322731018,2012-06-10 17:28:52,2012-06-04,train,572_9
573,4552,63,Office,40.724169079279605,-73.99721145629883,2012-06-06 22:57:57,2012-06-04,train,573_6
573,4552,63,Office,40.724169079279605,-73.99721145629883,2012-06-07 00:02:44,2012-06-04,train,573_6
573,4552,63,Office,40.724169079279605,-73.99721145629883,2012-06-07 12:35:42,2012-06-04,train,573_6
573,1845,121,Park,40.73228891214305,-74.01051196130837,2012-06-07 13:10:38,2012-06-04,train,573_6
573,4552,63,Office,40.724169079279605,-73.99721145629883,2012-06-08 15:49:16,2012-06-04,train,573_6
575,847,265,Mall,40.917335441802095,-74.0756607055664,2012-06-06 12:38:17,2012-06-04,train,575_9
575,2133,54,Food & Drink Shop,40.91637850483696,-74.07649656441112,2012-06-06 12:48:27,2012-06-04,train,575_9
575,2676,269,Miscellaneous Shop,40.89239656932563,-74.11344766616821,2012-06-07 13:33:32,2012-06-04,train,575_9
578,1125,137,Gym / Fitness Center,40.76024,-73.964614,2012-06-04 08:15:07,2012-06-04,train,578_5
578,1462,138,Gym / Fitness Center,40.74516719837307,-73.976945170474,2012-06-06 08:25:04,2012-06-04,train,578_5
578,863,107,Cuban Restaurant,40.722534,-73.982745,2012-06-06 13:41:27,2012-06-04,train,578_5
578,1125,137,Gym / Fitness Center,40.76024,-73.964614,2012-06-08 07:54:12,2012-06-04,train,578_5
579,4499,274,Fried Chicken Joint,40.68154051914814,-73.9226951689998,2012-06-06 19:47:43,2012-06-04,train,579_1
579,4204,91,High School,40.818486177634,-73.94988656044006,2012-06-07 17:55:56,2012-06-04,train,579_1
579,4200,301,Neighborhood,40.815628082496914,-73.95837306976318,2012-06-09 18:25:13,2012-06-04,train,579_1
583,2407,163,Medical Center,40.63535650906132,-74.10638620755533,2012-06-05 08:29:12,2012-06-04,train,583_9
583,2407,163,Medical Center,40.63535650906132,-74.10638620755533,2012-06-06 08:35:00,2012-06-04,train,583_9
583,2674,146,Movie Theater,40.62644009732692,-74.17276190554297,2012-06-06 19:39:59,2012-06-04,train,583_9
583,2407,163,Medical Center,40.63535650906132,-74.10638620755533,2012-06-07 08:19:44,2012-06-04,train,583_9
583,2096,138,Gym / Fitness Center,40.63007813541231,-74.10927110121547,2012-06-07 19:49:22,2012-06-04,train,583_9
583,2407,163,Medical Center,40.63535650906132,-74.10638620755533,2012-06-08 08:18:12,2012-06-04,train,583_9
583,2096,138,Gym / Fitness Center,40.63007813541231,-74.10927110121547,2012-06-09 10:22:22,2012-06-04,train,583_9
585,134,130,Burger Joint,40.73809430948774,-74.00388368084829,2012-06-04 21:44:39,2012-06-04,train,585_3
585,678,47,Bar,40.74809415449163,-73.98609638214111,2012-06-07 19:17:24,2012-06-04,train,585_3
585,4206,58,Electronics Store,40.72330662896355,-74.00072746825762,2012-06-08 12:25:57,2012-06-04,train,585_3
585,3752,94,Caribbean Restaurant,40.72763277258863,-74.00158882141113,2012-06-08 14:52:31,2012-06-04,train,585_3
585,192,121,Park,40.73528249691621,-73.99040315158283,2012-06-10 15:09:35,2012-06-04,train,585_3
585,3116,319,Market,40.74186151409088,-73.98943362953369,2012-06-10 16:03:45,2012-06-04,train,585_3
585,2190,37,Bar,40.70845296660802,-74.00478462653045,2012-06-10 21:17:35,2012-06-04,train,585_3
588,1833,222,Coffee Shop,40.70813495353977,-73.83076429367065,2012-06-04 07:10:38,2012-06-04,train,588_9
588,1833,222,Coffee Shop,40.70813495353977,-73.83076429367065,2012-06-05 07:18:02,2012-06-04,train,588_9
588,1833,222,Coffee Shop,40.70813495353977,-73.83076429367065,2012-06-06 07:00:43,2012-06-04,train,588_9
588,2142,258,Food & Drink Shop,40.7103907665044,-73.8516840781583,2012-06-06 18:28:17,2012-06-04,train,588_9
590,1680,173,Community College,40.95105710437937,-74.08986568450928,2012-06-05 08:11:57,2012-06-04,train,590_0
590,3974,212,Hotel,40.744030085263496,-73.98403884753738,2012-06-10 15:50:06,2012-06-04,train,590_0
591,4583,90,School,40.69402062684463,-73.92782749938354,2012-06-04 08:21:31,2012-06-04,train,591_0
591,4583,90,School,40.69402062684463,-73.92782749938354,2012-06-06 08:45:39,2012-06-04,train,591_0
591,4583,90,School,40.69402062684463,-73.92782749938354,2012-06-07 12:24:26,2012-06-04,train,591_0
591,4583,90,School,40.69402062684463,-73.92782749938354,2012-06-08 12:18:01,2012-06-04,train,591_0
591,4205,254,Department Store,40.66013495000427,-74.10709739818067,2012-06-08 18:19:49,2012-06-04,train,591_0
592,2058,61,Office,40.69397659283043,-73.98524979698584,2012-06-04 09:30:32,2012-06-04,train,592_9
592,2058,61,Office,40.69397659283043,-73.98524979698584,2012-06-05 09:25:51,2012-06-04,train,592_9
592,2058,61,Office,40.69397659283043,-73.98524979698584,2012-06-06 09:09:08,2012-06-04,train,592_9
592,1313,2,Gym / Fitness Center,40.71926874226221,-74.00171450760502,2012-06-06 18:37:36,2012-06-04,train,592_9
592,1313,2,Gym / Fitness Center,40.71926874226221,-74.00171450760502,2012-06-09 09:40:26,2012-06-04,train,592_9
594,1665,173,Community College,40.74482280084993,-73.93645570868266,2012-06-04 17:59:00,2012-06-04,train,594_8
594,3569,6,Home (private),40.84302968918218,-73.94186034276925,2012-06-07 01:16:17,2012-06-04,train,594_8
595,3106,13,Clothing Store,40.72343212477769,-74.00055530971083,2012-06-08 17:19:22,2012-06-04,train,595_9
595,234,121,Park,40.74218830848454,-73.98792418909154,2012-06-08 17:49:55,2012-06-04,train,595_9
595,3953,51,Food & Drink Shop,40.73898201597659,-73.989677131176,2012-06-08 17:53:51,2012-06-04,train,595_9
595,3175,6,Home (private),40.75753284199823,-73.96537147003376,2012-06-09 00:35:33,2012-06-04,train,595_9
595,1261,138,Gym / Fitness Center,40.75367746344614,-73.9697479200717,2012-06-09 10:18:53,2012-06-04,train,595_9
596,4177,163,Medical Center,40.86088438,-73.88990591390933,2012-06-05 08:34:36,2012-06-04,train,596_9
596,4823,136,Office,40.86133198810645,-73.89028487916683,2012-06-05 08:34:55,2012-06-04,train,596_9
596,4177,163,Medical Center,40.86088438,-73.88990591390933,2012-06-06 08:29:03,2012-06-04,train,596_9
596,4823,136,Office,40.86133198810645,-73.89028487916683,2012-06-06 08:29:28,2012-06-04,train,596_9
596,4177,163,Medical Center,40.86088438,-73.88990591390933,2012-06-07 11:00:27,2012-06-04,train,596_9
596,4177,163,Medical Center,40.86088438,-73.88990591390933,2012-06-08 08:40:43,2012-06-04,train,596_9
596,4823,136,Office,40.86133198810645,-73.89028487916683,2012-06-08 08:41:20,2012-06-04,train,596_9
596,190,157,Stadium,40.82827721161922,-73.92655344439045,2012-06-09 15:17:16,2012-06-04,train,596_9
596,726,70,Train Station,40.805144639820114,-73.93914699554443,2012-06-09 15:34:44,2012-06-04,train,596_9
596,3384,6,Home (private),40.8411386603833,-73.85954898955855,2012-06-10 00:55:56,2012-06-04,train,596_9
599,189,238,Music Venue,40.7221525738643,-73.98682594299316,2012-06-04 20:28:23,2012-06-04,train,599_2
599,455,222,Coffee Shop,40.711812,-73.949068,2012-06-08 15:55:00,2012-06-04,train,599_2
599,886,230,Bowling Alley,40.72196809845332,-73.95756248848197,2012-06-09 13:59:46,2012-06-04,train,599_2
599,3730,255,Flea Market,40.72059136642329,-73.96331906318665,2012-06-09 15:04:05,2012-06-04,train,599_2
599,188,102,American Restaurant,40.71339779478764,-73.95115090913559,2012-06-10 18:02:16,2012-06-04,train,599_2
600,932,61,Office,40.7501685020163,-73.97381721193798,2012-06-04 09:05:29,2012-06-04,train,600_8
600,932,61,Office,40.7501685020163,-73.97381721193798,2012-06-05 09:28:22,2012-06-04,train,600_8
600,932,61,Office,40.7501685020163,-73.97381721193798,2012-06-07 08:57:19,2012-06-04,train,600_8
600,678,47,Bar,40.74809415449163,-73.98609638214111,2012-06-07 18:27:52,2012-06-04,train,600_8
600,932,61,Office,40.7501685020163,-73.97381721193798,2012-06-08 09:03:04,2012-06-04,train,600_8
600,4339,37,Bar,40.710931,-73.950951,2012-06-10 00:45:08,2012-06-04,train,600_8
602,2074,80,Building,40.7588958925549,-73.9792121911996,2012-06-04 09:50:17,2012-06-04,train,602_9
602,422,194,Mexican Restaurant,40.721215,-73.987393,2012-06-05 00:51:39,2012-06-04,train,602_9
602,2074,80,Building,40.7588958925549,-73.9792121911996,2012-06-05 09:57:26,2012-06-04,train,602_9
602,2074,80,Building,40.7588958925549,-73.9792121911996,2012-06-06 11:02:41,2012-06-04,train,602_9
602,2074,80,Building,40.7588958925549,-73.9792121911996,2012-06-07 09:49:12,2012-06-04,train,602_9
602,6,232,Music Venue,40.73492041854701,-73.98829722365633,2012-06-10 21:22:00,2012-06-04,train,602_9
604,3625,6,Home (private),40.76741095844762,-73.96537147003376,2012-06-04 20:42:10,2012-06-04,train,604_8
604,3658,61,Office,40.75133977617688,-73.97533815225673,2012-06-06 08:31:31,2012-06-04,train,604_8
604,3658,61,Office,40.75133977617688,-73.97533815225673,2012-06-07 08:30:18,2012-06-04,train,604_8
604,349,70,Train Station,40.75280620914171,-73.97717535495758,2012-06-08 13:37:31,2012-06-04,train,604_8
604,726,70,Train Station,40.805144639820114,-73.93914699554443,2012-06-08 13:58:37,2012-06-04,train,604_8
604,1827,70,Train Station,40.926865,-73.839701,2012-06-08 14:13:08,2012-06-04,train,604_8
604,1527,70,Train Station,40.86149293891381,-73.89058023691177,2012-06-10 18:24:32,2012-06-04,train,604_8
604,726,70,Train Station,40.805144639820114,-73.93914699554443,2012-06-10 18:31:18,2012-06-04,train,604_8
604,349,70,Train Station,40.75280620914171,-73.97717535495758,2012-06-10 18:47:08,2012-06-04,train,604_8
604,3625,6,Home (private),40.76741095844762,-73.96537147003376,2012-06-10 19:29:14,2012-06-04,train,604_8
605,1069,70,Train Station,40.76147966168067,-74.07551050186157,2012-06-08 11:39:56,2012-06-04,train,605_5
605,406,147,Movie Theater,40.73416736029532,-73.99048715829849,2012-06-08 20:34:47,2012-06-04,train,605_5
605,349,70,Train Station,40.75280620914171,-73.97717535495758,2012-06-08 23:32:22,2012-06-04,train,605_5
605,1069,70,Train Station,40.76147966168067,-74.07551050186157,2012-06-09 13:22:19,2012-06-04,train,605_5
606,1287,61,Office,40.80615113329764,-74.07784459703637,2012-06-04 08:43:15,2012-06-04,train,606_9
606,2653,138,Gym / Fitness Center,40.799194302240885,-74.09895295732946,2012-06-04 19:05:37,2012-06-04,train,606_9
606,1287,61,Office,40.80615113329764,-74.07784459703637,2012-06-05 08:09:40,2012-06-04,train,606_9
606,1287,61,Office,40.80615113329764,-74.07784459703637,2012-06-06 08:59:25,2012-06-04,train,606_9
606,622,61,Office,40.74050711736373,-73.98690838360204,2012-06-07 09:30:53,2012-06-04,train,606_9
606,909,194,Mexican Restaurant,40.766038408545775,-73.98682594299316,2012-06-07 19:52:38,2012-06-04,train,606_9
606,1287,61,Office,40.80615113329764,-74.07784459703637,2012-06-08 09:06:28,2012-06-04,train,606_9
606,2653,138,Gym / Fitness Center,40.799194302240885,-74.09895295732946,2012-06-09 08:47:47,2012-06-04,train,606_9
607,4693,250,Design Studio,40.75386723884809,-73.98179411888123,2012-06-04 18:07:42,2012-06-04,train,607_7
607,4693,250,Design Studio,40.75386723884809,-73.98179411888123,2012-06-06 11:07:09,2012-06-04,train,607_7
607,503,137,Gym / Fitness Center,40.77424772550128,-73.98162840411491,2012-06-07 08:59:52,2012-06-04,train,607_7
607,179,121,Park,40.75372797263211,-73.98368835767094,2012-06-07 16:53:23,2012-06-04,train,607_7
607,658,36,Middle Eastern Restaurant,40.74428549628668,-73.9874880246811,2012-06-08 21:02:14,2012-06-04,train,607_7
607,4967,220,BBQ Joint,40.7418112381317,-73.98826278972687,2012-06-09 12:43:44,2012-06-04,train,607_7
608,1298,221,Bridge,40.82809886666084,-73.93391132354736,2012-06-04 08:32:05,2012-06-04,train,608_9
608,1298,221,Bridge,40.82809886666084,-73.93391132354736,2012-06-04 17:29:56,2012-06-04,train,608_9
608,1298,221,Bridge,40.82809886666084,-73.93391132354736,2012-06-05 08:26:09,2012-06-04,train,608_9
608,97,102,American Restaurant,40.814755,-73.958872,2012-06-06 12:35:05,2012-06-04,train,608_9
608,1718,165,College Academic Building,40.8121202519876,-73.96193504333496,2012-06-06 17:10:15,2012-06-04,train,608_9
608,1298,221,Bridge,40.82809886666084,-73.93391132354736,2012-06-07 08:25:01,2012-06-04,train,608_9
608,3973,301,Neighborhood,40.81209887355516,-73.90957668420633,2012-06-08 23:33:34,2012-06-04,train,608_9
609,1475,241,Airport,40.773839,-73.87122,2012-06-06 09:39:03,2012-06-04,train,609_8
609,1475,241,Airport,40.773839,-73.87122,2012-06-07 05:45:32,2012-06-04,train,609_8
610,2733,80,Building,40.82749248,-73.8566178,2012-06-04 17:03:36,2012-06-04,train,610_9
610,2946,42,Food & Drink Shop,40.83256534295196,-73.86053387599038,2012-06-04 17:04:02,2012-06-04,train,610_9
610,2733,80,Building,40.82749248,-73.8566178,2012-06-06 14:08:07,2012-06-04,train,610_9
610,2733,80,Building,40.82749248,-73.8566178,2012-06-07 13:44:07,2012-06-04,train,610_9
610,2697,58,Electronics Store,40.82593,-73.85714,2012-06-07 14:36:14,2012-06-04,train,610_9
610,2510,26,Drugstore / Pharmacy,40.83274925601631,-73.86167093990406,2012-06-07 15:07:03,2012-06-04,train,610_9
610,2697,58,Electronics Store,40.82593,-73.85714,2012-06-08 14:40:24,2012-06-04,train,610_9
610,2946,42,Food & Drink Shop,40.83256534295196,-73.86053387599038,2012-06-09 16:43:19,2012-06-04,train,610_9
610,2510,26,Drugstore / Pharmacy,40.83274925601631,-73.86167093990406,2012-06-09 17:11:42,2012-06-04,train,610_9
610,2697,58,Electronics Store,40.82593,-73.85714,2012-06-10 15:03:39,2012-06-04,train,610_9
611,3484,37,Bar,40.72306326129451,-73.95069122314453,2012-06-05 01:27:23,2012-06-04,train,611_6
611,3852,50,Bar,40.723733,-73.951196,2012-06-05 02:04:19,2012-06-04,train,611_6
614,490,138,Gym / Fitness Center,40.74272121548715,-73.99276210416295,2012-06-04 19:01:40,2012-06-04,train,614_6
614,1972,222,Coffee Shop,40.75660642282902,-73.98627135029868,2012-06-06 13:16:00,2012-06-04,train,614_6
614,490,138,Gym / Fitness Center,40.74272121548715,-73.99276210416295,2012-06-07 18:39:03,2012-06-04,train,614_6
614,2941,42,Food & Drink Shop,40.74174,-73.99365,2012-06-07 19:55:46,2012-06-04,train,614_6
614,626,42,Food & Drink Shop,40.73904817158152,-73.99932150226327,2012-06-08 14:43:53,2012-06-04,train,614_6
614,1818,264,Subway,40.737824111931104,-74.00020077824593,2012-06-08 18:30:47,2012-06-04,train,614_6
614,2843,6,Home (private),40.74277689101572,-74.00063278107605,2012-06-09 18:16:25,2012-06-04,train,614_6
614,2843,6,Home (private),40.74277689101572,-74.00063278107605,2012-06-09 22:34:00,2012-06-04,train,614_6
620,2213,222,Coffee Shop,40.612287,-74.1324905,2012-06-06 09:19:48,2012-06-04,train,620_8
620,4273,120,Other Great Outdoors,40.6090001096405,-74.09121541179414,2012-06-06 13:48:02,2012-06-04,train,620_8
620,4649,6,Home (private),40.625784494598165,-74.0828838592642,2012-06-06 20:00:44,2012-06-04,train,620_8
620,2213,222,Coffee Shop,40.612287,-74.1324905,2012-06-07 06:52:57,2012-06-04,train,620_8
620,4649,6,Home (private),40.625784494598165,-74.0828838592642,2012-06-07 15:07:10,2012-06-04,train,620_8
620,4649,6,Home (private),40.625784494598165,-74.0828838592642,2012-06-08 13:08:29,2012-06-04,train,620_8
620,4649,6,Home (private),40.625784494598165,-74.0828838592642,2012-06-08 20:07:09,2012-06-04,train,620_8
620,4799,62,Automotive Shop,40.6136280022555,-74.08612761592299,2012-06-08 20:38:35,2012-06-04,train,620_8
620,4799,62,Automotive Shop,40.6136280022555,-74.08612761592299,2012-06-08 20:38:49,2012-06-04,train,620_8
620,4799,62,Automotive Shop,40.6136280022555,-74.08612761592299,2012-06-08 20:40:04,2012-06-04,train,620_8
620,2848,221,Bridge,40.60233803273628,-74.06333122960736,2012-06-08 20:45:37,2012-06-04,train,620_8
620,916,221,Bridge,40.705888200473375,-73.9900016784668,2012-06-09 03:08:15,2012-06-04,train,620_8
620,4649,6,Home (private),40.625784494598165,-74.0828838592642,2012-06-10 15:00:50,2012-06-04,train,620_8
620,3064,301,Neighborhood,40.69209951756762,-73.98722976897095,2012-06-10 20:58:42,2012-06-04,train,620_8
620,2838,301,Neighborhood,40.66911608150882,-73.94283771514893,2012-06-10 21:25:52,2012-06-04,train,620_8
620,868,97,Diner,40.69786695727706,-73.9917807575885,2012-06-10 23:46:21,2012-06-04,train,620_8
621,4937,6,Home (private),40.7062774576441,-73.88307005845945,2012-06-04 18:18:36,2012-06-04,train,621_2
621,4937,6,Home (private),40.7062774576441,-73.88307005845945,2012-06-06 17:23:27,2012-06-04,train,621_2
621,4937,6,Home (private),40.7062774576441,-73.88307005845945,2012-06-08 15:26:21,2012-06-04,train,621_2
621,1628,70,Train Station,40.719615593177686,-73.84486198425293,2012-06-09 12:14:50,2012-06-04,train,621_2
621,4937,6,Home (private),40.7062774576441,-73.88307005845945,2012-06-10 17:44:21,2012-06-04,train,621_2
622,2543,270,Parking,40.67314678600656,-74.17938957454913,2012-06-05 09:04:23,2012-06-04,train,622_9
622,2441,239,Airport,40.67269474451546,-74.18225613998314,2012-06-05 09:04:33,2012-06-04,train,622_9
622,2543,270,Parking,40.67314678600656,-74.17938957454913,2012-06-06 09:24:38,2012-06-04,train,622_9
622,2441,239,Airport,40.67269474451546,-74.18225613998314,2012-06-06 09:24:50,2012-06-04,train,622_9
622,3003,138,Gym / Fitness Center,40.72710348333333,-74.17256301666667,2012-06-06 12:33:07,2012-06-04,train,622_9
622,2543,270,Parking,40.67314678600656,-74.17938957454913,2012-06-07 09:25:32,2012-06-04,train,622_9
622,3003,138,Gym / Fitness Center,40.72710348333333,-74.17256301666667,2012-06-07 12:43:16,2012-06-04,train,622_9
623,2417,144,Casino,40.91902658090872,-73.86536922350342,2012-06-04 06:02:48,2012-06-04,train,623_4
623,3947,236,Playground,40.93863446166685,-73.88495633054484,2012-06-04 19:07:11,2012-06-04,train,623_4
623,3947,236,Playground,40.93863446166685,-73.88495633054484,2012-06-04 19:58:30,2012-06-04,train,623_4
623,2793,257,Road,40.9497244451749,-73.8796218946306,2012-06-04 19:58:56,2012-06-04,train,623_4
623,3323,34,Gas Station / Garage,40.93896744214266,-73.88559943894194,2012-06-06 11:20:39,2012-06-04,train,623_4
623,4322,34,Gas Station / Garage,40.93860938109822,-73.88496781464188,2012-06-06 12:14:56,2012-06-04,train,623_4
623,4927,281,Residential Building (Apartment / Condo),40.93855827828266,-73.88512859192987,2012-06-06 12:41:18,2012-06-04,train,623_4
623,4927,281,Residential Building (Apartment / Condo),40.93855827828266,-73.88512859192987,2012-06-07 12:23:57,2012-06-04,train,623_4
623,2940,96,Deli / Bodega,40.93342226294919,-73.87314319610596,2012-06-09 05:44:25,2012-06-04,train,623_4
623,2417,144,Casino,40.91902658090872,-73.86536922350342,2012-06-09 06:09:52,2012-06-04,train,623_4
623,2940,96,Deli / Bodega,40.93342226294919,-73.87314319610596,2012-06-10 06:04:38,2012-06-04,train,623_4
623,2417,144,Casino,40.91902658090872,-73.86536922350342,2012-06-10 06:16:13,2012-06-04,train,623_4
623,4263,277,Food,40.91776755014766,-73.86441020323001,2012-06-10 11:26:01,2012-06-04,train,623_4
623,4927,281,Residential Building (Apartment / Condo),40.93855827828266,-73.88512859192987,2012-06-10 20:18:50,2012-06-04,train,623_4
624,911,201,Ice Cream Shop,40.74753570734198,-73.98621969885711,2012-06-04 21:24:37,2012-06-04,train,624_6
624,1029,233,Other Great Outdoors,40.742184818893,-73.98838288,2012-06-09 09:24:09,2012-06-04,train,624_6
624,514,222,Coffee Shop,40.744044646949455,-73.98373696088365,2012-06-10 14:34:21,2012-06-04,train,624_6
624,234,121,Park,40.74218830848454,-73.98792418909154,2012-06-10 15:19:07,2012-06-04,train,624_6
625,2126,47,Bar,40.75533,-73.968463,2012-06-04 19:30:11,2012-06-04,train,625_7
625,826,130,Burger Joint,40.713240189310966,-74.01618003845215,2012-06-07 15:05:32,2012-06-04,train,625_7
625,3864,130,Burger Joint,40.71529762488199,-74.0147852897644,2012-06-07 17:12:17,2012-06-04,train,625_7
625,4783,48,Bar,40.7416219021172,-73.98123239980367,2012-06-07 18:20:57,2012-06-04,train,625_7
625,439,58,Electronics Store,40.76393850093645,-73.97308830420383,2012-06-10 18:39:37,2012-06-04,train,625_7
627,4857,80,Building,40.78390963909752,-73.83610838742469,2012-06-04 08:17:28,2012-06-04,train,627_7
627,4857,80,Building,40.78390963909752,-73.83610838742469,2012-06-05 07:51:28,2012-06-04,train,627_7
627,4857,80,Building,40.78390963909752,-73.83610838742469,2012-06-06 07:54:21,2012-06-04,train,627_7
627,4857,80,Building,40.78390963909752,-73.83610838742469,2012-06-07 16:28:16,2012-06-04,train,627_7
628,510,222,Coffee Shop,40.72622617709173,-73.85275840759277,2012-06-04 06:20:40,2012-06-04,train,628_6
628,3543,203,Food Truck,40.728851,-73.851599,2012-06-05 08:24:27,2012-06-04,train,628_6
628,2250,163,Medical Center,40.72878729696505,-73.85198593139648,2012-06-05 08:24:55,2012-06-04,train,628_6
628,510,222,Coffee Shop,40.72622617709173,-73.85275840759277,2012-06-06 06:15:46,2012-06-04,train,628_6
628,919,221,Bridge,40.85121557428245,-73.95206451416016,2012-06-07 12:22:58,2012-06-04,train,628_6
628,2646,155,Stadium,40.8134844303353,-74.07433032989502,2012-06-07 12:32:55,2012-06-04,train,628_6
628,974,221,Bridge,40.60679958140643,-74.04416981025437,2012-06-07 16:12:01,2012-06-04,train,628_6
629,1197,222,Coffee Shop,40.7270333463285,-73.99521257923753,2012-06-06 15:48:48,2012-06-04,train,629_9
629,1236,72,Government Building,40.714167263011184,-74.00162100791931,2012-06-07 09:34:17,2012-06-04,train,629_9
629,1469,63,Office,40.72605141451036,-73.99578645646149,2012-06-07 10:12:54,2012-06-04,train,629_9
629,822,20,Falafel Restaurant,40.72909625079526,-73.98886442184448,2012-06-07 13:35:33,2012-06-04,train,629_9
629,3358,138,Gym / Fitness Center,40.72800542208163,-73.99348519842566,2012-06-08 12:53:54,2012-06-04,train,629_9
629,111,47,Bar,40.7761672,-73.9561516,2012-06-08 21:23:33,2012-06-04,train,629_9
629,2909,130,Burger Joint,40.77912606570555,-73.95490489457822,2012-06-08 22:12:20,2012-06-04,train,629_9
629,2909,130,Burger Joint,40.77912606570555,-73.95490489457822,2012-06-08 22:23:36,2012-06-04,train,629_9
629,58,55,Bar,40.72706973142783,-73.99190604686737,2012-06-08 23:05:33,2012-06-04,train,629_9
629,1543,47,Bar,40.726946267342754,-73.99148807430478,2012-06-09 01:56:06,2012-06-04,train,629_9
631,587,266,Bus Station,40.75722129839836,-73.99154663085938,2012-06-04 05:17:25,2012-06-04,train,631_9
631,987,257,Road,40.76117085825042,-74.01128768920898,2012-06-04 05:49:38,2012-06-04,train,631_9
631,987,257,Road,40.76117085825042,-74.01128768920898,2012-06-06 04:33:22,2012-06-04,train,631_9
631,2607,6,Home (private),40.83838533640991,-74.11812337576457,2012-06-06 13:10:10,2012-06-04,train,631_9
631,2657,93,Breakfast Spot,40.83654656118707,-74.11412886369745,2012-06-07 13:03:03,2012-06-04,train,631_9
631,3343,73,Bus Station,40.83663762839422,-74.11431238944799,2012-06-07 15:18:27,2012-06-04,train,631_9
631,2799,257,Road,40.84066470643357,-74.16179180145264,2012-06-07 15:39:25,2012-06-04,train,631_9
631,987,257,Road,40.76117085825042,-74.01128768920898,2012-06-07 15:54:00,2012-06-04,train,631_9
631,1001,209,Sushi Restaurant,40.7640074067716,-73.98678786395,2012-06-07 17:55:40,2012-06-04,train,631_9
631,2254,70,Train Station,40.82829370405848,-74.10080909729004,2012-06-08 19:44:46,2012-06-04,train,631_9
631,1069,70,Train Station,40.76147966168067,-74.07551050186157,2012-06-08 20:29:35,2012-06-04,train,631_9
631,2570,70,Train Station,40.91085317373639,-74.03508424758911,2012-06-08 20:54:10,2012-06-04,train,631_9
631,2498,214,Bar,40.910667297995,-74.03597079516709,2012-06-08 21:38:18,2012-06-04,train,631_9
631,720,146,Movie Theater,40.828585959081536,-74.14026975631714,2012-06-10 15:49:56,2012-06-04,train,631_9
631,2607,6,Home (private),40.83838533640991,-74.11812337576457,2012-06-10 19:06:42,2012-06-04,train,631_9
632,653,58,Electronics Store,40.74107414663219,-74.0051408163161,2012-06-07 21:16:17,2012-06-04,train,632_7
632,860,259,Hotel,40.74587751338479,-73.98814227092514,2012-06-08 12:02:48,2012-06-04,train,632_7
632,1084,247,Sporting Goods Shop,40.76280318635086,-73.97336953664879,2012-06-10 18:18:33,2012-06-04,train,632_7
634,4905,6,Home (private),40.85155841497341,-74.14161270853154,2012-06-04 17:23:18,2012-06-04,train,634_5
634,2027,66,Arts & Crafts Store,40.82939777183173,-74.13660049438477,2012-06-06 12:57:08,2012-06-04,train,634_5
634,2118,131,Café,40.82966259190391,-74.13705098534123,2012-06-06 16:50:24,2012-06-04,train,634_5
634,4905,6,Home (private),40.85155841497341,-74.14161270853154,2012-06-06 19:19:56,2012-06-04,train,634_5
634,4905,6,Home (private),40.85155841497341,-74.14161270853154,2012-06-08 18:43:09,2012-06-04,train,634_5
634,987,257,Road,40.76117085825042,-74.01128768920898,2012-06-08 20:08:09,2012-06-04,train,634_5
634,587,266,Bus Station,40.75722129839836,-73.99154663085938,2012-06-08 20:15:53,2012-06-04,train,634_5
634,3799,300,Moving Target,40.67979989656288,-73.92130011616356,2012-06-09 13:00:17,2012-06-04,train,634_5
634,1733,264,Subway,40.75650612666626,-73.98802757263184,2012-06-09 13:52:47,2012-06-04,train,634_5
634,712,201,Ice Cream Shop,40.758865313652905,-73.99240629487407,2012-06-09 13:56:11,2012-06-04,train,634_5
634,4905,6,Home (private),40.85155841497341,-74.14161270853154,2012-06-09 15:26:56,2012-06-04,train,634_5
634,2118,131,Café,40.82966259190391,-74.13705098534123,2012-06-09 19:41:13,2012-06-04,train,634_5
634,2027,66,Arts & Crafts Store,40.82939777183173,-74.13660049438477,2012-06-10 10:20:09,2012-06-04,train,634_5
635,2411,121,Park,40.72413655548345,-74.08368587493896,2012-06-07 16:27:53,2012-06-04,train,635_7
635,446,192,Mac & Cheese Joint,40.73019161989554,-73.98417084713711,2012-06-09 17:30:27,2012-06-04,train,635_7
635,2669,214,Bar,40.740787336369145,-73.99331877220993,2012-06-10 18:34:26,2012-06-04,train,635_7
636,908,256,Furniture / Home Store,40.76266834615508,-73.96865740411552,2012-06-08 09:37:19,2012-06-04,train,636_9
636,369,145,Movie Theater,40.7311979118086,-74.00157272815704,2012-06-09 19:27:55,2012-06-04,train,636_9
636,539,145,Movie Theater,40.725768758926016,-73.99730722279487,2012-06-09 21:43:24,2012-06-04,train,636_9
636,908,256,Furniture / Home Store,40.76266834615508,-73.96865740411552,2012-06-10 12:58:33,2012-06-04,train,636_9
637,3717,136,Office,40.75270696886757,-73.9915626798901,2012-06-04 09:05:08,2012-06-04,train,637_9
637,1052,10,Gym / Fitness Center,40.715262677814174,-73.9601569077136,2012-06-04 19:29:59,2012-06-04,train,637_9
637,3717,136,Office,40.75270696886757,-73.9915626798901,2012-06-05 09:11:27,2012-06-04,train,637_9
637,3717,136,Office,40.75270696886757,-73.9915626798901,2012-06-06 09:07:36,2012-06-04,train,637_9
637,1545,197,Sandwich Place,40.75337803454713,-73.99275062645425,2012-06-07 13:14:18,2012-06-04,train,637_9
637,3717,136,Office,40.75270696886757,-73.9915626798901,2012-06-08 09:07:32,2012-06-04,train,637_9
637,1052,10,Gym / Fitness Center,40.715262677814174,-73.9601569077136,2012-06-08 19:10:42,2012-06-04,train,637_9
637,927,3,Thrift / Vintage Store,40.71822445,-73.95521,2012-06-09 12:43:29,2012-06-04,train,637_9
639,2408,8,Medical Center,40.78514255985002,-74.17647256809244,2012-06-06 15:20:25,2012-06-04,train,639_8
639,2408,8,Medical Center,40.78514255985002,-74.17647256809244,2012-06-07 15:13:19,2012-06-04,train,639_8
639,2408,8,Medical Center,40.78514255985002,-74.17647256809244,2012-06-09 15:28:13,2012-06-04,train,639_8
643,3131,28,Salon / Barbershop,40.60832376488109,-74.16391841234065,2012-06-05 10:25:39,2012-06-04,train,643_7
643,3131,28,Salon / Barbershop,40.60832376488109,-74.16391841234065,2012-06-08 12:55:03,2012-06-04,train,643_7
643,2981,96,Deli / Bodega,40.60732664579937,-74.16343867778778,2012-06-08 12:55:32,2012-06-04,train,643_7
644,4790,31,Bar,40.91738697741224,-74.17443031165675,2012-06-06 11:30:09,2012-06-04,train,644_5
644,4790,31,Bar,40.91738697741224,-74.17443031165675,2012-06-07 19:22:18,2012-06-04,train,644_5
644,4790,31,Bar,40.91738697741224,-74.17443031165675,2012-06-08 07:32:06,2012-06-04,train,644_5
644,2536,42,Food & Drink Shop,40.87908693430124,-74.08500908544775,2012-06-08 20:18:25,2012-06-04,train,644_5
644,4790,31,Bar,40.91738697741224,-74.17443031165675,2012-06-09 10:30:31,2012-06-04,train,644_5
646,2944,61,Office,40.72568909804001,-73.9965267555425,2012-06-05 10:16:35,2012-06-04,train,646_7
646,2944,61,Office,40.72568909804001,-73.9965267555425,2012-06-07 09:59:28,2012-06-04,train,646_7
646,527,42,Food & Drink Shop,40.723955,-73.991829,2012-06-07 14:26:30,2012-06-04,train,646_7
646,2944,61,Office,40.72568909804001,-73.9965267555425,2012-06-08 11:00:40,2012-06-04,train,646_7
648,3599,61,Office,40.759838111199954,-73.98109674453735,2012-06-07 10:39:29,2012-06-04,train,648_8
648,674,254,Department Store,40.75831461619259,-73.9772837904573,2012-06-07 19:10:55,2012-06-04,train,648_8
648,1214,7,Clothing Store,40.73512291106378,-73.99118391277207,2012-06-07 20:52:30,2012-06-04,train,648_8
648,436,241,Airport,40.68968493541091,-74.17938709259033,2012-06-08 10:09:24,2012-06-04,train,648_8
648,436,241,Airport,40.68968493541091,-74.17938709259033,2012-06-10 16:37:34,2012-06-04,train,648_8
649,4041,39,Beer Garden,40.7551842861191,-74.03163889097506,2012-06-09 20:21:41,2012-06-04,train,649_5
649,1509,112,Other Great Outdoors,40.78411592042216,-73.96772861480713,2012-06-10 16:51:48,2012-06-04,train,649_5
649,1776,146,Movie Theater,40.78531820515752,-74.04664993286133,2012-06-10 18:37:40,2012-06-04,train,649_5
650,481,42,Food & Drink Shop,40.76806170936614,-73.98184776306152,2012-06-04 17:36:12,2012-06-04,train,650_5
650,2778,138,Gym / Fitness Center,40.86253199035967,-73.8970372278273,2012-06-05 07:06:06,2012-06-04,train,650_5
650,4487,83,Church,40.824338247547885,-73.94678838797373,2012-06-06 18:23:51,2012-06-04,train,650_5
650,2778,138,Gym / Fitness Center,40.86253199035967,-73.8970372278273,2012-06-09 10:48:56,2012-06-04,train,650_5
650,183,223,Harbor / Marina,40.70566047104496,-74.00287628173828,2012-06-09 16:47:25,2012-06-04,train,650_5
650,971,221,Bridge,40.705953265881305,-73.99656772613525,2012-06-09 17:58:29,2012-06-04,train,650_5
650,1464,96,Deli / Bodega,40.72230706635953,-73.98735165596008,2012-06-09 19:48:52,2012-06-04,train,650_5
651,1583,242,Spa / Massage,40.724398990537104,-73.99753103267047,2012-06-08 18:44:49,2012-06-04,train,651_3
651,3501,194,Mexican Restaurant,40.724118658113454,-73.95111646856455,2012-06-08 21:12:12,2012-06-04,train,651_3
651,3484,37,Bar,40.72306326129451,-73.95069122314453,2012-06-08 22:52:46,2012-06-04,train,651_3
651,2723,301,Neighborhood,40.702407027583206,-73.98875100667293,2012-06-10 16:28:19,2012-06-04,train,651_3
651,3501,194,Mexican Restaurant,40.724118658113454,-73.95111646856455,2012-06-10 18:03:32,2012-06-04,train,651_3
652,1105,138,Gym / Fitness Center,40.72918161936382,-73.9905971288681,2012-06-04 22:54:06,2012-06-04,train,652_8
652,3192,263,Laundry Service,40.729545,-73.986137,2012-06-08 16:56:23,2012-06-04,train,652_8
653,3374,28,Salon / Barbershop,40.76014523422257,-73.97418453447446,2012-06-05 09:26:06,2012-06-04,train,653_9
653,861,254,Department Store,40.87364275972925,-73.90811920166016,2012-06-06 17:30:50,2012-06-04,train,653_9
653,894,222,Coffee Shop,40.73512485197505,-73.99009925734258,2012-06-06 19:48:29,2012-06-04,train,653_9
653,4054,201,Ice Cream Shop,40.72634864558351,-73.98415714502335,2012-06-06 20:50:11,2012-06-04,train,653_9
653,4471,58,Electronics Store,40.75281239893301,-73.97717474340911,2012-06-07 16:19:59,2012-06-04,train,653_9
653,3087,203,Food Truck,40.76112209968293,-73.97950887680054,2012-06-09 17:18:11,2012-06-04,train,653_9
653,3374,28,Salon / Barbershop,40.76014523422257,-73.97418453447446,2012-06-09 17:18:53,2012-06-04,train,653_9
653,347,214,Bar,40.742593,-74.000588,2012-06-09 21:05:57,2012-06-04,train,653_9
653,310,214,Bar,40.74212740110424,-73.9985812139799,2012-06-09 23:33:35,2012-06-04,train,653_9
653,2173,137,Gym / Fitness Center,40.74109555804945,-73.99270534515381,2012-06-10 00:03:53,2012-06-04,train,653_9
653,2669,214,Bar,40.740787336369145,-73.99331877220993,2012-06-10 00:04:43,2012-06-04,train,653_9
653,3374,28,Salon / Barbershop,40.76014523422257,-73.97418453447446,2012-06-10 10:37:33,2012-06-04,train,653_9
654,819,138,Gym / Fitness Center,40.77920900596156,-73.9551287537907,2012-06-04 20:26:26,2012-06-04,train,654_8
654,819,138,Gym / Fitness Center,40.77920900596156,-73.9551287537907,2012-06-06 20:45:53,2012-06-04,train,654_8
654,1115,138,Gym / Fitness Center,40.77104585950444,-73.95514023374332,2012-06-07 09:12:23,2012-06-04,train,654_8
654,357,70,Train Station,40.750794799423865,-73.99357639021292,2012-06-07 18:18:29,2012-06-04,train,654_8
654,1115,138,Gym / Fitness Center,40.77104585950444,-73.95514023374332,2012-06-08 19:32:26,2012-06-04,train,654_8
655,371,194,Mexican Restaurant,40.734195,-74.00316,2012-06-08 22:01:44,2012-06-04,train,655_5
655,2055,259,Hotel,40.72206051019107,-73.98854399996996,2012-06-09 00:28:11,2012-06-04,train,655_5
655,662,37,Bar,40.73466222781335,-73.98840052540763,2012-06-09 18:40:38,2012-06-04,train,655_5
655,4180,48,Bar,40.741503893507485,-73.99327286150431,2012-06-09 23:49:48,2012-06-04,train,655_5
657,4521,6,Home (private),40.8411386603833,-73.85954898955855,2012-06-04 20:15:12,2012-06-04,train,657_5
657,2902,263,Laundry Service,40.836805,-73.85742545127869,2012-06-05 09:04:09,2012-06-04,train,657_5
657,2902,263,Laundry Service,40.836805,-73.85742545127869,2012-06-06 04:46:53,2012-06-04,train,657_5
657,1709,77,Government Building,40.7117844949098,-74.00208234786987,2012-06-06 12:29:18,2012-06-04,train,657_5
657,3876,61,Office,40.71135501593197,-74.01059763264601,2012-06-06 15:47:55,2012-06-04,train,657_5
657,1038,37,Bar,40.70935512791738,-74.01115998713983,2012-06-06 15:48:15,2012-06-04,train,657_5
657,1473,107,Cuban Restaurant,40.710218205311854,-74.00796372580432,2012-06-06 15:49:49,2012-06-04,train,657_5
657,4521,6,Home (private),40.8411386603833,-73.85954898955855,2012-06-07 04:25:38,2012-06-04,train,657_5
657,2902,263,Laundry Service,40.836805,-73.85742545127869,2012-06-07 04:26:02,2012-06-04,train,657_5
657,1540,102,American Restaurant,40.837834696988814,-73.85997682712767,2012-06-07 04:26:26,2012-06-04,train,657_5
657,1038,37,Bar,40.70935512791738,-74.01115998713983,2012-06-07 12:20:20,2012-06-04,train,657_5
657,3419,61,Office,40.71011731976856,-74.0118670463562,2012-06-07 12:20:47,2012-06-04,train,657_5
657,820,254,Department Store,40.71056828033833,-74.01106817427426,2012-06-07 15:24:39,2012-06-04,train,657_5
657,2252,222,Coffee Shop,40.71077715245463,-74.01115998713983,2012-06-07 15:26:23,2012-06-04,train,657_5
657,1038,37,Bar,40.70935512791738,-74.01115998713983,2012-06-08 12:09:13,2012-06-04,train,657_5
657,691,37,Bar,40.77138107266706,-73.95646042374283,2012-06-08 16:16:19,2012-06-04,train,657_5
657,2339,206,Seafood Restaurant,40.85694778615185,-73.79164315382451,2012-06-08 19:39:02,2012-06-04,train,657_5
657,2902,263,Laundry Service,40.836805,-73.85742545127869,2012-06-08 21:16:54,2012-06-04,train,657_5
657,2835,42,Food & Drink Shop,40.838728343544574,-73.85827695692603,2012-06-08 21:17:50,2012-06-04,train,657_5
657,4521,6,Home (private),40.8411386603833,-73.85954898955855,2012-06-08 21:18:17,2012-06-04,train,657_5
657,2902,263,Laundry Service,40.836805,-73.85742545127869,2012-06-09 12:10:28,2012-06-04,train,657_5
658,987,257,Road,40.76117085825042,-74.01128768920898,2012-06-04 00:44:00,2012-06-04,train,658_1
658,4221,130,Burger Joint,40.82305195646278,-73.97602113663933,2012-06-04 17:02:22,2012-06-04,train,658_1
658,3995,121,Park,40.83374485999407,-73.97092580795288,2012-06-04 18:42:39,2012-06-04,train,658_1
658,4221,130,Burger Joint,40.82305195646278,-73.97602113663933,2012-06-04 20:13:35,2012-06-04,train,658_1
658,3439,19,Bank,40.82750051702387,-73.9734097126788,2012-06-04 23:12:32,2012-06-04,train,658_1
658,4952,6,Home (private),40.8283149288856,-73.97712595918333,2012-06-05 02:33:10,2012-06-04,train,658_1
658,4405,138,Gym / Fitness Center,40.81135694948407,-73.98144006729126,2012-06-06 12:09:12,2012-06-04,train,658_1
658,3439,19,Bank,40.82750051702387,-73.9734097126788,2012-06-06 13:18:57,2012-06-04,train,658_1
658,1645,70,Train Station,40.73606359173575,-74.02938723564148,2012-06-06 14:10:56,2012-06-04,train,658_1
658,2708,240,Airport,40.69881195801446,-73.8087272644043,2012-06-06 15:25:44,2012-06-04,train,658_1
658,405,241,Airport,40.645089355976346,-73.7845230102539,2012-06-06 15:44:56,2012-06-04,train,658_1
660,3139,6,Home (private),40.74118774734355,-74.27075087427112,2012-06-04 10:02:33,2012-06-04,train,660_9
660,3139,6,Home (private),40.74118774734355,-74.27075087427112,2012-06-04 23:57:47,2012-06-04,train,660_9
660,357,70,Train Station,40.750794799423865,-73.99357639021292,2012-06-06 19:42:30,2012-06-04,train,660_9
660,4887,6,Home (private),40.74932295035119,-73.97712595918333,2012-06-07 11:28:46,2012-06-04,train,660_9
660,3315,301,Neighborhood,40.76203225371199,-73.98515224456787,2012-06-07 11:34:29,2012-06-04,train,660_9
660,3289,301,Neighborhood,40.65016889724004,-73.94957542419434,2012-06-07 13:02:32,2012-06-04,train,660_9
660,4887,6,Home (private),40.74932295035119,-73.97712595918333,2012-06-07 21:22:18,2012-06-04,train,660_9
660,1439,70,Train Station,40.7459343899641,-74.26055347354944,2012-06-08 18:34:22,2012-06-04,train,660_9
660,4887,6,Home (private),40.74932295035119,-73.97712595918333,2012-06-08 22:39:59,2012-06-04,train,660_9
661,419,141,Bagel Shop,40.717542027538045,-73.95793318748474,2012-06-04 08:19:05,2012-06-04,train,661_6
661,149,37,Bar,40.735754595656175,-74.00079059301935,2012-06-09 23:50:02,2012-06-04,train,661_6
662,3496,90,School,40.85846571273066,-73.88847617473436,2012-06-04 08:03:22,2012-06-04,train,662_9
662,3698,104,Spanish Restaurant,40.85127,-73.895332,2012-06-05 07:45:13,2012-06-04,train,662_9
662,3496,90,School,40.85846571273066,-73.88847617473436,2012-06-05 08:02:50,2012-06-04,train,662_9
662,3496,90,School,40.85846571273066,-73.88847617473436,2012-06-06 08:05:04,2012-06-04,train,662_9
662,3496,90,School,40.85846571273066,-73.88847617473436,2012-06-07 14:07:09,2012-06-04,train,662_9
662,4279,279,Outdoors & Recreation,40.850649632367606,-73.89570515031271,2012-06-07 18:58:54,2012-06-04,train,662_9
662,3496,90,School,40.85846571273066,-73.88847617473436,2012-06-08 08:02:28,2012-06-04,train,662_9
662,478,146,Movie Theater,40.75699374459088,-73.98907899856567,2012-06-08 16:44:39,2012-06-04,train,662_9
662,1457,132,Fast Food Restaurant,40.75172001339673,-73.99286540351027,2012-06-08 19:16:30,2012-06-04,train,662_9
662,4279,279,Outdoors & Recreation,40.850649632367606,-73.89570515031271,2012-06-08 23:24:49,2012-06-04,train,662_9
662,4279,279,Outdoors & Recreation,40.850649632367606,-73.89570515031271,2012-06-10 14:17:06,2012-06-04,train,662_9
662,2566,132,Fast Food Restaurant,40.76609348850453,-73.98334441336685,2012-06-10 17:32:42,2012-06-04,train,662_9
663,1680,173,Community College,40.95105710437937,-74.08986568450928,2012-06-05 07:52:57,2012-06-04,train,663_9
663,1680,173,Community College,40.95105710437937,-74.08986568450928,2012-06-06 07:55:10,2012-06-04,train,663_9
663,4406,6,Home (private),40.82998413731276,-73.98887973002674,2012-06-06 15:53:39,2012-06-04,train,663_9
663,2015,265,Mall,40.81283482509646,-73.98407936096191,2012-06-07 19:58:49,2012-06-04,train,663_9
663,4727,6,Home (private),40.75765180683012,-74.03588760058483,2012-06-08 11:34:03,2012-06-04,train,663_9
663,2792,257,Road,40.70644125441471,-74.15183544158936,2012-06-08 12:05:47,2012-06-04,train,663_9
664,4417,6,Home (private),40.98764596081398,-73.98887973002674,2012-06-04 09:03:57,2012-06-04,train,664_6
664,4435,292,Factory,40.87871569491664,-73.98809061998695,2012-06-07 11:30:01,2012-06-04,train,664_6
664,4435,292,Factory,40.87871569491664,-73.98809061998695,2012-06-08 10:20:25,2012-06-04,train,664_6
664,1621,52,Bar,40.74028677076597,-74.00718330199486,2012-06-08 23:49:36,2012-06-04,train,664_6
664,4417,6,Home (private),40.98764596081398,-73.98887973002674,2012-06-09 16:17:51,2012-06-04,train,664_6
664,692,50,Bar,40.74400938999839,-73.98565727114978,2012-06-10 00:12:44,2012-06-04,train,664_6
664,692,50,Bar,40.74400938999839,-73.98565727114978,2012-06-10 02:30:01,2012-06-04,train,664_6
666,1330,254,Department Store,40.751575,-73.992015,2012-06-08 17:49:16,2012-06-04,train,666_2
666,934,269,Miscellaneous Shop,40.74858212413511,-73.9894220619547,2012-06-08 18:43:40,2012-06-04,train,666_2
666,1437,185,College Academic Building,40.77937325315485,-73.95507135401736,2012-06-10 17:19:51,2012-06-04,train,666_2
666,1202,222,Coffee Shop,40.77934896127287,-73.94778144420592,2012-06-10 19:01:55,2012-06-04,train,666_2
667,119,194,Mexican Restaurant,40.7499947979727,-73.97225034387054,2012-06-07 18:50:17,2012-06-04,train,667_4
667,683,48,Bar,40.68444072891164,-73.97776015315338,2012-06-08 18:33:53,2012-06-04,train,667_4
668,357,70,Train Station,40.750794799423865,-73.99357639021292,2012-06-04 09:05:10,2012-06-04,train,668_8
668,774,61,Office,40.75790395514735,-73.9864182472229,2012-06-04 09:22:56,2012-06-04,train,668_8
668,2267,70,Train Station,40.79263095814757,-74.2000937461853,2012-06-04 18:55:53,2012-06-04,train,668_8
668,774,61,Office,40.75790395514735,-73.9864182472229,2012-06-05 10:37:30,2012-06-04,train,668_8
668,3440,6,Home (private),40.79067094456822,-74.20032308006297,2012-06-06 08:30:22,2012-06-04,train,668_8
668,3440,6,Home (private),40.79067094456822,-74.20032308006297,2012-06-06 18:50:22,2012-06-04,train,668_8
668,3440,6,Home (private),40.79067094456822,-74.20032308006297,2012-06-07 08:26:40,2012-06-04,train,668_8
668,2267,70,Train Station,40.79263095814757,-74.2000937461853,2012-06-07 08:26:55,2012-06-04,train,668_8
668,774,61,Office,40.75790395514735,-73.9864182472229,2012-06-07 09:14:03,2012-06-04,train,668_8
668,2825,7,Clothing Store,40.7581988617573,-73.98558266326891,2012-06-07 13:47:14,2012-06-04,train,668_8
668,774,61,Office,40.75790395514735,-73.9864182472229,2012-06-07 18:21:40,2012-06-04,train,668_8
668,3156,254,Department Store,40.86679532183928,-74.10016536712646,2012-06-08 16:13:59,2012-06-04,train,668_8
668,234,121,Park,40.74218830848454,-73.98792418909154,2012-06-09 14:12:52,2012-06-04,train,668_8
670,2870,96,Deli / Bodega,40.812158822891696,-74.19442355632782,2012-06-04 05:53:34,2012-06-04,train,670_9
670,2870,96,Deli / Bodega,40.812158822891696,-74.19442355632782,2012-06-05 06:58:22,2012-06-04,train,670_9
670,2388,263,Laundry Service,40.81265281345007,-74.1908326387543,2012-06-05 07:42:28,2012-06-04,train,670_9
670,2870,96,Deli / Bodega,40.812158822891696,-74.19442355632782,2012-06-06 06:04:45,2012-06-04,train,670_9
670,4146,6,Home (private),40.79726155986237,-74.17684116064805,2012-06-06 18:36:07,2012-06-04,train,670_9
670,2870,96,Deli / Bodega,40.812158822891696,-74.19442355632782,2012-06-07 05:52:12,2012-06-04,train,670_9
670,1777,42,Food & Drink Shop,40.8377843193101,-74.1840505873695,2012-06-08 20:46:26,2012-06-04,train,670_9
670,2870,96,Deli / Bodega,40.812158822891696,-74.19442355632782,2012-06-09 06:06:42,2012-06-04,train,670_9
670,2594,98,Donut Shop,40.802794,-74.169468,2012-06-09 09:20:14,2012-06-04,train,670_9
670,2870,96,Deli / Bodega,40.812158822891696,-74.19442355632782,2012-06-10 06:53:40,2012-06-04,train,670_9
670,1887,128,Bakery,40.80887397382197,-74.19238049391119,2012-06-10 06:58:32,2012-06-04,train,670_9
670,720,146,Movie Theater,40.828585959081536,-74.14026975631714,2012-06-10 17:06:51,2012-06-04,train,670_9
675,357,70,Train Station,40.750794799423865,-73.99357639021292,2012-06-09 08:51:14,2012-06-04,train,675_9
675,3492,174,College Academic Building,40.8098120013228,-73.95910077666015,2012-06-10 22:07:48,2012-06-04,train,675_9
678,2155,70,Train Station,40.67559335141301,-73.9030122756958,2012-06-06 18:25:40,2012-06-04,train,678_8
678,3928,301,Neighborhood,40.66487975046727,-73.90974892387065,2012-06-07 11:20:13,2012-06-04,train,678_8
678,3289,301,Neighborhood,40.65016889724004,-73.94957542419434,2012-06-07 15:31:54,2012-06-04,train,678_8
678,4628,6,Home (private),40.67008028629618,-73.90658830179062,2012-06-08 16:08:07,2012-06-04,train,678_8
678,3289,301,Neighborhood,40.65016889724004,-73.94957542419434,2012-06-10 14:12:59,2012-06-04,train,678_8
678,2187,147,Movie Theater,40.66860605357424,-73.86195807621588,2012-06-10 14:16:25,2012-06-04,train,678_8
678,2187,147,Movie Theater,40.66860605357424,-73.86195807621588,2012-06-10 14:36:42,2012-06-04,train,678_8
678,4628,6,Home (private),40.67008028629618,-73.90658830179062,2012-06-10 19:05:58,2012-06-04,train,678_8
679,1038,37,Bar,40.70935512791738,-74.01115998713983,2012-06-07 15:01:01,2012-06-04,train,679_1
679,1608,70,Train Station,40.71267092713338,-74.01193141937256,2012-06-07 19:13:16,2012-06-04,train,679_1
679,935,214,Bar,40.718889,-74.043618,2012-06-07 19:44:05,2012-06-04,train,679_1
679,405,241,Airport,40.645089355976346,-73.7845230102539,2012-06-08 15:58:51,2012-06-04,train,679_1
680,1488,37,Bar,40.676829026053525,-73.96343804293127,2012-06-04 19:59:02,2012-06-04,train,680_7
680,3009,301,Neighborhood,40.72288437724696,-73.99875640869139,2012-06-09 11:33:30,2012-06-04,train,680_7
680,1145,264,Subway,40.707149,-73.99057,2012-06-09 21:47:10,2012-06-04,train,680_7
680,365,107,Cuban Restaurant,40.68647960590641,-73.97434294223785,2012-06-10 17:13:06,2012-06-04,train,680_7
680,1488,37,Bar,40.676829026053525,-73.96343804293127,2012-06-10 18:04:24,2012-06-04,train,680_7
681,2310,264,Subway,40.88357190912476,-73.86267185211182,2012-06-04 05:16:38,2012-06-04,train,681_9
681,1446,7,Clothing Store,40.77879,-73.953984,2012-06-04 05:59:53,2012-06-04,train,681_9
681,2310,264,Subway,40.88357190912476,-73.86267185211182,2012-06-05 05:19:18,2012-06-04,train,681_9
681,687,222,Coffee Shop,40.78007502367464,-73.95526897957147,2012-06-05 06:05:08,2012-06-04,train,681_9
681,1836,264,Subway,40.77950085761895,-73.9558461945179,2012-06-05 06:06:40,2012-06-04,train,681_9
681,1446,7,Clothing Store,40.77879,-73.953984,2012-06-05 06:14:44,2012-06-04,train,681_9
681,2310,264,Subway,40.88357190912476,-73.86267185211182,2012-06-06 08:39:41,2012-06-04,train,681_9
681,1978,264,Subway,40.87967830256009,-73.88464450836182,2012-06-06 22:20:53,2012-06-04,train,681_9
681,1836,264,Subway,40.77950085761895,-73.9558461945179,2012-06-06 22:52:14,2012-06-04,train,681_9
681,687,222,Coffee Shop,40.78007502367464,-73.95526897957147,2012-06-06 22:52:59,2012-06-04,train,681_9
681,1759,26,Drugstore / Pharmacy,40.7796238877232,-73.95570849054509,2012-06-06 22:53:32,2012-06-04,train,681_9
681,1446,7,Clothing Store,40.77879,-73.953984,2012-06-07 09:03:46,2012-06-04,train,681_9
681,2310,264,Subway,40.88357190912476,-73.86267185211182,2012-06-07 11:12:20,2012-06-04,train,681_9
681,2310,264,Subway,40.88357190912476,-73.86267185211182,2012-06-07 15:22:31,2012-06-04,train,681_9
681,358,160,Science Museum,40.78118443649759,-73.9732030930065,2012-06-08 16:05:35,2012-06-04,train,681_9
681,310,214,Bar,40.74212740110424,-73.9985812139799,2012-06-08 22:14:39,2012-06-04,train,681_9
681,349,70,Train Station,40.75280620914171,-73.97717535495758,2012-06-09 14:34:25,2012-06-04,train,681_9
681,2310,264,Subway,40.88357190912476,-73.86267185211182,2012-06-09 21:10:00,2012-06-04,train,681_9
681,1818,264,Subway,40.737824111931104,-74.00020077824593,2012-06-09 23:44:03,2012-06-04,train,681_9
681,310,214,Bar,40.74212740110424,-73.9985812139799,2012-06-10 00:09:41,2012-06-04,train,681_9
681,1484,214,Bar,40.760871,-73.990166,2012-06-10 01:23:40,2012-06-04,train,681_9
682,2814,206,Seafood Restaurant,40.77483281091239,-73.95447439536345,2012-06-04 19:14:16,2012-06-04,train,682_8
682,1936,138,Gym / Fitness Center,40.77578808457546,-73.95576015017144,2012-06-06 16:54:11,2012-06-04,train,682_8
682,2814,206,Seafood Restaurant,40.77483281091239,-73.95447439536345,2012-06-06 17:55:54,2012-06-04,train,682_8
682,1936,138,Gym / Fitness Center,40.77578808457546,-73.95576015017144,2012-06-09 15:07:09,2012-06-04,train,682_8
682,2814,206,Seafood Restaurant,40.77483281091239,-73.95447439536345,2012-06-10 14:13:18,2012-06-04,train,682_8
684,405,241,Airport,40.645089355976346,-73.7845230102539,2012-06-04 21:25:15,2012-06-04,train,684_1
684,1197,222,Coffee Shop,40.7270333463285,-73.99521257923753,2012-06-06 15:45:45,2012-06-04,train,684_1
684,105,202,Pizza Place,40.7264680648502,-73.99565979838371,2012-06-07 15:29:04,2012-06-04,train,684_1
684,58,55,Bar,40.72706973142783,-73.99190604686737,2012-06-08 14:25:52,2012-06-04,train,684_1
684,2495,102,American Restaurant,40.72561027403996,-73.99197578430176,2012-06-08 17:39:02,2012-06-04,train,684_1
684,324,102,American Restaurant,40.756534165264014,-73.99421402877248,2012-06-08 22:49:46,2012-06-04,train,684_1
684,3301,214,Bar,40.76421262848506,-73.9870174251268,2012-06-09 00:00:03,2012-06-04,train,684_1
684,192,121,Park,40.73528249691621,-73.99040315158283,2012-06-09 15:00:51,2012-06-04,train,684_1
684,339,159,Art Museum,40.778936659294864,-73.96229820007625,2012-06-09 15:36:15,2012-06-04,train,684_1
684,4466,214,Bar,40.76000064275873,-73.99648189544678,2012-06-10 01:21:28,2012-06-04,train,684_1
685,1896,70,Train Station,40.796702275247206,-73.69991540908813,2012-06-07 13:17:52,2012-06-04,train,685_1
685,357,70,Train Station,40.750794799423865,-73.99357639021292,2012-06-08 07:54:49,2012-06-04,train,685_1
685,587,266,Bus Station,40.75722129839836,-73.99154663085938,2012-06-08 07:55:16,2012-06-04,train,685_1
685,587,266,Bus Station,40.75722129839836,-73.99154663085938,2012-06-09 14:49:32,2012-06-04,train,685_1
685,357,70,Train Station,40.750794799423865,-73.99357639021292,2012-06-09 14:49:41,2012-06-04,train,685_1
685,1340,70,Train Station,40.745793884066536,-73.90296936035156,2012-06-09 23:31:55,2012-06-04,train,685_1
685,1896,70,Train Station,40.796702275247206,-73.69991540908813,2012-06-10 00:13:26,2012-06-04,train,685_1
685,1340,70,Train Station,40.745793884066536,-73.90296936035156,2012-06-10 14:58:02,2012-06-04,train,685_1
685,1896,70,Train Station,40.796702275247206,-73.69991540908813,2012-06-10 14:58:26,2012-06-04,train,685_1
686,3737,80,Building,40.75230660947181,-73.971854320252,2012-06-06 11:08:46,2012-06-04,train,686_9
686,3737,80,Building,40.75230660947181,-73.971854320252,2012-06-06 15:05:50,2012-06-04,train,686_9
686,2236,222,Coffee Shop,40.632195,-73.94833087920928,2012-06-07 11:07:10,2012-06-04,train,686_9
686,3737,80,Building,40.75230660947181,-73.971854320252,2012-06-07 12:02:43,2012-06-04,train,686_9
686,1407,222,Coffee Shop,40.75159143134631,-73.9741214009634,2012-06-07 15:50:27,2012-06-04,train,686_9
686,493,55,Bar,40.75625012037101,-73.9677161116947,2012-06-07 20:16:05,2012-06-04,train,686_9
686,2699,122,Plaza,40.6319874314515,-73.94709261961549,2012-06-08 12:53:28,2012-06-04,train,686_9
686,2236,222,Coffee Shop,40.632195,-73.94833087920928,2012-06-08 13:25:38,2012-06-04,train,686_9
686,942,141,Bagel Shop,40.680749,-73.974896,2012-06-09 13:05:47,2012-06-04,train,686_9
686,351,268,Convention Center,40.75671096305903,-74.00100198012031,2012-06-10 08:22:07,2012-06-04,train,686_9
687,4787,6,Home (private),40.76921864258713,-74.25901478846667,2012-06-04 17:51:48,2012-06-04,train,687_9
687,4787,6,Home (private),40.76921864258713,-74.25901478846667,2012-06-06 10:07:53,2012-06-04,train,687_9
687,4787,6,Home (private),40.76921864258713,-74.25901478846667,2012-06-06 14:03:50,2012-06-04,train,687_9
687,4787,6,Home (private),40.76921864258713,-74.25901478846667,2012-06-07 09:21:08,2012-06-04,train,687_9
687,4805,281,Residential Building (Apartment / Condo),40.789808426719794,-74.225942826706,2012-06-07 09:29:19,2012-06-04,train,687_9
687,4805,281,Residential Building (Apartment / Condo),40.789808426719794,-74.225942826706,2012-06-07 13:43:01,2012-06-04,train,687_9
687,4787,6,Home (private),40.76921864258713,-74.25901478846667,2012-06-07 14:11:07,2012-06-04,train,687_9
687,4787,6,Home (private),40.76921864258713,-74.25901478846667,2012-06-07 20:01:02,2012-06-04,train,687_9
687,4787,6,Home (private),40.76921864258713,-74.25901478846667,2012-06-08 18:12:55,2012-06-04,train,687_9
687,4805,281,Residential Building (Apartment / Condo),40.789808426719794,-74.225942826706,2012-06-09 23:56:25,2012-06-04,train,687_9
687,4787,6,Home (private),40.76921864258713,-74.25901478846667,2012-06-10 00:11:28,2012-06-04,train,687_9
689,2691,98,Donut Shop,40.73729142446389,-74.03733632862806,2012-06-04 07:57:50,2012-06-04,train,689_9
689,1381,42,Food & Drink Shop,40.74989042341799,-74.03604984283447,2012-06-04 17:05:54,2012-06-04,train,689_9
689,2505,52,Bar,40.742019,-74.048426,2012-06-04 19:33:25,2012-06-04,train,689_9
689,4268,90,School,40.740754144262496,-74.0578293800354,2012-06-05 08:45:09,2012-06-04,train,689_9
689,4602,295,Shrine,40.74203589692204,-74.04859873680917,2012-06-05 08:57:51,2012-06-04,train,689_9
689,4268,90,School,40.740754144262496,-74.0578293800354,2012-06-06 08:34:46,2012-06-04,train,689_9
689,4602,295,Shrine,40.74203589692204,-74.04859873680917,2012-06-06 09:26:40,2012-06-04,train,689_9
689,2505,52,Bar,40.742019,-74.048426,2012-06-06 18:25:45,2012-06-04,train,689_9
689,4268,90,School,40.740754144262496,-74.0578293800354,2012-06-07 08:46:08,2012-06-04,train,689_9
689,4602,295,Shrine,40.74203589692204,-74.04859873680917,2012-06-07 15:12:51,2012-06-04,train,689_9
689,2505,52,Bar,40.742019,-74.048426,2012-06-07 19:44:08,2012-06-04,train,689_9
689,4268,90,School,40.740754144262496,-74.0578293800354,2012-06-08 08:40:52,2012-06-04,train,689_9
689,1199,269,Miscellaneous Shop,40.72289631456779,-74.03914363725167,2012-06-08 09:28:48,2012-06-04,train,689_9
689,4602,295,Shrine,40.74203589692204,-74.04859873680917,2012-06-08 16:41:42,2012-06-04,train,689_9
689,190,157,Stadium,40.82827721161922,-73.92655344439045,2012-06-08 19:26:57,2012-06-04,train,689_9
690,3890,6,Home (private),40.72134148815057,-73.98887973002674,2012-06-06 22:42:14,2012-06-04,train,690_8
690,4606,63,Office,40.74499581625085,-73.9937893563088,2012-06-07 10:56:26,2012-06-04,train,690_8
690,941,122,Plaza,40.72988184075125,-73.99101957678795,2012-06-07 20:34:25,2012-06-04,train,690_8
690,454,207,Dessert Shop,40.73441062140292,-73.9908166227313,2012-06-07 21:06:58,2012-06-04,train,690_8
690,3774,203,Food Truck,40.73580789980458,-73.98917528677009,2012-06-08 15:18:25,2012-06-04,train,690_8
690,3890,6,Home (private),40.72134148815057,-73.98887973002674,2012-06-08 19:33:14,2012-06-04,train,690_8
690,3890,6,Home (private),40.72134148815057,-73.98887973002674,2012-06-08 22:09:13,2012-06-04,train,690_8
690,70,48,Bar,40.74624500344291,-73.97755086421967,2012-06-09 20:11:07,2012-06-04,train,690_8
690,3890,6,Home (private),40.72134148815057,-73.98887973002674,2012-06-10 00:55:36,2012-06-04,train,690_8
690,225,121,Park,40.72651075083395,-73.98171901702881,2012-06-10 12:42:58,2012-06-04,train,690_8
690,3890,6,Home (private),40.72134148815057,-73.98887973002674,2012-06-10 13:11:35,2012-06-04,train,690_8
690,209,93,Breakfast Spot,40.72615562548205,-73.98364284819401,2012-06-10 14:55:17,2012-06-04,train,690_8
690,3891,201,Ice Cream Shop,40.73282332706532,-73.99385248335616,2012-06-10 16:20:25,2012-06-04,train,690_8
690,54,261,Hobby Shop,40.73354816138232,-73.99102896237186,2012-06-10 17:11:46,2012-06-04,train,690_8
691,3050,233,Other Great Outdoors,40.72768968623147,-74.04474020004272,2012-06-04 07:04:38,2012-06-04,train,691_8
691,2452,61,Office,40.77365248770834,-73.98092248281702,2012-06-04 09:16:40,2012-06-04,train,691_8
691,1521,70,Train Station,40.71948548899754,-74.0427017211914,2012-06-04 19:12:44,2012-06-04,train,691_8
691,3050,233,Other Great Outdoors,40.72768968623147,-74.04474020004272,2012-06-05 06:56:57,2012-06-04,train,691_8
691,1521,70,Train Station,40.71948548899754,-74.0427017211914,2012-06-05 08:22:45,2012-06-04,train,691_8
691,2452,61,Office,40.77365248770834,-73.98092248281702,2012-06-05 09:22:14,2012-06-04,train,691_8
691,3050,233,Other Great Outdoors,40.72768968623147,-74.04474020004272,2012-06-06 07:04:51,2012-06-04,train,691_8
691,1521,70,Train Station,40.71948548899754,-74.0427017211914,2012-06-06 08:24:40,2012-06-04,train,691_8
691,2452,61,Office,40.77365248770834,-73.98092248281702,2012-06-06 09:39:41,2012-06-04,train,691_8
691,1608,70,Train Station,40.71267092713338,-74.01193141937256,2012-06-06 19:00:19,2012-06-04,train,691_8
691,3050,233,Other Great Outdoors,40.72768968623147,-74.04474020004272,2012-06-07 07:08:53,2012-06-04,train,691_8
691,1521,70,Train Station,40.71948548899754,-74.0427017211914,2012-06-07 08:29:41,2012-06-04,train,691_8
691,2452,61,Office,40.77365248770834,-73.98092248281702,2012-06-07 09:15:32,2012-06-04,train,691_8
691,3050,233,Other Great Outdoors,40.72768968623147,-74.04474020004272,2012-06-07 19:27:57,2012-06-04,train,691_8
691,1521,70,Train Station,40.71948548899754,-74.0427017211914,2012-06-08 08:14:05,2012-06-04,train,691_8
691,2452,61,Office,40.77365248770834,-73.98092248281702,2012-06-08 11:48:25,2012-06-04,train,691_8
691,1608,70,Train Station,40.71267092713338,-74.01193141937256,2012-06-08 19:02:19,2012-06-04,train,691_8
691,3050,233,Other Great Outdoors,40.72768968623147,-74.04474020004272,2012-06-09 08:51:34,2012-06-04,train,691_8
691,3050,233,Other Great Outdoors,40.72768968623147,-74.04474020004272,2012-06-10 09:03:53,2012-06-04,train,691_8
692,4820,135,Post Office,40.68942794146308,-73.8275791423314,2012-06-04 09:00:57,2012-06-04,train,692_8
692,4820,135,Post Office,40.68942794146308,-73.8275791423314,2012-06-05 09:17:17,2012-06-04,train,692_8
692,4820,135,Post Office,40.68942794146308,-73.8275791423314,2012-06-06 12:24:14,2012-06-04,train,692_8
692,2914,6,Home (private),40.69954648520066,-73.836025107013,2012-06-08 16:59:43,2012-06-04,train,692_8
692,4820,135,Post Office,40.68942794146308,-73.8275791423314,2012-06-09 05:20:06,2012-06-04,train,692_8
692,2914,6,Home (private),40.69954648520066,-73.836025107013,2012-06-10 18:36:26,2012-06-04,train,692_8
694,3368,6,Home (private),40.76597116277859,-74.16509908485864,2012-06-04 19:29:27,2012-06-04,train,694_9
694,3650,183,University,40.710173556374286,-74.08774517133206,2012-06-06 13:51:44,2012-06-04,train,694_9
694,3368,6,Home (private),40.76597116277859,-74.16509908485864,2012-06-06 20:41:41,2012-06-04,train,694_9
694,5083,19,Bank,40.77244011961403,-74.18476721485364,2012-06-07 09:36:21,2012-06-04,train,694_9
694,3643,106,Burrito Place,40.80494,-73.992149,2012-06-07 10:21:54,2012-06-04,train,694_9
694,3368,6,Home (private),40.76597116277859,-74.16509908485864,2012-06-07 16:33:11,2012-06-04,train,694_9
694,3204,48,Bar,40.73797525266959,-74.02742164453427,2012-06-07 20:01:04,2012-06-04,train,694_9
694,531,102,American Restaurant,40.75821277375464,-73.98682594299316,2012-06-08 19:56:23,2012-06-04,train,694_9
694,3368,6,Home (private),40.76597116277859,-74.16509908485864,2012-06-09 04:28:27,2012-06-04,train,694_9
694,3643,106,Burrito Place,40.80494,-73.992149,2012-06-09 11:00:40,2012-06-04,train,694_9
694,3368,6,Home (private),40.76597116277859,-74.16509908485864,2012-06-09 16:49:58,2012-06-04,train,694_9
695,1475,241,Airport,40.773839,-73.87122,2012-06-04 08:52:25,2012-06-04,train,695_6
695,1748,70,Train Station,40.91095047083101,-73.78409385681152,2012-06-08 20:05:00,2012-06-04,train,695_6
695,1748,70,Train Station,40.91095047083101,-73.78409385681152,2012-06-10 11:34:07,2012-06-04,train,695_6
697,2627,6,Home (private),40.863020847419,-74.0828838592642,2012-06-07 04:56:40,2012-06-04,train,697_9
697,3624,37,Bar,40.863929,-74.079579,2012-06-07 04:56:50,2012-06-04,train,697_9
697,2627,6,Home (private),40.863020847419,-74.0828838592642,2012-06-08 13:46:46,2012-06-04,train,697_9
697,3624,37,Bar,40.863929,-74.079579,2012-06-08 13:47:02,2012-06-04,train,697_9
697,1960,44,Food & Drink Shop,40.7373,-74.03744,2012-06-08 14:36:50,2012-06-04,train,697_9
697,2627,6,Home (private),40.863020847419,-74.0828838592642,2012-06-09 13:11:24,2012-06-04,train,697_9
697,3624,37,Bar,40.863929,-74.079579,2012-06-09 13:11:34,2012-06-04,train,697_9
698,1905,222,Coffee Shop,40.76044707055429,-73.98752245874954,2012-06-07 09:04:07,2012-06-04,train,698_4
698,2832,37,Bar,40.583875,-73.94781236666667,2012-06-10 00:12:34,2012-06-04,train,698_4
699,2681,91,High School,40.7698909959447,-74.03692322710262,2012-06-04 08:13:44,2012-06-04,train,699_9
699,3334,132,Fast Food Restaurant,40.774093,-74.03775911,2012-06-04 18:23:53,2012-06-04,train,699_9
699,2681,91,High School,40.7698909959447,-74.03692322710262,2012-06-05 08:01:34,2012-06-04,train,699_9
699,2681,91,High School,40.7698909959447,-74.03692322710262,2012-06-06 08:00:56,2012-06-04,train,699_9
699,3334,132,Fast Food Restaurant,40.774093,-74.03775911,2012-06-06 11:19:55,2012-06-04,train,699_9
699,2681,91,High School,40.7698909959447,-74.03692322710262,2012-06-06 11:39:19,2012-06-04,train,699_9
699,2936,6,Home (private),40.76753211836426,-74.03588760058483,2012-06-06 22:33:33,2012-06-04,train,699_9
699,2681,91,High School,40.7698909959447,-74.03692322710262,2012-06-07 08:03:59,2012-06-04,train,699_9
699,2681,91,High School,40.7698909959447,-74.03692322710262,2012-06-08 08:11:45,2012-06-04,train,699_9
699,3334,132,Fast Food Restaurant,40.774093,-74.03775911,2012-06-08 16:12:58,2012-06-04,train,699_9
699,2936,6,Home (private),40.76753211836426,-74.03588760058483,2012-06-08 19:38:19,2012-06-04,train,699_9
699,2725,194,Mexican Restaurant,40.7694623998084,-74.0438138726682,2012-06-08 22:11:30,2012-06-04,train,699_9
699,2936,6,Home (private),40.76753211836426,-74.03588760058483,2012-06-09 10:05:21,2012-06-04,train,699_9
699,2936,6,Home (private),40.76753211836426,-74.03588760058483,2012-06-10 17:06:57,2012-06-04,train,699_9
699,1055,147,Movie Theater,40.8080275486526,-73.98811340332031,2012-06-10 19:39:18,2012-06-04,train,699_9
701,1501,254,Department Store,40.824648526250215,-74.13560271263123,2012-06-06 12:55:11,2012-06-04,train,701_8
701,4793,6,Home (private),40.79396685845335,-74.15335626699198,2012-06-07 14:02:43,2012-06-04,train,701_8
701,4785,6,Home (private),40.79396685845335,-74.15335626699198,2012-06-08 17:10:09,2012-06-04,train,701_8
702,3999,6,Home (private),40.75765180683012,-74.03588760058483,2012-06-07 14:39:10,2012-06-04,train,702_8
702,2686,35,Bookstore,40.79938031206696,-74.00857773347474,2012-06-08 15:13:10,2012-06-04,train,702_8
702,4485,130,Burger Joint,40.74204545087182,-74.00076189994842,2012-06-08 20:21:59,2012-06-04,train,702_8
702,954,146,Movie Theater,40.74492342607472,-73.9980360386088,2012-06-08 20:57:39,2012-06-04,train,702_8
702,317,214,Bar,40.75176892243845,-74.0041992992451,2012-06-09 00:03:40,2012-06-04,train,702_8
702,2734,73,Bus Station,40.75816401301727,-73.99508714675903,2012-06-09 12:43:18,2012-06-04,train,702_8
702,4231,214,Bar,40.765162620688834,-73.98763149992548,2012-06-09 18:56:48,2012-06-04,train,702_8
702,4651,37,Bar,40.758846660085474,-73.9895510673523,2012-06-09 19:46:02,2012-06-04,train,702_8
703,1964,264,Subway,40.85723693198472,-73.86762857437134,2012-06-04 07:22:28,2012-06-04,train,703_7
703,2443,177,College Academic Building,40.74161144365944,-73.974259146779,2012-06-04 08:20:42,2012-06-04,train,703_7
703,929,163,Medical Center,40.741933755026,-73.97469534121134,2012-06-04 08:20:58,2012-06-04,train,703_7
703,2443,177,College Academic Building,40.74161144365944,-73.974259146779,2012-06-04 08:21:15,2012-06-04,train,703_7
703,1964,264,Subway,40.85723693198472,-73.86762857437134,2012-06-05 07:29:04,2012-06-04,train,703_7
703,1964,264,Subway,40.85723693198472,-73.86762857437134,2012-06-07 07:18:52,2012-06-04,train,703_7
703,929,163,Medical Center,40.741933755026,-73.97469534121134,2012-06-08 16:58:34,2012-06-04,train,703_7
704,1475,241,Airport,40.773839,-73.87122,2012-06-08 20:24:57,2012-06-04,train,704_9
704,4110,211,Bar,40.7301861621649,-73.9835682395307,2012-06-09 01:25:51,2012-06-04,train,704_9
704,3960,93,Breakfast Spot,40.73299870199674,-73.98549556732178,2012-06-09 09:21:20,2012-06-04,train,704_9
704,2702,257,Road,40.72737259531574,-74.02115821838379,2012-06-09 13:25:44,2012-06-04,train,704_9
704,436,241,Airport,40.68968493541091,-74.17938709259033,2012-06-09 14:22:31,2012-06-04,train,704_9
704,1921,239,Airport,40.69576975606927,-74.1773271560669,2012-06-09 14:22:56,2012-06-04,train,704_9
705,3762,259,Hotel,40.759458456654,-73.99512649750574,2012-06-04 18:55:35,2012-06-04,train,705_2
705,351,268,Convention Center,40.75671096305903,-74.00100198012031,2012-06-07 09:41:25,2012-06-04,train,705_2
705,598,52,Bar,40.76401977376754,-73.9975740281675,2012-06-07 19:54:19,2012-06-04,train,705_2
705,1848,264,Subway,40.83304508893079,-73.86081591534423,2012-06-09 07:38:33,2012-06-04,train,705_2
705,990,183,University,40.740225077794776,-73.98348215257546,2012-06-09 10:12:40,2012-06-04,train,705_2
706,3894,61,Office,40.702696,-74.013553,2012-06-06 12:05:59,2012-06-04,train,706_9
706,4213,6,Home (private),40.72955814318108,-73.97712595918333,2012-06-07 02:52:09,2012-06-04,train,706_9
706,4232,211,Bar,40.731805,-73.975817,2012-06-07 02:52:26,2012-06-04,train,706_9
706,3894,61,Office,40.702696,-74.013553,2012-06-07 10:41:13,2012-06-04,train,706_9
706,3858,117,Other Great Outdoors,40.7721081261999,-73.97590398788452,2012-06-07 19:28:29,2012-06-04,train,706_9
706,703,226,Art Gallery,40.76734270625945,-73.9657072405405,2012-06-07 19:29:02,2012-06-04,train,706_9
706,415,166,College Academic Building,40.736461616381874,-73.9964751068622,2012-06-08 16:39:50,2012-06-04,train,706_9
706,1800,175,College Academic Building,40.736618,-73.996506,2012-06-08 16:40:14,2012-06-04,train,706_9
706,2689,301,Neighborhood,40.71424858464975,-73.95375967025757,2012-06-09 05:47:34,2012-06-04,train,706_9
706,1209,281,Residential Building (Apartment / Condo),40.73176295054582,-73.97792100906372,2012-06-09 05:48:35,2012-06-04,train,706_9
706,813,120,Other Great Outdoors,40.73166539024325,-73.97783517837524,2012-06-09 05:49:01,2012-06-04,train,706_9
706,4558,224,Arcade,40.73159998297512,-73.97557346647744,2012-06-09 05:49:15,2012-06-04,train,706_9
706,4213,6,Home (private),40.72955814318108,-73.97712595918333,2012-06-09 05:49:23,2012-06-04,train,706_9
706,4232,211,Bar,40.731805,-73.975817,2012-06-09 05:49:31,2012-06-04,train,706_9
706,4017,89,Temple,40.73170295946717,-73.97570547188988,2012-06-10 07:02:44,2012-06-04,train,706_9
706,4558,224,Arcade,40.73159998297512,-73.97557346647744,2012-06-10 07:02:52,2012-06-04,train,706_9
706,4232,211,Bar,40.731805,-73.975817,2012-06-10 07:03:01,2012-06-04,train,706_9
708,1871,99,Thai Restaurant,40.74322529020578,-73.99635314941406,2012-06-04 18:11:26,2012-06-04,train,708_9
708,1871,99,Thai Restaurant,40.74322529020578,-73.99635314941406,2012-06-04 18:35:16,2012-06-04,train,708_9
708,3348,6,Home (private),40.7243633850256,-73.87130987645999,2012-06-06 23:10:43,2012-06-04,train,708_9
708,4072,278,Professional & Other Places,40.7295489235388,-73.87492471453712,2012-06-06 23:11:02,2012-06-04,train,708_9
708,508,92,Asian Restaurant,40.71797176372736,-73.99034029241238,2012-06-08 18:30:26,2012-06-04,train,708_9
708,508,92,Asian Restaurant,40.71797176372736,-73.99034029241238,2012-06-09 12:14:18,2012-06-04,train,708_9
709,4468,138,Gym / Fitness Center,40.74346710490083,-74.02893642134816,2012-06-05 08:37:59,2012-06-04,train,709_7
709,4468,138,Gym / Fitness Center,40.74346710490083,-74.02893642134816,2012-06-08 07:25:41,2012-06-04,train,709_7
709,4468,138,Gym / Fitness Center,40.74346710490083,-74.02893642134816,2012-06-09 07:13:35,2012-06-04,train,709_7
709,587,266,Bus Station,40.75722129839836,-73.99154663085938,2012-06-09 08:53:10,2012-06-04,train,709_7
709,660,122,Plaza,40.76803326982161,-73.98186922073364,2012-06-09 09:05:38,2012-06-04,train,709_7
709,2771,61,Office,40.772551970891946,-73.98142179327174,2012-06-09 09:38:23,2012-06-04,train,709_7
709,4226,6,Home (private),40.746106883813965,-74.02413671784228,2012-06-09 21:08:41,2012-06-04,train,709_7
710,2613,70,Train Station,40.68444568744034,-73.97785663604736,2012-06-04 10:14:14,2012-06-04,train,710_5
710,1002,70,Train Station,40.69902344282463,-73.81001472473143,2012-06-04 10:53:10,2012-06-04,train,710_5
710,2613,70,Train Station,40.68444568744034,-73.97785663604736,2012-06-04 19:25:01,2012-06-04,train,710_5
710,1481,264,Subway,40.68430737873073,-73.97759780287743,2012-06-04 19:33:23,2012-06-04,train,710_5
710,4936,281,Residential Building (Apartment / Condo),40.63715067167281,-73.96736599565752,2012-06-04 20:54:38,2012-06-04,train,710_5
710,2935,6,Home (private),40.63886446869532,-73.96537147003376,2012-06-04 23:20:12,2012-06-04,train,710_5
710,4936,281,Residential Building (Apartment / Condo),40.63715067167281,-73.96736599565752,2012-06-04 23:20:40,2012-06-04,train,710_5
710,2500,264,Subway,40.63523850278024,-73.9628791809082,2012-06-05 09:41:05,2012-06-04,train,710_5
710,3215,71,Train Station,40.59523399590661,-73.95519733428955,2012-06-05 09:48:35,2012-06-04,train,710_5
710,2613,70,Train Station,40.68444568744034,-73.97785663604736,2012-06-05 09:58:43,2012-06-04,train,710_5
710,1002,70,Train Station,40.69902344282463,-73.81001472473143,2012-06-05 10:23:29,2012-06-04,train,710_5
710,2500,264,Subway,40.63523850278024,-73.9628791809082,2012-06-06 09:43:47,2012-06-04,train,710_5
710,1002,70,Train Station,40.69902344282463,-73.81001472473143,2012-06-06 10:55:23,2012-06-04,train,710_5
710,1002,70,Train Station,40.69902344282463,-73.81001472473143,2012-06-06 19:00:05,2012-06-04,train,710_5
710,2613,70,Train Station,40.68444568744034,-73.97785663604736,2012-06-06 19:22:17,2012-06-04,train,710_5
710,1481,264,Subway,40.68430737873073,-73.97759780287743,2012-06-06 19:22:32,2012-06-04,train,710_5
710,2935,6,Home (private),40.63886446869532,-73.96537147003376,2012-06-06 19:48:52,2012-06-04,train,710_5
710,4936,281,Residential Building (Apartment / Condo),40.63715067167281,-73.96736599565752,2012-06-06 19:49:08,2012-06-04,train,710_5
710,2500,264,Subway,40.63523850278024,-73.9628791809082,2012-06-07 09:40:36,2012-06-04,train,710_5
710,2613,70,Train Station,40.68444568744034,-73.97785663604736,2012-06-07 09:57:56,2012-06-04,train,710_5
710,192,121,Park,40.73528249691621,-73.99040315158283,2012-06-07 19:28:30,2012-06-04,train,710_5
710,36,311,Brewery,40.736949700653255,-73.99083852767944,2012-06-07 19:29:43,2012-06-04,train,710_5
710,1145,264,Subway,40.707149,-73.99057,2012-06-07 19:41:03,2012-06-04,train,710_5
710,2935,6,Home (private),40.63886446869532,-73.96537147003376,2012-06-07 20:02:24,2012-06-04,train,710_5
710,2482,80,Building,40.624326,-73.93889486789703,2012-06-07 21:16:54,2012-06-04,train,710_5
710,2613,70,Train Station,40.68444568744034,-73.97785663604736,2012-06-08 11:29:56,2012-06-04,train,710_5
710,1002,70,Train Station,40.69902344282463,-73.81001472473143,2012-06-08 16:38:11,2012-06-04,train,710_5
710,2039,19,Bank,40.68513950219469,-73.97796102863539,2012-06-08 17:23:41,2012-06-04,train,710_5
710,1481,264,Subway,40.68430737873073,-73.97759780287743,2012-06-08 17:25:38,2012-06-04,train,710_5
710,2935,6,Home (private),40.63886446869532,-73.96537147003376,2012-06-08 17:46:32,2012-06-04,train,710_5
710,4936,281,Residential Building (Apartment / Condo),40.63715067167281,-73.96736599565752,2012-06-08 17:47:25,2012-06-04,train,710_5
710,3690,71,Train Station,40.67282675532094,-73.99085998535155,2012-06-08 21:07:43,2012-06-04,train,710_5
710,3715,37,Bar,40.73670404816863,-73.95522059339255,2012-06-08 21:36:20,2012-06-04,train,710_5
710,764,221,Bridge,40.713565479798646,-73.97236347198486,2012-06-09 01:10:26,2012-06-04,train,710_5
710,625,122,Plaza,40.756489872673846,-73.98626804351807,2012-06-09 02:43:10,2012-06-04,train,710_5
710,660,122,Plaza,40.76803326982161,-73.98186922073364,2012-06-09 02:54:02,2012-06-04,train,710_5
710,625,122,Plaza,40.756489872673846,-73.98626804351807,2012-06-09 03:11:38,2012-06-04,train,710_5
710,1145,264,Subway,40.707149,-73.99057,2012-06-09 03:50:44,2012-06-04,train,710_5
710,3885,71,Train Station,40.70715045863768,-73.99030637767282,2012-06-09 03:51:13,2012-06-04,train,710_5
710,2146,264,Subway,40.63072779228403,-73.97716999053955,2012-06-09 17:06:20,2012-06-04,train,710_5
710,3690,71,Train Station,40.67282675532094,-73.99085998535155,2012-06-09 17:11:51,2012-06-04,train,710_5
710,192,121,Park,40.73528249691621,-73.99040315158283,2012-06-09 19:11:52,2012-06-04,train,710_5
710,625,122,Plaza,40.756489872673846,-73.98626804351807,2012-06-09 19:36:03,2012-06-04,train,710_5
710,660,122,Plaza,40.76803326982161,-73.98186922073364,2012-06-09 20:07:02,2012-06-04,train,710_5
710,192,121,Park,40.73528249691621,-73.99040315158283,2012-06-09 21:31:50,2012-06-04,train,710_5
710,1528,264,Subway,40.73573434642415,-73.99056762456905,2012-06-09 23:14:56,2012-06-04,train,710_5
710,1145,264,Subway,40.707149,-73.99057,2012-06-09 23:24:11,2012-06-04,train,710_5
710,2935,6,Home (private),40.63886446869532,-73.96537147003376,2012-06-10 05:27:29,2012-06-04,train,710_5
710,4936,281,Residential Building (Apartment / Condo),40.63715067167281,-73.96736599565752,2012-06-10 05:28:38,2012-06-04,train,710_5
710,2482,80,Building,40.624326,-73.93889486789703,2012-06-10 19:01:44,2012-06-04,train,710_5
716,1683,128,Bakery,40.85644480825778,-73.84692305545667,2012-06-04 03:56:27,2012-06-04,train,716_8
716,1570,163,Medical Center,40.85550037015262,-73.84623527526855,2012-06-04 03:56:55,2012-06-04,train,716_8
716,1570,163,Medical Center,40.85550037015262,-73.84623527526855,2012-06-06 06:13:47,2012-06-04,train,716_8
716,4428,301,Neighborhood,40.83991796598711,-73.87893676757812,2012-06-06 22:44:12,2012-06-04,train,716_8
716,1570,163,Medical Center,40.85550037015262,-73.84623527526855,2012-06-07 02:04:22,2012-06-04,train,716_8
716,1683,128,Bakery,40.85644480825778,-73.84692305545667,2012-06-07 02:06:02,2012-06-04,train,716_8
716,1683,128,Bakery,40.85644480825778,-73.84692305545667,2012-06-08 08:24:23,2012-06-04,train,716_8
716,1570,163,Medical Center,40.85550037015262,-73.84623527526855,2012-06-09 23:37:30,2012-06-04,train,716_8
716,1570,163,Medical Center,40.85550037015262,-73.84623527526855,2012-06-10 23:57:43,2012-06-04,train,716_8
716,1683,128,Bakery,40.85644480825778,-73.84692305545667,2012-06-10 23:58:15,2012-06-04,train,716_8
719,4780,42,Food & Drink Shop,40.884835891587976,-74.21012257381425,2012-06-04 06:51:41,2012-06-04,train,719_7
719,4780,42,Food & Drink Shop,40.884835891587976,-74.21012257381425,2012-06-05 06:52:02,2012-06-04,train,719_7
719,4780,42,Food & Drink Shop,40.884835891587976,-74.21012257381425,2012-06-06 06:52:58,2012-06-04,train,719_7
719,4780,42,Food & Drink Shop,40.884835891587976,-74.21012257381425,2012-06-09 06:50:36,2012-06-04,train,719_7
719,4780,42,Food & Drink Shop,40.884835891587976,-74.21012257381425,2012-06-10 06:50:07,2012-06-04,train,719_7
720,2974,88,Synagogue,40.64074682724437,-73.99722114200387,2012-06-04 21:06:06,2012-06-04,train,720_9
720,3220,6,Home (private),40.632300871701176,-73.98887973002674,2012-06-04 23:01:56,2012-06-04,train,720_9
720,2207,88,Synagogue,40.6331718073923,-73.99483955812065,2012-06-04 23:52:28,2012-06-04,train,720_9
720,3221,6,Home (private),40.64220098230346,-73.98887973002674,2012-06-05 00:23:26,2012-06-04,train,720_9
720,2887,269,Miscellaneous Shop,40.635281,-73.992483,2012-06-05 10:35:09,2012-06-04,train,720_9
720,3220,6,Home (private),40.632300871701176,-73.98887973002674,2012-06-06 21:34:46,2012-06-04,train,720_9
720,3269,19,Bank,40.63673571148898,-73.99040342059492,2012-06-07 13:35:11,2012-06-04,train,720_9
720,3220,6,Home (private),40.632300871701176,-73.98887973002674,2012-06-07 20:00:41,2012-06-04,train,720_9
720,3220,6,Home (private),40.632300871701176,-73.98887973002674,2012-06-08 17:22:13,2012-06-04,train,720_9
720,3414,6,Home (private),40.63396697468096,-74.00063278107605,2012-06-08 19:23:55,2012-06-04,train,720_9
720,3414,6,Home (private),40.63396697468096,-74.00063278107605,2012-06-10 13:59:49,2012-06-04,train,720_9
720,3414,6,Home (private),40.63396697468096,-74.00063278107605,2012-06-10 17:25:17,2012-06-04,train,720_9
720,2974,88,Synagogue,40.64074682724437,-73.99722114200387,2012-06-10 22:34:36,2012-06-04,train,720_9
721,4567,220,BBQ Joint,40.71456338809374,-74.01544645119131,2012-06-04 20:48:50,2012-06-04,train,721_6
721,2299,165,College Academic Building,40.72908585083546,-73.99602210429897,2012-06-07 09:38:54,2012-06-04,train,721_6
722,1242,222,Coffee Shop,40.745495294371,-73.99093140094458,2012-06-04 09:42:19,2012-06-04,train,722_3
722,1242,222,Coffee Shop,40.745495294371,-73.99093140094458,2012-06-05 09:47:56,2012-06-04,train,722_3
722,1242,222,Coffee Shop,40.745495294371,-73.99093140094458,2012-06-06 09:39:26,2012-06-04,train,722_3
722,1242,222,Coffee Shop,40.745495294371,-73.99093140094458,2012-06-08 09:34:53,2012-06-04,train,722_3
722,3664,194,Mexican Restaurant,40.77787134925543,-73.95476139494657,2012-06-09 12:57:19,2012-06-04,train,722_3
722,39,41,Bar,40.72854337080716,-73.98469884462888,2012-06-09 23:35:31,2012-06-04,train,722_3
722,1161,222,Coffee Shop,40.77624183727568,-73.94997418614841,2012-06-10 12:28:50,2012-06-04,train,722_3
722,2909,130,Burger Joint,40.77912606570555,-73.95490489457822,2012-06-10 12:54:08,2012-06-04,train,722_3
723,3562,63,Office,40.73672207747068,-73.99558067321777,2012-06-04 09:47:10,2012-06-04,train,723_1
723,3523,222,Coffee Shop,40.73690276598786,-73.99580367275166,2012-06-04 16:43:35,2012-06-04,train,723_1
723,56,189,Cupcake Shop,40.73589287214794,-74.00520443916321,2012-06-04 22:39:45,2012-06-04,train,723_1
723,220,128,Bakery,40.7386405913415,-73.99253368377686,2012-06-07 12:47:15,2012-06-04,train,723_1
723,512,147,Movie Theater,40.75234609858383,-73.99408777489505,2012-06-08 17:55:37,2012-06-04,train,723_1
723,279,121,Park,40.7714256153356,-73.97350072860723,2012-06-09 16:54:23,2012-06-04,train,723_1
723,406,147,Movie Theater,40.73416736029532,-73.99048715829849,2012-06-10 00:52:47,2012-06-04,train,723_1
723,192,121,Park,40.73528249691621,-73.99040315158283,2012-06-10 12:21:02,2012-06-04,train,723_1
723,284,260,Food & Drink Shop,40.74203991626021,-74.00526092094141,2012-06-10 13:54:32,2012-06-04,train,723_1
723,3523,222,Coffee Shop,40.73690276598786,-73.99580367275166,2012-06-10 15:07:07,2012-06-04,train,723_1
724,3860,6,Home (private),40.87950459605868,-74.12986841096105,2012-06-09 01:20:44,2012-06-04,train,724_8
724,1835,102,American Restaurant,40.915827729965045,-74.07631873811226,2012-06-10 11:35:11,2012-06-04,train,724_8
724,987,257,Road,40.76117085825042,-74.01128768920898,2012-06-10 12:41:03,2012-06-04,train,724_8
724,3860,6,Home (private),40.87950459605868,-74.12986841096105,2012-06-10 19:40:06,2012-06-04,train,724_8
725,3590,61,Office,40.92944372325249,-74.07571642198492,2012-06-04 08:22:11,2012-06-04,train,725_8
725,3026,6,Home (private),40.84817642706647,-74.04763775758458,2012-06-06 16:58:06,2012-06-04,train,725_8
725,3590,61,Office,40.92944372325249,-74.07571642198492,2012-06-07 08:38:58,2012-06-04,train,725_8
725,3607,151,Stadium,40.86154,-74.10002,2012-06-07 17:59:18,2012-06-04,train,725_8
725,3026,6,Home (private),40.84817642706647,-74.04763775758458,2012-06-07 20:05:57,2012-06-04,train,725_8
725,3026,6,Home (private),40.84817642706647,-74.04763775758458,2012-06-08 16:12:05,2012-06-04,train,725_8
725,3607,151,Stadium,40.86154,-74.10002,2012-06-08 18:21:10,2012-06-04,train,725_8
725,3026,6,Home (private),40.84817642706647,-74.04763775758458,2012-06-08 21:18:35,2012-06-04,train,725_8
725,3026,6,Home (private),40.84817642706647,-74.04763775758458,2012-06-09 03:05:29,2012-06-04,train,725_8
725,3026,6,Home (private),40.84817642706647,-74.04763775758458,2012-06-09 12:23:50,2012-06-04,train,725_8
726,4095,6,Home (private),40.72454481015964,-73.94186034276925,2012-06-04 00:47:22,2012-06-04,train,726_7
726,4095,6,Home (private),40.72454481015964,-73.94186034276925,2012-06-05 03:06:29,2012-06-04,train,726_7
726,1847,85,Theater,40.69297182218783,-73.99813359642076,2012-06-06 20:47:20,2012-06-04,train,726_7
730,4015,281,Residential Building (Apartment / Condo),40.77219268135651,-73.9503645145674,2012-06-06 23:48:52,2012-06-04,train,730_8
730,4015,281,Residential Building (Apartment / Condo),40.77219268135651,-73.9503645145674,2012-06-07 05:07:19,2012-06-04,train,730_8
730,405,241,Airport,40.645089355976346,-73.7845230102539,2012-06-07 05:43:18,2012-06-04,train,730_8
733,2055,259,Hotel,40.72206051019107,-73.98854399996996,2012-06-07 17:55:55,2012-06-04,train,733_5
733,2943,52,Bar,40.74099801143199,-74.008229970932,2012-06-08 16:53:20,2012-06-04,train,733_5
733,433,194,Mexican Restaurant,40.73811372290695,-74.0019670052254,2012-06-08 17:59:52,2012-06-04,train,733_5
733,4550,274,Fried Chicken Joint,40.73281984465465,-73.99811267852782,2012-06-09 03:56:55,2012-06-04,train,733_5
733,38,214,Bar,40.726104216543966,-73.98921310901642,2012-06-10 01:29:39,2012-06-04,train,733_5
736,2173,137,Gym / Fitness Center,40.74109555804945,-73.99270534515381,2012-06-04 06:49:54,2012-06-04,train,736_9
736,2173,137,Gym / Fitness Center,40.74109555804945,-73.99270534515381,2012-06-05 06:55:36,2012-06-04,train,736_9
736,2173,137,Gym / Fitness Center,40.74109555804945,-73.99270534515381,2012-06-06 06:52:11,2012-06-04,train,736_9
736,2173,137,Gym / Fitness Center,40.74109555804945,-73.99270534515381,2012-06-07 06:51:24,2012-06-04,train,736_9
736,613,80,Building,40.74906145419511,-73.98037151805134,2012-06-07 18:35:18,2012-06-04,train,736_9
736,2278,55,Bar,40.75619841795759,-73.97160178302643,2012-06-07 20:33:13,2012-06-04,train,736_9
736,3431,137,Gym / Fitness Center,40.744047317914,-73.98402736930704,2012-06-08 09:07:09,2012-06-04,train,736_9
736,2173,137,Gym / Fitness Center,40.74109555804945,-73.99270534515381,2012-06-08 11:25:26,2012-06-04,train,736_9
736,302,50,Bar,40.733412,-74.00624967,2012-06-09 00:03:35,2012-06-04,train,736_9
736,2173,137,Gym / Fitness Center,40.74109555804945,-73.99270534515381,2012-06-10 12:04:44,2012-06-04,train,736_9
736,543,220,BBQ Joint,40.74434084563527,-73.99042637629252,2012-06-10 15:29:56,2012-06-04,train,736_9
737,576,102,American Restaurant,40.731155872068506,-73.98872764725327,2012-06-04 19:15:04,2012-06-04,train,737_9
737,857,259,Hotel,40.76224486711165,-73.9792871763928,2012-06-05 02:30:07,2012-06-04,train,737_9
737,857,259,Hotel,40.76224486711165,-73.9792871763928,2012-06-05 09:30:10,2012-06-04,train,737_9
737,857,259,Hotel,40.76224486711165,-73.9792871763928,2012-06-06 09:30:11,2012-06-04,train,737_9
737,3116,319,Market,40.74186151409088,-73.98943362953369,2012-06-06 14:15:09,2012-06-04,train,737_9
737,576,102,American Restaurant,40.731155872068506,-73.98872764725327,2012-06-06 19:15:06,2012-06-04,train,737_9
737,48,232,Music Venue,40.73169799836348,-73.98922693741638,2012-06-07 00:15:08,2012-06-04,train,737_9
737,857,259,Hotel,40.76224486711165,-73.9792871763928,2012-06-07 02:30:07,2012-06-04,train,737_9
737,405,241,Airport,40.645089355976346,-73.7845230102539,2012-06-07 11:30:21,2012-06-04,train,737_9
737,3116,319,Market,40.74186151409088,-73.98943362953369,2012-06-07 14:15:10,2012-06-04,train,737_9
737,576,102,American Restaurant,40.731155872068506,-73.98872764725327,2012-06-07 19:15:04,2012-06-04,train,737_9
737,398,52,Bar,40.76362499327396,-73.99757623672485,2012-06-07 20:45:20,2012-06-04,train,737_9
737,857,259,Hotel,40.76224486711165,-73.9792871763928,2012-06-08 09:30:10,2012-06-04,train,737_9
737,3116,319,Market,40.74186151409088,-73.98943362953369,2012-06-08 14:15:08,2012-06-04,train,737_9
737,576,102,American Restaurant,40.731155872068506,-73.98872764725327,2012-06-08 19:15:05,2012-06-04,train,737_9
737,398,52,Bar,40.76362499327396,-73.99757623672485,2012-06-08 20:45:14,2012-06-04,train,737_9
737,230,52,Bar,40.75006726071233,-74.00270154186394,2012-06-08 22:30:14,2012-06-04,train,737_9
737,48,232,Music Venue,40.73169799836348,-73.98922693741638,2012-06-09 00:15:06,2012-06-04,train,737_9
737,857,259,Hotel,40.76224486711165,-73.9792871763928,2012-06-09 02:30:07,2012-06-04,train,737_9
737,405,241,Airport,40.645089355976346,-73.7845230102539,2012-06-09 11:30:06,2012-06-04,train,737_9
737,1008,208,Ramen /  Noodle House,40.73085850344144,-73.99070758336508,2012-06-09 14:30:07,2012-06-04,train,737_9
737,398,52,Bar,40.76362499327396,-73.99757623672485,2012-06-09 20:45:41,2012-06-04,train,737_9
737,230,52,Bar,40.75006726071233,-74.00270154186394,2012-06-09 22:30:14,2012-06-04,train,737_9
737,48,232,Music Venue,40.73169799836348,-73.98922693741638,2012-06-10 00:15:04,2012-06-04,train,737_9
737,857,259,Hotel,40.76224486711165,-73.9792871763928,2012-06-10 02:30:05,2012-06-04,train,737_9
737,857,259,Hotel,40.76224486711165,-73.9792871763928,2012-06-10 09:30:08,2012-06-04,train,737_9
737,405,241,Airport,40.645089355976346,-73.7845230102539,2012-06-10 11:30:09,2012-06-04,train,737_9
737,230,52,Bar,40.75006726071233,-74.00270154186394,2012-06-10 22:30:13,2012-06-04,train,737_9
738,3112,6,Home (private),40.716161684843215,-73.88307005845945,2012-06-06 13:23:51,2012-06-04,train,738_9
738,3344,266,Bus Station,40.70615905707933,-73.89630228963256,2012-06-06 14:14:46,2012-06-04,train,738_9
738,3260,266,Bus Station,40.70003065352913,-73.91076513479003,2012-06-06 20:29:15,2012-06-04,train,738_9
738,2025,264,Subway,40.69968229504451,-73.91182065010071,2012-06-06 20:29:27,2012-06-04,train,738_9
738,3112,6,Home (private),40.716161684843215,-73.88307005845945,2012-06-07 13:01:42,2012-06-04,train,738_9
738,2025,264,Subway,40.69968229504451,-73.91182065010071,2012-06-07 18:13:21,2012-06-04,train,738_9
738,3112,6,Home (private),40.716161684843215,-73.88307005845945,2012-06-08 13:01:58,2012-06-04,train,738_9
738,4176,120,Other Great Outdoors,40.75914972538696,-73.8298479000086,2012-06-08 16:06:45,2012-06-04,train,738_9
738,3112,6,Home (private),40.716161684843215,-73.88307005845945,2012-06-08 22:55:42,2012-06-04,train,738_9
738,3112,6,Home (private),40.716161684843215,-73.88307005845945,2012-06-09 04:03:31,2012-06-04,train,738_9
738,4193,300,Moving Target,40.71263038632815,-73.90021235870036,2012-06-09 16:20:51,2012-06-04,train,738_9
738,3780,266,Bus Station,40.710227350656005,-73.96090882358207,2012-06-09 17:00:43,2012-06-04,train,738_9
738,2147,73,Bus Station,40.70934674544578,-73.95964980125427,2012-06-09 17:00:56,2012-06-04,train,738_9
738,4174,301,Neighborhood,40.702753475357845,-73.7958999777051,2012-06-09 18:24:24,2012-06-04,train,738_9
738,3344,266,Bus Station,40.70615905707933,-73.89630228963256,2012-06-09 20:45:53,2012-06-04,train,738_9
738,4176,120,Other Great Outdoors,40.75914972538696,-73.8298479000086,2012-06-10 00:11:57,2012-06-04,train,738_9
738,3112,6,Home (private),40.716161684843215,-73.88307005845945,2012-06-10 02:30:05,2012-06-04,train,738_9
738,2147,73,Bus Station,40.70934674544578,-73.95964980125427,2012-06-10 14:57:21,2012-06-04,train,738_9
738,3780,266,Bus Station,40.710227350656005,-73.96090882358207,2012-06-10 14:57:44,2012-06-04,train,738_9
739,4238,222,Coffee Shop,40.75557768724385,-73.97818048527262,2012-06-07 07:43:49,2012-06-04,train,739_8
739,1261,138,Gym / Fitness Center,40.75367746344614,-73.9697479200717,2012-06-07 18:09:53,2012-06-04,train,739_8
739,1089,196,Restaurant,40.75527487548953,-73.97880613803864,2012-06-08 11:31:32,2012-06-04,train,739_8
739,1261,138,Gym / Fitness Center,40.75367746344614,-73.9697479200717,2012-06-10 08:46:06,2012-06-04,train,739_8
740,4482,301,Neighborhood,40.73234017940896,-74.23508048057556,2012-06-07 08:30:48,2012-06-04,train,740_6
740,4190,317,City,40.731686044718685,-74.17376899312723,2012-06-07 08:35:13,2012-06-04,train,740_6
743,1690,61,Office,40.74994892546402,-73.97308830420383,2012-06-04 09:03:04,2012-06-04,train,743_6
743,1690,61,Office,40.74994892546402,-73.97308830420383,2012-06-05 10:28:26,2012-06-04,train,743_6
743,2891,153,Stadium,40.71994085251552,-73.95129203796387,2012-06-06 19:37:17,2012-06-04,train,743_6
743,1690,61,Office,40.74994892546402,-73.97308830420383,2012-06-07 08:47:03,2012-06-04,train,743_6
743,1690,61,Office,40.74994892546402,-73.97308830420383,2012-06-08 08:21:27,2012-06-04,train,743_6
743,4471,58,Electronics Store,40.75281239893301,-73.97717474340911,2012-06-09 12:20:00,2012-06-04,train,743_6
743,738,83,Church,40.69058117763333,-73.98719533485003,2012-06-10 08:58:54,2012-06-04,train,743_6
745,1287,61,Office,40.80615113329764,-74.07784459703637,2012-06-04 09:55:04,2012-06-04,train,745_9
745,1287,61,Office,40.80615113329764,-74.07784459703637,2012-06-05 10:30:53,2012-06-04,train,745_9
746,3454,72,Government Building,40.82649453807121,-73.9243887382011,2012-06-04 10:33:18,2012-06-04,train,746_8
746,691,37,Bar,40.77138107266706,-73.95646042374283,2012-06-04 23:07:21,2012-06-04,train,746_8
746,2636,136,Office,40.75419896061368,-73.97390330322037,2012-06-05 09:46:28,2012-06-04,train,746_8
746,1607,72,Government Building,40.69060240152815,-73.98814227092512,2012-06-06 10:25:15,2012-06-04,train,746_8
746,3454,72,Government Building,40.82649453807121,-73.9243887382011,2012-06-07 09:52:42,2012-06-04,train,746_8
748,2401,61,Office,40.736676,-73.98891,2012-06-04 09:18:09,2012-06-04,train,748_9
748,1891,221,Bridge,40.64225636695538,-74.14209365844727,2012-06-05 08:29:07,2012-06-04,train,748_9
748,2773,257,Road,40.729798,-74.038666,2012-06-05 09:09:14,2012-06-04,train,748_9
748,2702,257,Road,40.72737259531574,-74.02115821838379,2012-06-05 09:09:33,2012-06-04,train,748_9
748,974,221,Bridge,40.60679958140643,-74.04416981025437,2012-06-06 08:23:51,2012-06-04,train,748_9
748,1891,221,Bridge,40.64225636695538,-74.14209365844727,2012-06-07 08:18:43,2012-06-04,train,748_9
748,3114,282,Convenience Store,40.68378078887897,-74.0999796351583,2012-06-07 08:38:23,2012-06-04,train,748_9
748,2773,257,Road,40.729798,-74.038666,2012-06-07 09:18:54,2012-06-04,train,748_9
748,2702,257,Road,40.72737259531574,-74.02115821838379,2012-06-07 09:19:24,2012-06-04,train,748_9
748,2401,61,Office,40.736676,-73.98891,2012-06-07 11:50:12,2012-06-04,train,748_9
748,2848,221,Bridge,40.60233803273628,-74.06333122960736,2012-06-07 18:17:26,2012-06-04,train,748_9
748,2401,61,Office,40.736676,-73.98891,2012-06-08 09:30:11,2012-06-04,train,748_9
748,916,221,Bridge,40.705888200473375,-73.9900016784668,2012-06-08 16:48:42,2012-06-04,train,748_9
749,3369,90,School,40.79340456766187,-73.94856784928065,2012-06-04 07:53:04,2012-06-04,train,749_9
749,4118,138,Gym / Fitness Center,40.80927000313523,-73.94907116889954,2012-06-04 20:53:22,2012-06-04,train,749_9
749,3369,90,School,40.79340456766187,-73.94856784928065,2012-06-06 08:35:35,2012-06-04,train,749_9
749,4389,222,Coffee Shop,40.81009017275893,-73.94326686859131,2012-06-06 09:30:02,2012-06-04,train,749_9
749,4557,222,Coffee Shop,40.77211112866,-73.96095474201344,2012-06-06 14:34:54,2012-06-04,train,749_9
749,4557,222,Coffee Shop,40.77211112866,-73.96095474201344,2012-06-07 10:01:36,2012-06-04,train,749_9
749,3369,90,School,40.79340456766187,-73.94856784928065,2012-06-08 08:00:57,2012-06-04,train,749_9
749,4557,222,Coffee Shop,40.77211112866,-73.96095474201344,2012-06-09 12:04:00,2012-06-04,train,749_9
749,776,217,Soup Place,40.774626,-73.959236,2012-06-09 13:36:13,2012-06-04,train,749_9
749,4118,138,Gym / Fitness Center,40.80927000313523,-73.94907116889954,2012-06-10 18:39:26,2012-06-04,train,749_9
750,2462,71,Train Station,40.67692778613304,-73.89869928359985,2012-06-07 14:58:03,2012-06-04,train,750_9
750,391,80,Building,40.74828059076867,-73.98556262254715,2012-06-07 17:31:11,2012-06-04,train,750_9
752,892,137,Gym / Fitness Center,40.676854686891616,-73.97226182280386,2012-06-09 16:31:52,2012-06-04,train,752_7
752,2646,155,Stadium,40.8134844303353,-74.07433032989502,2012-06-10 10:23:02,2012-06-04,train,752_7
753,4245,6,Home (private),40.57912417974672,-73.82426211435131,2012-06-04 23:10:49,2012-06-04,train,753_9
753,2113,264,Subway,40.68047529976021,-73.84372472763062,2012-06-05 10:25:14,2012-06-04,train,753_9
753,3068,71,Train Station,40.58358323125094,-73.8265585899353,2012-06-06 10:05:42,2012-06-04,train,753_9
753,2113,264,Subway,40.68047529976021,-73.84372472763062,2012-06-06 10:25:03,2012-06-04,train,753_9
753,1373,183,University,40.69342491338439,-73.99171189097369,2012-06-06 11:41:37,2012-06-04,train,753_9
753,4366,164,College Academic Building,40.69351488369677,-73.99171189097368,2012-06-06 11:41:49,2012-06-04,train,753_9
753,1913,264,Subway,40.69147464622913,-73.98738384246826,2012-06-06 15:31:04,2012-06-04,train,753_9
753,4107,281,Residential Building (Apartment / Condo),40.58573020988804,-73.81194985467265,2012-06-06 17:43:19,2012-06-04,train,753_9
753,3068,71,Train Station,40.58358323125094,-73.8265585899353,2012-06-07 09:56:53,2012-06-04,train,753_9
753,2113,264,Subway,40.68047529976021,-73.84372472763062,2012-06-07 10:22:28,2012-06-04,train,753_9
753,1373,183,University,40.69342491338439,-73.99171189097369,2012-06-07 11:03:43,2012-06-04,train,753_9
753,4366,164,College Academic Building,40.69351488369677,-73.99171189097368,2012-06-07 11:03:57,2012-06-04,train,753_9
753,2178,264,Subway,40.60837736891878,-73.81592631340027,2012-06-08 10:11:10,2012-06-04,train,753_9
753,1373,183,University,40.69342491338439,-73.99171189097369,2012-06-08 11:03:54,2012-06-04,train,753_9
753,584,147,Movie Theater,40.75526953038375,-73.92368260775231,2012-06-08 18:59:17,2012-06-04,train,753_9
753,4107,281,Residential Building (Apartment / Condo),40.58573020988804,-73.81194985467265,2012-06-09 01:42:30,2012-06-04,train,753_9
753,4245,6,Home (private),40.57912417974672,-73.82426211435131,2012-06-10 21:11:47,2012-06-04,train,753_9
756,2376,61,Office,40.60583823275524,-74.17911438193454,2012-06-04 08:02:04,2012-06-04,train,756_9
756,2629,178,General College & University,40.605221077270585,-74.17977333068848,2012-06-04 08:02:20,2012-06-04,train,756_9
756,2376,61,Office,40.60583823275524,-74.17911438193454,2012-06-09 08:54:10,2012-06-04,train,756_9
756,2629,178,General College & University,40.605221077270585,-74.17977333068848,2012-06-09 08:54:19,2012-06-04,train,756_9
758,4886,128,Bakery,40.77514792624972,-73.90872122495026,2012-06-04 08:39:04,2012-06-04,train,758_6
758,4886,128,Bakery,40.77514792624972,-73.90872122495026,2012-06-05 08:48:42,2012-06-04,train,758_6
759,2962,221,Bridge,40.846751950582565,-73.9276671409607,2012-06-06 12:14:56,2012-06-04,train,759_9
759,3142,1,Pet Store,40.96312723347157,-74.07778723414201,2012-06-06 13:23:33,2012-06-04,train,759_9
759,3289,301,Neighborhood,40.65016889724004,-73.94957542419434,2012-06-07 14:04:58,2012-06-04,train,759_9
759,4190,317,City,40.731686044718685,-74.17376899312723,2012-06-09 22:00:17,2012-06-04,train,759_9
759,802,150,Stadium,40.73308000062968,-74.1708254814148,2012-06-09 22:00:59,2012-06-04,train,759_9
762,3236,12,Gym / Fitness Center,40.84884561932444,-73.82208806672762,2012-06-04 05:33:11,2012-06-04,train,762_9
762,3622,91,High School,40.82137060113813,-73.90869251819866,2012-06-04 08:11:51,2012-06-04,train,762_9
762,3622,91,High School,40.82137060113813,-73.90869251819866,2012-06-05 08:13:04,2012-06-04,train,762_9
762,532,138,Gym / Fitness Center,40.84835183889757,-73.83081857572387,2012-06-06 05:36:13,2012-06-04,train,762_9
762,532,138,Gym / Fitness Center,40.84835183889757,-73.83081857572387,2012-06-06 16:34:16,2012-06-04,train,762_9
762,841,121,Park,40.79867385731181,-73.97318013525144,2012-06-06 18:34:09,2012-06-04,train,762_9
762,3622,91,High School,40.82137060113813,-73.90869251819866,2012-06-07 07:51:16,2012-06-04,train,762_9
762,532,138,Gym / Fitness Center,40.84835183889757,-73.83081857572387,2012-06-07 17:04:29,2012-06-04,train,762_9
762,3622,91,High School,40.82137060113813,-73.90869251819866,2012-06-08 09:29:02,2012-06-04,train,762_9
764,1332,301,Neighborhood,40.741672705942285,-73.98928821086884,2012-06-04 18:36:30,2012-06-04,train,764_9
764,1295,121,Park,40.77137686429133,-73.9688229560852,2012-06-06 18:47:12,2012-06-04,train,764_9
764,412,265,Mall,40.76792357432163,-73.98194432258606,2012-06-07 19:19:57,2012-06-04,train,764_9
764,481,42,Food & Drink Shop,40.76806170936614,-73.98184776306152,2012-06-07 19:20:24,2012-06-04,train,764_9
764,534,102,American Restaurant,40.76108076085344,-73.9944435810639,2012-06-09 23:09:33,2012-06-04,train,764_9
766,1854,222,Coffee Shop,40.84118443170296,-73.93985407294053,2012-06-05 09:18:44,2012-06-04,train,766_8
766,1456,163,Medical Center,40.840534839134165,-73.94120693206787,2012-06-05 10:32:04,2012-06-04,train,766_8
766,2535,138,Gym / Fitness Center,40.84340118421137,-73.94228225952985,2012-06-06 17:05:56,2012-06-04,train,766_8
766,1854,222,Coffee Shop,40.84118443170296,-73.93985407294053,2012-06-08 09:03:16,2012-06-04,train,766_8
766,649,52,Bar,40.72637613547322,-74.00553062929895,2012-06-09 00:55:55,2012-06-04,train,766_8
767,1689,98,Donut Shop,40.750546,-73.976485,2012-06-04 06:23:37,2012-06-04,train,767_8
767,1689,98,Donut Shop,40.750546,-73.976485,2012-06-06 07:22:54,2012-06-04,train,767_8
767,1063,141,Bagel Shop,40.740223,-73.982688,2012-06-06 18:54:39,2012-06-04,train,767_8
767,1689,98,Donut Shop,40.750546,-73.976485,2012-06-07 08:31:18,2012-06-04,train,767_8
767,1689,98,Donut Shop,40.750546,-73.976485,2012-06-08 08:27:01,2012-06-04,train,767_8
767,954,146,Movie Theater,40.74492342607472,-73.9980360386088,2012-06-09 19:12:14,2012-06-04,train,767_8
767,174,102,American Restaurant,40.741797,-73.997271,2012-06-09 19:35:07,2012-06-04,train,767_8
767,174,102,American Restaurant,40.741797,-73.997271,2012-06-10 13:29:47,2012-06-04,train,767_8
769,3662,4,Gym / Fitness Center,40.75968986010941,-73.96237246820378,2012-06-09 09:45:16,2012-06-04,train,769_4
769,3632,4,Gym / Fitness Center,40.76259363580359,-73.9660630992425,2012-06-09 11:05:59,2012-06-04,train,769_4
769,2852,4,Gym / Fitness Center,40.77202687527417,-73.95888805389404,2012-06-10 09:56:41,2012-06-04,train,769_4
769,3632,4,Gym / Fitness Center,40.76259363580359,-73.9660630992425,2012-06-10 17:18:30,2012-06-04,train,769_4
771,1911,70,Train Station,40.93954445977858,-74.12166474203767,2012-06-04 07:07:08,2012-06-04,train,771_3
771,1069,70,Train Station,40.76147966168067,-74.07551050186157,2012-06-04 07:34:58,2012-06-04,train,771_3
771,357,70,Train Station,40.750794799423865,-73.99357639021292,2012-06-04 07:55:26,2012-06-04,train,771_3
771,1379,222,Coffee Shop,40.75254816218265,-73.99299502372742,2012-06-04 07:57:03,2012-06-04,train,771_3
771,1911,70,Train Station,40.93954445977858,-74.12166474203767,2012-06-05 07:30:31,2012-06-04,train,771_3
771,1911,70,Train Station,40.93954445977858,-74.12166474203767,2012-06-07 07:21:22,2012-06-04,train,771_3
771,1069,70,Train Station,40.76147966168067,-74.07551050186157,2012-06-07 07:54:08,2012-06-04,train,771_3
771,1595,102,American Restaurant,40.90514482692817,-74.03167247772217,2012-06-08 18:51:29,2012-06-04,train,771_3
772,2009,138,Gym / Fitness Center,40.66275977158627,-73.98301728235063,2012-06-05 06:57:52,2012-06-04,train,772_7
772,2009,138,Gym / Fitness Center,40.66275977158627,-73.98301728235063,2012-06-10 08:00:46,2012-06-04,train,772_7
774,2136,222,Coffee Shop,40.7408667651662,-73.99179797423834,2012-06-04 19:44:57,2012-06-04,train,774_9
774,3129,90,School,40.6708904599954,-73.87536113210075,2012-06-05 09:26:19,2012-06-04,train,774_9
774,605,238,Music Venue,40.72856334811506,-73.99995849221705,2012-06-06 19:26:12,2012-06-04,train,774_9
775,1437,185,College Academic Building,40.77937325315485,-73.95507135401736,2012-06-04 10:26:26,2012-06-04,train,775_9
775,648,42,Food & Drink Shop,40.689649,-73.992413,2012-06-04 18:36:53,2012-06-04,train,775_9
775,3926,266,Bus Station,40.5770155421849,-73.98116111755371,2012-06-04 19:59:34,2012-06-04,train,775_9
775,3926,266,Bus Station,40.5770155421849,-73.98116111755371,2012-06-05 06:12:44,2012-06-04,train,775_9
775,1126,137,Gym / Fitness Center,40.77909533410843,-73.94470453262329,2012-06-05 09:54:08,2012-06-04,train,775_9
775,3037,83,Church,40.686700359537575,-73.98017064508767,2012-06-06 11:45:44,2012-06-04,train,775_9
775,3926,266,Bus Station,40.5770155421849,-73.98116111755371,2012-06-06 18:03:52,2012-06-04,train,775_9
775,4611,6,Home (private),40.57453059799639,-74.00063278107605,2012-06-07 17:57:08,2012-06-04,train,775_9
775,1772,264,Subway,40.635055311991,-74.0117222070694,2012-06-07 18:37:47,2012-06-04,train,775_9
775,1126,137,Gym / Fitness Center,40.77909533410843,-73.94470453262329,2012-06-08 09:12:03,2012-06-04,train,775_9
775,1065,98,Donut Shop,40.63415270628344,-74.01454555575245,2012-06-08 19:05:39,2012-06-04,train,775_9
775,3926,266,Bus Station,40.5770155421849,-73.98116111755371,2012-06-08 22:25:26,2012-06-04,train,775_9
775,4611,6,Home (private),40.57453059799639,-74.00063278107605,2012-06-09 10:39:19,2012-06-04,train,775_9
775,4052,70,Train Station,40.62595620370298,-73.99701833724976,2012-06-09 14:34:28,2012-06-04,train,775_9
775,1126,137,Gym / Fitness Center,40.77909533410843,-73.94470453262329,2012-06-09 18:29:57,2012-06-04,train,775_9
775,3926,266,Bus Station,40.5770155421849,-73.98116111755371,2012-06-10 00:08:17,2012-06-04,train,775_9
775,2023,83,Church,40.634953,-74.014235,2012-06-10 09:34:00,2012-06-04,train,775_9
775,1126,137,Gym / Fitness Center,40.77909533410843,-73.94470453262329,2012-06-10 18:30:32,2012-06-04,train,775_9
776,2745,316,Public Art,40.89396747534416,-73.8962448724696,2012-06-08 13:15:41,2012-06-04,train,776_9
776,3261,76,Ferry,40.69739661931091,-74.01154518127441,2012-06-09 16:38:17,2012-06-04,train,776_9
776,452,318,Other Great Outdoors,40.69118178774824,-74.01678085327148,2012-06-09 17:32:06,2012-06-04,train,776_9
776,452,318,Other Great Outdoors,40.69118178774824,-74.01678085327148,2012-06-09 18:04:55,2012-06-04,train,776_9
776,3261,76,Ferry,40.69739661931091,-74.01154518127441,2012-06-09 18:07:18,2012-06-04,train,776_9
777,4647,6,Home (private),40.632300871701176,-73.98887973002674,2012-06-06 19:17:09,2012-06-04,train,777_4
777,4646,62,Automotive Shop,40.63493969789037,-73.98424029350281,2012-06-07 14:10:31,2012-06-04,train,777_4
777,4646,62,Automotive Shop,40.63493969789037,-73.98424029350281,2012-06-07 16:17:34,2012-06-04,train,777_4
778,2563,138,Gym / Fitness Center,40.788219074046346,-73.94870561334412,2012-06-04 19:37:20,2012-06-04,train,778_6
778,1331,222,Coffee Shop,40.79096987028617,-73.94705146551132,2012-06-07 09:22:57,2012-06-04,train,778_6
778,2563,138,Gym / Fitness Center,40.788219074046346,-73.94870561334412,2012-06-07 17:26:10,2012-06-04,train,778_6
778,2563,138,Gym / Fitness Center,40.788219074046346,-73.94870561334412,2012-06-08 18:32:18,2012-06-04,train,778_6
778,4967,220,BBQ Joint,40.7418112381317,-73.98826278972687,2012-06-10 10:57:15,2012-06-04,train,778_6
780,1274,61,Office,40.70972827284494,-74.01076978215657,2012-06-04 09:11:50,2012-06-04,train,780_9
780,4768,138,Gym / Fitness Center,40.7530312107277,-73.98586387743777,2012-06-04 20:23:41,2012-06-04,train,780_9
780,1752,61,Office,40.753050382397895,-73.98573761806597,2012-06-06 21:02:26,2012-06-04,train,780_9
780,348,61,Office,40.71357879126712,-74.01423569264487,2012-06-07 09:00:18,2012-06-04,train,780_9
780,953,55,Bar,40.71581961178149,-74.00887039064251,2012-06-07 19:05:21,2012-06-04,train,780_9
780,1752,61,Office,40.753050382397895,-73.98573761806597,2012-06-08 19:57:08,2012-06-04,train,780_9
781,417,147,Movie Theater,40.73135644834142,-73.98867130279541,2012-06-07 18:39:27,2012-06-04,train,781_8
781,3796,61,Office,40.73963589285346,-74.0060011833954,2012-06-08 09:22:43,2012-06-04,train,781_8
781,1108,124,Sculpture Garden,40.7740642122466,-73.97095799446106,2012-06-09 15:14:55,2012-06-04,train,781_8
782,4741,61,Office,40.879528,-73.991493,2012-06-04 09:31:07,2012-06-04,train,782_2
782,2873,138,Gym / Fitness Center,40.927690347587664,-73.99642919691247,2012-06-05 06:32:46,2012-06-04,train,782_2
782,4741,61,Office,40.879528,-73.991493,2012-06-05 09:30:14,2012-06-04,train,782_2
782,2873,138,Gym / Fitness Center,40.927690347587664,-73.99642919691247,2012-06-06 06:29:55,2012-06-04,train,782_2
782,2873,138,Gym / Fitness Center,40.927690347587664,-73.99642919691247,2012-06-07 06:30:47,2012-06-04,train,782_2
782,4741,61,Office,40.879528,-73.991493,2012-06-08 09:34:35,2012-06-04,train,782_2
784,3370,211,Bar,40.72036368727871,-73.9870834350586,2012-06-05 08:05:50,2012-06-04,train,784_7
784,2417,144,Casino,40.91902658090872,-73.86536922350342,2012-06-06 12:50:08,2012-06-04,train,784_7
784,625,122,Plaza,40.756489872673846,-73.98626804351807,2012-06-06 13:00:13,2012-06-04,train,784_7
784,348,61,Office,40.71379212275389,-74.01421273980209,2012-06-06 13:20:07,2012-06-04,train,784_7
784,2332,19,Bank,40.84350462709147,-73.93913651788439,2012-06-06 13:40:06,2012-06-04,train,784_7
784,2240,19,Bank,40.81011509621309,-73.95118534970048,2012-06-06 13:50:06,2012-06-04,train,784_7
784,906,98,Donut Shop,40.74989042341799,-73.9923620223999,2012-06-06 14:00:20,2012-06-04,train,784_7
784,2417,144,Casino,40.91902658090872,-73.86536922350342,2012-06-07 12:50:30,2012-06-04,train,784_7
784,348,61,Office,40.71357879126712,-74.01423569264487,2012-06-07 13:20:20,2012-06-04,train,784_7
784,2332,19,Bank,40.84350462709147,-73.93913651788439,2012-06-07 13:40:20,2012-06-04,train,784_7
784,2240,19,Bank,40.81011509621309,-73.95118534970048,2012-06-07 13:50:20,2012-06-04,train,784_7
784,348,61,Office,40.71357879126712,-74.01423569264487,2012-06-08 13:20:11,2012-06-04,train,784_7
784,906,98,Donut Shop,40.74989042341799,-73.9923620223999,2012-06-08 14:00:27,2012-06-04,train,784_7
784,625,122,Plaza,40.756489872673846,-73.98626804351807,2012-06-09 13:00:18,2012-06-04,train,784_7
784,4868,281,Residential Building (Apartment / Condo),40.758017730590645,-73.9922547340393,2012-06-09 13:10:07,2012-06-04,train,784_7
784,906,98,Donut Shop,40.74989042341799,-73.9923620223999,2012-06-09 14:01:13,2012-06-04,train,784_7
784,2417,144,Casino,40.91902658090872,-73.86536922350342,2012-06-10 12:50:06,2012-06-04,train,784_7
784,625,122,Plaza,40.756489872673846,-73.98626804351807,2012-06-10 13:00:19,2012-06-04,train,784_7
787,1735,264,Subway,40.70637212292321,-74.0095067024231,2012-06-06 15:18:12,2012-06-04,train,787_9
787,299,130,Burger Joint,40.764094308747225,-73.97870713573151,2012-06-07 20:36:18,2012-06-04,train,787_9
788,3475,317,City,40.94269410852135,-73.99635314941406,2012-06-06 15:37:10,2012-06-04,train,788_9
788,3930,6,Home (private),40.94175914870915,-74.01238511084367,2012-06-06 15:37:21,2012-06-04,train,788_9
788,4455,253,General Travel,40.946033976478525,-74.01389139971357,2012-06-06 15:49:17,2012-06-04,train,788_9
788,2355,58,Electronics Store,40.9657708121501,-74.0756607055664,2012-06-07 15:56:13,2012-06-04,train,788_9
788,2656,34,Gas Station / Garage,40.91354059666688,-73.99784092283586,2012-06-07 19:24:49,2012-06-04,train,788_9
788,4455,253,General Travel,40.946033976478525,-74.01389139971357,2012-06-07 19:49:12,2012-06-04,train,788_9
788,3475,317,City,40.94269410852135,-73.99635314941406,2012-06-08 07:37:02,2012-06-04,train,788_9
788,3930,6,Home (private),40.94175914870915,-74.01238511084367,2012-06-08 07:37:17,2012-06-04,train,788_9
788,3172,270,Parking,40.811340708909874,-74.0822696685791,2012-06-08 08:39:28,2012-06-04,train,788_9
788,3172,270,Parking,40.811340708909874,-74.0822696685791,2012-06-08 14:01:45,2012-06-04,train,788_9
788,4455,253,General Travel,40.946033976478525,-74.01389139971357,2012-06-08 15:37:00,2012-06-04,train,788_9
788,3930,6,Home (private),40.94175914870915,-74.01238511084367,2012-06-08 15:37:36,2012-06-04,train,788_9
788,3172,270,Parking,40.811340708909874,-74.0822696685791,2012-06-08 17:09:25,2012-06-04,train,788_9
788,4658,80,Building,40.81695201971413,-74.0740758178397,2012-06-08 17:32:34,2012-06-04,train,788_9
788,2094,249,Racetrack,40.81721953702811,-74.07673358917236,2012-06-08 21:24:51,2012-06-04,train,788_9
788,3930,6,Home (private),40.94175914870915,-74.01238511084367,2012-06-09 01:40:56,2012-06-04,train,788_9
788,2094,249,Racetrack,40.81721953702811,-74.07673358917236,2012-06-09 19:34:11,2012-06-04,train,788_9
788,3172,270,Parking,40.811340708909874,-74.0822696685791,2012-06-10 00:17:44,2012-06-04,train,788_9
788,4455,253,General Travel,40.946033976478525,-74.01389139971357,2012-06-10 00:36:39,2012-06-04,train,788_9
788,3475,317,City,40.94269410852135,-73.99635314941406,2012-06-10 12:43:44,2012-06-04,train,788_9
788,3930,6,Home (private),40.94175914870915,-74.01238511084367,2012-06-10 12:43:55,2012-06-04,train,788_9
788,3528,317,City,40.88595663003309,-74.0434956550598,2012-06-10 13:39:05,2012-06-04,train,788_9
788,4455,253,General Travel,40.946033976478525,-74.01389139971357,2012-06-10 14:05:50,2012-06-04,train,788_9
788,3475,317,City,40.94269410852135,-73.99635314941406,2012-06-10 16:26:16,2012-06-04,train,788_9
788,3930,6,Home (private),40.94175914870915,-74.01238511084367,2012-06-10 16:26:23,2012-06-04,train,788_9
789,2992,233,Other Great Outdoors,40.626351503681065,-74.09220771673321,2012-06-04 07:11:22,2012-06-04,train,789_8
789,2992,233,Other Great Outdoors,40.626351503681065,-74.09220771673321,2012-06-05 07:19:14,2012-06-04,train,789_8
789,2992,233,Other Great Outdoors,40.626351503681065,-74.09220771673321,2012-06-06 07:03:20,2012-06-04,train,789_8
789,4205,254,Department Store,40.66013495000427,-74.10709739818067,2012-06-06 12:35:37,2012-06-04,train,789_8
789,2992,233,Other Great Outdoors,40.626351503681065,-74.09220771673321,2012-06-07 07:14:39,2012-06-04,train,789_8
789,3957,58,Electronics Store,40.66310131145435,-74.10717195833217,2012-06-07 13:49:25,2012-06-04,train,789_8
789,3224,262,Light Rail,40.67190134788029,-74.10740137399725,2012-06-08 09:05:20,2012-06-04,train,789_8
789,3957,58,Electronics Store,40.66310131145435,-74.10717195833217,2012-06-08 10:46:51,2012-06-04,train,789_8
789,406,147,Movie Theater,40.73416736029532,-73.99048715829849,2012-06-08 17:29:44,2012-06-04,train,789_8
789,3689,6,Home (private),40.62743941221212,-74.09463109843134,2012-06-09 08:11:03,2012-06-04,train,789_8
789,2992,233,Other Great Outdoors,40.626351503681065,-74.09220771673321,2012-06-09 12:23:59,2012-06-04,train,789_8
789,2674,146,Movie Theater,40.62644009732692,-74.17276190554297,2012-06-10 13:33:59,2012-06-04,train,789_8
790,107,138,Gym / Fitness Center,40.75293,-73.974725,2012-06-06 20:47:33,2012-06-04,train,790_7
790,279,121,Park,40.7714256153356,-73.97350072860723,2012-06-07 19:26:52,2012-06-04,train,790_7
790,1228,61,Office,40.782871583997455,-73.95779208451076,2012-06-07 19:27:20,2012-06-04,train,790_7
790,107,138,Gym / Fitness Center,40.75293,-73.974725,2012-06-10 09:21:39,2012-06-04,train,790_7
790,4967,220,BBQ Joint,40.7418112381317,-73.98826278972687,2012-06-10 11:26:14,2012-06-04,train,790_7
791,3562,63,Office,40.73672207747068,-73.99558067321777,2012-06-06 12:14:59,2012-06-04,train,791_8
791,1490,55,Bar,40.74071208334556,-74.00755056065483,2012-06-06 21:02:08,2012-06-04,train,791_8
791,3562,63,Office,40.73672207747068,-73.99558067321777,2012-06-08 10:16:10,2012-06-04,train,791_8
791,512,147,Movie Theater,40.75234609858383,-73.99408777489505,2012-06-08 17:49:09,2012-06-04,train,791_8
791,209,93,Breakfast Spot,40.72615562548205,-73.98364284819401,2012-06-09 20:41:34,2012-06-04,train,791_8
791,1186,256,Furniture / Home Store,40.740019218226266,-73.99469608826703,2012-06-10 13:25:51,2012-06-04,train,791_8
792,78,259,Hotel,40.72201114788852,-74.00430259242555,2012-06-09 22:32:14,2012-06-04,train,792_2
792,701,37,Bar,40.72798919362575,-74.05002155084561,2012-06-10 19:18:06,2012-06-04,train,792_2
794,3132,83,Church,40.72602279947592,-74.04960273975725,2012-06-09 16:52:15,2012-06-04,train,794_7
794,4194,6,Home (private),40.7725569747767,-74.14161270853154,2012-06-10 20:30:01,2012-06-04,train,794_7
795,911,201,Ice Cream Shop,40.74753570734198,-73.98621969885711,2012-06-09 14:53:18,2012-06-04,train,795_2
795,1144,53,Bar,40.75026475714144,-73.98647221688374,2012-06-09 15:02:33,2012-06-04,train,795_2
795,891,201,Ice Cream Shop,40.74763188753914,-73.98638613123016,2012-06-09 17:18:38,2012-06-04,train,795_2
795,1064,70,Train Station,40.74911014966418,-73.98845672607422,2012-06-09 17:33:17,2012-06-04,train,795_2
797,4002,281,Residential Building (Apartment / Condo),40.7032195832907,-73.94367142114152,2012-06-04 08:05:04,2012-06-04,train,797_9
797,1528,264,Subway,40.73573434642415,-73.99056762456905,2012-06-04 09:58:02,2012-06-04,train,797_9
797,1247,35,Bookstore,40.73316247409845,-73.99104044018358,2012-06-04 09:58:35,2012-06-04,train,797_9
797,1688,58,Electronics Store,40.734269,-73.990084,2012-06-04 18:25:51,2012-06-04,train,797_9
797,916,221,Bridge,40.705888200473375,-73.9900016784668,2012-06-04 18:45:05,2012-06-04,train,797_9
797,3289,301,Neighborhood,40.65016889724004,-73.94957542419434,2012-06-04 18:45:28,2012-06-04,train,797_9
797,423,70,Train Station,40.68456336807219,-73.97761667053776,2012-06-04 18:57:56,2012-06-04,train,797_9
797,1316,254,Department Store,40.68428103200774,-73.97646306641839,2012-06-04 18:58:08,2012-06-04,train,797_9
797,2361,156,Stadium,40.68312,-73.975979,2012-06-04 19:45:17,2012-06-04,train,797_9
797,2471,71,Train Station,40.68864362699706,-73.9611411094665,2012-06-04 19:45:47,2012-06-04,train,797_9
797,1715,264,Subway,40.70541414411096,-73.94938295189516,2012-06-04 20:15:57,2012-06-04,train,797_9
797,1715,264,Subway,40.70541414411096,-73.94938295189516,2012-06-04 20:16:08,2012-06-04,train,797_9
797,4002,281,Residential Building (Apartment / Condo),40.7032195832907,-73.94367142114152,2012-06-05 08:15:12,2012-06-04,train,797_9
797,4427,6,Home (private),40.70477380546345,-73.94186034276925,2012-06-05 08:17:10,2012-06-04,train,797_9
797,4563,6,Home (private),40.70477380546345,-73.94186034276925,2012-06-05 08:18:49,2012-06-04,train,797_9
797,1715,264,Subway,40.70541414411096,-73.94938295189516,2012-06-05 09:35:58,2012-06-04,train,797_9
797,1715,264,Subway,40.70541414411096,-73.94938295189516,2012-06-05 09:36:18,2012-06-04,train,797_9
797,4444,264,Subway,40.66961585203345,-73.95960014369386,2012-06-05 10:38:02,2012-06-04,train,797_9
797,2140,264,Subway,40.66161146080779,-73.96224590222664,2012-06-05 10:48:04,2012-06-04,train,797_9
797,335,113,Garden,40.66760245789949,-73.96317958831787,2012-06-05 10:48:27,2012-06-04,train,797_9
797,335,113,Garden,40.66760245789949,-73.96317958831787,2012-06-05 10:49:41,2012-06-04,train,797_9
797,4002,281,Residential Building (Apartment / Condo),40.7032195832907,-73.94367142114152,2012-06-06 07:56:20,2012-06-04,train,797_9
797,2689,301,Neighborhood,40.71424858464975,-73.95375967025757,2012-06-06 09:22:16,2012-06-04,train,797_9
797,764,221,Bridge,40.713565479798646,-73.97236347198486,2012-06-06 09:22:52,2012-06-04,train,797_9
797,2778,138,Gym / Fitness Center,40.86253199035967,-73.8970372278273,2012-06-06 10:21:21,2012-06-04,train,797_9
797,1625,264,Subway,40.87341560489982,-73.88983726501465,2012-06-06 12:33:59,2012-06-04,train,797_9
797,1528,264,Subway,40.73573434642415,-73.99056762456905,2012-06-06 13:38:38,2012-06-04,train,797_9
797,1247,35,Bookstore,40.73316247409845,-73.99104044018358,2012-06-06 13:39:07,2012-06-04,train,797_9
797,192,121,Park,40.73528249691621,-73.99040315158283,2012-06-06 18:23:14,2012-06-04,train,797_9
797,435,224,Arcade,40.756717428206045,-73.98858547210693,2012-06-06 22:57:27,2012-06-04,train,797_9
797,2689,301,Neighborhood,40.71424858464975,-73.95375967025757,2012-06-07 01:07:39,2012-06-04,train,797_9
797,3289,301,Neighborhood,40.65016889724004,-73.94957542419434,2012-06-07 01:10:25,2012-06-04,train,797_9
797,4002,281,Residential Building (Apartment / Condo),40.7032195832907,-73.94367142114152,2012-06-07 08:28:10,2012-06-04,train,797_9
797,4385,231,Campground,40.70330795792358,-73.94365420019082,2012-06-07 08:31:50,2012-06-04,train,797_9
797,3945,269,Miscellaneous Shop,40.70300428109208,-73.94232818238707,2012-06-07 12:46:17,2012-06-04,train,797_9
797,3360,71,Train Station,40.73977053760343,-74.00258123874664,2012-06-07 12:46:37,2012-06-04,train,797_9
797,2186,264,Subway,40.707560746779045,-73.94025590261084,2012-06-07 12:46:47,2012-06-04,train,797_9
797,2689,301,Neighborhood,40.71424858464975,-73.95375967025757,2012-06-07 12:47:00,2012-06-04,train,797_9
797,1528,264,Subway,40.73573434642415,-73.99056762456905,2012-06-07 13:40:00,2012-06-04,train,797_9
799,3621,98,Donut Shop,40.74456391628884,-73.99663005286135,2012-06-06 19:31:47,2012-06-04,train,799_8
799,4347,16,Clothing Store,40.72249408311082,-73.99771571159363,2012-06-08 19:02:03,2012-06-04,train,799_8
799,706,7,Clothing Store,40.72180301361468,-73.99981399503366,2012-06-08 19:08:08,2012-06-04,train,799_8
799,587,266,Bus Station,40.75722129839836,-73.99154663085938,2012-06-08 19:57:21,2012-06-04,train,799_8
800,289,37,Bar,40.71945037152671,-73.98781514808185,2012-06-04 00:34:39,2012-06-04,train,800_8
800,289,37,Bar,40.71945037152671,-73.98781514808185,2012-06-04 00:35:12,2012-06-04,train,800_8
800,16,238,Music Venue,40.721100383119634,-73.98792418909154,2012-06-05 03:07:05,2012-06-04,train,800_8
800,39,41,Bar,40.72854337080716,-73.98469884462888,2012-06-06 19:32:08,2012-06-04,train,800_8
800,4336,27,Italian Restaurant,40.72038388818859,-73.98955979680346,2012-06-07 11:28:08,2012-06-04,train,800_8
800,4336,27,Italian Restaurant,40.72038388818859,-73.98955979680346,2012-06-08 12:22:52,2012-06-04,train,800_8
800,303,48,Bar,40.721502075213984,-73.98914337158203,2012-06-08 17:03:45,2012-06-04,train,800_8
800,362,238,Music Venue,40.72227645289492,-73.98881947082901,2012-06-09 01:08:28,2012-06-04,train,800_8
800,4336,27,Italian Restaurant,40.72038388818859,-73.98955979680346,2012-06-09 11:42:05,2012-06-04,train,800_8
800,289,37,Bar,40.71945037152671,-73.98781514808185,2012-06-09 18:28:51,2012-06-04,train,800_8
800,4336,27,Italian Restaurant,40.72038388818859,-73.98955979680346,2012-06-10 15:49:32,2012-06-04,train,800_8
801,750,183,University,40.71110949732056,-74.00504350662231,2012-06-04 17:33:05,2012-06-04,train,801_8
801,750,183,University,40.71110949732056,-74.00504350662231,2012-06-06 17:36:39,2012-06-04,train,801_8
801,647,239,Airport,40.64557779020594,-73.77643346786499,2012-06-07 16:19:07,2012-06-04,train,801_8
802,2385,96,Deli / Bodega,40.82677781581879,-73.849831,2012-06-05 10:32:19,2012-06-04,train,802_6
802,2697,58,Electronics Store,40.82593,-73.85714,2012-06-08 09:50:24,2012-06-04,train,802_6
802,1005,122,Plaza,40.72906350306143,-73.98876782007306,2012-06-08 19:37:10,2012-06-04,train,802_6
804,1015,61,Office,40.75873129067156,-73.9820760601798,2012-06-04 21:20:05,2012-06-04,train,804_7
804,1015,61,Office,40.75873129067156,-73.9820760601798,2012-06-08 08:33:07,2012-06-04,train,804_7
804,279,121,Park,40.7714256153356,-73.97350072860723,2012-06-08 16:03:31,2012-06-04,train,804_7
805,2912,264,Subway,40.68036952800187,-73.94965589046478,2012-06-04 05:32:19,2012-06-04,train,805_8
805,2016,132,Fast Food Restaurant,40.76195099046608,-73.9836072921753,2012-06-04 06:17:11,2012-06-04,train,805_8
805,2861,61,Office,40.76195623982946,-73.98189240653575,2012-06-04 06:32:28,2012-06-04,train,805_8
805,4197,96,Deli / Bodega,40.6847512363616,-73.9434418083397,2012-06-06 16:39:22,2012-06-04,train,805_8
805,4025,6,Home (private),40.68499608789172,-73.94186034276925,2012-06-06 16:45:28,2012-06-04,train,805_8
805,4024,6,Home (private),40.68499608789172,-73.94186034276925,2012-06-06 16:45:42,2012-06-04,train,805_8
805,4197,96,Deli / Bodega,40.6847512363616,-73.9434418083397,2012-06-07 16:58:15,2012-06-04,train,805_8
805,719,222,Coffee Shop,40.73001497344702,-73.99150371551514,2012-06-07 17:57:56,2012-06-04,train,805_8
805,417,147,Movie Theater,40.73135644834142,-73.98867130279541,2012-06-07 18:40:52,2012-06-04,train,805_8
805,2912,264,Subway,40.68036952800187,-73.94965589046478,2012-06-08 15:07:30,2012-06-04,train,805_8
805,2861,61,Office,40.76195623982946,-73.98189240653575,2012-06-08 17:12:27,2012-06-04,train,805_8
805,625,122,Plaza,40.756489872673846,-73.98626804351807,2012-06-08 19:45:42,2012-06-04,train,805_8
805,1733,264,Subway,40.75650612666626,-73.98802757263184,2012-06-08 19:56:20,2012-06-04,train,805_8
805,4024,6,Home (private),40.68499608789172,-73.94186034276925,2012-06-08 20:43:49,2012-06-04,train,805_8
805,3777,301,Neighborhood,40.68383327254962,-73.93749474191857,2012-06-08 23:26:58,2012-06-04,train,805_8
805,4197,96,Deli / Bodega,40.6847512363616,-73.9434418083397,2012-06-09 07:24:23,2012-06-04,train,805_8
805,2912,264,Subway,40.68036952800187,-73.94965589046478,2012-06-09 07:35:56,2012-06-04,train,805_8
805,625,122,Plaza,40.756489872673846,-73.98626804351807,2012-06-09 08:12:09,2012-06-04,train,805_8
805,2016,132,Fast Food Restaurant,40.76195099046608,-73.9836072921753,2012-06-09 08:14:09,2012-06-04,train,805_8
805,4024,6,Home (private),40.68499608789172,-73.94186034276925,2012-06-09 17:06:13,2012-06-04,train,805_8
805,971,221,Bridge,40.705953265881305,-73.99656772613525,2012-06-09 20:24:55,2012-06-04,train,805_8
805,279,121,Park,40.7714256153356,-73.97350072860723,2012-06-09 20:44:12,2012-06-04,train,805_8
805,1454,257,Road,40.75297891717686,-73.95996093749999,2012-06-10 02:04:45,2012-06-04,train,805_8
805,4024,6,Home (private),40.68499608789172,-73.94186034276925,2012-06-10 02:52:55,2012-06-04,train,805_8
805,4197,96,Deli / Bodega,40.6847512363616,-73.9434418083397,2012-06-10 12:36:41,2012-06-04,train,805_8
806,2065,210,Vegetarian / Vegan Restaurant,40.681098,-73.97596,2012-06-06 18:22:06,2012-06-04,train,806_8
806,3715,37,Bar,40.73670404816863,-73.95522059339255,2012-06-06 21:27:46,2012-06-04,train,806_8
806,2065,210,Vegetarian / Vegan Restaurant,40.681098,-73.97596,2012-06-07 19:15:54,2012-06-04,train,806_8
806,264,37,Bar,40.666674206504105,-73.98817096588479,2012-06-07 20:00:11,2012-06-04,train,806_8
806,892,137,Gym / Fitness Center,40.676854686891616,-73.97226182280386,2012-06-09 14:52:15,2012-06-04,train,806_8
807,2182,179,College Academic Building,40.86552149046927,-74.19462203979492,2012-06-04 17:28:48,2012-06-04,train,807_9
807,4143,6,Home (private),40.85977463341219,-74.12986841096105,2012-06-04 20:27:52,2012-06-04,train,807_9
807,4143,6,Home (private),40.85977463341219,-74.12986841096105,2012-06-05 01:32:52,2012-06-04,train,807_9
807,2182,179,College Academic Building,40.86552149046927,-74.19462203979492,2012-06-06 17:31:17,2012-06-04,train,807_9
807,4143,6,Home (private),40.85977463341219,-74.12986841096105,2012-06-07 01:32:27,2012-06-04,train,807_9
807,1879,58,Electronics Store,40.90692416157411,-74.13381671056565,2012-06-08 16:25:53,2012-06-04,train,807_9
807,1961,56,Paper / Office Supplies Store,40.82660915346994,-74.13912177085876,2012-06-08 16:58:00,2012-06-04,train,807_9
807,4143,6,Home (private),40.85977463341219,-74.12986841096105,2012-06-10 01:40:24,2012-06-04,train,807_9
807,4143,6,Home (private),40.85977463341219,-74.12986841096105,2012-06-10 17:19:07,2012-06-04,train,807_9
808,2850,136,Office,40.738478007566,-73.99049520492554,2012-06-04 07:51:16,2012-06-04,train,808_1
808,1276,264,Subway,40.73733991001137,-73.99686813354492,2012-06-04 16:43:56,2012-06-04,train,808_1
808,4946,6,Home (private),40.74943136628766,-74.04763775758458,2012-06-05 03:58:32,2012-06-04,train,808_1
808,1645,70,Train Station,40.73606359173575,-74.02938723564148,2012-06-05 07:17:11,2012-06-04,train,808_1
808,2850,136,Office,40.738478007566,-73.99049520492554,2012-06-05 08:13:25,2012-06-04,train,808_1
808,1645,70,Train Station,40.73606359173575,-74.02938723564148,2012-06-06 07:14:21,2012-06-04,train,808_1
808,2850,136,Office,40.738478007566,-73.99049520492554,2012-06-06 08:03:22,2012-06-04,train,808_1
808,2312,262,Light Rail,40.72703111110143,-74.0348482131958,2012-06-06 14:12:31,2012-06-04,train,808_1
808,2463,262,Light Rail,40.71509635681654,-74.04848322272301,2012-06-06 14:22:00,2012-06-04,train,808_1
808,1154,163,Medical Center,40.71631412096641,-74.05027627944946,2012-06-06 19:35:22,2012-06-04,train,808_1
808,4946,6,Home (private),40.74943136628766,-74.04763775758458,2012-06-06 22:18:58,2012-06-04,train,808_1
808,4088,281,Residential Building (Apartment / Condo),40.74928103988808,-74.05019940185012,2012-06-07 09:19:22,2012-06-04,train,808_1
808,4088,281,Residential Building (Apartment / Condo),40.74928103988808,-74.05019940185012,2012-06-07 20:58:35,2012-06-04,train,808_1
808,1645,70,Train Station,40.73606359173575,-74.02938723564148,2012-06-08 07:50:50,2012-06-04,train,808_1
808,2850,136,Office,40.738478007566,-73.99049520492554,2012-06-08 10:22:22,2012-06-04,train,808_1
808,2850,136,Office,40.738478007566,-73.99049520492554,2012-06-08 12:53:54,2012-06-04,train,808_1
808,1419,70,Train Station,40.732267009830224,-74.06304359436035,2012-06-08 16:11:44,2012-06-04,train,808_1
808,4331,73,Bus Station,40.74643844120671,-74.05212132948934,2012-06-08 16:30:15,2012-06-04,train,808_1
808,4088,281,Residential Building (Apartment / Condo),40.74928103988808,-74.05019940185012,2012-06-08 16:56:34,2012-06-04,train,808_1
808,1154,163,Medical Center,40.71631412096641,-74.05027627944946,2012-06-08 20:51:52,2012-06-04,train,808_1
808,2227,222,Coffee Shop,40.74550126445644,-74.0494179725647,2012-06-08 21:29:33,2012-06-04,train,808_1
808,4946,6,Home (private),40.74943136628766,-74.04763775758458,2012-06-09 00:48:02,2012-06-04,train,808_1
808,1154,163,Medical Center,40.71631412096641,-74.05027627944946,2012-06-09 10:21:21,2012-06-04,train,808_1
808,2227,222,Coffee Shop,40.74550126445644,-74.0494179725647,2012-06-09 11:51:38,2012-06-04,train,808_1
809,2196,174,College Academic Building,40.77079184896987,-73.98592472076416,2012-06-08 07:57:34,2012-06-04,train,809_0
809,2196,174,College Academic Building,40.77079184896987,-73.98592472076416,2012-06-08 09:55:38,2012-06-04,train,809_0
809,3242,134,Event Space,40.77056711201932,-73.98410197779206,2012-06-08 11:58:05,2012-06-04,train,809_0
809,2196,174,College Academic Building,40.77079184896987,-73.98592472076416,2012-06-08 13:04:03,2012-06-04,train,809_0
809,3011,6,Home (private),40.833165200622425,-73.94186034276925,2012-06-08 18:22:01,2012-06-04,train,809_0
811,405,241,Airport,40.645089355976346,-73.7845230102539,2012-06-04 06:58:30,2012-06-04,train,811_4
811,1243,61,Office,40.7524323390344,-73.99025420849364,2012-06-06 09:30:53,2012-06-04,train,811_4
811,1243,61,Office,40.7524323390344,-73.99025420849364,2012-06-08 10:58:56,2012-06-04,train,811_4
814,1251,37,Bar,40.722404640382265,-73.95522952079773,2012-06-09 03:08:29,2012-06-04,train,814_3
814,802,150,Stadium,40.73308000062968,-74.1708254814148,2012-06-09 19:55:50,2012-06-04,train,814_3
815,372,131,Café,40.74595644996025,-73.91464233398438,2012-06-04 09:11:38,2012-06-04,train,815_3
815,2034,264,Subway,40.74410317521528,-73.91249656677246,2012-06-05 09:17:57,2012-06-04,train,815_3
815,2034,264,Subway,40.74410317521528,-73.91249656677246,2012-06-06 09:23:32,2012-06-04,train,815_3
815,1515,264,Subway,40.75047562272483,-73.94028425216675,2012-06-06 19:01:45,2012-06-04,train,815_3
815,4962,6,Home (private),40.74916220499632,-73.90658830179062,2012-06-06 19:52:30,2012-06-04,train,815_3
815,2034,264,Subway,40.74410317521528,-73.91249656677246,2012-06-07 09:20:36,2012-06-04,train,815_3
815,4962,6,Home (private),40.74916220499632,-73.90658830179062,2012-06-07 20:43:51,2012-06-04,train,815_3
815,731,147,Movie Theater,40.77468600154588,-73.9820645818322,2012-06-08 21:23:02,2012-06-04,train,815_3
815,605,238,Music Venue,40.72856334811506,-73.99995849221705,2012-06-10 00:56:42,2012-06-04,train,815_3
815,4962,6,Home (private),40.74916220499632,-73.90658830179062,2012-06-10 12:32:13,2012-06-04,train,815_3
815,4962,6,Home (private),40.74916220499632,-73.90658830179062,2012-06-10 19:50:47,2012-06-04,train,815_3
816,2173,137,Gym / Fitness Center,40.74109555804945,-73.99270534515381,2012-06-04 05:37:43,2012-06-04,train,816_8
816,2173,137,Gym / Fitness Center,40.74109555804945,-73.99270534515381,2012-06-05 05:39:15,2012-06-04,train,816_8
816,2173,137,Gym / Fitness Center,40.74109555804945,-73.99270534515381,2012-06-06 05:32:13,2012-06-04,train,816_8
816,2708,240,Airport,40.69881195801446,-73.8087272644043,2012-06-07 16:50:30,2012-06-04,train,816_8
818,1005,122,Plaza,40.72906350306143,-73.98876782007306,2012-06-07 11:46:36,2012-06-04,train,818_6
818,1477,317,City,40.71421605600625,-74.00596618652344,2012-06-07 14:13:35,2012-06-04,train,818_6
818,1477,317,City,40.71421605600625,-74.00596618652344,2012-06-10 16:21:32,2012-06-04,train,818_6
822,987,257,Road,40.76117085825042,-74.01128768920898,2012-06-04 08:31:15,2012-06-04,train,822_8
822,587,266,Bus Station,40.75722129839836,-73.99154663085938,2012-06-04 08:36:58,2012-06-04,train,822_8
822,771,98,Donut Shop,40.755666467820014,-73.98954257995278,2012-06-04 08:45:34,2012-06-04,train,822_8
822,587,266,Bus Station,40.75722129839836,-73.99154663085938,2012-06-04 18:03:53,2012-06-04,train,822_8
822,987,257,Road,40.76117085825042,-74.01128768920898,2012-06-05 08:27:46,2012-06-04,train,822_8
822,587,266,Bus Station,40.75722129839836,-73.99154663085938,2012-06-05 08:37:35,2012-06-04,train,822_8
822,771,98,Donut Shop,40.755666467820014,-73.98954257995278,2012-06-05 08:42:01,2012-06-04,train,822_8
822,4694,61,Office,40.753314605576,-73.9868969055432,2012-06-05 09:56:08,2012-06-04,train,822_8
822,987,257,Road,40.76117085825042,-74.01128768920898,2012-06-06 08:30:57,2012-06-04,train,822_8
822,587,266,Bus Station,40.75722129839836,-73.99154663085938,2012-06-06 08:40:29,2012-06-04,train,822_8
822,771,98,Donut Shop,40.755666467820014,-73.98954257995278,2012-06-06 08:45:12,2012-06-04,train,822_8
822,4694,61,Office,40.753314605576,-73.9868969055432,2012-06-06 09:25:59,2012-06-04,train,822_8
822,2110,96,Deli / Bodega,40.754052,-73.987177,2012-06-06 13:55:11,2012-06-04,train,822_8
822,987,257,Road,40.76117085825042,-74.01128768920898,2012-06-06 18:05:27,2012-06-04,train,822_8
822,987,257,Road,40.76117085825042,-74.01128768920898,2012-06-07 08:51:47,2012-06-04,train,822_8
822,587,266,Bus Station,40.75722129839836,-73.99154663085938,2012-06-07 09:03:37,2012-06-04,train,822_8
822,771,98,Donut Shop,40.755666467820014,-73.98954257995278,2012-06-07 09:06:54,2012-06-04,train,822_8
822,2277,19,Bank,40.75556338853696,-73.98371458053589,2012-06-07 14:27:50,2012-06-04,train,822_8
822,2110,96,Deli / Bodega,40.754052,-73.987177,2012-06-07 14:34:36,2012-06-04,train,822_8
822,4694,61,Office,40.753314605576,-73.9868969055432,2012-06-07 14:42:00,2012-06-04,train,822_8
822,587,266,Bus Station,40.75722129839836,-73.99154663085938,2012-06-07 18:00:10,2012-06-04,train,822_8
822,987,257,Road,40.76117085825042,-74.01128768920898,2012-06-08 08:28:12,2012-06-04,train,822_8
822,587,266,Bus Station,40.75722129839836,-73.99154663085938,2012-06-08 08:39:50,2012-06-04,train,822_8
822,771,98,Donut Shop,40.755666467820014,-73.98954257995278,2012-06-08 08:46:01,2012-06-04,train,822_8
822,4694,61,Office,40.753314605576,-73.9868969055432,2012-06-08 10:35:07,2012-06-04,train,822_8
822,2135,26,Drugstore / Pharmacy,40.75418129107015,-73.98693707874614,2012-06-08 12:57:17,2012-06-04,train,822_8
822,1802,194,Mexican Restaurant,40.75315436423719,-73.98905476854135,2012-06-08 13:46:29,2012-06-04,train,822_8
822,587,266,Bus Station,40.75722129839836,-73.99154663085938,2012-06-08 17:56:28,2012-06-04,train,822_8
822,987,257,Road,40.76117085825042,-74.01128768920898,2012-06-09 10:59:37,2012-06-04,train,822_8
822,4967,220,BBQ Joint,40.7418112381317,-73.98826278972687,2012-06-09 11:36:17,2012-06-04,train,822_8
822,987,257,Road,40.76117085825042,-74.01128768920898,2012-06-09 15:43:47,2012-06-04,train,822_8
822,2010,42,Food & Drink Shop,40.82118176815919,-73.99176120758057,2012-06-09 19:10:51,2012-06-04,train,822_8
823,2069,262,Light Rail,40.66130995253368,-74.11637130665052,2012-06-04 07:24:24,2012-06-04,train,823_8
823,476,48,Bar,40.73598131890752,-74.0293093759129,2012-06-04 18:17:38,2012-06-04,train,823_8
823,3420,37,Bar,40.73928990379554,-74.03033069390608,2012-06-04 19:15:50,2012-06-04,train,823_8
823,2069,262,Light Rail,40.66130995253368,-74.11637130665052,2012-06-06 07:06:47,2012-06-04,train,823_8
823,1177,222,Coffee Shop,40.71562697131299,-74.03412938117981,2012-06-08 07:36:27,2012-06-04,train,823_8
823,217,52,Bar,40.72946499945696,-73.9999412763002,2012-06-09 23:46:38,2012-06-04,train,823_8
823,2069,262,Light Rail,40.66130995253368,-74.11637130665052,2012-06-10 16:32:23,2012-06-04,train,823_8
824,3012,257,Road,40.77748265426145,-74.05815124511719,2012-06-09 23:20:25,2012-06-04,train,824_9
824,4360,257,Road,40.80633842289551,-74.01708126068115,2012-06-09 23:35:42,2012-06-04,train,824_9
824,4370,257,Road,40.80186852886792,-74.02669429779053,2012-06-10 14:23:07,2012-06-04,train,824_9
824,3906,257,Road,40.7615871036031,-74.04432449341253,2012-06-10 14:38:23,2012-06-04,train,824_9
824,3778,257,Road,40.761587060920775,-74.04431875610842,2012-06-10 14:38:44,2012-06-04,train,824_9
824,2597,301,Neighborhood,40.82144157832533,-73.9878988265991,2012-06-10 20:52:34,2012-06-04,train,824_9
824,4264,6,Home (private),40.80204208379726,-74.00063278107605,2012-06-10 21:32:26,2012-06-04,train,824_9
824,2086,254,Department Store,40.81342911263693,-74.013542085886,2012-06-10 23:01:23,2012-06-04,train,824_9
824,2925,266,Bus Station,40.83309951197968,-74.01021480560303,2012-06-10 23:23:46,2012-06-04,train,824_9
824,2805,257,Road,40.882241619308815,-74.2096209526062,2012-06-10 23:29:06,2012-06-04,train,824_9
824,1292,265,Mall,40.95634251626308,-74.06902771574032,2012-06-10 23:38:58,2012-06-04,train,824_9
825,4483,281,Residential Building (Apartment / Condo),40.79926711855176,-73.93221341022327,2012-06-04 17:45:10,2012-06-04,train,825_5
825,4483,281,Residential Building (Apartment / Condo),40.79926711855176,-73.93221341022327,2012-06-05 10:08:48,2012-06-04,train,825_5
825,4483,281,Residential Building (Apartment / Condo),40.79926711855176,-73.93221341022327,2012-06-06 21:09:05,2012-06-04,train,825_5
825,1533,78,Library,40.774337635336,-73.98478493103883,2012-06-07 12:52:41,2012-06-04,train,825_5
825,4483,281,Residential Building (Apartment / Condo),40.79926711855176,-73.93221341022327,2012-06-08 08:58:17,2012-06-04,train,825_5
825,3000,254,Department Store,40.79535805750898,-73.93105745315552,2012-06-09 20:20:36,2012-06-04,train,825_5
826,3551,138,Gym / Fitness Center,40.92609035622175,-73.85365392482477,2012-06-07 07:13:21,2012-06-04,train,826_0
826,3551,138,Gym / Fitness Center,40.92609035622175,-73.85365392482477,2012-06-09 10:00:20,2012-06-04,train,826_0
826,3802,301,Neighborhood,40.73346530661768,-74.00312619457237,2012-06-10 16:33:01,2012-06-04,train,826_0
829,719,222,Coffee Shop,40.73001497344702,-73.99150371551514,2012-06-05 09:05:32,2012-06-04,train,829_8
829,4740,61,Office,40.75683120568008,-73.98208379745483,2012-06-07 11:34:22,2012-06-04,train,829_8
829,303,48,Bar,40.721502075213984,-73.98914337158203,2012-06-08 20:09:45,2012-06-04,train,829_8
829,584,147,Movie Theater,40.754987336025614,-73.9236481622989,2012-06-10 15:22:11,2012-06-04,train,829_8
830,2131,137,Gym / Fitness Center,40.91195586575817,-74.02976274490356,2012-06-04 05:10:33,2012-06-04,train,830_5
830,4087,121,Park,40.74292909863104,-73.91636855284915,2012-06-04 17:04:54,2012-06-04,train,830_5
830,3035,301,Neighborhood,40.7469318369775,-73.9176893234253,2012-06-04 17:18:58,2012-06-04,train,830_5
830,2131,137,Gym / Fitness Center,40.91195586575817,-74.02976274490356,2012-06-05 05:13:55,2012-06-04,train,830_5
830,2131,137,Gym / Fitness Center,40.91195586575817,-74.02976274490356,2012-06-06 05:12:03,2012-06-04,train,830_5
830,2131,137,Gym / Fitness Center,40.91195586575817,-74.02976274490356,2012-06-07 05:11:48,2012-06-04,train,830_5
830,972,221,Bridge,40.75673368214285,-73.95445704460144,2012-06-07 15:36:33,2012-06-04,train,830_5
830,2018,98,Donut Shop,40.74319277572364,-73.92275333404541,2012-06-07 17:04:28,2012-06-04,train,830_5
830,3035,301,Neighborhood,40.7469318369775,-73.9176893234253,2012-06-07 21:00:31,2012-06-04,train,830_5
830,3035,301,Neighborhood,40.7469318369775,-73.9176893234253,2012-06-08 17:17:42,2012-06-04,train,830_5
830,3545,257,Road,40.73646082178492,-73.87830692524241,2012-06-08 19:05:44,2012-06-04,train,830_5
830,3035,301,Neighborhood,40.7469318369775,-73.9176893234253,2012-06-08 20:39:59,2012-06-04,train,830_5
830,2018,98,Donut Shop,40.74319277572364,-73.92275333404541,2012-06-09 10:44:46,2012-06-04,train,830_5
830,2216,264,Subway,40.74374551975831,-73.92429828643799,2012-06-09 11:14:49,2012-06-04,train,830_5
830,2018,98,Donut Shop,40.74319277572364,-73.92275333404541,2012-06-09 15:02:45,2012-06-04,train,830_5
830,4087,121,Park,40.74292909863104,-73.91636855284915,2012-06-09 15:16:49,2012-06-04,train,830_5
830,3035,301,Neighborhood,40.7469318369775,-73.9176893234253,2012-06-09 17:14:15,2012-06-04,train,830_5
830,3545,257,Road,40.73646082178492,-73.87830692524241,2012-06-09 19:13:00,2012-06-04,train,830_5
830,3035,301,Neighborhood,40.7469318369775,-73.9176893234253,2012-06-09 20:24:52,2012-06-04,train,830_5
830,2151,132,Fast Food Restaurant,40.743901,-73.9235,2012-06-10 07:17:33,2012-06-04,train,830_5
830,3545,257,Road,40.73646082178492,-73.87830692524241,2012-06-10 09:08:08,2012-06-04,train,830_5
830,2018,98,Donut Shop,40.74319277572364,-73.92275333404541,2012-06-10 09:11:32,2012-06-04,train,830_5
830,1155,222,Coffee Shop,40.785672315100136,-73.97271524012237,2012-06-10 11:49:59,2012-06-04,train,830_5
830,154,95,Chinese Restaurant,40.71500225548567,-73.99686534099088,2012-06-10 14:17:24,2012-06-04,train,830_5
830,2216,264,Subway,40.74374551975831,-73.92429828643799,2012-06-10 15:19:09,2012-06-04,train,830_5
830,4087,121,Park,40.74292909863104,-73.91636855284915,2012-06-10 17:14:33,2012-06-04,train,830_5
831,972,221,Bridge,40.75673368214285,-73.95445704460144,2012-06-06 06:39:03,2012-06-04,train,831_6
831,987,257,Road,40.76117085825042,-74.01128768920898,2012-06-06 07:01:12,2012-06-04,train,831_6
831,1372,221,Bridge,40.78008648315284,-73.92702341079712,2012-06-06 17:44:12,2012-06-04,train,831_6
831,972,221,Bridge,40.75673368214285,-73.95445704460144,2012-06-07 06:43:58,2012-06-04,train,831_6
831,987,257,Road,40.76117085825042,-74.01128768920898,2012-06-07 07:04:11,2012-06-04,train,831_6
833,2320,264,Subway,40.646098782777614,-73.9026689529419,2012-06-04 08:29:47,2012-06-04,train,833_7
833,2320,264,Subway,40.646098782777614,-73.9026689529419,2012-06-05 08:27:56,2012-06-04,train,833_7
833,2320,264,Subway,40.646098782777614,-73.9026689529419,2012-06-06 08:29:07,2012-06-04,train,833_7
833,2897,207,Dessert Shop,40.71438598323158,-74.00665536643571,2012-06-06 16:57:12,2012-06-04,train,833_7
833,2320,264,Subway,40.646098782777614,-73.9026689529419,2012-06-07 08:19:24,2012-06-04,train,833_7
833,3570,80,Building,40.714243,-74.006438,2012-06-07 10:03:23,2012-06-04,train,833_7
833,4535,130,Burger Joint,40.69211070019279,-73.98889981642176,2012-06-08 16:27:53,2012-06-04,train,833_7
833,2251,264,Subway,40.66869292137888,-73.93140077590942,2012-06-09 11:05:37,2012-06-04,train,833_7
834,2942,222,Coffee Shop,40.61960195296289,-74.00806701695224,2012-06-05 09:47:51,2012-06-04,train,834_8
834,2942,222,Coffee Shop,40.61960195296289,-74.00806701695224,2012-06-10 22:31:52,2012-06-04,train,834_8
835,1182,61,Office,40.719893,-74.000054,2012-06-04 07:04:48,2012-06-04,train,835_9
835,1182,61,Office,40.719893,-74.000054,2012-06-05 07:20:27,2012-06-04,train,835_9
835,1182,61,Office,40.719893,-74.000054,2012-06-06 07:04:05,2012-06-04,train,835_9
835,1317,222,Coffee Shop,40.720787,-73.999497,2012-06-07 09:09:02,2012-06-04,train,835_9
835,1182,61,Office,40.719893,-74.000054,2012-06-08 07:21:36,2012-06-04,train,835_9
835,648,42,Food & Drink Shop,40.689649,-73.992413,2012-06-09 08:21:17,2012-06-04,train,835_9
835,689,131,Café,40.68679615636459,-73.9937893563088,2012-06-10 08:41:52,2012-06-04,train,835_9
835,638,42,Food & Drink Shop,40.715917287979,-74.0120207306095,2012-06-10 14:53:17,2012-06-04,train,835_9
836,4506,8,Medical Center,40.794539,-74.11938,2012-06-05 06:55:01,2012-06-04,train,836_7
836,1943,137,Gym / Fitness Center,40.86284175229376,-74.05562090890453,2012-06-06 13:56:54,2012-06-04,train,836_7
836,4506,8,Medical Center,40.794539,-74.11938,2012-06-07 11:03:07,2012-06-04,train,836_7
836,4506,8,Medical Center,40.794539,-74.11938,2012-06-08 07:39:16,2012-06-04,train,836_7
837,1953,238,Music Venue,40.73171417041241,-73.98922920227051,2012-06-10 19:55:31,2012-06-04,train,837_2
837,2736,37,Bar,40.73260908451682,-73.98778071406592,2012-06-10 23:31:10,2012-06-04,train,837_2
838,527,42,Food & Drink Shop,40.723955,-73.991829,2012-06-08 19:51:29,2012-06-04,train,838_4
838,1584,281,Residential Building (Apartment / Condo),40.70452181142012,-74.00918600081165,2012-06-09 01:22:37,2012-06-04,train,838_4
838,751,146,Movie Theater,40.7148694149892,-74.01538906944295,2012-06-09 21:55:18,2012-06-04,train,838_4
838,637,111,Swiss Restaurant,40.72164843796456,-73.99753332138062,2012-06-10 11:39:14,2012-06-04,train,838_4
838,227,58,Electronics Store,40.72501469240076,-73.99909973144531,2012-06-10 12:29:44,2012-06-04,train,838_4
838,1336,31,Bar,40.725567587478615,-73.9978551864624,2012-06-10 12:45:13,2012-06-04,train,838_4
838,1584,281,Residential Building (Apartment / Condo),40.70452181142012,-74.00918600081165,2012-06-10 15:59:09,2012-06-04,train,838_4
839,3095,120,Other Great Outdoors,40.94745481958723,-74.13416651958043,2012-06-06 13:11:34,2012-06-04,train,839_8
839,847,265,Mall,40.917335441802095,-74.0756607055664,2012-06-06 13:56:31,2012-06-04,train,839_8
839,4111,270,Parking,40.917984324734284,-74.07736274818198,2012-06-06 13:57:38,2012-06-04,train,839_8
839,2133,54,Food & Drink Shop,40.91637850483696,-74.07649656441112,2012-06-06 16:44:12,2012-06-04,train,839_8
839,2133,54,Food & Drink Shop,40.91637850483696,-74.07649656441112,2012-06-07 17:18:39,2012-06-04,train,839_8
839,3292,9,Clothing Store,40.91588176059391,-74.07657687300733,2012-06-07 17:41:54,2012-06-04,train,839_8
839,4111,270,Parking,40.917984324734284,-74.07736274818198,2012-06-08 21:13:29,2012-06-04,train,839_8
839,847,265,Mall,40.917335441802095,-74.0756607055664,2012-06-08 21:20:41,2012-06-04,train,839_8
839,2870,96,Deli / Bodega,40.812158822891696,-74.19442355632782,2012-06-09 01:10:25,2012-06-04,train,839_8
839,4111,270,Parking,40.91864443026314,-74.07766103571305,2012-06-09 17:45:13,2012-06-04,train,839_8
839,2658,257,Road,40.89002830179658,-74.07025337219238,2012-06-09 21:33:44,2012-06-04,train,839_8
839,3300,317,City,40.67334753512089,-74.11102294921875,2012-06-09 22:24:29,2012-06-04,train,839_8
839,131,37,Bar,40.728306,-73.981973,2012-06-10 01:16:56,2012-06-04,train,839_8
839,2702,257,Road,40.72737259531574,-74.02115821838379,2012-06-10 02:57:08,2012-06-04,train,839_8
840,4421,6,Home (private),40.76071686239771,-73.91834636014222,2012-06-06 10:53:09,2012-06-04,train,840_7
840,1803,138,Gym / Fitness Center,40.76190477195068,-73.92474889755249,2012-06-06 15:38:58,2012-06-04,train,840_7
840,4421,6,Home (private),40.76071686239771,-73.91834636014222,2012-06-06 19:09:54,2012-06-04,train,840_7
840,2228,265,Mall,40.7331450394645,-73.86301517486572,2012-06-06 19:59:21,2012-06-04,train,840_7
840,1803,138,Gym / Fitness Center,40.76190477195068,-73.92474889755249,2012-06-07 12:04:37,2012-06-04,train,840_7
840,4421,6,Home (private),40.76071686239771,-73.91834636014222,2012-06-07 14:09:21,2012-06-04,train,840_7
840,310,214,Bar,40.74212740110424,-73.9985812139799,2012-06-10 00:31:44,2012-06-04,train,840_7
840,822,20,Falafel Restaurant,40.72909625079526,-73.98886442184448,2012-06-10 02:57:35,2012-06-04,train,840_7
841,1235,137,Gym / Fitness Center,40.738949,-73.989828,2012-06-04 09:04:09,2012-06-04,train,841_9
841,1516,222,Coffee Shop,40.74064691662654,-73.99104044018358,2012-06-04 10:29:35,2012-06-04,train,841_9
841,1516,222,Coffee Shop,40.74064691662654,-73.99104044018358,2012-06-06 09:06:26,2012-06-04,train,841_9
841,1970,28,Salon / Barbershop,40.739710540895686,-73.98925563221387,2012-06-06 09:26:15,2012-06-04,train,841_9
841,1235,137,Gym / Fitness Center,40.738949,-73.989828,2012-06-08 08:36:53,2012-06-04,train,841_9
841,3351,242,Spa / Massage,40.74016056683402,-73.99236612281612,2012-06-10 12:34:09,2012-06-04,train,841_9
842,2832,37,Bar,40.583875,-73.94781236666667,2012-06-04 08:05:51,2012-06-04,train,842_9
842,1945,141,Bagel Shop,40.58802,-73.953244,2012-06-04 08:17:41,2012-06-04,train,842_9
842,1934,138,Gym / Fitness Center,40.58532514916689,-73.95202340155454,2012-06-04 20:18:51,2012-06-04,train,842_9
842,1945,141,Bagel Shop,40.58802,-73.953244,2012-06-06 15:47:13,2012-06-04,train,842_9
842,1934,138,Gym / Fitness Center,40.58532514916689,-73.95202340155454,2012-06-06 20:31:51,2012-06-04,train,842_9
842,862,147,Movie Theater,40.58606020705239,-73.92983436584473,2012-06-08 22:22:27,2012-06-04,train,842_9
842,1947,52,Bar,40.583847884772446,-73.93279321562365,2012-06-09 01:11:37,2012-06-04,train,842_9
842,4760,281,Residential Building (Apartment / Condo),40.58469545001116,-73.93245451762998,2012-06-09 02:46:49,2012-06-04,train,842_9
842,1934,138,Gym / Fitness Center,40.58532514916689,-73.95202340155454,2012-06-09 15:46:42,2012-06-04,train,842_9
842,1947,52,Bar,40.583847884772446,-73.93279321562365,2012-06-10 00:58:47,2012-06-04,train,842_9
842,4760,281,Residential Building (Apartment / Condo),40.58469545001116,-73.93245451762998,2012-06-10 01:10:59,2012-06-04,train,842_9
842,2826,2,Gym / Fitness Center,40.587728,-73.951596,2012-06-10 18:13:58,2012-06-04,train,842_9
842,435,224,Arcade,40.756717428206045,-73.98858547210693,2012-06-10 22:38:08,2012-06-04,train,842_9
844,4817,113,Garden,40.82718998645796,-73.9214780864242,2012-06-05 01:28:07,2012-06-04,train,844_8
844,3427,178,General College & University,40.752385612403,-73.98051738739014,2012-06-05 10:40:52,2012-06-04,train,844_8
844,3427,178,General College & University,40.752385612403,-73.98051738739014,2012-06-06 12:30:41,2012-06-04,train,844_8
844,3427,178,General College & University,40.752385612403,-73.98051738739014,2012-06-07 12:50:25,2012-06-04,train,844_8
844,1245,202,Pizza Place,40.753499070431374,-73.97978782653809,2012-06-07 16:01:08,2012-06-04,train,844_8
845,4375,6,Home (private),40.628964535118925,-73.96537147003376,2012-06-04 10:40:35,2012-06-04,train,845_9
845,4375,6,Home (private),40.628964535118925,-73.96537147003376,2012-06-06 20:58:34,2012-06-04,train,845_9
845,4375,6,Home (private),40.628964535118925,-73.96537147003376,2012-06-07 12:35:22,2012-06-04,train,845_9
845,4795,300,Moving Target,40.63130312006654,-73.96078213464835,2012-06-07 15:05:02,2012-06-04,train,845_9
845,4795,300,Moving Target,40.63130312006654,-73.96078213464835,2012-06-07 18:13:02,2012-06-04,train,845_9
845,4375,6,Home (private),40.628964535118925,-73.96537147003376,2012-06-08 16:23:49,2012-06-04,train,845_9
845,4795,300,Moving Target,40.63130312006654,-73.96078213464835,2012-06-08 17:41:37,2012-06-04,train,845_9
845,4375,6,Home (private),40.628964535118925,-73.96537147003376,2012-06-09 01:02:31,2012-06-04,train,845_9
845,3390,222,Coffee Shop,40.64172917935286,-73.96334822511452,2012-06-09 14:32:16,2012-06-04,train,845_9
845,4375,6,Home (private),40.628964535118925,-73.96537147003376,2012-06-09 15:56:59,2012-06-04,train,845_9
845,1585,69,Government Building,40.69277622390466,-73.99032354354858,2012-06-10 15:30:53,2012-06-04,train,845_9
845,971,221,Bridge,40.705953265881305,-73.99656772613525,2012-06-10 16:10:40,2012-06-04,train,845_9
845,1010,1,Pet Store,40.7368875094195,-73.99020829705454,2012-06-10 17:52:52,2012-06-04,train,845_9
845,4375,6,Home (private),40.628964535118925,-73.96537147003376,2012-06-10 20:20:25,2012-06-04,train,845_9
846,190,157,Stadium,40.82827721161922,-73.92655344439045,2012-06-06 19:45:48,2012-06-04,train,846_7
846,4538,246,Performing Arts Venue,40.823747348954086,-73.93987655639648,2012-06-08 13:08:16,2012-06-04,train,846_7
846,4538,246,Performing Arts Venue,40.823747348954086,-73.93987655639648,2012-06-09 12:01:43,2012-06-04,train,846_7
849,2109,222,Coffee Shop,40.7539591745711,-73.97656637453203,2012-06-07 12:10:54,2012-06-04,train,849_2
849,279,121,Park,40.7714256153356,-73.97350072860723,2012-06-07 13:19:24,2012-06-04,train,849_2
851,1675,301,Neighborhood,40.84894322160766,-73.9369797706604,2012-06-06 06:29:42,2012-06-04,train,851_7
851,1418,194,Mexican Restaurant,40.91922020055109,-74.06481385231018,2012-06-07 18:28:13,2012-06-04,train,851_7
851,1292,265,Mall,40.95634251626308,-74.06902771574032,2012-06-07 20:07:08,2012-06-04,train,851_7
851,2106,254,Department Store,40.91552327277213,-74.06089782714844,2012-06-08 18:42:14,2012-06-04,train,851_7
851,2520,222,Coffee Shop,40.946097781156325,-74.0714979171753,2012-06-10 14:08:34,2012-06-04,train,851_7
858,3214,138,Gym / Fitness Center,40.76112918213039,-73.93004343007756,2012-06-06 18:32:52,2012-06-04,train,858_7
858,1487,122,Plaza,40.76245925351319,-73.98745932961936,2012-06-08 19:45:58,2012-06-04,train,858_7
858,458,106,Burrito Place,40.76271587683453,-73.98763664066797,2012-06-08 20:02:47,2012-06-04,train,858_7
858,3214,138,Gym / Fitness Center,40.76112918213039,-73.93004343007756,2012-06-10 12:35:46,2012-06-04,train,858_7
860,1474,239,Airport,40.76915667368325,-73.86195399349938,2012-06-06 12:40:47,2012-06-04,train,860_8
860,1475,241,Airport,40.773839,-73.87122,2012-06-06 12:41:37,2012-06-04,train,860_8
860,1081,289,Airport,40.769061148486365,-73.86216759681702,2012-06-06 13:15:00,2012-06-04,train,860_8
861,233,147,Movie Theater,40.75699098241037,-73.98872764725327,2012-06-06 10:03:30,2012-06-04,train,861_7
861,470,87,Theater,40.742788354778206,-74.00067582070984,2012-06-06 20:20:18,2012-06-04,train,861_7
861,1742,264,Subway,40.75099579556285,-73.99068832397461,2012-06-09 13:22:26,2012-06-04,train,861_7
861,271,254,Department Store,40.75061379403183,-73.98856401443481,2012-06-09 21:17:31,2012-06-04,train,861_7
861,731,147,Movie Theater,40.77468600154588,-73.9820645818322,2012-06-10 09:32:48,2012-06-04,train,861_7
862,1463,222,Coffee Shop,40.75816510418584,-73.98926137117284,2012-06-08 15:29:58,2012-06-04,train,862_1
862,4118,138,Gym / Fitness Center,40.80927000313523,-73.94907116889954,2012-06-10 04:13:10,2012-06-04,train,862_1
862,1706,264,Subway,40.84076210674116,-73.93953323364258,2012-06-10 16:53:41,2012-06-04,train,862_1
864,1070,76,Ferry,40.77662552133105,-74.01072978973389,2012-06-04 07:01:54,2012-06-04,train,864_9
864,1696,76,Ferry,40.75944803383743,-74.00562286376953,2012-06-04 07:10:58,2012-06-04,train,864_9
864,2088,98,Donut Shop,40.747483478396845,-73.98228267031958,2012-06-04 07:30:34,2012-06-04,train,864_9
864,3099,136,Office,40.746976519995165,-73.98325258717293,2012-06-04 18:05:08,2012-06-04,train,864_9
864,1696,76,Ferry,40.75944803383743,-74.00562286376953,2012-06-04 18:40:59,2012-06-04,train,864_9
864,1070,76,Ferry,40.77662552133105,-74.01072978973389,2012-06-04 18:48:38,2012-06-04,train,864_9
864,1070,76,Ferry,40.77662552133105,-74.01072978973389,2012-06-07 06:27:16,2012-06-04,train,864_9
864,1696,76,Ferry,40.75944803383743,-74.00562286376953,2012-06-07 06:50:21,2012-06-04,train,864_9
864,2088,98,Donut Shop,40.747483478396845,-73.98228267031958,2012-06-07 07:07:43,2012-06-04,train,864_9
864,349,70,Train Station,40.75280620914171,-73.97717535495758,2012-06-07 17:47:07,2012-06-04,train,864_9
864,1696,76,Ferry,40.75944803383743,-74.00562286376953,2012-06-07 20:33:15,2012-06-04,train,864_9
864,2088,98,Donut Shop,40.747483478396845,-73.98228267031958,2012-06-08 07:06:48,2012-06-04,train,864_9
864,1696,76,Ferry,40.75944803383743,-74.00562286376953,2012-06-08 17:47:37,2012-06-04,train,864_9
864,1070,76,Ferry,40.77662552133105,-74.01072978973389,2012-06-08 18:07:14,2012-06-04,train,864_9
865,1329,48,Bar,40.74525975462356,-73.99247516123957,2012-06-09 22:13:30,2012-06-04,train,865_8
865,223,121,Park,40.72133752277011,-73.9521841234126,2012-06-10 16:20:21,2012-06-04,train,865_8
866,4358,131,Café,40.723096,-73.995774,2012-06-05 09:36:27,2012-06-04,train,866_7
866,4552,63,Office,40.724169079279605,-73.99721145629883,2012-06-06 23:20:26,2012-06-04,train,866_7
866,4552,63,Office,40.724169079279605,-73.99721145629883,2012-06-07 09:03:38,2012-06-04,train,866_7
866,440,61,Office,40.76173157920592,-73.96798610687256,2012-06-07 18:09:45,2012-06-04,train,866_7
866,4552,63,Office,40.724169079279605,-73.99721145629883,2012-06-08 17:35:57,2012-06-04,train,866_7
867,1327,222,Coffee Shop,40.74907894406079,-73.98399867372817,2012-06-04 18:47:48,2012-06-04,train,867_9
867,3316,6,Home (private),40.716332549524296,-73.95361626406626,2012-06-04 20:17:13,2012-06-04,train,867_9
867,4490,61,Office,40.74926221909231,-73.98398145637879,2012-06-05 10:42:03,2012-06-04,train,867_9
867,4490,61,Office,40.74926221909231,-73.98398145637879,2012-06-07 18:17:03,2012-06-04,train,867_9
867,3316,6,Home (private),40.716332549524296,-73.95361626406626,2012-06-08 21:47:19,2012-06-04,train,867_9
867,3654,158,Comedy Club,40.7238209721987,-73.98535072803497,2012-06-10 15:16:38,2012-06-04,train,867_9
868,3836,281,Residential Building (Apartment / Condo),40.827749003889046,-73.85003008090051,2012-06-04 20:11:14,2012-06-04,train,868_4
868,3836,281,Residential Building (Apartment / Condo),40.827749003889046,-73.85003008090051,2012-06-05 10:48:53,2012-06-04,train,868_4
868,3836,281,Residential Building (Apartment / Condo),40.827749003889046,-73.85003008090051,2012-06-07 10:16:14,2012-06-04,train,868_4
868,3836,281,Residential Building (Apartment / Condo),40.827749003889046,-73.85003008090051,2012-06-07 20:32:49,2012-06-04,train,868_4
868,3836,281,Residential Building (Apartment / Condo),40.827749003889046,-73.85003008090051,2012-06-08 09:56:52,2012-06-04,train,868_4
868,3836,281,Residential Building (Apartment / Condo),40.827749003889046,-73.85003008090051,2012-06-08 15:53:10,2012-06-04,train,868_4
868,3836,281,Residential Building (Apartment / Condo),40.827749003889046,-73.85003008090051,2012-06-09 21:43:52,2012-06-04,train,868_4
868,3836,281,Residential Building (Apartment / Condo),40.827749003889046,-73.85003008090051,2012-06-10 01:01:11,2012-06-04,train,868_4
868,3836,281,Residential Building (Apartment / Condo),40.827749003889046,-73.85003008090051,2012-06-10 12:02:51,2012-06-04,train,868_4
870,1032,138,Gym / Fitness Center,40.73003391698606,-73.99233168961688,2012-06-06 15:00:18,2012-06-04,train,870_8
870,233,147,Movie Theater,40.75699098241037,-73.98872764725327,2012-06-08 20:55:10,2012-06-04,train,870_8
870,183,223,Harbor / Marina,40.70566047104496,-74.00287628173828,2012-06-09 18:24:32,2012-06-04,train,870_8
870,971,221,Bridge,40.705953265881305,-73.99656772613525,2012-06-09 23:56:42,2012-06-04,train,870_8
871,1933,264,Subway,40.78577311803029,-73.9509916305542,2012-06-04 07:59:41,2012-06-04,train,871_8
871,349,70,Train Station,40.75280620914171,-73.97717535495758,2012-06-04 08:18:07,2012-06-04,train,871_8
871,1933,264,Subway,40.78577311803029,-73.9509916305542,2012-06-05 08:03:30,2012-06-04,train,871_8
871,1933,264,Subway,40.78577311803029,-73.9509916305542,2012-06-06 06:21:31,2012-06-04,train,871_8
871,799,96,Deli / Bodega,40.75271883902363,-73.98321568965912,2012-06-06 15:50:36,2012-06-04,train,871_8
871,179,121,Park,40.75372797263211,-73.98368835767094,2012-06-06 22:11:21,2012-06-04,train,871_8
871,1933,264,Subway,40.78577311803029,-73.9509916305542,2012-06-07 07:04:46,2012-06-04,train,871_8
871,1933,264,Subway,40.78577311803029,-73.9509916305542,2012-06-08 21:21:57,2012-06-04,train,871_8
871,179,121,Park,40.75372797263211,-73.98368835767094,2012-06-09 19:43:56,2012-06-04,train,871_8
873,2411,121,Park,40.72413655548345,-74.08368587493896,2012-06-06 11:11:33,2012-06-04,train,873_2
873,1930,301,Neighborhood,40.71834202528393,-74.00061816553153,2012-06-08 14:26:14,2012-06-04,train,873_2
873,3550,92,Asian Restaurant,40.72678719273266,-74.03197288513182,2012-06-09 16:55:36,2012-06-04,train,873_2
874,1237,163,Medical Center,40.64671745617407,-74.02111530303955,2012-06-07 13:18:12,2012-06-04,train,874_7
874,2890,301,Neighborhood,40.79672258044242,-73.94124984741211,2012-06-08 17:38:31,2012-06-04,train,874_7
875,2782,64,Government Building,40.70707691381857,-74.0050600740452,2012-06-04 08:14:38,2012-06-04,train,875_6
875,1935,73,Bus Station,40.82338150904419,-73.90931832442426,2012-06-05 07:19:10,2012-06-04,train,875_6
875,2753,264,Subway,40.816188,-73.917947,2012-06-05 07:25:06,2012-06-04,train,875_6
875,2782,64,Government Building,40.70707691381857,-74.0050600740452,2012-06-05 08:42:19,2012-06-04,train,875_6
875,1935,73,Bus Station,40.82338150904419,-73.90931832442426,2012-06-06 07:40:54,2012-06-04,train,875_6
875,2753,264,Subway,40.816188,-73.917947,2012-06-06 07:45:45,2012-06-04,train,875_6
875,1153,96,Deli / Bodega,40.7074219738845,-74.00536421354879,2012-06-06 08:29:38,2012-06-04,train,875_6
875,2782,64,Government Building,40.70707691381857,-74.0050600740452,2012-06-06 08:34:49,2012-06-04,train,875_6
875,2753,264,Subway,40.816188,-73.917947,2012-06-07 07:37:35,2012-06-04,train,875_6
875,1153,96,Deli / Bodega,40.7074219738845,-74.00536421354879,2012-06-07 08:21:42,2012-06-04,train,875_6
875,3416,266,Bus Station,40.8159366327874,-73.91719579696654,2012-06-07 17:31:20,2012-06-04,train,875_6
875,2782,64,Government Building,40.70707691381857,-74.0050600740452,2012-06-08 09:13:19,2012-06-04,train,875_6
875,174,102,American Restaurant,40.741797,-73.997271,2012-06-09 20:02:36,2012-06-04,train,875_6
876,2883,136,Office,40.714825968619806,-74.005692,2012-06-07 10:18:32,2012-06-04,train,876_8
876,2181,281,Residential Building (Apartment / Condo),40.75710676086138,-73.99799012903304,2012-06-08 23:51:04,2012-06-04,train,876_8
876,357,70,Train Station,40.750794799423865,-73.99357639021292,2012-06-09 15:35:41,2012-06-04,train,876_8
876,357,70,Train Station,40.750794799423865,-73.99357639021292,2012-06-10 02:00:52,2012-06-04,train,876_8
876,534,102,American Restaurant,40.76108076085344,-73.9944435810639,2012-06-10 11:47:07,2012-06-04,train,876_8
876,2119,138,Gym / Fitness Center,40.74800474617332,-74.00862693786621,2012-06-10 17:57:28,2012-06-04,train,876_8
877,1009,165,College Academic Building,40.80861223601287,-73.96154880523682,2012-06-04 09:13:41,2012-06-04,train,877_4
877,1009,165,College Academic Building,40.80861223601287,-73.96154880523682,2012-06-05 08:34:08,2012-06-04,train,877_4
877,1009,165,College Academic Building,40.80861223601287,-73.96154880523682,2012-06-06 09:24:23,2012-06-04,train,877_4
877,2481,70,Train Station,40.713809998131545,-73.83071483139443,2012-06-06 17:37:29,2012-06-04,train,877_4
877,1009,165,College Academic Building,40.80861223601287,-73.96154880523682,2012-06-07 09:11:36,2012-06-04,train,877_4
877,1009,165,College Academic Building,40.80861223601287,-73.96154880523682,2012-06-08 09:16:39,2012-06-04,train,877_4
877,1425,19,Bank,40.80383638197959,-73.96740617294,2012-06-08 14:22:17,2012-06-04,train,877_4
877,3356,134,Event Space,40.70172388214517,-73.84065628051758,2012-06-09 03:01:17,2012-06-04,train,877_4
877,2142,258,Food & Drink Shop,40.7103907665044,-73.8516840781583,2012-06-09 13:47:05,2012-06-04,train,877_4
877,2857,47,Bar,40.755998370536446,-73.9677333304998,2012-06-09 21:05:25,2012-06-04,train,877_4
877,3356,134,Event Space,40.70172388214517,-73.84065628051758,2012-06-10 18:00:26,2012-06-04,train,877_4
878,4282,6,Home (private),40.93508141690897,-73.96537147003376,2012-06-04 22:18:05,2012-06-04,train,878_9
878,2175,197,Sandwich Place,40.89643068952154,-73.97470108060517,2012-06-06 11:25:34,2012-06-04,train,878_9
878,4282,6,Home (private),40.93508141690897,-73.96537147003376,2012-06-06 22:22:06,2012-06-04,train,878_9
878,2175,197,Sandwich Place,40.89643068952154,-73.97470108060517,2012-06-07 10:15:42,2012-06-04,train,878_9
878,2175,197,Sandwich Place,40.89643068952154,-73.97470108060517,2012-06-08 10:10:32,2012-06-04,train,878_9
878,2789,19,Bank,40.896013691315474,-73.97192319398332,2012-06-08 16:35:37,2012-06-04,train,878_9
878,4282,6,Home (private),40.93508141690897,-73.96537147003376,2012-06-08 18:00:19,2012-06-04,train,878_9
878,4282,6,Home (private),40.93508141690897,-73.96537147003376,2012-06-08 22:49:29,2012-06-04,train,878_9
878,2569,98,Donut Shop,40.91845513831024,-73.99684238606413,2012-06-09 15:35:26,2012-06-04,train,878_9
878,4282,6,Home (private),40.93508141690897,-73.96537147003376,2012-06-09 16:12:59,2012-06-04,train,878_9
878,4282,6,Home (private),40.93508141690897,-73.96537147003376,2012-06-09 17:16:07,2012-06-04,train,878_9
878,847,265,Mall,40.917335441802095,-74.0756607055664,2012-06-09 18:44:25,2012-06-04,train,878_9
878,4282,6,Home (private),40.93508141690897,-73.96537147003376,2012-06-10 00:59:14,2012-06-04,train,878_9
878,1160,222,Coffee Shop,40.81309872799184,-73.98468554019928,2012-06-10 02:20:33,2012-06-04,train,878_9
878,1160,222,Coffee Shop,40.81309872799184,-73.98468554019928,2012-06-10 02:35:44,2012-06-04,train,878_9
878,4282,6,Home (private),40.93508141690897,-73.96537147003376,2012-06-10 10:17:38,2012-06-04,train,878_9
878,1618,221,Bridge,40.63580842646567,-74.19698238372803,2012-06-10 16:22:33,2012-06-04,train,878_9
880,132,131,Café,40.75811656795351,-73.99289983661367,2012-06-04 08:46:57,2012-06-04,train,880_9
880,132,131,Café,40.75811656795351,-73.99289983661367,2012-06-06 13:54:48,2012-06-04,train,880_9
880,132,131,Café,40.75811656795351,-73.99289983661367,2012-06-07 13:52:39,2012-06-04,train,880_9
880,512,147,Movie Theater,40.75234609858383,-73.99408777489505,2012-06-09 19:01:56,2012-06-04,train,880_9
880,791,222,Coffee Shop,40.741503,-74.030671,2012-06-10 12:47:54,2012-06-04,train,880_9
880,3420,37,Bar,40.73928990379554,-74.03033069390608,2012-06-10 14:09:28,2012-06-04,train,880_9
880,791,222,Coffee Shop,40.741503,-74.030671,2012-06-10 18:08:40,2012-06-04,train,880_9
881,1310,133,Hot Dog Joint,40.731463098592265,-73.98277049893474,2012-06-05 03:17:00,2012-06-04,train,881_9
881,2901,73,Bus Station,40.645805724956496,-73.90217542648315,2012-06-05 05:58:20,2012-06-04,train,881_9
881,2715,73,Bus Station,40.64060640507159,-73.90576440732153,2012-06-05 05:58:40,2012-06-04,train,881_9
881,3841,77,Government Building,40.64041091042064,-73.905666802868,2012-06-05 05:59:59,2012-06-04,train,881_9
881,2648,196,Restaurant,40.62940441,-73.918612,2012-06-06 10:42:52,2012-06-04,train,881_9
881,2068,138,Gym / Fitness Center,40.70257473392312,-73.8189978337963,2012-06-07 18:13:17,2012-06-04,train,881_9
881,3289,301,Neighborhood,40.65016889724004,-73.94957542419434,2012-06-07 19:51:07,2012-06-04,train,881_9
881,996,264,Subway,40.67837610578439,-73.90339851379395,2012-06-07 19:51:54,2012-06-04,train,881_9
881,4289,120,Other Great Outdoors,40.63355855667462,-73.92037007537644,2012-06-07 21:17:22,2012-06-04,train,881_9
881,3732,6,Home (private),40.63217491395537,-73.91834636014222,2012-06-07 21:18:23,2012-06-04,train,881_9
881,4290,6,Home (private),40.63217491395537,-73.91834636014222,2012-06-07 21:18:51,2012-06-04,train,881_9
881,3835,73,Bus Station,40.64046947986093,-73.90546011092275,2012-06-08 16:21:56,2012-06-04,train,881_9
881,2901,73,Bus Station,40.645805724956496,-73.90217542648315,2012-06-08 16:36:48,2012-06-04,train,881_9
881,2955,301,Neighborhood,40.64365659494853,-73.90067338943481,2012-06-08 16:39:32,2012-06-04,train,881_9
881,4289,120,Other Great Outdoors,40.63355855667462,-73.92037007537644,2012-06-08 17:25:20,2012-06-04,train,881_9
881,1053,264,Subway,40.730592217474026,-73.98163318634033,2012-06-09 01:04:48,2012-06-04,train,881_9
881,1554,26,Drugstore / Pharmacy,40.73177921058233,-73.98240566253662,2012-06-09 01:05:05,2012-06-04,train,881_9
881,2955,301,Neighborhood,40.64365659494853,-73.90067338943481,2012-06-09 03:55:51,2012-06-04,train,881_9
881,2901,73,Bus Station,40.645805724956496,-73.90217542648315,2012-06-09 03:56:24,2012-06-04,train,881_9
881,4289,120,Other Great Outdoors,40.63355855667462,-73.92037007537644,2012-06-09 16:45:25,2012-06-04,train,881_9
881,4290,6,Home (private),40.63217491395537,-73.91834636014222,2012-06-09 16:46:14,2012-06-04,train,881_9
881,3841,77,Government Building,40.64041091042064,-73.905666802868,2012-06-09 19:24:15,2012-06-04,train,881_9
881,1053,264,Subway,40.730592217474026,-73.98163318634033,2012-06-09 23:14:55,2012-06-04,train,881_9
881,1310,133,Hot Dog Joint,40.731463098592265,-73.98277049893474,2012-06-10 03:25:36,2012-06-04,train,881_9
881,2955,301,Neighborhood,40.64365659494853,-73.90067338943481,2012-06-10 05:44:04,2012-06-04,train,881_9
881,3835,73,Bus Station,40.64046947986093,-73.90546011092275,2012-06-10 05:46:48,2012-06-04,train,881_9
881,3841,77,Government Building,40.64041091042064,-73.905666802868,2012-06-10 05:47:27,2012-06-04,train,881_9
882,4162,6,Home (private),40.75686177990922,-73.75366953292578,2012-06-04 00:26:53,2012-06-04,train,882_5
882,2188,173,Community College,40.75492947089871,-73.75667095184326,2012-06-04 17:15:56,2012-06-04,train,882_5
882,4162,6,Home (private),40.75686177990922,-73.75366953292578,2012-06-04 18:35:12,2012-06-04,train,882_5
882,1894,222,Coffee Shop,40.77433,-73.732803,2012-06-06 15:37:17,2012-06-04,train,882_5
882,4162,6,Home (private),40.75686177990922,-73.75366953292578,2012-06-06 23:36:50,2012-06-04,train,882_5
882,4162,6,Home (private),40.75686177990922,-73.75366953292578,2012-06-07 10:47:52,2012-06-04,train,882_5
882,1894,222,Coffee Shop,40.77433,-73.732803,2012-06-07 20:59:31,2012-06-04,train,882_5
882,1894,222,Coffee Shop,40.77433,-73.732803,2012-06-08 12:35:43,2012-06-04,train,882_5
882,4162,6,Home (private),40.75686177990922,-73.75366953292578,2012-06-08 23:42:26,2012-06-04,train,882_5
882,1894,222,Coffee Shop,40.77433,-73.732803,2012-06-09 12:58:58,2012-06-04,train,882_5
882,4162,6,Home (private),40.75686177990922,-73.75366953292578,2012-06-10 00:05:03,2012-06-04,train,882_5
882,3896,6,Home (private),40.78137697920257,-73.7183639073073,2012-06-10 17:21:00,2012-06-04,train,882_5
882,2078,105,Taco Place,40.75740452640951,-73.79349870362604,2012-06-10 19:29:31,2012-06-04,train,882_5
882,1894,222,Coffee Shop,40.77433,-73.732803,2012-06-10 20:16:04,2012-06-04,train,882_5
883,1741,222,Coffee Shop,40.750998873195776,-74.02547651573961,2012-06-04 17:00:52,2012-06-04,train,883_8
883,2781,73,Bus Station,40.75622089216358,-73.99083383946767,2012-06-05 07:58:52,2012-06-04,train,883_8
883,2165,26,Drugstore / Pharmacy,40.75616479199092,-73.99060249328613,2012-06-05 07:59:14,2012-06-04,train,883_8
883,4059,222,Coffee Shop,40.756345814658175,-73.99106913470987,2012-06-05 07:59:26,2012-06-04,train,883_8
883,2064,128,Bakery,40.75689622129208,-73.99188995361328,2012-06-05 08:00:47,2012-06-04,train,883_8
883,4059,222,Coffee Shop,40.756345814658175,-73.99106913470987,2012-06-05 08:01:10,2012-06-04,train,883_8
883,4059,222,Coffee Shop,40.756345814658175,-73.99106913470987,2012-06-06 08:03:10,2012-06-04,train,883_8
883,2781,73,Bus Station,40.75622089216358,-73.99083383946767,2012-06-06 08:03:20,2012-06-04,train,883_8
883,2064,128,Bakery,40.75689622129208,-73.99188995361328,2012-06-06 08:03:29,2012-06-04,train,883_8
883,2473,19,Bank,40.75593488044145,-73.990954356579,2012-06-06 08:03:41,2012-06-04,train,883_8
883,1877,258,Food & Drink Shop,40.75769265737892,-73.99150371551514,2012-06-06 08:03:51,2012-06-04,train,883_8
883,2429,128,Bakery,40.743162488969325,-73.88227477543617,2012-06-06 20:33:28,2012-06-04,train,883_8
883,4059,222,Coffee Shop,40.756345814658175,-73.99106913470987,2012-06-07 08:07:24,2012-06-04,train,883_8
883,2064,128,Bakery,40.75689622129208,-73.99188995361328,2012-06-07 08:07:34,2012-06-04,train,883_8
883,2473,19,Bank,40.75593488044145,-73.990954356579,2012-06-07 08:07:53,2012-06-04,train,883_8
883,2165,26,Drugstore / Pharmacy,40.75616479199092,-73.99060249328613,2012-06-07 08:08:05,2012-06-04,train,883_8
883,4109,90,School,40.75121342362821,-74.02533880675394,2012-06-07 16:11:35,2012-06-04,train,883_8
883,4059,222,Coffee Shop,40.756345814658175,-73.99106913470987,2012-06-08 08:30:11,2012-06-04,train,883_8
883,2064,128,Bakery,40.75689622129208,-73.99188995361328,2012-06-08 08:30:23,2012-06-04,train,883_8
883,2781,73,Bus Station,40.75622089216358,-73.99083383946767,2012-06-08 08:30:32,2012-06-04,train,883_8
883,1877,258,Food & Drink Shop,40.75769265737892,-73.99150371551514,2012-06-08 08:30:41,2012-06-04,train,883_8
883,2473,19,Bank,40.75593488044145,-73.990954356579,2012-06-08 08:30:52,2012-06-04,train,883_8
883,4055,263,Laundry Service,40.74333469241787,-73.88322222415708,2012-06-10 20:42:51,2012-06-04,train,883_8
886,1075,121,Park,40.70919832245443,-74.01118576526642,2012-06-06 13:53:24,2012-06-04,train,886_8
886,2659,194,Mexican Restaurant,40.70962611336823,-74.00639139810971,2012-06-07 13:41:17,2012-06-04,train,886_8
886,87,210,Vegetarian / Vegan Restaurant,40.72218618767068,-73.99712358372733,2012-06-09 19:49:46,2012-06-04,train,886_8
887,3406,80,Building,40.88766428677077,-74.01919918009074,2012-06-07 09:02:45,2012-06-04,train,887_7
887,2364,102,American Restaurant,40.910107224587655,-74.0324878692627,2012-06-07 21:00:44,2012-06-04,train,887_7
887,3406,80,Building,40.88766428677077,-74.01919918009074,2012-06-08 12:44:23,2012-06-04,train,887_7
888,4023,6,Home (private),40.869261377738766,-73.91834636014222,2012-06-05 02:58:11,2012-06-04,train,888_7
888,4022,63,Office,40.755885775,-73.978500425,2012-06-06 21:09:07,2012-06-04,train,888_7
888,4022,63,Office,40.755885775,-73.978500425,2012-06-07 15:23:59,2012-06-04,train,888_7
888,4023,6,Home (private),40.869261377738766,-73.91834636014222,2012-06-07 19:57:30,2012-06-04,train,888_7
888,4023,6,Home (private),40.869261377738766,-73.91834636014222,2012-06-09 03:09:56,2012-06-04,train,888_7
889,1294,121,Park,40.76864674872412,-73.98086071014404,2012-06-04 06:03:02,2012-06-04,train,889_7
889,1495,222,Coffee Shop,40.702415,-74.01258301,2012-06-05 08:56:17,2012-06-04,train,889_7
889,1495,222,Coffee Shop,40.702415,-74.01258301,2012-06-06 07:46:18,2012-06-04,train,889_7
889,2108,61,Office,40.702476960680805,-74.01283556418846,2012-06-06 11:38:03,2012-06-04,train,889_7
889,1495,222,Coffee Shop,40.702415,-74.01258301,2012-06-07 08:39:00,2012-06-04,train,889_7
890,3435,233,Other Great Outdoors,40.78763304735736,-73.79338955411623,2012-06-04 06:37:57,2012-06-04,train,890_9
890,3435,233,Other Great Outdoors,40.78763304735736,-73.79338955411623,2012-06-04 21:36:00,2012-06-04,train,890_9
890,2837,83,Church,40.78502581322523,-73.80904328017631,2012-06-04 21:36:18,2012-06-04,train,890_9
890,4329,121,Park,40.79021728373135,-73.79758889475455,2012-06-04 21:36:33,2012-06-04,train,890_9
890,3520,301,Neighborhood,40.7914105296733,-73.8044786453247,2012-06-04 23:11:59,2012-06-04,train,890_9
890,4329,121,Park,40.79021728373135,-73.79758889475455,2012-06-06 21:20:29,2012-06-04,train,890_9
890,3520,301,Neighborhood,40.7914105296733,-73.8044786453247,2012-06-06 21:21:44,2012-06-04,train,890_9
890,4462,229,Beach,40.78686921596957,-73.80785995900341,2012-06-07 05:55:25,2012-06-04,train,890_9
890,3435,233,Other Great Outdoors,40.78763304735736,-73.79338955411623,2012-06-07 21:04:44,2012-06-04,train,890_9
890,4329,121,Park,40.79021728373135,-73.79758889475455,2012-06-07 21:06:06,2012-06-04,train,890_9
890,4930,223,Harbor / Marina,40.79133224487305,-73.80516052246094,2012-06-07 21:06:58,2012-06-04,train,890_9
890,3435,233,Other Great Outdoors,40.78763304735736,-73.79338955411623,2012-06-08 20:30:53,2012-06-04,train,890_9
890,4329,121,Park,40.79021728373135,-73.79758889475455,2012-06-08 20:31:10,2012-06-04,train,890_9
890,2837,83,Church,40.78502581322523,-73.80904328017631,2012-06-08 22:12:53,2012-06-04,train,890_9
890,4462,229,Beach,40.78686921596957,-73.80785995900341,2012-06-08 22:13:36,2012-06-04,train,890_9
890,3435,233,Other Great Outdoors,40.78763304735736,-73.79338955411623,2012-06-09 08:17:18,2012-06-04,train,890_9
890,3435,233,Other Great Outdoors,40.78761540286519,-73.79292423185066,2012-06-09 17:49:07,2012-06-04,train,890_9
890,4329,121,Park,40.79021728373135,-73.79758889475455,2012-06-09 22:28:38,2012-06-04,train,890_9
890,3520,301,Neighborhood,40.7914105296733,-73.8044786453247,2012-06-09 22:32:10,2012-06-04,train,890_9
890,4462,229,Beach,40.78686921596957,-73.80785995900341,2012-06-09 22:35:52,2012-06-04,train,890_9
890,4930,223,Harbor / Marina,40.79133224487305,-73.80516052246094,2012-06-10 07:41:04,2012-06-04,train,890_9
890,3435,233,Other Great Outdoors,40.78761540286519,-73.79292423185066,2012-06-10 19:23:33,2012-06-04,train,890_9
890,2837,83,Church,40.78502581322523,-73.80904328017631,2012-06-10 19:24:03,2012-06-04,train,890_9
890,3520,301,Neighborhood,40.7914105296733,-73.8044786453247,2012-06-10 19:24:20,2012-06-04,train,890_9
890,4462,229,Beach,40.78686921596957,-73.80785995900341,2012-06-10 23:07:23,2012-06-04,train,890_9
893,2313,61,Office,40.7903220753707,-74.04909610748291,2012-06-04 08:29:53,2012-06-04,train,893_9
893,2313,61,Office,40.7903220753707,-74.04909610748291,2012-06-05 08:18:00,2012-06-04,train,893_9
893,2313,61,Office,40.7903220753707,-74.04909610748291,2012-06-06 08:30:45,2012-06-04,train,893_9
893,2313,61,Office,40.7903220753707,-74.04909610748291,2012-06-07 07:55:21,2012-06-04,train,893_9
893,2313,61,Office,40.7903220753707,-74.04909610748291,2012-06-08 07:55:28,2012-06-04,train,893_9
894,4383,245,General Entertainment,40.76040627582441,-73.995080587233,2012-06-04 16:59:18,2012-06-04,train,894_9
894,414,214,Bar,40.7616909474116,-73.99105310440063,2012-06-06 18:19:27,2012-06-04,train,894_9
894,598,52,Bar,40.76401977376754,-73.9975740281675,2012-06-06 21:29:15,2012-06-04,train,894_9
894,4383,245,General Entertainment,40.76040627582441,-73.995080587233,2012-06-06 22:24:12,2012-06-04,train,894_9
894,4615,61,Office,40.70478900811515,-73.9883316575796,2012-06-07 12:21:27,2012-06-04,train,894_9
894,4615,61,Office,40.70478900811515,-73.9883316575796,2012-06-08 13:07:03,2012-06-04,train,894_9
894,4383,245,General Entertainment,40.76040627582441,-73.995080587233,2012-06-08 19:25:53,2012-06-04,train,894_9
894,1484,214,Bar,40.760871,-73.990166,2012-06-10 03:22:43,2012-06-04,train,894_9
896,358,160,Science Museum,40.78118443649759,-73.9732030930065,2012-06-04 17:52:56,2012-06-04,train,896_4
896,1248,257,Road,40.70707563416248,-74.01064395904541,2012-06-06 17:47:56,2012-06-04,train,896_4
896,715,121,Park,40.7378764441416,-73.98590326309204,2012-06-08 10:28:02,2012-06-04,train,896_4
896,4770,37,Bar,40.735226248609976,-73.98281335830688,2012-06-10 02:51:07,2012-06-04,train,896_4
896,267,47,Bar,40.73676141841841,-73.9846242363757,2012-06-10 04:01:46,2012-06-04,train,896_4
897,420,194,Mexican Restaurant,40.73808374026024,-73.99064004421234,2012-06-08 22:22:23,2012-06-04,train,897_9
897,3858,117,Other Great Outdoors,40.7721081261999,-73.97590398788452,2012-06-09 17:54:18,2012-06-04,train,897_9
897,3884,39,Beer Garden,40.70562922311935,-74.00100866021788,2012-06-09 19:17:39,2012-06-04,train,897_9
897,4541,121,Park,40.73148465784276,-74.03214954440953,2012-06-10 19:24:16,2012-06-04,train,897_9
898,4185,213,Bar,40.834873,-74.225148,2012-06-04 21:01:47,2012-06-04,train,898_9
898,3620,6,Home (private),40.84498742331356,-74.16509908485864,2012-06-06 20:13:46,2012-06-04,train,898_9
898,4897,281,Residential Building (Apartment / Condo),40.84476009028352,-74.16051500174768,2012-06-06 21:57:13,2012-06-04,train,898_9
898,3620,6,Home (private),40.84498742331356,-74.16509908485864,2012-06-07 08:05:56,2012-06-04,train,898_9
898,4897,281,Residential Building (Apartment / Condo),40.84476009028352,-74.16051500174768,2012-06-07 08:06:20,2012-06-04,train,898_9
898,3620,6,Home (private),40.84498742331356,-74.16509908485864,2012-06-09 08:31:27,2012-06-04,train,898_9
898,4897,281,Residential Building (Apartment / Condo),40.84476009028352,-74.16051500174768,2012-06-09 08:31:34,2012-06-04,train,898_9
898,1116,137,Gym / Fitness Center,40.8348204470962,-74.22618355917558,2012-06-09 14:50:41,2012-06-04,train,898_9
898,4117,6,Home (private),40.853209057041184,-74.22380201337529,2012-06-10 14:15:51,2012-06-04,train,898_9
898,1116,137,Gym / Fitness Center,40.8348204470962,-74.22618355917558,2012-06-10 14:29:49,2012-06-04,train,898_9
900,2444,98,Donut Shop,40.75913471693182,-73.97040222668178,2012-06-06 16:55:50,2012-06-04,train,900_9
900,3362,16,Clothing Store,40.761268375278135,-73.96862983703613,2012-06-06 16:56:31,2012-06-04,train,900_9
900,2444,98,Donut Shop,40.75913471693182,-73.97040222668178,2012-06-07 13:34:07,2012-06-04,train,900_9
900,3362,16,Clothing Store,40.761268375278135,-73.96862983703613,2012-06-07 13:35:08,2012-06-04,train,900_9
900,3362,16,Clothing Store,40.761268375278135,-73.96862983703613,2012-06-09 15:00:15,2012-06-04,train,900_9
903,2792,257,Road,40.70644125441471,-74.15183544158936,2012-06-08 15:37:40,2012-06-04,train,903_7
903,847,265,Mall,40.917335441802095,-74.0756607055664,2012-06-09 20:52:50,2012-06-04,train,903_7
903,2264,301,Neighborhood,40.84727136952596,-73.78656148910522,2012-06-10 16:08:39,2012-06-04,train,903_7
904,1836,264,Subway,40.77950085761895,-73.9558461945179,2012-06-04 00:13:42,2012-06-04,train,904_9
904,292,47,Bar,40.765859640049655,-73.914577960968,2012-06-04 00:37:45,2012-06-04,train,904_9
904,1254,97,Diner,40.76688552090382,-73.92162948846817,2012-06-04 06:35:23,2012-06-04,train,904_9
904,1493,222,Coffee Shop,40.766647842986686,-73.92088115215302,2012-06-04 06:35:36,2012-06-04,train,904_9
904,1291,264,Subway,40.76669659750053,-73.92148733139038,2012-06-04 06:36:16,2012-06-04,train,904_9
904,4613,136,Office,40.753125961930586,-73.97379425425618,2012-06-04 07:45:01,2012-06-04,train,904_9
904,2090,32,Hardware Store,40.75280845335031,-73.97370242350156,2012-06-04 07:45:13,2012-06-04,train,904_9
904,4243,61,Office,40.75304789203106,-73.97362781098117,2012-06-04 07:45:23,2012-06-04,train,904_9
904,4203,283,Rest Area,40.752647426279765,-73.97300221255689,2012-06-04 09:58:20,2012-06-04,train,904_9
904,3848,80,Building,40.75275225282777,-73.97358763499668,2012-06-04 09:58:40,2012-06-04,train,904_9
904,4613,136,Office,40.753125961930586,-73.97379425425618,2012-06-04 09:58:54,2012-06-04,train,904_9
904,2071,136,Office,40.75232082777209,-73.97405826743163,2012-06-04 09:59:11,2012-06-04,train,904_9
904,2377,43,Bar,40.7658110529264,-73.91377928852742,2012-06-04 18:15:42,2012-06-04,train,904_9
904,292,47,Bar,40.765859640049655,-73.914577960968,2012-06-04 18:16:05,2012-06-04,train,904_9
904,292,47,Bar,40.765859640049655,-73.914577960968,2012-06-04 18:16:45,2012-06-04,train,904_9
904,1254,97,Diner,40.76688552090382,-73.92162948846817,2012-06-05 05:43:46,2012-06-04,train,904_9
904,1291,264,Subway,40.76669659750053,-73.92148733139038,2012-06-05 05:44:32,2012-06-04,train,904_9
904,4613,136,Office,40.753125961930586,-73.97379425425618,2012-06-05 08:25:03,2012-06-04,train,904_9
904,2090,32,Hardware Store,40.75280845335031,-73.97370242350156,2012-06-05 08:25:27,2012-06-04,train,904_9
904,1254,97,Diner,40.76688552090382,-73.92162948846817,2012-06-06 05:51:56,2012-06-04,train,904_9
904,1493,222,Coffee Shop,40.766647842986686,-73.92088115215302,2012-06-06 05:52:23,2012-06-04,train,904_9
904,4478,268,Convention Center,40.75285675549502,-73.97367372638176,2012-06-06 07:05:51,2012-06-04,train,904_9
904,4613,136,Office,40.753125961930586,-73.97379425425618,2012-06-06 07:06:16,2012-06-04,train,904_9
904,4203,283,Rest Area,40.752647426279765,-73.97300221255689,2012-06-06 07:47:53,2012-06-04,train,904_9
904,3848,80,Building,40.75275225282777,-73.97358763499668,2012-06-06 11:54:18,2012-06-04,train,904_9
904,2071,136,Office,40.75232082777209,-73.97405826743163,2012-06-06 11:54:32,2012-06-04,train,904_9
904,4243,61,Office,40.75304789203106,-73.97362781098117,2012-06-06 11:55:07,2012-06-04,train,904_9
904,1176,259,Hotel,40.75559589697087,-73.97380113601685,2012-06-06 13:23:08,2012-06-04,train,904_9
904,1648,0,Convention Center,40.7527513488484,-73.97294282913208,2012-06-06 13:24:02,2012-06-04,train,904_9
904,4026,270,Parking,40.753154562709845,-73.97360485327677,2012-06-06 14:17:38,2012-06-04,train,904_9
904,4565,62,Automotive Shop,40.766002491120986,-73.91085699540278,2012-06-06 18:38:48,2012-06-04,train,904_9
904,4758,130,Burger Joint,40.76548388507822,-73.91382521812815,2012-06-06 19:15:27,2012-06-04,train,904_9
904,2090,32,Hardware Store,40.75280845335031,-73.97370242350156,2012-06-07 11:01:06,2012-06-04,train,904_9
904,4026,270,Parking,40.753154562709845,-73.97360485327677,2012-06-07 14:54:38,2012-06-04,train,904_9
904,4434,191,Latin American Restaurant,40.78880046739727,-73.97428784381152,2012-06-07 16:13:25,2012-06-04,train,904_9
904,4434,191,Latin American Restaurant,40.78880046739727,-73.97428784381152,2012-06-07 16:17:21,2012-06-04,train,904_9
904,4026,270,Parking,40.753154562709845,-73.97360485327677,2012-06-08 11:43:51,2012-06-04,train,904_9
904,1636,78,Library,40.75371247722132,-73.97377129657164,2012-06-08 11:44:20,2012-06-04,train,904_9
904,2090,32,Hardware Store,40.75280845335031,-73.97370242350156,2012-06-08 11:44:46,2012-06-04,train,904_9
904,3862,61,Office,40.753245,-73.973397,2012-06-08 13:12:21,2012-06-04,train,904_9
904,4565,62,Automotive Shop,40.766002491120986,-73.91085699540278,2012-06-08 16:54:48,2012-06-04,train,904_9
904,4885,281,Residential Building (Apartment / Condo),40.76622530236848,-73.91071557998657,2012-06-08 16:55:32,2012-06-04,train,904_9
904,292,47,Bar,40.765859640049655,-73.914577960968,2012-06-08 19:21:21,2012-06-04,train,904_9
904,292,47,Bar,40.765859640049655,-73.914577960968,2012-06-08 20:44:27,2012-06-04,train,904_9
904,3105,43,Bar,40.766979,-73.912507,2012-06-09 18:41:59,2012-06-04,train,904_9
904,4885,281,Residential Building (Apartment / Condo),40.76622530236848,-73.91071557998657,2012-06-09 18:42:23,2012-06-04,train,904_9
904,4565,62,Automotive Shop,40.766002491120986,-73.91085699540278,2012-06-10 20:16:36,2012-06-04,train,904_9
904,3105,43,Bar,40.766979,-73.912507,2012-06-10 20:17:00,2012-06-04,train,904_9
904,4885,281,Residential Building (Apartment / Condo),40.76622530236848,-73.91071557998657,2012-06-10 20:17:10,2012-06-04,train,904_9
904,4885,281,Residential Building (Apartment / Condo),40.76622530236848,-73.91071557998657,2012-06-10 21:30:05,2012-06-04,train,904_9
905,2172,52,Bar,40.747277144484926,-73.8889355298259,2012-06-04 23:53:41,2012-06-04,train,905_8
905,2038,138,Gym / Fitness Center,40.71909517493139,-74.03437614440918,2012-06-06 22:02:43,2012-06-04,train,905_8
905,4920,64,Government Building,40.68735739495376,-74.14447698936083,2012-06-07 08:52:11,2012-06-04,train,905_8
905,4920,64,Government Building,40.68735739495376,-74.14447698936083,2012-06-08 08:59:52,2012-06-04,train,905_8
905,4373,95,Chinese Restaurant,40.75149458523515,-74.05361869842297,2012-06-10 21:53:20,2012-06-04,train,905_8
906,727,222,Coffee Shop,40.75503606545005,-73.98651239017553,2012-06-04 17:28:27,2012-06-04,train,906_3
906,1575,7,Clothing Store,40.75371559794147,-73.98094721858729,2012-06-04 18:02:41,2012-06-04,train,906_3
906,528,42,Food & Drink Shop,40.74481848035928,-73.99515151977539,2012-06-07 16:04:23,2012-06-04,train,906_3
906,4967,220,BBQ Joint,40.7418112381317,-73.98826278972687,2012-06-10 16:43:54,2012-06-04,train,906_3
907,3294,61,Office,40.75010293240894,-73.91019674628517,2012-06-04 09:37:18,2012-06-04,train,907_9
907,990,183,University,40.740225077794776,-73.98348215257546,2012-06-04 19:50:30,2012-06-04,train,907_9
907,3294,61,Office,40.75010293240894,-73.91019674628517,2012-06-05 09:08:39,2012-06-04,train,907_9
907,3294,61,Office,40.75010293240894,-73.91019674628517,2012-06-06 09:06:55,2012-06-04,train,907_9
907,990,183,University,40.740225077794776,-73.98348215257546,2012-06-06 19:49:18,2012-06-04,train,907_9
907,3943,6,Home (private),40.76071686239771,-73.91834636014222,2012-06-07 00:03:34,2012-06-04,train,907_9
908,4736,6,Home (private),40.77728739385495,-73.96537147003376,2012-06-06 17:21:47,2012-06-04,train,908_1
908,1491,58,Electronics Store,40.77953911885943,-73.95525231957436,2012-06-07 20:33:23,2012-06-04,train,908_1
908,4736,6,Home (private),40.77728739385495,-73.96537147003376,2012-06-08 19:49:12,2012-06-04,train,908_1
908,1222,26,Drugstore / Pharmacy,40.777059,-73.949276,2012-06-09 02:37:00,2012-06-04,train,908_1
908,4736,6,Home (private),40.77728739385495,-73.96537147003376,2012-06-09 03:07:17,2012-06-04,train,908_1
908,4736,6,Home (private),40.77728739385495,-73.96537147003376,2012-06-09 23:34:52,2012-06-04,train,908_1
909,2753,264,Subway,40.816188,-73.917947,2012-06-08 14:03:23,2012-06-04,train,909_9
909,275,121,Park,40.69118178774824,-73.97480964660645,2012-06-09 09:22:16,2012-06-04,train,909_9
909,3833,6,Home (private),40.82329902868254,-73.94186034276925,2012-06-09 22:28:30,2012-06-04,train,909_9
910,3811,301,Neighborhood,40.86251125655752,-74.04789447784424,2012-06-04 04:58:01,2012-06-04,train,910_4
910,4324,6,Home (private),40.86790522834311,-74.04763775758458,2012-06-05 05:56:54,2012-06-04,train,910_4
910,3811,301,Neighborhood,40.86251125655752,-74.04789447784424,2012-06-05 06:16:41,2012-06-04,train,910_4
910,3218,61,Office,40.86849913440985,-74.04021263122559,2012-06-05 06:19:55,2012-06-04,train,910_4
910,4368,282,Convenience Store,40.931104098208365,-74.13194417953491,2012-06-05 06:51:37,2012-06-04,train,910_4
910,2796,34,Gas Station / Garage,40.94251513214769,-74.14857120028874,2012-06-09 08:35:55,2012-06-04,train,910_4
911,4835,281,Residential Building (Apartment / Condo),40.851721045672974,-73.92831546556859,2012-06-04 04:35:53,2012-06-04,train,911_7
911,4846,64,Government Building,40.86839714999204,-73.91249325530697,2012-06-06 07:56:49,2012-06-04,train,911_7
911,2523,264,Subway,40.86939159016536,-73.91524314880371,2012-06-07 07:29:36,2012-06-04,train,911_7
911,4846,64,Government Building,40.86839714999204,-73.91249325530697,2012-06-09 06:05:06,2012-06-04,train,911_7
911,938,102,American Restaurant,40.82013,-73.959088,2012-06-10 01:21:30,2012-06-04,train,911_7
912,858,61,Office,40.726087955120704,-74.0055799484253,2012-06-04 10:40:12,2012-06-04,train,912_8
912,858,61,Office,40.726087955120704,-74.0055799484253,2012-06-05 09:26:15,2012-06-04,train,912_8
912,190,157,Stadium,40.82827721161922,-73.92655344439045,2012-06-10 13:28:32,2012-06-04,train,912_8
913,405,241,Airport,40.645089355976346,-73.7845230102539,2012-06-04 08:13:51,2012-06-04,train,913_8
913,640,137,Gym / Fitness Center,40.72424,-73.997779,2012-06-06 18:57:12,2012-06-04,train,913_8
913,640,137,Gym / Fitness Center,40.72424,-73.997779,2012-06-08 18:22:04,2012-06-04,train,913_8
915,351,268,Convention Center,40.75671096305903,-74.00100198012031,2012-06-04 09:05:45,2012-06-04,train,915_9
915,1676,42,Food & Drink Shop,40.69324948083404,-73.99137903532021,2012-06-08 18:42:31,2012-06-04,train,915_9
915,636,252,Food & Drink Shop,40.69001786288236,-73.99341633242287,2012-06-09 17:20:30,2012-06-04,train,915_9
915,1080,141,Bagel Shop,40.69110022909528,-73.99160285211633,2012-06-10 10:37:36,2012-06-04,train,915_9
917,2118,131,Café,40.82966259190391,-74.13705098534123,2012-06-05 10:03:30,2012-06-04,train,917_7
917,1864,70,Train Station,40.83144349588149,-74.13145065307617,2012-06-08 08:28:20,2012-06-04,train,917_7
917,3022,222,Coffee Shop,40.73375383743328,-74.00628236760791,2012-06-08 09:10:08,2012-06-04,train,917_7
917,1864,70,Train Station,40.83144349588149,-74.13145065307617,2012-06-08 15:57:59,2012-06-04,train,917_7
919,1587,264,Subway,40.76211758001324,-73.92542481422424,2012-06-04 06:58:34,2012-06-04,train,919_9
919,1932,42,Food & Drink Shop,40.75258879956551,-73.92107963562012,2012-06-04 09:45:46,2012-06-04,train,919_9
919,1498,42,Food & Drink Shop,40.76240414394372,-73.92674248782345,2012-06-04 18:18:33,2012-06-04,train,919_9
919,2566,132,Fast Food Restaurant,40.76609348850453,-73.98334441336685,2012-06-05 08:35:46,2012-06-04,train,919_9
919,1498,42,Food & Drink Shop,40.76240414394372,-73.92674248782345,2012-06-05 10:13:39,2012-06-04,train,919_9
919,2438,80,Building,40.76339949292576,-73.92409712076187,2012-06-06 06:40:04,2012-06-04,train,919_9
919,1587,264,Subway,40.76211758001324,-73.92542481422424,2012-06-06 06:55:19,2012-06-04,train,919_9
919,1498,42,Food & Drink Shop,40.76240414394372,-73.92674248782345,2012-06-06 16:35:07,2012-06-04,train,919_9
919,660,122,Plaza,40.76803326982161,-73.98186922073364,2012-06-07 07:34:47,2012-06-04,train,919_9
919,2438,80,Building,40.76339949292576,-73.92409712076187,2012-06-07 17:43:57,2012-06-04,train,919_9
919,2566,132,Fast Food Restaurant,40.76609348850453,-73.98334441336685,2012-06-08 08:08:34,2012-06-04,train,919_9
919,1539,26,Drugstore / Pharmacy,40.761636,-73.925897,2012-06-08 10:12:37,2012-06-04,train,919_9
919,2438,80,Building,40.76339949292576,-73.92409712076187,2012-06-08 13:52:05,2012-06-04,train,919_9
919,1498,42,Food & Drink Shop,40.76240414394372,-73.92674248782345,2012-06-08 21:33:26,2012-06-04,train,919_9
919,1498,42,Food & Drink Shop,40.76240414394372,-73.92674248782345,2012-06-10 11:26:55,2012-06-04,train,919_9
921,2289,247,Sporting Goods Shop,40.82991732677595,-74.14106369018555,2012-06-05 05:37:01,2012-06-04,train,921_9
921,1763,98,Donut Shop,40.84120527898384,-74.15902421865839,2012-06-06 05:30:16,2012-06-04,train,921_9
921,2289,247,Sporting Goods Shop,40.82991732677595,-74.14106369018555,2012-06-06 05:54:54,2012-06-04,train,921_9
921,1763,98,Donut Shop,40.84120527898384,-74.15902421865839,2012-06-07 06:37:22,2012-06-04,train,921_9
921,2289,247,Sporting Goods Shop,40.82991732677595,-74.14106369018555,2012-06-07 07:12:50,2012-06-04,train,921_9
922,405,241,Airport,40.645089355976346,-73.7845230102539,2012-06-05 08:31:00,2012-06-04,train,922_8
922,2180,216,Tea Room,40.74095989432878,-73.98918102573148,2012-06-10 14:59:59,2012-06-04,train,922_8
922,4967,220,BBQ Joint,40.7418112381317,-73.98826278972687,2012-06-10 15:07:03,2012-06-04,train,922_8
923,356,259,Hotel,40.75662911558263,-73.97388608496698,2012-06-04 07:26:26,2012-06-04,train,923_9
923,356,259,Hotel,40.75662911558263,-73.97388608496698,2012-06-05 09:49:34,2012-06-04,train,923_9
923,356,259,Hotel,40.75662911558263,-73.97388608496698,2012-06-06 06:04:54,2012-06-04,train,923_9
923,1221,220,BBQ Joint,40.73738738472749,-73.9883947864229,2012-06-06 19:59:55,2012-06-04,train,923_9
923,2126,47,Bar,40.75533,-73.968463,2012-06-06 22:09:54,2012-06-04,train,923_9
923,356,259,Hotel,40.75662911558263,-73.97388608496698,2012-06-07 16:08:13,2012-06-04,train,923_9
923,356,259,Hotel,40.75662911558263,-73.97388608496698,2012-06-08 07:56:49,2012-06-04,train,923_9
923,356,259,Hotel,40.75662911558263,-73.97388608496698,2012-06-09 10:13:40,2012-06-04,train,923_9
923,1576,222,Coffee Shop,40.77418286905642,-73.959634582752,2012-06-09 18:11:58,2012-06-04,train,923_9
923,247,55,Bar,40.780482,-73.952901,2012-06-09 20:53:37,2012-06-04,train,923_9
923,4623,6,Home (private),40.78549052086682,-73.95361626406626,2012-06-09 22:45:01,2012-06-04,train,923_9
923,436,241,Airport,40.68968493541091,-74.17938709259033,2012-06-10 07:08:57,2012-06-04,train,923_9
925,3141,264,Subway,40.60790819430413,-74.00176041628802,2012-06-04 05:54:02,2012-06-04,train,925_9
925,3470,259,Hotel,40.71982701192806,-74.00000095367432,2012-06-04 08:45:50,2012-06-04,train,925_9
925,3141,264,Subway,40.60790819430413,-74.00176041628802,2012-06-05 05:58:39,2012-06-04,train,925_9
925,165,259,Hotel,40.76808295805425,-73.98498579917869,2012-06-05 08:56:44,2012-06-04,train,925_9
925,3141,264,Subway,40.60790819430413,-74.00176041628802,2012-06-06 05:51:14,2012-06-04,train,925_9
925,3470,259,Hotel,40.71982701192806,-74.00000095367432,2012-06-06 06:50:05,2012-06-04,train,925_9
925,3470,259,Hotel,40.71982701192806,-74.00000095367432,2012-06-09 06:29:51,2012-06-04,train,925_9
926,1989,71,Train Station,40.775000594425805,-73.91200304031372,2012-06-04 09:37:05,2012-06-04,train,926_5
926,1836,264,Subway,40.77950085761895,-73.9558461945179,2012-06-10 15:38:46,2012-06-04,train,926_5
926,2918,301,Neighborhood,40.79357113982765,-73.94451141357422,2012-06-10 17:02:30,2012-06-04,train,926_5
926,1145,264,Subway,40.707149,-73.99057,2012-06-10 18:08:49,2012-06-04,train,926_5
926,3145,6,Home (private),40.6817846581621,-73.98887973002674,2012-06-10 18:35:54,2012-06-04,train,926_5
930,4552,63,Office,40.724169079279605,-73.99721145629883,2012-06-04 08:57:50,2012-06-04,train,930_7
930,4552,63,Office,40.724169079279605,-73.99721145629883,2012-06-06 17:12:52,2012-06-04,train,930_7
930,4552,63,Office,40.724169079279605,-73.99721145629883,2012-06-07 08:34:19,2012-06-04,train,930_7
930,4552,63,Office,40.724169079279605,-73.99721145629883,2012-06-08 08:52:33,2012-06-04,train,930_7
930,4964,63,Office,40.72435609079902,-73.99737238883972,2012-06-08 08:52:50,2012-06-04,train,930_7
930,4552,63,Office,40.724169079279605,-73.99721145629883,2012-06-10 11:20:02,2012-06-04,train,930_7
930,527,42,Food & Drink Shop,40.723955,-73.991829,2012-06-10 17:11:47,2012-06-04,train,930_7
930,125,128,Bakery,40.72955059800335,-73.9843602377087,2012-06-10 21:23:22,2012-06-04,train,930_7
932,2571,264,Subway,40.61262896356314,-74.00092899799347,2012-06-05 08:16:07,2012-06-04,train,932_8
932,587,266,Bus Station,40.75722129839836,-73.99154663085938,2012-06-05 09:21:54,2012-06-04,train,932_8
932,587,266,Bus Station,40.75722129839836,-73.99154663085938,2012-06-06 09:22:41,2012-06-04,train,932_8
932,587,266,Bus Station,40.75722129839836,-73.99154663085938,2012-06-07 09:27:57,2012-06-04,train,932_8
932,4052,70,Train Station,40.62595620370298,-73.99701833724976,2012-06-07 20:21:38,2012-06-04,train,932_8
932,750,183,University,40.71110949732056,-74.00504350662231,2012-06-08 12:01:58,2012-06-04,train,932_8
932,1368,124,Sculpture Garden,40.72999058274405,-73.99120330810547,2012-06-09 00:57:40,2012-06-04,train,932_8
932,3654,158,Comedy Club,40.7238209721987,-73.98535072803497,2012-06-09 20:27:28,2012-06-04,train,932_8
932,192,121,Park,40.73528249691621,-73.99040315158283,2012-06-09 23:03:48,2012-06-04,train,932_8
932,1928,222,Coffee Shop,40.619196108296535,-73.99012221307656,2012-06-10 09:17:42,2012-06-04,train,932_8
932,4967,220,BBQ Joint,40.7418112381317,-73.98826278972687,2012-06-10 13:51:38,2012-06-04,train,932_8
935,491,37,Bar,40.71944883095595,-73.99315808469217,2012-06-04 00:46:49,2012-06-04,train,935_9
935,491,37,Bar,40.71944883095595,-73.99315808469217,2012-06-04 22:21:16,2012-06-04,train,935_9
935,491,37,Bar,40.71944883095595,-73.99315808469217,2012-06-05 00:21:12,2012-06-04,train,935_9
935,491,37,Bar,40.71944883095595,-73.99315808469217,2012-06-05 10:03:48,2012-06-04,train,935_9
935,192,121,Park,40.73528249691621,-73.99040315158283,2012-06-06 18:51:50,2012-06-04,train,935_9
935,4054,201,Ice Cream Shop,40.72634864558351,-73.98415714502335,2012-06-06 22:00:44,2012-06-04,train,935_9
935,1438,222,Coffee Shop,40.78089970281194,-73.98125535659763,2012-06-07 13:03:03,2012-06-04,train,935_9
935,1666,87,Theater,40.781773295128296,-73.98112909419699,2012-06-07 17:27:40,2012-06-04,train,935_9
935,1666,87,Theater,40.781773295128296,-73.98112909419699,2012-06-08 12:22:01,2012-06-04,train,935_9
935,244,214,Bar,40.731895408411134,-73.98397571726198,2012-06-09 22:03:15,2012-06-04,train,935_9
935,491,37,Bar,40.71944883095595,-73.99315808469217,2012-06-09 22:05:13,2012-06-04,train,935_9
935,465,214,Bar,40.725379,-73.983596,2012-06-09 23:01:40,2012-06-04,train,935_9
935,259,214,Bar,40.72459570391395,-73.99055837150034,2012-06-10 00:06:29,2012-06-04,train,935_9
935,491,37,Bar,40.71944883095595,-73.99315808469217,2012-06-10 14:06:12,2012-06-04,train,935_9
935,481,42,Food & Drink Shop,40.76806170936614,-73.98184776306152,2012-06-10 14:06:38,2012-06-04,train,935_9
935,2111,222,Coffee Shop,40.75891912502798,-73.99229725641148,2012-06-10 15:29:25,2012-06-04,train,935_9
935,936,85,Theater,40.66715574677851,-73.99066167203445,2012-06-10 20:45:10,2012-06-04,train,935_9
936,405,241,Airport,40.645089355976346,-73.7845230102539,2012-06-04 05:54:21,2012-06-04,train,936_7
936,157,48,Bar,40.73211863793743,-73.98541241884232,2012-06-08 22:22:19,2012-06-04,train,936_7
937,4856,61,Office,40.7378495806376,-73.9915626798901,2012-06-04 08:33:00,2012-06-04,train,937_7
937,3511,63,Office,40.737885,-73.991677,2012-06-04 08:33:18,2012-06-04,train,937_7
937,1475,241,Airport,40.773839,-73.87122,2012-06-06 05:07:49,2012-06-04,train,937_7
939,1382,130,Burger Joint,40.76680493060014,-73.96270537405759,2012-06-07 05:53:04,2012-06-04,train,939_7
939,3069,6,Home (private),40.76741095844762,-73.96537147003376,2012-06-07 05:53:35,2012-06-04,train,939_7
940,2800,96,Deli / Bodega,40.80276513058523,-73.96798610687256,2012-06-06 20:24:18,2012-06-04,train,940_5
940,1639,121,Park,40.801866941926,-73.9679284768499,2012-06-06 20:39:19,2012-06-04,train,940_5
940,325,37,Bar,40.802321434021,-73.967963,2012-06-06 21:45:22,2012-06-04,train,940_5
940,2800,96,Deli / Bodega,40.80276513058523,-73.96798610687256,2012-06-09 19:03:44,2012-06-04,train,940_5
941,1021,206,Seafood Restaurant,40.633613,-74.014332,2012-06-08 12:50:45,2012-06-04,train,941_7
941,2229,209,Sushi Restaurant,40.61178463885875,-74.1586801900948,2012-06-09 20:03:45,2012-06-04,train,941_7
943,1436,61,Office,40.74156984760308,-73.98738472243872,2012-06-04 10:25:25,2012-06-04,train,943_0
943,361,137,Gym / Fitness Center,40.75231,-73.975419,2012-06-04 10:31:28,2012-06-04,train,943_0
943,361,137,Gym / Fitness Center,40.75231,-73.975419,2012-06-09 09:50:50,2012-06-04,train,943_0
943,2268,208,Ramen /  Noodle House,40.754391,-73.973077,2012-06-09 13:55:57,2012-06-04,train,943_0
943,1084,247,Sporting Goods Shop,40.76280318635086,-73.97336953664879,2012-06-09 16:04:16,2012-06-04,train,943_0
943,4388,209,Sushi Restaurant,40.759154333333335,-73.962321,2012-06-09 20:54:09,2012-06-04,train,943_0
943,2797,83,Church,40.81204292921161,-73.96331378671937,2012-06-10 11:34:12,2012-06-04,train,943_0
943,731,147,Movie Theater,40.77468600154588,-73.9820645818322,2012-06-10 15:45:23,2012-06-04,train,943_0
946,577,202,Pizza Place,40.70507898542075,-73.93364403923762,2012-06-09 22:56:57,2012-06-04,train,946_7
946,577,202,Pizza Place,40.70507898542075,-73.93364403923762,2012-06-09 23:10:44,2012-06-04,train,946_7
946,204,37,Bar,40.719119,-73.958428,2012-06-10 12:08:07,2012-06-04,train,946_7
947,357,70,Train Station,40.750794799423865,-73.99357639021292,2012-06-04 16:42:22,2012-06-04,train,947_9
947,316,258,Food & Drink Shop,40.784663301055176,-73.97932123709242,2012-06-04 18:44:23,2012-06-04,train,947_9
947,2689,301,Neighborhood,40.71424858464975,-73.95375967025757,2012-06-04 19:28:37,2012-06-04,train,947_9
947,3931,76,Ferry,40.74260751232707,-73.96644115447998,2012-06-05 07:25:13,2012-06-04,train,947_9
947,2671,90,School,40.74477609254885,-73.98365432644734,2012-06-05 10:05:33,2012-06-04,train,947_9
947,3899,76,Ferry,40.73144383697537,-73.96323917017544,2012-06-06 07:19:02,2012-06-04,train,947_9
947,2671,90,School,40.74477609254885,-73.98365432644734,2012-06-06 10:44:33,2012-06-04,train,947_9
947,2671,90,School,40.74477609254885,-73.98365432644734,2012-06-06 14:23:29,2012-06-04,train,947_9
947,3931,76,Ferry,40.74260751232707,-73.96644115447998,2012-06-07 07:25:39,2012-06-04,train,947_9
947,2315,96,Deli / Bodega,40.74379022679562,-73.98389160633087,2012-06-07 12:16:38,2012-06-04,train,947_9
947,2062,26,Drugstore / Pharmacy,40.74586843819785,-73.97830538611639,2012-06-07 16:40:03,2012-06-04,train,947_9
947,314,37,Bar,40.74332108281707,-73.97721491864459,2012-06-07 19:18:30,2012-06-04,train,947_9
947,3899,76,Ferry,40.73144383697537,-73.96323917017544,2012-06-08 16:25:42,2012-06-04,train,947_9
947,2787,37,Bar,40.729395470403695,-73.98717237876596,2012-06-08 22:18:14,2012-06-04,train,947_9
947,561,57,Bar,40.72574081337552,-73.99028290313753,2012-06-09 00:11:33,2012-06-04,train,947_9
948,3828,278,Professional & Other Places,40.70185402103404,-73.92723798751831,2012-06-06 21:02:27,2012-06-04,train,948_4
948,307,214,Bar,40.74455837028796,-73.99425029754639,2012-06-08 18:48:27,2012-06-04,train,948_4
950,90,37,Bar,40.798840875789125,-73.96306123830033,2012-06-05 01:46:29,2012-06-04,train,950_9
950,3148,96,Deli / Bodega,40.834315,-73.944861,2012-06-05 04:40:38,2012-06-04,train,950_9
950,3086,6,Home (private),40.833165200622425,-73.94186034276925,2012-06-05 05:13:22,2012-06-04,train,950_9
950,3086,6,Home (private),40.833165200622425,-73.94186034276925,2012-06-06 12:36:23,2012-06-04,train,950_9
950,3086,6,Home (private),40.833165200622425,-73.94186034276925,2012-06-06 20:16:14,2012-06-04,train,950_9
950,3321,191,Latin American Restaurant,40.83398774310584,-73.94515815744059,2012-06-06 20:54:48,2012-06-04,train,950_9
950,90,37,Bar,40.798840875789125,-73.96306123830033,2012-06-07 02:19:27,2012-06-04,train,950_9
950,2526,132,Fast Food Restaurant,40.834293618506855,-73.94444636233645,2012-06-09 05:06:12,2012-06-04,train,950_9
950,2751,73,Bus Station,40.76923889066082,-73.91059289602434,2012-06-10 04:40:08,2012-06-04,train,950_9
951,634,66,Arts & Crafts Store,40.719810375488535,-74.00258103213994,2012-06-07 00:55:06,2012-06-04,train,951_3
951,1840,66,Arts & Crafts Store,40.75245875985304,-73.90979290008545,2012-06-07 00:57:32,2012-06-04,train,951_3
953,506,238,Music Venue,40.71496421078609,-73.96650552749634,2012-06-04 21:38:13,2012-06-04,train,953_8
953,2296,63,Office,40.74103117869552,-74.00246052234009,2012-06-05 09:59:00,2012-06-04,train,953_8
953,2296,63,Office,40.74103117869552,-74.00246052234009,2012-06-06 09:39:00,2012-06-04,train,953_8
953,3760,146,Movie Theater,40.71621993235362,-73.96228637176877,2012-06-06 23:52:48,2012-06-04,train,953_8
953,2296,63,Office,40.74103117869552,-74.00246052234009,2012-06-07 12:02:26,2012-06-04,train,953_8
953,2296,63,Office,40.74077716502735,-74.0019670052254,2012-06-08 13:28:16,2012-06-04,train,953_8
954,1274,61,Office,40.70972827284494,-74.01076978215657,2012-06-04 05:31:33,2012-06-04,train,954_9
954,1075,121,Park,40.70919832245443,-74.01118576526642,2012-06-04 05:31:52,2012-06-04,train,954_9
954,1241,222,Coffee Shop,40.70964742200671,-74.01051729615469,2012-06-04 05:47:08,2012-06-04,train,954_9
954,1522,264,Subway,40.71037756449118,-74.00755405426025,2012-06-04 06:57:46,2012-06-04,train,954_9
954,4890,96,Deli / Bodega,40.82161194372715,-73.91215452192912,2012-06-04 07:40:21,2012-06-04,train,954_9
954,3274,6,Home (private),40.81827071326029,-73.90658830179062,2012-06-04 07:40:50,2012-06-04,train,954_9
954,1241,222,Coffee Shop,40.70964742200671,-74.01051729615469,2012-06-04 21:59:29,2012-06-04,train,954_9
954,1075,121,Park,40.70919832245443,-74.01118576526642,2012-06-05 05:40:36,2012-06-04,train,954_9
954,1274,61,Office,40.70972827284494,-74.01076978215657,2012-06-05 05:40:48,2012-06-04,train,954_9
954,1241,222,Coffee Shop,40.70964742200671,-74.01051729615469,2012-06-05 05:56:14,2012-06-04,train,954_9
954,2753,264,Subway,40.816188,-73.917947,2012-06-05 06:48:29,2012-06-04,train,954_9
954,4890,96,Deli / Bodega,40.82161194372715,-73.91215452192912,2012-06-05 06:49:03,2012-06-04,train,954_9
954,3274,6,Home (private),40.81827071326029,-73.90658830179062,2012-06-05 06:49:53,2012-06-04,train,954_9
954,2753,264,Subway,40.816188,-73.917947,2012-06-07 17:41:46,2012-06-04,train,954_9
954,1522,264,Subway,40.71037756449118,-74.00755405426025,2012-06-07 18:37:42,2012-06-04,train,954_9
954,1075,121,Park,40.70919832245443,-74.01118576526642,2012-06-07 19:11:13,2012-06-04,train,954_9
954,1274,61,Office,40.70972827284494,-74.01076978215657,2012-06-07 19:11:33,2012-06-04,train,954_9
954,1522,264,Subway,40.71037756449118,-74.00755405426025,2012-06-08 08:14:32,2012-06-04,train,954_9
954,2753,264,Subway,40.816188,-73.917947,2012-06-08 08:51:03,2012-06-04,train,954_9
954,4890,96,Deli / Bodega,40.82161194372715,-73.91215452192912,2012-06-08 08:51:36,2012-06-04,train,954_9
954,3274,6,Home (private),40.81827071326029,-73.90658830179062,2012-06-08 08:52:08,2012-06-04,train,954_9
954,1241,222,Coffee Shop,40.70964742200671,-74.01051729615469,2012-06-08 23:38:58,2012-06-04,train,954_9
954,1075,121,Park,40.70919832245443,-74.01118576526642,2012-06-09 06:05:53,2012-06-04,train,954_9
954,1274,61,Office,40.70972827284494,-74.01076978215657,2012-06-09 06:06:05,2012-06-04,train,954_9
954,1241,222,Coffee Shop,40.70964742200671,-74.01051729615469,2012-06-09 06:27:28,2012-06-04,train,954_9
954,1522,264,Subway,40.71037756449118,-74.00755405426025,2012-06-09 06:55:02,2012-06-04,train,954_9
954,2753,264,Subway,40.816188,-73.917947,2012-06-09 07:33:33,2012-06-04,train,954_9
954,4890,96,Deli / Bodega,40.82161194372715,-73.91215452192912,2012-06-09 07:34:16,2012-06-04,train,954_9
954,1852,98,Donut Shop,40.711131380000005,-74.006383,2012-06-09 18:06:33,2012-06-04,train,954_9
954,1075,121,Park,40.70919832245443,-74.01118576526642,2012-06-10 05:05:36,2012-06-04,train,954_9
954,1274,61,Office,40.70972827284494,-74.01076978215657,2012-06-10 05:06:03,2012-06-04,train,954_9
954,1241,222,Coffee Shop,40.70964742200671,-74.01051729615469,2012-06-10 05:28:43,2012-06-04,train,954_9
954,1522,264,Subway,40.71037756449118,-74.00755405426025,2012-06-10 05:29:08,2012-06-04,train,954_9
954,2753,264,Subway,40.816188,-73.917947,2012-06-10 06:28:19,2012-06-04,train,954_9
956,243,37,Bar,40.73138083854372,-74.00059103965759,2012-06-07 18:51:49,2012-06-04,train,956_5
956,4468,138,Gym / Fitness Center,40.74346710490083,-74.02893642134816,2012-06-08 11:14:01,2012-06-04,train,956_5
956,32,37,Bar,40.752294,-74.008758,2012-06-09 20:19:50,2012-06-04,train,956_5
956,4468,138,Gym / Fitness Center,40.74346710490083,-74.02893642134816,2012-06-10 16:18:56,2012-06-04,train,956_5
957,226,178,General College & University,40.72944585471527,-73.99366021156311,2012-06-06 15:42:25,2012-06-04,train,957_9
957,159,17,Eastern European Restaurant,40.72915518010633,-73.98702890317843,2012-06-06 22:32:23,2012-06-04,train,957_9
957,232,121,Park,40.73083612189599,-73.99764060974121,2012-06-08 15:32:36,2012-06-04,train,957_9
957,226,178,General College & University,40.72944585471527,-73.99366021156311,2012-06-08 21:40:58,2012-06-04,train,957_9
957,357,70,Train Station,40.750794799423865,-73.99357639021292,2012-06-09 12:21:00,2012-06-04,train,957_9
957,252,59,Bar,40.739619,-74.006403,2012-06-10 01:03:20,2012-06-04,train,957_9
957,254,121,Park,40.74706188749892,-74.00519371032715,2012-06-10 21:04:02,2012-06-04,train,957_9
958,3775,317,City,40.89633490103149,-74.00847444260268,2012-06-06 07:41:10,2012-06-04,train,958_8
958,4830,73,Bus Station,40.9020261856204,-74.0085375648089,2012-06-06 07:52:44,2012-06-04,train,958_8
958,3076,183,University,40.896905775860006,-74.03017044067383,2012-06-06 08:24:48,2012-06-04,train,958_8
958,3528,317,City,40.88595663003309,-74.0434956550598,2012-06-06 08:37:43,2012-06-04,train,958_8
958,3225,184,College Academic Building,40.89748967940884,-74.03334617614746,2012-06-06 08:38:00,2012-06-04,train,958_8
958,1253,256,Furniture / Home Store,40.924059944774754,-74.07398700714111,2012-06-06 11:56:00,2012-06-04,train,958_8
958,3198,317,City,40.92376506001903,-73.99755972622535,2012-06-06 14:34:53,2012-06-04,train,958_8
958,3775,317,City,40.89633490103149,-74.00847444260268,2012-06-07 07:42:40,2012-06-04,train,958_8
958,3076,183,University,40.896905775860006,-74.03017044067383,2012-06-07 08:14:58,2012-06-04,train,958_8
958,3528,317,City,40.88595663003309,-74.0434956550598,2012-06-07 08:25:33,2012-06-04,train,958_8
958,3225,184,College Academic Building,40.89748967940884,-74.03334617614746,2012-06-07 08:25:53,2012-06-04,train,958_8
958,3606,186,College Academic Building,40.89827481252284,-74.02881019040701,2012-06-07 13:48:07,2012-06-04,train,958_8
958,3217,167,College Academic Building,40.89839491047176,-74.02952167280056,2012-06-07 15:20:42,2012-06-04,train,958_8
958,3198,317,City,40.92376506001903,-73.99755972622535,2012-06-07 16:21:37,2012-06-04,train,958_8
958,3198,317,City,40.92376506001903,-73.99755972622535,2012-06-08 16:31:26,2012-06-04,train,958_8
958,3475,317,City,40.94269410852135,-73.99635314941406,2012-06-09 21:51:52,2012-06-04,train,958_8
958,3198,317,City,40.92376506001903,-73.99755972622535,2012-06-09 22:16:51,2012-06-04,train,958_8
959,1491,58,Electronics Store,40.77953911885943,-73.95525231957436,2012-06-06 13:02:14,2012-06-04,train,959_2
959,4104,96,Deli / Bodega,40.79437893161566,-73.94883189698274,2012-06-07 08:28:50,2012-06-04,train,959_2
959,1629,101,Wings Joint,40.91156668243868,-73.78010272979736,2012-06-08 20:17:46,2012-06-04,train,959_2
959,1898,146,Movie Theater,40.91193999019654,-73.77949835499888,2012-06-08 21:31:38,2012-06-04,train,959_2
959,4104,96,Deli / Bodega,40.79437893161566,-73.94883189698274,2012-06-09 10:15:14,2012-06-04,train,959_2
959,4104,96,Deli / Bodega,40.79437893161566,-73.94883189698274,2012-06-10 11:40:29,2012-06-04,train,959_2
959,1331,222,Coffee Shop,40.79096987028617,-73.94705146551132,2012-06-10 15:06:23,2012-06-04,train,959_2
959,4967,220,BBQ Joint,40.7418112381317,-73.98826278972687,2012-06-10 15:44:54,2012-06-04,train,959_2
960,4678,63,Office,40.74037377756915,-73.98467588824637,2012-06-04 09:56:11,2012-06-04,train,960_7
960,4678,63,Office,40.74037377756915,-73.98467588824637,2012-06-05 08:23:51,2012-06-04,train,960_7
960,351,268,Convention Center,40.75671096305903,-74.00100198012031,2012-06-05 10:12:37,2012-06-04,train,960_7
960,351,268,Convention Center,40.75671096305903,-74.00100198012031,2012-06-06 09:20:28,2012-06-04,train,960_7
960,190,157,Stadium,40.82827721161922,-73.92655344439045,2012-06-07 19:27:13,2012-06-04,train,960_7
960,4710,130,Burger Joint,40.73323040283871,-73.98759305477142,2012-06-09 19:43:59,2012-06-04,train,960_7
960,48,232,Music Venue,40.73169799836348,-73.98922693741638,2012-06-09 20:38:11,2012-06-04,train,960_7
961,4281,6,Home (private),40.84637533928019,-73.96537147003376,2012-06-04 18:54:16,2012-06-04,train,961_9
961,2440,64,Government Building,40.88302032878746,-74.0758752822876,2012-06-05 08:38:21,2012-06-04,train,961_9
961,2440,64,Government Building,40.88302032878746,-74.0758752822876,2012-06-06 07:57:25,2012-06-04,train,961_9
961,2440,64,Government Building,40.88302032878746,-74.0758752822876,2012-06-07 08:44:16,2012-06-04,train,961_9
961,2440,64,Government Building,40.88302032878746,-74.0758752822876,2012-06-07 11:45:46,2012-06-04,train,961_9
961,2440,64,Government Building,40.88302032878746,-74.0758752822876,2012-06-07 14:49:00,2012-06-04,train,961_9
961,4281,6,Home (private),40.84637533928019,-73.96537147003376,2012-06-08 07:03:22,2012-06-04,train,961_9
961,4423,6,Home (private),40.84637533928019,-73.96537147003376,2012-06-08 07:03:38,2012-06-04,train,961_9
961,2440,64,Government Building,40.88302032878746,-74.0758752822876,2012-06-08 07:53:03,2012-06-04,train,961_9
961,2769,52,Bar,40.88827738472728,-74.02044433530425,2012-06-08 21:12:37,2012-06-04,train,961_9
961,4281,6,Home (private),40.84637533928019,-73.96537147003376,2012-06-09 08:18:48,2012-06-04,train,961_9
961,4423,6,Home (private),40.84637533928019,-73.96537147003376,2012-06-09 08:19:06,2012-06-04,train,961_9
961,2646,155,Stadium,40.8134844303353,-74.07433032989502,2012-06-09 11:39:13,2012-06-04,train,961_9
961,4281,6,Home (private),40.84637533928019,-73.96537147003376,2012-06-10 15:51:13,2012-06-04,train,961_9
961,4423,6,Home (private),40.84637533928019,-73.96537147003376,2012-06-10 15:51:28,2012-06-04,train,961_9
962,987,257,Road,40.76117085825042,-74.01128768920898,2012-06-04 07:22:36,2012-06-04,train,962_7
962,987,257,Road,40.76117085825042,-74.01128768920898,2012-06-07 07:17:44,2012-06-04,train,962_7
962,919,221,Bridge,40.85121557428245,-73.95206451416016,2012-06-08 07:39:44,2012-06-04,train,962_7
963,640,137,Gym / Fitness Center,40.72424,-73.997779,2012-06-04 19:19:57,2012-06-04,train,963_7
963,231,93,Breakfast Spot,40.721294,-73.983994,2012-06-05 08:05:07,2012-06-04,train,963_7
965,2635,98,Donut Shop,40.91802034314512,-73.76782894134521,2012-06-04 06:07:33,2012-06-04,train,965_9
965,3736,96,Deli / Bodega,40.914614,-73.772586,2012-06-04 06:13:49,2012-06-04,train,965_9
965,3092,236,Playground,40.91794245290252,-73.77327630095714,2012-06-04 18:58:06,2012-06-04,train,965_9
965,4554,6,Home (private),40.91799602414335,-73.77720316925277,2012-06-04 18:58:49,2012-06-04,train,965_9
965,2635,98,Donut Shop,40.91802034314512,-73.76782894134521,2012-06-05 06:50:50,2012-06-04,train,965_9
965,2635,98,Donut Shop,40.91802034314512,-73.76782894134521,2012-06-06 06:42:16,2012-06-04,train,965_9
965,3602,317,City,40.91192343390238,-73.78237724304199,2012-06-06 14:31:55,2012-06-04,train,965_9
965,3092,236,Playground,40.91794245290252,-73.77327630095714,2012-06-06 20:57:55,2012-06-04,train,965_9
965,4454,121,Park,40.91785012706261,-73.77323033861835,2012-06-06 20:58:06,2012-06-04,train,965_9
965,3736,96,Deli / Bodega,40.914614,-73.772586,2012-06-07 06:45:54,2012-06-04,train,965_9
965,2635,98,Donut Shop,40.91802034314512,-73.76782894134521,2012-06-07 06:50:09,2012-06-04,train,965_9
965,3602,317,City,40.91192343390238,-73.78237724304199,2012-06-08 22:51:24,2012-06-04,train,965_9
965,4554,6,Home (private),40.91799602414335,-73.77720316925277,2012-06-08 22:53:23,2012-06-04,train,965_9
965,2635,98,Donut Shop,40.91802034314512,-73.76782894134521,2012-06-09 10:32:36,2012-06-04,train,965_9
965,3602,317,City,40.91192343390238,-73.78237724304199,2012-06-09 20:54:03,2012-06-04,train,965_9
965,3092,236,Playground,40.91794245290252,-73.77327630095714,2012-06-09 20:54:48,2012-06-04,train,965_9
965,4454,121,Park,40.91785012706261,-73.77323033861835,2012-06-09 20:54:56,2012-06-04,train,965_9
965,4554,6,Home (private),40.91799602414335,-73.77720316925277,2012-06-09 20:55:02,2012-06-04,train,965_9
971,405,241,Airport,40.645089355976346,-73.7845230102539,2012-06-07 08:25:43,2012-06-04,train,971_9
971,3861,61,Office,40.75615113,-73.978965,2012-06-07 15:43:12,2012-06-04,train,971_9
971,3626,23,German Restaurant,40.75274100802376,-73.97330797224723,2012-06-07 18:42:04,2012-06-04,train,971_9
971,4238,222,Coffee Shop,40.75557768724385,-73.97818048527262,2012-06-08 10:14:26,2012-06-04,train,971_9
971,3861,61,Office,40.75615113,-73.978965,2012-06-08 12:15:17,2012-06-04,train,971_9
971,2736,37,Bar,40.73260908451682,-73.98778071406592,2012-06-08 21:58:47,2012-06-04,train,971_9
971,1235,137,Gym / Fitness Center,40.738949,-73.989828,2012-06-09 10:39:01,2012-06-04,train,971_9
971,946,222,Coffee Shop,40.74029892315393,-73.98678302764893,2012-06-09 13:01:34,2012-06-04,train,971_9
971,4967,220,BBQ Joint,40.7418112381317,-73.98826278972687,2012-06-09 13:52:40,2012-06-04,train,971_9
971,1235,137,Gym / Fitness Center,40.738949,-73.989828,2012-06-10 09:30:13,2012-06-04,train,971_9
971,526,222,Coffee Shop,40.741136037741065,-73.9857892696372,2012-06-10 11:43:52,2012-06-04,train,971_9
971,4967,220,BBQ Joint,40.7418112381317,-73.98826278972687,2012-06-10 14:46:58,2012-06-04,train,971_9
971,102,206,Seafood Restaurant,40.73771556288177,-73.98822261680137,2012-06-10 17:22:26,2012-06-04,train,971_9
971,670,137,Gym / Fitness Center,40.74618839286139,-73.98157101223633,2012-06-10 18:53:19,2012-06-04,train,971_9
972,4642,138,Gym / Fitness Center,40.759248360466025,-73.99605617816322,2012-06-04 06:09:06,2012-06-04,train,972_7
972,1562,80,Building,40.75924127383409,-73.99601026811312,2012-06-04 20:30:35,2012-06-04,train,972_7
972,2802,61,Office,40.71942993955881,-74.034054441765,2012-06-06 10:22:32,2012-06-04,train,972_7
972,2111,222,Coffee Shop,40.75891912502798,-73.99229725641148,2012-06-07 18:36:19,2012-06-04,train,972_7
972,2802,61,Office,40.71942993955881,-74.034054441765,2012-06-08 11:42:07,2012-06-04,train,972_7
972,4495,197,Sandwich Place,40.753041896907845,-73.9890719854358,2012-06-08 19:27:29,2012-06-04,train,972_7
972,1220,222,Coffee Shop,40.75755033809161,-73.98486527831999,2012-06-08 20:17:34,2012-06-04,train,972_7
972,831,7,Clothing Store,40.75333652297646,-73.98098945617676,2012-06-09 13:26:12,2012-06-04,train,972_7
972,4238,222,Coffee Shop,40.75557768724385,-73.97818048527262,2012-06-09 13:47:26,2012-06-04,train,972_7
972,674,254,Department Store,40.75831461619259,-73.9772837904573,2012-06-09 15:28:48,2012-06-04,train,972_7
972,2893,7,Clothing Store,40.76035821078917,-73.97618293762207,2012-06-09 15:52:57,2012-06-04,train,972_7
972,1562,80,Building,40.75924127383409,-73.99601026811312,2012-06-09 20:56:36,2012-06-04,train,972_7
972,307,214,Bar,40.74455837028796,-73.99425029754639,2012-06-09 22:53:52,2012-06-04,train,972_7
972,148,48,Bar,40.760753,-73.990799,2012-06-10 13:31:30,2012-06-04,train,972_7
972,706,7,Clothing Store,40.72180301361468,-73.99981399503366,2012-06-10 15:10:20,2012-06-04,train,972_7
973,4941,213,Bar,40.733212,-73.712695,2012-06-09 23:35:20,2012-06-04,train,973_8
973,4589,301,Neighborhood,40.703768122633,-73.71324051534808,2012-06-10 00:07:39,2012-06-04,train,973_8
974,4291,138,Gym / Fitness Center,40.94709963333333,-74.072561,2012-06-04 05:50:11,2012-06-04,train,974_9
974,1943,137,Gym / Fitness Center,40.86284175229376,-74.05562090890453,2012-06-04 07:04:52,2012-06-04,train,974_9
974,4291,138,Gym / Fitness Center,40.94709963333333,-74.072561,2012-06-05 06:33:17,2012-06-04,train,974_9
974,4291,138,Gym / Fitness Center,40.94709963333333,-74.072561,2012-06-05 09:19:23,2012-06-04,train,974_9
974,4291,138,Gym / Fitness Center,40.94709963333333,-74.072561,2012-06-06 05:34:51,2012-06-04,train,974_9
974,1943,137,Gym / Fitness Center,40.86284175229376,-74.05562090890453,2012-06-06 07:26:15,2012-06-04,train,974_9
974,1701,206,Seafood Restaurant,40.8541298046618,-74.03318232245012,2012-06-06 11:44:20,2012-06-04,train,974_9
974,4291,138,Gym / Fitness Center,40.94709963333333,-74.072561,2012-06-07 05:29:36,2012-06-04,train,974_9
974,4291,138,Gym / Fitness Center,40.94709963333333,-74.072561,2012-06-07 13:35:32,2012-06-04,train,974_9
974,1943,137,Gym / Fitness Center,40.86284175229376,-74.05562090890453,2012-06-07 20:28:05,2012-06-04,train,974_9
974,4291,138,Gym / Fitness Center,40.94709963333333,-74.072561,2012-06-08 09:26:11,2012-06-04,train,974_9
974,1707,97,Diner,40.76013133908869,-74.04415237421385,2012-06-09 12:56:00,2012-06-04,train,974_9
974,1943,137,Gym / Fitness Center,40.86284175229376,-74.05562090890453,2012-06-09 16:02:47,2012-06-04,train,974_9
974,2203,42,Food & Drink Shop,40.87698509068455,-74.06686305999756,2012-06-09 18:05:15,2012-06-04,train,974_9
974,2536,42,Food & Drink Shop,40.87908693430124,-74.08500908544775,2012-06-09 18:18:52,2012-06-04,train,974_9
974,2129,138,Gym / Fitness Center,40.74924019592564,-74.03639316558838,2012-06-10 09:30:08,2012-06-04,train,974_9
974,4291,138,Gym / Fitness Center,40.94709963333333,-74.072561,2012-06-10 17:38:45,2012-06-04,train,974_9
975,631,61,Office,40.75615654510666,-73.99319251774303,2012-06-04 10:22:33,2012-06-04,train,975_6
975,631,61,Office,40.75615654510666,-73.99319251774303,2012-06-06 09:23:58,2012-06-04,train,975_6
976,2813,54,Food & Drink Shop,40.7645026089675,-73.9740800857544,2012-06-04 08:32:36,2012-06-04,train,976_8
976,4840,134,Event Space,40.643109,-73.983272,2012-06-04 16:48:03,2012-06-04,train,976_8
976,2867,264,Subway,40.64510634045402,-73.97915479859958,2012-06-04 17:47:30,2012-06-04,train,976_8
976,4840,134,Event Space,40.643109,-73.983272,2012-06-04 19:15:55,2012-06-04,train,976_8
976,39,41,Bar,40.72854337080716,-73.98469884462888,2012-06-05 00:23:49,2012-06-04,train,976_8
976,2867,264,Subway,40.64510634045402,-73.97915479859958,2012-06-05 06:40:31,2012-06-04,train,976_8
976,2813,54,Food & Drink Shop,40.7645026089675,-73.9740800857544,2012-06-05 09:52:29,2012-06-04,train,976_8
976,4840,134,Event Space,40.643109,-73.983272,2012-06-07 18:26:40,2012-06-04,train,976_8
976,2813,54,Food & Drink Shop,40.7645026089675,-73.9740800857544,2012-06-09 15:28:56,2012-06-04,train,976_8
976,4840,134,Event Space,40.643109,-73.983272,2012-06-10 08:20:47,2012-06-04,train,976_8
976,1316,254,Department Store,40.68428103200774,-73.97646306641839,2012-06-10 08:53:28,2012-06-04,train,976_8
976,2813,54,Food & Drink Shop,40.7645026089675,-73.9740800857544,2012-06-10 21:06:19,2012-06-04,train,976_8
977,284,260,Food & Drink Shop,40.74196133486645,-74.00510598192578,2012-06-04 18:56:16,2012-06-04,train,977_8
977,2891,153,Stadium,40.71994085251552,-73.95129203796387,2012-06-04 19:49:54,2012-06-04,train,977_8
977,1518,130,Burger Joint,40.74018614201558,-74.00571426030355,2012-06-06 12:32:20,2012-06-04,train,977_8
977,2891,153,Stadium,40.71994085251552,-73.95129203796387,2012-06-08 19:49:34,2012-06-04,train,977_8
977,239,232,Music Venue,40.717776,-73.957848,2012-06-08 23:55:53,2012-06-04,train,977_8
977,357,70,Train Station,40.750794799423865,-73.99357639021292,2012-06-09 09:48:29,2012-06-04,train,977_8
980,2029,138,Gym / Fitness Center,40.86453987872689,-73.92629470350731,2012-06-04 08:28:12,2012-06-04,train,980_8
980,2029,138,Gym / Fitness Center,40.86453987872689,-73.92629470350731,2012-06-04 08:48:31,2012-06-04,train,980_8
980,1601,264,Subway,40.86547280852953,-73.92727017402649,2012-06-07 09:33:17,2012-06-04,train,980_8
980,0,235,Music Venue,40.73359624463056,-74.00313913822174,2012-06-07 19:45:52,2012-06-04,train,980_8
980,1601,264,Subway,40.86547280852953,-73.92727017402649,2012-06-08 09:58:17,2012-06-04,train,980_8
980,1601,264,Subway,40.86547280852953,-73.92727017402649,2012-06-09 13:30:26,2012-06-04,train,980_8
980,368,227,Beach,40.56708944867224,-73.8654613494873,2012-06-10 09:06:40,2012-06-04,train,980_8
980,207,214,Bar,40.73369431021343,-74.00212123990059,2012-06-10 17:52:56,2012-06-04,train,980_8
980,207,214,Bar,40.73369431021343,-74.00212123990059,2012-06-10 19:10:41,2012-06-04,train,980_8
982,4589,301,Neighborhood,40.70515036027168,-73.71474622561412,2012-06-04 05:55:20,2012-06-04,train,982_7
982,3117,301,Neighborhood,40.72210532274628,-73.74048523807042,2012-06-04 18:21:27,2012-06-04,train,982_7
982,2951,34,Gas Station / Garage,40.70913584192371,-73.72298145775416,2012-06-04 18:22:23,2012-06-04,train,982_7
982,4791,139,Medical Center,40.77846185063751,-73.96112693603378,2012-06-05 07:24:04,2012-06-04,train,982_7
982,4791,139,Medical Center,40.77846185063751,-73.96112693603378,2012-06-06 07:51:30,2012-06-04,train,982_7
982,2017,132,Fast Food Restaurant,40.77793967165551,-73.95470973505309,2012-06-06 13:08:11,2012-06-04,train,982_7
982,4791,139,Medical Center,40.77846185063751,-73.96112693603378,2012-06-07 09:08:59,2012-06-04,train,982_7
982,744,128,Bakery,40.779786,-73.95963,2012-06-07 13:15:26,2012-06-04,train,982_7
982,3150,91,High School,40.69688617931409,-73.71793001879779,2012-06-08 08:25:53,2012-06-04,train,982_7
982,3117,301,Neighborhood,40.72210532274628,-73.74048523807042,2012-06-08 08:36:42,2012-06-04,train,982_7
982,4589,301,Neighborhood,40.703768122633,-73.71324051534808,2012-06-08 09:41:49,2012-06-04,train,982_7
982,4589,301,Neighborhood,40.703768122633,-73.71324051534808,2012-06-08 18:42:03,2012-06-04,train,982_7
982,2339,206,Seafood Restaurant,40.85694778615185,-73.79164315382451,2012-06-08 20:23:35,2012-06-04,train,982_7
982,4589,301,Neighborhood,40.703768122633,-73.71324051534808,2012-06-09 09:49:28,2012-06-04,train,982_7
982,3117,301,Neighborhood,40.72210532274628,-73.74048523807042,2012-06-09 14:56:48,2012-06-04,train,982_7
982,4589,301,Neighborhood,40.703768122633,-73.71324051534808,2012-06-09 15:19:01,2012-06-04,train,982_7
982,4589,301,Neighborhood,40.703768122633,-73.71324051534808,2012-06-10 12:32:54,2012-06-04,train,982_7
985,4526,45,Other Nightlife,40.7462390539103,-73.98058960845994,2012-06-04 20:41:50,2012-06-04,train,985_9
985,4018,37,Bar,40.742201076382784,-73.955819606781,2012-06-04 21:01:06,2012-06-04,train,985_9
985,2978,301,Neighborhood,40.745306184001095,-73.94837379455566,2012-06-06 13:22:44,2012-06-04,train,985_9
985,192,121,Park,40.73528249691621,-73.99040315158283,2012-06-07 13:17:19,2012-06-04,train,985_9
985,4537,194,Mexican Restaurant,40.73384420292348,-73.99309158325195,2012-06-07 14:02:41,2012-06-04,train,985_9
985,1104,222,Coffee Shop,40.74627135089917,-73.97983776942861,2012-06-08 10:12:07,2012-06-04,train,985_9
985,9,37,Bar,40.721941345858085,-73.9962589623642,2012-06-08 11:13:03,2012-06-04,train,985_9
985,4018,37,Bar,40.742201076382784,-73.955819606781,2012-06-08 12:04:57,2012-06-04,train,985_9
985,4018,37,Bar,40.742201076382784,-73.955819606781,2012-06-09 01:32:18,2012-06-04,train,985_9
985,4018,37,Bar,40.742201076382784,-73.955819606781,2012-06-09 22:07:08,2012-06-04,train,985_9
988,405,241,Airport,40.645089355976346,-73.7845230102539,2012-06-07 17:12:12,2012-06-04,train,988_5
988,647,239,Airport,40.64557779020594,-73.77643346786499,2012-06-07 17:12:51,2012-06-04,train,988_5
988,2167,92,Asian Restaurant,40.64572694283447,-73.77540779281016,2012-06-07 18:17:35,2012-06-04,train,988_5
988,647,239,Airport,40.64557779020594,-73.77643346786499,2012-06-08 19:03:40,2012-06-04,train,988_5
988,2167,92,Asian Restaurant,40.64572694283447,-73.77540779281016,2012-06-08 19:04:12,2012-06-04,train,988_5
988,3782,244,Airport,40.64615122908302,-73.77607998363946,2012-06-08 19:38:13,2012-06-04,train,988_5
988,405,241,Airport,40.645089355976346,-73.7845230102539,2012-06-10 09:43:57,2012-06-04,train,988_5
988,647,239,Airport,40.64557779020594,-73.77643346786499,2012-06-10 09:44:17,2012-06-04,train,988_5
988,880,239,Airport,40.643965943682936,-73.78272056579588,2012-06-10 09:45:02,2012-06-04,train,988_5
988,4452,266,Bus Station,40.64638053024459,-73.77682685968671,2012-06-10 10:28:13,2012-06-04,train,988_5
988,4459,79,Hotel,40.705896,-73.829739,2012-06-10 11:18:13,2012-06-04,train,988_5
988,405,241,Airport,40.645089355976346,-73.7845230102539,2012-06-10 22:10:22,2012-06-04,train,988_5
988,647,239,Airport,40.64557779020594,-73.77643346786499,2012-06-10 22:17:03,2012-06-04,train,988_5
988,4034,239,Airport,40.64581160254157,-73.77618339741252,2012-06-10 22:17:27,2012-06-04,train,988_5
988,3782,244,Airport,40.64615122908302,-73.77607998363946,2012-06-10 22:41:13,2012-06-04,train,988_5
989,4803,281,Residential Building (Apartment / Condo),40.65979779957303,-74.11579728126526,2012-06-04 00:04:49,2012-06-04,train,989_9
989,2069,262,Light Rail,40.66130995253368,-74.11637130665052,2012-06-05 09:00:18,2012-06-04,train,989_9
989,681,76,Ferry,40.73516246589173,-74.02630276756445,2012-06-07 12:06:44,2012-06-04,train,989_9
989,4803,281,Residential Building (Apartment / Condo),40.65979779957303,-74.11579728126526,2012-06-07 18:04:03,2012-06-04,train,989_9
989,2069,262,Light Rail,40.66130995253368,-74.11637130665052,2012-06-08 18:13:20,2012-06-04,train,989_9
989,2341,121,Park,40.680614633454965,-74.11436095833778,2012-06-08 18:35:27,2012-06-04,train,989_9
989,4803,281,Residential Building (Apartment / Condo),40.65979779957303,-74.11579728126526,2012-06-08 20:46:16,2012-06-04,train,989_9
989,4803,281,Residential Building (Apartment / Condo),40.65979779957303,-74.11579728126526,2012-06-09 02:48:56,2012-06-04,train,989_9
990,3895,61,Office,40.7418191670992,-73.99140199090107,2012-06-06 13:17:25,2012-06-04,train,990_4
990,3669,190,Salad Place,40.74267913514375,-73.99292279201251,2012-06-07 12:37:50,2012-06-04,train,990_4
990,490,138,Gym / Fitness Center,40.74272121548715,-73.99276210416295,2012-06-07 19:11:45,2012-06-04,train,990_4
990,3895,61,Office,40.7418191670992,-73.99140199090107,2012-06-08 12:54:55,2012-06-04,train,990_4
994,4707,257,Road,40.73303549519931,-73.87093374571728,2012-06-04 09:18:42,2012-06-04,train,994_4
994,2458,257,Road,40.707644944175705,-73.85936737060547,2012-06-04 09:19:34,2012-06-04,train,994_4
994,3748,257,Road,40.711841422104456,-73.85988235473633,2012-06-04 09:24:43,2012-06-04,train,994_4
994,3719,257,Road,40.70272015079728,-73.8551068894733,2012-06-04 09:26:51,2012-06-04,train,994_4
994,4707,257,Road,40.73303549519931,-73.87093374571728,2012-06-05 08:46:56,2012-06-04,train,994_4
994,3748,257,Road,40.711841422104456,-73.85988235473633,2012-06-05 08:52:18,2012-06-04,train,994_4
994,3719,257,Road,40.70272015079728,-73.8551068894733,2012-06-05 08:54:25,2012-06-04,train,994_4
994,4707,257,Road,40.73303549519931,-73.87093374571728,2012-06-06 09:53:29,2012-06-04,train,994_4
994,2458,257,Road,40.707644944175705,-73.85936737060547,2012-06-06 09:56:16,2012-06-04,train,994_4
994,2458,257,Road,40.707644944175705,-73.85936737060547,2012-06-06 09:58:59,2012-06-04,train,994_4
994,3748,257,Road,40.711841422104456,-73.85988235473633,2012-06-06 10:00:20,2012-06-04,train,994_4
994,4707,257,Road,40.73303549519931,-73.87093374571728,2012-06-06 20:27:13,2012-06-04,train,994_4
994,2458,257,Road,40.707644944175705,-73.85936737060547,2012-06-07 10:04:19,2012-06-04,train,994_4
994,4707,257,Road,40.73303549519931,-73.87093374571728,2012-06-07 20:27:22,2012-06-04,train,994_4
994,4707,257,Road,40.73303549519931,-73.87093374571728,2012-06-08 09:00:56,2012-06-04,train,994_4
994,3748,257,Road,40.711841422104456,-73.85988235473633,2012-06-08 09:06:51,2012-06-04,train,994_4
994,3719,257,Road,40.70272015079728,-73.8551068894733,2012-06-08 09:10:28,2012-06-04,train,994_4
994,4707,257,Road,40.73303549519931,-73.87093374571728,2012-06-09 09:06:52,2012-06-04,train,994_4
994,2458,257,Road,40.707644944175705,-73.85936737060547,2012-06-09 09:09:55,2012-06-04,train,994_4
994,4707,257,Road,40.73303549519931,-73.87093374571728,2012-06-10 10:04:19,2012-06-04,train,994_4
996,1722,222,Coffee Shop,40.76116538129582,-73.97340397324646,2012-06-07 10:25:42,2012-06-04,train,996_9
996,4609,203,Food Truck,40.74039372375705,-73.98690838360204,2012-06-08 13:04:55,2012-06-04,train,996_9
996,190,157,Stadium,40.82827721161922,-73.92655344439045,2012-06-08 18:49:48,2012-06-04,train,996_9
996,1946,73,Bus Station,40.7302182289573,-73.95438194274902,2012-06-08 22:34:12,2012-06-04,train,996_9
996,4821,202,Pizza Place,40.72388895797761,-73.9504850570081,2012-06-08 22:45:41,2012-06-04,train,996_9
996,234,121,Park,40.74218830848454,-73.98792418909154,2012-06-09 12:04:04,2012-06-04,train,996_9
996,4967,220,BBQ Joint,40.7418112381317,-73.98826278972687,2012-06-09 12:05:00,2012-06-04,train,996_9
996,713,50,Bar,40.718862,-73.945087,2012-06-09 23:36:28,2012-06-04,train,996_9
996,1366,146,Movie Theater,40.77837680480626,-73.95351581366518,2012-06-10 16:58:46,2012-06-04,train,996_9
996,4821,202,Pizza Place,40.72388895797761,-73.9504850570081,2012-06-10 21:58:05,2012-06-04,train,996_9
998,804,70,Train Station,40.73420076077984,-74.16483829470191,2012-06-05 08:47:06,2012-06-04,train,998_6
998,1742,264,Subway,40.75099579556285,-73.99068832397461,2012-06-05 09:12:27,2012-06-04,train,998_6
998,2578,61,Office,40.75977309846517,-73.98116111755371,2012-06-06 09:20:24,2012-06-04,train,998_6
998,1091,134,Event Space,40.75965935301035,-73.98111187659049,2012-06-06 09:20:47,2012-06-04,train,998_6
998,1787,264,Subway,40.76146340890431,-73.98403644561768,2012-06-06 17:35:16,2012-06-04,train,998_6
998,357,70,Train Station,40.750794799423865,-73.99357639021292,2012-06-08 09:02:40,2012-06-04,train,998_6
998,1742,264,Subway,40.75099579556285,-73.99068832397461,2012-06-08 09:09:09,2012-06-04,train,998_6
998,1787,264,Subway,40.76146340890431,-73.98403644561768,2012-06-08 09:13:53,2012-06-04,train,998_6
998,2578,61,Office,40.75977309846517,-73.98116111755371,2012-06-08 09:15:34,2012-06-04,train,998_6
998,1838,197,Sandwich Place,40.76018586137001,-73.98175466618753,2012-06-08 09:15:52,2012-06-04,train,998_6
998,1880,147,Movie Theater,40.65936105410944,-74.16843315307202,2012-06-10 16:31:06,2012-06-04,train,998_6
998,4393,6,Home (private),40.71817725945528,-74.17684116064805,2012-06-10 18:50:10,2012-06-04,train,998_6
998,1500,254,Department Store,40.74732198777881,-74.13690090179443,2012-06-10 20:05:21,2012-06-04,train,998_6
999,3684,138,Gym / Fitness Center,40.750746,-74.002286,2012-06-04 21:17:10,2012-06-04,train,999_8
999,3030,136,Office,40.74449572662251,-73.98918676469269,2012-06-06 11:14:09,2012-06-04,train,999_8
999,3684,138,Gym / Fitness Center,40.750746,-74.002286,2012-06-06 19:38:11,2012-06-04,train,999_8
999,598,52,Bar,40.76401977376754,-73.9975740281675,2012-06-06 21:57:35,2012-06-04,train,999_8
999,310,214,Bar,40.74212740110424,-73.9985812139799,2012-06-09 22:37:32,2012-06-04,train,999_8
999,3684,138,Gym / Fitness Center,40.750746,-74.002286,2012-06-10 16:49:49,2012-06-04,train,999_8
999,2905,55,Bar,40.75656797846801,-73.99236038395,2012-06-10 18:39:39,2012-06-04,train,999_8
1000,859,131,Café,40.71553668131168,-73.99857547529987,2012-06-06 18:31:36,2012-06-04,train,1000_2
1000,2162,92,Asian Restaurant,40.71487,-73.9995,2012-06-07 01:17:26,2012-06-04,train,1000_2
1000,3285,52,Bar,40.75060566631584,-73.98532390594482,2012-06-08 23:33:11,2012-06-04,train,1000_2
1000,2162,92,Asian Restaurant,40.71487,-73.9995,2012-06-09 03:36:34,2012-06-04,train,1000_2
1000,4086,70,Train Station,40.74947590412627,-73.99223327636719,2012-06-09 13:09:48,2012-06-04,train,1000_2
1000,1921,239,Airport,40.69576975606927,-74.1773271560669,2012-06-09 15:19:39,2012-06-04,train,1000_2
1002,2415,264,Subway,40.87142796689727,-73.8671886920929,2012-06-04 07:12:43,2012-06-04,train,1002_6
1002,4769,307,Nursery School,40.768522910406574,-73.96591960790946,2012-06-04 08:00:32,2012-06-04,train,1002_6
1002,4610,6,Home (private),40.87239871611352,-73.87130987645999,2012-06-04 18:48:59,2012-06-04,train,1002_6
1002,4608,6,Home (private),40.87239871611352,-73.87130987645999,2012-06-04 22:23:37,2012-06-04,train,1002_6
1002,1978,264,Subway,40.87967830256009,-73.88464450836182,2012-06-05 07:31:31,2012-06-04,train,1002_6
1002,4769,307,Nursery School,40.768522910406574,-73.96591960790946,2012-06-05 08:35:22,2012-06-04,train,1002_6
1002,2415,264,Subway,40.87142796689727,-73.8671886920929,2012-06-06 07:11:57,2012-06-04,train,1002_6
1002,4769,307,Nursery School,40.768522910406574,-73.96591960790946,2012-06-06 08:05:19,2012-06-04,train,1002_6
1002,1804,264,Subway,40.76791696540287,-73.96357597575265,2012-06-06 13:37:31,2012-06-04,train,1002_6
1002,1307,196,Restaurant,40.76051875005879,-73.92217274297889,2012-06-06 13:57:36,2012-06-04,train,1002_6
1002,1587,264,Subway,40.76211758001324,-73.92542481422424,2012-06-06 14:11:26,2012-06-04,train,1002_6
1002,1804,264,Subway,40.76791696540287,-73.96357597575265,2012-06-06 16:44:13,2012-06-04,train,1002_6
1002,4610,6,Home (private),40.87239871611352,-73.87130987645999,2012-06-06 18:30:32,2012-06-04,train,1002_6
1002,1978,264,Subway,40.87967830256009,-73.88464450836182,2012-06-07 07:37:09,2012-06-04,train,1002_6
1002,4769,307,Nursery School,40.768522910406574,-73.96591960790946,2012-06-07 08:18:17,2012-06-04,train,1002_6
1002,4769,307,Nursery School,40.768522910406574,-73.96591960790946,2012-06-07 12:50:08,2012-06-04,train,1002_6
1002,1804,264,Subway,40.76791696540287,-73.96357597575265,2012-06-07 17:03:16,2012-06-04,train,1002_6
1002,1239,7,Clothing Store,40.77925781857182,-73.95514369010925,2012-06-07 17:33:52,2012-06-04,train,1002_6
1002,1978,264,Subway,40.87967830256009,-73.88464450836182,2012-06-08 07:33:36,2012-06-04,train,1002_6
1002,4769,307,Nursery School,40.768522910406574,-73.96591960790946,2012-06-08 08:24:41,2012-06-04,train,1002_6
1002,625,122,Plaza,40.756489872673846,-73.98626804351807,2012-06-08 17:23:59,2012-06-04,train,1002_6
1002,4610,6,Home (private),40.87239871611352,-73.87130987645999,2012-06-08 20:57:46,2012-06-04,train,1002_6
1002,4780,42,Food & Drink Shop,40.884835891587976,-74.21012257381425,2012-06-09 17:16:45,2012-06-04,train,1002_6
1002,4603,6,Home (private),40.8910364638721,-74.2120629207231,2012-06-09 18:56:40,2012-06-04,train,1002_6
1002,4610,6,Home (private),40.87239871611352,-73.87130987645999,2012-06-09 23:21:28,2012-06-04,train,1002_6
1003,537,21,French Restaurant,40.77917988484352,-73.95085242398278,2012-06-06 16:32:22,2012-06-04,train,1003_7
1003,14,47,Bar,40.785953,-73.976422,2012-06-06 20:53:04,2012-06-04,train,1003_7
1003,726,70,Train Station,40.805144639820114,-73.93914699554443,2012-06-08 12:33:44,2012-06-04,train,1003_7
1003,1527,70,Train Station,40.86149293891381,-73.89058023691177,2012-06-08 12:44:30,2012-06-04,train,1003_7
1003,71,222,Coffee Shop,40.78588891408927,-73.97685908055269,2012-06-09 10:55:41,2012-06-04,train,1003_7
1004,1757,61,Office,40.72852752666652,-74.00748169970981,2012-06-05 09:16:30,2012-06-04,train,1004_5
1004,1872,98,Donut Shop,40.72935205409404,-74.00692507282733,2012-06-06 09:03:40,2012-06-04,train,1004_5
1004,1757,61,Office,40.72852752666652,-74.00748169970981,2012-06-06 09:17:16,2012-06-04,train,1004_5
1004,811,31,Bar,40.728833,-74.005256,2012-06-06 14:01:11,2012-06-04,train,1004_5
1004,1757,61,Office,40.72852752666652,-74.00748169970981,2012-06-06 14:11:36,2012-06-04,train,1004_5
1004,1872,98,Donut Shop,40.72935205409404,-74.00692507282733,2012-06-07 09:05:10,2012-06-04,train,1004_5
1004,1757,61,Office,40.72852752666652,-74.00748169970981,2012-06-07 09:11:32,2012-06-04,train,1004_5
1004,4479,197,Sandwich Place,40.72738829483809,-74.00709722564442,2012-06-07 14:01:05,2012-06-04,train,1004_5
1004,1872,98,Donut Shop,40.72935205409404,-74.00692507282733,2012-06-08 09:02:42,2012-06-04,train,1004_5
1004,1757,61,Office,40.72852752666652,-74.00748169970981,2012-06-08 09:06:59,2012-06-04,train,1004_5
1004,1147,197,Sandwich Place,40.727297,-74.005485,2012-06-08 13:57:35,2012-06-04,train,1004_5
1004,2421,121,Park,40.7680942116878,-73.97828578948975,2012-06-09 13:44:21,2012-06-04,train,1004_5
1004,996,264,Subway,40.67837610578439,-73.90339851379395,2012-06-10 17:12:16,2012-06-04,train,1004_5
1005,4943,6,Home (private),40.745804297147984,-73.88307005845945,2012-06-04 10:27:20,2012-06-04,train,1005_2
1005,1201,138,Gym / Fitness Center,40.762958775,-73.91559066666667,2012-06-05 01:07:52,2012-06-04,train,1005_2
1005,4943,6,Home (private),40.745804297147984,-73.88307005845945,2012-06-06 14:46:28,2012-06-04,train,1005_2
1005,3535,258,Food & Drink Shop,40.72995819516785,-73.86079230018461,2012-06-06 17:51:07,2012-06-04,train,1005_2
1005,4943,6,Home (private),40.745804297147984,-73.88307005845945,2012-06-07 01:17:50,2012-06-04,train,1005_2
1005,4943,6,Home (private),40.745804297147984,-73.88307005845945,2012-06-07 17:12:53,2012-06-04,train,1005_2
1005,4943,6,Home (private),40.745804297147984,-73.88307005845945,2012-06-09 01:42:52,2012-06-04,train,1005_2
1005,3535,258,Food & Drink Shop,40.72995819516785,-73.86079230018461,2012-06-09 09:56:10,2012-06-04,train,1005_2
1005,4942,80,Building,40.72927158036276,-73.85851241279677,2012-06-09 10:06:58,2012-06-04,train,1005_2
1005,4943,6,Home (private),40.745804297147984,-73.88307005845945,2012-06-09 21:07:33,2012-06-04,train,1005_2
1005,3143,264,Subway,40.7300987360962,-73.86145271602658,2012-06-10 12:54:47,2012-06-04,train,1005_2
1005,4942,80,Building,40.72927158036276,-73.85851241279677,2012-06-10 12:59:09,2012-06-04,train,1005_2
1007,3991,281,Residential Building (Apartment / Condo),40.80095258965738,-73.95901467876513,2012-06-06 11:19:32,2012-06-04,train,1007_5
1007,3991,281,Residential Building (Apartment / Condo),40.80095258965738,-73.95901467876513,2012-06-07 09:05:58,2012-06-04,train,1007_5
1007,726,70,Train Station,40.805144639820114,-73.93914699554443,2012-06-07 20:39:13,2012-06-04,train,1007_5
1007,3991,281,Residential Building (Apartment / Condo),40.80095258965738,-73.95901467876513,2012-06-08 11:02:19,2012-06-04,train,1007_5
1007,3991,281,Residential Building (Apartment / Condo),40.80095258965738,-73.95901467876513,2012-06-09 11:05:24,2012-06-04,train,1007_5
1007,726,70,Train Station,40.805144639820114,-73.93914699554443,2012-06-09 19:41:30,2012-06-04,train,1007_5
1008,391,80,Building,40.74828059076867,-73.98556262254715,2012-06-08 13:54:48,2012-06-04,train,1008_4
1008,624,122,Plaza,40.75875624280933,-73.97866122153226,2012-06-08 15:05:08,2012-06-04,train,1008_4
1009,3741,266,Bus Station,40.85425383836847,-73.96673463726128,2012-06-04 09:05:51,2012-06-04,train,1009_4
1009,1264,26,Drugstore / Pharmacy,40.77943748615269,-73.97724361523622,2012-06-04 09:55:18,2012-06-04,train,1009_4
1009,1264,26,Drugstore / Pharmacy,40.77943748615269,-73.97724361523622,2012-06-04 17:44:57,2012-06-04,train,1009_4
1009,3832,266,Bus Station,40.84853929878217,-73.93785065257472,2012-06-04 19:02:37,2012-06-04,train,1009_4
1009,3832,266,Bus Station,40.84853929878217,-73.93785065257472,2012-06-06 19:39:21,2012-06-04,train,1009_4
1009,2087,254,Department Store,40.91552327277213,-74.0573787689209,2012-06-06 20:47:43,2012-06-04,train,1009_4
1009,2200,47,Bar,40.88591811661693,-74.01265767828109,2012-06-06 21:11:32,2012-06-04,train,1009_4
1009,2200,47,Bar,40.88591811661693,-74.01265767828109,2012-06-06 23:31:53,2012-06-04,train,1009_4
1009,2200,47,Bar,40.88591811661693,-74.01265767828109,2012-06-07 01:25:10,2012-06-04,train,1009_4
1009,4839,294,River,40.868138,-73.966478,2012-06-07 04:36:15,2012-06-04,train,1009_4
1009,4343,195,Molecular Gastronomy Restaurant,40.868112,-73.96659,2012-06-07 05:08:00,2012-06-04,train,1009_4
1009,4839,294,River,40.868138,-73.966478,2012-06-07 08:45:46,2012-06-04,train,1009_4
1009,1264,26,Drugstore / Pharmacy,40.77943748615269,-73.97724361523622,2012-06-07 11:43:31,2012-06-04,train,1009_4
1009,4343,195,Molecular Gastronomy Restaurant,40.868112,-73.96659,2012-06-07 19:53:20,2012-06-04,train,1009_4
1010,2879,171,College Academic Building,40.753464,-73.9908,2012-06-06 12:25:58,2012-06-04,train,1010_2
1010,4931,6,Home (private),40.67640029272973,-73.81249842275241,2012-06-06 19:15:53,2012-06-04,train,1010_2
1010,2879,171,College Academic Building,40.753464,-73.9908,2012-06-07 12:35:35,2012-06-04,train,1010_2
1010,4931,6,Home (private),40.67640029272973,-73.81249842275241,2012-06-07 16:38:47,2012-06-04,train,1010_2
1010,2879,171,College Academic Building,40.753464,-73.9908,2012-06-08 12:01:05,2012-06-04,train,1010_2
1010,4931,6,Home (private),40.67640029272973,-73.81249842275241,2012-06-08 16:11:36,2012-06-04,train,1010_2
1010,479,265,Mall,40.73405557647634,-73.87084722518921,2012-06-09 15:00:27,2012-06-04,train,1010_2
1010,2016,132,Fast Food Restaurant,40.76195099046608,-73.9836072921753,2012-06-10 02:31:27,2012-06-04,train,1010_2
1010,4931,6,Home (private),40.67640029272973,-73.81249842275241,2012-06-10 13:45:40,2012-06-04,train,1010_2
1011,1282,178,General College & University,40.67001796521196,-73.9442110101535,2012-06-04 10:16:08,2012-06-04,train,1011_7
1011,1046,42,Food & Drink Shop,40.67003926666667,-73.944317,2012-06-04 10:16:35,2012-06-04,train,1011_7
1011,3579,257,Road,40.66986585024688,-73.9448711436007,2012-06-04 10:16:51,2012-06-04,train,1011_7
1011,2838,301,Neighborhood,40.66911608150882,-73.94283771514893,2012-06-06 11:23:08,2012-06-04,train,1011_7
1011,1282,178,General College & University,40.67001796521196,-73.9442110101535,2012-06-06 22:34:42,2012-06-04,train,1011_7
1011,1046,42,Food & Drink Shop,40.67003926666667,-73.944317,2012-06-06 22:35:02,2012-06-04,train,1011_7
1011,4150,6,Home (private),40.66521166066117,-73.94186034276925,2012-06-06 22:35:38,2012-06-04,train,1011_7
1011,3579,257,Road,40.66986585024688,-73.9448711436007,2012-06-06 22:36:00,2012-06-04,train,1011_7
1011,1046,42,Food & Drink Shop,40.67003926666667,-73.944317,2012-06-07 10:08:57,2012-06-04,train,1011_7
1011,1282,178,General College & University,40.67001796521196,-73.9442110101535,2012-06-07 10:09:20,2012-06-04,train,1011_7
1011,4150,6,Home (private),40.66521166066117,-73.94186034276925,2012-06-07 10:09:38,2012-06-04,train,1011_7
1011,3579,257,Road,40.66986585024688,-73.9448711436007,2012-06-07 10:10:37,2012-06-04,train,1011_7
1011,2562,301,Neighborhood,40.71594005221216,-73.98682594299316,2012-06-07 16:29:48,2012-06-04,train,1011_7
1011,2562,301,Neighborhood,40.71594005221216,-73.98682594299316,2012-06-07 16:30:00,2012-06-04,train,1011_7
1011,845,88,Synagogue,40.66464162434732,-73.94570922281969,2012-06-07 20:45:34,2012-06-04,train,1011_7
1014,471,128,Bakery,40.73091,-74.002819,2012-06-06 18:37:45,2012-06-04,train,1014_5
1014,395,222,Coffee Shop,40.73328093633948,-74.00069877517724,2012-06-07 16:34:35,2012-06-04,train,1014_5
1014,471,128,Bakery,40.73091,-74.002819,2012-06-07 16:36:38,2012-06-04,train,1014_5
1014,471,128,Bakery,40.73091,-74.002819,2012-06-07 18:58:54,2012-06-04,train,1014_5
1014,471,128,Bakery,40.73091,-74.002819,2012-06-08 15:16:51,2012-06-04,train,1014_5
1014,3057,37,Bar,40.730887,-74.001079,2012-06-08 23:41:38,2012-06-04,train,1014_5
1014,471,128,Bakery,40.73091,-74.002819,2012-06-09 15:17:18,2012-06-04,train,1014_5
1014,471,128,Bakery,40.73091,-74.002819,2012-06-10 15:43:36,2012-06-04,train,1014_5
1014,1788,190,Salad Place,40.755352083329136,-73.98656845092773,2012-06-10 17:44:07,2012-06-04,train,1014_5
1014,478,146,Movie Theater,40.75699374459088,-73.98907899856567,2012-06-10 18:19:37,2012-06-04,train,1014_5
1015,1882,70,Train Station,40.935651,-73.902079,2012-06-10 10:03:49,2012-06-04,train,1015_1
1015,4183,298,Travel Lounge,40.75094716932898,-73.99364014684153,2012-06-10 10:31:32,2012-06-04,train,1015_1
1015,4183,298,Travel Lounge,40.75094716932898,-73.99364014684153,2012-06-10 19:53:38,2012-06-04,train,1015_1
1015,357,70,Train Station,40.750794799423865,-73.99357639021292,2012-06-10 19:54:02,2012-06-04,train,1015_1
1015,1882,70,Train Station,40.935651,-73.902079,2012-06-10 21:13:40,2012-06-04,train,1015_1
1016,234,121,Park,40.74218830848454,-73.98792418909154,2012-06-06 13:51:02,2012-06-04,train,1016_6
1016,523,47,Bar,40.73429763507372,-74.00621350620632,2012-06-07 02:44:13,2012-06-04,train,1016_6
1016,232,121,Park,40.73083612189599,-73.99764060974121,2012-06-07 21:01:53,2012-06-04,train,1016_6
1017,2170,163,Medical Center,40.95672907623208,-74.06300067901611,2012-06-04 08:14:47,2012-06-04,train,1017_9
1017,2536,42,Food & Drink Shop,40.87908693430124,-74.08500908544775,2012-06-04 17:45:31,2012-06-04,train,1017_9
1017,2170,163,Medical Center,40.95672907623208,-74.06300067901611,2012-06-05 08:13:59,2012-06-04,train,1017_9
1017,2170,163,Medical Center,40.95672907623208,-74.06300067901611,2012-06-06 08:30:17,2012-06-04,train,1017_9
1017,2877,236,Playground,40.951770179049326,-74.05961036682129,2012-06-06 12:20:01,2012-06-04,train,1017_9
1017,2170,163,Medical Center,40.95672907623208,-74.06300067901611,2012-06-06 12:55:15,2012-06-04,train,1017_9
1017,2245,42,Food & Drink Shop,40.87828303779774,-74.0657901763916,2012-06-06 17:42:44,2012-06-04,train,1017_9
1017,1127,254,Department Store,40.7926289275032,-74.04188632965088,2012-06-09 10:57:49,2012-06-04,train,1017_9
1017,2245,42,Food & Drink Shop,40.87828303779774,-74.0657901763916,2012-06-09 12:20:54,2012-06-04,train,1017_9
1018,4130,37,Bar,40.75599818752485,-73.99114966392517,2012-06-06 22:20:54,2012-06-04,train,1018_3
1018,976,191,Latin American Restaurant,40.764217,-73.988321,2012-06-10 01:45:18,2012-06-04,train,1018_3
1018,4967,220,BBQ Joint,40.7418112381317,-73.98826278972687,2012-06-10 16:43:04,2012-06-04,train,1018_3
1019,3126,257,Road,40.7348101794944,-74.05918926597961,2012-06-04 08:03:57,2012-06-04,train,1019_9
1019,3218,61,Office,40.86849913440985,-74.04021263122559,2012-06-04 08:38:32,2012-06-04,train,1019_9
1019,2749,61,Office,40.91085000393453,-74.03146676029525,2012-06-04 08:54:06,2012-06-04,train,1019_9
1019,2749,61,Office,40.91085000393453,-74.03146676029525,2012-06-04 18:03:19,2012-06-04,train,1019_9
1019,492,37,Bar,40.722839538401246,-74.04749719603645,2012-06-04 21:05:24,2012-06-04,train,1019_9
1019,4945,6,Home (private),40.72966216538398,-74.04763775758458,2012-06-04 23:05:16,2012-06-04,train,1019_9
1019,3126,257,Road,40.7348101794944,-74.05918926597961,2012-06-05 08:07:50,2012-06-04,train,1019_9
1019,3218,61,Office,40.86849913440985,-74.04021263122559,2012-06-05 08:34:16,2012-06-04,train,1019_9
1019,2749,61,Office,40.91085000393453,-74.03146676029525,2012-06-05 08:45:10,2012-06-04,train,1019_9
1019,2749,61,Office,40.91085000393453,-74.03146676029525,2012-06-06 08:24:32,2012-06-04,train,1019_9
1019,1253,256,Furniture / Home Store,40.924059944774754,-74.07398700714111,2012-06-06 14:14:06,2012-06-04,train,1019_9
1019,4945,6,Home (private),40.72966216538398,-74.04763775758458,2012-06-06 18:35:48,2012-06-04,train,1019_9
1019,492,37,Bar,40.722839538401246,-74.04749719603645,2012-06-06 21:00:31,2012-06-04,train,1019_9
1019,975,39,Beer Garden,40.71520900487956,-74.04685897537672,2012-06-06 21:33:46,2012-06-04,train,1019_9
1019,4945,6,Home (private),40.72966216538398,-74.04763775758458,2012-06-07 07:49:25,2012-06-04,train,1019_9
1019,3218,61,Office,40.86849913440985,-74.04021263122559,2012-06-08 08:26:43,2012-06-04,train,1019_9
1019,2749,61,Office,40.91085000393453,-74.03146676029525,2012-06-08 09:26:43,2012-06-04,train,1019_9
1019,2783,135,Post Office,40.91208026128519,-74.03641258647711,2012-06-08 13:27:29,2012-06-04,train,1019_9
1019,2749,61,Office,40.91085000393453,-74.03146676029525,2012-06-08 16:07:48,2012-06-04,train,1019_9
1019,492,37,Bar,40.722839538401246,-74.04749719603645,2012-06-09 00:08:44,2012-06-04,train,1019_9
1019,1645,70,Train Station,40.73606359173575,-74.02938723564148,2012-06-09 16:05:58,2012-06-04,train,1019_9
1019,1303,70,Train Station,40.73929092246981,-74.15574073791504,2012-06-09 19:29:24,2012-06-04,train,1019_9
1019,1612,70,Train Station,40.73412061435751,-74.16445255279541,2012-06-09 19:39:13,2012-06-04,train,1019_9
1019,4945,6,Home (private),40.72966216538398,-74.04763775758458,2012-06-10 02:00:38,2012-06-04,train,1019_9
1019,4945,6,Home (private),40.72966216538398,-74.04763775758458,2012-06-10 13:36:50,2012-06-04,train,1019_9
1019,492,37,Bar,40.722839538401246,-74.04749719603645,2012-06-10 23:46:10,2012-06-04,train,1019_9
1024,319,258,Food & Drink Shop,40.67685118834076,-73.98010177430896,2012-06-07 13:30:36,2012-06-04,train,1024_6
1024,2447,12,Gym / Fitness Center,40.672343009967385,-73.97023578047424,2012-06-10 09:12:47,2012-06-04,train,1024_6
1024,1011,314,Gym / Fitness Center,40.67956402987482,-73.98416519165039,2012-06-10 19:47:39,2012-06-04,train,1024_6
1025,4044,6,Home (private),40.761942896511016,-73.78896894871082,2012-06-04 07:40:51,2012-06-04,train,1025_9
1025,1631,70,Train Station,40.75160842933071,-73.85540552119485,2012-06-04 08:09:33,2012-06-04,train,1025_9
1025,1858,264,Subway,40.746639222374434,-73.94554138183594,2012-06-04 19:06:03,2012-06-04,train,1025_9
1025,1515,264,Subway,40.75047562272483,-73.94028425216675,2012-06-04 19:06:19,2012-06-04,train,1025_9
1025,702,157,Stadium,40.75645736467708,-73.8460636138916,2012-06-05 08:06:26,2012-06-04,train,1025_9
1025,2334,264,Subway,40.75460438258571,-73.84554862976074,2012-06-05 08:06:44,2012-06-04,train,1025_9
1025,1631,70,Train Station,40.75160842933071,-73.85540552119485,2012-06-05 08:08:41,2012-06-04,train,1025_9
1025,2719,70,Train Station,40.74982540095488,-73.8627576828003,2012-06-05 08:10:33,2012-06-04,train,1025_9
1025,2121,264,Subway,40.74914266125337,-73.86958122253418,2012-06-05 08:11:58,2012-06-04,train,1025_9
1025,4044,6,Home (private),40.761942896511016,-73.78896894871082,2012-06-06 07:39:11,2012-06-04,train,1025_9
1025,2334,264,Subway,40.75460438258571,-73.84554862976074,2012-06-06 08:08:20,2012-06-04,train,1025_9
1025,1631,70,Train Station,40.75160842933071,-73.85540552119485,2012-06-06 08:08:31,2012-06-04,train,1025_9
1025,2720,61,Office,40.70762386678751,-74.00798094099952,2012-06-06 09:14:45,2012-06-04,train,1025_9
1025,3098,80,Building,40.70762708321482,-74.00797520260129,2012-06-06 09:15:00,2012-06-04,train,1025_9
1025,2340,102,American Restaurant,40.707677,-74.0081495,2012-06-06 14:45:31,2012-06-04,train,1025_9
1025,3098,80,Building,40.70762708321482,-74.00797520260129,2012-06-06 14:45:50,2012-06-04,train,1025_9
1025,2720,61,Office,40.70762386678751,-74.00798094099952,2012-06-06 14:46:03,2012-06-04,train,1025_9
1025,1858,264,Subway,40.746639222374434,-73.94554138183594,2012-06-06 18:28:48,2012-06-04,train,1025_9
1025,1515,264,Subway,40.75047562272483,-73.94028425216675,2012-06-06 18:29:46,2012-06-04,train,1025_9
1025,2334,264,Subway,40.75460438258571,-73.84554862976074,2012-06-06 18:49:05,2012-06-04,train,1025_9
1025,2824,270,Parking,40.75466940037547,-73.84812355041504,2012-06-06 18:49:25,2012-06-04,train,1025_9
1025,4044,6,Home (private),40.761942896511016,-73.78896894871082,2012-06-06 19:34:59,2012-06-04,train,1025_9
1025,1631,70,Train Station,40.75160842933071,-73.85540552119485,2012-06-07 08:08:24,2012-06-04,train,1025_9
1025,2121,264,Subway,40.74914266125337,-73.86958122253418,2012-06-07 08:11:22,2012-06-04,train,1025_9
1025,1919,264,Subway,40.74559767243396,-73.90328983226816,2012-06-07 08:19:15,2012-06-04,train,1025_9
1025,2340,102,American Restaurant,40.707677,-74.0081495,2012-06-07 15:03:47,2012-06-04,train,1025_9
1025,2720,61,Office,40.70762386678751,-74.00798094099952,2012-06-07 15:04:10,2012-06-04,train,1025_9
1025,3098,80,Building,40.70762708321482,-74.00797520260129,2012-06-07 15:04:53,2012-06-04,train,1025_9
1025,1858,264,Subway,40.746639222374434,-73.94554138183594,2012-06-07 18:29:40,2012-06-04,train,1025_9
1025,2334,264,Subway,40.75460438258571,-73.84554862976074,2012-06-08 08:14:26,2012-06-04,train,1025_9
1025,2121,264,Subway,40.74914266125337,-73.86958122253418,2012-06-08 08:16:39,2012-06-04,train,1025_9
1025,1515,264,Subway,40.75047562272483,-73.94028425216675,2012-06-08 08:24:28,2012-06-04,train,1025_9
1025,1858,264,Subway,40.746639222374434,-73.94554138183594,2012-06-08 08:28:42,2012-06-04,train,1025_9
1025,2340,102,American Restaurant,40.707677,-74.0081495,2012-06-08 13:19:12,2012-06-04,train,1025_9
1025,3098,80,Building,40.70762708321482,-74.00797520260129,2012-06-08 13:19:40,2012-06-04,train,1025_9
1025,2720,61,Office,40.70762386678751,-74.00798094099952,2012-06-08 13:19:57,2012-06-04,train,1025_9
1025,1515,264,Subway,40.75047562272483,-73.94028425216675,2012-06-08 18:29:29,2012-06-04,train,1025_9
1025,1919,264,Subway,40.74559767243396,-73.90328983226816,2012-06-08 18:34:58,2012-06-04,train,1025_9
1025,3595,6,Home (private),40.7802560257806,-73.84778739924586,2012-06-09 00:05:18,2012-06-04,train,1025_9
1025,4044,6,Home (private),40.761942896511016,-73.78896894871082,2012-06-10 08:39:12,2012-06-04,train,1025_9
1025,3415,83,Church,40.76496230042084,-73.76900750367312,2012-06-10 11:23:21,2012-06-04,train,1025_9
1025,4044,6,Home (private),40.761942896511016,-73.78896894871082,2012-06-10 14:02:33,2012-06-04,train,1025_9
1025,3595,6,Home (private),40.7802560257806,-73.84778739924586,2012-06-10 16:20:46,2012-06-04,train,1025_9
1025,4044,6,Home (private),40.761942896511016,-73.78896894871082,2012-06-10 17:34:27,2012-06-04,train,1025_9
1027,3197,6,Home (private),40.86107855194721,-73.93010370763155,2012-06-04 08:23:22,2012-06-04,train,1027_9
1027,1733,264,Subway,40.75650612666626,-73.98802757263184,2012-06-04 08:53:38,2012-06-04,train,1027_9
1027,2272,264,Subway,40.7076499004761,-74.01398787772996,2012-06-04 18:17:39,2012-06-04,train,1027_9
1027,1758,264,Subway,40.85541922129015,-73.92921209335327,2012-06-04 20:59:29,2012-06-04,train,1027_9
1027,3197,6,Home (private),40.86107855194721,-73.93010370763155,2012-06-05 05:09:36,2012-06-04,train,1027_9
1027,2029,138,Gym / Fitness Center,40.86453987872689,-73.92629470350731,2012-06-05 05:13:20,2012-06-04,train,1027_9
1027,1728,264,Subway,40.85895411971588,-73.93261525573462,2012-06-05 07:41:51,2012-06-04,train,1027_9
1027,1733,264,Subway,40.75650612666626,-73.98802757263184,2012-06-05 08:26:49,2012-06-04,train,1027_9
1027,2135,26,Drugstore / Pharmacy,40.75418129107015,-73.98693707874614,2012-06-05 08:29:50,2012-06-04,train,1027_9
1027,4875,31,Bar,40.7538425238151,-73.98741915652569,2012-06-05 08:30:55,2012-06-04,train,1027_9
1027,1728,264,Subway,40.85895411971588,-73.93261525573462,2012-06-06 08:14:40,2012-06-04,train,1027_9
1027,4739,61,Office,40.7533563254318,-73.9873330712967,2012-06-06 09:06:04,2012-06-04,train,1027_9
1027,4739,61,Office,40.7533563254318,-73.9873330712967,2012-06-06 17:11:04,2012-06-04,train,1027_9
1027,1733,264,Subway,40.75650612666626,-73.98802757263184,2012-06-06 17:12:04,2012-06-04,train,1027_9
1027,2272,264,Subway,40.7076499004761,-74.01398787772996,2012-06-06 17:28:07,2012-06-04,train,1027_9
1027,3871,61,Office,40.70593002166237,-74.01464884334328,2012-06-06 18:08:35,2012-06-04,train,1027_9
1027,2272,264,Subway,40.7076499004761,-74.01398787772996,2012-06-06 20:37:17,2012-06-04,train,1027_9
1027,1600,264,Subway,40.81554068461798,-73.95842347218186,2012-06-06 21:01:05,2012-06-04,train,1027_9
1027,1758,264,Subway,40.85541922129015,-73.92921209335327,2012-06-06 21:14:40,2012-06-04,train,1027_9
1027,3197,6,Home (private),40.86107855194721,-73.93010370763155,2012-06-07 06:14:14,2012-06-04,train,1027_9
1027,1728,264,Subway,40.85895411971588,-73.93261525573462,2012-06-07 08:05:52,2012-06-04,train,1027_9
1027,4875,31,Bar,40.7538425238151,-73.98741915652569,2012-06-07 08:38:33,2012-06-04,train,1027_9
1027,741,131,Café,40.75510830612326,-73.98612787403783,2012-06-07 14:58:32,2012-06-04,train,1027_9
1027,4739,61,Office,40.7533563254318,-73.9873330712967,2012-06-07 15:05:29,2012-06-04,train,1027_9
1027,1459,26,Drugstore / Pharmacy,40.75645382782042,-73.98297710832779,2012-06-07 18:42:21,2012-06-04,train,1027_9
1027,287,310,Concert Hall,40.75997657891215,-73.979579503434,2012-06-07 19:58:54,2012-06-04,train,1027_9
1027,2029,138,Gym / Fitness Center,40.86453987872689,-73.92629470350731,2012-06-09 12:37:29,2012-06-04,train,1027_9
1027,1260,102,American Restaurant,40.74359606276116,-73.99962565088384,2012-06-09 22:50:53,2012-06-04,train,1027_9
1027,1733,264,Subway,40.75650612666626,-73.98802757263184,2012-06-09 23:47:02,2012-06-04,train,1027_9
1027,4466,214,Bar,40.76000064275873,-73.99648189544678,2012-06-10 00:00:37,2012-06-04,train,1027_9
1027,527,42,Food & Drink Shop,40.723955,-73.991829,2012-06-10 10:50:04,2012-06-04,train,1027_9
1027,888,97,Diner,40.737604,-73.997361,2012-06-10 20:54:18,2012-06-04,train,1027_9
1029,4767,222,Coffee Shop,40.75870179473494,-73.97852921814837,2012-06-04 09:19:29,2012-06-04,train,1029_8
1029,4767,222,Coffee Shop,40.75870179473494,-73.97852921814837,2012-06-05 08:36:49,2012-06-04,train,1029_8
1029,4767,222,Coffee Shop,40.75870179473494,-73.97852921814837,2012-06-06 08:45:12,2012-06-04,train,1029_8
1029,1503,61,Office,40.75765508018656,-73.97559642394698,2012-06-06 08:55:29,2012-06-04,train,1029_8
1029,4767,222,Coffee Shop,40.75870179473494,-73.97852921814837,2012-06-07 08:16:13,2012-06-04,train,1029_8
1029,1503,61,Office,40.75765508018656,-73.97559642394698,2012-06-07 08:52:02,2012-06-04,train,1029_8
1029,4767,222,Coffee Shop,40.75870179473494,-73.97852921814837,2012-06-08 08:42:00,2012-06-04,train,1029_8
1029,1503,61,Office,40.75765508018656,-73.97559642394698,2012-06-08 08:51:48,2012-06-04,train,1029_8
1030,4508,137,Gym / Fitness Center,40.91395358961909,-74.04993549384812,2012-06-04 17:47:18,2012-06-04,train,1030_4
1030,1421,183,University,40.86075860452271,-74.19882774353027,2012-06-06 23:29:51,2012-06-04,train,1030_4
1030,1160,222,Coffee Shop,40.81309872799184,-73.98468554019928,2012-06-07 00:34:13,2012-06-04,train,1030_4
1030,2538,91,High School,40.94246719077515,-74.02115821838379,2012-06-07 17:10:28,2012-06-04,train,1030_4
1030,2569,98,Donut Shop,40.91845513831024,-73.99684238606413,2012-06-08 13:37:15,2012-06-04,train,1030_4
1030,3198,317,City,40.92376506001903,-73.99755972622535,2012-06-09 01:11:50,2012-06-04,train,1030_4
1030,3046,92,Asian Restaurant,40.85080247473708,-73.97054571467628,2012-06-09 01:45:22,2012-06-04,train,1030_4
1030,919,221,Bridge,40.85121557428245,-73.95206451416016,2012-06-09 01:47:18,2012-06-04,train,1030_4
1030,4174,301,Neighborhood,40.702753475357845,-73.7958999777051,2012-06-09 03:17:11,2012-06-04,train,1030_4
1031,2668,26,Drugstore / Pharmacy,40.69880621611384,-74.23142800968738,2012-06-06 22:41:33,2012-06-04,train,1031_9
1031,2528,137,Gym / Fitness Center,40.73504022128848,-74.16541730031499,2012-06-07 16:50:14,2012-06-04,train,1031_9
1031,2668,26,Drugstore / Pharmacy,40.69880621611384,-74.23142800968738,2012-06-09 15:50:47,2012-06-04,train,1031_9
1031,3237,129,Brazilian Restaurant,40.69843457,-74.232187,2012-06-10 18:47:27,2012-06-04,train,1031_9
1033,4428,301,Neighborhood,40.83991796598711,-73.87893676757812,2012-06-07 08:51:39,2012-06-04,train,1033_5
1033,4302,138,Gym / Fitness Center,40.85432363277056,-73.86778111008127,2012-06-08 09:10:09,2012-06-04,train,1033_5
1034,3006,61,Office,40.838915391622365,-74.18075406522664,2012-06-05 08:19:11,2012-06-04,train,1034_8
1034,3006,61,Office,40.838915391622365,-74.18075406522664,2012-06-06 10:15:25,2012-06-04,train,1034_8
1034,4643,131,Café,40.772902927786944,-74.18828724877552,2012-06-07 07:57:05,2012-06-04,train,1034_8
1034,3006,61,Office,40.838915391622365,-74.18075406522664,2012-06-07 08:47:07,2012-06-04,train,1034_8
1034,4643,131,Café,40.772902927786944,-74.18828724877552,2012-06-08 08:02:14,2012-06-04,train,1034_8
1034,3006,61,Office,40.838915391622365,-74.18075406522664,2012-06-08 09:02:25,2012-06-04,train,1034_8
1034,4133,281,Residential Building (Apartment / Condo),40.76926045164202,-74.1994431351561,2012-06-08 19:16:52,2012-06-04,train,1034_8
1034,4781,6,Home (private),40.78407280625795,-74.22380201337529,2012-06-08 21:06:15,2012-06-04,train,1034_8
1034,4133,281,Residential Building (Apartment / Condo),40.76926045164202,-74.1994431351561,2012-06-09 03:43:17,2012-06-04,train,1034_8
1034,4133,281,Residential Building (Apartment / Condo),40.76926045164202,-74.1994431351561,2012-06-09 15:08:54,2012-06-04,train,1034_8
1034,2760,79,Hotel,40.769253995481485,-74.1994603328166,2012-06-09 17:42:06,2012-06-04,train,1034_8
1034,4133,281,Residential Building (Apartment / Condo),40.76926045164202,-74.1994431351561,2012-06-10 03:19:25,2012-06-04,train,1034_8
1034,4133,281,Residential Building (Apartment / Condo),40.76926045164202,-74.1994431351561,2012-06-10 16:36:01,2012-06-04,train,1034_8
1036,828,284,Historic Site,40.74130690856319,-73.98935794830322,2012-06-04 07:36:20,2012-06-04,train,1036_9
1036,1332,301,Neighborhood,40.741672705942285,-73.98928821086884,2012-06-04 07:36:40,2012-06-04,train,1036_9
1036,234,121,Park,40.74218830848454,-73.98792418909154,2012-06-04 07:37:37,2012-06-04,train,1036_9
1036,1436,61,Office,40.74156984760308,-73.98738472243872,2012-06-04 07:38:13,2012-06-04,train,1036_9
1036,1856,96,Deli / Bodega,40.741778511511214,-73.98538179575334,2012-06-04 07:45:04,2012-06-04,train,1036_9
1036,828,284,Historic Site,40.74130690856319,-73.98935794830322,2012-06-05 07:39:18,2012-06-04,train,1036_9
1036,234,121,Park,40.74218830848454,-73.98792418909154,2012-06-05 07:39:34,2012-06-04,train,1036_9
1036,1332,301,Neighborhood,40.741672705942285,-73.98928821086884,2012-06-05 07:39:52,2012-06-04,train,1036_9
1036,1856,96,Deli / Bodega,40.741778511511214,-73.98538179575334,2012-06-05 07:45:04,2012-06-04,train,1036_9
1036,1856,96,Deli / Bodega,40.741778511511214,-73.98538179575334,2012-06-06 07:45:05,2012-06-04,train,1036_9
1036,828,284,Historic Site,40.74130690856319,-73.98935794830322,2012-06-07 07:37:59,2012-06-04,train,1036_9
1036,1856,96,Deli / Bodega,40.741778511511214,-73.98538179575334,2012-06-07 07:45:06,2012-06-04,train,1036_9
1036,1856,96,Deli / Bodega,40.741778511511214,-73.98538179575334,2012-06-08 07:45:04,2012-06-04,train,1036_9
1036,1332,301,Neighborhood,40.741672705942285,-73.98928821086884,2012-06-08 07:45:48,2012-06-04,train,1036_9
1036,234,121,Park,40.74218830848454,-73.98792418909154,2012-06-08 07:47:59,2012-06-04,train,1036_9
1036,1332,301,Neighborhood,40.741672705942285,-73.98928821086884,2012-06-10 16:23:58,2012-06-04,train,1036_9
1038,3468,61,Office,40.93729576668424,-73.96066201182619,2012-06-08 13:25:56,2012-06-04,train,1038_4
1038,2606,234,Athletic & Sport,40.971054,-73.95484791666667,2012-06-09 10:10:29,2012-06-04,train,1038_4
1039,4591,61,Office,40.74337624282437,-73.98483084377504,2012-06-04 09:58:15,2012-06-04,train,1039_9
1039,1121,96,Deli / Bodega,40.74349260764578,-73.98497432100493,2012-06-04 10:04:49,2012-06-04,train,1039_9
1039,4591,61,Office,40.74337624282437,-73.98483084377504,2012-06-05 09:47:39,2012-06-04,train,1039_9
1039,1121,96,Deli / Bodega,40.74349260764578,-73.98497432100493,2012-06-05 09:54:40,2012-06-04,train,1039_9
1039,4591,61,Office,40.74337624282437,-73.98483084377504,2012-06-06 09:40:17,2012-06-04,train,1039_9
1039,1121,96,Deli / Bodega,40.74349260764578,-73.98497432100493,2012-06-06 09:45:12,2012-06-04,train,1039_9
1039,4591,61,Office,40.74337624282437,-73.98483084377504,2012-06-08 09:40:24,2012-06-04,train,1039_9
1039,1121,96,Deli / Bodega,40.74349260764578,-73.98497432100493,2012-06-08 09:45:29,2012-06-04,train,1039_9
1039,625,122,Plaza,40.756489872673846,-73.98626804351807,2012-06-09 12:03:48,2012-06-04,train,1039_9
1039,233,147,Movie Theater,40.75699098241037,-73.98872764725327,2012-06-09 13:58:49,2012-06-04,train,1039_9
1039,2605,222,Coffee Shop,40.68454006475695,-73.97773719594208,2012-06-10 12:39:33,2012-06-04,train,1039_9
1041,3635,6,Home (private),40.785065635590186,-73.81249842275241,2012-06-04 22:48:46,2012-06-04,train,1041_9
1041,2903,254,Department Store,40.78257007402086,-73.83682057709747,2012-06-05 07:12:22,2012-06-04,train,1041_9
1041,3635,6,Home (private),40.785065635590186,-73.81249842275241,2012-06-06 19:06:05,2012-06-04,train,1041_9
1041,2078,105,Taco Place,40.75740452640951,-73.79349870362604,2012-06-06 19:30:45,2012-06-04,train,1041_9
1041,3635,6,Home (private),40.785065635590186,-73.81249842275241,2012-06-06 21:35:12,2012-06-04,train,1041_9
1041,2903,254,Department Store,40.78257007402086,-73.83682057709747,2012-06-07 10:41:02,2012-06-04,train,1041_9
1041,3635,6,Home (private),40.785065635590186,-73.81249842275241,2012-06-08 10:39:25,2012-06-04,train,1041_9
1041,3635,6,Home (private),40.785065635590186,-73.81249842275241,2012-06-08 17:51:55,2012-06-04,train,1041_9
1041,3634,6,Home (private),40.76025057189712,-73.77720316925277,2012-06-09 00:05:16,2012-06-04,train,1041_9
1041,3635,6,Home (private),40.785065635590186,-73.81249842275241,2012-06-09 00:36:01,2012-06-04,train,1041_9
1041,2903,254,Department Store,40.78257007402086,-73.83682057709747,2012-06-09 11:45:11,2012-06-04,train,1041_9
1041,3635,6,Home (private),40.785065635590186,-73.81249842275241,2012-06-10 13:35:27,2012-06-04,train,1041_9
1042,2979,264,Subway,40.6782621941429,-73.89171481132507,2012-06-04 04:25:47,2012-06-04,train,1042_9
1042,104,197,Sandwich Place,40.75187357799962,-73.9740800857544,2012-06-04 05:21:51,2012-06-04,train,1042_9
1042,2979,264,Subway,40.6782621941429,-73.89171481132507,2012-06-05 04:25:18,2012-06-04,train,1042_9
1042,104,197,Sandwich Place,40.75187357799962,-73.9740800857544,2012-06-05 05:42:13,2012-06-04,train,1042_9
1042,2979,264,Subway,40.6782621941429,-73.89171481132507,2012-06-06 04:25:28,2012-06-04,train,1042_9
1042,104,197,Sandwich Place,40.75187357799962,-73.9740800857544,2012-06-06 05:27:07,2012-06-04,train,1042_9
1042,2979,264,Subway,40.6782621941429,-73.89171481132507,2012-06-07 04:28:08,2012-06-04,train,1042_9
1042,104,197,Sandwich Place,40.75187357799962,-73.9740800857544,2012-06-07 05:40:04,2012-06-04,train,1042_9
1042,4662,281,Residential Building (Apartment / Condo),40.70742661894483,-73.96012246874868,2012-06-08 13:14:41,2012-06-04,train,1042_9
1043,736,222,Coffee Shop,40.74696599525917,-73.98107170216927,2012-06-04 08:21:31,2012-06-04,train,1043_6
1043,3795,275,Arts & Entertainment,40.7465648747259,-73.98202440761015,2012-06-04 08:29:05,2012-06-04,train,1043_6
1043,736,222,Coffee Shop,40.74696599525917,-73.98107170216927,2012-06-05 08:10:50,2012-06-04,train,1043_6
1043,3795,275,Arts & Entertainment,40.7465648747259,-73.98202440761015,2012-06-05 08:20:01,2012-06-04,train,1043_6
1043,736,222,Coffee Shop,40.74696599525917,-73.98107170216927,2012-06-06 08:15:16,2012-06-04,train,1043_6
1043,3795,275,Arts & Entertainment,40.7465648747259,-73.98202440761015,2012-06-06 08:24:15,2012-06-04,train,1043_6
1045,2457,61,Office,40.75139188118492,-73.98998447863148,2012-06-05 09:09:05,2012-06-04,train,1045_8
1045,2457,61,Office,40.75139188118492,-73.98998447863148,2012-06-06 08:33:41,2012-06-04,train,1045_8
1045,2457,61,Office,40.75139188118492,-73.98998447863148,2012-06-07 08:38:24,2012-06-04,train,1045_8
1045,3127,61,Office,40.75122371024344,-73.99055263258016,2012-06-07 11:18:50,2012-06-04,train,1045_8
1045,3971,102,American Restaurant,40.8684001,-73.9013328,2012-06-07 17:15:33,2012-06-04,train,1045_8
1045,3127,61,Office,40.75122371024344,-73.99055263258016,2012-06-08 07:07:00,2012-06-04,train,1045_8
1045,2457,61,Office,40.75139188118492,-73.98998447863148,2012-06-08 07:35:22,2012-06-04,train,1045_8
1045,1457,132,Fast Food Restaurant,40.75172001339673,-73.99286540351027,2012-06-08 12:02:23,2012-06-04,train,1045_8
1045,2457,61,Office,40.75139188118492,-73.98998447863148,2012-06-09 11:57:15,2012-06-04,train,1045_8
1045,3971,102,American Restaurant,40.8684001,-73.9013328,2012-06-10 11:08:03,2012-06-04,train,1045_8
1046,1028,137,Gym / Fitness Center,40.743854,-73.987898,2012-06-04 17:20:33,2012-06-04,train,1046_9
1046,3315,301,Neighborhood,40.76203225371199,-73.98515224456787,2012-06-04 22:34:53,2012-06-04,train,1046_9
1046,3315,301,Neighborhood,40.76203225371199,-73.98515224456787,2012-06-06 17:07:28,2012-06-04,train,1046_9
1046,1510,137,Gym / Fitness Center,40.75817622525516,-73.9703505709776,2012-06-06 17:21:58,2012-06-04,train,1046_9
1046,1028,137,Gym / Fitness Center,40.743854,-73.987898,2012-06-07 12:15:56,2012-06-04,train,1046_9
1046,904,84,Performing Arts Venue,40.74583423860072,-73.99327860034312,2012-06-08 18:53:10,2012-06-04,train,1046_9
1046,3315,301,Neighborhood,40.76203225371199,-73.98515224456787,2012-06-08 21:25:50,2012-06-04,train,1046_9
1046,1028,137,Gym / Fitness Center,40.743854,-73.987898,2012-06-09 10:30:52,2012-06-04,train,1046_9
1046,1108,124,Sculpture Garden,40.7740642122466,-73.97095799446106,2012-06-09 14:37:38,2012-06-04,train,1046_9
1046,3315,301,Neighborhood,40.76203225371199,-73.98515224456787,2012-06-10 12:45:41,2012-06-04,train,1046_9
1046,3315,301,Neighborhood,40.76203225371199,-73.98515224456787,2012-06-10 18:28:27,2012-06-04,train,1046_9
1046,3315,301,Neighborhood,40.76203225371199,-73.98515224456787,2012-06-10 23:24:53,2012-06-04,train,1046_9
1047,1544,197,Sandwich Place,40.706520408611205,-74.00476167255299,2012-06-06 12:53:37,2012-06-04,train,1047_8
1047,1153,96,Deli / Bodega,40.7074219738845,-74.00536421354879,2012-06-06 12:54:20,2012-06-04,train,1047_8
1047,1959,255,Flea Market,40.68526484582348,-73.97782328547032,2012-06-06 18:03:42,2012-06-04,train,1047_8
1047,423,70,Train Station,40.68456336807219,-73.97761667053776,2012-06-06 18:04:11,2012-06-04,train,1047_8
1047,1959,255,Flea Market,40.68526484582348,-73.97782328547032,2012-06-06 18:08:23,2012-06-04,train,1047_8
1047,4365,253,General Travel,40.67585235733669,-73.90315203598253,2012-06-06 18:38:03,2012-06-04,train,1047_8
1047,2155,70,Train Station,40.67559335141301,-73.9030122756958,2012-06-06 18:38:36,2012-06-04,train,1047_8
1050,1413,139,Medical Center,40.74307504719547,-74.00298846947285,2012-06-06 11:18:44,2012-06-04,train,1050_7
1050,288,288,Ferry,40.70145732419213,-74.01321428847186,2012-06-06 13:36:48,2012-06-04,train,1050_7
1050,3345,233,Other Great Outdoors,40.62450363370165,-74.08442974141343,2012-06-07 08:47:22,2012-06-04,train,1050_7
1050,3345,233,Other Great Outdoors,40.62450363370165,-74.08442974141343,2012-06-09 08:35:53,2012-06-04,train,1050_7
1050,3345,233,Other Great Outdoors,40.62450363370165,-74.08442974141343,2012-06-10 09:26:32,2012-06-04,train,1050_7
1052,381,121,Park,40.74485099404667,-73.9582872390747,2012-06-04 00:00:48,2012-06-04,train,1052_8
1052,2822,70,Train Station,40.741209362255695,-73.95635604858398,2012-06-04 00:05:01,2012-06-04,train,1052_8
1052,4362,231,Campground,40.67172008474036,-73.8066029548645,2012-06-04 00:22:34,2012-06-04,train,1052_8
1052,4882,245,General Entertainment,40.67178890039381,-73.80651578950645,2012-06-04 00:22:57,2012-06-04,train,1052_8
1052,3825,123,Scenic Lookout,40.82737511714582,-73.95293033028817,2012-06-04 23:36:39,2012-06-04,train,1052_8
1052,3988,121,Park,40.82710773530447,-73.95492211452685,2012-06-04 23:37:05,2012-06-04,train,1052_8
1052,884,121,Park,40.82540355725982,-73.95661354064941,2012-06-04 23:38:13,2012-06-04,train,1052_8
1052,1298,221,Bridge,40.82809886666084,-73.93391132354736,2012-06-04 23:54:31,2012-06-04,train,1052_8
1052,3836,281,Residential Building (Apartment / Condo),40.827749003889046,-73.85003008090051,2012-06-05 00:03:20,2012-06-04,train,1052_8
1052,2615,257,Road,40.815108415605984,-73.83662223815918,2012-06-05 00:05:12,2012-06-04,train,1052_8
1052,3128,73,Bus Station,40.67209207473571,-73.8066996080942,2012-06-05 00:32:30,2012-06-04,train,1052_8
1052,4362,231,Campground,40.67172008474036,-73.8066029548645,2012-06-05 00:32:49,2012-06-04,train,1052_8
1052,4882,245,General Entertainment,40.67178890039381,-73.80651578950645,2012-06-05 00:33:07,2012-06-04,train,1052_8
1052,4362,231,Campground,40.67172008474036,-73.8066029548645,2012-06-06 05:16:46,2012-06-04,train,1052_8
1052,4882,245,General Entertainment,40.67178890039381,-73.80651578950645,2012-06-06 05:17:06,2012-06-04,train,1052_8
1052,4184,264,Subway,40.69772338867188,-73.81159210205078,2012-06-06 13:44:30,2012-06-04,train,1052_8
1052,4797,71,Train Station,40.74739874050452,-73.93213304102109,2012-06-06 13:56:54,2012-06-04,train,1052_8
1052,4362,231,Campground,40.67172008474036,-73.8066029548645,2012-06-07 04:39:31,2012-06-04,train,1052_8
1052,4882,245,General Entertainment,40.67178890039381,-73.80651578950645,2012-06-07 04:40:00,2012-06-04,train,1052_8
1052,4115,81,Taxi,40.6717,-73.8066,2012-06-07 13:22:26,2012-06-04,train,1052_8
1052,4184,264,Subway,40.69772338867188,-73.81159210205078,2012-06-07 13:48:50,2012-06-04,train,1052_8
1052,3982,71,Train Station,40.70704310201472,-73.7785792350769,2012-06-07 13:49:20,2012-06-04,train,1052_8
1052,3856,301,Neighborhood,40.72540497175607,-73.83224487304688,2012-06-09 01:06:51,2012-06-04,train,1052_8
1052,4362,231,Campground,40.67172008474036,-73.8066029548645,2012-06-09 01:07:35,2012-06-04,train,1052_8
1052,4882,245,General Entertainment,40.67178890039381,-73.80651578950645,2012-06-09 01:08:13,2012-06-04,train,1052_8
1052,4362,231,Campground,40.67172008474036,-73.8066029548645,2012-06-09 18:21:07,2012-06-04,train,1052_8
1052,4244,301,Neighborhood,40.669929843442304,-73.81906986236572,2012-06-10 02:55:35,2012-06-04,train,1052_8
1052,3128,73,Bus Station,40.67209207473571,-73.8066996080942,2012-06-10 02:56:13,2012-06-04,train,1052_8
1052,4362,231,Campground,40.67172008474036,-73.8066029548645,2012-06-10 03:02:34,2012-06-04,train,1052_8
1052,4882,245,General Entertainment,40.67178890039381,-73.80651578950645,2012-06-10 03:02:50,2012-06-04,train,1052_8
1054,4195,6,Home (private),40.69321217941903,-73.93010370763156,2012-06-04 09:39:16,2012-06-04,train,1054_9
1054,4195,6,Home (private),40.69321217941903,-73.93010370763156,2012-06-04 23:09:14,2012-06-04,train,1054_9
1054,3041,6,Home (private),40.69321217941903,-73.93010370763156,2012-06-05 01:21:33,2012-06-04,train,1054_9
1054,4195,6,Home (private),40.69321217941903,-73.93010370763156,2012-06-05 07:03:53,2012-06-04,train,1054_9
1054,4350,73,Bus Station,40.69499419362704,-73.92605358844783,2012-06-06 14:45:39,2012-06-04,train,1054_9
1054,4195,6,Home (private),40.69321217941903,-73.93010370763156,2012-06-07 12:25:16,2012-06-04,train,1054_9
1054,2369,78,Library,40.69487002535463,-73.92808009379718,2012-06-07 20:13:01,2012-06-04,train,1054_9
1054,2103,264,Subway,40.6930853448663,-73.92848253250122,2012-06-08 12:46:26,2012-06-04,train,1054_9
1054,1367,264,Subway,40.712183695842434,-73.96777924730584,2012-06-08 12:56:09,2012-06-04,train,1054_9
1054,288,288,Ferry,40.70145732419213,-74.01321428847186,2012-06-08 13:37:18,2012-06-04,train,1054_9
1054,4325,70,Train Station,40.64321699164897,-74.07350420951843,2012-06-08 14:07:17,2012-06-04,train,1054_9
1055,1735,264,Subway,40.70637212292321,-74.0095067024231,2012-06-05 08:55:25,2012-06-04,train,1055_5
1055,3477,203,Food Truck,40.74010382743943,-73.98965835571289,2012-06-07 14:30:22,2012-06-04,train,1055_5
1061,357,70,Train Station,40.750794799423865,-73.99357639021292,2012-06-04 07:02:24,2012-06-04,train,1061_8
1061,2120,63,Office,40.73949169785241,-73.98833739656621,2012-06-07 09:37:32,2012-06-04,train,1061_8
1061,3033,27,Italian Restaurant,40.73447774695927,-73.99210787367122,2012-06-07 19:00:55,2012-06-04,train,1061_8
1061,1910,197,Sandwich Place,40.740861,-73.987365,2012-06-08 13:43:16,2012-06-04,train,1061_8
1061,526,222,Coffee Shop,40.741136037741065,-73.9857892696372,2012-06-08 15:24:50,2012-06-04,train,1061_8
1061,508,92,Asian Restaurant,40.71797176372736,-73.99034029241238,2012-06-08 20:20:55,2012-06-04,train,1061_8
1061,1175,42,Food & Drink Shop,40.675409,-73.97786351666667,2012-06-09 14:12:20,2012-06-04,train,1061_8
1062,3398,180,College Academic Building,40.71140759208472,-74.00542733678141,2012-06-06 14:00:20,2012-06-04,train,1062_9
1062,1358,47,Bar,40.777423,-73.948947,2012-06-06 14:55:09,2012-06-04,train,1062_9
1062,3398,180,College Academic Building,40.71140759208472,-74.00542733678141,2012-06-07 14:00:24,2012-06-04,train,1062_9
1062,1358,47,Bar,40.777423,-73.948947,2012-06-07 14:55:11,2012-06-04,train,1062_9
1062,1358,47,Bar,40.777423,-73.948947,2012-06-08 14:55:11,2012-06-04,train,1062_9
1062,1358,47,Bar,40.777423,-73.948947,2012-06-09 14:55:07,2012-06-04,train,1062_9
1062,3398,180,College Academic Building,40.71140759208472,-74.00542733678141,2012-06-10 14:00:19,2012-06-04,train,1062_9
1063,670,137,Gym / Fitness Center,40.74618839286139,-73.98157101223633,2012-06-04 06:31:41,2012-06-04,train,1063_8
1063,670,137,Gym / Fitness Center,40.74618839286139,-73.98157101223633,2012-06-05 06:03:52,2012-06-04,train,1063_8
1063,670,137,Gym / Fitness Center,40.74618839286139,-73.98157101223633,2012-06-07 06:57:20,2012-06-04,train,1063_8
1064,891,201,Ice Cream Shop,40.74763188753914,-73.98638613123016,2012-06-06 13:06:20,2012-06-04,train,1064_6
1064,633,137,Gym / Fitness Center,40.73289,-73.99,2012-06-06 21:14:04,2012-06-04,train,1064_6
1064,891,201,Ice Cream Shop,40.74763188753914,-73.98638613123016,2012-06-07 11:50:08,2012-06-04,train,1064_6
1064,633,137,Gym / Fitness Center,40.73289,-73.99,2012-06-08 08:27:42,2012-06-04,train,1064_6
1064,232,121,Park,40.73083612189599,-73.99764060974121,2012-06-08 19:35:10,2012-06-04,train,1064_6
1064,633,137,Gym / Fitness Center,40.73289,-73.99,2012-06-09 10:10:25,2012-06-04,train,1064_6
1064,411,216,Tea Room,40.73046578912947,-73.98927858804879,2012-06-09 20:48:16,2012-06-04,train,1064_6
1064,231,93,Breakfast Spot,40.721294,-73.983994,2012-06-10 10:49:37,2012-06-04,train,1064_6
1064,633,137,Gym / Fitness Center,40.73289,-73.99,2012-06-10 17:16:08,2012-06-04,train,1064_6
1064,411,216,Tea Room,40.73046578912947,-73.98927858804879,2012-06-10 20:40:37,2012-06-04,train,1064_6
1065,2116,102,American Restaurant,40.82816381252365,-74.13900375366211,2012-06-06 21:32:56,2012-06-04,train,1065_2
1065,1863,35,Bookstore,40.8292029376781,-74.13943290710449,2012-06-08 15:25:00,2012-06-04,train,1065_2
1065,1069,70,Train Station,40.76147966168067,-74.07551050186157,2012-06-09 08:10:38,2012-06-04,train,1065_2
1065,357,70,Train Station,40.750794799423865,-73.99357639021292,2012-06-09 08:29:56,2012-06-04,train,1065_2
1065,1152,222,Coffee Shop,40.75171,-73.990295,2012-06-09 08:35:14,2012-06-04,train,1065_2
1065,3272,248,Toy / Game Store,40.75839932694621,-73.98532455096999,2012-06-09 12:07:34,2012-06-04,train,1065_2
1065,357,70,Train Station,40.750794799423865,-73.99357639021292,2012-06-09 13:32:18,2012-06-04,train,1065_2
1065,1069,70,Train Station,40.76147966168067,-74.07551050186157,2012-06-09 14:10:04,2012-06-04,train,1065_2
1068,788,138,Gym / Fitness Center,40.744372067717286,-73.99622260200258,2012-06-04 19:32:05,2012-06-04,train,1068_9
1068,2445,61,Office,40.74190869100568,-73.98925563221387,2012-06-05 09:27:26,2012-06-04,train,1068_9
1068,2445,61,Office,40.74190869100568,-73.98925563221387,2012-06-08 09:38:03,2012-06-04,train,1068_9
1068,489,7,Clothing Store,40.723546865121946,-73.99813359642076,2012-06-09 11:36:35,2012-06-04,train,1068_9
1068,1563,4,Gym / Fitness Center,40.74130690856319,-73.99004459381104,2012-06-09 13:27:34,2012-06-04,train,1068_9
1069,3932,139,Medical Center,40.88955858318924,-73.97570547188988,2012-06-04 09:14:48,2012-06-04,train,1069_7
1069,3769,8,Medical Center,40.88955564775923,-73.97585469529054,2012-06-04 09:14:56,2012-06-04,train,1069_7
1069,3932,139,Medical Center,40.88955858318924,-73.97570547188988,2012-06-05 09:27:52,2012-06-04,train,1069_7
1069,3769,8,Medical Center,40.88955564775923,-73.97585469529054,2012-06-05 09:28:08,2012-06-04,train,1069_7
1069,3769,8,Medical Center,40.88955564775923,-73.97585469529054,2012-06-06 10:27:17,2012-06-04,train,1069_7
1069,3932,139,Medical Center,40.88955858318924,-73.97570547188988,2012-06-06 10:27:27,2012-06-04,train,1069_7
1069,3249,91,High School,40.94360177170972,-73.99755477905273,2012-06-06 19:18:39,2012-06-04,train,1069_7
1069,4430,6,Home (private),40.94009178576504,-74.00063278107605,2012-06-06 23:07:46,2012-06-04,train,1069_7
1069,2713,6,Home (private),40.7625386814685,-74.00063278107605,2012-06-06 23:07:58,2012-06-04,train,1069_7
1069,2713,6,Home (private),40.7625386814685,-74.00063278107605,2012-06-07 20:12:01,2012-06-04,train,1069_7
1069,4430,6,Home (private),40.94009178576504,-74.00063278107605,2012-06-07 20:12:10,2012-06-04,train,1069_7
1069,3769,8,Medical Center,40.88955564775923,-73.97585469529054,2012-06-08 09:03:01,2012-06-04,train,1069_7
1069,3932,139,Medical Center,40.88955858318924,-73.97570547188988,2012-06-08 09:03:10,2012-06-04,train,1069_7
1069,4430,6,Home (private),40.94009178576504,-74.00063278107605,2012-06-08 19:46:51,2012-06-04,train,1069_7
1069,2713,6,Home (private),40.7625386814685,-74.00063278107605,2012-06-08 19:47:12,2012-06-04,train,1069_7
1070,1176,259,Hotel,40.75559589697087,-73.97380113601685,2012-06-04 09:28:22,2012-06-04,train,1070_9
1070,2261,259,Hotel,40.6656483292368,-73.78486996318186,2012-06-04 10:05:40,2012-06-04,train,1070_9
1070,4191,239,Airport,40.7646591385045,-73.86291136576304,2012-06-04 10:23:07,2012-06-04,train,1070_9
1070,1176,259,Hotel,40.75559589697087,-73.97380113601685,2012-06-05 08:48:38,2012-06-04,train,1070_9
1070,1176,259,Hotel,40.75559589697087,-73.97380113601685,2012-06-05 09:09:13,2012-06-04,train,1070_9
1070,2663,259,Hotel,40.667260667168485,-73.7982988357544,2012-06-05 09:26:31,2012-06-04,train,1070_9
1070,2261,259,Hotel,40.6656483292368,-73.78486996318186,2012-06-05 09:45:35,2012-06-04,train,1070_9
1070,4191,239,Airport,40.7646591385045,-73.86291136576304,2012-06-05 10:11:36,2012-06-04,train,1070_9
1070,2559,259,Hotel,40.752155221763225,-73.99148807430478,2012-06-05 11:09:43,2012-06-04,train,1070_9
1070,4512,259,Hotel,40.74954092693113,-73.97773325443268,2012-06-05 12:03:15,2012-06-04,train,1070_9
1070,1176,259,Hotel,40.75559589697087,-73.97380113601685,2012-06-07 09:18:49,2012-06-04,train,1070_9
1070,2663,259,Hotel,40.667260667168485,-73.7982988357544,2012-06-07 10:19:23,2012-06-04,train,1070_9
1070,2261,259,Hotel,40.6656483292368,-73.78486996318186,2012-06-07 10:53:10,2012-06-04,train,1070_9
1070,4191,239,Airport,40.7646591385045,-73.86291136576304,2012-06-07 10:54:33,2012-06-04,train,1070_9
1070,4512,259,Hotel,40.74954092693113,-73.97773325443268,2012-06-07 14:26:02,2012-06-04,train,1070_9
1070,1176,259,Hotel,40.75559589697087,-73.97380113601685,2012-06-08 07:26:43,2012-06-04,train,1070_9
1070,1176,259,Hotel,40.75559589697087,-73.97380113601685,2012-06-08 08:52:42,2012-06-04,train,1070_9
1070,1176,259,Hotel,40.75559589697087,-73.97380113601685,2012-06-08 10:16:20,2012-06-04,train,1070_9
1070,2261,259,Hotel,40.6656483292368,-73.78486996318186,2012-06-09 16:51:15,2012-06-04,train,1070_9
1070,2663,259,Hotel,40.667260667168485,-73.7982988357544,2012-06-09 17:00:40,2012-06-04,train,1070_9
1070,4191,239,Airport,40.7646591385045,-73.86291136576304,2012-06-09 19:40:05,2012-06-04,train,1070_9
1070,4512,259,Hotel,40.74954092693113,-73.97773325443268,2012-06-09 19:57:05,2012-06-04,train,1070_9
1070,4191,239,Airport,40.7646591385045,-73.86291136576304,2012-06-09 21:53:28,2012-06-04,train,1070_9
1070,2663,259,Hotel,40.667260667168485,-73.7982988357544,2012-06-09 22:03:58,2012-06-04,train,1070_9
1070,1176,259,Hotel,40.75559589697087,-73.97380113601685,2012-06-10 10:19:31,2012-06-04,train,1070_9
1070,2559,259,Hotel,40.74738739269349,-73.97645732707713,2012-06-10 11:45:53,2012-06-04,train,1070_9
1070,4512,259,Hotel,40.74954092693113,-73.97773325443268,2012-06-10 12:13:05,2012-06-04,train,1070_9
1070,4512,259,Hotel,40.74954092693113,-73.97773325443268,2012-06-10 14:13:34,2012-06-04,train,1070_9
1071,1572,35,Bookstore,40.73839925448939,-73.99183814641529,2012-06-04 09:48:50,2012-06-04,train,1071_4
1071,1515,264,Subway,40.75047562272483,-73.94028425216675,2012-06-06 09:12:30,2012-06-04,train,1071_4
1071,192,121,Park,40.73528249691621,-73.99040315158283,2012-06-06 09:33:42,2012-06-04,train,1071_4
1071,3358,138,Gym / Fitness Center,40.72800542208163,-73.99348519842566,2012-06-06 16:05:31,2012-06-04,train,1071_4
1071,2586,197,Sandwich Place,40.72495970633984,-73.9949887666545,2012-06-06 17:51:40,2012-06-04,train,1071_4
1071,1277,78,Library,40.72421063875112,-73.99553968946574,2012-06-07 15:23:33,2012-06-04,train,1071_4
1071,3358,138,Gym / Fitness Center,40.72800542208163,-73.99348519842566,2012-06-07 16:46:02,2012-06-04,train,1071_4
1071,105,202,Pizza Place,40.7264680648502,-73.99565979838371,2012-06-07 18:00:57,2012-06-04,train,1071_4
1071,288,288,Ferry,40.70145732419213,-74.01321428847186,2012-06-08 17:19:41,2012-06-04,train,1071_4
1072,3743,90,School,40.60266308334217,-73.97209537820379,2012-06-04 08:35:40,2012-06-04,train,1072_9
1072,1945,141,Bagel Shop,40.58802,-73.953244,2012-06-04 08:48:44,2012-06-04,train,1072_9
1072,2115,26,Drugstore / Pharmacy,40.60586316648548,-73.98481362650024,2012-06-04 18:03:34,2012-06-04,train,1072_9
1072,3880,6,Home (private),40.610828321124906,-73.97712595918333,2012-06-04 23:02:08,2012-06-04,train,1072_9
1072,1928,222,Coffee Shop,40.619196108296535,-73.99012221307656,2012-06-05 08:52:36,2012-06-04,train,1072_9
1072,3743,90,School,40.60266308334217,-73.97209537820379,2012-06-06 09:25:52,2012-06-04,train,1072_9
1072,3880,6,Home (private),40.610828321124906,-73.97712595918333,2012-06-06 09:26:10,2012-06-04,train,1072_9
1072,1928,222,Coffee Shop,40.619196108296535,-73.99012221307656,2012-06-06 10:48:35,2012-06-04,train,1072_9
1072,3408,196,Restaurant,40.59660630181478,-73.97727231182357,2012-06-06 11:08:34,2012-06-04,train,1072_9
1072,3743,90,School,40.60266308334217,-73.97209537820379,2012-06-06 14:52:59,2012-06-04,train,1072_9
1072,1928,222,Coffee Shop,40.619196108296535,-73.99012221307656,2012-06-07 09:20:16,2012-06-04,train,1072_9
1072,1928,222,Coffee Shop,40.619196108296535,-73.99012221307656,2012-06-08 08:26:31,2012-06-04,train,1072_9
1072,1832,42,Food & Drink Shop,40.582704252811,-73.98557118513084,2012-06-08 11:35:12,2012-06-04,train,1072_9
1072,862,147,Movie Theater,40.58606020705239,-73.92983436584473,2012-06-08 15:14:14,2012-06-04,train,1072_9
1072,2095,42,Food & Drink Shop,40.58992604665748,-73.95230466471841,2012-06-09 11:21:29,2012-06-04,train,1072_9
1072,767,222,Coffee Shop,40.69467289675027,-73.99408203608046,2012-06-09 14:35:49,2012-06-04,train,1072_9
1073,3902,281,Residential Building (Apartment / Condo),40.5981113,-73.93832782,2012-06-08 22:45:31,2012-06-04,train,1073_4
1073,2642,42,Food & Drink Shop,40.6497376836613,-73.88913649733915,2012-06-09 13:56:26,2012-06-04,train,1073_4
1073,3902,281,Residential Building (Apartment / Condo),40.5981113,-73.93832782,2012-06-10 13:41:09,2012-06-04,train,1073_4
1077,1887,128,Bakery,40.80887397382197,-74.19238049391119,2012-06-04 16:45:10,2012-06-04,train,1077_5
1077,1987,222,Coffee Shop,40.812038,-74.19436435,2012-06-05 01:44:36,2012-06-04,train,1077_5
1077,3203,253,General Travel,40.816172808256034,-74.21467390181635,2012-06-05 09:48:48,2012-06-04,train,1077_5
1077,3203,253,General Travel,40.816172808256034,-74.21467390181635,2012-06-07 07:16:57,2012-06-04,train,1077_5
1077,1987,222,Coffee Shop,40.812038,-74.19436435,2012-06-07 21:23:23,2012-06-04,train,1077_5
1077,3203,253,General Travel,40.816172808256034,-74.21467390181635,2012-06-08 07:25:16,2012-06-04,train,1077_5
1077,1876,37,Bar,40.817789,-74.211569013733,2012-06-08 13:02:41,2012-06-04,train,1077_5
1077,3203,253,General Travel,40.816172808256034,-74.21467390181635,2012-06-08 19:05:33,2012-06-04,train,1077_5
1077,1876,37,Bar,40.817789,-74.211569013733,2012-06-09 03:13:55,2012-06-04,train,1077_5
1077,3203,253,General Travel,40.816172808256034,-74.21467390181635,2012-06-09 03:16:32,2012-06-04,train,1077_5
1077,1987,222,Coffee Shop,40.812038,-74.19436435,2012-06-09 06:45:57,2012-06-04,train,1077_5
1079,4001,42,Food & Drink Shop,40.7783736214385,-73.95255722721059,2012-06-06 12:08:31,2012-06-04,train,1079_8
1079,1161,222,Coffee Shop,40.77624183727568,-73.94997418614841,2012-06-08 12:26:38,2012-06-04,train,1079_8
